scorer,,,harbers,harbers,harbers,harbers,harbers,harbers,harbers,harbers,harbers,harbers,harbers,harbers,harbers,harbers,harbers,harbers,harbers,harbers
bodyparts,,,Amount,Amount,Nose,Nose,Right eye,Right eye,Right corner of eye,Right corner of eye,Left eye,Left eye,Left corner of eye,Left corner of eye,Mouth,Mouth,Right corner of mouth,Right corner of mouth,Left corner of mouth,Left corner of mouth
coords,,,x,y,x,y,x,y,x,y,x,y,x,y,x,y,x,y,x,y
labeled-data,231215_T410_cal4_result_cropped,img0972.png,180.77040958146682,209.95371200836883,184.7631498874803,232.09527188717084,154.63610939665134,232.4582482786266,140.48003012987627,236.81396497609586,205.08982780900348,227.37657879824582,216.70507233558814,225.92467323242272,185.8520790618476,243.34754002229974,157.90289691975326,268.02993464129213,217.43102511849966,262.58528876945553
labeled-data,231215_T410_cal4_result_cropped,img1548.png,239.5725849973017,217.21323983748422,248.64699478369596,245.52539837103436,205.815780591915,233.18420106153815,190.20779575931687,232.09527188717084,249.00997117515175,234.999083018817,256.9954517871787,237.53991775900738,250.82485313243058,262.2223123779998,207.63066254919386,277.1043444276864,264.2549796162941,274.2005332960402
labeled-data,231215_T410_cal4_result_cropped,img1563.png,251.55080591534215,227.01360240679003,259.1733101359133,261.859335986544,218.88293068432276,245.1624219795786,202.54899306881308,242.6215872393882,259.5362865273691,247.34028032831318,,,262.44009765901524,282.1860139080672,216.70507233558814,286.9047069969922,,
labeled-data,231215_T410_cal4_result_cropped,img2087.png,219.24590707577852,209.22775922545728,227.2313876878055,229.55443714698043,187.3039846276707,229.91741353843622,171.69599979507254,229.91741353843622,,,,,231.22412799381897,243.34754002229974,192.38565410805148,266.9410054669248,247.19508921787286,263.3112415523671
labeled-data,231215_T410_cal4_result_cropped,img2375.png,142.29491208715513,234.27313023590546,141.56895930424358,261.859335986544,131.40562034348198,251.3330206343267,123.05716333999924,260.0444540292651,177.5036220583649,240.08075249919779,192.02267771659572,235.36205941027276,141.93193569569934,276.37839164477487,122.33121055708772,290.17149452009414,185.8520790618476,285.4528014311691
