scorer,DLC_resnet50_facial_directionDec27shuffle1_500000,DLC_resnet50_facial_directionDec27shuffle1_500000,DLC_resnet50_facial_directionDec27shuffle1_500000,DLC_resnet50_facial_directionDec27shuffle1_500000,DLC_resnet50_facial_directionDec27shuffle1_500000,DLC_resnet50_facial_directionDec27shuffle1_500000,DLC_resnet50_facial_directionDec27shuffle1_500000,DLC_resnet50_facial_directionDec27shuffle1_500000,DLC_resnet50_facial_directionDec27shuffle1_500000,DLC_resnet50_facial_directionDec27shuffle1_500000,DLC_resnet50_facial_directionDec27shuffle1_500000,DLC_resnet50_facial_directionDec27shuffle1_500000,DLC_resnet50_facial_directionDec27shuffle1_500000,DLC_resnet50_facial_directionDec27shuffle1_500000,DLC_resnet50_facial_directionDec27shuffle1_500000,DLC_resnet50_facial_directionDec27shuffle1_500000,DLC_resnet50_facial_directionDec27shuffle1_500000,DLC_resnet50_facial_directionDec27shuffle1_500000,DLC_resnet50_facial_directionDec27shuffle1_500000,DLC_resnet50_facial_directionDec27shuffle1_500000,DLC_resnet50_facial_directionDec27shuffle1_500000,DLC_resnet50_facial_directionDec27shuffle1_500000,DLC_resnet50_facial_directionDec27shuffle1_500000,DLC_resnet50_facial_directionDec27shuffle1_500000,DLC_resnet50_facial_directionDec27shuffle1_500000,DLC_resnet50_facial_directionDec27shuffle1_500000,DLC_resnet50_facial_directionDec27shuffle1_500000
bodyparts,Amount,Amount,Amount,Nose,Nose,Nose,Right eye,Right eye,Right eye,Right corner of eye,Right corner of eye,Right corner of eye,Left eye,Left eye,Left eye,Left corner of eye,Left corner of eye,Left corner of eye,Mouth,Mouth,Mouth,Right corner of mouth,Right corner of mouth,Right corner of mouth,Left corner of mouth,Left corner of mouth,Left corner of mouth
coords,x,y,likelihood,x,y,likelihood,x,y,likelihood,x,y,likelihood,x,y,likelihood,x,y,likelihood,x,y,likelihood,x,y,likelihood,x,y,likelihood
0,187.97080993652344,219.05340576171875,1.0,176.19273376464844,260.03936767578125,1.0,165.71292114257812,233.24594116210938,1.0,152.08456420898438,228.50729370117188,1.0,212.6949005126953,240.90341186523438,1.0,229.35169982910156,237.92227172851562,1.0,173.18434143066406,278.0570983886719,1.0,148.75177001953125,282.79498291015625,1.0,212.19801330566406,287.7662658691406,0.9999998807907104
1,187.7185821533203,218.03062438964844,1.0,177.65647888183594,258.9017333984375,1.0,165.4408721923828,232.4811248779297,1.0,151.92408752441406,227.7316436767578,1.0,212.22344970703125,240.09112548828125,1.0,228.99900817871094,237.99754333496094,1.0,173.0782012939453,277.8570861816406,1.0,149.0314483642578,282.69708251953125,1.0,212.20262145996094,287.7342224121094,0.9999998807907104
2,187.39389038085938,218.3517303466797,1.0,177.4937744140625,258.9308166503906,1.0,165.18788146972656,232.5219268798828,1.0,151.60646057128906,227.9394073486328,1.0,212.15957641601562,239.8346710205078,1.0,228.87147521972656,237.8107452392578,1.0,172.84164428710938,277.86016845703125,1.0,148.91079711914062,282.8311767578125,1.0,212.11993408203125,287.8176574707031,0.9999998807907104
3,187.09329223632812,218.3077392578125,1.0,177.2547149658203,259.0049743652344,1.0,165.10691833496094,232.78892517089844,1.0,151.522705078125,228.33021545410156,1.0,212.11865234375,240.0298614501953,1.0,228.52044677734375,238.08331298828125,1.0,172.8320770263672,277.9756774902344,1.0,148.4010009765625,283.1200866699219,1.0,211.79498291015625,288.1451721191406,0.9999998807907104
4,186.3641815185547,218.5016632080078,1.0,176.73646545410156,259.47698974609375,1.0,164.57061767578125,232.98609924316406,1.0,151.23870849609375,228.42408752441406,1.0,211.85279846191406,240.06573486328125,1.0,228.22662353515625,237.70425415039062,1.0,172.71109008789062,277.8319091796875,1.0,147.78826904296875,283.0553894042969,1.0,211.85226440429688,288.1207580566406,1.0
5,185.6938018798828,218.46702575683594,1.0,176.48614501953125,259.7524108886719,1.0,164.2894287109375,233.19769287109375,1.0,150.8852996826172,228.59938049316406,1.0,211.29217529296875,240.17645263671875,1.0,227.75477600097656,237.90931701660156,1.0,172.56240844726562,277.9586181640625,1.0,147.60829162597656,283.1676025390625,1.0,211.957763671875,288.193115234375,0.9999998807907104
6,185.48086547851562,218.4553985595703,1.0,176.1970672607422,260.1223449707031,1.0,164.06268310546875,233.1740264892578,1.0,150.68215942382812,228.5757293701172,1.0,211.16387939453125,240.334716796875,1.0,227.62379455566406,237.92767333984375,1.0,171.779296875,277.869140625,1.0,147.18115234375,283.1439208984375,1.0,211.9741973876953,288.2115173339844,1.0
7,185.55006408691406,218.52809143066406,1.0,176.0744171142578,260.42596435546875,1.0,163.9998016357422,233.2284698486328,1.0,150.76193237304688,228.62939453125,1.0,211.21939086914062,240.4811553955078,1.0,226.8348846435547,237.30201721191406,1.0,171.7858123779297,277.8548889160156,1.0,146.9242706298828,283.10137939453125,1.0,212.2572021484375,288.2767639160156,1.0
8,190.00643920898438,217.6199493408203,1.0,177.89047241210938,258.289794921875,1.0,165.871337890625,231.01651000976562,1.0,151.47032165527344,227.6639404296875,1.0,214.23184204101562,239.1812744140625,1.0,230.52825927734375,237.77001953125,1.0,173.1712188720703,278.00384521484375,1.0,149.10720825195312,282.8816833496094,1.0,212.85519409179688,288.2659606933594,0.9999997615814209
9,194.13572692871094,215.6854248046875,1.0,181.8845977783203,256.1131591796875,1.0,169.23814392089844,228.56224060058594,1.0,154.9324951171875,225.72572326660156,1.0,217.1554718017578,237.01039123535156,1.0,233.13121032714844,236.4674072265625,1.0,176.1978302001953,276.57061767578125,1.0,152.21372985839844,280.7038879394531,1.0,214.77735900878906,287.6592102050781,0.9999997615814209
10,195.59779357910156,214.67347717285156,1.0,184.0647430419922,256.32183837890625,1.0,171.03616333007812,228.53411865234375,1.0,156.6293182373047,224.36570739746094,1.0,218.63522338867188,236.3446044921875,1.0,234.42137145996094,235.6181640625,1.0,179.09164428710938,276.76702880859375,1.0,153.83761596679688,280.59698486328125,1.0,216.20877075195312,287.63653564453125,0.9999998807907104
11,196.8345184326172,213.8067169189453,1.0,185.3208770751953,255.25869750976562,1.0,171.83900451660156,228.25526428222656,1.0,157.1337127685547,224.1769561767578,1.0,219.33062744140625,236.1170654296875,1.0,235.49855041503906,235.8148193359375,1.0,181.0426025390625,276.1847839355469,1.0,154.51719665527344,279.677001953125,1.0,217.7126007080078,287.02545166015625,0.9999998807907104
12,198.0389862060547,212.91114807128906,1.0,186.238525390625,254.6764678955078,1.0,172.9365692138672,227.53604125976562,1.0,157.483642578125,223.1339111328125,1.0,220.52992248535156,235.43417358398438,1.0,236.52041625976562,235.47308349609375,1.0,181.8547821044922,275.92791748046875,1.0,155.21849060058594,279.1513977050781,1.0,218.33749389648438,287.44183349609375,0.9999998807907104
13,199.1617431640625,212.21182250976562,1.0,188.20652770996094,252.7728271484375,1.0,174.3284149169922,227.03564453125,1.0,159.0673370361328,222.6722412109375,1.0,221.41400146484375,234.4088592529297,1.0,237.33848571777344,234.63043212890625,1.0,183.78021240234375,274.9258117675781,1.0,156.66015625,278.08782958984375,1.0,219.63632202148438,286.6413269042969,1.0
14,200.73654174804688,210.9861297607422,1.0,190.79469299316406,250.58782958984375,1.0,175.44459533691406,226.0795135498047,1.0,159.60504150390625,222.24508666992188,1.0,222.69692993164062,233.750732421875,1.0,238.552490234375,233.7790985107422,1.0,185.87527465820312,273.3674621582031,1.0,158.33267211914062,277.4292297363281,1.0,220.73013305664062,285.5114440917969,1.0
15,201.70169067382812,209.74278259277344,1.0,192.9285125732422,249.03424072265625,1.0,176.52664184570312,225.0721435546875,1.0,160.559326171875,222.16944885253906,1.0,224.1789093017578,233.25497436523438,1.0,239.4560546875,233.29798889160156,1.0,188.01341247558594,271.7840270996094,1.0,159.68771362304688,276.1168212890625,1.0,221.89022827148438,285.23876953125,1.0
16,203.09800720214844,208.3994598388672,1.0,194.31500244140625,248.36941528320312,1.0,177.55838012695312,223.84872436523438,1.0,162.0452423095703,222.00184631347656,1.0,224.97531127929688,232.6024932861328,1.0,240.1094207763672,232.6311492919922,1.0,189.1741943359375,270.8554992675781,1.0,161.45249938964844,275.3915100097656,1.0,221.9912872314453,284.3559265136719,1.0
17,204.11741638183594,208.20814514160156,1.0,195.18209838867188,248.17666625976562,1.0,178.46705627441406,224.2242431640625,1.0,163.0947723388672,221.77667236328125,1.0,225.71620178222656,232.5252685546875,1.0,240.8127899169922,232.36073303222656,1.0,189.9551544189453,270.3770446777344,1.0,162.69100952148438,275.10382080078125,1.0,222.69732666015625,284.2332458496094,1.0
18,204.81773376464844,208.1239471435547,1.0,196.39450073242188,247.45236206054688,1.0,179.10289001464844,223.7270050048828,1.0,163.42259216308594,221.3175048828125,1.0,226.0207977294922,232.33584594726562,1.0,241.17742919921875,232.3372802734375,1.0,190.69979858398438,270.29974365234375,1.0,163.39283752441406,274.6745300292969,1.0,222.9360809326172,283.9981384277344,1.0
19,205.61221313476562,207.93348693847656,1.0,196.37826538085938,247.88021850585938,1.0,180.09994506835938,223.66976928710938,1.0,164.26280212402344,220.67979431152344,1.0,226.4253387451172,232.0871124267578,1.0,241.2951202392578,231.99600219726562,1.0,191.3069610595703,270.0581359863281,1.0,163.80812072753906,274.4031066894531,1.0,223.1826629638672,283.858154296875,1.0
20,206.53350830078125,207.33462524414062,1.0,197.17977905273438,247.59042358398438,1.0,180.48619079589844,223.28631591796875,1.0,164.63308715820312,220.0693817138672,1.0,227.2522430419922,231.68653869628906,1.0,242.31224060058594,231.56089782714844,1.0,192.70729064941406,269.6646423339844,1.0,165.0376434326172,273.9667053222656,1.0,223.8876495361328,283.1517028808594,1.0
21,207.19422912597656,207.15731811523438,1.0,197.8973388671875,247.0883331298828,1.0,180.65835571289062,223.06497192382812,1.0,164.77769470214844,220.04812622070312,1.0,227.92112731933594,231.0575408935547,1.0,242.5614013671875,231.7135772705078,1.0,193.3604736328125,269.1991882324219,1.0,164.99508666992188,273.4267272949219,1.0,224.403564453125,282.901123046875,1.0
22,207.3547821044922,206.99557495117188,1.0,198.0930633544922,247.049560546875,1.0,180.6672821044922,222.8614959716797,1.0,164.77957153320312,219.71502685546875,1.0,227.93190002441406,231.0889892578125,1.0,242.54910278320312,231.6351776123047,1.0,193.48138427734375,268.9364318847656,1.0,165.05596923828125,273.05462646484375,1.0,224.73153686523438,282.47265625,1.0
23,207.94876098632812,206.92845153808594,1.0,198.4715576171875,246.77804565429688,1.0,180.80160522460938,222.8111114501953,1.0,164.9120330810547,219.47743225097656,1.0,228.49609375,231.1598663330078,1.0,243.0681915283203,231.6941375732422,1.0,193.49143981933594,268.5037841796875,1.0,165.4270782470703,272.45941162109375,1.0,225.22462463378906,282.29364013671875,1.0
24,208.67596435546875,206.71728515625,1.0,199.06605529785156,247.03472900390625,1.0,181.10659790039062,222.29116821289062,1.0,165.18133544921875,219.12803649902344,1.0,229.02508544921875,231.22373962402344,1.0,243.93312072753906,231.44931030273438,1.0,193.63360595703125,268.6890563964844,1.0,166.03538513183594,272.2212829589844,1.0,225.5069122314453,282.0526428222656,1.0
25,208.97579956054688,206.2007598876953,1.0,199.31494140625,246.38624572753906,1.0,181.72146606445312,222.1890411376953,1.0,165.7489776611328,218.6968231201172,1.0,229.35977172851562,231.14981079101562,1.0,244.8323211669922,231.42398071289062,1.0,193.88356018066406,268.5435485839844,1.0,166.2760467529297,271.7712707519531,1.0,225.3179931640625,281.9141540527344,1.0
26,210.13934326171875,205.79205322265625,1.0,199.19500732421875,245.54318237304688,1.0,182.5277862548828,220.7241973876953,1.0,166.364990234375,217.79689025878906,1.0,229.40367126464844,230.95555114746094,1.0,245.19070434570312,231.2278594970703,1.0,194.59100341796875,267.2170104980469,1.0,166.3790740966797,270.8017578125,1.0,225.10305786132812,281.89276123046875,1.0
27,211.11837768554688,205.6305694580078,1.0,199.20562744140625,244.60081481933594,1.0,183.83889770507812,220.1145477294922,1.0,167.45753479003906,216.64454650878906,1.0,229.9153289794922,231.15870666503906,1.0,245.5247039794922,231.2240447998047,1.0,194.09671020507812,266.1929626464844,1.0,165.98951721191406,270.2774353027344,1.0,225.1855010986328,281.8116149902344,1.0
28,211.1707000732422,205.77804565429688,1.0,199.34938049316406,244.25897216796875,1.0,183.97698974609375,219.8248748779297,1.0,167.9412841796875,216.49195861816406,1.0,229.85716247558594,231.11251831054688,1.0,246.08779907226562,230.73419189453125,1.0,194.18316650390625,266.2068786621094,1.0,166.06536865234375,270.1455383300781,1.0,225.51593017578125,281.6409912109375,1.0
29,211.31436157226562,205.57208251953125,1.0,199.2056884765625,244.1655731201172,1.0,184.11154174804688,219.58848571777344,1.0,167.74998474121094,216.124267578125,1.0,229.51417541503906,230.74868774414062,1.0,246.29762268066406,230.78817749023438,1.0,194.17230224609375,265.914794921875,1.0,166.33804321289062,269.553955078125,1.0,225.55113220214844,281.57208251953125,1.0
30,212.96559143066406,205.47024536132812,1.0,199.73875427246094,243.72665405273438,1.0,185.7587432861328,219.2223358154297,1.0,169.02574157714844,215.3961639404297,1.0,230.72218322753906,231.10997009277344,1.0,246.99803161621094,232.05897521972656,1.0,193.83050537109375,265.7674255371094,1.0,165.48048400878906,268.58123779296875,1.0,225.21603393554688,281.7812805175781,1.0
31,214.30165100097656,205.9973602294922,1.0,198.10057067871094,243.53353881835938,1.0,187.44155883789062,217.73573303222656,1.0,171.22654724121094,213.14271545410156,1.0,232.53900146484375,232.3387451171875,1.0,248.24356079101562,235.88455200195312,1.0,190.71493530273438,264.31072998046875,1.0,163.12677001953125,265.1065673828125,1.0,223.7327117919922,281.97637939453125,1.0
32,215.45120239257812,205.20912170410156,1.0,198.56739807128906,242.62579345703125,1.0,189.3669891357422,217.16796875,1.0,172.91015625,211.05877685546875,1.0,233.4591064453125,233.23916625976562,1.0,248.61903381347656,235.94546508789062,1.0,190.99986267089844,262.2552490234375,1.0,163.174072265625,263.8750305175781,1.0,222.79074096679688,282.1565856933594,1.0
33,216.11929321289062,205.03970336914062,1.0,198.9532470703125,242.75930786132812,1.0,190.0254364013672,217.53387451171875,1.0,173.56179809570312,211.05291748046875,1.0,234.11000061035156,233.36793518066406,1.0,249.06170654296875,236.1798553466797,1.0,191.81471252441406,262.01947021484375,1.0,163.46072387695312,263.9877624511719,1.0,223.4221954345703,282.16729736328125,1.0
34,216.1778564453125,204.73658752441406,1.0,199.18800354003906,242.52137756347656,1.0,190.12168884277344,217.4138946533203,1.0,173.8303985595703,211.1941680908203,1.0,234.37936401367188,233.47596740722656,1.0,249.4396209716797,236.35174560546875,1.0,191.90142822265625,262.3499450683594,1.0,163.59524536132812,263.73468017578125,1.0,223.47018432617188,282.2378234863281,1.0
35,216.53558349609375,204.91395568847656,1.0,199.61041259765625,242.4849090576172,1.0,190.29273986816406,217.41110229492188,1.0,173.9120330810547,211.19593811035156,1.0,234.6487274169922,233.50814819335938,1.0,249.83816528320312,236.55638122558594,1.0,192.31275939941406,262.3408203125,1.0,163.70396423339844,263.2921447753906,1.0,223.56622314453125,282.1752624511719,1.0
36,216.81588745117188,204.8377685546875,1.0,199.81747436523438,242.81015014648438,1.0,190.30087280273438,217.21432495117188,1.0,174.3981170654297,210.8623046875,1.0,234.8424072265625,233.40234375,1.0,250.1402587890625,236.90072631835938,1.0,192.4482421875,262.678955078125,1.0,164.08091735839844,263.4803466796875,1.0,223.80377197265625,282.36944580078125,1.0
37,217.26580810546875,204.57452392578125,1.0,200.0023651123047,242.5486602783203,1.0,190.81790161132812,217.2421112060547,1.0,174.68386840820312,211.02645874023438,1.0,235.0914306640625,233.3711700439453,1.0,250.2938690185547,236.88107299804688,1.0,192.64524841308594,262.3037109375,1.0,164.1553955078125,263.30322265625,1.0,224.01234436035156,282.1824645996094,1.0
38,217.16334533691406,204.39065551757812,1.0,199.91831970214844,242.10067749023438,1.0,190.9055633544922,217.23387145996094,1.0,174.71055603027344,210.93624877929688,1.0,235.0447235107422,233.3301544189453,1.0,250.29641723632812,236.96334838867188,1.0,193.03558349609375,261.73309326171875,1.0,164.47030639648438,263.2875671386719,1.0,223.89955139160156,281.9452819824219,1.0
39,217.6041259765625,204.4903106689453,1.0,200.49932861328125,241.7882537841797,1.0,191.4336700439453,216.80853271484375,1.0,175.3966522216797,210.51446533203125,1.0,235.5039825439453,233.3385772705078,1.0,250.71542358398438,237.0988006591797,1.0,193.32217407226562,261.7485046386719,1.0,164.79637145996094,263.09332275390625,1.0,223.91525268554688,281.96356201171875,1.0
40,218.4412841796875,204.5386199951172,1.0,200.69435119628906,240.4928741455078,1.0,192.7868194580078,215.296875,1.0,176.9454803466797,208.8991241455078,1.0,235.7804718017578,233.239013671875,1.0,251.36802673339844,237.4413299560547,1.0,193.33871459960938,260.2664489746094,1.0,164.4204864501953,262.1951904296875,1.0,223.77565002441406,281.7071838378906,1.0
41,219.67941284179688,204.07020568847656,1.0,201.8533477783203,239.67628479003906,1.0,194.11508178710938,214.3335418701172,1.0,178.41390991210938,207.03591918945312,1.0,236.1748504638672,233.10317993164062,1.0,251.87942504882812,237.53591918945312,1.0,193.5963897705078,260.1250305175781,1.0,164.150390625,259.7652282714844,1.0,223.6731719970703,281.46978759765625,1.0
42,221.120849609375,204.0986328125,1.0,202.6341094970703,238.788330078125,1.0,194.44677734375,213.62985229492188,1.0,178.9470977783203,206.89186096191406,1.0,237.582763671875,233.5142822265625,1.0,252.4470672607422,237.92254638671875,1.0,193.98548889160156,258.81048583984375,1.0,164.43923950195312,258.57403564453125,1.0,223.39407348632812,281.021728515625,1.0
43,221.46224975585938,203.92633056640625,1.0,202.8953399658203,238.9890899658203,1.0,194.83718872070312,213.58827209472656,1.0,179.99075317382812,206.24246215820312,1.0,237.70167541503906,233.4064483642578,1.0,252.80352783203125,237.97592163085938,1.0,193.88233947753906,258.1881408691406,1.0,164.53016662597656,258.0450134277344,1.0,223.1645965576172,280.9339904785156,1.0
44,221.55784606933594,203.94293212890625,1.0,203.24179077148438,238.80123901367188,1.0,194.780517578125,213.5102081298828,1.0,180.1045684814453,206.25729370117188,1.0,238.01254272460938,233.3878936767578,1.0,252.7023162841797,238.18431091308594,1.0,193.90013122558594,258.22235107421875,1.0,164.55458068847656,257.67803955078125,1.0,223.2654571533203,280.750732421875,1.0
45,222.14207458496094,203.85958862304688,1.0,203.271484375,238.7783660888672,1.0,195.14215087890625,213.3546142578125,1.0,180.53163146972656,205.50831604003906,1.0,238.3621063232422,233.55905151367188,1.0,252.77859497070312,238.84547424316406,1.0,194.1219482421875,257.91802978515625,1.0,164.77218627929688,257.70556640625,1.0,223.23146057128906,280.80291748046875,1.0
46,222.57432556152344,203.72703552246094,1.0,203.88246154785156,237.8157958984375,1.0,196.75843811035156,211.8382568359375,1.0,181.08102416992188,205.28176879882812,1.0,238.57669067382812,233.82936096191406,1.0,253.0386505126953,238.99478149414062,1.0,193.5343475341797,257.9168701171875,1.0,165.0556182861328,256.99609375,1.0,223.16018676757812,280.6962585449219,1.0
47,222.55780029296875,203.585693359375,1.0,203.57130432128906,237.20513916015625,1.0,196.3949737548828,211.82130432128906,1.0,181.2279815673828,204.94058227539062,1.0,238.74256896972656,234.22702026367188,1.0,253.23919677734375,239.1680450439453,1.0,193.00830078125,256.78546142578125,1.0,164.342041015625,255.7124481201172,1.0,223.0030517578125,280.4254455566406,1.0
48,223.16049194335938,202.63116455078125,1.0,203.4076385498047,237.04367065429688,1.0,197.2901153564453,211.3576202392578,1.0,181.3336639404297,205.06642150878906,1.0,239.15243530273438,234.15321350097656,1.0,253.33628845214844,239.21678161621094,1.0,192.67718505859375,256.7513732910156,1.0,164.10455322265625,255.5408935546875,1.0,222.64700317382812,279.9893798828125,1.0
49,222.94273376464844,202.36337280273438,1.0,203.55259704589844,236.81973266601562,1.0,196.4283905029297,211.69345092773438,1.0,181.4080352783203,205.0805206298828,1.0,239.14723205566406,233.99661254882812,1.0,253.0019073486328,239.17532348632812,1.0,192.47215270996094,256.4154357910156,1.0,164.12673950195312,255.21856689453125,1.0,222.72023010253906,279.7873840332031,1.0
50,223.2779083251953,202.47836303710938,1.0,203.6903076171875,237.0494384765625,1.0,196.76641845703125,211.72727966308594,1.0,182.0133056640625,204.72589111328125,1.0,239.33607482910156,234.227294921875,1.0,253.12982177734375,239.3292999267578,1.0,192.6948699951172,256.5273132324219,1.0,164.07797241210938,255.16160583496094,1.0,222.6741943359375,279.8363342285156,1.0
51,224.47653198242188,203.4830322265625,1.0,203.82810974121094,236.8489990234375,1.0,197.23312377929688,211.6907501220703,1.0,182.7788848876953,204.36422729492188,1.0,239.52268981933594,234.16592407226562,1.0,253.29476928710938,239.3070068359375,1.0,192.66586303710938,256.0584411621094,1.0,164.01150512695312,254.78504943847656,1.0,222.8170166015625,279.6256103515625,1.0
52,225.17811584472656,203.67311096191406,1.0,203.78436279296875,236.5150909423828,1.0,197.41641235351562,211.09619140625,1.0,183.19752502441406,204.4417724609375,1.0,239.5137939453125,234.37916564941406,1.0,253.48622131347656,239.64698791503906,1.0,192.53860473632812,254.93496704101562,1.0,163.7831268310547,254.16310119628906,1.0,222.72756958007812,279.69476318359375,1.0
53,225.23484802246094,203.8277587890625,1.0,203.7548370361328,236.16653442382812,1.0,197.65248107910156,211.0995635986328,1.0,183.32672119140625,204.3629913330078,1.0,239.52676391601562,234.2704620361328,1.0,253.5115966796875,239.449951171875,1.0,192.57200622558594,254.79161071777344,1.0,163.85809326171875,254.02728271484375,1.0,222.8047332763672,279.4981689453125,1.0
54,225.1875457763672,204.2383575439453,1.0,204.02000427246094,236.3384246826172,1.0,197.66305541992188,211.10633850097656,1.0,183.29649353027344,204.0701141357422,1.0,239.658935546875,234.304443359375,1.0,253.5913848876953,239.49314880371094,1.0,192.69129943847656,254.94479370117188,1.0,163.87908935546875,254.0891876220703,1.0,222.74403381347656,279.462646484375,1.0
55,225.0999298095703,204.2667999267578,1.0,204.33450317382812,236.36924743652344,1.0,197.53274536132812,211.23580932617188,1.0,183.42381286621094,204.16018676757812,1.0,239.6669158935547,234.41140747070312,1.0,253.69703674316406,239.5561981201172,1.0,193.03927612304688,255.2250213623047,1.0,164.15237426757812,253.93006896972656,1.0,222.83285522460938,279.5269470214844,1.0
56,225.02809143066406,204.13755798339844,1.0,204.45928955078125,236.46865844726562,1.0,197.4828643798828,211.18479919433594,1.0,183.33407592773438,204.2732391357422,1.0,239.8475799560547,234.5635986328125,1.0,253.58543395996094,239.64761352539062,1.0,193.08004760742188,255.2369842529297,1.0,164.01776123046875,253.63241577148438,1.0,222.71694946289062,279.3697204589844,1.0
57,231.7863006591797,204.57833862304688,0.9999997615814209,209.97874450683594,237.80125427246094,1.0,204.61485290527344,211.32342529296875,1.0,188.26449584960938,203.1950225830078,1.0,244.7708740234375,235.18240356445312,1.0,258.5521545410156,240.86822509765625,1.0,198.9570770263672,257.7372741699219,1.0,167.6896514892578,253.93829345703125,1.0,226.43609619140625,279.6640930175781,1.0
58,237.0500946044922,204.1009063720703,1.0,217.4631805419922,237.15367126464844,1.0,209.31451416015625,211.3326416015625,1.0,193.31028747558594,203.59075927734375,1.0,249.38514709472656,234.52783203125,1.0,263.10321044921875,240.51324462890625,1.0,208.3114776611328,255.8517608642578,1.0,175.8382110595703,254.1961212158203,1.0,233.10061645507812,278.5412292480469,1.0
59,239.05929565429688,203.18955993652344,1.0,220.75025939941406,237.0978240966797,1.0,210.76109313964844,211.0529022216797,1.0,194.86570739746094,203.98477172851562,1.0,250.94383239746094,234.2305908203125,1.0,264.3730773925781,240.85546875,1.0,211.46640014648438,255.8269500732422,1.0,178.6482696533203,254.02139282226562,1.0,235.68824768066406,278.360595703125,1.0
60,240.48703002929688,204.13259887695312,0.9999998807907104,223.15003967285156,237.07997131347656,1.0,211.32891845703125,210.9401397705078,1.0,195.505126953125,203.9406280517578,1.0,251.7061004638672,234.03778076171875,1.0,266.0973205566406,241.1608428955078,1.0,214.14273071289062,256.6212158203125,1.0,180.14389038085938,253.49375915527344,1.0,237.430908203125,278.83831787109375,1.0
61,242.5674285888672,204.97921752929688,1.0,226.0796356201172,237.4639129638672,1.0,212.9183807373047,211.19598388671875,1.0,197.0808563232422,204.27627563476562,1.0,253.26759338378906,234.73670959472656,1.0,267.2140808105469,241.55215454101562,1.0,216.2373046875,257.3266296386719,1.0,182.36451721191406,254.02224731445312,1.0,238.2633056640625,279.5871887207031,1.0
62,245.38796997070312,206.320068359375,1.0,230.3134307861328,238.25253295898438,1.0,216.52520751953125,211.68675231933594,1.0,200.13021850585938,205.60369873046875,1.0,255.32778930664062,236.07791137695312,1.0,269.48614501953125,242.7303466796875,1.0,220.44935607910156,258.14752197265625,1.0,186.48487854003906,255.710693359375,1.0,240.39939880371094,280.7962341308594,1.0
63,246.6702423095703,206.5609588623047,1.0,231.67892456054688,238.75648498535156,1.0,217.11734008789062,211.65365600585938,1.0,200.6450958251953,205.0022430419922,1.0,257.4727783203125,235.5941925048828,1.0,271.34075927734375,242.5157928466797,1.0,222.29725646972656,258.0666198730469,1.0,187.2507781982422,255.9718017578125,1.0,242.79100036621094,280.8860778808594,1.0
64,247.64288330078125,206.43934631347656,1.0,232.9734649658203,238.94354248046875,1.0,218.2084197998047,211.827880859375,1.0,201.59518432617188,205.02041625976562,1.0,258.1863098144531,235.6322479248047,1.0,271.5299377441406,242.35275268554688,1.0,224.10853576660156,258.57080078125,1.0,188.7359161376953,257.1158752441406,1.0,244.1931610107422,281.1356506347656,1.0
65,248.9126739501953,206.0898895263672,0.9999998807907104,233.61007690429688,238.63919067382812,1.0,218.1296844482422,211.64549255371094,1.0,201.9088897705078,205.16050720214844,1.0,258.714111328125,235.376708984375,1.0,272.2095031738281,242.19166564941406,1.0,225.32798767089844,258.04547119140625,1.0,189.33139038085938,256.9134216308594,1.0,244.8444061279297,281.384765625,1.0
66,249.07566833496094,206.02337646484375,0.9999997615814209,234.8770751953125,238.97830200195312,1.0,218.2646942138672,211.65675354003906,1.0,202.38800048828125,205.28179931640625,1.0,259.2995910644531,235.3773651123047,1.0,272.8691711425781,242.35865783691406,1.0,226.212890625,258.15777587890625,1.0,189.8362274169922,257.5438232421875,1.0,246.0181121826172,280.9767761230469,1.0
67,248.56126403808594,206.63880920410156,0.9999998807907104,236.09774780273438,239.15782165527344,1.0,217.32713317871094,211.51124572753906,1.0,202.34918212890625,205.5389404296875,1.0,260.1456604003906,235.33009338378906,1.0,273.3081359863281,242.33116149902344,1.0,227.6660919189453,260.67596435546875,1.0,191.31251525878906,258.2156066894531,1.0,247.6920928955078,280.7704772949219,1.0
68,248.58905029296875,204.25527954101562,1.0,239.0004119873047,238.86248779296875,1.0,217.4355926513672,212.19619750976562,1.0,200.9746856689453,207.1027374267578,1.0,261.2182922363281,231.67359924316406,1.0,272.9845275878906,236.96990966796875,1.0,231.9816131591797,260.0345153808594,1.0,193.95245361328125,260.890625,1.0,252.0527801513672,278.66845703125,1.0
69,248.885009765625,202.88861083984375,1.0,240.47103881835938,239.35671997070312,1.0,216.46205139160156,212.54681396484375,1.0,199.57986450195312,207.9792938232422,1.0,261.86956787109375,229.9584197998047,1.0,273.3987731933594,235.11021423339844,1.0,234.1003875732422,258.9499816894531,1.0,194.5808563232422,261.73388671875,1.0,254.98892211914062,277.56683349609375,1.0
70,249.0806884765625,201.7611846923828,1.0,242.04940795898438,238.65936279296875,1.0,216.8019561767578,212.39199829101562,1.0,199.88026428222656,208.3301544189453,1.0,262.4434509277344,229.17837524414062,1.0,273.8719787597656,234.11265563964844,1.0,235.4083709716797,258.6370544433594,1.0,195.2981719970703,261.82464599609375,1.0,255.65696716308594,277.028076171875,1.0
71,248.7611083984375,201.71847534179688,1.0,242.53160095214844,238.18740844726562,1.0,216.7451171875,212.2377166748047,1.0,199.45924377441406,208.33493041992188,1.0,262.8199462890625,228.6394805908203,1.0,274.1178894042969,234.00711059570312,1.0,236.37974548339844,259.05474853515625,1.0,196.04383850097656,261.73370361328125,1.0,255.90191650390625,276.9686584472656,1.0
72,248.75892639160156,202.19351196289062,1.0,242.8091583251953,238.25228881835938,1.0,218.1466827392578,212.6425018310547,1.0,199.88340759277344,208.59681701660156,1.0,263.1109924316406,228.7540283203125,1.0,274.3397521972656,233.9428253173828,1.0,237.0957489013672,258.9057922363281,1.0,196.70913696289062,262.4538269042969,1.0,256.7773132324219,276.7757568359375,1.0
73,249.49603271484375,201.06593322753906,1.0,243.4225616455078,239.67578125,1.0,217.4739532470703,212.85647583007812,1.0,199.2349853515625,209.04238891601562,1.0,263.12542724609375,228.00863647460938,1.0,274.5189208984375,233.43386840820312,1.0,238.5157470703125,258.79345703125,1.0,197.01239013671875,263.5545654296875,1.0,257.730224609375,276.57244873046875,1.0
74,248.97129821777344,200.3787078857422,1.0,244.10427856445312,239.70391845703125,1.0,216.51690673828125,213.07437133789062,1.0,198.40875244140625,209.08688354492188,1.0,262.60040283203125,227.2786407470703,1.0,274.33837890625,232.462158203125,1.0,238.7451171875,258.3914489746094,1.0,196.422607421875,264.2181091308594,1.0,258.5109558105469,276.3674011230469,1.0
75,249.146728515625,199.7766876220703,1.0,244.30276489257812,239.71852111816406,1.0,216.55584716796875,213.1854705810547,1.0,198.30894470214844,209.2841796875,1.0,262.48199462890625,227.08074951171875,1.0,274.01324462890625,231.93190002441406,1.0,238.54205322265625,258.4836120605469,1.0,197.26025390625,264.7808837890625,1.0,259.3624267578125,277.1371765136719,1.0
76,249.0140838623047,199.49244689941406,1.0,244.88284301757812,239.22312927246094,1.0,216.5301055908203,213.1565399169922,1.0,198.4182891845703,209.3376922607422,1.0,262.38671875,226.76800537109375,1.0,273.9010925292969,231.5403594970703,1.0,239.64678955078125,258.7236633300781,1.0,197.74952697753906,264.8233947753906,1.0,259.43017578125,277.211181640625,1.0
77,248.93606567382812,199.5441131591797,1.0,245.068603515625,238.96783447265625,1.0,216.463623046875,213.24813842773438,1.0,198.07814025878906,209.5994415283203,1.0,262.6833190917969,226.72792053222656,1.0,274.01953125,231.3167266845703,1.0,240.21388244628906,258.74090576171875,1.0,198.14720153808594,264.98101806640625,1.0,259.6124572753906,277.2349548339844,1.0
78,246.25804138183594,199.10433959960938,1.0,246.11672973632812,239.2313995361328,1.0,214.7121124267578,215.6091766357422,1.0,197.25772094726562,212.15419006347656,1.0,261.765380859375,225.33790588378906,1.0,272.5205383300781,227.9941864013672,1.0,243.0369110107422,260.8109436035156,1.0,201.42286682128906,266.2937927246094,0.9999998807907104,262.4640197753906,276.1296081542969,1.0
79,242.37098693847656,196.60049438476562,1.0,244.90992736816406,237.22760009765625,1.0,211.39402770996094,217.0809783935547,1.0,194.08416748046875,215.23989868164062,1.0,258.802001953125,222.58616638183594,1.0,270.6025695800781,224.89697265625,1.0,244.11997985839844,259.6442565917969,1.0,201.84542846679688,269.04931640625,0.9999997615814209,264.4732360839844,274.2703857421875,1.0
80,241.57733154296875,196.5201873779297,1.0,244.65850830078125,236.7215576171875,1.0,211.4010467529297,216.87698364257812,1.0,194.50479125976562,215.2834014892578,1.0,258.5123596191406,221.92181396484375,1.0,269.9886474609375,223.7688751220703,1.0,244.044921875,259.8050842285156,1.0,202.3866729736328,268.9264831542969,0.9999997615814209,264.6769714355469,274.0467834472656,1.0
81,241.57827758789062,196.59422302246094,1.0,244.7037353515625,236.2263946533203,1.0,211.12966918945312,216.98631286621094,1.0,194.20774841308594,215.2921600341797,1.0,258.44403076171875,221.6224822998047,1.0,269.99847412109375,223.7022247314453,1.0,244.58758544921875,259.4561767578125,1.0,202.3170166015625,268.9688415527344,0.9999997615814209,265.0001220703125,274.177001953125,1.0
82,241.72483825683594,196.43370056152344,1.0,245.2178192138672,236.2931671142578,1.0,211.3953399658203,217.32247924804688,1.0,194.18829345703125,215.59471130371094,1.0,258.4087829589844,221.65298461914062,1.0,270.0625,223.6051025390625,1.0,244.94712829589844,259.6150817871094,1.0,202.92388916015625,269.2555236816406,0.9999998807907104,265.5834655761719,273.86578369140625,1.0
83,241.6634979248047,196.5166778564453,1.0,246.35963439941406,236.6656951904297,1.0,211.18087768554688,217.41514587402344,1.0,194.25015258789062,215.67808532714844,1.0,258.87335205078125,221.7321319580078,1.0,270.2081604003906,223.23117065429688,1.0,246.97824096679688,259.64410400390625,1.0,203.9906005859375,270.71514892578125,0.9999998807907104,266.2682189941406,273.69677734375,1.0
84,240.5224151611328,196.90945434570312,1.0,247.0292510986328,236.8191375732422,1.0,211.55108642578125,217.45240783691406,1.0,193.9857177734375,216.38278198242188,1.0,258.60150146484375,221.25836181640625,1.0,270.3070983886719,222.90377807617188,1.0,248.43292236328125,259.59307861328125,1.0,204.84803771972656,271.9787292480469,0.9999998807907104,267.1734313964844,272.8404541015625,1.0
85,240.9613494873047,196.7969970703125,1.0,247.5056915283203,236.86280822753906,1.0,211.29444885253906,217.9654541015625,1.0,194.15872192382812,216.9393768310547,1.0,258.4012451171875,221.02410888671875,1.0,270.3768005371094,222.96266174316406,1.0,249.22840881347656,259.0089416503906,1.0,206.09963989257812,272.5059509277344,1.0,267.8997497558594,273.1485290527344,1.0
86,241.23095703125,196.60922241210938,1.0,247.6577911376953,236.9418182373047,1.0,211.24801635742188,217.6964874267578,1.0,194.67181396484375,217.1317596435547,1.0,258.7814636230469,221.15650939941406,1.0,270.1165771484375,222.828369140625,1.0,249.15460205078125,259.21380615234375,1.0,206.68553161621094,272.5082702636719,0.9999998807907104,268.2703857421875,272.85467529296875,1.0
87,241.68988037109375,196.61083984375,1.0,248.01425170898438,237.0396270751953,1.0,211.2272491455078,217.6769256591797,1.0,194.73326110839844,216.96994018554688,1.0,258.9465026855469,221.19613647460938,1.0,270.0928649902344,222.54209899902344,1.0,249.48182678222656,259.3226013183594,1.0,207.1130828857422,272.3534851074219,0.9999998807907104,268.5347900390625,272.9621276855469,1.0
88,241.84478759765625,196.4179229736328,1.0,248.49534606933594,237.0391082763672,1.0,211.37535095214844,217.73037719726562,1.0,194.76089477539062,217.12179565429688,1.0,258.94012451171875,221.1548614501953,1.0,270.06561279296875,222.4434051513672,1.0,249.99095153808594,259.4642028808594,1.0,207.19239807128906,272.2640075683594,0.9999998807907104,268.5587463378906,273.1244201660156,1.0
89,241.7434539794922,196.30206298828125,1.0,248.5950469970703,237.1753692626953,1.0,211.4694366455078,217.9578857421875,1.0,194.8755645751953,217.1574249267578,1.0,258.9907531738281,221.10804748535156,1.0,270.0562744140625,222.3883819580078,1.0,250.2626495361328,259.2533264160156,1.0,207.3386688232422,272.38916015625,0.9999998807907104,268.6864318847656,273.04827880859375,1.0
90,241.80099487304688,196.46995544433594,1.0,248.9768829345703,237.1699676513672,1.0,211.49452209472656,217.9973907470703,1.0,194.87208557128906,217.4097137451172,1.0,259.3784484863281,221.1226348876953,1.0,270.1619873046875,221.96192932128906,1.0,250.75814819335938,259.4335632324219,1.0,207.75938415527344,272.52386474609375,0.9999998807907104,268.9489440917969,272.72381591796875,0.9999998807907104
91,242.11302185058594,196.5734405517578,1.0,249.8011932373047,237.22169494628906,1.0,211.68603515625,218.175537109375,1.0,195.04412841796875,217.5034637451172,1.0,259.52569580078125,220.99948120117188,1.0,270.5046081542969,221.02252197265625,1.0,251.40943908691406,259.7151184082031,1.0,208.58534240722656,272.5976257324219,1.0,269.6131286621094,272.67352294921875,0.9999998807907104
92,242.19692993164062,196.47535705566406,1.0,249.7921905517578,237.08978271484375,1.0,211.89736938476562,218.5493927001953,1.0,195.21783447265625,217.6620330810547,1.0,259.683837890625,221.09593200683594,1.0,270.5847473144531,220.68531799316406,1.0,251.4931182861328,259.5224914550781,1.0,209.4796905517578,272.6783752441406,1.0,269.8475341796875,272.528076171875,0.9999998807907104
93,242.32130432128906,196.59835815429688,1.0,249.9604949951172,237.01795959472656,1.0,211.89967346191406,218.39877319335938,1.0,195.07308959960938,217.77587890625,1.0,259.64453125,221.18223571777344,1.0,270.63580322265625,220.7295379638672,1.0,251.5396728515625,259.4218444824219,1.0,209.58975219726562,272.6604919433594,1.0,269.7336120605469,272.6459655761719,0.9999998807907104
94,242.27972412109375,196.40834045410156,1.0,249.71177673339844,236.88519287109375,1.0,211.8825225830078,218.2861785888672,1.0,195.15968322753906,217.5834503173828,1.0,259.63287353515625,221.34555053710938,1.0,270.58758544921875,220.64659118652344,1.0,251.60781860351562,258.9295654296875,1.0,209.3604736328125,272.7309265136719,1.0,269.8149108886719,272.3575744628906,0.9999998807907104
95,242.05795288085938,196.37059020996094,1.0,249.69561767578125,236.97714233398438,1.0,211.9164581298828,218.42478942871094,1.0,195.17169189453125,217.39080810546875,1.0,259.5835266113281,221.23980712890625,1.0,270.6095275878906,220.73614501953125,1.0,251.3232879638672,259.0394287109375,1.0,208.60003662109375,272.7760925292969,1.0,269.10089111328125,272.156494140625,0.9999995231628418
96,241.31346130371094,196.77610778808594,1.0,249.58047485351562,236.85035705566406,1.0,211.36856079101562,217.9999542236328,1.0,194.81338500976562,217.4738006591797,1.0,259.4660339355469,220.79542541503906,1.0,270.5276184082031,220.52296447753906,1.0,250.96334838867188,258.41558837890625,1.0,208.31224060058594,273.01190185546875,1.0,269.26116943359375,272.0958557128906,0.9999997615814209
97,241.1069793701172,196.8197784423828,1.0,249.40460205078125,237.0495147705078,1.0,211.45225524902344,218.1126708984375,1.0,194.40675354003906,217.1481475830078,1.0,259.2028503417969,220.60601806640625,1.0,270.38800048828125,220.76025390625,1.0,251.19334411621094,258.5945739746094,1.0,208.18670654296875,272.87847900390625,0.9999998807907104,269.06402587890625,272.1917419433594,0.9999996423721313
98,240.91647338867188,196.94480895996094,1.0,249.29933166503906,236.90457153320312,1.0,211.06094360351562,218.19509887695312,1.0,194.01199340820312,217.025390625,1.0,259.1188659667969,220.4936065673828,1.0,270.313232421875,220.7671356201172,1.0,251.29454040527344,258.5651550292969,1.0,207.87962341308594,273.0230407714844,0.9999998807907104,268.9091796875,272.26611328125,0.9999997615814209
99,240.5900115966797,196.86778259277344,1.0,249.2598876953125,236.76611328125,1.0,211.10604858398438,218.0201873779297,1.0,193.7750244140625,217.0500030517578,1.0,259.0794677734375,220.3487091064453,1.0,270.2182312011719,220.14122009277344,1.0,251.29507446289062,258.5995788574219,1.0,207.25013732910156,272.8932800292969,0.9999998807907104,268.756103515625,270.273681640625,0.9999990463256836
100,239.728515625,196.4696807861328,1.0,248.7148895263672,236.61383056640625,1.0,210.52955627441406,218.15530395507812,1.0,192.90249633789062,216.98992919921875,1.0,258.66851806640625,220.23936462402344,1.0,270.2431335449219,219.84010314941406,1.0,250.8155975341797,258.21917724609375,1.0,205.59906005859375,272.6925048828125,1.0,268.4559020996094,269.4371337890625,0.9999953508377075
101,239.43138122558594,196.3710479736328,1.0,248.4904327392578,236.75595092773438,1.0,210.51126098632812,217.99807739257812,1.0,192.62689208984375,217.16876220703125,1.0,258.7229919433594,220.2852020263672,1.0,270.1398010253906,219.79307556152344,1.0,250.79608154296875,258.4656982421875,1.0,205.2339630126953,272.4724426269531,0.9999998807907104,268.43951416015625,271.56463623046875,0.9999954700469971
102,239.13687133789062,196.3939666748047,1.0,248.1734619140625,236.68991088867188,1.0,210.36114501953125,218.13941955566406,1.0,192.43931579589844,217.31044006347656,1.0,258.4894104003906,220.1841583251953,1.0,270.0912780761719,219.58883666992188,1.0,250.41415405273438,258.2518615722656,1.0,205.24066162109375,272.6856689453125,1.0,268.2643127441406,271.4996337890625,0.9999980926513672
103,238.48760986328125,196.57801818847656,1.0,247.54898071289062,236.9396209716797,1.0,210.18373107910156,218.10215759277344,1.0,192.23118591308594,217.41787719726562,1.0,257.73382568359375,220.32354736328125,1.0,269.7819519042969,219.66322326660156,1.0,250.36294555664062,257.6783752441406,1.0,205.0641326904297,272.78289794921875,1.0,267.87054443359375,271.60394287109375,0.9999980926513672
104,238.05636596679688,196.6827850341797,1.0,246.7154541015625,236.7461700439453,1.0,209.5620574951172,218.05783081054688,1.0,191.87240600585938,217.38182067871094,1.0,257.42779541015625,220.29989624023438,1.0,269.68780517578125,219.80860900878906,1.0,249.1377716064453,257.71588134765625,1.0,204.42495727539062,272.59466552734375,1.0,267.625,271.57403564453125,0.9999988079071045
105,237.5189208984375,196.70968627929688,1.0,245.49049377441406,236.6569061279297,1.0,209.31829833984375,218.06227111816406,1.0,191.63990783691406,217.4646759033203,1.0,256.9732971191406,219.91477966308594,1.0,269.29315185546875,219.48129272460938,1.0,247.64920043945312,258.2494201660156,1.0,203.96298217773438,272.3221130371094,1.0,267.04583740234375,271.7706604003906,0.9999992847442627
106,237.28907775878906,196.68743896484375,1.0,245.23252868652344,237.01808166503906,1.0,209.13497924804688,218.29188537597656,1.0,191.34759521484375,217.61978149414062,1.0,256.7974548339844,220.35488891601562,1.0,269.2026672363281,219.51734924316406,1.0,247.68252563476562,258.7004699707031,1.0,203.95413208007812,272.45147705078125,1.0,266.97052001953125,271.8863525390625,0.9999988079071045
107,237.1903533935547,196.58114624023438,1.0,244.8434600830078,236.8336639404297,1.0,208.9891357421875,218.28599548339844,1.0,191.35305786132812,217.61398315429688,1.0,256.6725769042969,219.9338836669922,1.0,269.0715637207031,219.7770233154297,1.0,247.30572509765625,258.53948974609375,1.0,203.80650329589844,272.1570129394531,1.0,266.6322937011719,272.1005859375,0.9999990463256836
108,237.32928466796875,196.1407928466797,1.0,244.83755493164062,236.84353637695312,1.0,209.38352966308594,218.08047485351562,1.0,190.9632568359375,217.80284118652344,1.0,256.599853515625,219.7355194091797,1.0,268.8171081542969,219.44845581054688,1.0,247.11160278320312,258.48590087890625,1.0,203.205322265625,272.134033203125,1.0,266.98126220703125,271.10113525390625,0.999998927116394
109,237.37152099609375,196.15882873535156,1.0,244.880126953125,236.83273315429688,1.0,209.34695434570312,218.01034545898438,1.0,191.251220703125,217.71844482421875,1.0,256.6475524902344,219.86672973632812,1.0,268.7073669433594,219.59323120117188,1.0,246.97743225097656,258.5909729003906,1.0,203.32904052734375,271.9758605957031,1.0,266.8091125488281,272.013427734375,0.9999991655349731
110,237.56443786621094,196.0254669189453,1.0,244.98663330078125,236.7811737060547,1.0,209.3345184326172,217.92039489746094,1.0,191.29483032226562,217.65420532226562,1.0,256.5806884765625,219.85873413085938,1.0,268.6495361328125,219.56439208984375,1.0,247.10696411132812,258.5906982421875,1.0,203.44403076171875,271.9211730957031,1.0,266.7669372558594,272.1118469238281,0.9999990463256836
111,237.49082946777344,195.9046630859375,1.0,245.4384307861328,236.5406494140625,1.0,209.3172607421875,217.9622802734375,1.0,191.2950897216797,217.62847900390625,1.0,256.6506042480469,219.7898712158203,1.0,268.687255859375,219.73388671875,1.0,247.67144775390625,258.2784729003906,1.0,203.5800323486328,271.99993896484375,1.0,267.01251220703125,272.2925109863281,0.9999991655349731
112,237.47369384765625,195.89356994628906,1.0,245.71054077148438,236.5615692138672,1.0,209.23536682128906,217.75341796875,1.0,191.19235229492188,217.6396026611328,1.0,256.58154296875,219.6413116455078,1.0,268.7249755859375,219.77101135253906,1.0,247.90357971191406,258.1136169433594,1.0,203.7238311767578,271.8482360839844,1.0,267.1519775390625,270.7757263183594,0.9999990463256836
113,237.47222900390625,195.77662658691406,1.0,246.0054473876953,236.28564453125,1.0,209.20274353027344,217.63665771484375,1.0,191.41697692871094,217.61788940429688,1.0,256.7359924316406,219.69619750976562,1.0,268.86456298828125,219.61917114257812,1.0,248.48011779785156,257.745361328125,1.0,204.41905212402344,271.6258544921875,1.0,267.21087646484375,270.63153076171875,0.9999990463256836
114,237.74200439453125,195.48008728027344,1.0,247.0762939453125,235.79849243164062,1.0,209.41513061523438,217.5836181640625,1.0,191.6011199951172,217.61477661132812,1.0,257.04278564453125,219.69676208496094,1.0,268.9511413574219,219.4863739013672,1.0,249.45884704589844,257.1138610839844,1.0,205.3318328857422,271.68060302734375,0.9999998807907104,267.82098388671875,270.0911560058594,0.9999995231628418
115,238.28904724121094,195.54534912109375,1.0,247.68124389648438,235.5650177001953,1.0,209.79611206054688,217.39483642578125,1.0,191.80572509765625,217.38731384277344,1.0,257.10528564453125,219.79324340820312,1.0,268.80548095703125,219.32122802734375,1.0,250.07550048828125,256.7949523925781,1.0,205.78724670410156,271.2556457519531,0.9999998807907104,268.4015197753906,269.5563049316406,0.9999994039535522
116,238.73977661132812,195.5836181640625,1.0,248.17466735839844,235.9518280029297,1.0,210.30191040039062,217.3176727294922,1.0,191.8580322265625,217.16226196289062,1.0,257.4744873046875,219.74359130859375,1.0,268.956787109375,219.21539306640625,1.0,249.9936981201172,257.66156005859375,1.0,205.67529296875,271.2253723144531,0.9999997615814209,268.35137939453125,269.5465393066406,0.9999986886978149
117,239.06109619140625,195.52081298828125,1.0,248.47190856933594,235.96641540527344,1.0,210.41989135742188,217.17355346679688,1.0,192.04632568359375,216.8578338623047,1.0,257.60296630859375,219.60081481933594,1.0,268.951171875,219.33570861816406,1.0,250.37844848632812,257.80218505859375,1.0,205.73947143554688,271.59185791015625,0.9999997615814209,268.4699401855469,269.7991638183594,0.9999974966049194
118,239.65174865722656,195.55401611328125,1.0,248.9111785888672,235.7100067138672,1.0,211.00018310546875,217.20950317382812,1.0,193.22523498535156,216.58595275878906,1.0,258.3390808105469,219.81622314453125,1.0,269.12774658203125,219.3949432373047,1.0,250.7346649169922,257.3809814453125,1.0,206.47607421875,270.8130798339844,0.9999995231628418,268.90252685546875,269.680419921875,0.9999991655349731
119,241.05201721191406,195.16563415527344,1.0,249.70098876953125,234.83236694335938,1.0,211.59706115722656,216.66036987304688,1.0,194.81942749023438,215.89219665527344,1.0,259.2221984863281,219.02537536621094,1.0,270.147705078125,218.94142150878906,1.0,251.75299072265625,257.2078857421875,1.0,208.73385620117188,270.8159484863281,0.9999998807907104,269.7691650390625,271.2859191894531,0.9999996423721313
120,242.11904907226562,195.2938690185547,1.0,251.03489685058594,234.90061950683594,1.0,212.02565002441406,216.53045654296875,1.0,195.71597290039062,216.416259765625,1.0,259.8553466796875,219.1211395263672,1.0,270.4910888671875,218.90151977539062,1.0,252.2565155029297,257.4699401855469,1.0,209.16639709472656,270.7492980957031,0.9999998807907104,269.8034973144531,271.6558532714844,0.9999992847442627
121,242.55130004882812,195.61622619628906,1.0,251.14486694335938,234.937744140625,1.0,212.02438354492188,216.43203735351562,1.0,196.1098175048828,216.20880126953125,1.0,259.8715515136719,219.24473571777344,1.0,270.5774230957031,218.90847778320312,1.0,252.51026916503906,257.31298828125,1.0,209.6574249267578,270.7622375488281,0.9999998807907104,270.0019226074219,271.30059814453125,0.9999977350234985
122,242.62705993652344,195.90542602539062,1.0,250.88064575195312,234.96827697753906,1.0,212.11801147460938,216.5839385986328,1.0,196.16262817382812,216.33120727539062,1.0,260.1037292480469,219.26974487304688,1.0,270.92559814453125,218.982177734375,1.0,252.40005493164062,257.1141052246094,1.0,209.81155395507812,270.51385498046875,0.9999998807907104,270.04486083984375,271.004150390625,0.9999974966049194
123,243.0076446533203,196.96014404296875,1.0,251.48098754882812,235.3810577392578,1.0,212.72488403320312,217.06829833984375,1.0,196.2618408203125,216.37403869628906,1.0,260.5115661621094,219.85311889648438,1.0,271.3395690917969,219.83543395996094,1.0,252.74696350097656,257.4397277832031,1.0,209.67669677734375,270.720703125,0.9999998807907104,270.2503356933594,271.51318359375,0.9999990463256836
124,243.6168670654297,197.2286376953125,1.0,251.77685546875,235.50967407226562,1.0,213.30831909179688,217.02330017089844,1.0,196.40573120117188,216.7871856689453,1.0,260.8138427734375,220.2394256591797,1.0,271.4150085449219,219.7437286376953,1.0,253.3526153564453,257.7758483886719,1.0,209.3539581298828,271.2289733886719,1.0,270.4986267089844,272.1228942871094,0.9999991655349731
125,243.66217041015625,197.05923461914062,1.0,251.90167236328125,235.6826629638672,1.0,213.84701538085938,216.9702606201172,1.0,196.9000701904297,216.8951416015625,1.0,260.7494812011719,220.29348754882812,1.0,271.44818115234375,219.9445343017578,1.0,253.42027282714844,257.7734375,1.0,209.56011962890625,271.2952880859375,1.0,270.8387145996094,272.3466796875,0.9999998807907104
126,243.69398498535156,197.1404266357422,1.0,251.83204650878906,235.49801635742188,1.0,214.16571044921875,216.68997192382812,1.0,197.09762573242188,216.7406005859375,1.0,260.8630676269531,220.23367309570312,1.0,271.5181579589844,219.83087158203125,1.0,253.391357421875,257.5851135253906,1.0,210.1046905517578,271.0042724609375,0.9999998807907104,270.6368408203125,272.4246520996094,0.9999997615814209
127,245.4650421142578,197.45046997070312,1.0,252.14312744140625,235.6817626953125,1.0,214.85972595214844,216.5346221923828,1.0,197.9066162109375,216.3662872314453,1.0,262.0973205566406,220.94703674316406,1.0,272.8879089355469,221.74777221679688,1.0,252.90638732910156,257.4975891113281,1.0,209.9698944091797,270.7403259277344,0.9999998807907104,270.5887451171875,272.7461242675781,0.9999998807907104
128,247.27276611328125,198.05235290527344,1.0,252.43844604492188,236.6184539794922,1.0,215.85633850097656,216.13931274414062,1.0,199.5404815673828,215.58006286621094,1.0,263.4298095703125,222.50672912597656,1.0,274.11492919921875,224.09828186035156,1.0,252.4190216064453,258.15582275390625,1.0,209.8098602294922,270.6287536621094,0.9999998807907104,270.3045349121094,273.5890808105469,1.0
129,248.13172912597656,198.14642333984375,1.0,253.17623901367188,237.11599731445312,1.0,217.4654998779297,216.25408935546875,1.0,200.77503967285156,215.16156005859375,1.0,264.2901306152344,222.64393615722656,1.0,275.0674133300781,224.45814514160156,1.0,252.7882080078125,258.7233581542969,1.0,209.2097930908203,270.64300537109375,0.9999998807907104,270.3318176269531,274.0406494140625,1.0
130,247.60958862304688,198.21229553222656,1.0,253.1098175048828,236.98910522460938,1.0,217.15049743652344,216.1020050048828,1.0,200.50436401367188,215.03466796875,1.0,264.23870849609375,222.6864471435547,1.0,275.15155029296875,224.4817352294922,1.0,252.29437255859375,258.7134704589844,1.0,208.72006225585938,270.6680603027344,0.9999998807907104,270.2960205078125,273.9969177246094,1.0
131,248.00729370117188,198.4792022705078,1.0,253.08909606933594,236.84193420410156,1.0,217.66546630859375,215.81475830078125,1.0,200.6595916748047,214.85110473632812,1.0,264.33892822265625,222.8559112548828,1.0,275.18157958984375,224.68504333496094,1.0,252.4320831298828,258.7425842285156,1.0,208.29183959960938,270.5001525878906,0.9999997615814209,270.32537841796875,273.9407653808594,1.0
132,250.78131103515625,200.34730529785156,1.0,253.13250732421875,237.88442993164062,1.0,219.73304748535156,214.7758331298828,1.0,201.92816162109375,212.60462951660156,1.0,265.9879150390625,225.74496459960938,1.0,275.94744873046875,228.35269165039062,1.0,250.18287658691406,259.93505859375,1.0,206.5604705810547,269.4496154785156,0.9999988079071045,268.4798583984375,273.92205810546875,1.0
133,254.04164123535156,201.9357452392578,1.0,247.9222869873047,238.49090576171875,1.0,221.60223388671875,211.70086669921875,1.0,204.6305389404297,206.558837890625,1.0,266.3512268066406,229.88922119140625,1.0,275.6875,234.96922302246094,1.0,240.09446716308594,258.36456298828125,1.0,199.98892211914062,260.50689697265625,1.0,258.3402099609375,276.87310791015625,1.0
134,256.6307373046875,202.79444885253906,1.0,247.76153564453125,238.1522674560547,1.0,223.4112091064453,210.25442504882812,1.0,207.6504364013672,205.0718231201172,1.0,267.0309143066406,231.49009704589844,1.0,276.6863708496094,237.64227294921875,1.0,239.76214599609375,257.6241760253906,1.0,199.509765625,257.58099365234375,1.0,257.8672180175781,277.7140808105469,1.0
135,257.1210021972656,203.29397583007812,1.0,247.8158416748047,238.23155212402344,1.0,224.11936950683594,209.79859924316406,1.0,208.20851135253906,203.9602813720703,1.0,266.98828125,231.75018310546875,1.0,277.6612854003906,238.5527801513672,1.0,239.63990783691406,257.24090576171875,1.0,198.9271240234375,256.5367431640625,1.0,258.1471862792969,277.9501647949219,1.0
136,257.67791748046875,203.28863525390625,1.0,248.19931030273438,237.96231079101562,1.0,224.34840393066406,209.6326446533203,1.0,208.28123474121094,204.26353454589844,1.0,267.656982421875,231.65969848632812,1.0,278.33984375,238.7135009765625,1.0,239.91375732421875,256.9169921875,1.0,198.49966430664062,256.21173095703125,1.0,258.14801025390625,277.8956604003906,1.0
137,257.8673095703125,203.11016845703125,1.0,248.09754943847656,237.91114807128906,1.0,224.796875,209.39491271972656,1.0,208.65335083007812,204.33477783203125,1.0,267.4959411621094,231.67481994628906,1.0,278.0875549316406,238.87355041503906,1.0,239.69573974609375,256.677734375,1.0,198.4005889892578,256.1592102050781,1.0,257.9988098144531,278.0439453125,1.0
138,258.4326171875,203.5364990234375,1.0,248.18887329101562,238.4275665283203,1.0,225.39793395996094,209.60328674316406,1.0,209.05886840820312,204.16160583496094,1.0,267.7232360839844,232.2439727783203,1.0,278.5570373535156,239.50656127929688,1.0,239.28355407714844,257.0985412597656,1.0,198.70950317382812,256.0238342285156,1.0,257.6744384765625,278.1832580566406,1.0
139,258.56451416015625,203.4295196533203,1.0,247.70481872558594,238.31044006347656,1.0,225.39109802246094,209.41400146484375,1.0,209.2310028076172,203.85853576660156,1.0,267.7085266113281,232.17593383789062,1.0,278.9423828125,239.87669372558594,1.0,238.96493530273438,256.2588806152344,0.9999998807907104,197.21180725097656,254.48944091796875,1.0,256.8950500488281,278.08587646484375,1.0
140,258.7787780761719,203.736328125,1.0,247.78770446777344,237.87123107910156,1.0,225.45355224609375,209.3607177734375,1.0,209.71084594726562,203.92393493652344,1.0,267.8436279296875,232.5909423828125,1.0,279.01531982421875,240.5693817138672,1.0,238.95762634277344,256.02783203125,0.9999998807907104,197.205322265625,253.7904815673828,1.0,255.76119995117188,278.22796630859375,1.0
141,259.1054382324219,203.65318298339844,1.0,247.9308319091797,237.72796630859375,1.0,226.03134155273438,209.10040283203125,1.0,209.587646484375,203.59185791015625,1.0,268.3208923339844,232.7293243408203,1.0,279.2000427246094,240.54380798339844,1.0,238.77073669433594,255.89344787597656,0.9999997615814209,197.18289184570312,253.78585815429688,1.0,255.7415771484375,278.26177978515625,1.0
142,259.1875915527344,203.8146209716797,1.0,247.83126831054688,237.76002502441406,1.0,225.97088623046875,209.0528564453125,1.0,209.60906982421875,203.60256958007812,1.0,268.1463623046875,233.12562561035156,1.0,279.45111083984375,240.98817443847656,1.0,238.68728637695312,255.8287811279297,0.9999998807907104,197.04617309570312,253.71774291992188,1.0,255.57257080078125,278.20574951171875,1.0
143,259.36273193359375,204.02073669433594,1.0,247.7875213623047,237.4932403564453,1.0,225.80540466308594,209.08360290527344,1.0,209.87271118164062,203.51654052734375,1.0,268.33551025390625,233.3787078857422,1.0,279.62152099609375,241.44378662109375,1.0,238.39768981933594,255.5059814453125,0.9999998807907104,196.80897521972656,253.677001953125,1.0,255.39688110351562,278.05352783203125,1.0
144,259.0478210449219,203.8818817138672,1.0,246.95884704589844,237.33360290527344,1.0,225.88345336914062,209.10354614257812,1.0,209.69935607910156,203.50025939941406,1.0,268.22125244140625,233.3315887451172,1.0,279.71405029296875,241.3032989501953,1.0,238.12322998046875,255.40997314453125,0.9999998807907104,196.69175720214844,253.72463989257812,1.0,255.3892364501953,278.2936096191406,1.0
145,258.9947204589844,204.11520385742188,1.0,246.9109344482422,236.98516845703125,1.0,226.17514038085938,209.13331604003906,1.0,209.4324493408203,203.4627227783203,1.0,267.9281921386719,233.66859436035156,1.0,279.44586181640625,241.50669860839844,1.0,237.3235626220703,255.64385986328125,1.0,196.2310028076172,253.6964874267578,1.0,255.36756896972656,278.2473449707031,1.0
146,259.034423828125,203.99827575683594,1.0,246.70346069335938,237.31556701660156,1.0,226.18255615234375,209.1494140625,1.0,209.7045440673828,203.4320526123047,1.0,268.1391296386719,233.78375244140625,1.0,279.456787109375,241.72146606445312,1.0,237.07936096191406,256.2615051269531,1.0,196.13726806640625,253.25320434570312,1.0,255.08558654785156,278.3074951171875,1.0
147,258.75189208984375,204.1997833251953,1.0,246.8826141357422,236.8837890625,1.0,225.80813598632812,209.27813720703125,1.0,209.9183807373047,203.27247619628906,1.0,268.2800598144531,233.83029174804688,1.0,279.51275634765625,241.71926879882812,1.0,237.11378479003906,256.4024963378906,1.0,195.96275329589844,253.31378173828125,1.0,254.68699645996094,278.23358154296875,1.0
148,259.0350341796875,204.1143341064453,1.0,246.89584350585938,237.10556030273438,1.0,225.97410583496094,209.17320251464844,1.0,209.9879913330078,203.28465270996094,1.0,268.38726806640625,233.69371032714844,1.0,279.715087890625,241.7860107421875,1.0,237.0395965576172,256.7485656738281,1.0,196.32528686523438,253.36473083496094,1.0,254.75865173339844,278.3363342285156,1.0
149,258.4771728515625,203.95509338378906,1.0,246.3359832763672,236.65695190429688,1.0,226.00840759277344,209.16168212890625,1.0,209.8451690673828,203.30091857910156,1.0,267.9762878417969,233.80201721191406,1.0,279.54095458984375,241.75711059570312,1.0,236.5585174560547,256.53948974609375,1.0,195.7721405029297,253.41659545898438,1.0,254.828369140625,278.0328674316406,1.0
150,258.2185974121094,204.61439514160156,1.0,245.4634552001953,237.207275390625,1.0,225.70860290527344,209.35325622558594,1.0,209.91494750976562,203.40345764160156,1.0,268.03509521484375,234.9217071533203,1.0,279.275146484375,242.8537139892578,1.0,236.0501251220703,256.5751647949219,1.0,195.3299560546875,253.5060577392578,1.0,254.3306121826172,278.1981201171875,1.0
151,257.99078369140625,204.87498474121094,1.0,244.8922119140625,237.67945861816406,1.0,225.59649658203125,209.16571044921875,1.0,210.13429260253906,203.316650390625,1.0,267.51910400390625,234.88619995117188,1.0,278.6930236816406,242.713134765625,1.0,235.81602478027344,256.8645935058594,1.0,195.22445678710938,253.267333984375,1.0,254.0439910888672,278.43682861328125,1.0
152,257.91729736328125,204.88897705078125,1.0,245.06536865234375,237.73292541503906,1.0,225.98016357421875,209.37725830078125,1.0,210.2405548095703,202.76148986816406,1.0,267.3807373046875,234.85360717773438,1.0,278.8135070800781,242.9429931640625,1.0,235.85305786132812,256.9192810058594,1.0,195.27810668945312,253.4148712158203,1.0,253.81146240234375,278.4757385253906,1.0
153,257.6184997558594,204.8749542236328,1.0,244.74685668945312,237.63526916503906,1.0,225.8856201171875,209.4115753173828,1.0,210.3068389892578,202.76097106933594,1.0,267.2862243652344,234.8312225341797,1.0,278.9571228027344,242.95448303222656,1.0,235.52474975585938,256.9566345214844,1.0,195.145751953125,253.32220458984375,1.0,253.69871520996094,278.6705017089844,1.0
154,257.61822509765625,204.9897003173828,1.0,244.85833740234375,237.69308471679688,1.0,225.77923583984375,209.3350372314453,1.0,210.18603515625,203.22280883789062,1.0,267.4275207519531,234.841064453125,1.0,278.9259948730469,242.9742431640625,1.0,235.4490966796875,257.2575378417969,1.0,195.05184936523438,253.24850463867188,1.0,253.38084411621094,278.7919616699219,1.0
155,257.68585205078125,205.0128936767578,1.0,244.80859375,237.62200927734375,1.0,225.70579528808594,209.48191833496094,1.0,210.3963165283203,203.2204132080078,1.0,267.54656982421875,234.9454345703125,1.0,278.77691650390625,243.05404663085938,1.0,235.72889709472656,257.3288269042969,1.0,195.11526489257812,253.33929443359375,1.0,253.34837341308594,278.6885070800781,1.0
156,257.5147705078125,205.59048461914062,1.0,244.93988037109375,237.27780151367188,1.0,225.6182098388672,209.30982971191406,1.0,210.21942138671875,202.7358856201172,1.0,267.6731872558594,235.44837951660156,1.0,278.8603820800781,243.22340393066406,1.0,235.91493225097656,257.0109558105469,1.0,195.68882751464844,253.13412475585938,1.0,253.25006103515625,278.4149475097656,1.0
157,257.9846496582031,205.5123291015625,1.0,245.05470275878906,237.47781372070312,1.0,225.9951171875,209.32603454589844,1.0,210.6268768310547,203.04751586914062,1.0,267.7694091796875,235.44583129882812,1.0,278.7411193847656,243.25982666015625,1.0,236.04156494140625,257.3599548339844,1.0,196.4814453125,253.69190979003906,1.0,253.4535369873047,278.50592041015625,1.0
158,258.5179443359375,205.5184783935547,1.0,245.3021697998047,237.38233947753906,1.0,226.12689208984375,209.22035217285156,1.0,210.8489990234375,203.05738830566406,1.0,267.8748779296875,235.4357147216797,1.0,278.79876708984375,243.32180786132812,1.0,236.03936767578125,257.2322082519531,1.0,196.7376708984375,253.57810974121094,1.0,253.4513702392578,278.5887756347656,1.0
159,259.1654052734375,205.18722534179688,1.0,245.4551544189453,237.2301788330078,1.0,226.41143798828125,209.07620239257812,1.0,211.2660675048828,202.92919921875,1.0,268.3868713378906,235.41590881347656,1.0,279.0743103027344,243.37265014648438,1.0,236.11782836914062,257.0716857910156,1.0,196.79019165039062,253.5828857421875,1.0,253.2151641845703,278.720458984375,1.0
160,259.6499938964844,204.95782470703125,1.0,246.11769104003906,236.8478240966797,1.0,226.81886291503906,208.99928283691406,1.0,211.40289306640625,202.72373962402344,1.0,268.58740234375,235.48300170898438,1.0,279.2526550292969,243.40591430664062,1.0,236.63743591308594,256.664794921875,1.0,196.76731872558594,253.76681518554688,0.9999998807907104,253.2268524169922,278.89617919921875,1.0
161,259.9822998046875,204.72344970703125,1.0,246.3861083984375,236.28492736816406,1.0,227.2340545654297,208.93865966796875,1.0,211.67234802246094,202.61920166015625,1.0,268.9154052734375,235.61676025390625,1.0,279.7615966796875,243.3545379638672,1.0,237.04373168945312,255.71804809570312,1.0,197.265869140625,252.93008422851562,1.0,253.44044494628906,279.0616149902344,1.0
162,259.88543701171875,204.97357177734375,1.0,246.292724609375,236.24729919433594,1.0,227.4293975830078,208.95130920410156,1.0,211.80123901367188,202.68739318847656,1.0,268.8778991699219,235.6917724609375,1.0,280.0491943359375,243.16993713378906,1.0,236.88682556152344,255.68023681640625,1.0,197.56704711914062,252.8076629638672,0.9999998807907104,253.42819213867188,279.22625732421875,1.0
163,260.5347900390625,205.5035858154297,1.0,246.34022521972656,236.23681640625,1.0,228.0941162109375,209.1159210205078,1.0,213.03024291992188,202.47171020507812,1.0,269.0183410644531,235.78343200683594,1.0,280.0207824707031,243.19699096679688,1.0,236.68893432617188,255.50555419921875,1.0,197.65225219726562,252.50535583496094,0.9999998807907104,253.52981567382812,279.0647277832031,1.0
164,262.0024719238281,204.87120056152344,1.0,247.1343231201172,235.7301483154297,1.0,229.81097412109375,208.9924774169922,1.0,214.25665283203125,202.01304626464844,1.0,269.5765075683594,235.7776336669922,1.0,280.1445617675781,243.2526397705078,1.0,236.90618896484375,255.13641357421875,0.9999998807907104,199.06991577148438,252.49575805664062,0.9999997615814209,253.40208435058594,279.346435546875,1.0
165,262.4602355957031,204.91122436523438,1.0,247.65658569335938,235.2771759033203,1.0,230.68338012695312,208.0845184326172,1.0,215.1768798828125,201.39596557617188,1.0,270.06304931640625,236.25901794433594,1.0,280.652587890625,243.84767150878906,1.0,237.3629608154297,255.0601043701172,0.9999997615814209,198.94554138183594,251.00543212890625,0.9999997615814209,253.0980987548828,279.5089111328125,1.0
166,262.6573791503906,204.9972686767578,1.0,248.18463134765625,234.9673309326172,0.9999998807907104,231.40538024902344,208.1879425048828,1.0,215.44606018066406,201.49240112304688,1.0,270.8427429199219,236.23550415039062,1.0,280.7330017089844,244.5529327392578,1.0,237.96798706054688,254.5912628173828,0.9999996423721313,199.2892608642578,250.85885620117188,0.9999996423721313,253.29647827148438,279.3763122558594,1.0
167,262.9992370605469,205.0520782470703,0.9999998807907104,248.35079956054688,235.26565551757812,0.9999998807907104,231.2961883544922,208.2736053466797,1.0,215.3069305419922,201.2898406982422,1.0,271.2156677246094,236.36172485351562,1.0,280.9582824707031,244.8322296142578,1.0,238.00416564941406,254.6110382080078,0.9999997615814209,199.1268310546875,250.37820434570312,0.9999996423721313,253.4814910888672,278.90594482421875,1.0
168,264.252685546875,205.27584838867188,0.9999997615814209,248.5879669189453,235.39122009277344,0.9999998807907104,231.8158416748047,208.3318328857422,1.0,215.8555145263672,201.43563842773438,1.0,271.3438415527344,236.3786163330078,1.0,281.2752380371094,245.31785583496094,1.0,238.09317016601562,254.40524291992188,0.9999996423721313,199.3734893798828,250.05027770996094,0.9999996423721313,253.5280303955078,278.93695068359375,1.0
169,264.2210693359375,205.45460510253906,0.9999997615814209,248.5970916748047,235.5101776123047,0.9999998807907104,232.16665649414062,208.13546752929688,1.0,215.9662322998047,201.4290008544922,1.0,271.5426940917969,236.50636291503906,1.0,281.4599609375,245.50588989257812,1.0,238.25103759765625,254.24118041992188,0.9999995231628418,200.0771942138672,249.9532012939453,0.9999992847442627,253.75013732910156,278.66534423828125,1.0
170,264.2218933105469,205.99517822265625,0.9999997615814209,250.1551971435547,235.49124145507812,0.9999998807907104,232.79345703125,208.15887451171875,1.0,217.28054809570312,201.48126220703125,1.0,271.51910400390625,236.5635528564453,1.0,281.6288146972656,245.87054443359375,1.0,238.87890625,254.31080627441406,0.9999996423721313,202.34275817871094,249.2293243408203,0.9999995231628418,254.3192138671875,278.6003112792969,1.0
171,264.7112121582031,206.4097137451172,0.9999996423721313,249.4943084716797,235.4789581298828,0.9999998807907104,232.7954864501953,208.2769012451172,1.0,217.81678771972656,201.8238067626953,1.0,271.491455078125,236.65005493164062,1.0,281.521484375,245.79058837890625,1.0,239.2937774658203,254.34071350097656,0.9999996423721313,202.66197204589844,249.27142333984375,0.9999995231628418,254.5970916748047,278.7421569824219,1.0
172,264.77197265625,206.63766479492188,0.9999996423721313,250.63015747070312,235.78720092773438,0.9999998807907104,232.9386749267578,208.26852416992188,1.0,217.95167541503906,201.88510131835938,1.0,271.26495361328125,236.84141540527344,1.0,281.30670166015625,245.8372802734375,1.0,239.41720581054688,254.3206024169922,0.9999997615814209,202.58729553222656,248.94129943847656,0.9999995231628418,254.9395294189453,279.0199890136719,1.0
173,264.8005676269531,206.69210815429688,0.9999996423721313,250.55767822265625,235.45578002929688,0.9999998807907104,232.88284301757812,208.2716064453125,1.0,217.993896484375,201.7284698486328,1.0,271.38427734375,236.80471801757812,1.0,281.3906555175781,245.86050415039062,1.0,239.4268341064453,254.20201110839844,0.9999997615814209,202.7098846435547,249.364990234375,0.9999995231628418,254.56126403808594,279.0978698730469,1.0
174,266.4303283691406,207.7378387451172,0.9999997615814209,251.30319213867188,236.076171875,0.9999998807907104,234.9868927001953,207.8128204345703,1.0,219.43063354492188,201.5845947265625,1.0,271.5563659667969,237.6974639892578,1.0,281.56817626953125,246.41554260253906,1.0,239.47015380859375,253.944580078125,0.9999997615814209,202.3637237548828,247.98574829101562,0.9999995231628418,255.2378387451172,279.1145935058594,1.0
175,267.2681884765625,207.13845825195312,0.9999997615814209,253.87705993652344,234.1496124267578,1.0,238.25942993164062,207.4234619140625,1.0,223.26226806640625,200.7731170654297,1.0,274.4893798828125,239.00955200195312,1.0,284.02178955078125,246.4538116455078,1.0,242.64627075195312,252.97085571289062,1.0,205.56137084960938,248.4920654296875,0.9999992847442627,256.9754333496094,277.3851013183594,1.0
176,269.51568603515625,207.5074462890625,0.9999997615814209,256.5030517578125,233.85125732421875,0.9999998807907104,239.169677734375,207.07986450195312,1.0,225.36659240722656,200.88677978515625,1.0,275.3690490722656,238.54249572753906,1.0,284.9364318847656,246.44488525390625,1.0,245.0712127685547,251.8459014892578,1.0,206.09170532226562,247.6202392578125,0.9999997615814209,259.75494384765625,275.5030822753906,1.0
177,269.784423828125,206.8517303466797,0.9999998807907104,257.3260803222656,232.74122619628906,0.9999998807907104,239.58065795898438,206.91725158691406,1.0,224.81455993652344,200.66714477539062,1.0,276.06036376953125,237.98272705078125,1.0,285.5461120605469,246.0909881591797,1.0,246.1077423095703,250.9793243408203,1.0,207.8732452392578,247.57460021972656,0.9999996423721313,260.792724609375,274.92041015625,1.0
178,270.85919189453125,206.4838104248047,0.9999997615814209,257.9698791503906,232.9851531982422,0.9999997615814209,240.2788543701172,206.95982360839844,1.0,225.0557098388672,200.41026306152344,1.0,276.3151550292969,237.86428833007812,1.0,285.6107177734375,245.66917419433594,1.0,246.80508422851562,251.3697509765625,1.0,207.9755401611328,248.08053588867188,0.9999995231628418,261.44439697265625,274.75732421875,1.0
179,270.7148742675781,206.70327758789062,0.9999997615814209,257.8406677246094,232.76150512695312,0.9999998807907104,240.34259033203125,207.0081024169922,1.0,225.46527099609375,200.3391571044922,1.0,276.3486633300781,237.64012145996094,1.0,285.5272521972656,245.34161376953125,1.0,247.50360107421875,251.57412719726562,1.0,208.7187957763672,247.70574951171875,0.9999997615814209,262.057861328125,274.4911193847656,1.0
180,272.0416259765625,206.71665954589844,0.9999998807907104,260.16522216796875,231.50123596191406,1.0,241.69581604003906,206.79644775390625,1.0,225.99827575683594,199.70034790039062,1.0,277.29840087890625,237.79037475585938,1.0,285.8205871582031,245.25254821777344,1.0,249.08157348632812,250.43618774414062,0.9999997615814209,210.58958435058594,247.48812866210938,0.9999997615814209,262.244384765625,274.3093566894531,1.0
181,272.6446228027344,205.85421752929688,1.0,260.7593078613281,229.5253448486328,1.0,241.98370361328125,206.19090270996094,1.0,225.76309204101562,199.3819580078125,1.0,277.45452880859375,236.8865966796875,1.0,286.2655334472656,244.72523498535156,1.0,250.84190368652344,248.14767456054688,0.9999998807907104,211.4053192138672,246.39549255371094,0.9999998807907104,263.093505859375,272.3935241699219,1.0
182,271.87164306640625,204.89024353027344,1.0,261.2646789550781,227.76522827148438,1.0,241.78028869628906,204.8837432861328,1.0,226.62637329101562,198.71823120117188,1.0,277.1402893066406,235.59329223632812,1.0,285.517822265625,244.0504913330078,1.0,251.69009399414062,245.9384765625,1.0,211.24171447753906,244.12294006347656,0.9999998807907104,262.7905578613281,270.5609130859375,1.0
183,271.80657958984375,205.03968811035156,1.0,261.48760986328125,227.4277801513672,1.0,241.91883850097656,205.17576599121094,1.0,226.3612518310547,198.65109252929688,1.0,277.1675109863281,235.5886993408203,1.0,285.9267272949219,243.74510192871094,1.0,251.9235382080078,245.4737091064453,1.0,211.14215087890625,244.08221435546875,0.9999998807907104,262.5987548828125,270.5263977050781,1.0
184,270.98699951171875,203.47398376464844,1.0,260.0006408691406,225.79345703125,1.0,240.36770629882812,203.63027954101562,1.0,225.46136474609375,197.4505157470703,1.0,276.2516174316406,233.86709594726562,1.0,285.069091796875,242.15017700195312,1.0,250.987060546875,244.1141815185547,1.0,210.598388671875,242.91110229492188,0.9999998807907104,262.7066955566406,268.5437927246094,1.0
185,269.81134033203125,202.39012145996094,0.9999998807907104,258.3991394042969,223.68722534179688,1.0,238.8491668701172,202.87625122070312,1.0,224.53273010253906,195.4126434326172,1.0,275.8079528808594,232.6070556640625,1.0,284.824951171875,240.98365783691406,1.0,250.2831573486328,242.04994201660156,1.0,210.6992645263672,241.61781311035156,0.9999997615814209,262.256103515625,267.18328857421875,1.0
186,270.3246154785156,201.65940856933594,0.9999998807907104,258.70654296875,222.79525756835938,1.0,239.96925354003906,202.14938354492188,1.0,225.25721740722656,194.8994903564453,1.0,275.9117126464844,231.8181915283203,1.0,284.2324523925781,240.16357421875,1.0,249.67581176757812,240.4959716796875,1.0,210.4456329345703,240.10235595703125,0.9999995231628418,262.930419921875,266.2694396972656,1.0
187,270.5798645019531,201.7958984375,0.9999998807907104,259.17645263671875,222.20433044433594,1.0,240.23843383789062,202.15611267089844,1.0,225.5424346923828,195.15475463867188,1.0,276.07403564453125,231.5950469970703,1.0,284.6083679199219,240.1741180419922,1.0,250.106689453125,239.98294067382812,1.0,210.35525512695312,241.11383056640625,0.9999996423721313,262.9866027832031,265.95880126953125,1.0
188,271.24249267578125,201.78475952148438,0.9999998807907104,259.405517578125,222.35934448242188,1.0,240.19171142578125,201.94387817382812,1.0,225.2881317138672,195.02166748046875,1.0,276.3004150390625,231.51416015625,1.0,284.4520568847656,240.2521514892578,1.0,249.84661865234375,239.93975830078125,1.0,210.6204833984375,240.2692108154297,0.9999995231628418,263.2547302246094,265.711669921875,1.0
189,271.746337890625,201.62779235839844,1.0,260.79595947265625,220.94039916992188,1.0,241.31344604492188,200.9339599609375,1.0,225.93296813964844,194.77200317382812,1.0,276.7967224121094,230.321533203125,1.0,284.5008544921875,239.40805053710938,1.0,251.8806915283203,238.1856689453125,0.9999998807907104,211.75572204589844,239.12254333496094,0.9999997615814209,263.9927673339844,264.888671875,1.0
190,273.17755126953125,198.43270874023438,1.0,261.9964294433594,218.2077178955078,1.0,241.64825439453125,199.33287048339844,1.0,225.8316650390625,193.76565551757812,1.0,277.3720397949219,228.31922912597656,1.0,285.2386779785156,237.4907684326172,1.0,253.3980712890625,234.0459442138672,0.9999998807907104,212.7084503173828,237.08636474609375,0.9999995231628418,263.64068603515625,263.1808166503906,1.0
191,272.9893798828125,198.0129852294922,1.0,262.8161926269531,216.2288818359375,1.0,241.3184051513672,198.5700225830078,1.0,226.65866088867188,192.20826721191406,1.0,278.4769592285156,227.668701171875,1.0,286.9380187988281,236.65525817871094,1.0,255.32455444335938,230.91749572753906,1.0,213.12986755371094,234.83399963378906,0.9999995231628418,265.29852294921875,261.1524353027344,1.0
192,273.4603271484375,197.09840393066406,1.0,263.1741027832031,215.90533447265625,1.0,241.94151306152344,197.8616485595703,1.0,227.4609832763672,191.34889221191406,1.0,278.8800354003906,226.6006317138672,1.0,287.6175842285156,235.38351440429688,1.0,255.22000122070312,231.15338134765625,1.0,213.21510314941406,233.94940185546875,0.9999990463256836,265.64312744140625,259.7908020019531,1.0
193,272.551513671875,195.51002502441406,1.0,262.1016540527344,213.57130432128906,1.0,241.15818786621094,196.4926300048828,1.0,225.48699951171875,191.1003875732422,1.0,278.1546630859375,225.848876953125,1.0,285.9776611328125,235.03494262695312,1.0,253.8869171142578,229.26719665527344,1.0,213.76414489746094,233.9251251220703,0.9999990463256836,264.91693115234375,258.3907470703125,1.0
194,272.3487243652344,193.96987915039062,1.0,262.0831298828125,212.04153442382812,1.0,240.46395874023438,195.43356323242188,1.0,223.91940307617188,190.21107482910156,1.0,277.90545654296875,225.1342010498047,1.0,285.6807861328125,234.33351135253906,1.0,253.2745361328125,227.6588134765625,1.0,213.23373413085938,232.7534942626953,0.9999996423721313,263.8507385253906,256.8304748535156,0.9999998807907104
195,271.9303894042969,193.41395568847656,1.0,261.9230041503906,211.58102416992188,1.0,239.77743530273438,194.5390625,1.0,223.9290313720703,189.87232971191406,1.0,277.8024597167969,224.34219360351562,1.0,285.741455078125,233.74171447753906,1.0,253.4053192138672,227.3953857421875,1.0,213.1901397705078,232.17843627929688,0.9999998807907104,264.1199951171875,256.2379150390625,0.9999998807907104
196,272.0479431152344,193.30262756347656,1.0,260.818359375,212.22283935546875,1.0,240.155029296875,194.50730895996094,1.0,223.88795471191406,189.9160919189453,1.0,278.09832763671875,224.18453979492188,1.0,285.90643310546875,233.45298767089844,1.0,253.33668518066406,226.65744018554688,1.0,213.57275390625,231.59815979003906,0.9999998807907104,264.03076171875,255.92747497558594,0.9999998807907104
197,272.24786376953125,192.90415954589844,1.0,261.3410339355469,211.62582397460938,1.0,240.50042724609375,194.41929626464844,1.0,223.2698211669922,189.7929229736328,1.0,278.23089599609375,223.3311004638672,1.0,286.00146484375,232.81500244140625,1.0,253.93333435058594,225.79493713378906,1.0,213.55706787109375,231.63780212402344,0.9999998807907104,264.74591064453125,255.86599731445312,0.9999998807907104
198,271.7591552734375,192.2224884033203,1.0,261.9712829589844,210.06680297851562,1.0,240.22813415527344,193.5244140625,1.0,223.17271423339844,189.51571655273438,1.0,278.4715576171875,221.56625366210938,1.0,285.9219970703125,230.94210815429688,1.0,255.14358520507812,223.56771850585938,1.0,214.41261291503906,231.0724334716797,0.9999998807907104,266.40869140625,254.06626892089844,1.0
199,271.6744384765625,190.99217224121094,1.0,262.9307556152344,208.36239624023438,1.0,240.39369201660156,193.18785095214844,1.0,222.99032592773438,189.62791442871094,1.0,278.933349609375,220.65716552734375,1.0,286.640869140625,229.37222290039062,1.0,256.337890625,223.51181030273438,1.0,215.92726135253906,230.72642517089844,0.9999997615814209,269.2453308105469,252.59481811523438,1.0
200,271.5243225097656,191.09628295898438,1.0,262.9848327636719,208.45826721191406,1.0,239.81234741210938,193.1787109375,1.0,222.76719665527344,189.2684326171875,1.0,278.635986328125,220.15939331054688,1.0,286.0373229980469,228.50949096679688,1.0,256.0071716308594,223.8565216064453,0.9999998807907104,215.16661071777344,230.8840789794922,0.9999997615814209,269.1522216796875,252.53839111328125,1.0
201,270.98406982421875,191.59571838378906,1.0,262.8562927246094,209.08213806152344,1.0,239.3004913330078,193.35580444335938,1.0,222.32131958007812,189.1969757080078,1.0,278.3686218261719,220.56605529785156,1.0,285.475341796875,229.30076599121094,1.0,255.77352905273438,223.99583435058594,0.9999997615814209,214.3267822265625,230.98001098632812,0.9999997615814209,268.14453125,252.69723510742188,1.0
202,271.0765380859375,192.51646423339844,1.0,262.6922607421875,209.51805114746094,1.0,238.6127166748047,193.51368713378906,1.0,221.2152862548828,189.2129669189453,1.0,277.8589172363281,221.39849853515625,1.0,284.53326416015625,229.66213989257812,1.0,255.81280517578125,223.37838745117188,0.9999997615814209,213.37258911132812,230.62405395507812,0.9999997615814209,267.65185546875,252.6309814453125,1.0
203,270.5204772949219,192.9376678466797,1.0,262.022705078125,209.5454864501953,1.0,237.90208435058594,193.6064453125,1.0,220.59437561035156,189.5995635986328,1.0,276.9198913574219,221.10336303710938,1.0,283.5963134765625,229.36094665527344,1.0,255.78140258789062,223.32528686523438,0.9999997615814209,212.65481567382812,230.14852905273438,0.9999998807907104,267.0716857910156,252.39785766601562,1.0
204,269.8477783203125,192.97572326660156,1.0,261.80853271484375,209.2972869873047,1.0,235.3726806640625,193.13058471679688,1.0,219.3497314453125,190.17323303222656,1.0,275.9330139160156,220.98101806640625,1.0,282.73565673828125,228.9244842529297,1.0,256.216064453125,223.35415649414062,0.9999998807907104,212.08009338378906,229.87310791015625,0.9999998807907104,265.89501953125,252.6009979248047,1.0
205,269.251953125,192.47628784179688,1.0,261.709716796875,208.96771240234375,1.0,235.73333740234375,193.3000030517578,1.0,219.1226043701172,190.2920379638672,1.0,276.17034912109375,220.50848388671875,1.0,283.0372314453125,228.20657348632812,1.0,256.2324523925781,223.9254913330078,0.9999998807907104,212.02366638183594,229.93235778808594,0.9999998807907104,267.0303649902344,251.44708251953125,1.0
206,267.6665344238281,192.25140380859375,1.0,260.7847595214844,208.176513671875,1.0,235.20506286621094,193.11349487304688,1.0,217.740234375,189.88516235351562,1.0,276.0108642578125,219.86778259277344,1.0,283.28851318359375,227.2772674560547,1.0,256.045166015625,223.0134735107422,1.0,212.2616424560547,230.28509521484375,0.9999998807907104,267.08172607421875,250.14491271972656,1.0
207,267.3902587890625,191.97830200195312,1.0,260.19110107421875,207.86056518554688,1.0,234.72105407714844,192.8258819580078,1.0,217.68421936035156,188.63031005859375,1.0,275.4953918457031,219.66519165039062,1.0,281.88427734375,227.1371612548828,1.0,255.69203186035156,222.5459747314453,1.0,212.7610321044922,229.21209716796875,1.0,266.81182861328125,249.7327880859375,1.0
208,265.7252502441406,191.68853759765625,1.0,259.02581787109375,208.08682250976562,1.0,232.35812377929688,193.6403350830078,1.0,216.57037353515625,189.94036865234375,1.0,274.6808166503906,219.70455932617188,1.0,282.4788818359375,226.82957458496094,1.0,255.0034942626953,223.58497619628906,1.0,211.2457733154297,229.0420379638672,1.0,266.24127197265625,249.77638244628906,1.0
209,258.753662109375,191.22671508789062,1.0,253.5894012451172,211.37765502929688,1.0,227.60130310058594,196.24234008789062,1.0,211.69471740722656,192.74075317382812,1.0,269.6022644042969,220.7453155517578,1.0,278.06341552734375,226.93911743164062,1.0,246.4708709716797,227.98861694335938,1.0,207.11123657226562,234.6114959716797,0.9999998807907104,260.7106628417969,253.53550720214844,1.0
210,255.71389770507812,192.15713500976562,1.0,250.46188354492188,212.8971405029297,1.0,224.98312377929688,198.25743103027344,1.0,209.43081665039062,194.0608367919922,1.0,266.4884948730469,220.64878845214844,1.0,275.659912109375,228.10000610351562,1.0,243.91860961914062,230.9655303955078,1.0,205.066162109375,236.7567901611328,0.9999998807907104,258.6304931640625,255.8935546875,1.0
211,255.35447692871094,192.49530029296875,1.0,250.20687866210938,213.72093200683594,1.0,223.73587036132812,198.51394653320312,1.0,208.34683227539062,194.70635986328125,1.0,265.876708984375,220.76463317871094,1.0,275.32354736328125,228.02377319335938,1.0,243.91412353515625,232.23484802246094,1.0,204.78367614746094,237.5441436767578,0.9999998807907104,258.9368896484375,256.9487609863281,1.0
212,255.80833435058594,192.60549926757812,1.0,250.5735626220703,213.23231506347656,1.0,224.253662109375,198.71644592285156,1.0,208.4869384765625,194.72877502441406,1.0,265.9706726074219,220.5396270751953,1.0,275.3905944824219,227.90745544433594,1.0,244.66909790039062,231.57125854492188,1.0,205.68951416015625,237.62213134765625,0.9999998807907104,259.30535888671875,256.773681640625,1.0
213,256.08197021484375,192.83798217773438,1.0,250.8538818359375,213.48388671875,1.0,224.4875030517578,198.7131805419922,1.0,208.75704956054688,194.63128662109375,1.0,266.1957092285156,220.7933807373047,1.0,275.42633056640625,227.96047973632812,1.0,244.91969299316406,231.6797332763672,1.0,205.46200561523438,237.97323608398438,0.9999997615814209,259.8897705078125,256.9356384277344,1.0
214,256.0256652832031,193.4613800048828,1.0,250.3386688232422,214.2425079345703,1.0,224.45045471191406,199.55215454101562,1.0,208.89230346679688,195.0054168701172,1.0,266.182861328125,222.02774047851562,1.0,275.2445373535156,228.70675659179688,1.0,244.27297973632812,232.3607177734375,1.0,205.07373046875,237.86073303222656,0.9999998807907104,259.59649658203125,257.5592041015625,1.0
215,251.92909240722656,198.08096313476562,1.0,242.8441925048828,222.61782836914062,1.0,220.09156799316406,205.45196533203125,1.0,204.72213745117188,199.77032470703125,1.0,261.3390197753906,226.64491271972656,1.0,270.8807067871094,231.78286743164062,1.0,237.30426025390625,239.90402221679688,1.0,198.08786010742188,245.08270263671875,1.0,253.55796813964844,263.3723449707031,1.0
216,244.46783447265625,202.04006958007812,1.0,235.09683227539062,233.61814880371094,1.0,211.49794006347656,212.84732055664062,1.0,196.3257293701172,207.4059295654297,1.0,255.25425720214844,231.74510192871094,1.0,266.164306640625,235.84996032714844,1.0,227.8147735595703,250.14938354492188,1.0,191.76651000976562,253.2375030517578,1.0,247.39968872070312,270.98504638671875,0.9999997615814209
217,236.67567443847656,207.00360107421875,1.0,227.77786254882812,241.40774536132812,1.0,207.04916381835938,219.1177520751953,1.0,190.55752563476562,212.47842407226562,1.0,249.82501220703125,235.20205688476562,1.0,262.3615417480469,237.86737060546875,1.0,222.66490173339844,262.9370422363281,1.0,188.4553680419922,263.1092224121094,1.0,242.1377410888672,280.2366943359375,1.0
218,233.33164978027344,209.47618103027344,1.0,225.66758728027344,244.98773193359375,1.0,204.51675415039062,222.1125946044922,1.0,188.2123565673828,215.61587524414062,1.0,247.73927307128906,236.96255493164062,1.0,261.027099609375,239.0222930908203,1.0,220.4410400390625,266.3599853515625,1.0,185.52630615234375,266.8481750488281,0.9999998807907104,240.12342834472656,282.46905517578125,1.0
219,232.06283569335938,210.4341278076172,1.0,224.25091552734375,246.22381591796875,1.0,202.44161987304688,222.70208740234375,1.0,187.35211181640625,216.91932678222656,1.0,246.50392150878906,237.52694702148438,1.0,260.1304931640625,239.6209259033203,1.0,218.68948364257812,267.4560852050781,1.0,183.6371307373047,267.410888671875,1.0,239.16575622558594,283.5194091796875,1.0
220,231.1605682373047,211.23849487304688,1.0,222.6717529296875,247.11233520507812,1.0,201.80850219726562,222.72410583496094,1.0,185.8318328857422,216.78268432617188,1.0,245.95309448242188,237.80772399902344,1.0,260.0107116699219,239.77481079101562,1.0,215.99887084960938,267.3031921386719,1.0,182.54367065429688,267.8844299316406,1.0,238.611083984375,283.6369934082031,1.0
221,231.0877685546875,211.68408203125,1.0,221.8514404296875,247.99343872070312,1.0,201.2545928955078,223.0004425048828,1.0,185.39437866210938,216.96913146972656,1.0,245.95404052734375,238.0782012939453,1.0,260.2567443847656,239.82601928710938,1.0,215.51536560058594,267.8099670410156,1.0,181.9537811279297,268.3543701171875,1.0,238.7333221435547,283.7522277832031,1.0
222,231.0724639892578,211.5845489501953,1.0,221.731689453125,247.59829711914062,1.0,201.2680206298828,222.9293670654297,1.0,185.20742797851562,217.091796875,1.0,246.02223205566406,238.07623291015625,1.0,260.22509765625,239.83621215820312,1.0,215.3307647705078,267.7561950683594,1.0,182.1715087890625,268.608154296875,1.0,238.34884643554688,283.9915771484375,1.0
223,226.6372833251953,206.81253051757812,1.0,216.9185028076172,243.28404235839844,1.0,197.22323608398438,220.03468322753906,1.0,181.07728576660156,214.86245727539062,1.0,240.80914306640625,234.2265625,1.0,256.5372314453125,236.88992309570312,1.0,211.52235412597656,265.8563232421875,1.0,178.40695190429688,267.22119140625,1.0,235.32655334472656,281.9559326171875,1.0
224,222.83973693847656,205.21713256835938,1.0,212.18177795410156,242.7371063232422,1.0,194.46507263183594,218.9167022705078,1.0,178.5847930908203,215.164794921875,1.0,238.76454162597656,232.55349731445312,1.0,253.7523193359375,233.8671875,1.0,207.1838836669922,263.2444763183594,1.0,175.49513244628906,265.0657043457031,1.0,232.22311401367188,280.5013732910156,1.0
225,222.06903076171875,204.86073303222656,1.0,210.88328552246094,242.87908935546875,1.0,193.8150634765625,218.81399536132812,1.0,177.6024169921875,215.0926513671875,1.0,238.38954162597656,231.9341278076172,1.0,253.36558532714844,233.72471618652344,1.0,205.81939697265625,262.87896728515625,1.0,174.73533630371094,265.48529052734375,1.0,231.7270050048828,280.2243347167969,1.0
226,220.54251098632812,204.92779541015625,1.0,209.92311096191406,241.62423706054688,1.0,192.7666015625,218.78067016601562,1.0,177.03541564941406,215.0069122314453,1.0,237.86412048339844,231.17774963378906,1.0,252.64956665039062,233.55178833007812,1.0,204.64163208007812,262.37847900390625,1.0,173.30799865722656,264.89764404296875,1.0,230.74253845214844,280.0443420410156,1.0
227,219.57781982421875,204.65084838867188,1.0,208.95388793945312,241.01585388183594,1.0,192.1141815185547,218.7434844970703,1.0,176.25535583496094,215.1332550048828,1.0,237.4681396484375,231.12303161621094,1.0,252.34715270996094,233.0797576904297,1.0,203.49871826171875,261.94805908203125,1.0,172.81106567382812,264.9897155761719,1.0,230.57589721679688,279.49383544921875,1.0
228,218.87281799316406,204.61773681640625,1.0,208.19090270996094,241.3267059326172,1.0,191.37384033203125,218.7275848388672,1.0,175.81727600097656,215.17835998535156,1.0,236.83155822753906,230.7904052734375,1.0,251.93551635742188,233.2350616455078,1.0,203.09104919433594,261.9607849121094,1.0,172.56227111816406,265.3993835449219,1.0,230.40138244628906,279.4486083984375,1.0
229,218.68829345703125,204.69944763183594,1.0,208.24856567382812,241.40350341796875,1.0,191.4203643798828,218.80369567871094,1.0,175.69122314453125,215.24697875976562,1.0,236.81578063964844,230.71295166015625,1.0,251.83511352539062,233.1407012939453,1.0,203.15846252441406,261.7751770019531,1.0,172.56832885742188,265.3863525390625,1.0,230.39859008789062,279.4529724121094,1.0
230,218.71713256835938,204.8860321044922,1.0,208.19776916503906,241.39744567871094,1.0,191.46055603027344,218.7281036376953,1.0,175.4003448486328,215.2686767578125,1.0,236.6540985107422,230.6313018798828,1.0,251.61891174316406,232.88128662109375,1.0,203.07601928710938,261.5068359375,1.0,172.49005126953125,265.3243103027344,1.0,230.2595672607422,279.6465148925781,1.0
231,218.46981811523438,204.27456665039062,1.0,208.1128692626953,241.27313232421875,1.0,191.29171752929688,218.57235717773438,1.0,175.27377319335938,215.3737335205078,1.0,236.40745544433594,230.69126892089844,1.0,251.45068359375,232.8183135986328,1.0,203.0028076171875,261.6635437011719,1.0,172.32960510253906,265.4583740234375,1.0,230.16932678222656,279.6299133300781,1.0
232,218.1278839111328,204.3569793701172,1.0,207.63006591796875,241.2638397216797,1.0,190.79733276367188,218.54901123046875,1.0,174.620849609375,215.60845947265625,1.0,236.0987091064453,230.4869384765625,1.0,251.0879669189453,232.48260498046875,1.0,202.57376098632812,261.6572570800781,1.0,171.3820037841797,265.56304931640625,1.0,230.1416473388672,279.4596252441406,1.0
233,218.0146026611328,204.4903106689453,1.0,207.4034881591797,241.1953582763672,1.0,190.7795867919922,218.5275115966797,1.0,174.18507385253906,215.60850524902344,1.0,235.86611938476562,230.52658081054688,1.0,251.1159210205078,232.54397583007812,1.0,202.4562530517578,261.5555114746094,1.0,170.95098876953125,265.58544921875,1.0,230.25198364257812,279.22808837890625,1.0
234,217.4581298828125,204.68711853027344,1.0,206.78134155273438,241.02560424804688,1.0,190.60128784179688,218.7156219482422,1.0,174.09104919433594,215.5025177001953,1.0,235.74745178222656,230.45057678222656,1.0,250.95895385742188,232.2833709716797,1.0,202.03848266601562,261.4233093261719,1.0,170.67343139648438,265.579345703125,1.0,230.1293487548828,279.2286071777344,1.0
235,217.02330017089844,204.7294464111328,1.0,206.3736572265625,241.1629180908203,1.0,190.2182159423828,218.72923278808594,1.0,173.28530883789062,215.49327087402344,1.0,235.3857879638672,230.35498046875,1.0,250.5744171142578,232.26954650878906,1.0,201.62564086914062,261.5353088378906,1.0,170.08087158203125,265.5520324707031,1.0,229.65101623535156,279.3565979003906,1.0
236,216.67068481445312,204.61990356445312,1.0,205.71095275878906,240.81573486328125,1.0,189.23892211914062,218.1609344482422,1.0,172.60552978515625,215.2897186279297,1.0,234.29747009277344,230.01638793945312,1.0,249.9098663330078,232.14097595214844,1.0,200.92539978027344,261.2840881347656,1.0,169.74571228027344,265.84979248046875,1.0,229.69692993164062,279.423583984375,1.0
237,216.42257690429688,204.3324432373047,1.0,205.51116943359375,240.51551818847656,1.0,188.77334594726562,217.94171142578125,1.0,172.70924377441406,215.41281127929688,1.0,234.1514892578125,229.32180786132812,1.0,249.47239685058594,231.69534301757812,1.0,200.7113800048828,261.4239501953125,1.0,169.78472900390625,266.10791015625,1.0,229.5353546142578,279.25701904296875,1.0
238,216.34259033203125,204.1827392578125,1.0,205.26927185058594,240.4400177001953,1.0,188.90899658203125,217.70982360839844,1.0,172.62380981445312,215.27737426757812,1.0,234.0001678466797,229.16720581054688,1.0,249.29592895507812,231.4081268310547,1.0,200.6107940673828,261.4781494140625,1.0,169.4355926513672,265.79296875,1.0,229.5314483642578,279.3241882324219,1.0
239,216.4416961669922,204.14955139160156,1.0,205.22386169433594,240.55503845214844,1.0,188.61802673339844,217.6595916748047,1.0,172.4664306640625,215.11424255371094,1.0,234.00958251953125,229.23497009277344,1.0,249.32252502441406,231.36087036132812,1.0,200.53704833984375,261.4131774902344,1.0,169.35743713378906,266.1405334472656,1.0,229.3378143310547,279.1216735839844,1.0
240,216.13967895507812,203.8785858154297,1.0,205.19000244140625,240.68414306640625,1.0,188.5635528564453,217.66220092773438,1.0,172.67654418945312,215.35986328125,1.0,233.9766845703125,229.16062927246094,1.0,249.45465087890625,231.37623596191406,1.0,200.31353759765625,261.4092712402344,1.0,168.9007110595703,265.51580810546875,1.0,229.20596313476562,278.97650146484375,1.0
241,215.84434509277344,203.7786407470703,1.0,205.29519653320312,240.19863891601562,1.0,188.625244140625,217.71397399902344,1.0,172.70355224609375,215.3231201171875,1.0,233.7657012939453,229.238525390625,1.0,249.29237365722656,231.57167053222656,1.0,200.35435485839844,261.8248291015625,1.0,169.00125122070312,265.7314147949219,1.0,228.6924591064453,278.82275390625,1.0
242,215.1170654296875,203.35906982421875,1.0,203.50054931640625,239.77947998046875,1.0,187.96710205078125,217.54905700683594,1.0,172.3773651123047,215.0957794189453,1.0,233.36880493164062,228.739990234375,1.0,248.86190795898438,231.1489715576172,1.0,199.5826416015625,261.05810546875,1.0,168.61532592773438,265.3199768066406,1.0,227.91001892089844,277.7243347167969,1.0
243,214.59616088867188,202.8817596435547,1.0,203.05355834960938,239.17483520507812,1.0,186.93385314941406,217.6637725830078,1.0,171.103759765625,215.13096618652344,1.0,231.79734802246094,228.1304168701172,1.0,247.5306854248047,229.7135467529297,1.0,199.4033660888672,260.8876647949219,1.0,168.08212280273438,265.1062927246094,1.0,227.99349975585938,277.2852783203125,1.0
244,214.46107482910156,202.79664611816406,1.0,202.7942657470703,239.39398193359375,1.0,186.76365661621094,218.17181396484375,1.0,170.1477813720703,214.84983825683594,1.0,231.81292724609375,228.19174194335938,1.0,247.4247283935547,229.90711975097656,1.0,199.29905700683594,260.8421936035156,1.0,167.88990783691406,264.995849609375,1.0,227.86312866210938,277.4482727050781,1.0
245,214.8280029296875,202.71914672851562,1.0,202.98080444335938,239.15048217773438,1.0,186.79005432128906,218.1212615966797,1.0,170.328369140625,215.16519165039062,1.0,232.0147705078125,228.1569366455078,1.0,247.54856872558594,230.0264892578125,1.0,199.44361877441406,260.78399658203125,1.0,168.2782440185547,265.2501220703125,1.0,228.13133239746094,277.3388977050781,1.0
246,215.90261840820312,203.69932556152344,1.0,205.26080322265625,239.64193725585938,1.0,189.1430206298828,217.6151580810547,1.0,171.61363220214844,215.50648498535156,1.0,234.43096923828125,228.3723602294922,1.0,248.91064453125,229.46017456054688,1.0,201.0909423828125,261.6268005371094,1.0,169.7557830810547,265.5717468261719,1.0,229.2731475830078,277.7689514160156,1.0
247,224.22630310058594,203.18063354492188,1.0,215.8983917236328,239.108154296875,1.0,195.86886596679688,217.02981567382812,1.0,179.2345428466797,214.48486328125,1.0,241.37750244140625,228.50047302246094,1.0,255.27317810058594,231.08790588378906,1.0,211.1614990234375,260.55364990234375,1.0,178.52818298339844,264.6546325683594,1.0,235.6161651611328,277.2369384765625,1.0
248,229.02743530273438,202.80157470703125,1.0,220.9063720703125,238.8294677734375,1.0,199.74851989746094,215.96461486816406,1.0,182.07391357421875,214.1845245361328,1.0,244.6656036376953,228.236083984375,1.0,258.1445617675781,231.80882263183594,1.0,217.3134002685547,260.6429443359375,1.0,183.1071319580078,265.2418212890625,1.0,239.86143493652344,277.176513671875,1.0
249,231.0058135986328,203.0955352783203,1.0,223.95077514648438,238.372802734375,1.0,201.6430206298828,216.14059448242188,1.0,183.7100067138672,214.561767578125,1.0,246.4790496826172,228.2950897216797,1.0,259.52423095703125,232.53294372558594,1.0,219.6658477783203,260.6376037597656,1.0,185.3470001220703,264.5481872558594,1.0,241.40866088867188,277.40447998046875,1.0
250,231.9929656982422,203.7916259765625,1.0,225.97531127929688,239.4748992919922,1.0,203.32534790039062,217.38758850097656,1.0,184.75704956054688,214.7902069091797,1.0,248.27960205078125,228.8271942138672,1.0,260.86480712890625,233.28076171875,1.0,221.68075561523438,261.9375,1.0,186.54542541503906,265.480712890625,1.0,243.20614624023438,278.152587890625,1.0
251,232.3828125,203.93116760253906,1.0,227.38107299804688,240.51548767089844,1.0,203.77122497558594,217.64549255371094,1.0,185.31707763671875,215.1253662109375,1.0,248.6165313720703,228.89852905273438,1.0,261.7071228027344,233.04310607910156,1.0,223.60064697265625,262.6947326660156,1.0,188.5662841796875,266.52777099609375,1.0,245.15635681152344,278.5953369140625,1.0
252,233.1339111328125,203.96267700195312,1.0,228.91595458984375,241.36923217773438,1.0,204.16287231445312,217.83062744140625,1.0,185.88821411132812,215.7838897705078,1.0,249.1674041748047,228.53170776367188,1.0,261.8902893066406,232.63450622558594,1.0,225.5510711669922,262.6566467285156,1.0,190.368408203125,267.27154541015625,1.0,246.8953857421875,277.72454833984375,1.0
253,233.66766357421875,204.21585083007812,1.0,230.0068359375,241.2538604736328,1.0,204.31423950195312,217.89549255371094,1.0,186.29103088378906,215.80465698242188,1.0,249.61212158203125,228.7306671142578,1.0,262.22442626953125,232.66358947753906,1.0,226.96676635742188,262.9370422363281,1.0,192.13307189941406,267.8218994140625,1.0,247.64443969726562,278.14453125,1.0
254,234.51600646972656,204.73890686035156,1.0,230.80035400390625,241.32843017578125,1.0,204.85968017578125,218.19325256347656,1.0,186.8745574951172,215.88841247558594,1.0,250.341796875,228.83360290527344,1.0,262.6654052734375,232.72552490234375,1.0,227.76504516601562,263.2264099121094,1.0,191.97491455078125,268.1479797363281,1.0,248.34701538085938,278.3524169921875,1.0
255,235.359130859375,204.63856506347656,1.0,231.52618408203125,241.3177947998047,1.0,205.1944122314453,218.10337829589844,1.0,186.88333129882812,216.11627197265625,1.0,250.85484313964844,228.64552307128906,1.0,262.7738952636719,232.18173217773438,1.0,228.65591430664062,263.1839599609375,1.0,192.3009033203125,268.4605712890625,1.0,249.69192504882812,278.54931640625,1.0
256,235.87916564941406,204.75131225585938,1.0,232.89698791503906,242.03125,1.0,205.4594268798828,218.60311889648438,1.0,187.80722045898438,216.85610961914062,1.0,250.64939880371094,228.7423858642578,1.0,263.62646484375,231.6298065185547,1.0,230.4971160888672,262.9043884277344,1.0,193.2803497314453,269.2511291503906,1.0,251.49246215820312,278.8602600097656,1.0
257,236.44635009765625,204.4546661376953,1.0,234.00686645507812,241.64987182617188,1.0,205.64926147460938,218.36593627929688,1.0,187.8672332763672,216.8614044189453,1.0,251.2755584716797,228.43844604492188,1.0,264.1873474121094,230.60693359375,1.0,231.87745666503906,262.8359375,1.0,194.01063537597656,269.4287109375,1.0,252.5824737548828,278.1846008300781,1.0
258,236.822021484375,204.3953857421875,1.0,234.78028869628906,241.5634765625,1.0,205.87322998046875,218.38160705566406,1.0,188.0666961669922,216.21441650390625,1.0,251.8528289794922,228.7090606689453,1.0,264.4642028808594,229.98123168945312,1.0,232.53836059570312,262.7807312011719,1.0,194.19114685058594,269.7500915527344,1.0,253.305908203125,277.6502380371094,1.0
259,237.3597412109375,203.93174743652344,1.0,235.44888305664062,241.37413024902344,1.0,206.16038513183594,218.6074676513672,1.0,188.28182983398438,216.37710571289062,1.0,252.248779296875,228.81239318847656,1.0,264.4076232910156,229.42759704589844,1.0,233.65748596191406,261.9090881347656,1.0,194.6846160888672,270.0845031738281,1.0,253.92530822753906,277.45648193359375,1.0
260,237.96755981445312,203.2431640625,1.0,236.8172607421875,241.1190948486328,1.0,206.57789611816406,218.89599609375,1.0,188.48291015625,216.52804565429688,1.0,252.5725860595703,227.88108825683594,1.0,264.72283935546875,229.1164093017578,1.0,234.88880920410156,262.043701171875,1.0,195.4285125732422,270.0083312988281,1.0,255.2455596923828,276.8846130371094,1.0
261,237.38522338867188,199.933349609375,1.0,239.04385375976562,239.64797973632812,1.0,206.61917114257812,218.86256408691406,1.0,188.38937377929688,217.31170654296875,1.0,253.0364227294922,224.55477905273438,1.0,264.9579772949219,227.54193115234375,1.0,238.26553344726562,260.8780212402344,1.0,197.56332397460938,269.7898254394531,1.0,257.8163146972656,274.8211975097656,1.0
262,236.61846923828125,199.25428771972656,1.0,238.28369140625,237.50872802734375,1.0,206.8355712890625,218.00828552246094,1.0,188.29405212402344,216.73275756835938,1.0,253.5937957763672,221.65553283691406,1.0,264.8348388671875,225.0150604248047,1.0,238.4185028076172,259.1234436035156,1.0,198.804931640625,269.4005432128906,1.0,259.7795715332031,272.9030456542969,1.0
263,236.34901428222656,199.20018005371094,1.0,238.7218017578125,236.6765899658203,1.0,206.5587921142578,217.3961639404297,1.0,188.17030334472656,216.70912170410156,1.0,253.57217407226562,221.33505249023438,1.0,264.81561279296875,224.21145629882812,1.0,238.67013549804688,258.1546325683594,1.0,199.12237548828125,268.6659851074219,1.0,260.2788391113281,272.219482421875,1.0
264,236.47720336914062,198.23611450195312,1.0,239.18215942382812,236.75421142578125,1.0,206.43113708496094,217.0724639892578,1.0,188.3025665283203,216.6614990234375,1.0,253.0377960205078,221.20550537109375,1.0,265.1060791015625,224.39732360839844,1.0,238.4326171875,258.19439697265625,1.0,199.0143585205078,268.2063293457031,0.9999998807907104,260.5408935546875,272.0575256347656,1.0
265,236.49203491210938,198.22926330566406,1.0,240.00274658203125,236.671142578125,1.0,206.48184204101562,217.05921936035156,1.0,188.47531127929688,216.78611755371094,1.0,253.208984375,221.4619903564453,1.0,265.1573791503906,224.62059020996094,1.0,239.3259735107422,257.95184326171875,1.0,199.1827392578125,268.2862854003906,0.9999998807907104,261.1737060546875,272.01239013671875,1.0
266,236.36334228515625,198.25,1.0,240.19775390625,236.55386352539062,1.0,206.4505615234375,217.20587158203125,1.0,188.54000854492188,216.91500854492188,1.0,253.18670654296875,221.18646240234375,1.0,265.2430114746094,224.23355102539062,1.0,239.7072296142578,257.6534423828125,1.0,199.74378967285156,268.1762390136719,0.9999998807907104,261.24072265625,271.8663635253906,1.0
267,236.6641387939453,198.0266876220703,1.0,240.46836853027344,236.48123168945312,1.0,206.6524658203125,217.1561279296875,1.0,188.5133819580078,216.8986053466797,1.0,253.22877502441406,220.90261840820312,1.0,265.3492431640625,223.81214904785156,1.0,240.17356872558594,257.80035400390625,1.0,199.5906982421875,268.32318115234375,0.9999998807907104,261.3355407714844,272.063232421875,1.0
268,236.3682861328125,197.77078247070312,1.0,240.7567901611328,236.31333923339844,1.0,206.43170166015625,217.1212615966797,1.0,188.6977081298828,216.7812957763672,1.0,253.44406127929688,221.0866241455078,1.0,265.5382995605469,223.81813049316406,1.0,240.61061096191406,257.7054138183594,1.0,199.5753173828125,268.3181457519531,0.9999998807907104,261.6908264160156,271.77545166015625,1.0
269,236.4877166748047,197.73731994628906,1.0,240.881103515625,236.42529296875,1.0,206.7319793701172,217.11448669433594,1.0,188.70314025878906,216.86109924316406,1.0,253.33419799804688,220.9922332763672,1.0,265.40948486328125,223.58238220214844,1.0,240.77737426757812,257.746826171875,1.0,199.8067169189453,268.3326110839844,0.9999998807907104,261.9606628417969,271.5645751953125,1.0
270,236.1957244873047,198.12583923339844,1.0,240.6883544921875,236.29574584960938,1.0,206.55621337890625,217.7432098388672,1.0,187.8128204345703,217.98048400878906,1.0,253.47659301757812,220.8995819091797,1.0,265.6964111328125,223.3363037109375,1.0,241.1865692138672,257.71514892578125,1.0,200.46865844726562,268.3712463378906,0.9999998807907104,262.0351257324219,271.4602355957031,1.0
271,235.33856201171875,198.3740692138672,1.0,240.2317352294922,236.8360137939453,1.0,205.79725646972656,218.3013153076172,1.0,187.64915466308594,218.54249572753906,1.0,253.34515380859375,220.96707153320312,1.0,265.6019592285156,223.26976013183594,1.0,240.68118286132812,258.3844299316406,1.0,200.73875427246094,270.43310546875,0.9999997615814209,262.29150390625,271.55718994140625,1.0
272,235.5713653564453,198.498779296875,1.0,240.47360229492188,237.17868041992188,1.0,206.20382690429688,218.71539306640625,1.0,188.14659118652344,218.83441162109375,1.0,253.37644958496094,221.28973388671875,1.0,265.60235595703125,223.2792205810547,1.0,241.24281311035156,259.5133056640625,1.0,200.6994171142578,271.18951416015625,1.0,262.9879150390625,272.5328674316406,1.0
273,235.6176300048828,199.12998962402344,1.0,240.49217224121094,237.31964111328125,1.0,206.32260131835938,219.4698486328125,1.0,188.79969787597656,219.40599060058594,1.0,253.2882843017578,221.57171630859375,1.0,265.6257019042969,223.35049438476562,1.0,241.24832153320312,260.01177978515625,1.0,201.3306884765625,271.17242431640625,0.9999998807907104,262.8768310546875,273.40771484375,1.0
274,235.56405639648438,198.8126678466797,1.0,240.640625,237.16973876953125,1.0,206.42306518554688,219.49551391601562,1.0,188.82852172851562,219.48458862304688,1.0,253.27488708496094,221.47137451171875,1.0,265.6473388671875,223.20492553710938,1.0,241.580078125,260.1338806152344,1.0,201.03868103027344,271.41595458984375,1.0,262.932373046875,273.46673583984375,1.0
275,235.72576904296875,198.88931274414062,1.0,240.7169647216797,237.4401397705078,1.0,206.55078125,219.37600708007812,1.0,188.47731018066406,219.54042053222656,1.0,253.5274658203125,221.83935546875,1.0,265.87579345703125,223.3115234375,1.0,241.71678161621094,260.4369201660156,1.0,200.90206909179688,271.3736572265625,1.0,262.88555908203125,273.5588684082031,1.0
276,235.83206176757812,199.1351318359375,1.0,241.22213745117188,237.3886260986328,1.0,206.36952209472656,219.4912872314453,1.0,188.89703369140625,219.5841064453125,1.0,253.67210388183594,221.7644805908203,1.0,265.6841735839844,222.8684844970703,1.0,241.9393768310547,260.70343017578125,1.0,200.9278564453125,271.98492431640625,0.9999998807907104,262.89923095703125,273.4926452636719,1.0
277,235.77297973632812,199.0126953125,1.0,241.16424560546875,237.7228240966797,1.0,206.43234252929688,219.5099334716797,1.0,189.04815673828125,219.611572265625,1.0,253.7147216796875,221.99099731445312,1.0,265.6931457519531,223.00955200195312,1.0,241.88204956054688,260.9204406738281,1.0,200.77496337890625,271.470458984375,0.9999998807907104,262.8045959472656,273.538330078125,1.0
278,235.91871643066406,199.06114196777344,1.0,241.380615234375,237.81710815429688,1.0,206.52984619140625,219.57888793945312,1.0,188.9781036376953,219.73284912109375,1.0,253.73541259765625,221.931884765625,1.0,265.6943664550781,222.89776611328125,1.0,242.10862731933594,260.96844482421875,1.0,201.03457641601562,271.4061584472656,0.9999998807907104,262.8253173828125,273.6693420410156,1.0
279,235.71807861328125,199.1533203125,1.0,241.2668914794922,238.18724060058594,1.0,206.52157592773438,219.5809783935547,1.0,188.8489990234375,219.87571716308594,1.0,253.59002685546875,221.96246337890625,1.0,265.7017517089844,223.19337463378906,1.0,242.01646423339844,261.2998352050781,1.0,201.0404815673828,271.43255615234375,0.9999998807907104,262.625732421875,273.8343200683594,1.0
280,235.6226348876953,199.14151000976562,1.0,241.21511840820312,238.39004516601562,1.0,206.5035400390625,219.6576385498047,1.0,188.78538513183594,219.89942932128906,1.0,253.5931396484375,222.20021057128906,1.0,265.54132080078125,223.0945587158203,1.0,241.98953247070312,261.4254150390625,1.0,200.75473022460938,271.88970947265625,1.0,262.6469421386719,274.0028991699219,1.0
281,235.48516845703125,199.29953002929688,1.0,241.0454864501953,238.14418029785156,1.0,206.2340087890625,220.0199737548828,1.0,188.9808807373047,220.02154541015625,1.0,253.4744110107422,222.2754669189453,1.0,265.41522216796875,223.05642700195312,1.0,241.951416015625,261.3208312988281,1.0,200.86355590820312,271.8412170410156,1.0,262.59771728515625,274.0360107421875,1.0
282,235.27194213867188,199.4636688232422,1.0,240.9638671875,238.10865783691406,1.0,206.19613647460938,220.05072021484375,1.0,188.98837280273438,219.9152069091797,1.0,253.27122497558594,222.2286376953125,1.0,265.37750244140625,222.958984375,1.0,241.94146728515625,261.2488708496094,1.0,200.9084014892578,271.54705810546875,1.0,262.5733337402344,273.75201416015625,1.0
283,235.11753845214844,199.42401123046875,1.0,240.9482421875,237.99281311035156,1.0,206.1344757080078,219.99380493164062,1.0,188.742919921875,220.12489318847656,1.0,253.08834838867188,222.24368286132812,1.0,265.22210693359375,223.03553771972656,1.0,242.19174194335938,261.7314147949219,1.0,201.13320922851562,272.0048828125,1.0,262.7005310058594,273.8243713378906,1.0
284,235.20252990722656,199.53903198242188,1.0,241.3295440673828,238.1492156982422,1.0,206.33531188964844,220.00030517578125,1.0,188.7825927734375,220.15782165527344,1.0,253.14328002929688,222.3356475830078,1.0,265.2151794433594,222.90744018554688,1.0,242.62728881835938,261.9659729003906,1.0,201.82046508789062,272.5794372558594,1.0,263.58935546875,273.4908142089844,1.0
285,234.93643188476562,199.6937255859375,1.0,241.52696228027344,238.24893188476562,1.0,206.32469177246094,220.59994506835938,1.0,189.10687255859375,220.5347442626953,1.0,253.0518341064453,222.28321838378906,1.0,265.1589660644531,222.94679260253906,1.0,242.8360595703125,262.171142578125,1.0,202.50411987304688,272.7252502441406,1.0,263.8056640625,273.54058837890625,1.0
286,235.3931884765625,199.6312713623047,1.0,242.2636260986328,239.17166137695312,1.0,206.3483123779297,221.40606689453125,1.0,189.33168029785156,220.65736389160156,1.0,253.33572387695312,222.50559997558594,1.0,265.3852844238281,222.9682159423828,1.0,243.3836212158203,263.3321533203125,1.0,202.5421600341797,272.9996032714844,1.0,264.0631408691406,274.0252380371094,1.0
287,235.50901794433594,199.6927490234375,1.0,242.52053833007812,239.4124298095703,1.0,206.53953552246094,221.58828735351562,1.0,189.96580505371094,221.11441040039062,1.0,253.45333862304688,222.6521759033203,1.0,265.36199951171875,223.24916076660156,1.0,243.50894165039062,262.7445983886719,1.0,202.29940795898438,273.0462341308594,1.0,264.221923828125,274.2770080566406,1.0
288,235.2562713623047,199.91851806640625,1.0,242.99049377441406,239.5440673828125,1.0,206.57952880859375,222.0609893798828,1.0,189.9725799560547,221.6761932373047,1.0,253.56442260742188,222.67431640625,1.0,265.5108337402344,223.4566650390625,1.0,243.80430603027344,262.8243713378906,1.0,202.90403747558594,273.23199462890625,1.0,264.2750244140625,274.44927978515625,1.0
289,235.32537841796875,199.9938507080078,1.0,242.89170837402344,239.38209533691406,1.0,206.34930419921875,222.1134796142578,1.0,189.9613800048828,221.6342010498047,1.0,253.37222290039062,222.57823181152344,1.0,265.336669921875,223.2891845703125,1.0,243.75872802734375,262.6709899902344,1.0,203.08958435058594,273.59393310546875,1.0,264.26849365234375,274.3649597167969,1.0
290,235.2080535888672,199.9024200439453,1.0,242.6805877685547,239.36175537109375,1.0,206.4859619140625,222.1766815185547,1.0,189.88365173339844,221.68350219726562,1.0,253.56536865234375,222.5033721923828,1.0,265.44622802734375,223.4284210205078,1.0,243.87136840820312,262.4939270019531,1.0,203.42372131347656,273.6129455566406,1.0,264.6097717285156,274.2961120605469,1.0
291,235.435791015625,200.193359375,1.0,242.51528930664062,239.5504150390625,1.0,206.29989624023438,222.32247924804688,1.0,189.7659912109375,221.69381713867188,1.0,253.6337127685547,222.767333984375,1.0,265.58184814453125,223.47108459472656,1.0,243.8883056640625,262.41400146484375,1.0,203.0937042236328,273.8166198730469,1.0,264.47723388671875,274.5565490722656,1.0
292,235.40255737304688,200.3092803955078,1.0,242.1406707763672,239.8728790283203,1.0,206.435302734375,222.73260498046875,1.0,189.89178466796875,221.81101989746094,1.0,253.74661254882812,223.02780151367188,1.0,265.5480041503906,223.73106384277344,1.0,244.01280212402344,262.6739196777344,1.0,203.4705810546875,274.4988098144531,1.0,264.1856689453125,274.8359375,1.0
293,234.76821899414062,201.0865936279297,1.0,241.7578582763672,240.1979522705078,1.0,206.0496368408203,222.7413787841797,1.0,189.82965087890625,221.89617919921875,1.0,253.41348266601562,223.7607879638672,1.0,265.45458984375,223.6762237548828,1.0,243.2583770751953,263.9379577636719,1.0,202.9317626953125,274.7787780761719,1.0,263.80712890625,275.0832214355469,1.0
294,234.36326599121094,201.27224731445312,1.0,241.50808715820312,240.26950073242188,1.0,206.115234375,222.77235412597656,1.0,189.63209533691406,221.94061279296875,1.0,253.4535675048828,223.8296661376953,1.0,265.38751220703125,223.30218505859375,1.0,242.655029296875,263.999755859375,1.0,202.64393615722656,274.3316650390625,1.0,263.3114318847656,275.002685546875,1.0
295,234.25,201.495361328125,1.0,241.32679748535156,240.43148803710938,1.0,206.06639099121094,222.80422973632812,1.0,189.6068572998047,221.9446563720703,1.0,253.36390686035156,223.76861572265625,1.0,265.3659973144531,223.31996154785156,1.0,242.6244659423828,263.6254577636719,1.0,202.19683837890625,274.4848327636719,1.0,263.1228332519531,275.0331726074219,1.0
296,234.21202087402344,201.2984161376953,1.0,241.11119079589844,239.98251342773438,1.0,205.7584228515625,222.4774627685547,1.0,189.32644653320312,221.69696044921875,1.0,253.1517791748047,223.59188842773438,1.0,265.1701965332031,223.4611358642578,1.0,242.27728271484375,263.1641540527344,1.0,202.27452087402344,274.7807312011719,1.0,263.0984191894531,274.7791442871094,1.0
297,233.96217346191406,201.16476440429688,1.0,240.7659454345703,240.00860595703125,1.0,204.77850341796875,222.2952880859375,1.0,188.58274841308594,222.16729736328125,1.0,252.99366760253906,223.6932830810547,1.0,264.97723388671875,223.3623504638672,1.0,242.0072021484375,262.98126220703125,1.0,202.20619201660156,274.6308898925781,1.0,262.603515625,274.3911437988281,1.0
298,233.9532928466797,200.95669555664062,1.0,239.8919677734375,239.0670928955078,1.0,204.8695526123047,222.04310607910156,1.0,188.39816284179688,221.89404296875,1.0,253.6464080810547,222.7620086669922,1.0,265.012451171875,223.46551513671875,1.0,241.3658447265625,262.29498291015625,1.0,202.6563262939453,274.33343505859375,1.0,262.312744140625,274.1495666503906,1.0
299,233.81198120117188,200.6563262939453,1.0,239.6843719482422,238.93978881835938,1.0,204.4650115966797,221.7402801513672,1.0,188.3495635986328,221.3224334716797,1.0,253.4674072265625,222.5767364501953,1.0,264.72509765625,223.20062255859375,1.0,241.21824645996094,262.28955078125,1.0,202.52142333984375,273.6642761230469,1.0,262.46435546875,273.92742919921875,1.0
300,233.99160766601562,201.06539916992188,1.0,238.9390106201172,238.54954528808594,1.0,204.58416748046875,221.7139434814453,1.0,188.1000213623047,221.18040466308594,1.0,253.20001220703125,222.5792694091797,1.0,264.48828125,223.61209106445312,1.0,240.51571655273438,261.5809631347656,1.0,202.390869140625,273.4658203125,1.0,261.90869140625,273.3758544921875,1.0
301,233.49713134765625,200.896484375,1.0,238.5673370361328,238.4846954345703,1.0,204.48512268066406,221.4720458984375,1.0,187.91636657714844,220.8284149169922,1.0,252.76048278808594,222.2343292236328,1.0,264.2926025390625,223.47308349609375,1.0,240.08541870117188,261.6764831542969,1.0,201.9216766357422,272.8157653808594,1.0,261.71246337890625,272.83734130859375,1.0
302,233.3670196533203,200.68849182128906,1.0,238.46214294433594,238.06695556640625,1.0,204.40719604492188,221.1153106689453,1.0,187.90782165527344,220.3793182373047,1.0,252.50279235839844,221.7687225341797,1.0,264.08990478515625,223.17288208007812,1.0,240.14324951171875,261.2143249511719,1.0,201.6674346923828,273.05157470703125,1.0,262.0560607910156,272.5455322265625,1.0
303,233.1110076904297,200.1844482421875,1.0,238.44590759277344,238.0263214111328,1.0,204.26718139648438,220.91830444335938,1.0,187.38339233398438,220.38833618164062,1.0,252.66859436035156,221.51174926757812,1.0,264.16790771484375,223.0750274658203,1.0,240.12158203125,260.34271240234375,1.0,201.06124877929688,272.5907897949219,1.0,262.0592346191406,272.16253662109375,1.0
304,233.41661071777344,200.02125549316406,1.0,239.1251983642578,237.9849090576172,1.0,204.09959411621094,220.86944580078125,1.0,187.2567596435547,220.12591552734375,1.0,252.90550231933594,221.50814819335938,1.0,264.2743225097656,223.2207794189453,1.0,240.50225830078125,260.0127258300781,1.0,201.16384887695312,272.2339782714844,1.0,262.0205078125,271.788818359375,1.0
305,233.8316192626953,200.03038024902344,1.0,239.34817504882812,237.69749450683594,1.0,204.03697204589844,220.5040283203125,1.0,187.19647216796875,219.77500915527344,1.0,252.8900909423828,221.19065856933594,1.0,264.31201171875,223.29847717285156,1.0,240.66397094726562,259.4435119628906,1.0,201.05516052246094,271.94012451171875,1.0,262.0241394042969,271.5421142578125,1.0
306,233.6356658935547,199.8446807861328,1.0,239.4541015625,237.75025939941406,1.0,204.2122344970703,220.51893615722656,1.0,187.1884765625,219.83465576171875,1.0,252.8037872314453,221.17184448242188,1.0,264.1603698730469,223.09140014648438,1.0,240.74009704589844,259.6242370605469,1.0,201.21987915039062,271.92047119140625,1.0,261.9404602050781,271.81640625,1.0
307,233.5052947998047,199.3759307861328,1.0,239.47286987304688,237.62416076660156,1.0,204.14437866210938,220.3931121826172,1.0,187.33251953125,219.79103088378906,1.0,252.7351837158203,221.07492065429688,1.0,264.01654052734375,223.0574951171875,1.0,240.91085815429688,259.1575927734375,1.0,201.0938262939453,271.8892822265625,1.0,261.851806640625,271.4982604980469,1.0
308,233.50924682617188,199.3737335205078,1.0,239.47239685058594,237.04623413085938,1.0,204.10879516601562,219.97113037109375,1.0,187.11874389648438,219.76708984375,1.0,252.54931640625,220.82907104492188,1.0,264.02691650390625,222.9140625,1.0,240.82044982910156,258.4501953125,1.0,201.38632202148438,271.4815368652344,1.0,261.8116760253906,271.1012268066406,1.0
309,233.6054229736328,199.4380340576172,1.0,239.32310485839844,237.1963348388672,1.0,204.23062133789062,219.8447265625,1.0,186.82960510253906,219.8082275390625,1.0,252.5521697998047,220.5911102294922,1.0,264.11456298828125,222.86570739746094,1.0,240.40841674804688,257.8861083984375,1.0,201.38900756835938,270.6645202636719,0.9999998807907104,261.89227294921875,270.2684631347656,1.0
310,235.80482482910156,197.417724609375,1.0,241.72515869140625,236.23275756835938,1.0,206.88771057128906,217.00531005859375,1.0,187.99024963378906,217.54957580566406,1.0,252.61257934570312,218.70310974121094,1.0,264.2314147949219,222.6389617919922,1.0,242.86862182617188,256.1030578613281,1.0,203.028564453125,268.5790710449219,0.9999998807907104,262.3721923828125,270.2370910644531,1.0
311,240.25360107421875,194.5332489013672,1.0,247.8229217529297,228.46958923339844,1.0,210.19845581054688,212.81365966796875,1.0,194.03843688964844,214.208251953125,1.0,256.0015563964844,216.4618377685547,1.0,265.96319580078125,219.8605499267578,1.0,249.81507873535156,251.652099609375,1.0,209.3650665283203,265.1360778808594,1.0,267.01654052734375,264.4246520996094,1.0
312,243.31361389160156,192.8697967529297,1.0,251.52919006347656,226.0748291015625,1.0,213.83013916015625,211.10606384277344,1.0,196.4741973876953,211.65826416015625,1.0,258.0282897949219,214.9582977294922,1.0,266.9656677246094,218.85919189453125,1.0,253.76535034179688,249.08189392089844,1.0,212.75120544433594,262.72589111328125,1.0,269.3405456542969,262.38848876953125,1.0
313,243.6852264404297,192.2509307861328,1.0,252.90170288085938,224.7847442626953,1.0,214.1407012939453,209.5185546875,1.0,197.52638244628906,210.99560546875,1.0,258.43463134765625,214.15985107421875,1.0,266.876708984375,217.9177703857422,1.0,255.14566040039062,247.8238525390625,1.0,214.2242889404297,261.5865173339844,1.0,270.5461120605469,260.6585388183594,1.0
314,244.10450744628906,192.13885498046875,1.0,253.9304656982422,225.013427734375,1.0,214.36952209472656,209.31932067871094,1.0,197.6289520263672,210.3889617919922,1.0,258.8038635253906,213.90029907226562,1.0,267.531982421875,218.12808227539062,1.0,256.04248046875,247.50563049316406,1.0,215.21287536621094,261.88836669921875,1.0,271.4003601074219,260.4193420410156,1.0
315,244.39974975585938,193.3798828125,1.0,253.18089294433594,226.06365966796875,1.0,213.8922119140625,210.9801025390625,1.0,197.20089721679688,211.00088500976562,1.0,258.9012451171875,215.55857849121094,1.0,267.6840515136719,219.68020629882812,1.0,255.23960876464844,249.36297607421875,1.0,213.76771545410156,262.8741149902344,1.0,270.6080322265625,261.98858642578125,1.0
316,240.58102416992188,196.4414520263672,1.0,247.12802124023438,229.9850311279297,1.0,211.37789916992188,214.38299560546875,1.0,194.40646362304688,214.3711700439453,1.0,256.1019592285156,219.14022827148438,1.0,266.56463623046875,222.06239318847656,1.0,248.3458251953125,253.0764617919922,1.0,207.4103546142578,265.04730224609375,0.9999998807907104,266.480712890625,266.3697204589844,1.0
317,237.90452575683594,197.4947052001953,1.0,244.18560791015625,230.4453887939453,1.0,208.962890625,215.12355041503906,1.0,191.7388153076172,214.36474609375,1.0,254.47459411621094,219.39341735839844,1.0,265.15008544921875,223.15911865234375,1.0,244.7911834716797,254.23133850097656,1.0,204.71499633789062,265.6757507324219,1.0,263.37908935546875,268.0643615722656,1.0
318,237.3215789794922,197.76498413085938,1.0,243.4602508544922,231.88845825195312,1.0,208.30270385742188,215.87356567382812,1.0,190.76902770996094,215.33753967285156,1.0,253.74717712402344,219.63462829589844,1.0,263.74041748046875,223.1726531982422,1.0,242.724365234375,254.19375610351562,1.0,203.43533325195312,266.2982482910156,1.0,262.09490966796875,268.57025146484375,1.0
319,236.75120544433594,197.9669189453125,1.0,242.6553955078125,232.68380737304688,1.0,207.94186401367188,216.60231018066406,1.0,190.48992919921875,215.67213439941406,1.0,253.33299255371094,219.94761657714844,1.0,263.5163879394531,223.53176879882812,1.0,241.6907958984375,255.2229766845703,1.0,202.59266662597656,266.0950622558594,1.0,261.40289306640625,269.080322265625,1.0
320,236.3772735595703,198.26905822753906,1.0,242.13519287109375,232.9046630859375,1.0,207.49002075195312,216.9110107421875,1.0,190.2054901123047,215.95620727539062,1.0,253.17979431152344,220.4374237060547,1.0,263.5571594238281,223.56112670898438,1.0,241.4662628173828,255.63613891601562,1.0,202.06057739257812,266.513427734375,1.0,261.0392761230469,269.84454345703125,1.0
321,236.31475830078125,199.30450439453125,1.0,241.28578186035156,233.6621856689453,1.0,207.2261505126953,217.38157653808594,1.0,189.677734375,216.1457977294922,1.0,253.24520874023438,221.66879272460938,1.0,263.6092529296875,224.5428924560547,1.0,240.25389099121094,257.0552062988281,1.0,201.3295135498047,267.1347961425781,1.0,261.049560546875,270.2302551269531,1.0
322,235.439453125,199.79124450683594,1.0,239.94114685058594,234.3223114013672,1.0,206.5502471923828,217.57733154296875,1.0,189.19178771972656,216.5935516357422,1.0,252.67596435546875,221.88214111328125,1.0,263.40966796875,225.08233642578125,1.0,239.24261474609375,256.9363098144531,1.0,200.42234802246094,267.4051208496094,1.0,259.5472717285156,271.5318298339844,1.0
323,235.2191619873047,200.00743103027344,1.0,238.85397338867188,234.81556701660156,1.0,205.71517944335938,218.19363403320312,1.0,188.76747131347656,216.81455993652344,1.0,252.22364807128906,222.30274963378906,1.0,263.1208190917969,225.4912109375,1.0,238.16058349609375,257.8416748046875,1.0,199.49850463867188,267.54107666015625,1.0,258.55078125,271.673828125,1.0
324,235.22532653808594,200.49566650390625,1.0,238.59373474121094,235.44834899902344,1.0,205.5864715576172,217.88619995117188,1.0,187.7997589111328,217.67555236816406,1.0,251.7341766357422,222.85719299316406,1.0,262.4251403808594,225.78341674804688,1.0,237.89950561523438,258.1265563964844,1.0,198.24473571777344,267.7871398925781,1.0,257.6790771484375,272.73486328125,1.0
325,235.0597381591797,200.53627014160156,1.0,238.1904754638672,235.58200073242188,1.0,205.43463134765625,218.32855224609375,1.0,187.74505615234375,217.64627075195312,1.0,251.64727783203125,223.03945922851562,1.0,262.2788391113281,225.9376678466797,1.0,237.45840454101562,258.5302429199219,1.0,198.21194458007812,268.2255859375,1.0,256.55059814453125,272.3417053222656,1.0
326,235.18325805664062,204.47802734375,1.0,235.8675537109375,240.27243041992188,1.0,204.79493713378906,221.23794555664062,1.0,186.8596954345703,218.74563598632812,1.0,249.6964569091797,227.5795135498047,1.0,260.6751403808594,228.140625,1.0,236.1461181640625,262.3572998046875,1.0,197.8460693359375,270.9842529296875,1.0,254.1620330810547,274.59210205078125,1.0
327,232.2273406982422,207.36569213867188,1.0,232.52989196777344,243.3728790283203,1.0,202.48080444335938,224.51736450195312,1.0,185.14134216308594,220.7108917236328,1.0,248.0115966796875,229.83322143554688,1.0,260.3866882324219,231.5036163330078,1.0,231.21153259277344,266.2446594238281,1.0,196.34217834472656,273.5427551269531,1.0,250.7042236328125,279.53216552734375,1.0
328,232.01148986816406,208.599365234375,1.0,232.52630615234375,244.89930725097656,1.0,202.3445281982422,225.06573486328125,1.0,185.13352966308594,221.3575439453125,1.0,247.98724365234375,231.1614532470703,1.0,260.02117919921875,232.68185424804688,1.0,230.55845642089844,267.8749694824219,1.0,195.1796417236328,274.1059875488281,1.0,249.97586059570312,280.6743469238281,1.0
329,232.41036987304688,209.5181884765625,1.0,232.2794189453125,245.54164123535156,1.0,202.53787231445312,225.70651245117188,1.0,185.06784057617188,221.44915771484375,1.0,248.01702880859375,231.74118041992188,1.0,259.9980773925781,233.34400939941406,1.0,230.2286834716797,268.27117919921875,1.0,192.9811248779297,275.606201171875,1.0,249.8517303466797,281.559814453125,1.0
330,231.91751098632812,208.767822265625,1.0,232.04417419433594,245.90045166015625,1.0,201.68556213378906,224.98036193847656,1.0,184.58184814453125,221.42819213867188,1.0,247.79766845703125,231.13563537597656,1.0,259.7697448730469,233.35682678222656,1.0,229.90321350097656,268.22686767578125,1.0,192.58053588867188,275.2054443359375,1.0,249.75613403320312,281.6736755371094,1.0
331,231.56541442871094,207.65728759765625,1.0,231.95541381835938,245.34970092773438,1.0,202.00746154785156,223.93728637695312,1.0,184.86395263671875,221.25083923339844,1.0,247.35385131835938,230.15528869628906,1.0,259.4801330566406,233.11557006835938,1.0,230.0531463623047,268.0417785644531,1.0,192.83192443847656,275.3230895996094,1.0,249.8350067138672,280.91204833984375,1.0
332,232.04698181152344,206.89059448242188,1.0,231.89108276367188,244.71670532226562,1.0,200.90928649902344,223.22714233398438,1.0,183.9967498779297,221.29759216308594,1.0,248.0049285888672,229.22869873046875,1.0,259.66192626953125,232.85235595703125,1.0,229.75918579101562,267.3578796386719,1.0,192.60214233398438,274.8417053222656,1.0,249.76669311523438,280.60894775390625,1.0
333,232.16650390625,206.880859375,1.0,232.0216827392578,244.59378051757812,1.0,200.98196411132812,223.16537475585938,1.0,184.1693115234375,221.0774383544922,1.0,248.27162170410156,229.19097900390625,1.0,260.1715393066406,233.02212524414062,1.0,229.82321166992188,267.3017578125,1.0,192.6624298095703,274.645751953125,1.0,249.66473388671875,280.5196838378906,1.0
334,232.07321166992188,206.82672119140625,1.0,231.9788360595703,244.25949096679688,1.0,200.7137451171875,223.0798797607422,1.0,184.24493408203125,221.0188751220703,1.0,248.34945678710938,229.2046661376953,1.0,259.8861083984375,233.01718139648438,1.0,229.67808532714844,267.23687744140625,1.0,192.68397521972656,274.3001708984375,1.0,249.79019165039062,280.49749755859375,1.0
335,231.80418395996094,206.57345581054688,1.0,231.84742736816406,244.13621520996094,1.0,200.64817810058594,223.09959411621094,1.0,184.17050170898438,221.12367248535156,1.0,248.21165466308594,228.87994384765625,1.0,260.2575988769531,232.85195922851562,1.0,229.6645965576172,266.837890625,1.0,192.95448303222656,274.1178283691406,1.0,249.75851440429688,279.7073974609375,1.0
336,231.5538330078125,206.14479064941406,1.0,231.6601104736328,244.05812072753906,1.0,200.7748565673828,222.9465789794922,1.0,184.1217498779297,220.9249725341797,1.0,247.87261962890625,228.759033203125,1.0,259.81976318359375,232.6526336669922,1.0,229.47019958496094,266.7642517089844,1.0,192.75714111328125,273.9185485839844,1.0,249.48910522460938,279.67572021484375,1.0
337,229.16421508789062,208.79656982421875,1.0,227.820556640625,242.80099487304688,1.0,201.399169921875,227.50596618652344,0.9991876482963562,184.46971130371094,222.49136352539062,1.0,245.21676635742188,233.3520050048828,0.998105525970459,255.6061553955078,230.68748474121094,1.0,226.14620971679688,264.4985046386719,1.0,189.26246643066406,272.5565185546875,1.0,245.61448669433594,278.6192626953125,1.0
338,224.18505859375,211.47390747070312,1.0,222.56422424316406,241.2627716064453,1.0,198.6611328125,227.79415893554688,0.010210331529378891,183.19192504882812,223.0667724609375,1.0,241.6781463623047,233.9825897216797,0.03906286880373955,251.4345703125,231.2877197265625,1.0,222.02590942382812,262.63970947265625,1.0,186.37472534179688,270.49432373046875,1.0,243.70669555664062,277.5205993652344,1.0
339,222.20692443847656,209.47531127929688,1.0,221.11141967773438,239.7735595703125,1.0,192.85650634765625,224.95416259765625,0.9999915361404419,177.16165161132812,219.91030883789062,1.0,241.17816162109375,232.53912353515625,0.9999741315841675,251.67813110351562,230.9530487060547,1.0,219.31353759765625,262.1963195800781,1.0,184.40602111816406,269.8755187988281,1.0,240.27243041992188,276.86260986328125,1.0
340,221.117431640625,205.62623596191406,1.0,219.06796264648438,238.71409606933594,1.0,191.61512756347656,221.10809326171875,1.0,175.11703491210938,218.88153076171875,1.0,238.38787841796875,227.2909698486328,1.0,252.2816162109375,228.8498077392578,1.0,217.90057373046875,261.82318115234375,1.0,183.40847778320312,268.7976989746094,1.0,240.2606201171875,275.9852294921875,1.0
341,219.39794921875,202.68878173828125,1.0,217.94821166992188,237.75225830078125,1.0,190.74325561523438,218.62669372558594,1.0,173.64512634277344,218.20355224609375,1.0,237.43057250976562,225.1171417236328,1.0,251.6407012939453,227.4451446533203,1.0,216.71044921875,260.9525451660156,1.0,182.08309936523438,267.8301696777344,1.0,239.21051025390625,275.5954284667969,1.0
342,219.67672729492188,201.31568908691406,1.0,217.52284240722656,237.79653930664062,1.0,190.63204956054688,217.72618103027344,1.0,173.0209503173828,217.7620391845703,1.0,237.1038055419922,223.8825225830078,1.0,251.68844604492188,227.12557983398438,1.0,216.083740234375,260.2059631347656,1.0,181.32513427734375,267.6024169921875,1.0,239.20834350585938,275.1877136230469,1.0
343,218.91798400878906,200.14752197265625,1.0,216.5750732421875,235.83010864257812,1.0,189.6888427734375,216.89407348632812,1.0,172.47555541992188,216.8417205810547,1.0,236.624267578125,222.80030822753906,1.0,251.3419189453125,226.70997619628906,1.0,215.7032928466797,259.23931884765625,1.0,181.5306854248047,267.1826171875,1.0,239.01571655273438,274.1607971191406,1.0
344,218.17173767089844,197.4261016845703,1.0,216.0166778564453,232.18478393554688,1.0,188.72703552246094,215.02471923828125,1.0,171.94805908203125,215.29998779296875,1.0,235.8899383544922,219.06231689453125,1.0,249.92921447753906,223.92431640625,1.0,214.48956298828125,254.8290557861328,1.0,179.74807739257812,264.56005859375,1.0,239.08181762695312,270.268310546875,1.0
345,216.50465393066406,194.40362548828125,1.0,213.86732482910156,228.5330047607422,1.0,187.39141845703125,210.54153442382812,1.0,171.30950927734375,212.44937133789062,1.0,235.21420288085938,216.28761291503906,1.0,248.38619995117188,221.01788330078125,1.0,212.80589294433594,251.97715759277344,1.0,177.86990356445312,259.78857421875,1.0,238.11761474609375,267.145263671875,1.0
346,215.74681091308594,192.13330078125,1.0,213.06385803222656,227.83090209960938,1.0,186.71336364746094,209.14633178710938,1.0,170.04510498046875,211.20925903320312,1.0,234.79055786132812,215.3509521484375,1.0,248.27166748046875,220.1831817626953,1.0,212.2936248779297,249.51976013183594,1.0,177.76524353027344,258.25128173828125,1.0,237.23556518554688,265.2186279296875,1.0
347,214.6060791015625,190.79238891601562,1.0,212.2235870361328,225.4427490234375,1.0,185.87083435058594,208.15597534179688,1.0,170.1036376953125,208.9532012939453,1.0,233.30935668945312,213.8933868408203,1.0,247.3701629638672,218.50498962402344,1.0,210.77874755859375,247.6146240234375,1.0,177.0688018798828,256.9259033203125,1.0,236.53512573242188,263.3020935058594,1.0
348,213.2220458984375,189.68426513671875,1.0,210.31228637695312,223.11595153808594,1.0,184.83155822753906,208.2431640625,1.0,169.34518432617188,208.03274536132812,1.0,232.47360229492188,212.23646545410156,1.0,246.88990783691406,217.2165985107422,1.0,210.1012725830078,244.78456115722656,1.0,175.33111572265625,255.6224365234375,1.0,235.5990447998047,262.10491943359375,1.0
349,211.77297973632812,191.04689025878906,1.0,209.03317260742188,223.89418029785156,1.0,183.7520751953125,209.1033172607422,1.0,168.16168212890625,208.77296447753906,1.0,231.3380126953125,215.12539672851562,1.0,245.6892547607422,217.533447265625,1.0,208.21725463867188,246.47274780273438,1.0,173.72161865234375,256.128662109375,1.0,234.46597290039062,262.75494384765625,1.0
350,208.1809539794922,193.6221466064453,1.0,205.3410186767578,225.6948699951172,1.0,180.57986450195312,211.6140899658203,1.0,164.87977600097656,211.0458984375,1.0,228.1863555908203,217.7010498046875,1.0,242.38609313964844,218.239990234375,1.0,204.89877319335938,249.32003784179688,1.0,172.08871459960938,257.74298095703125,1.0,231.48614501953125,264.4496765136719,1.0
351,206.4315185546875,193.82676696777344,1.0,203.80160522460938,226.09432983398438,1.0,179.51634216308594,212.6385955810547,1.0,163.66390991210938,211.69737243652344,1.0,227.02896118164062,217.65353393554688,1.0,241.60426330566406,219.0100555419922,1.0,202.68788146972656,249.46446228027344,1.0,170.51434326171875,258.98187255859375,1.0,230.24949645996094,264.9029846191406,1.0
352,205.87840270996094,193.4805450439453,1.0,203.22486877441406,226.3598175048828,1.0,179.23487854003906,213.00657653808594,1.0,163.12286376953125,212.06971740722656,1.0,226.5096893310547,217.64324951171875,1.0,241.12339782714844,219.13392639160156,1.0,202.18997192382812,249.33944702148438,1.0,169.86749267578125,259.1753845214844,1.0,229.7715606689453,264.8441467285156,1.0
353,206.4909210205078,192.2817840576172,1.0,202.95635986328125,225.0953826904297,1.0,179.30296325683594,210.9754180908203,1.0,162.98703002929688,211.4164276123047,1.0,227.42080688476562,215.5308380126953,1.0,241.24620056152344,218.1072235107422,1.0,202.15074157714844,247.96136474609375,1.0,170.04196166992188,258.0685119628906,1.0,229.6252899169922,263.8493347167969,1.0
354,208.66221618652344,188.94378662109375,1.0,204.99317932128906,220.0880584716797,1.0,181.11703491210938,206.3911895751953,1.0,164.59548950195312,208.2246551513672,1.0,228.8328399658203,210.50399780273438,1.0,242.22889709472656,214.9907989501953,1.0,204.02590942382812,242.85362243652344,1.0,171.17189025878906,253.46090698242188,1.0,231.0313262939453,259.0390625,1.0
355,209.7807159423828,187.38717651367188,1.0,206.98089599609375,217.69766235351562,1.0,182.59153747558594,205.74359130859375,1.0,166.3059539794922,206.11309814453125,1.0,229.9297332763672,209.13504028320312,1.0,243.5758514404297,213.7236328125,1.0,205.83966064453125,238.96133422851562,1.0,172.2454833984375,250.62124633789062,1.0,232.31744384765625,257.15704345703125,1.0
356,210.2224884033203,186.337158203125,1.0,207.5061492919922,216.23597717285156,1.0,182.97828674316406,204.4417724609375,1.0,166.87374877929688,205.03538513183594,1.0,230.3908233642578,208.70567321777344,1.0,243.49624633789062,212.89505004882812,1.0,206.4609832763672,237.57266235351562,1.0,172.83529663085938,249.11766052246094,1.0,232.69566345214844,255.72686767578125,1.0
357,210.62269592285156,185.47348022460938,1.0,208.2825469970703,215.63975524902344,1.0,183.5826416015625,203.9541015625,1.0,167.24598693847656,204.50857543945312,1.0,230.69754028320312,208.5150146484375,1.0,243.7973175048828,212.66461181640625,1.0,206.9326171875,236.7838592529297,1.0,173.4392852783203,248.36114501953125,1.0,232.8153076171875,254.67405700683594,1.0
358,210.67210388183594,185.36151123046875,1.0,208.0699005126953,215.51832580566406,1.0,183.3520050048828,204.0313262939453,1.0,167.1300506591797,204.4948272705078,1.0,230.49583435058594,208.62037658691406,1.0,243.79183959960938,212.82823181152344,1.0,206.84693908691406,236.77931213378906,1.0,173.3153533935547,248.1458282470703,1.0,232.855712890625,254.57489013671875,1.0
359,201.9563751220703,188.7490234375,1.0,199.3514862060547,219.3520965576172,1.0,175.67237854003906,207.98895263671875,1.0,162.35794067382812,207.7390594482422,1.0,222.7608642578125,211.90533447265625,1.0,236.73353576660156,212.7632293701172,1.0,197.9221954345703,240.2867889404297,1.0,164.71885681152344,250.89010620117188,1.0,227.46701049804688,256.5303039550781,1.0
360,191.0848846435547,191.65147399902344,1.0,187.0909881591797,220.3929443359375,1.0,166.57972717285156,211.0528106689453,1.0,153.63417053222656,211.42848205566406,1.0,214.06365966796875,212.65664672851562,1.0,229.60546875,213.3690643310547,1.0,187.09408569335938,243.20152282714844,1.0,156.75515747070312,254.9180145263672,1.0,217.79367065429688,258.91900634765625,1.0
361,186.7416229248047,191.96859741210938,1.0,181.5236358642578,222.73443603515625,1.0,162.5755615234375,212.53843688964844,1.0,150.13180541992188,213.1234130859375,1.0,210.52188110351562,214.32725524902344,1.0,225.38941955566406,213.62623596191406,1.0,181.88101196289062,244.97125244140625,1.0,153.39755249023438,256.48193359375,1.0,213.7863311767578,260.16644287109375,1.0
362,182.9608917236328,192.72389221191406,1.0,178.53707885742188,224.5569305419922,1.0,160.49652099609375,213.42642211914062,1.0,148.01449584960938,214.67788696289062,1.0,207.83847045898438,214.21205139160156,1.0,223.75743103027344,214.188232421875,1.0,178.6814422607422,247.50367736816406,1.0,150.8903045654297,258.2897033691406,1.0,210.6634063720703,262.0952453613281,1.0
363,182.26039123535156,193.4892578125,1.0,177.5043182373047,224.7249755859375,1.0,159.11671447753906,213.5349578857422,1.0,146.45729064941406,215.8026580810547,1.0,206.70626831054688,214.16439819335938,1.0,222.71539306640625,214.07470703125,1.0,176.90887451171875,247.1347198486328,1.0,148.86431884765625,258.0322570800781,1.0,209.4434051513672,262.5990295410156,1.0
364,180.7270965576172,194.4564666748047,1.0,175.85447692871094,225.16207885742188,1.0,157.85679626464844,214.792236328125,1.0,145.21859741210938,216.93777465820312,1.0,205.3736114501953,214.95420837402344,1.0,221.58636474609375,214.8699493408203,1.0,175.13467407226562,248.08328247070312,1.0,147.40809631347656,258.7845764160156,1.0,208.08595275878906,263.2267761230469,1.0
365,176.3782958984375,197.298095703125,1.0,169.60585021972656,229.89161682128906,1.0,154.8252716064453,218.28997802734375,1.0,141.86956787109375,218.93431091308594,1.0,201.1505889892578,216.79812622070312,1.0,217.44981384277344,216.80018615722656,1.0,169.89378356933594,251.7130889892578,1.0,143.57046508789062,263.3763122558594,1.0,205.00967407226562,265.11090087890625,1.0
366,172.84913635253906,198.51986694335938,1.0,166.34474182128906,231.02362060546875,1.0,152.35140991210938,219.38377380371094,1.0,139.3499755859375,219.68646240234375,1.0,197.72906494140625,218.1094207763672,1.0,214.10386657714844,216.93553161621094,1.0,166.3984375,252.20645141601562,1.0,141.25697326660156,264.9017028808594,1.0,202.81829833984375,265.8623962402344,1.0
367,171.51841735839844,199.61070251464844,1.0,164.9590606689453,231.65830993652344,1.0,151.02146911621094,220.06741333007812,1.0,137.8167724609375,220.60308837890625,1.0,196.4441680908203,218.6870574951172,1.0,213.17955017089844,217.2930908203125,1.0,164.0557098388672,253.37374877929688,1.0,139.9291534423828,265.82049560546875,1.0,201.8055877685547,267.0798034667969,1.0
368,170.8456573486328,199.86172485351562,1.0,164.68751525878906,232.22181701660156,1.0,150.5118408203125,220.02516174316406,1.0,137.7008514404297,221.20611572265625,1.0,195.88999938964844,218.83456420898438,1.0,212.46514892578125,217.2559814453125,1.0,163.05010986328125,254.14389038085938,1.0,139.02484130859375,265.95953369140625,1.0,200.9369659423828,267.5943908691406,1.0
369,170.52915954589844,199.64666748046875,1.0,164.03994750976562,232.74154663085938,1.0,149.9753875732422,220.41098022460938,1.0,137.44288635253906,221.55081176757812,1.0,195.75045776367188,218.74160766601562,1.0,212.18231201171875,217.644287109375,1.0,162.61268615722656,254.73599243164062,1.0,138.42576599121094,266.4342041015625,1.0,200.4500732421875,267.7684631347656,1.0
370,168.00587463378906,199.30870056152344,1.0,160.9859619140625,232.07489013671875,1.0,148.33956909179688,219.57354736328125,1.0,135.9149932861328,221.63543701171875,1.0,192.82278442382812,217.4102783203125,1.0,210.25054931640625,217.4300537109375,1.0,160.49166870117188,254.18484497070312,1.0,136.90553283691406,265.99420166015625,1.0,198.796875,267.4689025878906,1.0
371,162.05319213867188,194.96070861816406,1.0,153.84243774414062,226.83151245117188,1.0,142.97576904296875,216.8548126220703,1.0,132.39437866210938,220.70066833496094,1.0,188.5038604736328,213.4173583984375,1.0,205.00917053222656,212.76345825195312,1.0,151.00440979003906,249.37139892578125,1.0,130.41839599609375,261.59796142578125,1.0,192.8275604248047,264.2855224609375,1.0
372,158.35092163085938,193.56106567382812,1.0,150.24998474121094,224.2197723388672,1.0,141.1846160888672,215.91436767578125,1.0,131.3399200439453,219.6012725830078,1.0,186.4382781982422,211.35784912109375,1.0,201.62098693847656,210.63229370117188,1.0,147.4095001220703,246.76861572265625,1.0,127.31587982177734,260.40972900390625,1.0,188.23619079589844,261.2828674316406,1.0
373,157.42884826660156,193.3856201171875,1.0,148.3465576171875,223.86561584472656,1.0,140.25387573242188,215.33377075195312,1.0,130.29364013671875,220.33505249023438,1.0,185.07887268066406,210.17169189453125,1.0,200.6201934814453,210.07421875,1.0,145.85231018066406,246.29898071289062,1.0,126.49708557128906,259.9564208984375,1.0,187.03439331054688,260.7808837890625,1.0
374,156.24978637695312,193.1383514404297,1.0,147.4602813720703,223.42054748535156,1.0,139.222900390625,215.06942749023438,1.0,129.53253173828125,219.5528564453125,1.0,183.83177185058594,209.68531799316406,1.0,199.63670349121094,209.28475952148438,1.0,145.3567352294922,245.57098388671875,1.0,125.95560455322266,259.23614501953125,1.0,185.58575439453125,259.94183349609375,1.0
375,153.03237915039062,194.90261840820312,1.0,145.45521545410156,224.98451232910156,1.0,137.24501037597656,216.85679626464844,1.0,127.79186248779297,221.08058166503906,1.0,181.09344482421875,211.59292602539062,1.0,196.26339721679688,210.75506591796875,1.0,143.2879638671875,247.13270568847656,1.0,124.19325256347656,260.8602600097656,1.0,183.39398193359375,260.8538513183594,1.0
376,150.56398010253906,196.28855895996094,1.0,143.7218017578125,226.49668884277344,1.0,135.69126892089844,218.4972381591797,1.0,126.01952362060547,223.52020263671875,1.0,178.70428466796875,212.64845275878906,1.0,193.6517333984375,211.94322204589844,1.0,140.5802764892578,248.71063232421875,1.0,122.03565216064453,262.3011779785156,1.0,181.37960815429688,262.7079772949219,1.0
377,148.88514709472656,196.9798583984375,1.0,141.68545532226562,226.9909210205078,1.0,133.85975646972656,219.09144592285156,1.0,124.07579803466797,224.31842041015625,1.0,177.4423828125,213.26988220214844,1.0,192.76760864257812,212.18060302734375,1.0,138.7268829345703,249.43446350097656,1.0,121.03441619873047,262.87298583984375,1.0,180.78396606445312,263.11712646484375,1.0
378,148.56285095214844,197.4224853515625,1.0,141.11404418945312,227.37570190429688,1.0,133.66226196289062,219.22740173339844,1.0,123.92865753173828,224.70404052734375,1.0,177.32330322265625,213.451416015625,1.0,192.84910583496094,212.8398895263672,1.0,137.9539031982422,249.43829345703125,1.0,120.5413589477539,263.1505432128906,1.0,180.60418701171875,263.3983154296875,1.0
379,148.15444946289062,197.3097381591797,1.0,140.57528686523438,227.46449279785156,1.0,133.22543334960938,219.53611755371094,1.0,123.6858139038086,224.68936157226562,1.0,176.93743896484375,213.50904846191406,1.0,192.55276489257812,212.9205322265625,1.0,137.48536682128906,249.4626007080078,1.0,120.49156188964844,263.65728759765625,1.0,180.43704223632812,263.4895935058594,1.0
380,147.7305145263672,197.26568603515625,1.0,139.55409240722656,227.9014434814453,1.0,132.76654052734375,219.98756408691406,1.0,123.60388946533203,225.56893920898438,1.0,176.3606414794922,213.59378051757812,1.0,191.8290557861328,213.02197265625,1.0,136.466552734375,249.99111938476562,1.0,119.38882446289062,263.6835021972656,1.0,179.93130493164062,263.7615051269531,1.0
381,146.76100158691406,197.44752502441406,1.0,138.81741333007812,228.6372833251953,1.0,132.18600463867188,220.66627502441406,1.0,123.22032928466797,225.9875030517578,1.0,175.80381774902344,214.24069213867188,1.0,191.29652404785156,213.4016876220703,1.0,135.91012573242188,250.5575408935547,1.0,118.66078186035156,264.35028076171875,1.0,179.4464569091797,263.8519592285156,1.0
382,146.27047729492188,197.736083984375,1.0,138.26953125,229.3907012939453,1.0,131.86415100097656,220.6514129638672,1.0,123.3414306640625,226.1494903564453,1.0,175.14035034179688,214.73553466796875,1.0,190.62744140625,213.3355712890625,1.0,135.39431762695312,251.58843994140625,1.0,118.01329040527344,264.3701477050781,1.0,179.14682006835938,264.4543762207031,1.0
383,146.09495544433594,198.03919982910156,1.0,138.17544555664062,229.41844177246094,1.0,131.88291931152344,220.73065185546875,1.0,123.31244659423828,226.11480712890625,1.0,175.20162963867188,214.9158172607422,1.0,190.6537322998047,213.65673828125,1.0,134.66197204589844,251.33250427246094,1.0,118.11080169677734,264.4990234375,1.0,179.1551971435547,264.65850830078125,1.0
384,146.0330810546875,197.81028747558594,1.0,137.55755615234375,229.10414123535156,1.0,131.58837890625,220.70211791992188,1.0,123.20812225341797,226.29080200195312,1.0,174.98692321777344,214.9359893798828,1.0,190.39418029785156,213.54698181152344,1.0,134.73500061035156,251.27978515625,1.0,117.77101135253906,264.4397888183594,1.0,178.8265380859375,264.8414001464844,1.0
385,145.7722930908203,198.19287109375,1.0,137.57618713378906,229.55426025390625,1.0,131.52639770507812,220.79449462890625,1.0,123.10116577148438,226.2373504638672,1.0,174.97512817382812,214.94874572753906,1.0,190.40087890625,213.56597900390625,1.0,134.88343811035156,251.65817260742188,1.0,117.70906066894531,264.5535888671875,1.0,178.7457275390625,264.7630310058594,1.0
386,145.81251525878906,197.9293975830078,1.0,137.47059631347656,229.758056640625,1.0,131.36029052734375,220.82708740234375,1.0,123.21187591552734,226.30572509765625,1.0,174.86764526367188,215.15411376953125,1.0,190.3902130126953,213.67832946777344,1.0,134.2028350830078,251.66683959960938,1.0,117.73643493652344,264.9943542480469,1.0,178.880126953125,264.8486022949219,1.0
387,143.52072143554688,199.78140258789062,1.0,135.71949768066406,232.12905883789062,1.0,129.40158081054688,222.31210327148438,1.0,123.32081604003906,226.46580505371094,1.0,173.2058868408203,216.70469665527344,1.0,189.13201904296875,214.477294921875,1.0,132.46896362304688,253.65283203125,1.0,115.62773895263672,265.77008056640625,1.0,177.84703063964844,266.9530334472656,1.0
388,137.0272216796875,205.4654083251953,1.0,128.05593872070312,235.23944091796875,1.0,124.4724349975586,226.2772979736328,1.0,118.28352355957031,229.80494689941406,0.9999997615814209,165.99868774414062,220.70510864257812,1.0,182.03631591796875,217.15626525878906,1.0,127.02788543701172,258.8586730957031,1.0,112.21453857421875,269.5675964355469,1.0,171.7869873046875,270.13031005859375,1.0
389,131.82012939453125,208.98959350585938,1.0,124.42320251464844,239.76939392089844,1.0,121.4576644897461,230.76100158691406,1.0,113.84508514404297,233.43215942382812,0.9999988079071045,161.2827911376953,223.33714294433594,1.0,176.89874267578125,219.9420928955078,1.0,121.89404296875,263.06781005859375,1.0,108.7965087890625,272.2120056152344,1.0,166.28018188476562,271.9383239746094,1.0
390,128.54090881347656,210.82484436035156,1.0,121.03359985351562,241.3796844482422,1.0,118.31629943847656,232.60643005371094,0.999996542930603,111.84934997558594,234.44931030273438,0.9986504912376404,157.61737060546875,224.27999877929688,1.0,172.9578094482422,221.16624450683594,1.0,118.73564910888672,265.4517822265625,1.0,105.48489379882812,273.8592529296875,0.9999998807907104,164.18472290039062,274.1954650878906,1.0
391,126.12454986572266,211.58541870117188,1.0,118.96507263183594,242.91221618652344,1.0,117.06011199951172,233.41078186035156,0.999998927116394,110.9438705444336,236.62400817871094,0.9975850582122803,156.4991912841797,225.03878784179688,1.0,170.9156036376953,221.24896240234375,1.0,116.69416809082031,266.8647766113281,1.0,105.3296890258789,276.1958312988281,0.9999998807907104,162.86683654785156,274.9659423828125,1.0
392,124.7049789428711,212.3456573486328,1.0,117.74494934082031,244.5311279296875,1.0,115.89840698242188,234.89141845703125,0.9999994039535522,110.02755737304688,238.0126190185547,0.9917593598365784,155.30003356933594,225.718994140625,1.0,169.666748046875,222.4098358154297,1.0,115.82012939453125,268.05023193359375,1.0,105.23648071289062,277.0816650390625,0.9999997615814209,162.09185791015625,275.0983581542969,1.0
393,123.11894989013672,215.3563995361328,1.0,117.27523040771484,247.9011688232422,1.0,114.70734405517578,238.02597045898438,1.0,108.13609313964844,239.65667724609375,0.9988256096839905,152.23446655273438,228.71365356445312,1.0,167.07965087890625,224.30218505859375,1.0,115.25464630126953,270.64263916015625,1.0,104.00926971435547,278.22833251953125,0.999980092048645,161.2686004638672,275.53216552734375,1.0
394,122.1622314453125,217.3900909423828,1.0,116.16465759277344,251.06796264648438,1.0,112.1485595703125,239.66488647460938,1.0,105.45915222167969,239.67503356933594,0.9999297857284546,151.7740478515625,232.46182250976562,1.0,166.79379272460938,227.13226318359375,1.0,114.03038787841797,274.0128173828125,1.0,101.87317657470703,280.7761535644531,0.9999891519546509,159.16525268554688,280.52349853515625,0.9999996423721313
395,121.62051391601562,218.84976196289062,1.0,115.67935943603516,252.7280731201172,1.0,111.88040924072266,241.3815460205078,1.0,105.14810943603516,241.53070068359375,0.999518632888794,151.47657775878906,233.4893035888672,1.0,166.79653930664062,228.67770385742188,1.0,114.03063201904297,275.9573974609375,1.0,102.38652038574219,282.04901123046875,0.9998962879180908,159.71566772460938,281.5770263671875,0.9999995231628418
396,121.20095825195312,219.04293823242188,1.0,115.81815338134766,253.32606506347656,1.0,111.74724578857422,241.15850830078125,1.0,105.16909790039062,241.64498901367188,0.9998717308044434,151.24652099609375,234.38629150390625,1.0,166.806396484375,229.35768127441406,1.0,114.18125915527344,277.1150817871094,1.0,102.35248565673828,283.23565673828125,0.9999750852584839,158.7451629638672,282.7950134277344,0.9999995231628418
397,121.95501708984375,219.30120849609375,1.0,116.11397552490234,253.71278381347656,1.0,111.9158706665039,241.21978759765625,1.0,105.240478515625,241.9180145263672,0.999906063079834,151.25515747070312,234.5991973876953,1.0,166.63909912109375,229.35952758789062,1.0,114.56707763671875,276.9458312988281,1.0,102.29683685302734,283.3206481933594,0.9999947547912598,158.68711853027344,282.6224365234375,0.9999996423721313
398,122.55929565429688,219.4335174560547,1.0,116.45905303955078,253.9917755126953,1.0,112.3218002319336,241.28863525390625,1.0,105.21463012695312,241.81011962890625,0.9999865293502808,151.74143981933594,234.92054748535156,1.0,166.80592346191406,229.17153930664062,1.0,114.78815460205078,277.2748718261719,1.0,102.4349365234375,283.4466552734375,0.9999936819076538,158.43011474609375,283.1918029785156,0.9999994039535522
399,125.59779357910156,221.55421447753906,1.0,119.065185546875,256.9476318359375,1.0,113.95220947265625,242.14932250976562,1.0,106.0035629272461,240.66586303710938,0.9999998807907104,155.14523315429688,236.4401092529297,1.0,170.39828491210938,230.9326934814453,1.0,117.0859603881836,278.58599853515625,1.0,103.89286041259766,284.90057373046875,0.9999591112136841,161.2858123779297,283.67120361328125,0.9999994039535522
400,127.96920776367188,222.27333068847656,1.0,121.42859649658203,258.78424072265625,1.0,116.22425079345703,242.9521484375,1.0,107.29886627197266,240.69920349121094,1.0,158.79209899902344,237.9409637451172,1.0,173.62396240234375,232.10281372070312,1.0,119.35316467285156,279.8366394042969,1.0,105.57747650146484,285.6923522949219,0.9998061060905457,163.81565856933594,285.73297119140625,0.9999982118606567
401,130.08786010742188,222.37625122070312,1.0,123.05658721923828,260.2122497558594,1.0,117.91493225097656,242.80116271972656,1.0,108.2520523071289,240.11170959472656,1.0,160.53236389160156,238.8597869873047,1.0,175.3187713623047,232.5897979736328,1.0,121.0535659790039,280.1050720214844,1.0,106.57576751708984,285.4332275390625,0.9997178912162781,165.3052215576172,285.86181640625,0.9999885559082031
402,130.44166564941406,222.2937774658203,1.0,123.95599365234375,260.1341857910156,1.0,118.62008666992188,242.43275451660156,1.0,108.45297241210938,240.50347900390625,1.0,161.16958618164062,238.9920654296875,1.0,176.07676696777344,232.357421875,1.0,121.4505844116211,280.80853271484375,1.0,107.24777221679688,285.7796630859375,0.9992296695709229,165.75765991210938,285.9234924316406,0.99993896484375
403,130.84066772460938,222.5559844970703,1.0,124.5582275390625,260.72882080078125,1.0,119.177978515625,242.55746459960938,1.0,108.59390258789062,240.32754516601562,1.0,161.64024353027344,239.08450317382812,1.0,176.5152587890625,232.3539276123047,1.0,121.72032165527344,281.5885314941406,1.0,107.22222900390625,286.34210205078125,0.9980329871177673,166.9268035888672,286.3113098144531,0.9998266100883484
404,131.0116424560547,222.5032958984375,1.0,124.02081298828125,259.6544494628906,1.0,119.3687973022461,242.3223419189453,1.0,108.67388153076172,240.59519958496094,1.0,162.25515747070312,239.12197875976562,1.0,177.15330505371094,232.7099609375,1.0,121.48466491699219,282.2174377441406,1.0,107.33007049560547,286.22607421875,0.9972028732299805,167.186767578125,286.5328674316406,0.999687910079956
405,131.2841796875,222.4992218017578,1.0,124.2472915649414,259.842529296875,1.0,119.43067932128906,242.35986328125,1.0,108.75062561035156,240.82171630859375,1.0,162.55270385742188,239.19366455078125,1.0,177.494873046875,232.8220977783203,1.0,121.93744659423828,281.5994873046875,1.0,107.52183532714844,286.25390625,0.9969653487205505,167.1011505126953,287.9344482421875,0.9996405839920044
406,131.50856018066406,222.87937927246094,1.0,124.54209899902344,259.9032897949219,1.0,119.90355682373047,242.25169372558594,1.0,108.88459777832031,240.2971649169922,1.0,162.86685180664062,239.0401153564453,1.0,177.8361358642578,232.69442749023438,1.0,121.93206024169922,282.30078125,1.0,107.52278137207031,286.2173156738281,0.9976972937583923,168.21238708496094,287.7923278808594,0.9998738765716553
407,131.64479064941406,222.26246643066406,1.0,125.0728759765625,259.6455383300781,1.0,119.91150665283203,241.62228393554688,1.0,108.9510726928711,239.9873504638672,1.0,162.9814910888672,238.8141326904297,1.0,178.00221252441406,232.34727478027344,1.0,122.88924407958984,281.4172668457031,1.0,107.85887145996094,285.9635925292969,0.999461829662323,168.3276824951172,287.8057556152344,0.9998917579650879
408,131.99986267089844,221.7355499267578,1.0,125.6141128540039,259.6788024902344,1.0,120.28788757324219,241.49607849121094,1.0,109.13343048095703,240.546630859375,1.0,162.88108825683594,238.93479919433594,1.0,177.98362731933594,232.4597625732422,1.0,123.57740783691406,281.0346374511719,1.0,107.60298156738281,285.3382568359375,0.9999822378158569,168.91041564941406,287.5964660644531,0.9999707937240601
409,132.35891723632812,221.90887451171875,1.0,126.0781478881836,259.1826171875,1.0,120.86802673339844,241.1035919189453,1.0,109.3662338256836,240.4404754638672,1.0,164.2313995361328,238.02890014648438,1.0,179.0435791015625,232.03182983398438,1.0,123.97989654541016,280.7149963378906,1.0,107.7900390625,285.26739501953125,0.9999916553497314,169.37632751464844,287.3409118652344,0.999985933303833
410,134.16293334960938,221.8154754638672,1.0,128.4598388671875,259.2074279785156,1.0,122.47921752929688,240.81829833984375,1.0,110.86286926269531,240.35348510742188,1.0,165.6363983154297,238.15460205078125,1.0,180.99441528320312,232.3396759033203,1.0,125.77198028564453,280.9227294921875,1.0,109.3425521850586,285.0697326660156,0.9999949932098389,170.9810791015625,287.3050537109375,0.999977707862854
411,135.63671875,221.6925811767578,1.0,130.18829345703125,260.1281433105469,1.0,123.5274658203125,240.5907745361328,1.0,112.25212097167969,239.43511962890625,1.0,166.26646423339844,237.84228515625,1.0,182.21595764160156,232.50582885742188,1.0,128.0679931640625,281.19293212890625,1.0,111.41851806640625,285.90435791015625,0.9999710321426392,172.91424560546875,286.69012451171875,0.9999704360961914
412,136.1230010986328,221.723876953125,1.0,130.8546600341797,260.95721435546875,1.0,123.74127960205078,240.75003051757812,1.0,112.49079895019531,239.4612579345703,1.0,166.391845703125,238.1402587890625,1.0,182.38336181640625,232.59115600585938,1.0,130.2615966796875,280.7906494140625,1.0,112.09506225585938,286.2913513183594,0.9999699592590332,173.2895965576172,286.8715515136719,0.9999706745147705
413,136.1992950439453,221.77520751953125,1.0,131.17080688476562,260.8313903808594,1.0,123.73458099365234,241.17333984375,1.0,112.43827819824219,240.19424438476562,1.0,166.4752655029297,238.31187438964844,1.0,182.48907470703125,232.60848999023438,1.0,130.56021118164062,281.09637451171875,1.0,111.74620056152344,286.6112060546875,0.999992847442627,173.20443725585938,286.8330078125,0.999962329864502
414,136.5264892578125,221.46755981445312,1.0,131.59298706054688,260.84222412109375,1.0,123.87002563476562,240.84521484375,1.0,112.74861907958984,240.21766662597656,1.0,166.96292114257812,238.23204040527344,1.0,182.9554443359375,232.4693145751953,1.0,130.94342041015625,281.16448974609375,1.0,112.28732299804688,286.78460693359375,0.9999926090240479,174.22999572753906,286.7336730957031,0.9999840259552002
415,137.06251525878906,221.3937530517578,1.0,132.35902404785156,260.67633056640625,1.0,124.51602172851562,240.9898681640625,1.0,113.08190155029297,239.68504333496094,1.0,167.54017639160156,238.19973754882812,1.0,183.44723510742188,232.26158142089844,1.0,131.681884765625,281.0556640625,1.0,111.80877685546875,286.30706787109375,0.9999949932098389,174.88803100585938,286.7535400390625,0.999994158744812
416,137.91883850097656,221.28050231933594,1.0,133.31594848632812,259.9801940917969,1.0,125.06655883789062,240.89981079101562,1.0,113.4260025024414,239.53826904296875,1.0,168.45066833496094,238.13723754882812,1.0,184.16458129882812,232.38357543945312,1.0,132.68661499023438,281.3028259277344,1.0,112.22434997558594,286.7457275390625,0.9999922513961792,175.3949432373047,287.00860595703125,0.9999951124191284
417,138.17320251464844,221.42005920410156,1.0,134.1787109375,259.9856262207031,1.0,125.11579895019531,240.7272491455078,1.0,113.68305969238281,239.5225067138672,1.0,168.69017028808594,238.0455322265625,1.0,184.5333251953125,232.1522979736328,1.0,133.65293884277344,281.0651550292969,1.0,112.04112243652344,286.1746826171875,0.9999972581863403,175.77442932128906,286.655517578125,0.9999969005584717
418,138.5189971923828,221.3927001953125,1.0,134.39662170410156,260.04205322265625,1.0,125.53793334960938,240.8355255126953,1.0,113.94560241699219,239.34201049804688,1.0,169.4229278564453,238.3276824951172,1.0,185.01319885253906,232.05043029785156,1.0,133.94284057617188,280.88348388671875,1.0,112.17207336425781,286.19976806640625,0.9999978542327881,176.14825439453125,286.8129577636719,0.9999982118606567
419,138.9248046875,221.54263305664062,1.0,134.99583435058594,259.9418029785156,1.0,125.85353088378906,240.7839813232422,1.0,114.32276916503906,239.13999938964844,1.0,170.44822692871094,238.51318359375,1.0,185.84161376953125,232.09584045410156,1.0,134.22238159179688,280.5733947753906,1.0,112.9791030883789,285.877197265625,0.9999994039535522,176.40673828125,286.995849609375,0.9999984502792358
420,139.9191436767578,221.36981201171875,1.0,136.39376831054688,260.982421875,1.0,125.89923095703125,241.51324462890625,1.0,114.94756317138672,239.4063720703125,1.0,171.20059204101562,238.93304443359375,1.0,186.81935119628906,232.21981811523438,1.0,135.6644287109375,281.21026611328125,1.0,113.44718933105469,286.1214599609375,0.9999997615814209,177.44607543945312,287.01641845703125,0.999996542930603
421,141.0465087890625,221.24160766601562,1.0,137.15187072753906,260.5412292480469,1.0,126.72773742675781,241.33485412597656,1.0,115.83209991455078,239.1245574951172,1.0,171.88571166992188,238.87489318847656,1.0,187.35809326171875,232.34364318847656,1.0,136.36956787109375,280.9087829589844,1.0,115.21894073486328,286.3026123046875,0.9999998807907104,177.6375274658203,287.1021423339844,0.9999982118606567
422,141.83367919921875,221.23977661132812,1.0,137.70428466796875,260.8684387207031,1.0,126.80899047851562,241.26516723632812,1.0,115.77622985839844,238.98731994628906,1.0,172.38900756835938,238.71392822265625,1.0,188.15594482421875,232.50106811523438,1.0,136.8121337890625,280.66046142578125,1.0,116.11570739746094,286.4567565917969,1.0,178.05653381347656,286.96246337890625,0.9999988079071045
423,141.9848175048828,221.29612731933594,1.0,138.02874755859375,260.74749755859375,1.0,126.97055053710938,241.33607482910156,1.0,115.85466003417969,238.7181396484375,1.0,172.57492065429688,238.54603576660156,1.0,188.38453674316406,232.4136505126953,1.0,137.27468872070312,280.6404724121094,1.0,116.59207153320312,286.455078125,0.9999998807907104,178.1034698486328,287.10302734375,0.9999990463256836
424,142.3309326171875,221.37181091308594,1.0,138.46316528320312,260.9111328125,1.0,127.12039184570312,241.386962890625,1.0,115.8024673461914,238.7176513671875,1.0,172.8703155517578,238.5089874267578,1.0,188.6029510498047,232.61019897460938,1.0,137.6063690185547,280.6549377441406,1.0,116.8642578125,286.68914794921875,1.0,178.89559936523438,286.9264831542969,0.9999995231628418
425,142.5602569580078,221.5693359375,1.0,138.56884765625,261.1016540527344,1.0,127.29227447509766,241.317138671875,1.0,116.02886199951172,239.15574645996094,1.0,173.15432739257812,238.46031188964844,1.0,188.96865844726562,232.7491912841797,1.0,137.96697998046875,280.7378234863281,1.0,117.24089050292969,286.7615966796875,1.0,179.19252014160156,286.9566955566406,0.9999995231628418
426,142.6820068359375,221.638671875,1.0,138.6177215576172,261.3614196777344,1.0,127.38197326660156,241.50265502929688,1.0,116.03163146972656,239.04031372070312,1.0,173.9779815673828,238.7800750732422,1.0,189.0187530517578,232.9777374267578,1.0,137.96278381347656,280.862548828125,1.0,117.55200958251953,286.8293151855469,0.9999998807907104,179.09805297851562,287.18658447265625,0.9999995231628418
427,141.8983154296875,221.70277404785156,1.0,138.44227600097656,261.6873779296875,1.0,126.9598159790039,241.70957946777344,1.0,115.64604187011719,239.1634979248047,1.0,172.3799591064453,238.876953125,1.0,188.5718231201172,232.85162353515625,1.0,138.01490783691406,280.986328125,1.0,117.63768768310547,287.0581970214844,0.9999998807907104,179.13833618164062,287.18255615234375,0.9999995231628418
428,140.29843139648438,221.90846252441406,1.0,137.48719787597656,261.7786560058594,1.0,126.54681396484375,242.0852508544922,1.0,114.93390655517578,239.38999938964844,1.0,170.52499389648438,239.52182006835938,1.0,186.44334411621094,232.84982299804688,1.0,136.9874725341797,281.2550964355469,1.0,115.27191925048828,286.6979064941406,0.9999997615814209,178.43637084960938,287.48370361328125,0.9999992847442627
429,139.6329803466797,222.10983276367188,1.0,137.02732849121094,262.1293640136719,1.0,125.92839050292969,242.22885131835938,1.0,114.88053894042969,239.7860565185547,1.0,169.7481689453125,239.69497680664062,1.0,185.7599334716797,233.1175994873047,1.0,136.843505859375,281.6664733886719,1.0,114.34562683105469,286.7325134277344,0.9999994039535522,178.04507446289062,287.7042236328125,0.9999991655349731
430,139.54783630371094,221.80490112304688,1.0,136.91116333007812,261.9037170410156,1.0,125.71015167236328,242.27035522460938,1.0,114.64251708984375,239.8907012939453,1.0,169.66331481933594,239.77957153320312,1.0,185.84112548828125,233.14100646972656,1.0,136.6090850830078,281.51171875,1.0,114.56852722167969,286.69488525390625,0.9999991655349731,177.71487426757812,287.7190856933594,0.9999994039535522
431,139.99002075195312,222.44476318359375,1.0,137.08013916015625,261.9577941894531,1.0,126.30413818359375,242.25454711914062,1.0,114.7356185913086,239.65147399902344,1.0,171.2528076171875,240.0768585205078,1.0,187.1414031982422,233.05810546875,1.0,136.55848693847656,281.71185302734375,1.0,114.56275939941406,286.5378723144531,0.999998927116394,177.765625,287.83233642578125,0.9999990463256836
432,140.49966430664062,222.46282958984375,1.0,137.16845703125,261.7131652832031,1.0,126.67433166503906,242.25393676757812,1.0,114.81258392333984,239.13250732421875,1.0,171.84268188476562,239.7595977783203,1.0,187.56707763671875,232.79345703125,1.0,136.46070861816406,281.68109130859375,1.0,115.27256774902344,286.63885498046875,0.9999992847442627,178.19276428222656,287.3770751953125,0.9999992847442627
433,140.67808532714844,222.2560577392578,1.0,137.38955688476562,261.7848815917969,1.0,126.81393432617188,242.4224853515625,1.0,114.68070983886719,239.0770721435547,1.0,172.15899658203125,239.7547607421875,1.0,187.85293579101562,232.93763732910156,1.0,136.61512756347656,281.565673828125,1.0,115.38953399658203,286.424560546875,0.9999990463256836,178.12863159179688,287.3749694824219,0.999998927116394
434,140.8346405029297,222.33358764648438,1.0,137.58541870117188,262.2080993652344,1.0,127.04747772216797,242.3690948486328,1.0,114.972412109375,239.2313690185547,1.0,172.22230529785156,239.821533203125,1.0,188.0237579345703,232.9364471435547,1.0,137.04183959960938,281.7145690917969,1.0,115.50020599365234,286.34539794921875,0.9999990463256836,178.34072875976562,287.2580871582031,0.9999986886978149
435,142.1735076904297,222.38595581054688,1.0,138.4134979248047,262.5163879394531,1.0,127.44149780273438,242.37001037597656,1.0,114.83190155029297,238.8876953125,1.0,173.3021240234375,240.00157165527344,1.0,188.8040771484375,233.42984008789062,1.0,138.15208435058594,282.12139892578125,1.0,117.3697280883789,286.5049133300781,0.9999971389770508,178.83494567871094,287.4432067871094,0.9999986886978149
436,145.25424194335938,221.81320190429688,1.0,142.08572387695312,261.61328125,1.0,129.0870361328125,241.31382751464844,1.0,116.06360626220703,237.5052032470703,1.0,176.20968627929688,239.89183044433594,1.0,191.48988342285156,232.954345703125,1.0,141.44313049316406,281.64739990234375,1.0,120.25862121582031,286.4613037109375,0.9999994039535522,181.1941680908203,286.1941833496094,0.9999986886978149
437,147.7110137939453,222.23532104492188,1.0,144.64761352539062,262.19415283203125,1.0,131.24685668945312,241.2556915283203,1.0,117.69474792480469,236.74649047851562,1.0,178.25479125976562,240.06431579589844,1.0,193.50274658203125,232.82470703125,1.0,144.08778381347656,282.0774841308594,1.0,122.20805358886719,286.52655029296875,0.9999994039535522,182.24134826660156,286.311279296875,0.9999971389770508
438,148.49539184570312,221.92701721191406,1.0,145.64468383789062,261.7686462402344,1.0,131.80091857910156,240.8834228515625,1.0,117.8851547241211,237.5025177001953,1.0,178.79486083984375,239.96165466308594,1.0,194.25091552734375,232.5248565673828,1.0,145.41458129882812,281.7383117675781,1.0,122.49952697753906,286.45416259765625,0.9999997615814209,183.50730895996094,286.20458984375,0.9999988079071045
439,149.08712768554688,221.7799072265625,1.0,146.24000549316406,261.70672607421875,1.0,132.39463806152344,241.0277099609375,1.0,118.30021667480469,237.55052185058594,1.0,179.01998901367188,239.9124298095703,1.0,194.41404724121094,232.5066375732422,1.0,146.54351806640625,281.19036865234375,1.0,122.90763854980469,286.8696594238281,0.9999998807907104,183.75489807128906,286.3453674316406,0.9999986886978149
440,149.34886169433594,221.84469604492188,1.0,146.4317169189453,262.10516357421875,1.0,132.2373504638672,241.12615966796875,1.0,118.20166778564453,237.46218872070312,1.0,179.2113800048828,239.88726806640625,1.0,194.9056854248047,232.79580688476562,1.0,146.60279846191406,281.1517333984375,1.0,123.21566009521484,287.03717041015625,0.9999998807907104,184.09133911132812,286.335693359375,0.9999983310699463
441,149.48500061035156,221.8358612060547,1.0,146.70217895507812,261.9255676269531,1.0,132.16868591308594,241.20689392089844,1.0,118.30057525634766,236.66986083984375,1.0,179.50880432128906,239.81719970703125,1.0,195.1612091064453,232.7120361328125,1.0,146.88385009765625,281.185302734375,1.0,123.2559585571289,287.2068176269531,0.9999998807907104,184.26852416992188,286.2073974609375,0.9999977350234985
442,149.56155395507812,221.81216430664062,1.0,146.89593505859375,262.2464904785156,1.0,132.2271728515625,241.34619140625,1.0,118.23124694824219,237.4868621826172,1.0,179.6395263671875,239.8643798828125,1.0,195.2023468017578,232.9317169189453,1.0,147.16787719726562,281.25604248046875,1.0,123.39910888671875,287.30242919921875,0.9999998807907104,184.12173461914062,286.61309814453125,0.9999982118606567
443,149.85179138183594,221.9771270751953,1.0,147.28404235839844,262.5550537109375,1.0,132.12950134277344,241.359130859375,1.0,118.20929718017578,237.32920837402344,1.0,179.60935974121094,239.83523559570312,1.0,195.35972595214844,232.71678161621094,1.0,147.4348602294922,281.25738525390625,1.0,123.44296264648438,287.3149108886719,0.9999998807907104,184.2545623779297,286.41259765625,0.9999982118606567
444,149.78172302246094,221.97024536132812,1.0,147.5416717529297,263.38134765625,1.0,132.10940551757812,241.3844757080078,1.0,118.30360412597656,237.569580078125,1.0,179.530517578125,239.53594970703125,1.0,195.3279266357422,232.65423583984375,1.0,147.58697509765625,281.22381591796875,1.0,124.16053771972656,287.11163330078125,0.9999998807907104,184.32493591308594,286.3888854980469,0.9999992847442627
445,149.55845642089844,221.95985412597656,1.0,147.6072540283203,263.35040283203125,1.0,132.12220764160156,241.43910217285156,1.0,118.19194030761719,236.68431091308594,1.0,179.52581787109375,239.64842224121094,1.0,195.22537231445312,232.7220916748047,1.0,147.71224975585938,281.2829895019531,1.0,123.84839630126953,287.0610656738281,0.9999998807907104,184.1735382080078,286.3952331542969,0.9999992847442627
446,149.64486694335938,222.1307373046875,1.0,147.70834350585938,263.32177734375,1.0,132.0457305908203,241.37521362304688,1.0,118.23011016845703,237.2587890625,1.0,179.4321746826172,239.54669189453125,1.0,195.2200469970703,232.63638305664062,1.0,147.81101989746094,281.32672119140625,1.0,123.78352355957031,287.0311279296875,0.9999998807907104,184.10775756835938,286.50836181640625,0.9999991655349731
447,149.6510772705078,222.22618103027344,1.0,147.89651489257812,263.168212890625,1.0,132.12083435058594,241.41793823242188,1.0,118.29183959960938,237.41700744628906,1.0,179.4547576904297,239.5742645263672,1.0,195.1632843017578,232.60406494140625,1.0,148.01654052734375,281.3226623535156,1.0,123.8582763671875,287.01806640625,0.9999998807907104,183.98483276367188,286.5550842285156,0.9999990463256836
448,151.66140747070312,221.81814575195312,1.0,150.04031372070312,262.16973876953125,1.0,132.95748901367188,241.08413696289062,1.0,118.27494812011719,237.02952575683594,1.0,180.51040649414062,239.4148712158203,1.0,196.52999877929688,232.6720428466797,1.0,150.4740447998047,281.38616943359375,1.0,126.1851806640625,287.3193664550781,0.9999998807907104,186.1126708984375,286.57550048828125,0.9999994039535522
449,168.83026123046875,219.39144897460938,0.9999998807907104,169.2548828125,261.720947265625,0.9999966621398926,143.95404052734375,238.460693359375,1.0,129.54046630859375,233.6405487060547,1.0,196.00657653808594,238.2147674560547,1.0,211.7982635498047,231.78182983398438,1.0,167.63668823242188,281.2773742675781,0.9999991655349731,135.2080841064453,285.4039001464844,0.9999642372131348,197.1295928955078,287.50347900390625,0.9992087483406067
450,191.86427307128906,219.77908325195312,0.9999997615814209,195.08026123046875,261.4574890136719,0.9999998807907104,161.8384552001953,237.70654296875,1.0,147.6998291015625,232.2815399169922,1.0,212.75015258789062,238.6746063232422,1.0,226.3983917236328,232.5888671875,1.0,192.0233154296875,281.6009216308594,0.9999978542327881,154.05972290039062,285.1201477050781,0.9999983310699463,213.4678192138672,288.1149597167969,0.972499430179596
451,205.74070739746094,220.84988403320312,1.0,208.91058349609375,259.6919860839844,1.0,175.79898071289062,237.07913208007812,1.0,159.4819793701172,232.56117248535156,1.0,222.332275390625,237.94058227539062,1.0,234.71994018554688,233.93772888183594,1.0,207.64971923828125,280.1592102050781,1.0,167.24269104003906,284.271484375,1.0,226.62484741210938,288.4541015625,0.9999717473983765
452,211.18807983398438,223.01318359375,1.0,214.6675567626953,258.8559875488281,1.0,180.5078887939453,237.37765502929688,1.0,164.02162170410156,232.52828979492188,1.0,226.3701934814453,238.89602661132812,1.0,237.92478942871094,234.31320190429688,1.0,213.57086181640625,280.82794189453125,1.0,173.26272583007812,284.9338073730469,0.9999998807907104,231.08673095703125,288.2179260253906,0.9999949932098389
453,213.26832580566406,221.92567443847656,1.0,216.81407165527344,258.725830078125,1.0,182.81927490234375,237.43267822265625,1.0,166.05337524414062,233.19187927246094,1.0,227.8105926513672,238.93130493164062,1.0,239.05609130859375,234.2619171142578,1.0,216.7003631591797,280.59674072265625,1.0,175.16551208496094,284.9913024902344,0.9999997615814209,234.5006866455078,286.8814697265625,0.9998856782913208
454,215.4433135986328,222.10008239746094,1.0,219.3032684326172,257.94964599609375,1.0,184.26800537109375,237.20675659179688,1.0,167.39773559570312,233.41188049316406,1.0,228.1522674560547,238.06396484375,1.0,239.21041870117188,233.93527221679688,1.0,219.34796142578125,281.08599853515625,1.0,177.85543823242188,284.30706787109375,0.9999998807907104,236.40097045898438,287.5018615722656,0.9998713731765747
455,216.1912384033203,221.93873596191406,1.0,220.2469940185547,258.09320068359375,1.0,184.62542724609375,237.2854766845703,1.0,168.24871826171875,233.339599609375,1.0,228.44338989257812,238.2533416748047,1.0,239.62326049804688,234.53733825683594,1.0,219.8372344970703,280.7183837890625,1.0,178.77545166015625,284.2469482421875,1.0,236.5708770751953,287.4719543457031,0.9999779462814331
456,216.19436645507812,221.5675811767578,1.0,220.16246032714844,258.2622375488281,1.0,185.2045440673828,237.2958526611328,1.0,168.82730102539062,233.6929931640625,1.0,228.63568115234375,238.4496612548828,1.0,239.7939910888672,234.58863830566406,1.0,220.15008544921875,280.56573486328125,1.0,179.19090270996094,284.4901428222656,1.0,237.0525665283203,287.6911315917969,0.9999792575836182
457,216.2325897216797,221.9664306640625,1.0,220.49261474609375,258.2477722167969,1.0,185.12200927734375,237.34228515625,1.0,168.95968627929688,233.58778381347656,1.0,228.68988037109375,238.38858032226562,1.0,239.93507385253906,234.6488494873047,1.0,220.4522705078125,280.5232849121094,1.0,179.2818145751953,284.44866943359375,1.0,237.1123809814453,287.6693115234375,0.9999816417694092
458,216.0543975830078,222.12208557128906,1.0,221.11898803710938,258.1854553222656,1.0,185.73789978027344,237.45806884765625,1.0,169.25576782226562,233.62203979492188,1.0,228.8215789794922,238.31146240234375,1.0,239.89324951171875,234.57240295410156,1.0,221.4060516357422,280.1721496582031,1.0,179.39108276367188,284.3524475097656,1.0,237.28285217285156,287.7181396484375,0.9999711513519287
459,216.3878173828125,222.47604370117188,1.0,221.89073181152344,258.1873474121094,1.0,186.09120178222656,237.76889038085938,1.0,169.98532104492188,233.70079040527344,1.0,229.25567626953125,238.0977020263672,1.0,240.03443908691406,233.9622039794922,1.0,222.2982635498047,280.4572448730469,1.0,178.93618774414062,284.0226745605469,1.0,237.03240966796875,288.14031982421875,0.9998921155929565
460,216.7344970703125,222.00767517089844,1.0,222.2035369873047,257.91058349609375,1.0,186.423095703125,237.6313018798828,1.0,170.02935791015625,233.8282012939453,1.0,229.6004638671875,237.78128051757812,1.0,240.27606201171875,233.45005798339844,1.0,222.44046020507812,280.4831848144531,1.0,179.34207153320312,284.19110107421875,1.0,237.468505859375,288.0544128417969,0.999948263168335
461,217.42591857910156,221.23008728027344,1.0,222.69091796875,257.0408020019531,1.0,186.65379333496094,237.27928161621094,1.0,170.2507781982422,233.77723693847656,1.0,230.31610107421875,238.16966247558594,1.0,240.15347290039062,232.94447326660156,1.0,223.2056427001953,280.5423278808594,1.0,180.1665802001953,284.19830322265625,1.0,237.66897583007812,288.23480224609375,0.9999724626541138
462,217.85379028320312,220.8455352783203,1.0,223.57595825195312,256.8214111328125,1.0,186.90733337402344,237.0059051513672,1.0,170.39450073242188,233.58486938476562,1.0,230.97369384765625,237.27685546875,1.0,240.62132263183594,232.1949005126953,1.0,223.7879638671875,280.7027282714844,1.0,180.49838256835938,284.398193359375,1.0,238.1822052001953,288.0434875488281,0.9999418258666992
463,217.2019805908203,219.26759338378906,1.0,224.87315368652344,256.5399169921875,1.0,187.06219482421875,237.05690002441406,1.0,170.5306396484375,233.67575073242188,1.0,231.27493286132812,236.99815368652344,1.0,241.08615112304688,231.79576110839844,1.0,225.07923889160156,281.6827392578125,1.0,180.33889770507812,284.8818054199219,1.0,239.40306091308594,287.59136962890625,0.9998469352722168
464,217.49969482421875,219.09426879882812,1.0,225.9291229248047,256.68756103515625,1.0,187.19435119628906,237.2019805908203,1.0,170.74603271484375,233.698486328125,1.0,231.2952117919922,237.21505737304688,1.0,241.2079620361328,231.5552215576172,1.0,225.7982177734375,281.6046447753906,1.0,180.3295135498047,285.0092468261719,1.0,239.42282104492188,287.1018371582031,0.9996542930603027
465,217.96255493164062,219.2320098876953,1.0,225.10726928710938,255.1997528076172,1.0,187.28175354003906,237.27357482910156,1.0,170.7986602783203,233.695068359375,1.0,231.1145477294922,237.45556640625,1.0,241.19029235839844,231.46353149414062,1.0,225.64486694335938,282.2192077636719,1.0,180.31802368164062,285.2690124511719,1.0,239.11961364746094,287.1874694824219,0.9991463422775269
466,217.75389099121094,219.10572814941406,1.0,224.68038940429688,255.60267639160156,1.0,187.30825805664062,237.42190551757812,1.0,170.9659423828125,233.8246307373047,1.0,231.02059936523438,237.423583984375,1.0,241.16754150390625,231.1806640625,1.0,225.32196044921875,282.2643127441406,1.0,180.0518341064453,285.41741943359375,1.0,238.77423095703125,286.86944580078125,0.9983867406845093
467,217.5866241455078,218.8356170654297,1.0,224.5341339111328,255.76882934570312,1.0,187.26547241210938,237.53819274902344,1.0,170.9171905517578,233.8603515625,1.0,230.8907928466797,237.4215850830078,1.0,241.1327667236328,231.03196716308594,1.0,225.18687438964844,282.5550537109375,1.0,179.9896697998047,285.3890686035156,1.0,238.67080688476562,286.8550720214844,0.997545063495636
468,217.62615966796875,218.9275360107422,1.0,225.15956115722656,257.6239929199219,1.0,187.19796752929688,237.3799591064453,1.0,170.72145080566406,233.76358032226562,1.0,231.01864624023438,237.67271423339844,1.0,241.12991333007812,231.55397033691406,1.0,224.5890350341797,282.4076843261719,1.0,179.63937377929688,285.54888916015625,1.0,238.4732208251953,287.15496826171875,0.9976563453674316
469,216.86195373535156,218.71754455566406,1.0,224.85983276367188,258.0515441894531,1.0,186.4691925048828,237.61578369140625,1.0,170.5498504638672,234.29315185546875,1.0,229.90292358398438,237.59268188476562,1.0,240.7880859375,231.3475341796875,1.0,224.56436157226562,282.4431457519531,1.0,179.39552307128906,285.7478332519531,1.0,238.02362060546875,286.8802795410156,0.9947299957275391
470,214.85562133789062,218.9201202392578,1.0,222.76246643066406,257.52392578125,1.0,185.04910278320312,237.90316772460938,1.0,169.0611114501953,234.859619140625,1.0,229.5439453125,237.58840942382812,1.0,240.3948974609375,231.11422729492188,1.0,223.19577026367188,282.4124755859375,1.0,178.77099609375,285.64569091796875,1.0,236.64678955078125,287.04095458984375,0.9954931735992432
471,212.8223876953125,219.474853515625,1.0,220.88514709472656,257.2871398925781,1.0,183.739990234375,238.33201599121094,1.0,166.91500854492188,235.14010620117188,1.0,228.69198608398438,237.78489685058594,1.0,239.93203735351562,230.56724548339844,1.0,221.7167205810547,282.7755432128906,1.0,177.74331665039062,285.64141845703125,1.0,235.35488891601562,286.82763671875,0.9891381859779358
472,212.51295471191406,219.5978546142578,1.0,220.6830291748047,257.3748474121094,1.0,183.5376434326172,238.3465118408203,1.0,167.04664611816406,235.2620086669922,1.0,228.47361755371094,237.64523315429688,1.0,239.72044372558594,230.43223571777344,1.0,221.41184997558594,282.6525573730469,1.0,177.53504943847656,285.4586486816406,1.0,234.72360229492188,286.47882080078125,0.9901666641235352
473,213.5052947998047,219.1472625732422,1.0,220.70309448242188,257.2381286621094,1.0,183.5311279296875,238.19692993164062,1.0,166.88754272460938,235.12741088867188,1.0,228.49436950683594,237.7435302734375,1.0,239.54867553710938,230.5911865234375,1.0,221.13241577148438,282.6716003417969,1.0,177.38674926757812,285.3867492675781,1.0,234.70326232910156,286.78387451171875,0.9866525530815125
474,213.66830444335938,219.3374786376953,1.0,220.8922882080078,257.2782287597656,1.0,183.58676147460938,238.12014770507812,1.0,166.8369140625,235.07183837890625,1.0,228.31961059570312,237.82379150390625,1.0,239.3511505126953,230.6302947998047,1.0,221.48648071289062,282.63568115234375,1.0,177.5438232421875,285.6545715332031,1.0,235.1121826171875,287.09405517578125,0.9911933541297913
475,213.99639892578125,219.63583374023438,1.0,220.99180603027344,257.2313537597656,1.0,183.61412048339844,238.16818237304688,1.0,166.75711059570312,234.98263549804688,1.0,228.35043334960938,237.75445556640625,1.0,239.29676818847656,230.60757446289062,1.0,221.55133056640625,282.5712585449219,1.0,177.48794555664062,285.6525573730469,0.9999998807907104,235.35775756835938,286.90643310546875,0.9947600960731506
476,214.47048950195312,219.6831817626953,1.0,221.30616760253906,257.10784912109375,1.0,184.21888732910156,238.2120361328125,1.0,167.2752685546875,234.97483825683594,1.0,228.34202575683594,237.7814483642578,1.0,239.0886993408203,230.73104858398438,1.0,221.76040649414062,282.3219299316406,1.0,177.49676513671875,285.6281433105469,0.9999998807907104,235.1763153076172,286.9679260253906,0.9922318458557129
477,214.92684936523438,219.46510314941406,1.0,222.18162536621094,257.427978515625,1.0,184.51773071289062,238.40892028808594,1.0,167.9955596923828,235.3534393310547,1.0,228.4892120361328,237.8065643310547,1.0,239.1981964111328,230.3962860107422,1.0,222.55198669433594,282.7432861328125,1.0,178.05758666992188,285.78863525390625,1.0,235.6926727294922,287.4111633300781,0.9646489024162292
478,215.48678588867188,219.6264190673828,1.0,223.4851837158203,257.8956604003906,1.0,185.58950805664062,238.5478515625,1.0,168.64097595214844,235.24693298339844,1.0,228.4600830078125,237.86183166503906,1.0,239.443603515625,230.2007598876953,1.0,224.0400848388672,283.06610107421875,0.9999998807907104,178.7115020751953,285.95880126953125,1.0,238.29544067382812,287.0133056640625,0.8959375619888306
479,216.78382873535156,219.34620666503906,1.0,224.01821899414062,255.87869262695312,1.0,186.31756591796875,238.26937866210938,1.0,169.5860137939453,235.23817443847656,1.0,229.66094970703125,237.60157775878906,1.0,239.75445556640625,231.1395263671875,1.0,225.1482696533203,282.2108459472656,1.0,180.18505859375,286.00830078125,1.0,238.93724060058594,286.0599365234375,0.9711469411849976
480,217.6571807861328,219.56483459472656,1.0,225.62847900390625,255.801513671875,1.0,186.88365173339844,238.2465057373047,1.0,170.21827697753906,235.0271453857422,1.0,230.51805114746094,237.32041931152344,1.0,240.39967346191406,231.46792602539062,1.0,226.63330078125,282.44140625,1.0,180.26205444335938,285.5362854003906,1.0,240.24659729003906,286.40594482421875,0.9558371901512146
481,217.48280334472656,218.8592071533203,1.0,226.02041625976562,255.3016357421875,1.0,186.85581970214844,237.78102111816406,1.0,170.50376892089844,234.94703674316406,1.0,230.82601928710938,237.16184997558594,1.0,240.61709594726562,231.67726135253906,1.0,226.48486328125,281.8641357421875,1.0,180.5903778076172,285.1960754394531,1.0,239.99212646484375,286.5848388671875,0.9810958504676819
482,217.5406036376953,219.05047607421875,1.0,225.99798583984375,255.09225463867188,1.0,187.2085723876953,237.8549041748047,1.0,170.70904541015625,235.06393432617188,1.0,230.96881103515625,237.12892150878906,1.0,240.6595458984375,231.702392578125,1.0,226.32205200195312,281.96075439453125,1.0,180.5284423828125,285.1900939941406,1.0,239.6795196533203,286.7090759277344,0.9861841797828674
483,217.98049926757812,219.10638427734375,1.0,226.82388305664062,256.4259338378906,1.0,187.2205047607422,237.65086364746094,1.0,170.70997619628906,235.1312713623047,1.0,231.0707244873047,237.1400604248047,1.0,240.7962188720703,232.00057983398438,1.0,226.15321350097656,281.38031005859375,1.0,180.6301727294922,284.578857421875,1.0,240.08322143554688,286.6424560546875,0.9897874593734741
484,218.30914306640625,219.68258666992188,1.0,226.68182373046875,256.68609619140625,1.0,187.511474609375,238.18692016601562,1.0,170.57962036132812,234.85723876953125,1.0,231.11167907714844,237.19418334960938,1.0,240.81520080566406,232.0408477783203,1.0,226.0164794921875,281.0872802734375,1.0,180.84225463867188,284.90936279296875,1.0,240.08387756347656,287.1133728027344,0.9993054866790771
485,218.45628356933594,219.74264526367188,1.0,226.76876831054688,256.95587158203125,1.0,187.50205993652344,238.28378295898438,1.0,170.5948944091797,234.8435821533203,1.0,231.20809936523438,237.4159393310547,1.0,240.99948120117188,232.05877685546875,1.0,226.06141662597656,281.4602355957031,1.0,180.83412170410156,284.71612548828125,1.0,240.0012969970703,287.3039855957031,0.9996931552886963
486,218.12191772460938,220.33090209960938,1.0,225.35751342773438,255.45816040039062,1.0,187.58140563964844,238.32373046875,1.0,170.5765838623047,234.7668914794922,1.0,230.52008056640625,237.0752716064453,1.0,241.0267333984375,232.1463623046875,1.0,225.95138549804688,281.173828125,1.0,181.22630310058594,284.68994140625,1.0,239.4028778076172,287.5757141113281,0.9999278783798218
487,218.42071533203125,220.37762451171875,1.0,225.73585510253906,255.502197265625,1.0,187.711181640625,238.57606506347656,1.0,170.7195281982422,234.8012237548828,1.0,230.97064208984375,237.3182830810547,1.0,241.4913787841797,232.78280639648438,1.0,226.4436492919922,281.49127197265625,1.0,181.17323303222656,284.5921936035156,1.0,239.44668579101562,287.8750915527344,0.9999430179595947
488,218.7429656982422,220.2401885986328,1.0,225.98097229003906,255.73062133789062,1.0,187.91558837890625,238.88658142089844,1.0,171.0839080810547,235.15606689453125,1.0,231.20379638671875,237.87564086914062,1.0,241.7379913330078,233.60340881347656,1.0,226.5387725830078,281.5108642578125,1.0,181.96812438964844,284.5291748046875,1.0,239.5973358154297,287.2535095214844,0.9999418258666992
489,221.5353240966797,221.35049438476562,1.0,227.6536407470703,255.7528839111328,1.0,189.73487854003906,240.0775146484375,1.0,173.5719757080078,235.8948516845703,1.0,232.37118530273438,239.06362915039062,1.0,242.294189453125,233.49815368652344,1.0,228.68722534179688,282.5627136230469,1.0,182.6560516357422,284.3292236328125,1.0,241.24330139160156,287.4201354980469,0.9090405702590942
490,228.0519561767578,224.06942749023438,1.0,232.51585388183594,259.24127197265625,1.0,196.66465759277344,244.67176818847656,0.009373008273541927,181.97779846191406,238.8487091064453,1.0,237.2456512451172,242.49403381347656,0.9981130361557007,247.00888061523438,239.4713134765625,0.9999117851257324,232.25680541992188,282.7432861328125,1.0,185.9827117919922,285.0678405761719,0.9999991655349731,246.62062072753906,287.62713623046875,0.059066977351903915
491,237.38204956054688,225.10791015625,1.0,242.744140625,262.0418395996094,1.0,209.5960235595703,242.74038696289062,0.2860282361507416,193.8190460205078,239.70152282714844,1.0,245.90953063964844,248.23509216308594,0.11226201802492142,256.64324951171875,242.2787628173828,0.83536297082901,243.643798828125,283.1913146972656,1.0,195.99827575683594,283.9579772949219,0.9999997615814209,249.11672973632812,288.85150146484375,0.0004593729099724442
492,242.952392578125,225.25152587890625,1.0,248.06626892089844,263.6569519042969,1.0,213.54891967773438,242.7227020263672,0.9999991655349731,201.8006591796875,240.1185302734375,1.0,252.60142517089844,248.77664184570312,0.9153926372528076,261.7082824707031,244.3520050048828,0.3453981578350067,247.5574493408203,283.03240966796875,0.9999995231628418,201.86141967773438,284.0319519042969,0.9999984502792358,251.20138549804688,289.2887268066406,0.0001952946331584826
493,252.34344482421875,225.07264709472656,1.0,257.434814453125,263.6483459472656,0.9999998807907104,223.0556640625,242.32525634765625,1.0,208.1782989501953,237.38975524902344,1.0,261.17620849609375,250.39065551757812,0.04291444271802902,279.26568603515625,244.29513549804688,0.011255992576479912,256.1363220214844,283.11444091796875,0.9999958276748657,210.4868927001953,283.4763488769531,0.999994158744812,261.3733825683594,288.07757568359375,6.701724487356842e-05
494,260.347900390625,225.21755981445312,1.0,262.5477600097656,263.59320068359375,1.0,230.4816131591797,240.23008728027344,1.0,218.36036682128906,236.4669647216797,1.0,267.5928039550781,250.38714599609375,0.36252498626708984,294.8822021484375,241.0948028564453,0.0008948675822466612,261.9691467285156,284.13128662109375,0.9999997615814209,215.5241241455078,284.2239074707031,0.9999971389770508,227.70950317382812,290.80902099609375,0.00016269172192551196
495,268.5191650390625,229.0039520263672,1.0,270.2944030761719,266.10205078125,1.0,238.6299591064453,241.00390625,1.0,226.830078125,235.35382080078125,1.0,263.3908386230469,249.15737915039062,0.0059223179705441,275.6252746582031,229.15345764160156,0.00070709188003093,268.0319519042969,285.08746337890625,0.9999974966049194,222.56651306152344,283.6944885253906,0.9999620914459229,267.9552307128906,224.63291931152344,8.030289609450847e-05
496,276.2730407714844,231.81507873535156,1.0,275.8286437988281,267.8270568847656,1.0,245.7552490234375,240.9770965576172,1.0,235.59889221191406,235.08535766601562,1.0,281.3798828125,253.9443817138672,0.043870601803064346,308.94915771484375,252.4528045654297,0.0003337977104820311,273.619873046875,286.5567626953125,0.9999663829803467,228.44351196289062,282.20977783203125,0.999504566192627,277.68231201171875,288.364013671875,0.0001139084342867136
497,280.12725830078125,234.1593475341797,1.0,279.9936218261719,270.2540283203125,1.0,252.7017822265625,242.459716796875,1.0,242.9058380126953,235.46286010742188,1.0,284.8251953125,254.73951721191406,0.021230081096291542,288.4039001464844,230.09219360351562,0.00034637347562238574,278.57440185546875,287.1333923339844,0.9992994070053101,235.3919219970703,281.78167724609375,0.9964409470558167,269.44769287109375,224.873779296875,7.297970296349376e-05
498,285.1694641113281,237.05502319335938,1.0,285.71917724609375,274.5107421875,0.9999998807907104,257.84814453125,243.557373046875,1.0,248.00991821289062,235.76353454589844,1.0,291.9066162109375,262.8188781738281,0.0038922647945582867,310.0295715332031,256.79412841796875,0.0015312830219045281,283.8418273925781,288.17645263671875,0.9281396865844727,240.4587860107422,282.34124755859375,0.6647002100944519,268.7084045410156,223.86337280273438,5.3967734856996685e-05
499,289.3440246582031,238.27645874023438,1.0,289.2111511230469,273.9057922363281,0.9999998807907104,261.1464538574219,244.23190307617188,1.0,251.88282775878906,236.43211364746094,1.0,293.8680419921875,256.73187255859375,0.009311319328844547,311.9129943847656,257.7777099609375,0.00057396967895329,286.25335693359375,287.6680603027344,0.9783092141151428,242.82571411132812,282.8744201660156,0.9934186935424805,230.34567260742188,258.8484802246094,0.00016604036500211805
500,291.12176513671875,238.1059112548828,1.0,291.27264404296875,274.3821105957031,0.9999998807907104,263.12689208984375,243.92941284179688,1.0,253.53916931152344,236.22146606445312,1.0,295.2724914550781,262.6402893066406,0.027382977306842804,293.4911804199219,277.38641357421875,0.00044557612272910774,288.4024353027344,288.7389831542969,0.9519995450973511,244.80282592773438,283.1357421875,0.9917657971382141,230.22314453125,258.8010559082031,0.0002553426311351359
501,293.1224365234375,238.5650634765625,1.0,292.3407287597656,274.1764831542969,0.9999998807907104,264.08599853515625,244.3542938232422,1.0,254.7369842529297,236.29029846191406,1.0,296.5433654785156,263.2352294921875,0.033151429146528244,294.0364990234375,278.0499572753906,0.0004009104159194976,289.2049255371094,288.5374755859375,0.9783073663711548,244.6631622314453,281.9950256347656,0.9991902709007263,230.3193359375,258.57489013671875,0.0002397563512204215
502,294.6820373535156,237.93504333496094,1.0,293.8356018066406,274.8772277832031,1.0,265.4967346191406,244.3456573486328,1.0,255.69993591308594,236.3399658203125,1.0,297.69122314453125,263.40673828125,0.039617870002985,325.1124267578125,254.76580810546875,0.00037784138112328947,291.6109619140625,289.2395935058594,0.9229806065559387,245.824462890625,282.243408203125,0.9983080625534058,230.2966766357422,258.7562561035156,0.00010654624929884449
503,294.7799377441406,236.84718322753906,1.0,293.4210510253906,274.0834655761719,0.9999998807907104,265.7358703613281,244.18040466308594,1.0,257.26922607421875,236.09115600585938,1.0,297.4313049316406,263.3580627441406,0.053461864590644836,294.02764892578125,277.9593505859375,0.0004306613118387759,291.0134582519531,288.76409912109375,0.9632578492164612,245.58042907714844,282.2225036621094,0.9990523457527161,291.01983642578125,289.1055603027344,8.70869480422698e-05
504,295.0305480957031,235.7657012939453,1.0,293.49749755859375,273.35791015625,0.9999998807907104,265.89990234375,243.9054412841797,1.0,257.5215759277344,236.0464324951172,1.0,297.5672912597656,263.05419921875,0.03388291224837303,294.1083984375,277.6012268066406,0.00033745396649464965,290.9128112792969,288.3003845214844,0.9846610426902771,246.41246032714844,282.2881164550781,0.9993939399719238,291.7056884765625,288.9630126953125,9.02188548934646e-05
505,294.97113037109375,235.8354034423828,1.0,293.55987548828125,273.8979187011719,0.9999998807907104,265.9408874511719,243.91563415527344,1.0,257.5612487792969,236.01173400878906,1.0,297.5252685546875,263.28167724609375,0.05122539773583412,294.1630554199219,277.6131286621094,0.00036836936487816274,290.9252624511719,288.6330261230469,0.970355749130249,246.3197479248047,282.224609375,0.9990702271461487,230.48532104492188,258.97088623046875,9.803114517126232e-05
506,295.1318359375,236.03530883789062,1.0,293.6293640136719,273.67242431640625,0.9999998807907104,266.0057678222656,244.00601196289062,1.0,257.5589599609375,236.05662536621094,1.0,297.5338439941406,263.32080078125,0.05323200300335884,294.0021057128906,277.939697265625,0.00032521437969990075,290.88232421875,288.54364013671875,0.9825440049171448,245.98538208007812,281.91748046875,0.9993269443511963,230.5322265625,259.025146484375,0.00011134168016724288
507,295.1965026855469,236.4556884765625,1.0,293.69073486328125,273.70166015625,0.9999998807907104,266.2159729003906,244.28604125976562,1.0,257.6839294433594,236.28897094726562,1.0,297.44525146484375,263.14166259765625,0.0925237387418747,294.1125793457031,277.99908447265625,0.0002746981044765562,291.1661071777344,288.69921875,0.9898490905761719,246.2303924560547,281.84027099609375,0.9995143413543701,230.39682006835938,259.1291809082031,0.00010037230822490528
508,295.248779296875,236.9479522705078,1.0,293.8635559082031,274.1639404296875,0.9999998807907104,266.3528137207031,244.33743286132812,1.0,257.5723876953125,236.31309509277344,1.0,297.67291259765625,263.3897705078125,0.06391502171754837,294.22930908203125,278.22430419921875,0.0002827192365657538,291.2673034667969,288.97357177734375,0.9771356582641602,246.179443359375,281.9756164550781,0.9995077848434448,230.44398498535156,259.13916015625,0.00011113567597931251
509,295.81640625,237.25648498535156,0.9999998807907104,294.1354064941406,274.3656311035156,0.9999998807907104,266.3594970703125,244.3295440673828,1.0,257.7535400390625,236.25875854492188,1.0,297.78826904296875,263.4556884765625,0.05578938499093056,307.4678649902344,244.05178833007812,0.0003121277259197086,291.6385803222656,288.723388671875,0.9829983115196228,246.40135192871094,281.6910095214844,0.9986076951026917,230.34310913085938,259.1971130371094,0.00013938358461018652
510,295.8627624511719,237.3408966064453,0.9999998807907104,294.0631408691406,274.12738037109375,0.9999998807907104,266.6269226074219,244.26821899414062,1.0,258.0299072265625,236.25796508789062,1.0,297.7764892578125,263.27191162109375,0.051052119582891464,307.4574279785156,244.00640869140625,0.00037522692582570016,291.5597839355469,288.61651611328125,0.9899279475212097,246.29298400878906,281.7493896484375,0.9993637204170227,230.453125,259.1870422363281,0.00013351241068448871
511,296.13665771484375,237.2642059326172,1.0,294.49560546875,274.5489501953125,0.9999998807907104,266.803955078125,244.2806396484375,1.0,258.4126892089844,236.3153076171875,1.0,298.3401184082031,263.697509765625,0.023047547787427902,307.589111328125,243.93783569335938,0.00031605700496584177,292.1134948730469,288.93255615234375,0.975028395652771,246.4705047607422,281.6839294433594,0.9988229870796204,230.44366455078125,259.10406494140625,0.00014801548968534917
512,297.968017578125,237.3659210205078,1.0,296.25128173828125,274.4591979980469,0.9999998807907104,270.6048889160156,243.52249145507812,1.0,262.3775634765625,236.13265991210938,1.0,299.2289123535156,263.77587890625,0.019926991313695908,305.76416015625,277.12908935546875,0.0004706848703790456,293.4408874511719,287.80126953125,0.9148596525192261,250.92034912109375,281.8457336425781,0.9759591221809387,266.62457275390625,222.79351806640625,7.640475814696401e-05
513,299.6363220214844,236.6268310546875,1.0,301.1852111816406,275.528076171875,1.0,274.3993835449219,243.00823974609375,1.0,267.1886901855469,234.8873748779297,1.0,307.59405517578125,263.18255615234375,0.003968238364905119,325.5400390625,255.76856994628906,0.0007912133005447686,297.7926940917969,288.4136962890625,0.39621633291244507,254.8738250732422,282.20501708984375,0.26879414916038513,248.59799194335938,273.00653076171875,7.547328277723864e-05
514,300.5744323730469,238.2850799560547,0.9999998807907104,302.9618835449219,276.3238220214844,0.9999998807907104,276.5324401855469,244.8127899169922,1.0,269.4175720214844,237.5576934814453,1.0,308.9242248535156,257.7929992675781,0.00663192430511117,326.4405822753906,256.27410888671875,0.0007705691969022155,301.3518371582031,289.6897277832031,0.0644235834479332,257.8966369628906,284.8104248046875,0.04309341311454773,246.4735870361328,258.7047424316406,0.00012658339983318
515,301.5600280761719,238.8123016357422,1.0,303.9095458984375,277.19219970703125,0.9999998807907104,277.7784118652344,245.7487030029297,1.0,270.95086669921875,238.5296630859375,1.0,309.1900634765625,263.72686767578125,0.011910502798855305,325.155517578125,257.9267578125,0.0007122657843865454,302.15771484375,290.1580810546875,0.04825702682137489,260.8916320800781,283.5604553222656,0.20645616948604584,246.4518280029297,258.7889099121094,0.00013171414320822805
516,301.7852783203125,239.4542694091797,1.0,304.4645690917969,277.3093566894531,0.9999998807907104,278.6339111328125,246.55426025390625,1.0,272.15771484375,239.2335968017578,1.0,309.6829528808594,263.7121887207031,0.0070479935966432095,325.1554260253906,257.87841796875,0.0006008103373460472,303.3494567871094,290.4212341308594,0.04096880555152893,261.2689514160156,285.5671081542969,0.028877833858132362,246.63259887695312,258.595458984375,6.783051503589377e-05
517,302.7670593261719,241.03897094726562,1.0,305.15533447265625,278.1321716308594,0.9999998807907104,280.4143981933594,247.91217041015625,1.0,275.1220397949219,239.9908447265625,1.0,310.1120910644531,263.7858581542969,0.01356667373329401,325.0562744140625,258.21966552734375,0.0006692162132821977,304.5184326171875,291.05517578125,0.013906210660934448,261.8799743652344,285.9139709472656,0.004599687177687883,282.92132568359375,239.04502868652344,9.752644109539688e-05
518,303.5026550292969,242.3805389404297,1.0,305.8907165527344,278.44818115234375,0.9999998807907104,281.9505310058594,249.04127502441406,1.0,277.0906066894531,241.596923828125,1.0,311.1329345703125,263.98162841796875,0.009450392797589302,324.90570068359375,258.4773254394531,0.0009053352987393737,305.14752197265625,290.83221435546875,0.010255134664475918,262.7479553222656,285.8872375488281,0.0037070997059345245,282.8706359863281,239.05897521972656,0.00011129773338325322
519,303.5299987792969,242.5149383544922,1.0,305.650146484375,278.5114440917969,0.9999998807907104,282.7799377441406,249.36599731445312,1.0,278.41546630859375,242.20904541015625,1.0,310.9692077636719,263.964599609375,0.01238715648651123,319.9886779785156,261.08270263671875,0.0011576147517189384,305.06744384765625,290.6197509765625,0.01139751635491848,262.4227294921875,285.7721862792969,0.0011703020427376032,262.6614074707031,255.00270080566406,0.00013976941409055144
520,303.69140625,242.6100311279297,1.0,305.90789794921875,278.6107177734375,1.0,283.127197265625,249.51834106445312,1.0,278.50836181640625,242.2696075439453,1.0,311.33502197265625,263.7390441894531,0.011042381636798382,320.2533264160156,260.96551513671875,0.0011558457044884562,305.2743835449219,290.70135498046875,0.007768276613205671,262.3597106933594,286.16888427734375,0.0008974504889920354,262.62738037109375,254.923095703125,0.00012018574489047751
521,303.5433044433594,242.3860626220703,1.0,306.10467529296875,278.4112243652344,1.0,283.6775817871094,249.82083129882812,1.0,278.6999206542969,242.76998901367188,1.0,311.6852722167969,263.70306396484375,0.008696058765053749,320.5868835449219,260.78668212890625,0.0010123135289177299,305.49395751953125,290.662353515625,0.0064030783250927925,262.565673828125,286.517578125,0.00047531959717161953,262.7235107421875,254.82435607910156,0.00013236129598226398
522,303.86175537109375,242.6125030517578,1.0,306.3831787109375,278.652587890625,0.9999998807907104,283.6634216308594,249.63150024414062,1.0,278.9429626464844,242.45155334472656,1.0,311.9999694824219,263.65423583984375,0.007965314202010632,320.77069091796875,260.7723693847656,0.0013170563615858555,305.99884033203125,290.58984375,0.002990562003105879,262.4014587402344,286.5643005371094,0.0003891836677212268,262.5880126953125,254.94485473632812,0.00012927137140650302
523,303.7960205078125,242.1139678955078,1.0,306.5657653808594,278.6177978515625,0.9999998807907104,284.123779296875,249.6168212890625,1.0,279.4233703613281,242.3530731201172,1.0,312.1794128417969,263.7620849609375,0.004717540927231312,325.15740966796875,258.376953125,0.0018159722676500678,306.1805419921875,290.64532470703125,0.0018398305401206017,262.46038818359375,286.4883117675781,0.0003914385160896927,262.6390686035156,255.18910217285156,0.00014442764222621918
524,304.4499206542969,242.4298095703125,1.0,306.74639892578125,279.0769348144531,0.9999998807907104,284.20550537109375,249.77748107910156,1.0,279.5665588378906,242.4392547607422,1.0,312.235595703125,264.1014404296875,0.006276079453527927,321.0859375,261.4649963378906,0.0012643990339711308,307.0736083984375,291.1820068359375,0.0012013145023956895,262.2003479003906,286.2117919921875,0.0003328002931084484,262.7815856933594,255.29188537597656,0.0001397030719090253
525,305.0013427734375,243.4000244140625,1.0,306.9521789550781,279.323974609375,0.9999998807907104,284.3096008300781,249.8112335205078,1.0,279.64239501953125,242.4318389892578,1.0,312.4654541015625,264.369873046875,0.00704601127654314,321.31927490234375,261.862060546875,0.001284681260585785,307.2866516113281,291.2859191894531,0.0014164134627208114,262.1443176269531,286.1280517578125,0.0003014782560057938,262.77392578125,255.3734588623047,0.00012820913980249316
526,304.93890380859375,243.26304626464844,1.0,307.0447692871094,279.23046875,0.9999998807907104,284.3421936035156,249.7587432861328,1.0,279.8490295410156,242.67205810546875,1.0,312.4507141113281,263.96856689453125,0.0073979985900223255,325.7835693359375,258.842529296875,0.0011752481805160642,307.4278869628906,291.3897399902344,0.0012583971256390214,260.86126708984375,291.5413818359375,0.00024741890956647694,262.7003173828125,255.50656127929688,0.00014788119005970657
527,304.64312744140625,242.786376953125,1.0,306.79986572265625,279.201416015625,0.9999998807907104,284.31500244140625,249.35411071777344,1.0,279.9395446777344,242.36068725585938,1.0,313.65484619140625,262.2218322753906,0.007313667796552181,320.7717590332031,261.1632385253906,0.0015211355639621615,307.2521057128906,291.49981689453125,0.0010929638519883156,262.3138732910156,286.34521484375,0.00035020484938286245,262.74871826171875,255.5986785888672,0.00015077689022291452
528,304.7236633300781,243.0312042236328,1.0,307.2947692871094,279.7993469238281,0.9999997615814209,284.711181640625,249.91436767578125,1.0,280.37408447265625,243.8329620361328,1.0,312.56390380859375,264.3701477050781,0.005853564012795687,321.1719665527344,261.466796875,0.0011030823225155473,307.6251220703125,291.5040588378906,0.0007493832381442189,297.97625732421875,239.4458465576172,0.0003274853224866092,262.8793640136719,255.7439422607422,0.00014611062943004072
529,304.6998596191406,242.59283447265625,1.0,307.3905334472656,279.5887451171875,0.9999997615814209,284.4542236328125,249.34068298339844,1.0,280.173095703125,243.25128173828125,1.0,314.00640869140625,262.5329895019531,0.006614806596189737,321.1244812011719,261.2971496582031,0.0011514665093272924,307.74896240234375,291.3407287597656,0.0006303635891526937,297.7998046875,239.40267944335938,0.0002662833430804312,262.869873046875,256.01776123046875,0.00014635577099397779
530,304.7196960449219,242.44337463378906,1.0,307.4101257324219,279.4049987792969,0.9999998807907104,284.4953308105469,248.9656219482422,1.0,279.9114074707031,242.79490661621094,1.0,312.75042724609375,263.97509765625,0.00475796265527606,321.23968505859375,261.39288330078125,0.0010430505499243736,307.7918395996094,291.3054504394531,0.001206494984216988,297.8727722167969,239.43817138671875,0.00023011518351268023,262.7345275878906,256.1073913574219,0.00013035585288889706
531,304.64520263671875,241.99700927734375,1.0,307.5084228515625,279.36602783203125,0.9999998807907104,284.5007019042969,248.56932067871094,1.0,279.9033508300781,242.126708984375,1.0,314.335693359375,262.2690734863281,0.0031403631437569857,326.0040283203125,258.3101806640625,0.0008827787823975086,307.91796875,291.3390808105469,0.0008082252461463213,297.78265380859375,239.1799774169922,0.00022590237495023757,262.5709228515625,256.3316345214844,0.00010681358980946243
532,304.43890380859375,241.86285400390625,1.0,307.494140625,279.23095703125,0.9999998807907104,284.473388671875,248.47442626953125,1.0,280.074951171875,242.07229614257812,1.0,313.9770812988281,262.1326904296875,0.003489177906885743,326.14801025390625,258.50347900390625,0.0008916158694773912,307.851806640625,291.3236083984375,0.0012119607999920845,261.0820007324219,291.4185485839844,0.0002312509750481695,262.485595703125,256.2441711425781,0.00012591634003911167
533,303.3067932128906,240.70326232910156,1.0,307.326904296875,278.5366516113281,0.9999998807907104,284.1990051269531,248.1259765625,1.0,279.75927734375,241.8494873046875,1.0,312.26123046875,263.198974609375,0.003200001548975706,325.7587890625,257.98193359375,0.0008063248242251575,307.73028564453125,291.1617431640625,0.001593814347870648,262.61016845703125,286.0843505859375,0.0003920203307643533,262.43426513671875,256.2735900878906,0.00010994070180458948
534,303.4738464355469,240.73387145996094,1.0,307.54644775390625,278.5825500488281,1.0,284.0234375,248.3305206298828,1.0,279.25762939453125,241.39727783203125,1.0,312.4393310546875,263.400634765625,0.0038062743842601776,325.5651550292969,258.27691650390625,0.0011680300813168287,307.8179626464844,291.1816711425781,0.0023737349547445774,263.2015380859375,286.06884765625,0.000523257243912667,262.4665832519531,256.1231384277344,0.00011042874393751845
535,303.5035400390625,240.63587951660156,1.0,307.4922180175781,278.50958251953125,1.0,283.8219909667969,248.08578491210938,1.0,279.1343994140625,241.12091064453125,1.0,312.4654846191406,263.3614501953125,0.003143205074593425,325.26373291015625,258.2255859375,0.0010712796356528997,307.7538757324219,291.26934814453125,0.0022919669281691313,263.29473876953125,286.3172912597656,0.0004395853611640632,262.3963928222656,256.0475158691406,0.00010226864833384752
536,303.6695861816406,240.6387939453125,1.0,307.54888916015625,278.4265441894531,1.0,283.6864013671875,247.96206665039062,1.0,279.0413818359375,240.98635864257812,1.0,312.3908996582031,263.36431884765625,0.0033854381181299686,325.7298278808594,258.0779113769531,0.0008781536016613245,307.8063659667969,291.1642761230469,0.002290175063535571,263.21112060546875,286.3619689941406,0.0004329613293521106,262.3342590332031,255.8670196533203,0.00010626478615449741
537,303.705322265625,240.86264038085938,1.0,307.4859313964844,278.5485534667969,0.9999998807907104,283.46722412109375,248.10760498046875,1.0,278.90362548828125,241.05831909179688,1.0,312.3159484863281,263.4418029785156,0.003481679828837514,325.7312927246094,258.3766784667969,0.0009577103774063289,307.7313232421875,291.3631286621094,0.0021956937853246927,263.3235168457031,286.2174987792969,0.0005715256556868553,262.411865234375,255.70062255859375,0.00010126369306817651
538,303.46905517578125,240.8897247314453,1.0,307.6064453125,278.47991943359375,1.0,283.1895446777344,247.9399871826172,1.0,278.3509216308594,240.8814697265625,1.0,312.2638244628906,263.48431396484375,0.0048626321367919445,325.64398193359375,258.53802490234375,0.0011172954691573977,307.7960510253906,291.2050476074219,0.004062021616846323,269.19866943359375,285.4603576660156,0.0020956264343112707,262.2279968261719,255.81613159179688,8.663089829497039e-05
539,303.265625,240.87545776367188,1.0,307.3121032714844,278.33831787109375,1.0,282.55474853515625,247.66542053222656,1.0,277.6237487792969,240.58465576171875,1.0,312.0838928222656,263.6118469238281,0.004701035097241402,325.36602783203125,258.4905090332031,0.0010497691109776497,307.5607604980469,291.0880126953125,0.004406630992889404,268.9479675292969,285.0658874511719,0.00137186364736408,262.1221618652344,255.66091918945312,7.565090345451608e-05
540,303.32855224609375,241.27796936035156,1.0,307.1909484863281,278.335205078125,1.0,282.5234375,247.781005859375,1.0,277.65087890625,240.6228790283203,1.0,311.70672607421875,263.4818420410156,0.007039749063551426,325.33013916015625,258.45452880859375,0.000842130568344146,307.40740966796875,291.174072265625,0.004727633204311132,268.7023620605469,285.295654296875,0.003713028971105814,282.5389099121094,239.0750274658203,6.933692202437669e-05
541,303.1726989746094,240.88385009765625,1.0,307.0309753417969,278.1994934082031,1.0,282.6708984375,247.86282348632812,1.0,277.50872802734375,240.71890258789062,1.0,311.65008544921875,263.49322509765625,0.007558210287243128,325.0307922363281,258.2502746582031,0.0007331235101446509,307.26385498046875,290.9268493652344,0.004405453335493803,268.85693359375,285.06561279296875,0.005200647283345461,282.6003723144531,239.05592346191406,6.738385854987428e-05
542,303.06048583984375,240.68310546875,1.0,307.067138671875,278.1939697265625,1.0,282.5273742675781,247.9187774658203,1.0,277.42901611328125,240.5813446044922,1.0,311.71734619140625,263.447265625,0.006083040498197079,325.0521240234375,258.295654296875,0.0006473921239376068,307.36846923828125,291.0335388183594,0.0038006831891834736,268.50164794921875,285.1015930175781,0.0034314279910176992,262.0254211425781,255.4291534423828,6.418186967493966e-05
543,302.9814758300781,240.54750061035156,1.0,306.8623046875,277.9613952636719,1.0,282.82080078125,247.8492889404297,1.0,277.3687744140625,240.56460571289062,1.0,311.40447998046875,263.38604736328125,0.006378458347171545,324.9875793457031,258.51666259765625,0.0006848060293123126,307.1911315917969,290.88275146484375,0.003740079468116164,268.51788330078125,284.98492431640625,0.0035528012085705996,282.7637939453125,239.05401611328125,6.151594425318763e-05
544,302.64794921875,240.4781494140625,1.0,306.8005065917969,277.66693115234375,1.0,282.524169921875,247.89178466796875,1.0,277.2684020996094,240.55355834960938,1.0,311.2489013671875,263.0845642089844,0.0061952886171638966,324.5639953613281,258.0360412597656,0.0006273832987062633,307.15350341796875,290.5981750488281,0.005488274618983269,268.1982727050781,284.99267578125,0.006174581125378609,262.0244140625,255.4347381591797,6.602185021620244e-05
545,302.4436950683594,240.38949584960938,1.0,306.800537109375,277.6636047363281,1.0,282.5343933105469,247.90733337402344,1.0,277.49139404296875,240.68600463867188,1.0,311.22637939453125,263.2297668457031,0.006297076586633921,324.5782165527344,257.9753112792969,0.0006292564212344587,307.1060485839844,290.4940185546875,0.007435246370732784,268.41424560546875,285.0185852050781,0.007756795268505812,282.7859191894531,239.069580078125,5.949527258053422e-05
546,301.7987060546875,240.17416381835938,1.0,305.9657897949219,277.7327575683594,0.9999998807907104,281.15557861328125,247.82456970214844,1.0,275.49755859375,240.1446990966797,1.0,310.7098693847656,263.16497802734375,0.002299365121871233,324.5682373046875,257.9351806640625,0.00043259907397441566,305.6722412109375,290.39605712890625,0.0075328717939555645,264.6874694824219,282.96942138671875,0.036639679223299026,283.2859191894531,239.08413696289062,6.883786409161985e-05
547,291.8388977050781,231.1407012939453,0.9999678134918213,298.0801086425781,269.8105163574219,0.9994843006134033,271.9762878417969,236.14437866210938,0.9985648989677429,266.7762756347656,230.40179443359375,0.9519559144973755,299.5511779785156,252.15867614746094,0.0002701037155929953,302.206787109375,247.39385986328125,0.00013660386321134865,298.38812255859375,283.8570861816406,0.11492034792900085,256.48760986328125,259.2333679199219,0.0012159396428614855,269.67596435546875,223.9412384033203,0.000252317578997463
548,267.3036193847656,210.2959747314453,1.0,270.0424499511719,243.89686584472656,0.9999998807907104,232.61837768554688,218.43275451660156,0.9999997615814209,218.8664093017578,214.2174530029297,1.0,274.8157653808594,238.94044494628906,0.00019032583804801106,292.3305969238281,240.023193359375,0.0008620855514891446,267.2524108886719,267.7879333496094,0.9999949932098389,219.24473571777344,265.7508239746094,0.9999935626983643,274.4864196777344,279.58990478515625,0.858565628528595
549,254.66769409179688,208.496337890625,1.0,257.23779296875,241.17019653320312,1.0,222.4244384765625,216.66995239257812,1.0,207.90457153320312,213.10972595214844,1.0,262.0013427734375,230.24253845214844,1.0,268.66180419921875,234.5273895263672,0.9999955892562866,252.12838745117188,264.9754638671875,1.0,211.70310974121094,267.5838928222656,1.0,264.30963134765625,277.030029296875,0.9999996423721313
550,251.147705078125,206.80882263183594,1.0,253.4290008544922,240.0011444091797,1.0,220.44044494628906,216.2825469970703,1.0,206.13516235351562,213.26675415039062,1.0,260.4397888183594,229.03660583496094,1.0,267.08978271484375,234.44114685058594,0.9999997615814209,249.48695373535156,263.26556396484375,1.0,209.86358642578125,267.16729736328125,1.0,262.3722229003906,276.7246398925781,1.0
551,249.83639526367188,205.83334350585938,1.0,252.214599609375,239.54766845703125,1.0,218.8873748779297,216.29324340820312,1.0,204.15621948242188,213.0306854248047,1.0,259.5710144042969,229.0325927734375,1.0,266.6593017578125,234.31866455078125,0.9999998807907104,248.1341094970703,263.1529541015625,1.0,208.56591796875,266.4945983886719,0.9999998807907104,260.833740234375,276.71685791015625,1.0
552,249.54861450195312,205.3245849609375,1.0,251.31573486328125,240.3766632080078,1.0,218.50140380859375,216.56283569335938,1.0,203.64964294433594,213.32843017578125,1.0,259.5527648925781,228.89727783203125,1.0,266.9143371582031,233.91868591308594,0.9999998807907104,247.86331176757812,263.3274841308594,1.0,208.64511108398438,267.7457275390625,0.9999998807907104,260.4657287597656,277.4460144042969,1.0
553,249.65687561035156,205.24815368652344,1.0,251.25039672851562,240.34634399414062,1.0,218.4662628173828,216.44935607910156,1.0,203.34384155273438,213.4203338623047,1.0,259.3768005371094,228.9254150390625,1.0,266.58447265625,233.9464874267578,0.9999998807907104,247.76414489746094,263.5473327636719,1.0,208.98561096191406,268.0321960449219,0.9999998807907104,260.48675537109375,277.52838134765625,1.0
554,249.96697998046875,205.2112274169922,1.0,251.18545532226562,240.53948974609375,1.0,218.55946350097656,216.23106384277344,1.0,203.44802856445312,213.37344360351562,1.0,259.6448669433594,228.8958282470703,1.0,266.89306640625,234.1973876953125,0.9999998807907104,247.64552307128906,263.2328186035156,1.0,208.6903533935547,267.7100524902344,0.9999998807907104,260.5706481933594,277.31597900390625,1.0
555,249.68350219726562,205.4139404296875,1.0,250.89059448242188,240.8864288330078,1.0,217.97769165039062,216.97459411621094,1.0,203.67225646972656,213.67689514160156,1.0,259.5332946777344,229.1579132080078,1.0,267.02398681640625,233.3219451904297,1.0,247.4340362548828,263.6089782714844,1.0,208.85597229003906,268.1875,0.9999998807907104,260.3520202636719,277.4998779296875,1.0
556,246.52850341796875,206.8893280029297,1.0,246.64208984375,243.6834259033203,1.0,214.73806762695312,220.10870361328125,1.0,200.30874633789062,216.26315307617188,1.0,256.55181884765625,231.3675079345703,1.0,264.8098449707031,234.2985382080078,1.0,243.8478240966797,265.1728210449219,1.0,204.45977783203125,270.95513916015625,0.9999997615814209,256.8006896972656,278.7083435058594,0.9999998807907104
557,244.3698272705078,208.21759033203125,1.0,244.28575134277344,244.24179077148438,1.0,212.7028350830078,221.4381866455078,1.0,197.68113708496094,217.33566284179688,1.0,254.9377899169922,232.23167419433594,1.0,264.74468994140625,235.8536834716797,1.0,239.49037170410156,267.52978515625,1.0,201.3364715576172,272.1718444824219,1.0,254.11184692382812,280.63128662109375,0.9999998807907104
558,244.1313018798828,208.91180419921875,1.0,244.2656707763672,245.36839294433594,1.0,212.16488647460938,222.27244567871094,1.0,197.12564086914062,218.13217163085938,1.0,255.21517944335938,232.55386352539062,1.0,264.40948486328125,236.3507080078125,1.0,239.07562255859375,267.8049011230469,1.0,201.20419311523438,272.38348388671875,1.0,253.6720428466797,281.43212890625,0.9999998807907104
559,244.0199737548828,209.15061950683594,1.0,244.1507568359375,245.70338439941406,1.0,211.7870635986328,222.71664428710938,1.0,196.9142608642578,218.20188903808594,1.0,255.30662536621094,232.78857421875,1.0,265.1688537597656,236.3271484375,1.0,238.7541961669922,267.88946533203125,1.0,201.53952026367188,272.345703125,1.0,253.98260498046875,281.4599609375,0.9999998807907104
560,243.87242126464844,209.3253936767578,1.0,244.09291076660156,246.38429260253906,1.0,211.6950225830078,222.95010375976562,1.0,196.99813842773438,218.37326049804688,1.0,255.1819610595703,233.29074096679688,1.0,265.1612243652344,236.59793090820312,1.0,238.46202087402344,268.1626892089844,1.0,201.29998779296875,272.446533203125,1.0,253.63848876953125,281.7420349121094,0.9999998807907104
561,243.83486938476562,209.48861694335938,1.0,243.8440399169922,246.5121612548828,1.0,211.9785919189453,223.068603515625,1.0,196.80845642089844,218.6654510498047,1.0,255.17054748535156,233.39866638183594,1.0,265.2665710449219,236.71461486816406,1.0,238.43276977539062,268.2703857421875,1.0,200.98321533203125,273.02593994140625,1.0,253.66305541992188,281.7961730957031,0.9999998807907104
562,243.66639709472656,209.55621337890625,1.0,243.66404724121094,246.67469787597656,1.0,211.91883850097656,223.3353271484375,1.0,196.78526306152344,218.83753967285156,1.0,255.1746368408203,233.49143981933594,1.0,265.5027160644531,236.81268310546875,1.0,238.0635528564453,268.2700500488281,1.0,201.00863647460938,272.9634704589844,1.0,253.63963317871094,281.766845703125,0.9999998807907104
563,239.97705078125,208.23382568359375,1.0,240.02066040039062,244.68606567382812,1.0,206.85934448242188,222.65484619140625,1.0,193.74313354492188,218.50123596191406,1.0,252.94384765625,230.56820678710938,1.0,263.4870910644531,234.6767578125,1.0,234.857666015625,268.02471923828125,1.0,197.5413055419922,273.2406005859375,1.0,250.74749755859375,282.1676025390625,0.9999998807907104
564,225.7306671142578,203.28009033203125,1.0,222.6849822998047,241.22409057617188,1.0,193.87918090820312,218.75421142578125,1.0,179.59205627441406,216.10516357421875,1.0,240.7845916748047,225.82183837890625,1.0,254.7353973388672,227.1513214111328,1.0,220.2169952392578,263.62713623046875,1.0,185.04397583007812,269.21917724609375,1.0,241.5162353515625,276.7652587890625,1.0
565,217.64027404785156,201.60693359375,1.0,214.0352783203125,240.575927734375,1.0,188.19949340820312,217.83547973632812,1.0,173.1172637939453,215.5454864501953,1.0,235.65635681152344,224.19931030273438,1.0,249.73373413085938,225.4152374267578,1.0,211.6835479736328,262.2227783203125,1.0,179.32484436035156,268.10125732421875,1.0,236.24729919433594,275.6566162109375,1.0
566,214.01121520996094,201.24972534179688,1.0,211.00018310546875,240.78570556640625,1.0,184.78578186035156,217.88998413085938,1.0,170.05140686035156,215.8247833251953,1.0,232.2733917236328,223.63722229003906,1.0,247.04656982421875,224.15716552734375,1.0,207.68760681152344,261.217529296875,1.0,176.68141174316406,267.92755126953125,1.0,233.63597106933594,274.92730712890625,1.0
567,212.28268432617188,200.50462341308594,1.0,209.0806884765625,239.93820190429688,1.0,183.18731689453125,217.5142364501953,1.0,168.5225830078125,215.85890197753906,1.0,230.66444396972656,223.07566833496094,1.0,245.70550537109375,223.90565490722656,1.0,206.3296661376953,260.6129150390625,1.0,175.44805908203125,267.4429626464844,1.0,232.67916870117188,273.8183898925781,1.0
568,210.26292419433594,200.467041015625,1.0,206.88623046875,239.15553283691406,1.0,181.787109375,217.6859588623047,1.0,166.64076232910156,215.80963134765625,1.0,229.0004119873047,222.77935791015625,1.0,244.11085510253906,222.85096740722656,1.0,204.64707946777344,260.186767578125,1.0,173.4247589111328,267.22027587890625,1.0,231.07037353515625,273.91424560546875,1.0
569,208.61744689941406,199.724365234375,1.0,205.2066650390625,237.70077514648438,1.0,180.49929809570312,217.47962951660156,1.0,165.47164916992188,215.71299743652344,1.0,227.262939453125,221.98965454101562,1.0,242.65032958984375,221.99325561523438,1.0,203.40194702148438,259.6368713378906,1.0,172.7322235107422,267.2590637207031,1.0,230.31202697753906,273.3415832519531,1.0
570,208.15859985351562,199.2789306640625,1.0,204.01841735839844,237.9849853515625,1.0,180.14105224609375,217.3129119873047,1.0,165.38900756835938,215.97561645507812,1.0,227.1396484375,221.80401611328125,1.0,242.02041625976562,221.70704650878906,1.0,202.7750244140625,259.4639587402344,1.0,172.50234985351562,267.4043273925781,1.0,229.2019500732422,273.0552978515625,1.0
571,207.11439514160156,199.29913330078125,1.0,202.969970703125,238.2196502685547,1.0,179.76385498046875,217.41519165039062,1.0,165.16012573242188,215.9989471435547,1.0,226.35914611816406,221.92474365234375,1.0,241.6405487060547,221.72903442382812,1.0,202.13153076171875,259.1245422363281,1.0,170.98439025878906,266.97705078125,1.0,228.06881713867188,272.87249755859375,1.0
572,205.9522705078125,198.69265747070312,1.0,201.6678466796875,236.8813018798828,1.0,179.050048828125,217.23350524902344,1.0,164.13983154296875,215.59017944335938,1.0,225.6800994873047,221.5403594970703,1.0,241.03851318359375,221.2379150390625,1.0,200.56805419921875,258.21783447265625,1.0,169.5296630859375,266.2456970214844,1.0,227.2059326171875,272.64404296875,1.0
573,204.7129669189453,198.21609497070312,1.0,202.42803955078125,234.9912872314453,1.0,178.45367431640625,216.4660186767578,1.0,162.9062957763672,215.03663635253906,1.0,225.5171661376953,220.80516052246094,1.0,240.38990783691406,220.3053436279297,1.0,199.7709503173828,257.42779541015625,1.0,168.82498168945312,265.84295654296875,1.0,227.0728302001953,270.74774169921875,1.0
574,204.2757568359375,197.9651336669922,1.0,202.1242218017578,234.23524475097656,1.0,178.1287841796875,216.27943420410156,1.0,162.52406311035156,215.3763885498047,1.0,225.31698608398438,220.49534606933594,1.0,240.4906005859375,220.17416381835938,1.0,199.39041137695312,257.0181884765625,1.0,168.45095825195312,265.09271240234375,1.0,226.36453247070312,270.4576721191406,1.0
575,204.13241577148438,197.67518615722656,1.0,201.51466369628906,234.5367889404297,1.0,177.70700073242188,216.07546997070312,1.0,162.4099884033203,215.4017791748047,1.0,225.16348266601562,220.20645141601562,1.0,240.3360595703125,220.17189025878906,1.0,199.31732177734375,257.0111389160156,1.0,168.407470703125,265.2833557128906,1.0,226.2841796875,270.5263977050781,1.0
576,204.2539520263672,197.364990234375,1.0,201.25653076171875,234.81436157226562,1.0,177.7919158935547,215.75169372558594,1.0,162.42962646484375,215.1194305419922,1.0,224.9950408935547,219.91098022460938,1.0,240.43280029296875,220.38897705078125,1.0,199.30206298828125,256.8308410644531,1.0,168.15626525878906,265.1398620605469,1.0,226.09730529785156,270.538818359375,1.0
577,204.35055541992188,196.9444122314453,1.0,201.23643493652344,234.8909454345703,1.0,177.9925537109375,215.87852478027344,1.0,162.608642578125,214.9302978515625,1.0,225.06787109375,220.16323852539062,1.0,240.24783325195312,220.3380584716797,1.0,199.3106689453125,256.78277587890625,1.0,168.15138244628906,265.1065979003906,1.0,226.1034698486328,270.5345153808594,1.0
578,204.39633178710938,196.58572387695312,1.0,201.03768920898438,234.77479553222656,1.0,178.02915954589844,215.44007873535156,1.0,162.7827606201172,214.56735229492188,1.0,224.93344116210938,219.9232177734375,1.0,240.0454864501953,220.2793731689453,1.0,199.24818420410156,256.7786560058594,1.0,168.1031036376953,264.70672607421875,1.0,226.16802978515625,270.4624328613281,1.0
579,204.58892822265625,196.4842987060547,1.0,201.05722045898438,234.6344451904297,1.0,178.02645874023438,215.42367553710938,1.0,162.86846923828125,214.6103515625,1.0,224.80746459960938,219.99752807617188,1.0,240.1169891357422,220.35406494140625,1.0,199.2112274169922,256.5005187988281,1.0,168.0602569580078,264.539306640625,1.0,226.0702667236328,270.1884460449219,1.0
580,204.8118133544922,196.32408142089844,1.0,201.1134796142578,234.4629669189453,1.0,178.1099853515625,215.43199157714844,1.0,162.90896606445312,214.48191833496094,1.0,224.83558654785156,219.90052795410156,1.0,240.09161376953125,220.3773193359375,1.0,199.17205810546875,256.5320739746094,1.0,167.9957733154297,264.406494140625,1.0,225.9625244140625,270.0349426269531,1.0
581,204.63601684570312,196.27346801757812,1.0,200.7711639404297,234.3141326904297,1.0,178.0297088623047,215.39794921875,1.0,162.7935333251953,214.28713989257812,1.0,224.94212341308594,219.9879150390625,1.0,240.00917053222656,220.26254272460938,1.0,198.9414825439453,256.1595153808594,1.0,168.03297424316406,264.2530517578125,1.0,225.89366149902344,270.10015869140625,1.0
582,204.9506378173828,196.29443359375,1.0,200.82986450195312,234.34315490722656,1.0,177.95892333984375,215.14369201660156,1.0,162.77621459960938,214.23326110839844,1.0,224.92449951171875,219.93861389160156,1.0,240.0513916015625,220.2413787841797,1.0,199.00863647460938,255.93504333496094,1.0,168.14111328125,264.0589904785156,1.0,225.98779296875,270.1682434082031,1.0
583,204.83189392089844,196.15367126464844,1.0,200.77777099609375,233.9726104736328,1.0,177.9189910888672,215.14834594726562,1.0,162.70968627929688,214.06689453125,1.0,224.8513641357422,219.7593231201172,1.0,240.1322479248047,220.02134704589844,1.0,198.90524291992188,255.63836669921875,1.0,167.8226318359375,263.71368408203125,1.0,225.92166137695312,269.9606018066406,1.0
584,204.9719696044922,196.24159240722656,1.0,200.62083435058594,233.76400756835938,1.0,177.98312377929688,214.86546325683594,1.0,162.5343780517578,213.8083038330078,1.0,225.06137084960938,219.46560668945312,1.0,240.1793212890625,219.93067932128906,1.0,198.8787078857422,255.35928344726562,1.0,167.864990234375,263.4716491699219,1.0,225.98338317871094,269.96014404296875,1.0
585,204.7811737060547,195.92832946777344,1.0,200.55740356445312,233.53811645507812,1.0,177.75241088867188,214.62489318847656,1.0,162.57249450683594,213.7655487060547,1.0,225.14895629882812,219.51751708984375,1.0,240.1370391845703,219.86463928222656,1.0,198.68885803222656,254.8328857421875,1.0,167.81800842285156,263.32171630859375,1.0,226.00392150878906,269.5959777832031,1.0
586,204.83726501464844,195.78289794921875,1.0,200.39151000976562,233.34805297851562,1.0,177.61875915527344,214.19888305664062,1.0,162.4724884033203,213.23623657226562,1.0,225.13211059570312,219.34043884277344,1.0,239.98916625976562,219.6543731689453,1.0,198.54495239257812,254.3807830810547,1.0,167.47698974609375,262.6556701660156,1.0,225.73214721679688,269.0962829589844,1.0
587,204.15098571777344,197.85415649414062,1.0,199.6597900390625,233.7139434814453,1.0,178.7921905517578,216.9450225830078,1.0,162.12806701660156,213.84898376464844,1.0,224.9961700439453,221.60842895507812,1.0,240.23165893554688,219.63230895996094,1.0,198.4541015625,255.0878143310547,1.0,166.8343505859375,263.608642578125,1.0,225.5135498046875,270.20721435546875,1.0
588,202.60025024414062,203.17161560058594,1.0,197.76736450195312,241.06524658203125,1.0,177.4617462158203,220.8352508544922,1.0,161.26181030273438,217.72169494628906,1.0,223.96746826171875,225.89453125,1.0,239.2393798828125,222.5714111328125,1.0,195.3462371826172,262.0894775390625,1.0,166.13504028320312,268.6845703125,1.0,224.29808044433594,274.9043273925781,1.0
589,201.71142578125,204.40638732910156,1.0,196.5808868408203,242.79530334472656,1.0,176.7014923095703,221.6924591064453,1.0,160.58348083496094,218.98724365234375,1.0,223.8636474609375,226.96871948242188,1.0,239.53402709960938,224.45310974121094,1.0,195.00071716308594,264.10272216796875,1.0,166.273681640625,270.44927978515625,1.0,223.4048309326172,277.1371154785156,1.0
590,201.98973083496094,204.8091583251953,1.0,196.91429138183594,243.0500946044922,1.0,176.55239868164062,221.44839477539062,1.0,160.92201232910156,219.0132293701172,1.0,224.2736053466797,226.6795654296875,1.0,239.47860717773438,224.19558715820312,1.0,195.39894104003906,264.45257568359375,1.0,166.25140380859375,270.4667663574219,1.0,223.58746337890625,277.345703125,1.0
591,202.0566864013672,203.1113739013672,1.0,196.99148559570312,242.31614685058594,1.0,176.4052734375,219.92218017578125,1.0,160.68704223632812,218.43460083007812,1.0,224.11534118652344,224.4803466796875,1.0,239.13865661621094,223.41253662109375,1.0,195.60609436035156,263.88128662109375,1.0,166.81756591796875,270.5343017578125,1.0,223.77688598632812,276.6590881347656,1.0
592,202.05014038085938,201.30471801757812,1.0,196.95758056640625,241.24635314941406,1.0,176.67132568359375,218.626708984375,1.0,161.26141357421875,217.369384765625,1.0,224.16952514648438,223.3886260986328,1.0,238.8615264892578,222.3490447998047,1.0,195.56793212890625,261.5271911621094,1.0,166.4560089111328,268.9595031738281,1.0,223.7904815673828,275.11407470703125,1.0
593,202.26255798339844,200.49752807617188,1.0,197.39779663085938,240.02871704101562,1.0,176.47889709472656,218.2006378173828,1.0,161.41583251953125,217.16744995117188,1.0,224.15493774414062,222.89906311035156,1.0,238.90179443359375,222.35992431640625,1.0,195.79177856445312,260.5108337402344,1.0,166.22659301757812,268.22711181640625,1.0,224.17446899414062,274.53375244140625,1.0
594,203.11276245117188,200.05381774902344,1.0,197.38916015625,239.64561462402344,1.0,176.94728088378906,217.9604034423828,1.0,161.53289794921875,216.65274047851562,1.0,224.01986694335938,222.50027465820312,1.0,238.8661346435547,222.1070556640625,1.0,195.81765747070312,260.18145751953125,1.0,165.9727325439453,267.8060302734375,1.0,224.2979278564453,273.90087890625,1.0
595,203.1954803466797,200.0547637939453,1.0,197.54393005371094,239.2093505859375,1.0,176.7604217529297,217.81668090820312,1.0,161.55467224121094,216.47425842285156,1.0,223.82720947265625,222.10009765625,1.0,238.6544189453125,221.63035583496094,1.0,196.91778564453125,260.8681640625,1.0,165.9042510986328,268.0393981933594,1.0,224.3417510986328,273.6019287109375,1.0
596,202.53086853027344,199.5599822998047,1.0,196.60447692871094,237.79661560058594,1.0,176.35882568359375,216.91136169433594,1.0,161.19520568847656,215.86634826660156,1.0,223.34017944335938,221.35049438476562,1.0,238.41299438476562,221.7165069580078,1.0,196.05577087402344,260.0443420410156,1.0,165.73977661132812,267.4709167480469,1.0,223.8939666748047,273.2262268066406,1.0
597,201.87371826171875,199.16720581054688,1.0,196.2037811279297,236.79776000976562,1.0,175.70443725585938,216.62913513183594,1.0,160.4290771484375,215.7412567138672,1.0,222.6967315673828,220.48631286621094,1.0,238.22352600097656,220.94593811035156,1.0,195.5659637451172,259.1598815917969,1.0,165.05712890625,266.6396789550781,1.0,223.6658477783203,272.3021240234375,1.0
598,201.69326782226562,198.97760009765625,1.0,195.86697387695312,236.5282745361328,1.0,175.64723205566406,216.54713439941406,1.0,160.3560028076172,215.3799285888672,1.0,222.65345764160156,220.51321411132812,1.0,237.98338317871094,220.5645294189453,1.0,195.10165405273438,258.34820556640625,1.0,164.9407501220703,266.3667297363281,1.0,223.44146728515625,271.9268798828125,1.0
599,201.55198669433594,198.7885284423828,1.0,195.92776489257812,236.25894165039062,1.0,175.5650634765625,216.42062377929688,1.0,160.36819458007812,215.449462890625,1.0,222.4687957763672,220.36900329589844,1.0,238.0873565673828,220.70184326171875,1.0,194.97265625,258.2972106933594,1.0,164.78782653808594,265.9440612792969,1.0,223.383544921875,271.8882751464844,1.0
600,202.09994506835938,198.04196166992188,1.0,196.63821411132812,235.82594299316406,1.0,175.83660888671875,216.48483276367188,1.0,160.29542541503906,215.2551727294922,1.0,223.01527404785156,220.4300079345703,1.0,238.0050811767578,220.44403076171875,1.0,195.18515014648438,258.0933532714844,1.0,164.95443725585938,265.9018859863281,1.0,223.380615234375,271.4633483886719,1.0
601,201.99058532714844,198.14117431640625,1.0,196.5941619873047,235.729736328125,1.0,175.94619750976562,216.58277893066406,1.0,160.37039184570312,215.2317657470703,1.0,222.93106079101562,220.25743103027344,1.0,237.95567321777344,220.50401306152344,1.0,195.38389587402344,257.8667297363281,1.0,165.1420440673828,265.7620849609375,1.0,223.5270538330078,271.4241638183594,1.0
602,202.15084838867188,198.04869079589844,1.0,196.73605346679688,235.7369842529297,1.0,176.03851318359375,216.4707489013672,1.0,160.3553466796875,215.18482971191406,1.0,222.96218872070312,220.38389587402344,1.0,238.04148864746094,220.48843383789062,1.0,195.3975372314453,257.99713134765625,1.0,165.03436279296875,265.59075927734375,1.0,223.4525604248047,271.4425964355469,1.0
603,202.13284301757812,198.0128936767578,1.0,196.7855682373047,235.60848999023438,1.0,175.94644165039062,216.4567108154297,1.0,160.45025634765625,215.05882263183594,1.0,222.96705627441406,220.29501342773438,1.0,237.9679718017578,220.43202209472656,1.0,195.43983459472656,257.8819885253906,1.0,165.134521484375,265.6123352050781,1.0,223.5746307373047,271.3457336425781,1.0
604,201.98533630371094,198.1050262451172,1.0,196.62017822265625,235.66995239257812,1.0,175.86151123046875,216.45172119140625,1.0,160.4389190673828,215.00003051757812,1.0,223.11512756347656,220.44419860839844,1.0,237.87298583984375,220.37330627441406,1.0,195.39056396484375,257.7218933105469,1.0,164.9747772216797,265.4427490234375,1.0,223.46568298339844,271.3120422363281,1.0
605,201.94168090820312,198.04019165039062,1.0,196.63027954101562,235.63046264648438,1.0,175.9438934326172,216.26158142089844,1.0,160.51974487304688,215.16439819335938,1.0,223.07980346679688,220.39280700683594,1.0,238.35731506347656,220.89329528808594,1.0,195.2080535888672,257.6514892578125,1.0,165.0124969482422,265.23614501953125,1.0,223.42335510253906,271.3509826660156,1.0
606,202.03759765625,197.93499755859375,1.0,196.57489013671875,235.29269409179688,1.0,175.98773193359375,216.22071838378906,1.0,160.45849609375,215.1265411376953,1.0,223.0595703125,220.50592041015625,1.0,237.9728546142578,220.38809204101562,1.0,195.16421508789062,257.4443359375,1.0,164.92735290527344,265.2619323730469,1.0,223.47171020507812,271.37469482421875,1.0
607,202.05311584472656,198.2725830078125,1.0,196.67843627929688,235.08856201171875,1.0,175.986328125,216.17562866210938,1.0,160.50503540039062,214.99424743652344,1.0,222.90476989746094,220.41502380371094,1.0,238.04754638671875,220.3639678955078,1.0,194.3268280029297,257.00946044921875,1.0,164.98814392089844,264.9156494140625,1.0,223.3782196044922,271.368408203125,1.0
608,202.45716857910156,197.90293884277344,1.0,196.77890014648438,234.7006378173828,1.0,176.00979614257812,216.0640411376953,1.0,160.4825439453125,215.02203369140625,1.0,223.14747619628906,220.46836853027344,1.0,238.65853881835938,220.82424926757812,1.0,194.09458923339844,256.7380065917969,1.0,164.7014617919922,264.5328063964844,1.0,223.37100219726562,271.28350830078125,1.0
609,202.7162322998047,197.72178649902344,1.0,196.96649169921875,234.69349670410156,1.0,175.94602966308594,215.87753295898438,1.0,160.43099975585938,214.86997985839844,1.0,223.0762939453125,220.49359130859375,1.0,238.44900512695312,220.69622802734375,1.0,194.07418823242188,256.4922790527344,1.0,164.7032470703125,264.04425048828125,1.0,223.3424530029297,271.21038818359375,1.0
610,202.7326202392578,197.66702270507812,1.0,196.99569702148438,234.21957397460938,1.0,175.81094360351562,215.73419189453125,1.0,160.25778198242188,214.99932861328125,1.0,223.06634521484375,220.3356170654297,1.0,238.5122833251953,220.6925048828125,1.0,194.41778564453125,255.6437530517578,1.0,164.92691040039062,264.0179443359375,1.0,223.21652221679688,271.0806884765625,1.0
611,204.7900390625,197.67982482910156,1.0,198.8388671875,234.22862243652344,1.0,178.48611450195312,214.7244110107422,1.0,162.1959991455078,212.79254150390625,1.0,225.9727783203125,219.87289428710938,1.0,240.60311889648438,220.68426513671875,1.0,196.68482971191406,255.75357055664062,1.0,165.5692138671875,262.84832763671875,1.0,224.37965393066406,270.4883117675781,1.0
612,215.14797973632812,198.6339111328125,1.0,211.51893615722656,234.16668701171875,1.0,188.0452117919922,213.97747802734375,1.0,170.93215942382812,211.11090087890625,1.0,235.50294494628906,221.33973693847656,1.0,248.21148681640625,222.59475708007812,1.0,206.5886688232422,256.8160400390625,1.0,174.0866241455078,262.8167419433594,1.0,232.76795959472656,271.31549072265625,1.0
613,223.3273162841797,197.99383544921875,1.0,219.32679748535156,233.47119140625,1.0,194.17559814453125,212.63177490234375,1.0,177.15994262695312,210.6891632080078,1.0,239.84603881835938,221.21530151367188,1.0,253.64801025390625,224.30958557128906,1.0,215.73794555664062,255.51773071289062,1.0,181.21035766601562,261.8282775878906,1.0,238.55050659179688,271.7196960449219,1.0
614,227.23448181152344,198.13018798828125,1.0,223.55697631835938,233.6475067138672,1.0,196.80191040039062,212.99072265625,1.0,179.69320678710938,210.28988647460938,1.0,242.63673400878906,222.00538635253906,1.0,255.16143798828125,224.22560119628906,1.0,219.62771606445312,256.5284423828125,1.0,185.1757354736328,262.1327209472656,1.0,241.32704162597656,271.71917724609375,1.0
615,228.5247344970703,198.5535888671875,1.0,225.70053100585938,233.5357208251953,1.0,198.48928833007812,213.02166748046875,1.0,180.9606475830078,210.997314453125,1.0,244.72509765625,222.46571350097656,1.0,257.4127502441406,225.42137145996094,1.0,221.59756469726562,256.0623779296875,1.0,186.9351348876953,261.6817932128906,1.0,242.62139892578125,272.1163330078125,1.0
616,229.40304565429688,198.30886840820312,1.0,226.6570281982422,233.95928955078125,1.0,199.6350860595703,213.07858276367188,1.0,182.62930297851562,210.81443786621094,1.0,245.33139038085938,222.95013427734375,1.0,258.2400207519531,225.8079833984375,1.0,222.5283203125,256.067138671875,1.0,188.0041961669922,262.017822265625,1.0,244.18572998046875,272.19256591796875,1.0
617,230.2329864501953,198.39602661132812,1.0,227.36708068847656,233.94717407226562,1.0,200.34877014160156,212.97885131835938,1.0,182.86614990234375,210.7224884033203,1.0,245.85848999023438,222.70465087890625,1.0,258.07928466796875,226.33941650390625,1.0,223.1933135986328,256.08660888671875,1.0,188.77272033691406,261.8548583984375,1.0,244.4232177734375,272.5138854980469,1.0
618,230.8839111328125,198.47958374023438,1.0,227.93130493164062,233.81089782714844,1.0,200.2153778076172,212.39151000976562,1.0,183.26980590820312,210.4579620361328,1.0,246.26632690429688,222.83724975585938,1.0,258.4991455078125,226.4099884033203,1.0,223.84767150878906,256.184326171875,1.0,189.12063598632812,261.47406005859375,1.0,244.75045776367188,272.2536315917969,1.0
619,231.1995391845703,198.38832092285156,1.0,228.39047241210938,233.62220764160156,1.0,200.3600311279297,212.19882202148438,1.0,183.16305541992188,210.11285400390625,1.0,246.2539825439453,222.74636840820312,1.0,258.4699401855469,226.23202514648438,1.0,224.24896240234375,256.2244873046875,1.0,189.38916015625,261.3201599121094,1.0,245.02752685546875,271.9371337890625,1.0
620,231.62522888183594,198.33889770507812,1.0,228.59371948242188,233.425537109375,1.0,201.14622497558594,212.0115203857422,1.0,183.8256072998047,210.23828125,1.0,246.79884338378906,222.94818115234375,1.0,258.8797302246094,226.53199768066406,1.0,224.60006713867188,255.97276306152344,1.0,189.74583435058594,261.4721374511719,1.0,245.494140625,271.73748779296875,1.0
621,232.12330627441406,198.29510498046875,1.0,229.1201171875,233.31251525878906,1.0,201.7515869140625,211.89820861816406,1.0,184.01393127441406,209.9788818359375,1.0,247.02215576171875,222.97203063964844,1.0,258.85516357421875,226.7187957763672,1.0,224.82261657714844,255.9781494140625,1.0,189.7415771484375,261.1885681152344,1.0,245.73123168945312,271.561767578125,1.0
622,232.31613159179688,198.0512237548828,1.0,229.48899841308594,233.2867889404297,1.0,202.16305541992188,211.92308044433594,1.0,184.57225036621094,209.89918518066406,1.0,247.18128967285156,222.9049835205078,1.0,259.0757751464844,226.59432983398438,1.0,225.16549682617188,255.71224975585938,1.0,190.23085021972656,260.9385986328125,1.0,245.978271484375,271.59869384765625,1.0
623,232.823486328125,198.2632293701172,1.0,229.8422393798828,233.2552032470703,1.0,202.0906219482422,211.3468780517578,1.0,184.5521697998047,210.11488342285156,1.0,247.9574432373047,222.7982177734375,1.0,259.51715087890625,226.43605041503906,1.0,225.2174530029297,255.80303955078125,1.0,190.5632781982422,260.78265380859375,1.0,246.32666015625,271.6102294921875,1.0
624,233.9821014404297,198.23411560058594,1.0,230.59210205078125,233.27609252929688,1.0,202.9434814453125,211.2572021484375,1.0,185.53829956054688,209.2362518310547,1.0,248.53173828125,222.99794006347656,1.0,259.5347595214844,226.52857971191406,1.0,226.24392700195312,255.66786193847656,1.0,191.37155151367188,261.1968688964844,1.0,247.04212951660156,272.0946044921875,1.0
625,234.50637817382812,198.4322509765625,1.0,231.28903198242188,232.64382934570312,1.0,203.6536102294922,211.1219024658203,1.0,186.49557495117188,209.08287048339844,1.0,249.26364135742188,222.82696533203125,1.0,260.3855285644531,227.00625610351562,1.0,227.18370056152344,254.71363830566406,1.0,191.97430419921875,261.1325988769531,1.0,247.94705200195312,271.31256103515625,1.0
626,235.28472900390625,198.1861114501953,1.0,232.0834503173828,232.99110412597656,1.0,204.4852294921875,211.39254760742188,1.0,187.45687866210938,209.11834716796875,1.0,249.62547302246094,222.8754119873047,1.0,260.4543151855469,226.80648803710938,1.0,228.9060516357422,254.78846740722656,1.0,192.67416381835938,261.0904541015625,1.0,248.02304077148438,271.4012451171875,1.0
627,235.7230987548828,198.34214782714844,1.0,232.58078002929688,233.23141479492188,1.0,204.84544372558594,211.12301635742188,1.0,187.65777587890625,208.4217071533203,1.0,249.82281494140625,222.4625701904297,1.0,260.86627197265625,226.3075408935547,1.0,229.12071228027344,254.71923828125,1.0,193.17515563964844,261.1254577636719,1.0,248.05467224121094,271.1689453125,1.0
628,236.02745056152344,198.31884765625,1.0,233.0902557373047,233.044677734375,1.0,205.40721130371094,211.57350158691406,1.0,187.8197784423828,208.53726196289062,1.0,250.52120971679688,222.54739379882812,1.0,261.934326171875,226.9058837890625,1.0,229.47848510742188,254.41151428222656,1.0,193.57798767089844,261.1275329589844,1.0,248.4366455078125,271.16949462890625,1.0
629,236.38894653320312,198.04702758789062,1.0,233.66893005371094,232.95582580566406,1.0,206.18524169921875,211.54605102539062,1.0,188.63784790039062,208.6249237060547,1.0,251.1730499267578,222.5834503173828,1.0,262.4950256347656,227.281005859375,1.0,230.27345275878906,254.90972900390625,1.0,194.35726928710938,260.8677062988281,1.0,249.25747680664062,271.478759765625,1.0
630,237.2398681640625,198.5243377685547,1.0,234.48997497558594,233.19406127929688,1.0,206.83428955078125,211.8155975341797,1.0,190.16156005859375,209.11343383789062,1.0,251.63070678710938,222.95355224609375,1.0,262.6730041503906,227.7296600341797,1.0,231.010986328125,254.80470275878906,1.0,194.90753173828125,260.9766845703125,1.0,250.48141479492188,271.0999755859375,1.0
631,238.21682739257812,198.4291534423828,1.0,235.2822265625,233.10009765625,1.0,207.49273681640625,211.3487548828125,1.0,190.9649658203125,208.6584930419922,1.0,252.2246551513672,222.89039611816406,1.0,263.109619140625,227.8037872314453,1.0,231.4719696044922,255.1929931640625,1.0,195.40057373046875,260.4631652832031,1.0,250.72244262695312,271.37200927734375,1.0
632,239.74258422851562,199.5541534423828,1.0,236.15029907226562,233.25128173828125,1.0,208.7776641845703,212.7587127685547,1.0,191.54811096191406,209.13641357421875,1.0,252.67544555664062,223.872802734375,1.0,263.712646484375,228.52220153808594,1.0,232.02505493164062,255.1319580078125,1.0,195.3325958251953,260.18072509765625,1.0,251.16925048828125,271.9523620605469,1.0
633,241.4735107421875,202.73825073242188,1.0,236.95944213867188,238.48919677734375,1.0,211.53390502929688,216.67213439941406,1.0,194.68055725097656,212.5984344482422,1.0,254.54734802246094,228.73252868652344,1.0,265.95367431640625,232.8031463623047,1.0,232.81845092773438,261.2038879394531,1.0,195.31993103027344,262.4519348144531,1.0,249.89840698242188,277.48797607421875,1.0
634,243.8232421875,205.33998107910156,1.0,238.98489379882812,242.88119506835938,1.0,212.4279327392578,217.9793243408203,1.0,196.4358367919922,214.14602661132812,1.0,255.50802612304688,231.54910278320312,1.0,267.23443603515625,234.67398071289062,1.0,234.09561157226562,264.81390380859375,1.0,197.3010711669922,267.40570068359375,1.0,250.90283203125,280.2395324707031,1.0
635,244.52708435058594,207.13169860839844,1.0,240.3616485595703,243.68020629882812,1.0,213.49874877929688,218.65122985839844,1.0,197.05775451660156,214.5364227294922,1.0,256.4824523925781,232.7400360107422,1.0,268.0035400390625,235.76878356933594,1.0,234.45724487304688,265.8079833984375,1.0,198.02145385742188,267.7046813964844,1.0,251.63589477539062,281.0008850097656,1.0
636,244.32566833496094,207.78622436523438,1.0,240.57920837402344,243.9832763671875,1.0,214.45115661621094,219.237060546875,1.0,197.35447692871094,215.38963317871094,1.0,256.7220458984375,232.9537811279297,1.0,268.2542724609375,236.46351623535156,1.0,234.47140502929688,266.470458984375,1.0,198.2883758544922,267.7781677246094,1.0,252.33377075195312,281.8801574707031,1.0
637,245.1047821044922,208.12509155273438,1.0,241.43270874023438,244.73822021484375,1.0,214.82249450683594,220.15011596679688,1.0,197.4647216796875,215.63571166992188,1.0,257.200927734375,233.53334045410156,1.0,268.4697570800781,236.9280242919922,1.0,235.09588623046875,267.0327453613281,1.0,198.3013153076172,267.7116394042969,1.0,252.8327178955078,282.4659423828125,1.0
638,246.4409942626953,209.6730499267578,1.0,242.68563842773438,246.26968383789062,1.0,214.87649536132812,221.0920867919922,1.0,198.36265563964844,216.4569091796875,1.0,257.5906066894531,234.30224609375,1.0,269.16302490234375,237.34014892578125,1.0,235.69090270996094,267.3617248535156,1.0,198.57891845703125,268.3568115234375,1.0,252.82577514648438,283.16876220703125,1.0
639,248.14993286132812,211.3612823486328,1.0,243.76112365722656,248.43548583984375,1.0,216.2151336669922,221.8501434326172,1.0,200.16448974609375,217.21084594726562,1.0,259.45013427734375,235.19915771484375,1.0,269.8029479980469,239.171142578125,1.0,237.452392578125,268.87677001953125,1.0,199.85731506347656,269.7484130859375,1.0,254.7012939453125,283.9054260253906,1.0
640,248.8638458251953,212.04278564453125,1.0,244.56788635253906,248.5909881591797,1.0,217.51234436035156,222.48760986328125,1.0,201.92764282226562,217.8312530517578,1.0,260.54656982421875,236.38018798828125,1.0,271.0876770019531,239.7335205078125,1.0,238.8087615966797,269.3173828125,1.0,200.90159606933594,270.7649841308594,1.0,256.0554504394531,284.17620849609375,0.9999998807907104
641,249.75477600097656,211.96551513671875,1.0,245.8336944580078,248.72828674316406,1.0,218.1815643310547,223.0069580078125,1.0,203.40780639648438,218.14004516601562,1.0,261.461181640625,236.3408660888672,1.0,271.4726257324219,239.95703125,1.0,239.8793487548828,270.1161804199219,1.0,201.4738311767578,271.10198974609375,1.0,257.7458190917969,284.8091125488281,1.0
642,250.6854705810547,212.14161682128906,1.0,246.64010620117188,249.0877685546875,1.0,219.75364685058594,222.57447814941406,1.0,204.55191040039062,217.5166473388672,1.0,262.1293029785156,236.2761688232422,1.0,271.83355712890625,240.34976196289062,1.0,240.82240295410156,270.47418212890625,1.0,202.10995483398438,271.1219787597656,1.0,259.2300720214844,284.58642578125,1.0
643,252.4002227783203,212.94163513183594,1.0,248.06588745117188,249.7180633544922,1.0,221.87051391601562,222.55267333984375,1.0,206.50704956054688,217.8574981689453,1.0,263.4813232421875,236.62716674804688,1.0,272.6570739746094,240.8526611328125,1.0,243.29139709472656,270.9706115722656,1.0,203.51666259765625,271.7104797363281,1.0,260.5364990234375,285.4097595214844,1.0
644,254.0231475830078,213.19412231445312,1.0,250.22817993164062,249.64044189453125,1.0,222.5041046142578,223.03488159179688,1.0,207.4768829345703,218.17832946777344,1.0,264.3070373535156,236.8760986328125,1.0,273.56378173828125,240.7103729248047,1.0,244.97998046875,271.8291015625,1.0,204.71527099609375,271.8636474609375,1.0,261.2640075683594,285.1962585449219,0.9999998807907104
645,255.34609985351562,212.91323852539062,1.0,251.506591796875,249.2567901611328,1.0,223.35092163085938,222.8105010986328,1.0,207.74349975585938,218.13075256347656,1.0,265.1728515625,236.84849548339844,1.0,274.3777770996094,241.0779266357422,1.0,245.550537109375,271.6638488769531,1.0,205.4429931640625,272.0233459472656,1.0,262.0515441894531,284.79156494140625,0.9999998807907104
646,255.28396606445312,212.8055419921875,1.0,251.57388305664062,249.20327758789062,1.0,223.85296630859375,222.61737060546875,1.0,208.31422424316406,218.0406036376953,1.0,265.38665771484375,236.88119506835938,1.0,274.65087890625,241.28733825683594,1.0,245.6713409423828,271.70269775390625,1.0,206.1566925048828,272.0615539550781,0.9999998807907104,261.9549255371094,284.5072021484375,1.0
647,256.0638732910156,212.90773010253906,1.0,252.39944458007812,249.12139892578125,1.0,224.36521911621094,222.8072052001953,1.0,209.18594360351562,218.3411865234375,1.0,266.10809326171875,236.97848510742188,1.0,275.0,241.47821044921875,1.0,246.31980895996094,271.7317199707031,1.0,206.8324737548828,272.3028564453125,0.9999998807907104,262.5182189941406,284.4383850097656,0.9999998807907104
648,259.1746826171875,216.82452392578125,1.0,255.7654571533203,250.9645233154297,1.0,226.790771484375,225.04653930664062,1.0,211.83984375,219.05287170410156,1.0,267.25543212890625,239.36148071289062,1.0,275.7156982421875,242.9748077392578,1.0,249.56185913085938,272.3411560058594,1.0,209.3374481201172,273.1192321777344,1.0,264.250244140625,284.5246276855469,0.9999992847442627
649,263.52960205078125,222.35496520996094,0.9999998807907104,260.7333679199219,254.30491638183594,1.0,231.5236053466797,238.72584533691406,0.0002826001145876944,218.20314025878906,225.18365478515625,0.9999997615814209,270.8839416503906,247.03880310058594,0.3293524980545044,275.6251525878906,248.09613037109375,0.9998310804367065,254.4720458984375,275.2192687988281,1.0,210.91452026367188,274.8376159667969,1.0,268.2296447753906,287.43756103515625,0.9995636343955994
650,265.11932373046875,224.68692016601562,1.0,262.2869567871094,255.50372314453125,1.0,234.21719360351562,233.2030487060547,0.0019327161135151982,220.04150390625,226.26370239257812,1.0,271.824951171875,247.3274688720703,0.3710295855998993,277.10040283203125,249.57940673828125,0.9999717473983765,257.8111267089844,276.69732666015625,1.0,213.65045166015625,276.0159912109375,1.0,269.7902526855469,288.0500793457031,0.9954987168312073
651,265.2904052734375,224.5366668701172,1.0,264.0827941894531,256.3326110839844,1.0,235.5458984375,233.43446350097656,0.9997517466545105,220.8563232421875,224.84413146972656,1.0,271.3663024902344,247.13943481445312,0.9998706579208374,277.89398193359375,249.70632934570312,0.9999750852584839,259.1236877441406,278.51202392578125,1.0,215.20713806152344,277.05535888671875,1.0,270.68048095703125,288.8536376953125,0.6462408900260925
652,266.0538635253906,223.80575561523438,1.0,266.60650634765625,256.4590759277344,0.9999998807907104,235.81756591796875,231.36851501464844,1.0,222.41702270507812,224.23757934570312,1.0,273.5063171386719,245.801025390625,1.0,279.8459167480469,249.21421813964844,0.9999958276748657,260.4603576660156,280.2994384765625,1.0,216.53543090820312,278.03643798828125,1.0,271.8505554199219,289.0472717285156,0.09438255429267883
653,266.4410705566406,223.1935272216797,1.0,267.2109680175781,256.4562683105469,1.0,236.24566650390625,230.38746643066406,1.0,222.65965270996094,223.78810119628906,1.0,274.5548095703125,244.44593811035156,1.0,280.7198791503906,249.6912078857422,0.9999961853027344,261.4646301269531,279.98687744140625,1.0,217.83901977539062,277.7220764160156,1.0,273.1655578613281,288.6130065917969,0.0515529066324234
654,266.7229919433594,222.86376953125,1.0,267.7797546386719,256.7286376953125,1.0,237.265380859375,229.7433319091797,1.0,223.30520629882812,223.27120971679688,1.0,275.0108642578125,244.13014221191406,1.0,281.1265869140625,249.3179473876953,0.9999895095825195,262.1935119628906,279.8723449707031,1.0,218.85858154296875,277.1294250488281,1.0,273.6802062988281,288.18060302734375,0.03228786960244179
655,267.74176025390625,223.42120361328125,1.0,268.8272705078125,257.6637878417969,1.0,237.9629669189453,229.90133666992188,1.0,224.6335906982422,223.4014434814453,1.0,275.4302062988281,244.53562927246094,1.0,280.6677551269531,249.9014892578125,0.9999589920043945,263.2170104980469,280.4715576171875,1.0,219.6959228515625,277.652587890625,1.0,274.6808776855469,288.6279296875,0.042579285800457
656,269.4187316894531,224.453125,1.0,271.0059814453125,258.1851501464844,1.0,238.91148376464844,230.00169372558594,1.0,225.3750457763672,223.5974578857422,1.0,275.39013671875,245.63047790527344,1.0,281.2687683105469,250.06057739257812,0.9997565150260925,265.11328125,280.82421875,1.0,221.08062744140625,278.15167236328125,1.0,276.0615234375,288.19830322265625,0.003524389350786805
657,271.5312805175781,223.93968200683594,1.0,273.6195068359375,257.85650634765625,1.0,240.36761474609375,231.28469848632812,1.0,228.90472412109375,224.43141174316406,1.0,278.6738586425781,247.16477966308594,0.44269004464149475,287.5969543457031,250.01898193359375,0.0025875705759972334,270.3721008300781,279.7010192871094,1.0,224.39959716796875,278.5299987792969,1.0,278.3894348144531,287.625,0.0011541277635842562
658,277.988525390625,226.59600830078125,1.0,278.4481506347656,259.6151428222656,1.0,246.74842834472656,235.49996948242188,0.015892358496785164,236.3145751953125,228.33802795410156,1.0,289.0310974121094,248.8456573486328,0.0006349748582579195,295.6971435546875,251.42620849609375,0.0010253691580146551,275.8291320800781,279.63531494140625,0.9999998807907104,227.89125061035156,278.960205078125,0.9999998807907104,281.6878967285156,289.6752624511719,0.0013510005082935095
659,282.37677001953125,226.50128173828125,1.0,282.5481262207031,258.6104736328125,1.0,257.6512145996094,237.50579833984375,0.31359148025512695,244.91958618164062,231.5144500732422,0.9999998807907104,299.88287353515625,246.4519805908203,0.0003222029481548816,303.1908874511719,248.76193237304688,0.0006244045216590166,279.2258605957031,279.0397644042969,0.9999998807907104,233.6878662109375,278.80419921875,0.9999996423721313,283.47955322265625,288.52734375,0.0009099091403186321
660,284.6520080566406,226.8362579345703,1.0,285.4375915527344,258.54132080078125,1.0,256.9292297363281,238.6833953857422,0.9999836683273315,246.37281799316406,232.06211853027344,1.0,300.91644287109375,247.04733276367188,0.00046436593402177095,309.4249267578125,252.0361785888672,0.0007283418090082705,282.7751159667969,280.2514343261719,0.9999995231628418,237.3008270263672,278.8779296875,0.9999998807907104,250.93380737304688,224.0005340576172,0.00036651635309681296
661,286.7864685058594,226.68568420410156,1.0,287.7056579589844,260.8580627441406,1.0,259.40228271484375,237.08706665039062,1.0,248.1358642578125,230.9089813232422,1.0,295.3710021972656,250.55099487304688,0.0040527572855353355,309.469970703125,252.90480041503906,0.0006945483619347215,283.03045654296875,281.21240234375,0.9999978542327881,240.10218811035156,279.2830810546875,0.9999998807907104,250.54794311523438,223.56790161132812,0.00017911623581312597
662,287.6424255371094,227.39060974121094,1.0,288.1958312988281,262.1522521972656,1.0,260.7691650390625,235.94422912597656,1.0,249.0607452392578,229.97119140625,1.0,295.88226318359375,251.3174285888672,0.00991879589855671,309.45977783203125,253.10369873046875,0.0006732142064720392,283.1954040527344,282.04498291015625,0.9999969005584717,240.9074249267578,279.4478759765625,0.9999998807907104,231.26210021972656,239.6103515625,0.00016791047528386116
663,288.05731201171875,228.5847625732422,1.0,290.04443359375,265.55877685546875,0.9999998807907104,262.3161315917969,237.01727294921875,1.0,251.7921600341797,230.76004028320312,1.0,296.4022521972656,252.15284729003906,0.02939813956618309,292.0124816894531,261.8174743652344,0.0009360325639136136,285.6424255371094,283.8146667480469,0.9997825026512146,242.1077117919922,280.1181335449219,0.9999983310699463,290.8724670410156,288.5920715332031,0.00020832638256251812
664,289.57855224609375,229.33787536621094,1.0,291.8602294921875,267.0589294433594,0.9999998807907104,263.58917236328125,237.92913818359375,1.0,254.44302368164062,231.1703338623047,1.0,296.2462463378906,252.5172119140625,0.040357302874326706,310.8634338378906,254.104248046875,0.0007321198936551809,289.56390380859375,285.275634765625,0.9966199398040771,244.55641174316406,280.80169677734375,0.9999661445617676,291.6312561035156,287.6873779296875,0.00018776768411044031
665,292.244140625,231.0105438232422,1.0,295.15496826171875,266.7270812988281,0.9999998807907104,268.00262451171875,239.12559509277344,1.0,259.9439392089844,232.7642364501953,1.0,298.0742492675781,252.09603881835938,0.011289143934845924,303.22906494140625,261.9463806152344,0.00032156280940398574,294.2777099609375,286.0150146484375,0.9982917904853821,250.8645782470703,281.6122131347656,0.9991939663887024,299.04608154296875,288.39581298828125,0.00014325795928016305
666,295.0818786621094,233.8855438232422,0.9999998807907104,298.4084777832031,268.3316345214844,0.9999997615814209,271.9672546386719,240.22071838378906,1.0,264.9797668457031,233.33580017089844,1.0,303.0781555175781,260.2659912109375,0.004175382200628519,304.7960510253906,263.0323791503906,0.0006896349368616939,297.8377685546875,286.708984375,0.9839709401130676,258.9026184082031,282.9562683105469,0.8931045532226562,303.9066162109375,289.1673889160156,0.00016046990640461445
667,295.903564453125,234.0914764404297,0.9999998807907104,299.27862548828125,269.80670166015625,0.9999996423721313,274.3432922363281,241.7461395263672,1.0,267.1752624511719,234.86544799804688,1.0,303.68402099609375,261.0780029296875,0.0054513500072062016,304.9342956542969,263.4205627441406,0.0004888062831014395,298.4684143066406,286.7678527832031,0.9613596796989441,261.9595031738281,283.77349853515625,0.7564692497253418,248.22506713867188,239.0447998046875,0.00014605895557906479
668,296.46246337890625,234.85873413085938,0.9999998807907104,300.0758056640625,270.5362854003906,0.9999996423721313,274.96356201171875,242.6678009033203,1.0,268.2071838378906,235.5464630126953,1.0,304.6033630371094,262.05889892578125,0.00307460967451334,307.5486755371094,276.7325744628906,0.0004841152112931013,299.42047119140625,287.3135681152344,0.9139200448989868,262.6976318359375,283.5417785644531,0.22664028406143188,246.0860137939453,259.04046630859375,0.00013907584070693702
669,296.7059631347656,235.28567504882812,0.9999998807907104,300.17755126953125,270.85699462890625,0.9999995231628418,274.7163391113281,243.1844024658203,1.0,267.1846923828125,236.5257568359375,1.0,304.90997314453125,262.6654052734375,0.002907156478613615,307.5159606933594,277.11077880859375,0.00037749356124550104,299.0432434082031,287.2803649902344,0.938106894493103,261.8266296386719,283.6549377441406,0.5847296118736267,246.1540069580078,258.78924560546875,0.0002013628836721182
670,296.51373291015625,237.0775909423828,0.9999998807907104,299.5415954589844,271.1714172363281,0.9999994039535522,272.8302307128906,244.14207458496094,1.0,265.0933837890625,237.4684295654297,1.0,304.5593566894531,263.1419982910156,0.0011515278602018952,307.3824462890625,277.171630859375,0.000517203938215971,298.44677734375,286.8623352050781,0.9134600758552551,258.7919921875,283.453369140625,0.7282591462135315,246.2495574951172,257.6810302734375,0.0001456547761335969
671,296.5067443847656,237.65567016601562,0.9999998807907104,298.26043701171875,273.3262939453125,0.9999995231628418,271.1195068359375,245.31407165527344,1.0,263.6053771972656,237.4939727783203,1.0,300.4408874511719,262.7025146484375,0.0029180992860347033,306.4483947753906,276.87261962890625,0.0005928303580731153,296.4714660644531,287.73248291015625,0.8960474729537964,257.3486328125,283.3805847167969,0.9822262525558472,302.0657043457031,290.64117431640625,0.00013218281674198806
672,296.7160339355469,236.6988525390625,1.0,298.71307373046875,273.98480224609375,0.9999997615814209,271.55767822265625,245.1405487060547,1.0,263.26080322265625,237.29698181152344,1.0,300.4423828125,263.0994567871094,0.003544084494933486,306.7275695800781,277.1186828613281,0.0007244410808198154,296.3676452636719,288.2154846191406,0.8670240640640259,256.07330322265625,283.5419616699219,0.9949619770050049,302.325439453125,290.8539123535156,0.00011279230966465548
673,296.68365478515625,236.41915893554688,1.0,298.5303039550781,273.7436828613281,0.9999996423721313,271.3353576660156,245.03334045410156,1.0,263.1530456542969,237.24221801757812,1.0,304.530029296875,262.47613525390625,0.0028621191158890724,306.7391052246094,276.71710205078125,0.0006798853282816708,296.5646057128906,288.13555908203125,0.8612260818481445,256.283447265625,283.2384033203125,0.980902910232544,302.3029479980469,290.89495849609375,0.00010324447794118896
674,296.74835205078125,237.10452270507812,0.9999998807907104,298.5322570800781,273.7178955078125,0.9999996423721313,271.2367248535156,245.09609985351562,1.0,263.1539611816406,237.30029296875,1.0,300.38812255859375,262.7144775390625,0.0027050788048654795,306.8437194824219,276.6495666503906,0.0006824905285611749,296.7709655761719,288.125,0.8660082817077637,256.47650146484375,283.2380065917969,0.9924027919769287,302.3368225097656,290.8358459472656,0.00010929971904261038
675,296.3777160644531,237.90328979492188,0.9999998807907104,298.9960021972656,274.16851806640625,0.9999997615814209,271.3087158203125,245.21946716308594,1.0,263.1523132324219,237.14566040039062,1.0,305.00665283203125,262.5473937988281,0.004260394722223282,306.91217041015625,276.8035888671875,0.0005533326766453683,296.9522705078125,288.35235595703125,0.8024787902832031,256.0030822753906,282.9795837402344,0.9951953291893005,302.37481689453125,290.8819885253906,8.897379302652553e-05
676,296.44329833984375,237.70481872558594,0.9999998807907104,299.09405517578125,274.7481689453125,0.9999998807907104,271.4882507324219,245.5275115966797,1.0,263.2365417480469,237.4280548095703,1.0,305.254150390625,262.80499267578125,0.0041534146293997765,306.886962890625,276.6807861328125,0.0006321516120806336,297.0700988769531,288.6990661621094,0.6885083317756653,256.150390625,283.30804443359375,0.9878394603729248,245.94546508789062,257.262451171875,8.355625323019922e-05
677,296.6130676269531,237.96315002441406,0.9999998807907104,299.2983093261719,274.71063232421875,0.9999998807907104,271.66204833984375,245.6964111328125,1.0,263.3202209472656,237.6436767578125,1.0,305.5044860839844,262.92529296875,0.0038523226976394653,306.8379821777344,276.82904052734375,0.0005897203809581697,297.17022705078125,288.61248779296875,0.7203158140182495,256.0025634765625,283.20318603515625,0.9916030764579773,302.57330322265625,290.71820068359375,8.977020479505882e-05
678,296.6209716796875,238.6674346923828,0.9999998807907104,299.2439270019531,275.090576171875,0.9999998807907104,271.60546875,245.87655639648438,1.0,263.44915771484375,237.661376953125,1.0,305.3342590332031,263.0016784667969,0.005020678509026766,306.7618713378906,276.82177734375,0.0006472619134001434,297.2570495605469,288.8565368652344,0.6165249943733215,256.03289794921875,283.3952331542969,0.9852429628372192,245.87725830078125,257.3584289550781,8.76228223205544e-05
679,297.01715087890625,238.56655883789062,0.9999998807907104,299.7378234863281,275.3355712890625,0.9999998807907104,272.0270080566406,246.1522979736328,1.0,263.827880859375,237.925048828125,1.0,305.8112487792969,263.36676025390625,0.0038863918744027615,306.80328369140625,277.28564453125,0.0005033574416302145,297.3716735839844,289.06671142578125,0.45820048451423645,256.02752685546875,283.16912841796875,0.9944217801094055,246.04310607910156,257.5511169433594,9.646121907280758e-05
680,296.8581848144531,238.3341522216797,0.9999998807907104,299.4072265625,275.2915954589844,0.9999998807907104,272.4584045410156,246.4152069091797,1.0,264.6561279296875,238.6171417236328,1.0,304.991943359375,263.3023681640625,0.006307454314082861,306.8855895996094,277.4756164550781,0.0005907141021452844,297.0002136230469,288.8710021972656,0.5371390581130981,256.52105712890625,283.052001953125,0.9938115477561951,246.32888793945312,257.4822082519531,0.00012858440459240228
681,297.2430114746094,238.84349060058594,0.9999998807907104,299.68402099609375,275.54730224609375,0.9999998807907104,272.63409423828125,246.565185546875,1.0,264.9121398925781,238.7445068359375,1.0,305.22265625,263.47308349609375,0.0062005422078073025,306.8966064453125,277.411376953125,0.0006553989369422197,297.2419738769531,289.10943603515625,0.3947128355503082,256.5344543457031,282.96539306640625,0.9887701272964478,246.3758544921875,257.5326843261719,0.00013992356252856553
682,297.4591369628906,239.58766174316406,1.0,300.0758361816406,276.0937194824219,0.9999998807907104,272.8569030761719,246.8157196044922,1.0,264.9161376953125,238.77877807617188,1.0,305.76849365234375,264.0811767578125,0.007840576581656933,306.871337890625,278.0173034667969,0.0006192183936946094,297.1898498535156,289.2287902832031,0.35527464747428894,256.6181945800781,282.72772216796875,0.9917435050010681,246.36398315429688,257.793212890625,0.00013575708726420999
683,298.22552490234375,239.2054443359375,0.9999998807907104,300.3685607910156,275.9871520996094,0.9999998807907104,272.9555358886719,246.68174743652344,1.0,264.94677734375,238.82675170898438,1.0,305.9798889160156,264.0772399902344,0.008646789006888866,306.88836669921875,278.00506591796875,0.0005830853478983045,297.2170715332031,289.21337890625,0.3631789982318878,256.6090087890625,282.83721923828125,0.9956400394439697,246.4805145263672,257.7827453613281,0.00014204802573658526
684,297.47027587890625,238.66110229492188,0.9999998807907104,300.3565673828125,276.382080078125,0.9999998807907104,272.7683410644531,246.88601684570312,1.0,264.93780517578125,238.42800903320312,1.0,305.66864013671875,263.6494445800781,0.020578186959028244,306.75714111328125,277.9059753417969,0.0006222931551747024,297.76959228515625,289.7442932128906,0.1217869445681572,255.67251586914062,283.28253173828125,0.9079809188842773,246.31361389160156,257.6905212402344,0.00015411966887768358
685,297.8729553222656,238.57286071777344,0.9999998807907104,300.54010009765625,276.68597412109375,0.9999998807907104,273.0587158203125,246.86634826660156,1.0,265.02471923828125,238.62208557128906,1.0,306.1748962402344,264.07684326171875,0.011411149986088276,306.8635559082031,278.3847351074219,0.00047198712127283216,297.64202880859375,289.6788330078125,0.11092738062143326,256.04949951171875,282.9267578125,0.935421884059906,246.36648559570312,258.0652770996094,0.0001394532446283847
686,298.6282043457031,239.10940551757812,0.9999998807907104,300.7249450683594,276.46356201171875,0.9999998807907104,273.033203125,246.85887145996094,1.0,264.90289306640625,238.51446533203125,1.0,306.4144592285156,264.0217590332031,0.012294560670852661,307.0216369628906,278.0813293457031,0.0005074752261862159,297.713623046875,289.5621337890625,0.1486571729183197,256.07659912109375,283.3134765625,0.9670955538749695,246.39341735839844,258.2350158691406,0.00011505102156661451
687,298.6986389160156,238.4053192138672,1.0,300.9576721191406,276.1632385253906,0.9999998807907104,272.0995178222656,246.71817016601562,1.0,263.4602355957031,238.19549560546875,1.0,306.6555480957031,263.92205810546875,0.008049771189689636,307.6190185546875,277.9572448730469,0.0005160103319212794,297.8155212402344,289.4445495605469,0.2696419060230255,253.8165740966797,282.64794921875,0.986677885055542,246.13368225097656,257.4791564941406,0.00010596759238978848
688,298.2968444824219,238.0262451171875,1.0,300.731689453125,275.66986083984375,0.9999998807907104,270.3826904296875,246.24331665039062,1.0,261.7419738769531,237.8029022216797,1.0,306.32940673828125,263.5348815917969,0.009633525274693966,307.5930480957031,277.18206787109375,0.0006153856520541012,297.945068359375,289.20599365234375,0.2754513919353485,253.42771911621094,282.51513671875,0.9346500039100647,246.2779083251953,256.9891662597656,6.199596828082576e-05
689,297.7035827636719,237.8111114501953,1.0,300.1720886230469,275.47052001953125,0.9999998807907104,269.9942321777344,246.08555603027344,1.0,261.22442626953125,237.6730194091797,1.0,305.55511474609375,263.1841735839844,0.014539293944835663,307.2804260253906,277.12664794921875,0.000633980380371213,297.60400390625,288.9718322753906,0.38705942034721375,253.13226318359375,282.2314453125,0.9850999712944031,292.3524475097656,243.73072814941406,6.085109998821281e-05
690,296.90130615234375,237.45376586914062,0.9999998807907104,298.913330078125,275.50994873046875,0.9999998807907104,269.46087646484375,245.4305419921875,1.0,260.807861328125,237.15609741210938,1.0,304.3570556640625,262.9297180175781,0.016803253442049026,306.8215026855469,276.739990234375,0.0007243278669193387,296.9104309082031,288.9550476074219,0.3678523004055023,252.52369689941406,281.8953552246094,0.9845543503761292,252.24610900878906,225.2653045654297,4.8182108002947643e-05
691,297.85845947265625,237.04470825195312,1.0,299.7312927246094,275.3798522949219,0.9999998807907104,269.0486755371094,245.1548614501953,1.0,260.0021057128906,236.64175415039062,1.0,305.3139343261719,263.1527404785156,0.010777076706290245,307.3048400878906,277.3332824707031,0.0004972725291736424,296.8992004394531,288.8400573730469,0.45519962906837463,251.11929321289062,282.1664123535156,0.9992032647132874,254.42274475097656,282.8930358886719,6.7144661443308e-05
692,297.7611389160156,237.2064666748047,1.0,299.586181640625,275.2563171386719,0.9999998807907104,269.11419677734375,244.8437042236328,1.0,259.6368103027344,236.45138549804688,1.0,305.3349914550781,262.9341735839844,0.00832610297948122,307.4032897949219,277.2399597167969,0.0004748387145809829,296.4654541015625,290.0549621582031,0.5260383486747742,250.4724578857422,281.59588623046875,0.9998050332069397,255.114013671875,283.04034423828125,9.68996828305535e-05
693,297.83624267578125,237.2247314453125,1.0,299.9510192871094,275.1534423828125,0.9999998807907104,268.9356384277344,244.6918182373047,1.0,258.9895935058594,236.890869140625,1.0,305.6169738769531,262.7049560546875,0.005552862770855427,325.4556884765625,255.40782165527344,0.00045650696847587824,296.9127197265625,290.1139831542969,0.5143522620201111,250.5071563720703,281.9286193847656,0.9998276233673096,254.89422607421875,283.1890869140625,8.409694419242442e-05
694,298.21881103515625,237.10328674316406,1.0,300.14495849609375,275.0821228027344,0.9999998807907104,268.9792175292969,244.66690063476562,1.0,260.203369140625,236.8596649169922,1.0,306.2481689453125,262.6556396484375,0.004514731932431459,325.5771484375,255.2825469970703,0.0005078611429780722,296.81494140625,289.8684997558594,0.627724826335907,250.8042755126953,281.9215393066406,0.9997971653938293,254.878173828125,283.0312805175781,7.118911889847368e-05
695,297.479736328125,236.66001892089844,1.0,299.556640625,274.9156494140625,0.9999998807907104,268.7820739746094,244.50079345703125,1.0,259.74896240234375,236.79164123535156,1.0,305.39849853515625,262.4167785644531,0.005266686901450157,325.58270263671875,255.33009338378906,0.0004835846193600446,296.7843017578125,289.78509521484375,0.5239588618278503,250.93479919433594,282.1167297363281,0.9996250867843628,302.1653137207031,290.5731201171875,6.11591967754066e-05
696,297.8717956542969,236.22288513183594,1.0,300.0828552246094,275.26239013671875,0.9999998807907104,268.91558837890625,244.52975463867188,1.0,259.6278076171875,236.58921813964844,1.0,306.24676513671875,262.41436767578125,0.006684879772365093,307.7549133300781,276.6419982910156,0.00039326801197603345,297.1531066894531,288.66241455078125,0.4905984699726105,250.72772216796875,281.94268798828125,0.9996917247772217,302.5429382324219,290.6346740722656,5.736001912737265e-05
697,298.0521545410156,236.03810119628906,1.0,299.8567810058594,275.0167236328125,0.9999998807907104,268.93280029296875,244.4048309326172,1.0,259.481689453125,236.5974578857422,1.0,306.0379638671875,262.20269775390625,0.006565188057720661,307.8018798828125,276.70184326171875,0.00045240187318995595,296.9658203125,288.3790588378906,0.6469874978065491,250.77110290527344,281.9629211425781,0.9995922446250916,302.4660949707031,290.68475341796875,6.424242747016251e-05
698,298.3417053222656,236.29931640625,1.0,300.0475769042969,275.028076171875,0.9999998807907104,268.48907470703125,244.3867645263672,1.0,259.27105712890625,236.19793701171875,1.0,306.3710021972656,262.2431335449219,0.0037227661814540625,307.86273193359375,276.8486633300781,0.00041927743586711586,297.200927734375,288.2909851074219,0.6004173755645752,250.60092163085938,281.9011535644531,0.9997178912162781,302.66253662109375,290.5809631347656,6.668777496088296e-05
699,298.1479187011719,236.41494750976562,1.0,299.31402587890625,275.0079650878906,0.9999998807907104,268.6178283691406,244.28114318847656,1.0,259.3880920410156,236.44297790527344,1.0,305.6530456542969,262.2550048828125,0.006748165003955364,307.4090576171875,277.1356506347656,0.0004969763685949147,296.49273681640625,288.2879638671875,0.7019177675247192,250.89175415039062,282.1140441894531,0.9995928406715393,302.1518859863281,290.7292785644531,6.828266486991197e-05
700,298.00762939453125,236.15750122070312,1.0,299.099853515625,275.1371154785156,0.9999998807907104,268.78240966796875,244.26083374023438,1.0,259.2647399902344,236.28204345703125,1.0,305.5393371582031,262.277099609375,0.006091710180044174,307.4019775390625,277.13531494140625,0.0004638788232114166,296.27227783203125,288.4450378417969,0.7231773734092712,250.52548217773438,282.1308898925781,0.9997194409370422,302.2240905761719,290.69097900390625,6.56113843433559e-05
701,297.9615173339844,236.28468322753906,1.0,298.898681640625,274.9198303222656,0.9999998807907104,268.54010009765625,244.2093963623047,1.0,259.2718200683594,236.19805908203125,1.0,305.2265319824219,262.05419921875,0.009557060897350311,307.3505554199219,277.02227783203125,0.0005615076515823603,296.1408386230469,288.2426452636719,0.7777502536773682,250.2967987060547,282.10345458984375,0.9997990727424622,301.8914794921875,290.83270263671875,6.808954640291631e-05
702,296.8443298339844,234.71446228027344,0.9999998807907104,295.940673828125,274.7559509277344,0.9999998807907104,262.41815185546875,242.62461853027344,1.0,252.2398223876953,234.52236938476562,1.0,300.1673278808594,256.0546569824219,0.023494837805628777,325.2401428222656,253.67616271972656,0.0005534057272598147,294.1883544921875,288.8982849121094,0.27269142866134644,244.6006622314453,282.1896057128906,0.993242084980011,267.7399597167969,223.7447509765625,0.00011008694127667695
703,292.016357421875,232.56707763671875,1.0,288.44830322265625,270.0072021484375,0.9999995231628418,258.4288330078125,239.71751403808594,1.0,247.13632202148438,232.12472534179688,1.0,294.3885803222656,253.77896118164062,0.1037263497710228,312.03729248046875,257.2619934082031,0.0012686543632298708,283.96307373046875,286.2992858886719,0.9995145797729492,241.23159790039062,283.0556335449219,0.9998396635055542,289.31298828125,289.9320373535156,0.0002466913138050586
704,289.8746337890625,232.42091369628906,1.0,287.1489562988281,270.4150390625,0.9999995231628418,254.82403564453125,239.56910705566406,1.0,245.14024353027344,231.91294860839844,1.0,293.39947509765625,254.41612243652344,0.10951308906078339,312.04962158203125,257.33673095703125,0.0014208285138010979,282.6749572753906,286.2616882324219,0.9944170713424683,239.3113250732422,282.4444580078125,0.9998654127120972,250.44650268554688,223.11802673339844,0.0003795495140366256
705,287.8210754394531,232.03794860839844,1.0,286.399169921875,270.8132019042969,0.9999991655349731,253.6680908203125,239.13153076171875,1.0,243.01231384277344,232.42904663085938,1.0,292.6043701171875,254.97789001464844,0.1298557072877884,310.75128173828125,257.2643737792969,0.0014797160401940346,281.9501647949219,286.04046630859375,0.9867158532142639,237.53353881835938,281.90484619140625,0.9990723133087158,250.74392700195312,223.10165405273438,0.00045197794679552317
706,282.2698974609375,229.5506134033203,1.0,282.2861022949219,269.29437255859375,0.9999986886978149,248.6672821044922,238.5760040283203,1.0,237.41929626464844,232.4633026123047,1.0,291.6918029785156,253.6864013671875,0.02692425809800625,307.1563720703125,254.0683135986328,0.004223925061523914,279.9488220214844,285.9757995605469,0.9531501531600952,232.5755615234375,281.7854309082031,0.9821435809135437,251.09463500976562,222.79690551757812,0.0003064671182073653
707,278.53033447265625,230.3961639404297,1.0,277.2007141113281,267.044677734375,1.0,245.1958465576172,237.3755645751953,1.0,232.9270782470703,231.40032958984375,1.0,281.5631408691406,252.3755340576172,0.9995300769805908,290.38970947265625,255.5610809326172,0.04360460489988327,274.97247314453125,286.2120666503906,0.9999326467514038,226.78573608398438,281.66436767578125,0.9999892711639404,248.72496032714844,288.339599609375,0.00019721058197319508
708,275.6763000488281,229.9020233154297,1.0,275.5517883300781,266.2338562011719,0.9999998807907104,244.1290283203125,237.4588623046875,1.0,231.1476287841797,230.54086303710938,1.0,278.77935791015625,251.2985382080078,0.9999995231628418,288.18731689453125,254.14181518554688,0.8635461926460266,273.1731872558594,286.3548889160156,0.9995580315589905,225.4989471435547,282.7852783203125,0.9999959468841553,246.6219482421875,292.14691162109375,0.0002297339669894427
709,274.5046691894531,229.92063903808594,1.0,274.3099060058594,266.1092834472656,0.9999997615814209,241.86312866210938,237.9470977783203,1.0,229.57594299316406,230.9186248779297,1.0,278.2070007324219,251.61175537109375,0.9999997615814209,287.9795227050781,255.03964233398438,0.979483962059021,269.2122802734375,285.745361328125,0.9997478127479553,224.81259155273438,282.5691833496094,0.9999951124191284,234.13385009765625,222.5198974609375,0.00022309857013169676
710,272.5359191894531,227.2147216796875,1.0,273.5374450683594,265.0384216308594,0.9999992847442627,239.01878356933594,236.36880493164062,1.0,226.1744384765625,230.77395629882812,1.0,277.55438232421875,250.52789306640625,0.9999998807907104,286.3974304199219,253.4876251220703,0.9983924031257629,267.9824523925781,285.54766845703125,0.9995237588882446,222.68817138671875,282.44805908203125,0.999980092048645,234.4710235595703,221.81008911132812,0.0003982664202339947
711,269.2212219238281,226.61541748046875,1.0,271.1429748535156,264.9838562011719,0.999998927116394,236.3072509765625,235.7780303955078,1.0,223.4747772216797,230.06198120117188,1.0,275.5857238769531,249.55841064453125,1.0,282.4622497558594,251.4021759033203,0.9998438358306885,264.6932373046875,285.7808837890625,0.9983566403388977,218.9855194091797,282.33135986328125,0.999968409538269,234.94351196289062,221.73690795898438,0.00028137685148976743
712,267.2911071777344,226.2949676513672,1.0,266.8414001464844,265.3424377441406,0.9999991655349731,235.19232177734375,236.15493774414062,1.0,221.2705078125,230.2669219970703,1.0,274.2987060546875,248.6886444091797,1.0,281.5069885253906,250.70350646972656,0.9999939203262329,261.28765869140625,285.12286376953125,0.9994958639144897,217.8407745361328,283.01019287109375,0.9999772310256958,262.7361755371094,288.9739990234375,0.0003884632606059313
713,266.3695983886719,224.72976684570312,1.0,265.34375,264.62054443359375,0.9999996423721313,232.29180908203125,234.7736358642578,1.0,218.59347534179688,229.72584533691406,1.0,273.6385498046875,247.93881225585938,1.0,280.33355712890625,249.111328125,0.9999984502792358,260.3952941894531,283.9529724121094,0.9999790191650391,216.21270751953125,282.3106994628906,0.9999939203262329,263.6244812011719,288.59075927734375,0.00046457539428956807
714,262.23419189453125,223.67115783691406,1.0,260.1844787597656,264.51416015625,1.0,228.22434997558594,234.99771118164062,1.0,214.7230224609375,229.5676727294922,1.0,270.4961242675781,246.66090393066406,1.0,280.1835632324219,246.8066864013672,1.0,256.2083740234375,283.2342224121094,0.9999977350234985,212.40904235839844,283.0497741699219,0.9999998807907104,263.0687255859375,288.3236389160156,0.0012159269535914063
715,259.1018371582031,222.3716583251953,1.0,257.5275573730469,264.1376953125,1.0,226.154296875,234.64381408691406,1.0,211.86224365234375,229.96969604492188,1.0,268.6789855957031,245.35479736328125,1.0,279.0260009765625,245.7476806640625,1.0,251.28175354003906,282.1795654296875,0.9999991655349731,211.36827087402344,283.1316223144531,0.9999998807907104,261.6066589355469,288.7599182128906,0.0009655820322223008
716,257.6240539550781,222.02183532714844,1.0,256.05859375,264.8081359863281,1.0,224.469482421875,234.50900268554688,1.0,210.21665954589844,229.47720336914062,1.0,267.197509765625,244.4643096923828,1.0,278.1615295410156,244.5014190673828,1.0,249.814697265625,282.03424072265625,0.9999996423721313,210.2964630126953,282.956787109375,0.9999996423721313,261.54339599609375,289.2477111816406,0.00032314026611857116
717,256.4900207519531,221.48202514648438,1.0,255.74749755859375,264.4175109863281,1.0,223.5483856201172,234.30935668945312,1.0,208.8826446533203,229.15997314453125,1.0,266.761474609375,243.81907653808594,1.0,277.092529296875,244.40362548828125,1.0,249.5725555419922,281.25091552734375,0.9999982118606567,207.95138549804688,283.0206604003906,0.9999986886978149,250.65902709960938,288.19952392578125,0.00020457850769162178
718,255.89862060546875,222.47975158691406,1.0,254.98486328125,264.8727722167969,1.0,222.66976928710938,234.68711853027344,1.0,208.73080444335938,229.43540954589844,1.0,266.1649475097656,244.13052368164062,1.0,276.6669616699219,244.33682250976562,1.0,248.99359130859375,281.41693115234375,0.9999983310699463,207.08766174316406,282.5504150390625,0.9999994039535522,250.44639587402344,288.4407958984375,0.0002636316348798573
719,254.4378662109375,224.40719604492188,1.0,253.46974182128906,265.7987060546875,1.0,221.97406005859375,236.67791748046875,1.0,208.21084594726562,230.76519775390625,1.0,265.0923156738281,246.38673400878906,1.0,276.78863525390625,245.22418212890625,1.0,247.7421417236328,282.61322021484375,0.9999982118606567,206.8807373046875,282.7748718261719,0.9999995231628418,249.705322265625,289.0235595703125,0.00026917102513834834
720,253.32073974609375,224.34983825683594,1.0,253.0496826171875,265.824951171875,1.0,221.7153778076172,237.02964782714844,1.0,208.6248779296875,231.3323211669922,1.0,264.90069580078125,247.15431213378906,1.0,276.6341247558594,246.31329345703125,1.0,247.76821899414062,283.3339538574219,0.9999986886978149,206.78778076171875,283.2555236816406,0.9999992847442627,218.63221740722656,221.80653381347656,0.0002048441383522004
721,253.26705932617188,224.81954956054688,1.0,253.06967163085938,265.8904724121094,1.0,221.41921997070312,237.531005859375,1.0,208.27186584472656,231.48609924316406,1.0,264.6689758300781,247.43263244628906,1.0,276.3949279785156,246.28065490722656,1.0,247.8717041015625,282.8766784667969,0.9999978542327881,206.42857360839844,282.9088439941406,0.9999991655349731,218.74403381347656,222.02178955078125,0.00021487625781446695
722,253.00051879882812,224.57664489746094,1.0,252.90322875976562,265.5130310058594,1.0,221.2247772216797,237.13961791992188,1.0,208.25808715820312,231.52685546875,1.0,264.5117492675781,247.10511779785156,1.0,276.20672607421875,245.9014892578125,1.0,247.6456756591797,283.1941833496094,0.9999984502792358,206.4938201904297,283.19232177734375,0.9999991655349731,249.59703063964844,288.9449157714844,0.00020559964468702674
723,252.25668334960938,225.0641632080078,1.0,253.172119140625,265.9817810058594,1.0,221.14743041992188,237.0933380126953,1.0,207.79916381835938,231.25852966308594,1.0,263.943359375,246.8582763671875,1.0,275.73406982421875,245.69125366210938,1.0,247.3490447998047,282.9642333984375,0.9999992847442627,205.87501525878906,283.2399597167969,0.9999995231628418,249.799560546875,289.11016845703125,0.00028359744464978576
724,252.62271118164062,225.05831909179688,1.0,252.8579559326172,265.0059509277344,1.0,221.07757568359375,237.11021423339844,1.0,207.08633422851562,231.1484832763672,1.0,263.50927734375,246.27313232421875,1.0,274.88836669921875,244.55026245117188,1.0,247.16891479492188,283.09344482421875,0.9999994039535522,205.79742431640625,283.5126037597656,0.9999995231628418,249.7671356201172,289.2087707519531,0.0003680331283248961
725,253.00027465820312,225.1884765625,1.0,253.43458557128906,265.6292419433594,0.9999998807907104,220.51516723632812,236.20562744140625,1.0,206.56854248046875,230.5814208984375,1.0,263.09185791015625,245.6682586669922,1.0,273.4137878417969,244.38571166992188,1.0,247.25851440429688,282.90386962890625,0.9999992847442627,205.4996337890625,283.3182678222656,0.9999994039535522,249.78160095214844,289.1266784667969,0.00028366962214931846
726,252.4494171142578,225.33436584472656,1.0,252.84408569335938,265.7427978515625,1.0,220.0465545654297,235.8938446044922,1.0,205.89324951171875,230.2479248046875,1.0,262.7551574707031,245.78582763671875,1.0,273.8914489746094,245.1541290283203,1.0,246.9113006591797,282.9783630371094,0.9999997615814209,204.7916717529297,283.0392761230469,0.9999995231628418,249.884765625,289.4878234863281,0.0003006432671099901
727,252.02053833007812,225.26284790039062,1.0,252.54095458984375,265.8948669433594,1.0,219.912353515625,235.81521606445312,1.0,205.9369354248047,230.1714324951172,1.0,262.7389221191406,245.79013061523438,1.0,273.7827453613281,245.24014282226562,1.0,246.44422912597656,283.0247802734375,0.9999997615814209,204.58184814453125,282.8799743652344,0.9999995231628418,249.764404296875,289.5939636230469,0.00035984624992124736
728,251.9507598876953,225.3646697998047,1.0,252.1936492919922,265.9964599609375,1.0,219.82167053222656,235.92320251464844,1.0,205.41940307617188,230.31358337402344,1.0,262.5973815917969,245.64559936523438,1.0,273.3862609863281,245.1792449951172,1.0,246.09751892089844,282.9967956542969,0.9999998807907104,204.1819610595703,282.8844299316406,0.9999995231628418,249.6658172607422,289.7323913574219,0.00042916691745631397
729,251.92721557617188,225.155517578125,1.0,251.9132080078125,265.8830261230469,1.0,219.70986938476562,235.9228057861328,1.0,205.2111358642578,230.3761749267578,1.0,262.64727783203125,245.573974609375,1.0,273.5000305175781,245.2519073486328,1.0,245.66058349609375,283.0037536621094,0.9999998807907104,204.0276641845703,282.7095947265625,0.9999996423721313,249.68527221679688,289.7078857421875,0.0004779796290677041
730,251.77272033691406,224.8465576171875,1.0,251.77317810058594,265.8049011230469,1.0,219.65025329589844,236.02894592285156,1.0,205.19871520996094,230.5122528076172,1.0,262.3265380859375,245.47207641601562,1.0,273.114990234375,245.25514221191406,1.0,245.67359924316406,282.9718322753906,0.9999997615814209,204.12322998046875,283.00347900390625,0.9999992847442627,249.7589874267578,289.5986022949219,0.0005072716157883406
731,251.3350372314453,224.8370361328125,1.0,251.165771484375,265.89361572265625,1.0,219.30413818359375,236.01287841796875,1.0,205.35247802734375,230.39073181152344,1.0,262.079833984375,245.39952087402344,1.0,272.9423828125,245.142333984375,1.0,245.22718811035156,282.83636474609375,0.9999998807907104,204.0000457763672,283.0130615234375,0.9999992847442627,249.594970703125,289.7659606933594,0.000654715346172452
732,251.24087524414062,223.59402465820312,1.0,251.4057159423828,265.38055419921875,1.0,219.06130981445312,235.19630432128906,1.0,204.66375732421875,230.13714599609375,1.0,263.3843688964844,244.1189727783203,1.0,273.7962341308594,246.30386352539062,1.0,245.53456115722656,282.54241943359375,0.9999997615814209,204.44366455078125,283.133056640625,0.9999984502792358,250.11241149902344,289.24566650390625,0.00046860071597620845
733,250.3159637451172,219.48812866210938,1.0,247.98789978027344,262.117431640625,1.0,218.47442626953125,230.84080505371094,1.0,203.834716796875,226.29920959472656,1.0,262.534912109375,240.5851593017578,1.0,272.6933898925781,242.6062469482422,1.0,245.0711212158203,281.5165100097656,0.9999998807907104,204.5865478515625,282.8887939453125,0.9999959468841553,251.49644470214844,289.2960510253906,0.00095132936257869
734,248.8451690673828,216.53741455078125,1.0,246.62515258789062,259.0466003417969,1.0,216.4024658203125,228.34066772460938,1.0,202.7058868408203,224.27883911132812,1.0,261.35015869140625,239.00274658203125,1.0,272.1885681152344,240.9824676513672,1.0,243.2331085205078,278.77886962890625,1.0,203.6317138671875,281.5422668457031,0.9999998807907104,263.6797790527344,288.7266540527344,0.27436092495918274
735,248.9695587158203,215.01123046875,1.0,245.99754333496094,255.9862060546875,1.0,217.0692596435547,227.55532836914062,1.0,202.0772705078125,223.1907501220703,1.0,261.5489807128906,238.0754852294922,1.0,272.4402160644531,240.836181640625,1.0,241.92031860351562,277.84014892578125,1.0,203.8531494140625,280.167724609375,1.0,262.9834899902344,288.060302734375,0.999963641166687
736,248.82159423828125,213.9014434814453,1.0,245.9776611328125,254.47059631347656,1.0,216.8677978515625,226.74313354492188,1.0,202.02488708496094,221.80838012695312,1.0,261.37158203125,236.9840545654297,1.0,272.3144836425781,239.7401580810547,1.0,242.10838317871094,277.0151672363281,1.0,203.48843383789062,279.9103088378906,1.0,262.2565002441406,287.65460205078125,0.9999921321868896
737,248.7476348876953,213.5773162841797,1.0,245.78680419921875,254.11732482910156,1.0,217.1591796875,226.14169311523438,1.0,203.06594848632812,221.46630859375,1.0,261.4978942871094,236.33102416992188,1.0,272.6089782714844,239.443359375,1.0,242.04757690429688,276.1666564941406,1.0,203.41221618652344,279.2381286621094,1.0,261.7771301269531,287.3841552734375,0.9999969005584717
738,248.6141357421875,212.67837524414062,1.0,246.05941772460938,253.31539916992188,1.0,217.43832397460938,225.63084411621094,1.0,203.06484985351562,221.44180297851562,1.0,261.6489562988281,236.01333618164062,1.0,272.607421875,238.6958770751953,1.0,242.4957733154297,274.2189025878906,1.0,203.71104431152344,278.3629150390625,1.0,261.7716369628906,286.94561767578125,0.9999985694885254
739,248.99069213867188,212.73939514160156,1.0,246.10182189941406,253.1848602294922,1.0,217.62815856933594,225.07229614257812,1.0,203.13482666015625,220.58950805664062,1.0,262.0947570800781,235.94761657714844,1.0,272.7185363769531,238.71316528320312,1.0,242.86996459960938,273.6268310546875,1.0,204.64675903320312,278.18408203125,1.0,261.5758056640625,285.7632751464844,0.9999998807907104
740,249.22982788085938,211.2504119873047,1.0,246.7449951171875,251.62875366210938,1.0,217.5168914794922,224.0511474609375,1.0,202.8862762451172,220.2834014892578,1.0,262.327392578125,234.543701171875,1.0,273.09033203125,237.38943481445312,1.0,243.5277099609375,272.8849182128906,1.0,205.67092895507812,277.0721130371094,1.0,261.589111328125,285.018310546875,1.0
741,250.7922821044922,209.2157440185547,1.0,249.7145538330078,248.78390502929688,1.0,219.34835815429688,221.51612854003906,1.0,204.8333740234375,219.13133239746094,1.0,263.7703552246094,230.98426818847656,1.0,274.2390441894531,234.66656494140625,1.0,246.14022827148438,269.7646789550781,1.0,209.1318817138672,275.44476318359375,1.0,262.3538513183594,282.6226806640625,1.0
742,252.79153442382812,207.7092742919922,1.0,252.9136505126953,243.3306884765625,1.0,221.84432983398438,218.55471801757812,1.0,207.2145538330078,215.78099060058594,1.0,265.64837646484375,227.94174194335938,1.0,275.1788024902344,233.0522003173828,1.0,248.83352661132812,267.36834716796875,1.0,212.1421661376953,271.7719421386719,1.0,264.7479248046875,279.9607849121094,0.9999997615814209
743,254.15750122070312,205.47560119628906,1.0,254.3100128173828,241.99032592773438,1.0,223.10293579101562,217.26991271972656,1.0,208.19915771484375,214.5802764892578,1.0,266.5094909667969,226.72621154785156,1.0,275.50897216796875,231.81280517578125,1.0,250.91297912597656,264.4169616699219,1.0,212.55718994140625,269.47064208984375,1.0,266.333984375,278.60260009765625,0.9999998807907104
744,253.99423217773438,203.60646057128906,1.0,255.31178283691406,239.3561553955078,1.0,223.40980529785156,215.99127197265625,1.0,208.4070587158203,213.55711364746094,1.0,267.1919250488281,226.00401306152344,1.0,276.54986572265625,231.74908447265625,1.0,251.80218505859375,262.3822021484375,1.0,212.67262268066406,266.73699951171875,1.0,267.8944396972656,276.7109069824219,1.0
745,254.90414428710938,202.79776000976562,1.0,256.3570861816406,237.98573303222656,1.0,223.71922302246094,215.40512084960938,1.0,208.62059020996094,212.58128356933594,1.0,267.73944091796875,225.6339569091797,1.0,276.887939453125,231.59619140625,1.0,252.84878540039062,261.466552734375,1.0,213.23712158203125,266.2456970214844,1.0,268.8250427246094,276.0171203613281,1.0
746,252.24020385742188,202.39454650878906,1.0,253.67791748046875,237.63890075683594,1.0,220.8358917236328,215.5030059814453,1.0,205.5415496826172,213.136474609375,1.0,266.0113830566406,225.010498046875,1.0,274.8238830566406,230.6363067626953,1.0,250.75086975097656,261.7425842285156,1.0,210.98800659179688,266.65606689453125,1.0,266.7334899902344,275.801513671875,1.0
747,248.1846923828125,200.49891662597656,1.0,247.265869140625,237.5145263671875,1.0,216.46856689453125,215.0095672607422,1.0,199.94546508789062,213.6219024658203,1.0,261.9718322753906,224.7729034423828,1.0,272.3969421386719,229.87535095214844,1.0,243.9579620361328,261.34759521484375,1.0,205.7659912109375,266.1657409667969,1.0,262.06011962890625,275.72119140625,1.0
748,246.4415740966797,199.82254028320312,1.0,245.09722900390625,237.0373077392578,1.0,215.38668823242188,214.40097045898438,1.0,199.3008575439453,211.95626831054688,1.0,259.2182922363281,223.77333068847656,1.0,270.2413024902344,228.44668579101562,1.0,242.73631286621094,259.5480041503906,1.0,205.11398315429688,265.69305419921875,1.0,260.8590087890625,274.859619140625,1.0
749,246.15977478027344,199.4227752685547,1.0,244.892333984375,236.4376678466797,1.0,214.92649841308594,214.15704345703125,1.0,198.28781127929688,211.82432556152344,1.0,259.22991943359375,223.5910186767578,1.0,270.0166320800781,227.9716339111328,1.0,242.56260681152344,259.1476745605469,1.0,204.66860961914062,265.7529602050781,1.0,260.4138488769531,274.3134460449219,1.0
750,245.6024169921875,199.12864685058594,1.0,244.4805450439453,235.8932342529297,1.0,214.15689086914062,213.67605590820312,1.0,197.29689025878906,211.62477111816406,1.0,258.5107421875,223.22264099121094,1.0,269.8434143066406,227.38125610351562,1.0,241.92832946777344,259.0288391113281,1.0,203.926025390625,265.3157653808594,1.0,259.63525390625,273.8916931152344,1.0
751,244.0488739013672,198.842529296875,1.0,243.7089080810547,235.7507781982422,1.0,212.7774658203125,213.66416931152344,1.0,196.2078857421875,211.2113800048828,1.0,257.57073974609375,222.72586059570312,1.0,269.22174072265625,226.884765625,1.0,240.77142333984375,258.6976623535156,1.0,203.32371520996094,264.7623291015625,1.0,258.61102294921875,273.1250915527344,1.0
752,243.2648468017578,198.3904571533203,1.0,242.4476776123047,234.51519775390625,1.0,211.49314880371094,213.6858673095703,1.0,195.34210205078125,212.00205993652344,1.0,256.5994567871094,222.33189392089844,1.0,268.1134948730469,226.96798706054688,1.0,239.07916259765625,257.52325439453125,1.0,202.16610717773438,264.3797302246094,1.0,257.6572265625,272.686767578125,1.0
753,240.45767211914062,197.70062255859375,1.0,239.081298828125,234.6757049560547,1.0,209.6346893310547,214.1345672607422,1.0,193.3229217529297,211.73214721679688,1.0,254.02700805664062,221.69532775878906,1.0,266.43328857421875,226.2439422607422,1.0,235.57150268554688,257.1075439453125,1.0,198.72738647460938,263.8214111328125,1.0,254.93475341796875,272.23114013671875,1.0
754,237.51296997070312,198.14486694335938,1.0,236.55467224121094,234.6471710205078,1.0,207.03225708007812,214.30267333984375,1.0,189.9407196044922,212.29541015625,1.0,252.99346923828125,221.56822204589844,1.0,264.4731140136719,225.8168487548828,1.0,233.3194580078125,257.6576232910156,1.0,196.45603942871094,264.1855163574219,1.0,253.3031768798828,272.546875,1.0
755,229.71807861328125,197.72857666015625,1.0,228.38897705078125,235.8017120361328,1.0,198.92861938476562,214.68373107910156,1.0,184.26068115234375,213.21034240722656,1.0,246.14666748046875,221.25965881347656,1.0,259.5043029785156,224.1524200439453,1.0,225.0649871826172,257.2523193359375,1.0,190.1920166015625,263.8100280761719,1.0,248.32138061523438,272.09661865234375,1.0
756,220.8348388671875,196.03221130371094,1.0,217.87030029296875,233.01100158691406,1.0,191.70741271972656,213.82254028320312,1.0,175.5632781982422,211.8496856689453,1.0,238.46507263183594,219.7988739013672,1.0,253.59014892578125,221.67559814453125,1.0,215.7431182861328,255.58116149902344,1.0,181.9912567138672,262.3958435058594,1.0,240.56979370117188,269.9338684082031,1.0
757,217.40005493164062,196.23605346679688,1.0,214.03419494628906,232.67759704589844,1.0,188.7472686767578,213.58865356445312,1.0,172.87635803222656,212.92222595214844,1.0,235.59799194335938,219.23873901367188,1.0,250.45474243164062,221.10105895996094,1.0,211.26187133789062,254.11172485351562,1.0,178.39193725585938,261.5935974121094,1.0,237.8718719482422,269.14599609375,1.0
758,214.7878875732422,196.30059814453125,1.0,211.7624053955078,232.27139282226562,1.0,186.02906799316406,213.15550231933594,1.0,170.2983856201172,212.92221069335938,1.0,234.1304473876953,219.3441619873047,1.0,248.75267028808594,220.8970184326172,1.0,208.47303771972656,254.52891540527344,1.0,176.43609619140625,261.4392395019531,1.0,235.58346557617188,269.3009338378906,1.0
759,212.6150360107422,196.0225830078125,1.0,209.6048126220703,232.43478393554688,1.0,184.11166381835938,213.5669403076172,1.0,169.1173553466797,212.86114501953125,1.0,231.8702850341797,219.2845001220703,1.0,247.3883056640625,220.01353454589844,1.0,206.18772888183594,254.30474853515625,1.0,174.6482696533203,261.5283203125,1.0,233.7135772705078,268.74072265625,1.0
760,211.87989807128906,195.9127655029297,1.0,208.5970458984375,232.5518341064453,1.0,184.68817138671875,213.6317138671875,1.0,168.08145141601562,212.65045166015625,1.0,231.1920928955078,219.46951293945312,1.0,246.50462341308594,219.9320068359375,1.0,205.13113403320312,254.2489471435547,1.0,173.56861877441406,261.4377136230469,1.0,232.06393432617188,269.0680236816406,1.0
761,211.4784393310547,195.7692108154297,1.0,208.08860778808594,232.5831298828125,1.0,184.09449768066406,213.82838439941406,1.0,167.64454650878906,212.688232421875,1.0,230.86239624023438,219.45648193359375,1.0,246.23580932617188,220.1746826171875,1.0,204.99212646484375,254.41539001464844,1.0,173.3430938720703,261.9857177734375,1.0,231.62704467773438,269.17218017578125,1.0
762,211.303466796875,195.58697509765625,1.0,207.6982421875,232.8234405517578,1.0,184.09371948242188,213.77899169921875,1.0,167.42578125,212.7111053466797,1.0,230.5531005859375,219.39437866210938,1.0,246.12631225585938,220.3209686279297,1.0,204.63970947265625,254.4390869140625,1.0,173.13665771484375,261.97503662109375,1.0,231.31317138671875,269.1607666015625,1.0
763,211.1260986328125,195.4418182373047,1.0,207.35386657714844,232.72201538085938,1.0,183.74681091308594,213.62353515625,1.0,167.36483764648438,212.61968994140625,1.0,230.35064697265625,219.52049255371094,1.0,246.06222534179688,220.33985900878906,1.0,204.27162170410156,254.33612060546875,1.0,173.0490264892578,261.9023132324219,1.0,231.18348693847656,268.7884826660156,1.0
764,210.97906494140625,195.4735107421875,1.0,207.0143280029297,232.53855895996094,1.0,183.6651153564453,213.6237335205078,1.0,167.08326721191406,212.64529418945312,1.0,230.11915588378906,219.5416717529297,1.0,245.66835021972656,220.21531677246094,1.0,203.96505737304688,254.2998046875,1.0,172.93563842773438,261.99932861328125,1.0,230.9485321044922,268.8038635253906,1.0
765,210.93345642089844,195.70143127441406,1.0,206.589599609375,232.2034912109375,1.0,183.5320281982422,213.5837860107422,1.0,166.90475463867188,212.43748474121094,1.0,230.1203155517578,219.61708068847656,1.0,245.6628875732422,220.14761352539062,1.0,203.40362548828125,254.18370056152344,1.0,172.45188903808594,261.8897399902344,1.0,230.85057067871094,268.62298583984375,1.0
766,210.33274841308594,195.87124633789062,1.0,205.79638671875,232.36517333984375,1.0,183.12966918945312,213.62367248535156,1.0,166.84136962890625,212.3831787109375,1.0,229.8286895751953,219.53546142578125,1.0,245.5052490234375,220.1574249267578,1.0,202.65943908691406,253.9359130859375,1.0,171.88693237304688,261.59808349609375,1.0,230.02809143066406,268.36407470703125,1.0
767,210.20339965820312,195.7557373046875,1.0,205.57937622070312,232.3670196533203,1.0,182.69638061523438,214.02520751953125,1.0,166.5311279296875,212.16404724121094,1.0,229.61566162109375,219.6444854736328,1.0,245.1798858642578,220.15296936035156,1.0,202.3389434814453,254.0603790283203,1.0,171.654052734375,261.6084899902344,1.0,229.75474548339844,268.6238708496094,1.0
768,210.2379150390625,195.72402954101562,1.0,205.3736114501953,232.54405212402344,1.0,183.11529541015625,213.40310668945312,1.0,165.98936462402344,212.10523986816406,1.0,229.9304962158203,220.0792694091797,1.0,245.4666290283203,220.4671173095703,1.0,202.32203674316406,254.04788208007812,1.0,171.5598602294922,261.3951110839844,1.0,229.94561767578125,268.8392333984375,1.0
769,209.64134216308594,196.83096313476562,1.0,204.9548797607422,233.23374938964844,1.0,183.0152587890625,214.66558837890625,1.0,166.11187744140625,212.73690795898438,1.0,229.32342529296875,220.62327575683594,1.0,245.18942260742188,220.450439453125,1.0,202.15037536621094,255.10829162597656,1.0,171.46957397460938,262.60833740234375,1.0,230.1302032470703,269.2314453125,1.0
770,208.78579711914062,197.34625244140625,1.0,204.99118041992188,233.36285400390625,1.0,182.91836547851562,215.1560516357422,1.0,166.2088165283203,213.15660095214844,1.0,228.74603271484375,220.82041931152344,1.0,244.6920928955078,220.51844787597656,1.0,202.19215393066406,255.69357299804688,1.0,171.52503967285156,263.3493957519531,1.0,230.0970001220703,269.8822937011719,1.0
771,208.87704467773438,197.35646057128906,1.0,204.8529052734375,233.8073272705078,1.0,183.05735778808594,215.35128784179688,1.0,166.45248413085938,213.11842346191406,1.0,228.78973388671875,220.87631225585938,1.0,244.78684997558594,220.7659912109375,1.0,202.18630981445312,255.98944091796875,1.0,171.4599609375,263.333251953125,1.0,229.8223876953125,270.2351379394531,1.0
772,208.72999572753906,197.66709899902344,1.0,204.88818359375,234.01956176757812,1.0,182.92791748046875,215.53485107421875,1.0,166.48777770996094,213.2417449951172,1.0,228.75076293945312,221.14398193359375,1.0,244.75782775878906,220.80575561523438,1.0,202.206298828125,256.0530700683594,1.0,171.59571838378906,263.442138671875,1.0,229.89004516601562,270.17401123046875,1.0
773,208.77777099609375,197.66738891601562,1.0,205.01443481445312,234.17288208007812,1.0,182.86590576171875,215.8637237548828,1.0,166.44512939453125,213.3817596435547,1.0,228.62709045410156,221.1993865966797,1.0,244.59909057617188,221.0430145263672,1.0,202.29005432128906,256.3033142089844,1.0,171.41444396972656,263.5064392089844,1.0,229.73377990722656,270.3537292480469,1.0
774,208.52130126953125,198.03529357910156,1.0,204.9101104736328,234.31668090820312,1.0,182.32272338867188,216.09849548339844,1.0,166.1080780029297,213.96755981445312,1.0,228.24757385253906,221.33921813964844,1.0,244.29263305664062,221.59298706054688,1.0,202.1839599609375,256.433837890625,1.0,171.4229278564453,263.9775695800781,1.0,229.7824249267578,270.3968505859375,1.0
775,207.97979736328125,198.1087646484375,1.0,204.80087280273438,234.78421020507812,1.0,181.59146118164062,216.19891357421875,1.0,165.5260009765625,214.2972412109375,1.0,228.16583251953125,221.30487060546875,1.0,244.3804168701172,221.97328186035156,1.0,202.02529907226562,257.39349365234375,1.0,171.41055297851562,264.56475830078125,1.0,229.83192443847656,270.6321716308594,1.0
776,207.68075561523438,198.78187561035156,1.0,203.21400451660156,235.83489990234375,1.0,181.70452880859375,216.5323944091797,1.0,165.24464416503906,214.60337829589844,1.0,228.06285095214844,221.65757751464844,1.0,244.197265625,222.17709350585938,1.0,201.9413604736328,258.0075988769531,1.0,171.02371215820312,265.01312255859375,1.0,229.86456298828125,271.30291748046875,1.0
777,207.83358764648438,199.13038635253906,1.0,203.2787322998047,236.14772033691406,1.0,181.47933959960938,216.76654052734375,1.0,165.24075317382812,214.64801025390625,1.0,227.8583526611328,222.09669494628906,1.0,244.06858825683594,222.01988220214844,1.0,202.08056640625,258.1299133300781,1.0,170.75897216796875,265.2282409667969,1.0,229.8094024658203,271.54327392578125,1.0
778,207.60154724121094,199.29278564453125,1.0,203.10134887695312,236.7239990234375,1.0,181.48776245117188,216.70265197753906,1.0,165.11907958984375,214.7095184326172,1.0,227.447998046875,222.02171325683594,1.0,243.6092071533203,221.94815063476562,1.0,202.15452575683594,258.187744140625,1.0,170.65737915039062,265.2274169921875,1.0,229.821044921875,271.65625,1.0
779,207.60264587402344,199.15037536621094,1.0,202.929931640625,236.7549285888672,1.0,181.44210815429688,216.7101593017578,1.0,165.17115783691406,214.76234436035156,1.0,227.2161102294922,221.9493865966797,1.0,243.3976593017578,222.13925170898438,1.0,202.10031127929688,258.3552551269531,1.0,170.46270751953125,265.26031494140625,1.0,229.52565002441406,271.77423095703125,1.0
780,207.52554321289062,199.04920959472656,1.0,202.8963165283203,236.5128631591797,1.0,180.56871032714844,216.6217803955078,1.0,164.7204132080078,215.41453552246094,1.0,227.3359375,221.48011779785156,1.0,243.24404907226562,222.04446411132812,1.0,201.85031127929688,258.19891357421875,1.0,170.3859100341797,265.4792785644531,1.0,228.9166717529297,271.6152038574219,1.0
781,207.38223266601562,199.26963806152344,1.0,202.6110076904297,236.44876098632812,1.0,180.60061645507812,216.4263458251953,1.0,164.71588134765625,215.69345092773438,1.0,227.0314483642578,221.7725830078125,1.0,243.17311096191406,222.128662109375,1.0,201.66802978515625,258.2901916503906,1.0,170.09356689453125,265.43218994140625,1.0,228.5808868408203,272.1092529296875,1.0
782,206.57223510742188,199.4199676513672,1.0,201.693603515625,236.7667236328125,1.0,180.25778198242188,217.23377990722656,1.0,164.085693359375,216.07135009765625,1.0,227.36170959472656,222.48529052734375,1.0,242.98988342285156,221.54417419433594,1.0,201.48350524902344,258.2669372558594,1.0,169.7074737548828,266.1097717285156,1.0,228.28590393066406,272.31787109375,1.0
783,206.14990234375,199.5436248779297,1.0,201.333740234375,236.82650756835938,1.0,179.96250915527344,217.82687377929688,1.0,164.2919158935547,216.2711181640625,1.0,227.57504272460938,222.7193145751953,1.0,242.85556030273438,221.74050903320312,1.0,201.4242401123047,258.5003662109375,1.0,169.46791076660156,266.46075439453125,1.0,228.18975830078125,272.5822448730469,1.0
784,206.0474090576172,199.343994140625,1.0,201.1707763671875,236.61497497558594,1.0,179.779541015625,217.83184814453125,1.0,164.1137237548828,216.37535095214844,1.0,227.26124572753906,222.85598754882812,1.0,242.60537719726562,221.5563201904297,1.0,201.15023803710938,258.5313720703125,1.0,169.25881958007812,266.543212890625,1.0,228.0078125,272.9057312011719,1.0
785,205.98269653320312,199.1522979736328,1.0,200.9552001953125,236.99258422851562,1.0,179.757080078125,217.83474731445312,1.0,164.06240844726562,216.29835510253906,1.0,227.052490234375,222.82318115234375,1.0,242.52407836914062,221.66354370117188,1.0,201.04798889160156,258.8122863769531,1.0,169.17884826660156,266.740966796875,1.0,228.08880615234375,272.9967346191406,1.0
786,205.82635498046875,199.35914611816406,1.0,200.70657348632812,237.06842041015625,1.0,179.61997985839844,217.74172973632812,1.0,163.781005859375,216.06314086914062,1.0,227.0817413330078,222.98211669921875,1.0,242.4967041015625,221.72715759277344,1.0,200.8078155517578,258.8970642089844,1.0,168.9535675048828,266.8606872558594,1.0,227.8164520263672,273.0400085449219,1.0
787,204.95645141601562,199.00320434570312,1.0,200.05328369140625,236.70263671875,1.0,179.07513427734375,217.0413055419922,1.0,163.1095428466797,216.10926818847656,1.0,226.38015747070312,222.42283630371094,1.0,241.7718505859375,221.59205627441406,1.0,199.87998962402344,258.6717224121094,1.0,168.5678253173828,266.5451354980469,1.0,227.07215881347656,272.49169921875,1.0
788,203.99346923828125,198.67269897460938,1.0,199.64132690429688,235.82608032226562,1.0,178.2035369873047,216.2843017578125,1.0,162.57247924804688,215.60992431640625,1.0,225.5056610107422,221.69888305664062,1.0,240.98468017578125,221.14918518066406,1.0,199.37136840820312,258.0386962890625,1.0,167.92530822753906,265.8753967285156,1.0,226.63314819335938,271.0819396972656,1.0
789,204.242431640625,198.34979248046875,1.0,199.35781860351562,235.32376098632812,1.0,177.6407470703125,216.19781494140625,1.0,162.1355438232422,215.8114013671875,1.0,225.0582733154297,220.8019256591797,1.0,240.1218719482422,220.9741973876953,1.0,198.77247619628906,258.157470703125,1.0,167.15042114257812,264.8436584472656,1.0,225.9564666748047,270.9293212890625,1.0
790,203.8667449951172,198.3527069091797,1.0,200.10250854492188,235.11041259765625,1.0,177.4633026123047,215.99745178222656,1.0,162.20046997070312,215.851806640625,1.0,224.72520446777344,220.53758239746094,1.0,240.08921813964844,221.09939575195312,1.0,198.69351196289062,257.94384765625,1.0,166.97959899902344,264.77606201171875,1.0,225.81753540039062,270.9813232421875,1.0
791,203.63232421875,198.08702087402344,1.0,200.19540405273438,234.70265197753906,1.0,177.5942840576172,215.89569091796875,1.0,161.9635009765625,215.64320373535156,1.0,224.4716339111328,220.35499572753906,1.0,239.65785217285156,221.066162109375,1.0,198.53378295898438,257.9144592285156,1.0,167.03762817382812,264.6169738769531,1.0,225.65011596679688,270.9977722167969,1.0
792,203.86746215820312,197.7554473876953,1.0,200.2316131591797,234.40943908691406,1.0,177.43833923339844,215.58091735839844,1.0,162.22604370117188,215.24179077148438,1.0,224.3695831298828,220.21337890625,1.0,239.74026489257812,220.88272094726562,1.0,198.3807373046875,257.03173828125,1.0,167.0025634765625,264.513671875,1.0,225.6316375732422,270.5563049316406,1.0
793,203.63519287109375,197.7744903564453,1.0,200.1439971923828,234.35153198242188,1.0,177.23374938964844,215.4556121826172,1.0,162.08763122558594,215.4105682373047,1.0,224.0807342529297,220.08473205566406,1.0,239.6471710205078,220.80479431152344,1.0,198.28221130371094,256.8592834472656,1.0,166.9481964111328,264.2838439941406,1.0,225.4839630126953,270.5353088378906,1.0
794,203.46420288085938,197.88796997070312,1.0,199.9346160888672,234.24563598632812,1.0,177.3504638671875,215.38482666015625,1.0,162.17376708984375,215.21661376953125,1.0,224.0714111328125,219.98123168945312,1.0,239.8129425048828,220.6477813720703,1.0,198.1683807373047,256.6485900878906,1.0,166.8227081298828,264.2013244628906,1.0,225.44985961914062,270.2857971191406,1.0
795,203.8008270263672,197.67568969726562,1.0,199.84738159179688,234.12200927734375,1.0,177.4758758544922,215.27891540527344,1.0,162.0979766845703,215.11483764648438,1.0,224.47732543945312,219.71286010742188,1.0,239.7521209716797,220.7364501953125,1.0,197.97666931152344,256.135986328125,1.0,166.78634643554688,263.7717590332031,1.0,225.32981872558594,270.46600341796875,1.0
796,210.69564819335938,198.0372314453125,1.0,206.2781219482422,233.3629608154297,1.0,183.7876434326172,213.7749481201172,1.0,167.0167236328125,212.5569610595703,1.0,230.82699584960938,219.70631408691406,1.0,244.56219482421875,221.23699951171875,1.0,202.35488891601562,255.7301788330078,1.0,171.04840087890625,261.9164733886719,1.0,230.14422607421875,269.06951904296875,1.0
797,217.46435546875,197.36981201171875,1.0,213.76585388183594,232.43072509765625,1.0,188.3129425048828,212.649169921875,1.0,171.56427001953125,211.48533630371094,1.0,235.38819885253906,219.40794372558594,1.0,249.0821075439453,222.2982177734375,1.0,210.10020446777344,254.63165283203125,1.0,176.54171752929688,260.9661560058594,1.0,235.2244415283203,269.7451171875,1.0
798,220.3052978515625,196.85499572753906,1.0,217.1895751953125,231.74261474609375,1.0,191.17930603027344,212.65286254882812,1.0,174.216552734375,211.24981689453125,1.0,237.92506408691406,219.56211853027344,1.0,251.30894470214844,223.25022888183594,1.0,214.78460693359375,254.52606201171875,1.0,179.80142211914062,260.74615478515625,1.0,237.99436950683594,269.67706298828125,1.0
799,221.57810974121094,196.73574829101562,1.0,218.7052459716797,232.7683563232422,1.0,192.8440399169922,212.48294067382812,1.0,176.6946563720703,210.689453125,1.0,238.92529296875,220.2793731689453,1.0,252.90560913085938,223.4276885986328,1.0,216.08599853515625,254.72634887695312,1.0,181.64547729492188,261.2546081542969,1.0,239.31617736816406,269.55621337890625,1.0
800,224.4995880126953,197.1958465576172,1.0,221.88937377929688,232.68521118164062,1.0,194.95811462402344,212.3603515625,1.0,178.07630920410156,210.82418823242188,1.0,240.84890747070312,221.02874755859375,1.0,253.92381286621094,223.2103271484375,1.0,218.558349609375,255.9943389892578,1.0,184.2243194580078,261.2474060058594,1.0,241.26840209960938,270.49566650390625,1.0
801,226.4517364501953,197.53408813476562,1.0,224.23141479492188,232.9818115234375,1.0,196.50424194335938,212.8253173828125,1.0,179.37904357910156,210.93313598632812,1.0,242.64297485351562,221.44540405273438,1.0,255.18106079101562,224.1964569091797,1.0,221.12843322753906,255.66079711914062,1.0,186.48611450195312,261.646484375,1.0,242.1039581298828,270.8545227050781,1.0
802,227.5763702392578,197.4895782470703,1.0,225.91549682617188,232.71324157714844,1.0,197.9324951171875,213.10476684570312,1.0,180.71913146972656,210.8884735107422,1.0,243.39796447753906,221.31932067871094,1.0,255.87954711914062,224.29135131835938,1.0,222.19215393066406,255.46144104003906,1.0,187.53009033203125,261.68682861328125,1.0,243.73654174804688,270.998779296875,1.0
803,228.26356506347656,197.82595825195312,1.0,226.68141174316406,232.82223510742188,1.0,198.762939453125,213.1944122314453,1.0,181.14498901367188,210.5879669189453,1.0,244.10906982421875,221.24151611328125,1.0,256.1731872558594,224.3998565673828,1.0,223.22409057617188,255.67591857910156,1.0,188.70364379882812,261.87445068359375,1.0,244.41946411132812,271.0987854003906,1.0
804,230.4597930908203,198.13232421875,1.0,228.43309020996094,232.94296264648438,1.0,200.2840118408203,212.7685546875,1.0,183.22596740722656,210.81480407714844,1.0,246.16793823242188,221.86178588867188,1.0,258.3960876464844,224.98468017578125,1.0,224.8203125,255.6636962890625,1.0,189.68185424804688,261.8271179199219,1.0,246.16961669921875,271.1687927246094,1.0
805,232.41957092285156,198.49978637695312,1.0,230.64657592773438,233.73072814941406,1.0,201.72857666015625,212.49884033203125,1.0,185.14761352539062,210.9694061279297,1.0,248.1201171875,221.8608856201172,1.0,259.2578125,225.1453857421875,1.0,228.4707794189453,256.441650390625,1.0,191.16949462890625,262.61822509765625,1.0,248.2165985107422,271.30865478515625,1.0
806,234.84205627441406,197.92813110351562,1.0,233.08822631835938,233.3923797607422,1.0,203.42758178710938,212.2533416748047,1.0,186.65858459472656,211.11138916015625,1.0,250.50405883789062,220.87049865722656,1.0,261.57373046875,225.30682373046875,1.0,230.32522583007812,256.0982971191406,1.0,193.2574005126953,262.5851745605469,1.0,250.76992797851562,270.7129821777344,1.0
807,236.12167358398438,197.72911071777344,1.0,235.09629821777344,233.1904754638672,1.0,205.17970275878906,211.7001495361328,1.0,187.59432983398438,210.08116149902344,1.0,250.6587371826172,220.45889282226562,1.0,262.3410949707031,224.52708435058594,1.0,232.1794891357422,255.62112426757812,1.0,195.0590057373047,261.9397277832031,1.0,252.14572143554688,269.9023742675781,1.0
808,236.7041778564453,196.6502685546875,1.0,236.13909912109375,231.8727569580078,1.0,206.5413055419922,210.9829864501953,1.0,188.71206665039062,209.19436645507812,1.0,251.49754333496094,219.95249938964844,1.0,263.35028076171875,223.6077880859375,1.0,233.16558837890625,255.311767578125,1.0,196.46177673339844,261.4736633300781,1.0,253.4589385986328,269.80023193359375,1.0
809,237.5625457763672,195.64065551757812,1.0,237.3216094970703,231.96270751953125,1.0,207.06227111816406,210.91012573242188,1.0,189.09417724609375,209.0342559814453,1.0,252.3579559326172,219.4840087890625,1.0,265.0686340332031,223.49093627929688,1.0,234.31524658203125,255.321044921875,1.0,197.49545288085938,261.3003845214844,1.0,254.53868103027344,269.7922058105469,1.0
810,238.4544677734375,195.09327697753906,1.0,239.28831481933594,231.98574829101562,1.0,208.2466278076172,210.7235107421875,1.0,190.1201934814453,208.590087890625,1.0,253.4353790283203,219.61070251464844,1.0,266.25421142578125,223.31243896484375,1.0,236.29864501953125,254.67578125,1.0,198.81088256835938,260.7862243652344,1.0,255.59947204589844,269.3135986328125,1.0
811,239.61178588867188,194.59974670410156,1.0,240.7903594970703,231.8489990234375,1.0,209.09820556640625,210.44351196289062,1.0,191.113525390625,207.8560028076172,1.0,253.98756408691406,219.3077392578125,1.0,266.9281311035156,222.9071502685547,1.0,237.75465393066406,253.9503936767578,1.0,200.49905395507812,260.8232116699219,1.0,257.0009765625,269.1950378417969,1.0
812,240.56951904296875,194.47511291503906,1.0,241.73007202148438,231.20223999023438,1.0,210.10659790039062,210.423095703125,1.0,192.03968811035156,208.14622497558594,1.0,254.79766845703125,219.42526245117188,1.0,267.3711242675781,222.83425903320312,1.0,238.828369140625,253.32684326171875,1.0,201.4036102294922,260.79864501953125,1.0,257.9479675292969,268.6026916503906,1.0
813,241.1297607421875,194.34771728515625,1.0,242.17701721191406,230.806396484375,1.0,209.5203399658203,210.37330627441406,1.0,192.14012145996094,207.9470977783203,1.0,255.2211456298828,219.48666381835938,1.0,267.5819091796875,223.0894775390625,1.0,239.5123291015625,253.27432250976562,1.0,201.88673400878906,260.78497314453125,1.0,258.72552490234375,268.5954895019531,1.0
814,241.22608947753906,194.24893188476562,1.0,242.4906463623047,230.05245971679688,1.0,209.61093139648438,210.4309844970703,1.0,192.20359802246094,208.15667724609375,1.0,255.97476196289062,218.81533813476562,1.0,268.06402587890625,222.99215698242188,1.0,240.01345825195312,253.08460998535156,1.0,202.647705078125,260.7939453125,1.0,259.9552001953125,268.45550537109375,1.0
815,237.99029541015625,194.81886291503906,1.0,243.68580627441406,230.72512817382812,1.0,208.89752197265625,214.56698608398438,1.0,192.11093139648438,213.49850463867188,1.0,254.85804748535156,216.75189208984375,1.0,266.9378662109375,219.95602416992188,1.0,243.95962524414062,254.44313049316406,1.0,204.99874877929688,264.99285888671875,1.0,263.62664794921875,267.1285705566406,1.0
816,229.2831268310547,196.6727752685547,1.0,241.44882202148438,230.13050842285156,1.0,202.59042358398438,217.8734588623047,1.0,185.85751342773438,219.58700561523438,1.0,248.98597717285156,212.44223022460938,1.0,259.1448974609375,213.53387451171875,1.0,244.58450317382812,253.99708557128906,1.0,206.8169708251953,270.5992736816406,1.0,264.82403564453125,263.0128173828125,1.0
817,227.50274658203125,197.19766235351562,1.0,240.60562133789062,230.75509643554688,1.0,200.8023681640625,218.7809295654297,1.0,183.93641662597656,220.3350830078125,1.0,247.32363891601562,211.97740173339844,1.0,257.2957763671875,212.70608520507812,1.0,243.70274353027344,254.18792724609375,1.0,206.5191192626953,270.7984924316406,1.0,263.7434997558594,262.4517517089844,1.0
818,227.09535217285156,197.4581756591797,1.0,240.31723022460938,231.08132934570312,1.0,200.4584197998047,218.99664306640625,1.0,183.72674560546875,221.039306640625,1.0,246.83493041992188,212.0137481689453,1.0,257.3719177246094,213.11505126953125,1.0,243.69869995117188,254.25694274902344,1.0,206.85409545898438,271.4085388183594,1.0,263.79083251953125,263.0981750488281,1.0
819,227.03717041015625,197.84722900390625,1.0,240.155029296875,231.2633819580078,1.0,200.32386779785156,219.19093322753906,1.0,183.73548889160156,221.29811096191406,1.0,246.8348846435547,211.9942626953125,1.0,257.7666015625,213.10646057128906,1.0,243.7415313720703,254.00711059570312,1.0,207.32972717285156,271.7904357910156,1.0,264.1127624511719,263.1271057128906,1.0
820,226.75872802734375,197.47886657714844,1.0,239.96163940429688,231.0758819580078,1.0,199.6822509765625,219.39425659179688,1.0,183.65614318847656,220.82980346679688,1.0,246.7196807861328,211.76551818847656,1.0,257.07965087890625,212.4507293701172,1.0,243.84671020507812,254.0390625,1.0,207.31683349609375,271.8965759277344,1.0,264.37896728515625,262.93658447265625,1.0
821,225.09959411621094,196.57089233398438,1.0,239.73382568359375,231.0044403076172,1.0,198.4329071044922,219.5377960205078,1.0,182.2787628173828,222.4512176513672,1.0,246.11814880371094,211.85610961914062,1.0,256.4772033691406,212.51478576660156,1.0,243.63694763183594,254.52349853515625,1.0,207.5239715576172,272.2098693847656,1.0,263.9263610839844,262.813720703125,1.0
822,224.5205078125,196.35125732421875,1.0,239.5319061279297,231.1700897216797,1.0,198.1469268798828,219.80838012695312,1.0,182.0865478515625,221.5088348388672,1.0,245.51026916503906,211.65731811523438,1.0,256.4996643066406,212.30995178222656,1.0,243.72645568847656,254.3177032470703,1.0,207.27325439453125,272.2323303222656,1.0,264.09661865234375,262.29022216796875,1.0
823,223.916259765625,196.27381896972656,1.0,239.14364624023438,231.08641052246094,1.0,197.8296661376953,219.99673461914062,1.0,181.76124572753906,221.6641082763672,1.0,244.88804626464844,211.3856964111328,1.0,255.8695831298828,212.0173797607422,1.0,243.25531005859375,254.5041046142578,1.0,207.2519989013672,272.1653747558594,1.0,264.0505065917969,262.18365478515625,1.0
824,223.38504028320312,196.3282470703125,1.0,238.67872619628906,230.962890625,1.0,197.33670043945312,219.85125732421875,1.0,181.33151245117188,221.67137145996094,1.0,244.26927185058594,210.93356323242188,1.0,255.5307159423828,211.66554260253906,1.0,242.92166137695312,254.35647583007812,1.0,206.17376708984375,271.9400329589844,1.0,263.9292907714844,261.8136901855469,1.0
825,221.5717315673828,196.59780883789062,1.0,237.93243408203125,232.0184783935547,1.0,196.91650390625,220.6791229248047,1.0,181.18341064453125,222.7344970703125,1.0,243.5176239013672,211.28219604492188,1.0,255.21620178222656,211.15345764160156,1.0,242.46078491210938,255.11009216308594,1.0,205.48350524902344,272.0963439941406,1.0,263.8179931640625,261.6973876953125,1.0
826,219.89398193359375,196.69186401367188,1.0,236.01516723632812,231.9036102294922,0.9999998807907104,195.5076904296875,221.9038848876953,1.0,179.44097900390625,223.9921112060547,1.0,241.86758422851562,210.93972778320312,1.0,253.79429626464844,209.16041564941406,1.0,240.9620361328125,256.207275390625,1.0,204.1001434326172,272.5810546875,1.0,262.12969970703125,261.3854064941406,1.0
827,218.9794464111328,197.64732360839844,1.0,235.15554809570312,232.25975036621094,1.0,194.63250732421875,222.2283172607422,1.0,178.67080688476562,224.07716369628906,1.0,241.40989685058594,211.64369201660156,1.0,252.90306091308594,209.22335815429688,1.0,240.06678771972656,255.77247619628906,1.0,203.4020538330078,273.05718994140625,1.0,261.1689453125,261.6089782714844,1.0
828,218.68560791015625,197.88980102539062,1.0,233.76849365234375,232.2751007080078,0.9999998807907104,194.59164428710938,222.379150390625,1.0,178.55963134765625,224.1279754638672,1.0,240.49896240234375,211.57106018066406,1.0,252.2080078125,209.1649169921875,1.0,239.11402893066406,255.95777893066406,1.0,203.13995361328125,273.58099365234375,1.0,261.0023498535156,261.3131408691406,1.0
829,218.077392578125,197.9225311279297,1.0,234.26596069335938,232.67501831054688,0.9999998807907104,194.44630432128906,222.21006774902344,1.0,178.23095703125,224.32534790039062,1.0,240.2969207763672,211.68246459960938,1.0,251.95333862304688,209.24737548828125,1.0,238.9391632080078,256.39215087890625,1.0,202.9960479736328,273.5037536621094,1.0,260.8725891113281,261.3516845703125,1.0
830,217.85989379882812,197.44239807128906,1.0,234.10231018066406,232.98416137695312,0.9999998807907104,194.21292114257812,222.3515167236328,1.0,178.0862274169922,224.74151611328125,1.0,240.3560333251953,211.53457641601562,1.0,251.71084594726562,209.26644897460938,1.0,239.4371795654297,256.82122802734375,1.0,202.5653533935547,273.3055419921875,1.0,260.8985900878906,261.3187255859375,1.0
831,217.42718505859375,198.84068298339844,1.0,233.44595336914062,232.73138427734375,0.9999998807907104,193.68832397460938,223.0160675048828,1.0,177.40924072265625,225.41134643554688,1.0,239.59349060058594,211.40573120117188,1.0,251.06130981445312,208.79197692871094,1.0,239.2386932373047,256.84814453125,1.0,202.72418212890625,273.8005065917969,1.0,260.69293212890625,260.8688659667969,1.0
832,215.86814880371094,199.15130615234375,1.0,232.24777221679688,232.1635284423828,1.0,191.7846221923828,223.5107879638672,1.0,175.5772247314453,226.5258026123047,1.0,238.2409210205078,210.7611083984375,1.0,249.9304656982422,208.714599609375,1.0,238.20787048339844,256.23211669921875,1.0,202.08966064453125,274.1828308105469,1.0,260.0328674316406,260.01727294921875,1.0
833,214.14305114746094,199.81004333496094,1.0,230.94219970703125,232.43727111816406,1.0,190.85519409179688,223.95962524414062,1.0,175.17742919921875,226.99581909179688,1.0,236.15037536621094,210.40061950683594,1.0,247.25709533691406,207.69488525390625,1.0,238.0218505859375,256.42041015625,1.0,201.43777465820312,274.5537109375,1.0,259.26068115234375,259.2497253417969,1.0
834,213.8256072998047,200.01243591308594,1.0,230.5764923095703,232.37527465820312,1.0,190.4679412841797,224.1127471923828,1.0,174.09811401367188,227.5198974609375,1.0,235.31219482421875,210.09600830078125,1.0,246.20730590820312,207.12741088867188,1.0,237.79502868652344,256.4894104003906,1.0,201.0849151611328,274.3835144042969,1.0,259.15985107421875,258.4227294921875,1.0
835,211.59298706054688,200.1617889404297,1.0,229.2123565673828,232.1044921875,1.0,189.42124938964844,224.20144653320312,1.0,173.19789123535156,227.6691436767578,1.0,234.5541534423828,208.4806671142578,1.0,244.85043334960938,205.79922485351562,1.0,236.0216064453125,256.1591491699219,1.0,201.27772521972656,274.1784973144531,1.0,258.0814514160156,257.5409240722656,1.0
836,211.78480529785156,199.4795379638672,1.0,228.93788146972656,230.16441345214844,1.0,188.37062072753906,223.67140197753906,1.0,172.06971740722656,227.65017700195312,1.0,233.0176239013672,207.07662963867188,1.0,243.4835205078125,204.32350158691406,1.0,236.94467163085938,252.62893676757812,1.0,200.72991943359375,272.524658203125,0.9999998807907104,258.03472900390625,255.21910095214844,0.9999998807907104
837,211.3645477294922,198.37867736816406,1.0,228.84536743164062,229.7193603515625,1.0,188.39224243164062,223.43453979492188,1.0,172.2631378173828,227.56011962890625,1.0,232.31298828125,206.59765625,1.0,242.645751953125,203.7329864501953,1.0,237.37391662597656,252.0458221435547,1.0,201.0641632080078,272.5372619628906,0.9999998807907104,258.47320556640625,254.45106506347656,1.0
838,211.26779174804688,198.98509216308594,1.0,229.11749267578125,229.52764892578125,1.0,188.83761596679688,223.63636779785156,1.0,172.74205017089844,227.57044982910156,1.0,232.70169067382812,206.6287384033203,1.0,243.04696655273438,203.59628295898438,1.0,237.66470336914062,251.84584045410156,1.0,201.86917114257812,272.5644226074219,1.0,258.6089172363281,254.59674072265625,1.0
839,211.76010131835938,199.15774536132812,1.0,229.96575927734375,229.93630981445312,1.0,189.59996032714844,224.1324005126953,1.0,173.21737670898438,228.1297149658203,1.0,232.94326782226562,206.69862365722656,1.0,243.12857055664062,203.40432739257812,1.0,238.1942596435547,252.36956787109375,1.0,202.9966278076172,272.65289306640625,1.0,259.0091247558594,254.66336059570312,0.9999998807907104
840,212.62193298339844,199.51966857910156,1.0,230.43011474609375,229.3209228515625,1.0,189.88140869140625,223.76510620117188,1.0,174.40708923339844,227.70851135253906,1.0,233.33668518066406,206.8115692138672,1.0,243.46372985839844,203.8798370361328,1.0,238.73667907714844,251.96034240722656,1.0,203.61033630371094,272.3256530761719,1.0,259.1579895019531,254.74964904785156,1.0
841,212.74697875976562,199.38253784179688,1.0,230.65631103515625,229.2482147216797,1.0,190.1340789794922,223.92652893066406,1.0,175.00071716308594,227.89224243164062,1.0,233.75155639648438,206.5717315673828,1.0,243.71180725097656,203.8053741455078,1.0,239.10691833496094,252.1313934326172,1.0,204.022216796875,272.9017639160156,1.0,259.6905517578125,254.83731079101562,1.0
842,212.95738220214844,198.97145080566406,1.0,231.11270141601562,228.70774841308594,1.0,190.27874755859375,223.92784118652344,1.0,174.8934783935547,227.9873504638672,1.0,234.06573486328125,206.53892517089844,1.0,243.8516387939453,203.7770538330078,1.0,239.48838806152344,251.75450134277344,1.0,204.0565948486328,272.6549377441406,1.0,260.0249328613281,254.39678955078125,1.0
843,213.32655334472656,198.84405517578125,1.0,231.3356170654297,228.8845977783203,1.0,190.47557067871094,223.9232635498047,1.0,175.0050506591797,227.94943237304688,1.0,234.04638671875,206.74835205078125,1.0,243.7381591796875,203.6485137939453,1.0,239.81747436523438,251.6913604736328,1.0,204.75323486328125,272.8297119140625,1.0,260.0579528808594,254.61045837402344,1.0
844,213.9467010498047,198.3603973388672,1.0,232.57835388183594,228.16796875,1.0,190.84829711914062,223.59751892089844,1.0,175.8675994873047,228.0208740234375,1.0,234.89039611816406,206.43394470214844,1.0,243.95602416992188,203.50315856933594,1.0,240.53089904785156,250.44268798828125,1.0,206.13636779785156,272.59649658203125,0.9999998807907104,260.69183349609375,254.28973388671875,0.9999998807907104
845,214.8548126220703,198.1127471923828,1.0,233.322998046875,228.0836944580078,1.0,191.46339416503906,223.46807861328125,1.0,175.95193481445312,227.88189697265625,1.0,235.41421508789062,206.4176025390625,1.0,244.4225311279297,203.62203979492188,1.0,241.0648193359375,250.52210998535156,1.0,206.44009399414062,272.25091552734375,0.9999998807907104,261.0388488769531,254.5854949951172,0.9999998807907104
846,215.12918090820312,197.76028442382812,1.0,233.6435546875,227.72999572753906,0.9999998807907104,191.64892578125,223.20423889160156,1.0,176.45413208007812,227.7984619140625,1.0,235.7769317626953,206.17071533203125,1.0,244.6600341796875,203.44485473632812,1.0,241.75193786621094,250.01258850097656,1.0,206.79295349121094,272.38134765625,0.9999998807907104,261.3269348144531,254.42501831054688,0.9999998807907104
847,215.53646850585938,197.40870666503906,1.0,233.9321746826172,227.90155029296875,0.9999998807907104,191.86691284179688,223.05018615722656,1.0,176.47882080078125,227.8670654296875,1.0,236.02243041992188,206.4063262939453,1.0,244.8186492919922,203.509521484375,1.0,242.07176208496094,250.06472778320312,1.0,206.70506286621094,272.3437194824219,0.9999998807907104,261.693603515625,254.2805938720703,0.9999998807907104
848,215.7563934326172,197.78811645507812,1.0,234.2042999267578,228.09991455078125,0.9999998807907104,191.9890899658203,222.98660278320312,1.0,176.53115844726562,227.7455291748047,1.0,236.1416473388672,206.44789123535156,1.0,244.92433166503906,203.525634765625,1.0,242.26901245117188,250.07382202148438,1.0,206.9066162109375,272.44830322265625,0.9999998807907104,261.71441650390625,254.109375,0.9999998807907104
849,216.00013732910156,197.74356079101562,1.0,234.24392700195312,227.8814697265625,0.9999998807907104,192.24392700195312,222.85142517089844,1.0,176.7550506591797,227.7134552001953,1.0,236.22909545898438,206.51100158691406,1.0,244.93846130371094,203.21792602539062,1.0,242.4571533203125,250.235595703125,1.0,207.11619567871094,272.46844482421875,0.9999997615814209,262.1082458496094,254.2547607421875,0.9999997615814209
850,215.8838348388672,197.78497314453125,1.0,234.318603515625,228.09042358398438,0.9999998807907104,192.302734375,222.78150939941406,1.0,176.97421264648438,227.6862030029297,1.0,236.2687225341797,206.70831298828125,1.0,244.96749877929688,203.3544921875,1.0,242.54930114746094,250.18441772460938,1.0,207.27809143066406,272.36309814453125,0.9999997615814209,262.1550598144531,253.8775634765625,0.9999997615814209
851,215.98028564453125,198.01809692382812,1.0,234.31362915039062,228.25648498535156,0.9999998807907104,192.49771118164062,222.74722290039062,1.0,177.1518096923828,227.60287475585938,1.0,236.17359924316406,206.59979248046875,1.0,244.97727966308594,203.1977081298828,1.0,242.60914611816406,250.41226196289062,1.0,207.21746826171875,272.3152770996094,0.9999997615814209,262.2187194824219,253.86016845703125,0.9999997615814209
852,216.27403259277344,198.0701446533203,1.0,234.63914489746094,227.88233947753906,0.9999998807907104,192.6486358642578,222.61978149414062,1.0,177.51455688476562,227.7030029296875,1.0,235.25889587402344,206.77716064453125,1.0,245.2137451171875,203.19276428222656,1.0,242.80906677246094,250.31590270996094,1.0,207.63841247558594,272.6417541503906,0.9999997615814209,262.1537170410156,254.22996520996094,0.9999997615814209
853,216.4021759033203,197.99794006347656,1.0,234.5505828857422,228.07119750976562,0.9999998807907104,192.49383544921875,222.92332458496094,1.0,177.27627563476562,227.7807159423828,1.0,235.1913299560547,206.824951171875,1.0,245.3036651611328,203.22805786132812,1.0,242.71502685546875,250.4691162109375,1.0,207.56655883789062,272.579345703125,0.9999997615814209,262.17816162109375,254.19761657714844,0.9999997615814209
854,216.1688995361328,198.4445037841797,1.0,234.5201416015625,228.3507843017578,0.9999998807907104,192.67892456054688,223.53591918945312,1.0,177.2078399658203,227.9781036376953,1.0,235.156005859375,207.0349884033203,1.0,245.357666015625,203.50631713867188,1.0,242.51023864746094,251.32664489746094,1.0,207.32118225097656,272.65423583984375,0.9999998807907104,262.2358703613281,254.74842834472656,0.9999996423721313
855,216.4954376220703,198.5714874267578,1.0,234.38002014160156,228.5303497314453,0.9999998807907104,192.58251953125,223.64573669433594,1.0,177.06204223632812,228.1540069580078,1.0,235.31202697753906,207.28683471679688,1.0,245.52523803710938,203.69163513183594,1.0,242.39932250976562,251.09280395507812,1.0,207.026611328125,272.60919189453125,0.9999998807907104,261.8665771484375,255.78335571289062,0.9999995231628418
856,216.601806640625,198.8087615966797,1.0,233.93031311035156,227.6790313720703,1.0,192.69659423828125,223.8833465576172,1.0,177.0127716064453,228.1149139404297,1.0,235.56103515625,207.54107666015625,1.0,245.64215087890625,203.85165405273438,1.0,242.2650146484375,251.06997680664062,1.0,206.98143005371094,273.31854248046875,1.0,261.94281005859375,255.69735717773438,0.9999996423721313
857,215.9562225341797,199.30320739746094,1.0,233.80010986328125,229.43496704101562,0.9999998807907104,191.94110107421875,223.78758239746094,1.0,176.69456481933594,228.39822387695312,1.0,236.15927124023438,207.32264709472656,1.0,245.26539611816406,203.96060180664062,1.0,241.3201141357422,251.64414978027344,1.0,206.47055053710938,273.3400573730469,1.0,261.3432312011719,256.2748718261719,0.9999998807907104
858,214.90135192871094,199.5054931640625,1.0,232.88088989257812,229.73216247558594,1.0,191.41070556640625,224.11557006835938,1.0,175.45663452148438,228.3434295654297,1.0,235.70994567871094,207.28326416015625,1.0,245.03836059570312,203.5379180908203,1.0,240.44586181640625,252.08287048339844,1.0,206.16961669921875,273.3490295410156,1.0,260.4691467285156,256.3229064941406,0.9999998807907104
859,214.00843811035156,199.31643676757812,1.0,232.4365692138672,229.4149932861328,1.0,190.7025604248047,224.10943603515625,1.0,174.76539611816406,228.3424530029297,1.0,234.95237731933594,206.9672088623047,1.0,244.66966247558594,203.67098999023438,1.0,240.01812744140625,251.92735290527344,1.0,205.65447998046875,273.3914489746094,1.0,259.58349609375,256.0511474609375,0.9999998807907104
860,213.49110412597656,199.49002075195312,1.0,232.2758331298828,229.2036895751953,1.0,190.14503479003906,224.53335571289062,1.0,174.45431518554688,228.7206268310547,1.0,234.30458068847656,206.8669891357422,1.0,244.0755157470703,203.9671630859375,1.0,241.14688110351562,252.71011352539062,0.9999998807907104,205.25421142578125,273.6162414550781,1.0,259.9496765136719,256.0007629394531,0.9999998807907104
861,213.0482177734375,199.72003173828125,1.0,231.56251525878906,229.0323486328125,1.0,189.885986328125,224.3636474609375,1.0,174.40426635742188,228.34646606445312,1.0,234.0758056640625,207.25927734375,1.0,243.61749267578125,204.30056762695312,1.0,239.957275390625,252.57489013671875,1.0,204.48751831054688,273.5438232421875,1.0,259.20318603515625,256.1543273925781,0.9999998807907104
862,213.7297821044922,198.23062133789062,1.0,232.18858337402344,227.71884155273438,1.0,189.99514770507812,222.9870147705078,1.0,174.02171325683594,227.44313049316406,1.0,234.21731567382812,206.38465881347656,1.0,243.83273315429688,204.00379943847656,1.0,240.62942504882812,250.48374938964844,1.0,204.333984375,272.37750244140625,0.9999998807907104,259.61126708984375,256.2532958984375,1.0
863,217.63038635253906,193.11734008789062,0.9999997615814209,238.4225616455078,220.77015686035156,1.0,195.26609802246094,216.781494140625,1.0,178.53004455566406,221.3719482421875,1.0,237.86196899414062,203.87677001953125,1.0,245.66627502441406,202.6480255126953,1.0,246.60838317871094,244.91664123535156,1.0,209.07839965820312,269.549560546875,0.9999998807907104,262.7561340332031,252.09373474121094,0.9999984502792358
864,219.51663208007812,188.47628784179688,0.9999998807907104,240.6595458984375,217.32366943359375,0.9999998807907104,196.6327362060547,213.50189208984375,1.0,181.3237762451172,218.8763427734375,1.0,239.1442413330078,201.1066131591797,1.0,247.41343688964844,202.58811950683594,0.9999977350234985,249.7181854248047,241.5231475830078,1.0,211.61224365234375,265.0043029785156,1.0,264.7277526855469,250.27842712402344,0.9994774460792542
865,221.80247497558594,186.32553100585938,1.0,240.86590576171875,215.95806884765625,1.0,197.4353790283203,212.24583435058594,1.0,181.99459838867188,217.12840270996094,1.0,240.21592712402344,200.0478515625,1.0,248.107421875,201.369384765625,0.9999154806137085,250.6920623779297,238.91075134277344,1.0,212.2702178955078,263.3441467285156,1.0,265.067138671875,248.36318969726562,0.9987885355949402
866,222.63388061523438,185.95828247070312,0.9999998807907104,241.32200622558594,215.45481872558594,1.0,197.81019592285156,211.81324768066406,1.0,182.5550079345703,216.46900939941406,1.0,240.615966796875,200.11679077148438,1.0,248.35482788085938,201.8469696044922,0.9999194145202637,249.90444946289062,238.40354919433594,1.0,212.77455139160156,262.79095458984375,1.0,264.51715087890625,248.10890197753906,0.9995356798171997
867,222.92897033691406,186.01766967773438,0.9999998807907104,241.52175903320312,215.3850860595703,1.0,197.8925323486328,211.6732635498047,1.0,182.84547424316406,216.114990234375,1.0,240.7872314453125,200.19662475585938,1.0,248.26876831054688,201.873291015625,0.9999092817306519,250.79296875,238.29547119140625,1.0,212.60394287109375,262.5091552734375,1.0,264.68841552734375,247.85830688476562,0.99912029504776
868,220.59619140625,189.94894409179688,0.9999998807907104,240.178955078125,220.02529907226562,0.9999998807907104,195.1008758544922,215.750244140625,1.0,180.19480895996094,219.1652374267578,1.0,239.7099609375,204.34860229492188,0.9999998807907104,247.33956909179688,204.33026123046875,0.9999954700469971,247.59620666503906,243.4652862548828,1.0,209.10426330566406,267.8633728027344,1.0,261.917724609375,252.89547729492188,0.9999945163726807
869,217.57717895507812,194.1381072998047,1.0,233.4033660888672,223.15806579589844,1.0,191.720458984375,218.71820068359375,1.0,176.42388916015625,221.74864196777344,1.0,235.84580993652344,207.09213256835938,1.0,244.6688690185547,206.67257690429688,1.0,241.01882934570312,247.61399841308594,1.0,204.5415496826172,269.6737976074219,1.0,259.012451171875,255.08544921875,0.9999998807907104
870,215.24258422851562,196.1813201904297,1.0,231.3190460205078,224.8770751953125,1.0,189.8163604736328,220.12208557128906,1.0,174.26023864746094,223.0034942626953,1.0,234.90777587890625,207.0678253173828,1.0,243.59352111816406,206.93226623535156,1.0,239.4892578125,249.28179931640625,1.0,202.4454345703125,270.14752197265625,1.0,257.4623107910156,255.4772491455078,0.9999998807907104
871,213.37184143066406,197.01329040527344,1.0,230.06129455566406,226.23284912109375,1.0,189.46844482421875,220.9361572265625,1.0,172.98574829101562,223.77330017089844,1.0,233.650390625,207.95233154296875,1.0,242.59979248046875,206.68955993652344,1.0,238.74371337890625,249.9086151123047,1.0,202.07933044433594,270.8663635253906,1.0,257.0464172363281,255.84054565429688,0.9999998807907104
872,212.89659118652344,197.87290954589844,1.0,229.57269287109375,227.1001739501953,1.0,188.67247009277344,221.0955810546875,1.0,172.38160705566406,224.1623992919922,1.0,233.01913452148438,208.3004913330078,1.0,242.04701232910156,206.5950927734375,1.0,238.20204162597656,250.47222900390625,1.0,201.45468139648438,271.4764404296875,1.0,255.90692138671875,257.3234558105469,1.0
873,212.47323608398438,197.95458984375,1.0,229.160888671875,227.43008422851562,1.0,187.6749725341797,221.58193969726562,1.0,171.73928833007812,224.31222534179688,1.0,232.6631317138672,208.46408081054688,1.0,241.92645263671875,207.14210510253906,1.0,237.56314086914062,250.68907165527344,1.0,200.68466186523438,271.8414306640625,1.0,255.67503356933594,257.4251403808594,1.0
874,211.6951141357422,198.2822723388672,1.0,228.25172424316406,227.8617706298828,1.0,187.73171997070312,221.9770050048828,1.0,171.07481384277344,225.0045623779297,1.0,232.24957275390625,208.88955688476562,1.0,241.7616729736328,207.56886291503906,1.0,235.79335021972656,250.79525756835938,1.0,199.9447784423828,271.97540283203125,1.0,254.6898193359375,257.9963684082031,1.0
875,210.20396423339844,198.19956970214844,1.0,226.7457733154297,227.8399200439453,1.0,186.36163330078125,222.04859924316406,1.0,170.57095336914062,225.27931213378906,1.0,231.18896484375,208.87948608398438,1.0,241.1061248779297,207.49505615234375,1.0,234.30255126953125,251.61264038085938,1.0,198.52931213378906,272.0509948730469,1.0,253.94703674316406,258.26837158203125,1.0
876,208.00941467285156,197.6782989501953,1.0,225.51663208007812,228.53903198242188,1.0,184.80886840820312,221.87171936035156,1.0,168.93234252929688,225.86097717285156,1.0,229.78884887695312,208.7878875732422,1.0,240.5763397216797,207.28720092773438,1.0,232.53369140625,251.4266815185547,1.0,197.4150390625,271.67645263671875,1.0,252.71449279785156,258.078125,1.0
877,206.89517211914062,197.35635375976562,1.0,224.52427673339844,228.4258270263672,1.0,183.98797607421875,222.00469970703125,1.0,168.1313934326172,225.9306182861328,1.0,229.08221435546875,208.95323181152344,1.0,239.96368408203125,207.47865295410156,1.0,231.43804931640625,251.312255859375,1.0,195.7348175048828,271.1514892578125,1.0,251.80616760253906,257.5392761230469,1.0
878,206.335693359375,197.1708526611328,1.0,223.8975372314453,228.57398986816406,1.0,183.31712341308594,222.40481567382812,1.0,167.61270141601562,225.80369567871094,1.0,228.6701202392578,209.05859375,1.0,239.61306762695312,207.5968475341797,1.0,230.79959106445312,251.1785430908203,1.0,195.54403686523438,271.3694763183594,1.0,251.63455200195312,257.5047607421875,1.0
879,205.43524169921875,197.39755249023438,1.0,223.00357055664062,228.48410034179688,1.0,182.8985137939453,222.31666564941406,1.0,167.23289489746094,225.7314910888672,1.0,228.19540405273438,209.02273559570312,1.0,239.17149353027344,207.18923950195312,1.0,230.20431518554688,251.6099853515625,1.0,194.8970184326172,271.388671875,1.0,251.04806518554688,257.8972473144531,1.0
880,204.6393585205078,198.0778350830078,1.0,221.9581756591797,229.39404296875,1.0,182.1578369140625,222.67269897460938,1.0,166.39797973632812,225.83860778808594,1.0,227.60040283203125,209.5108184814453,1.0,239.1397247314453,207.48672485351562,1.0,228.77809143066406,251.93736267089844,1.0,194.70367431640625,272.3736267089844,1.0,250.27439880371094,257.5072021484375,1.0
881,204.45916748046875,198.9268798828125,1.0,221.4345245361328,230.2936248779297,1.0,181.09754943847656,222.99754333496094,1.0,165.30137634277344,226.71151733398438,1.0,226.900390625,210.2828826904297,1.0,238.7681121826172,207.8888397216797,1.0,228.07278442382812,253.074951171875,1.0,193.0059051513672,272.88006591796875,1.0,249.91738891601562,257.76611328125,1.0
882,203.8627166748047,198.6968231201172,1.0,221.1454620361328,230.36956787109375,1.0,180.61842346191406,223.02174377441406,1.0,164.9291229248047,226.6934051513672,1.0,227.33653259277344,209.57720947265625,1.0,238.33448791503906,207.8465576171875,1.0,227.69793701171875,253.74879455566406,1.0,192.596435546875,273.0299987792969,1.0,249.78297424316406,257.9527587890625,1.0
883,203.8936309814453,198.91036987304688,1.0,220.7222137451172,230.2956085205078,1.0,180.580078125,222.9379119873047,1.0,164.88369750976562,226.5905303955078,1.0,227.161865234375,209.71885681152344,1.0,238.15406799316406,207.78311157226562,1.0,227.1071014404297,253.57431030273438,1.0,192.14332580566406,272.9571838378906,1.0,248.9630584716797,257.8779602050781,1.0
884,203.4794921875,199.484375,1.0,220.6322784423828,230.78070068359375,1.0,180.6060791015625,223.21572875976562,1.0,164.79238891601562,226.6084442138672,1.0,226.77381896972656,210.0447998046875,1.0,238.04733276367188,207.70159912109375,1.0,227.03317260742188,253.7841796875,1.0,192.12977600097656,273.24676513671875,1.0,248.94834899902344,257.9771728515625,1.0
885,203.7541961669922,199.07138061523438,1.0,220.75369262695312,230.84674072265625,1.0,180.6387176513672,223.10308837890625,1.0,164.76873779296875,226.6076202392578,1.0,226.9138946533203,209.9032745361328,1.0,237.9642333984375,207.62998962402344,1.0,227.2022705078125,253.98748779296875,1.0,192.30325317382812,273.4501953125,1.0,249.06871032714844,257.8016662597656,1.0
886,203.27450561523438,199.74351501464844,1.0,220.8294219970703,231.11045837402344,1.0,180.50927734375,223.28964233398438,1.0,164.6148681640625,226.80435180664062,1.0,226.66009521484375,210.03663635253906,1.0,237.921875,207.7314453125,1.0,227.15646362304688,254.20980834960938,1.0,192.12481689453125,273.6068115234375,1.0,249.1761016845703,258.122314453125,1.0
887,201.99644470214844,200.07167053222656,0.9999998807907104,220.0549774169922,231.9921112060547,1.0,179.250732421875,224.33921813964844,1.0,163.9226531982422,227.68783569335938,1.0,226.03424072265625,210.91531372070312,1.0,237.8511962890625,208.17645263671875,1.0,226.57676696777344,254.90631103515625,1.0,191.62828063964844,274.5152587890625,1.0,249.23709106445312,258.95654296875,1.0
888,200.49581909179688,201.7722930908203,0.9999998807907104,216.57424926757812,235.10260009765625,1.0,176.62001037597656,225.0240478515625,1.0,161.8302001953125,228.7701873779297,1.0,223.08750915527344,211.99554443359375,1.0,235.06422424316406,208.79702758789062,1.0,222.23382568359375,255.94741821289062,1.0,189.27395629882812,274.5352783203125,1.0,246.05255126953125,260.4405822753906,1.0
889,198.29119873046875,201.9238739013672,1.0,214.17257690429688,233.62648010253906,1.0,175.56919860839844,225.42237854003906,1.0,160.4065704345703,229.01315307617188,1.0,221.1406707763672,211.20193481445312,1.0,233.2709503173828,208.2637481689453,1.0,220.59791564941406,254.9788055419922,1.0,186.68385314941406,274.6066589355469,1.0,244.33204650878906,260.7972412109375,1.0
890,196.7476043701172,202.30416870117188,1.0,212.0929412841797,233.62759399414062,1.0,174.6080780029297,225.22706604003906,1.0,159.0373992919922,229.3253936767578,1.0,219.92408752441406,211.32203674316406,1.0,232.19366455078125,208.5331268310547,1.0,218.7235107421875,254.53952026367188,1.0,185.93582153320312,274.6706237792969,1.0,243.3198699951172,260.48681640625,1.0
891,196.3645782470703,202.76902770996094,1.0,211.58724975585938,234.17489624023438,1.0,173.74893188476562,225.5222625732422,1.0,158.36520385742188,229.1712188720703,1.0,219.5961456298828,211.85519409179688,1.0,232.2237091064453,208.63681030273438,1.0,218.19827270507812,255.2210693359375,1.0,185.2030487060547,274.82183837890625,1.0,242.55859375,261.1334228515625,1.0
892,194.39349365234375,203.2733917236328,1.0,209.91770935058594,236.25250244140625,1.0,172.18423461914062,226.4784698486328,1.0,157.33349609375,230.5523223876953,1.0,218.02684020996094,212.52120971679688,1.0,231.16546630859375,208.84571838378906,1.0,216.3262176513672,257.28985595703125,1.0,183.8385009765625,276.0577087402344,1.0,241.39480590820312,261.0929260253906,1.0
893,192.52281188964844,203.80538940429688,1.0,207.92315673828125,238.26080322265625,1.0,170.9724884033203,226.7521209716797,1.0,155.52008056640625,230.60183715820312,1.0,216.70230102539062,212.5818328857422,1.0,229.7180633544922,209.52651977539062,1.0,214.85122680664062,258.1528015136719,1.0,182.52963256835938,276.5237121582031,1.0,239.9270477294922,261.00958251953125,1.0
894,192.13577270507812,204.17962646484375,0.9999998807907104,207.2952880859375,238.43948364257812,1.0,170.5574188232422,227.1925811767578,1.0,154.84329223632812,230.9481658935547,1.0,216.25559997558594,212.5251922607422,1.0,229.136962890625,209.67001342773438,1.0,213.2350311279297,258.2438659667969,1.0,182.38943481445312,276.516357421875,1.0,238.97640991210938,261.33416748046875,1.0
895,191.18650817871094,203.25164794921875,0.9999998807907104,206.8185577392578,238.36709594726562,1.0,170.09707641601562,227.45004272460938,1.0,154.16888427734375,230.91490173339844,1.0,216.4405517578125,212.5382843017578,1.0,229.07887268066406,209.44979858398438,1.0,212.7651824951172,258.3719787597656,1.0,181.44114685058594,276.2295227050781,1.0,238.53469848632812,261.4953308105469,1.0
896,190.2640380859375,203.93478393554688,0.9999998807907104,206.4785614013672,238.76429748535156,1.0,169.1686553955078,228.31153869628906,1.0,153.47216796875,231.8336944580078,1.0,215.267822265625,213.22198486328125,1.0,228.15599060058594,210.6085968017578,1.0,212.43057250976562,258.6481628417969,1.0,180.57846069335938,276.87646484375,1.0,238.0683135986328,261.5024108886719,1.0
897,186.2591552734375,207.25143432617188,1.0,202.6885528564453,240.20150756835938,1.0,166.3131866455078,229.91656494140625,1.0,151.62168884277344,233.97216796875,1.0,212.89654541015625,215.14137268066406,1.0,225.37301635742188,209.54249572753906,1.0,209.7238311767578,262.76641845703125,1.0,179.52955627441406,279.0130310058594,1.0,235.84262084960938,261.8038635253906,1.0
898,185.6377410888672,209.43460083007812,0.9999998807907104,200.53684997558594,241.50839233398438,1.0,164.94586181640625,231.29507446289062,1.0,149.52545166015625,234.7509002685547,1.0,211.50900268554688,215.42337036132812,1.0,223.74620056152344,209.99441528320312,1.0,206.8973846435547,263.8239440917969,1.0,177.19589233398438,280.76849365234375,1.0,234.41845703125,262.8040771484375,1.0
899,184.1563720703125,209.35498046875,1.0,198.7624969482422,241.66854858398438,1.0,163.59750366210938,231.93069458007812,1.0,148.78396606445312,234.99270629882812,1.0,210.2976531982422,216.57183837890625,1.0,223.37136840820312,211.1005859375,1.0,205.74998474121094,264.9876403808594,1.0,176.1583251953125,281.39202880859375,0.9999998807907104,231.9642791748047,264.3140563964844,1.0
900,183.11183166503906,209.26382446289062,1.0,197.64144897460938,242.2325439453125,1.0,163.31346130371094,231.86544799804688,1.0,147.58290100097656,235.4123992919922,1.0,209.01571655273438,217.28988647460938,1.0,222.57516479492188,211.55496215820312,1.0,204.99114990234375,265.13812255859375,1.0,174.0908203125,281.4607238769531,0.9999998807907104,230.90821838378906,264.76947021484375,1.0
901,182.47621154785156,209.92062377929688,1.0,196.66851806640625,242.67942810058594,1.0,162.9307098388672,232.16033935546875,1.0,147.25222778320312,235.42535400390625,1.0,208.33642578125,217.93490600585938,1.0,221.996826171875,211.85533142089844,1.0,203.6624298095703,265.48577880859375,1.0,172.3115997314453,281.7071838378906,1.0,230.17715454101562,265.7696838378906,1.0
902,182.08203125,210.3072509765625,1.0,196.06211853027344,242.95254516601562,1.0,162.4354248046875,232.45130920410156,1.0,146.4544219970703,235.50558471679688,1.0,207.7849884033203,218.0341033935547,1.0,221.31576538085938,212.0644989013672,1.0,202.93496704101562,266.0135192871094,1.0,171.7020721435547,281.96563720703125,0.9999998807907104,229.23399353027344,266.2788391113281,1.0
903,181.94761657714844,210.7008514404297,1.0,195.87881469726562,243.07337951660156,1.0,162.04420471191406,232.64761352539062,1.0,146.30519104003906,235.66473388671875,1.0,207.68199157714844,218.59165954589844,1.0,221.1070556640625,212.85153198242188,1.0,202.8822479248047,266.05950927734375,1.0,171.30001831054688,282.4058837890625,1.0,228.92782592773438,266.60186767578125,1.0
904,183.8362579345703,212.33743286132812,1.0,195.97061157226562,245.16845703125,1.0,162.9467010498047,234.05401611328125,1.0,146.61085510253906,235.9693145751953,1.0,208.9808349609375,220.7892608642578,1.0,222.4483642578125,213.36021423339844,1.0,203.9211883544922,266.51458740234375,1.0,171.39308166503906,283.3900451660156,1.0,228.74920654296875,268.4599304199219,1.0
905,183.63743591308594,213.2604217529297,1.0,196.21629333496094,247.0843963623047,1.0,163.2288360595703,234.60816955566406,1.0,147.37625122070312,236.63250732421875,1.0,209.39881896972656,222.13259887695312,1.0,222.70716857910156,213.89227294921875,1.0,202.8852996826172,268.07525634765625,1.0,171.4661407470703,283.70452880859375,1.0,228.65469360351562,268.9706726074219,1.0
906,184.59732055664062,213.9820556640625,1.0,196.6654815673828,247.81336975097656,1.0,163.3894805908203,234.89891052246094,1.0,147.79940795898438,236.56613159179688,1.0,209.8699951171875,221.8981170654297,1.0,223.00221252441406,214.4971466064453,1.0,202.74964904785156,268.6779479980469,1.0,171.1361541748047,283.531982421875,1.0,229.03408813476562,270.3473815917969,1.0
907,185.3829803466797,213.6732940673828,1.0,197.26019287109375,248.13998413085938,1.0,163.89720153808594,234.9015655517578,1.0,148.25045776367188,236.43673706054688,1.0,210.3450469970703,222.2447967529297,1.0,223.27041625976562,215.46023559570312,1.0,202.84132385253906,268.8104248046875,1.0,171.08226013183594,283.3399963378906,1.0,229.58570861816406,271.73480224609375,1.0
908,185.83067321777344,215.21546936035156,1.0,198.8258514404297,249.85032653808594,1.0,164.40084838867188,235.8802490234375,1.0,149.03489685058594,237.3641357421875,1.0,211.33291625976562,223.5275421142578,1.0,224.04403686523438,216.8126220703125,1.0,204.1179656982422,269.3956298828125,1.0,171.28121948242188,283.5884704589844,1.0,230.42210388183594,272.9022216796875,1.0
909,187.424072265625,215.50047302246094,1.0,199.99285888671875,251.2270050048828,1.0,165.4200897216797,236.96188354492188,1.0,149.86036682128906,237.66744995117188,1.0,212.9623260498047,225.32301330566406,1.0,225.86488342285156,218.35791015625,1.0,204.79718017578125,271.0823059082031,1.0,171.9483184814453,284.2467041015625,1.0,230.64906311035156,274.6796875,1.0
910,188.47349548339844,216.10971069335938,1.0,200.654052734375,252.8491668701172,1.0,166.33726501464844,237.24200439453125,1.0,150.94851684570312,237.4051055908203,1.0,213.05267333984375,226.20713806152344,1.0,227.20887756347656,218.9120330810547,1.0,205.6550750732422,271.41314697265625,1.0,172.37757873535156,284.8555603027344,1.0,231.50682067871094,274.7460632324219,1.0
911,189.55422973632812,215.38717651367188,1.0,201.07456970214844,252.54379272460938,1.0,166.9940185546875,236.9288330078125,1.0,152.38401794433594,236.89111328125,1.0,213.76605224609375,226.1558380126953,1.0,227.66029357910156,219.60488891601562,1.0,205.6951904296875,271.46124267578125,1.0,172.99774169921875,284.97802734375,1.0,232.12400817871094,275.2711181640625,1.0
912,190.63052368164062,215.89590454101562,1.0,201.6436767578125,252.87867736816406,1.0,167.76942443847656,237.36807250976562,1.0,152.84576416015625,236.98622131347656,1.0,214.71226501464844,226.41546630859375,1.0,228.399658203125,219.6138916015625,1.0,205.69189453125,271.61053466796875,1.0,173.5766143798828,285.57415771484375,1.0,232.3516387939453,276.051025390625,1.0
913,191.25946044921875,216.58489990234375,1.0,202.02108764648438,253.3729705810547,1.0,168.020751953125,237.28427124023438,1.0,153.0410919189453,237.0620574951172,1.0,215.00128173828125,227.0496826171875,1.0,228.49740600585938,219.68284606933594,1.0,206.4337615966797,272.00054931640625,1.0,174.0773468017578,285.8371276855469,1.0,232.40513610839844,276.47332763671875,1.0
914,193.04388427734375,217.2047119140625,1.0,202.6375732421875,252.6986846923828,1.0,169.1812744140625,237.76844787597656,1.0,154.26930236816406,237.25515747070312,1.0,216.07327270507812,227.58314514160156,1.0,229.1917724609375,220.18795776367188,1.0,208.2124786376953,273.1746520996094,1.0,174.51553344726562,285.9972839355469,1.0,232.7417755126953,277.9751281738281,1.0
915,193.5520477294922,217.6730194091797,1.0,203.72531127929688,252.7472686767578,1.0,169.70835876464844,237.97683715820312,1.0,155.26307678222656,237.19375610351562,1.0,216.71133422851562,227.65855407714844,1.0,229.71502685546875,220.4879913330078,1.0,209.4040985107422,273.7874450683594,1.0,175.08041381835938,286.32464599609375,1.0,234.10287475585938,277.7091979980469,1.0
916,193.47293090820312,217.89930725097656,1.0,203.91943359375,253.15354919433594,1.0,169.54591369628906,237.99600219726562,1.0,155.07127380371094,237.3848876953125,1.0,216.9550018310547,227.54151916503906,1.0,230.02761840820312,220.70144653320312,1.0,209.42762756347656,273.84149169921875,1.0,175.35641479492188,286.4393310546875,1.0,234.20608520507812,277.8693542480469,1.0
917,193.01800537109375,218.1311798095703,1.0,204.15219116210938,253.2928009033203,1.0,169.06951904296875,237.8521728515625,1.0,154.98712158203125,237.4845428466797,1.0,216.76783752441406,227.57679748535156,1.0,229.9708251953125,220.69967651367188,1.0,209.58238220214844,274.26361083984375,1.0,175.5448455810547,286.4184875488281,1.0,233.9501953125,277.92376708984375,1.0
918,193.09188842773438,218.29498291015625,1.0,203.98951721191406,253.3278350830078,1.0,168.88861083984375,237.9835968017578,1.0,154.58909606933594,237.46890258789062,1.0,216.99510192871094,227.55191040039062,1.0,230.26419067382812,220.74179077148438,1.0,208.91018676757812,273.9748229980469,1.0,175.4027862548828,286.40167236328125,1.0,233.16897583007812,278.1236572265625,1.0
919,193.07077026367188,218.2598114013672,1.0,203.95742797851562,253.5811004638672,1.0,168.93939208984375,238.076416015625,1.0,154.56874084472656,237.52691650390625,1.0,216.61907958984375,227.70278930664062,1.0,229.93380737304688,220.69656372070312,1.0,209.24082946777344,274.2637634277344,1.0,175.0317840576172,286.3472900390625,1.0,233.88233947753906,277.8604736328125,1.0
920,192.86837768554688,218.27969360351562,1.0,203.91348266601562,253.70635986328125,1.0,168.9162139892578,238.0045166015625,1.0,154.46971130371094,237.68551635742188,1.0,216.5767059326172,227.70701599121094,1.0,229.9341583251953,220.99217224121094,1.0,209.2124481201172,274.2113342285156,1.0,175.28158569335938,286.438720703125,0.9999998807907104,233.81930541992188,278.0337829589844,1.0
921,198.73118591308594,223.63876342773438,0.9999998807907104,206.53334045410156,255.5532989501953,1.0,174.45448303222656,243.60142517089844,0.9945241212844849,156.45822143554688,239.0291748046875,1.0,219.05325317382812,233.26272583007812,1.0,230.85289001464844,224.7032470703125,1.0,211.819091796875,276.0604553222656,1.0,174.64817810058594,286.7014465332031,0.9999998807907104,233.2626495361328,281.535400390625,0.9999998807907104
922,210.5534210205078,224.8815460205078,1.0,216.34024047851562,255.80075073242188,0.9999998807907104,183.0963134765625,245.3204803466797,0.0030161249451339245,168.9556121826172,241.4628143310547,1.0,228.51010131835938,238.50918579101562,0.9999967813491821,238.1148223876953,229.79673767089844,1.0,219.66116333007812,276.5401306152344,1.0,181.66802978515625,286.9015808105469,1.0,239.65916442871094,283.3527526855469,1.0
923,218.3614501953125,226.35003662109375,0.9999998807907104,222.93377685546875,255.09744262695312,1.0,190.8037567138672,246.50326538085938,0.024541517719626427,174.73512268066406,240.8077850341797,1.0,233.0911865234375,240.95291137695312,0.9999880790710449,242.96803283691406,233.0412139892578,0.9999998807907104,225.88119506835938,277.3124694824219,1.0,185.9258575439453,286.4284973144531,0.9999998807907104,243.83274841308594,284.7241516113281,1.0
924,224.64173889160156,224.2176513671875,0.9999998807907104,230.60462951660156,257.263671875,1.0,196.7146453857422,243.50485229492188,0.9999113082885742,183.12603759765625,241.0858917236328,1.0,237.58253479003906,240.63394165039062,0.9999996423721313,249.3521728515625,233.022705078125,0.9999995231628418,233.06668090820312,279.2576599121094,1.0,193.07130432128906,286.0788269042969,0.9999997615814209,248.2942657470703,285.8708190917969,0.9999970197677612
925,231.8209228515625,226.2533416748047,1.0,236.88470458984375,257.1170349121094,1.0,201.63670349121094,242.04666137695312,1.0,186.58084106445312,238.5208282470703,1.0,244.66455078125,240.40943908691406,1.0,254.16619873046875,234.55368041992188,1.0,238.9144744873047,279.3243103027344,1.0,197.32791137695312,285.09112548828125,1.0,253.251953125,287.5201416015625,0.9999948740005493
926,234.48486328125,223.05926513671875,1.0,240.6624755859375,255.8737030029297,1.0,203.96376037597656,239.69140625,1.0,189.22943115234375,236.585693359375,1.0,247.37240600585938,238.57850646972656,1.0,256.73956298828125,234.71273803710938,1.0,241.84591674804688,280.1542663574219,1.0,199.87716674804688,284.62347412109375,0.9999998807907104,256.08367919921875,287.4823913574219,0.9999783039093018
927,237.76882934570312,221.2942657470703,1.0,244.1690673828125,255.91197204589844,1.0,205.9613494873047,239.1115264892578,1.0,191.79856872558594,236.4738006591797,1.0,250.1689910888672,238.06004333496094,1.0,259.7436828613281,233.79725646972656,1.0,245.9415740966797,282.1988220214844,1.0,203.08628845214844,284.20361328125,0.9999992847442627,259.1279296875,287.5972900390625,0.9963362216949463
928,239.155517578125,221.5519256591797,1.0,245.4915771484375,256.95294189453125,1.0,207.23965454101562,238.9077911376953,1.0,193.4188995361328,236.36544799804688,1.0,251.03138732910156,238.37351989746094,1.0,260.9446716308594,234.0286865234375,1.0,246.8510284423828,282.0546569824219,1.0,204.81185913085938,284.6309509277344,0.9999990463256836,260.1582946777344,287.5373229980469,0.9775910377502441
929,240.30410766601562,221.64219665527344,1.0,246.05142211914062,256.9462585449219,1.0,208.34596252441406,238.556396484375,1.0,193.90579223632812,236.3769989013672,1.0,251.8812255859375,238.34840393066406,1.0,261.625244140625,234.2235870361328,1.0,247.2152862548828,281.8905944824219,1.0,205.33177185058594,284.9830322265625,0.9999995231628418,261.1722106933594,287.1171875,0.9974206686019897
930,241.49871826171875,222.74887084960938,1.0,247.0705108642578,257.113037109375,1.0,210.75479125976562,238.33033752441406,1.0,195.2180938720703,236.0123291015625,1.0,251.3902130126953,239.29165649414062,1.0,262.2273254394531,234.2318572998047,1.0,247.92286682128906,281.916259765625,1.0,206.20884704589844,285.11724853515625,0.9999997615814209,261.1905822753906,287.3827819824219,0.9990277290344238
931,248.55357360839844,222.12802124023438,1.0,255.26458740234375,258.0419616699219,1.0,217.64755249023438,239.0521697998047,1.0,201.948974609375,235.85052490234375,1.0,257.50909423828125,240.8416290283203,1.0,266.8112487792969,237.34934997558594,0.99997878074646,253.30300903320312,282.06707763671875,1.0,211.04119873046875,284.5585632324219,0.9999998807907104,264.1600646972656,287.81793212890625,0.0022655946668237448
932,256.1751708984375,223.4759979248047,0.9999998807907104,261.29119873046875,261.0037536621094,1.0,226.50341796875,239.4523162841797,1.0,211.50350952148438,236.3818359375,1.0,263.8738708496094,246.127197265625,0.9533446431159973,275.5824890136719,244.62855529785156,0.08796176314353943,262.8220520019531,282.4661560058594,1.0,217.7305450439453,284.5389099121094,0.9999973773956299,225.7576446533203,290.41473388671875,0.00018679357890505344
933,259.6942443847656,223.3387451171875,1.0,266.1429748535156,260.2734375,1.0,231.67259216308594,238.90293884277344,1.0,217.9409637451172,236.73715209960938,1.0,267.8693542480469,247.3253936767578,0.15948918461799622,281.783203125,245.48480224609375,0.006136628799140453,267.2996520996094,281.4759521484375,0.9999998807907104,225.5089569091797,284.36187744140625,0.9999977350234985,277.45166015625,287.3694763183594,0.00013385033525992185
934,262.89276123046875,224.11021423339844,1.0,269.26019287109375,260.0110168457031,1.0,235.33787536621094,239.2974090576172,1.0,221.20977783203125,236.2299346923828,1.0,273.874267578125,246.96121215820312,0.5163028240203857,284.7833251953125,246.184326171875,0.011699833907186985,270.9016418457031,280.6958923339844,0.9999996423721313,227.64418029785156,283.4158630371094,0.9999991655349731,198.4805145263672,258.1555480957031,0.00016273872461169958
935,264.9950866699219,223.8001708984375,1.0,270.4056091308594,260.2684020996094,1.0,237.56027221679688,239.03744506835938,1.0,224.21539306640625,236.32615661621094,1.0,275.3212585449219,248.43203735351562,0.11448274552822113,295.0819396972656,243.2034149169922,0.0018407615134492517,270.8875427246094,280.9778137207031,0.9999996423721313,227.90713500976562,283.18212890625,0.9999998807907104,198.8896026611328,257.6347961425781,0.00012314139166846871
936,265.95172119140625,223.69712829589844,1.0,271.9076843261719,260.6084899902344,1.0,238.55319213867188,239.92144775390625,1.0,225.68614196777344,236.55201721191406,1.0,277.0683288574219,248.39517211914062,0.04039915278553963,295.8368225097656,242.87200927734375,0.0019353374373167753,271.4384765625,281.6016540527344,0.9999994039535522,228.15994262695312,283.28857421875,0.9999994039535522,235.8138885498047,222.69065856933594,0.00012649965356104076
937,267.253173828125,224.44195556640625,1.0,272.98101806640625,260.89239501953125,1.0,239.4747314453125,240.2167205810547,1.0,226.74456787109375,236.8414306640625,1.0,278.3913269042969,248.3601837158203,0.037296682596206665,296.9161682128906,242.88662719726562,0.0017719706520438194,273.2696838378906,281.835205078125,0.9999998807907104,229.0333251953125,283.50830078125,0.9999992847442627,235.3082733154297,222.65457153320312,0.00012584852811414748
938,266.9328308105469,224.24954223632812,1.0,272.85528564453125,261.1028747558594,1.0,239.55284118652344,240.45791625976562,1.0,226.706787109375,236.99790954589844,1.0,278.1210632324219,248.5494384765625,0.1343376338481903,296.8174133300781,243.1202850341797,0.0016112199518829584,272.8324279785156,281.78192138671875,0.9999997615814209,228.87762451171875,283.64068603515625,0.9999992847442627,235.45127868652344,222.93820190429688,8.391014125663787e-05
939,266.25506591796875,223.68397521972656,1.0,272.6653137207031,260.90869140625,1.0,238.9240264892578,240.51136779785156,1.0,226.3282012939453,237.23406982421875,1.0,277.6160888671875,248.44737243652344,0.06863702833652496,296.5124816894531,242.9414825439453,0.0016638340894132853,273.0794372558594,282.0606994628906,0.9999997615814209,228.55857849121094,283.73138427734375,0.9999984502792358,235.86544799804688,222.79473876953125,8.299323235405609e-05
940,262.4612731933594,223.09429931640625,1.0,269.5119323730469,260.7791442871094,1.0,233.39462280273438,239.87286376953125,1.0,219.2644805908203,236.49424743652344,1.0,270.1653747558594,248.32772827148438,0.009181427769362926,294.83087158203125,240.6623992919922,0.0028468677774071693,270.3137512207031,281.2496643066406,0.9999977350234985,225.2555389404297,284.2861022949219,0.9999958276748657,277.72930908203125,287.4963684082031,7.64411233831197e-05
941,258.67828369140625,223.47244262695312,1.0,264.58831787109375,260.61712646484375,1.0,230.14889526367188,238.96182250976562,1.0,215.83377075195312,235.79103088378906,1.0,266.7237243652344,247.04129028320312,0.8122608661651611,281.1456604003906,245.0778350830078,0.007188126910477877,265.3681640625,281.5273742675781,0.9999998807907104,224.47003173828125,284.9209899902344,0.9999984502792358,275.29052734375,287.3053283691406,0.00011487617302918807
942,257.546630859375,222.97207641601562,1.0,263.8975524902344,259.589111328125,1.0,227.98851013183594,238.03314208984375,1.0,213.64202880859375,235.01226806640625,1.0,265.598876953125,245.76283264160156,0.9567316770553589,276.25323486328125,245.3078155517578,0.03845828399062157,265.3779602050781,281.294677734375,0.9999997615814209,222.45587158203125,285.0563049316406,0.999997615814209,218.01805114746094,222.40621948242188,0.00016906106611713767
943,256.69970703125,223.36886596679688,1.0,263.7192077636719,259.463623046875,1.0,227.04795837402344,237.93466186523438,1.0,212.72007751464844,234.9547576904297,1.0,265.5321044921875,245.50674438476562,0.9996110796928406,275.3237609863281,244.43141174316406,0.7543959021568298,265.0297546386719,281.5227966308594,0.9999998807907104,221.08694458007812,285.1207275390625,0.9999985694885254,223.27947998046875,290.4314880371094,0.0002456395886838436
944,256.8765869140625,223.24276733398438,1.0,263.10137939453125,259.4493713378906,1.0,225.9853057861328,238.53482055664062,1.0,212.29649353027344,234.7688446044922,1.0,264.5377197265625,244.86997985839844,0.9999877214431763,274.1495666503906,244.08099365234375,0.9769863486289978,264.4416198730469,281.7571716308594,0.9999998807907104,220.29507446289062,284.79931640625,0.9999977350234985,224.0340118408203,290.41925048828125,0.0002467244630679488
945,256.2763977050781,223.62582397460938,1.0,262.7317199707031,259.2530822753906,1.0,225.1094970703125,239.0049285888672,1.0,211.58425903320312,234.8968963623047,1.0,264.2634582519531,244.2703094482422,0.9999997615814209,273.5818176269531,243.1468048095703,0.999664306640625,263.6487121582031,282.2829284667969,0.9999998807907104,219.53872680664062,284.4470520019531,0.9999986886978149,218.66720581054688,221.64817810058594,0.00029546741279773414
946,255.599609375,224.01885986328125,1.0,261.9151916503906,259.1824645996094,1.0,223.54666137695312,239.01673889160156,1.0,209.6221466064453,235.18063354492188,1.0,263.7447204589844,243.44078063964844,1.0,272.9111328125,242.5349884033203,0.9999878406524658,262.7225341796875,283.5546875,1.0,217.5604248046875,285.0019836425781,0.9999964237213135,219.12762451171875,221.4661865234375,0.00030263332882896066
947,254.56349182128906,223.6474609375,1.0,260.5403137207031,259.5793762207031,1.0,222.5526580810547,238.6190643310547,1.0,208.8280487060547,234.90536499023438,1.0,262.8978271484375,243.19461059570312,1.0,272.1156311035156,241.76083374023438,0.9999948740005493,261.52288818359375,284.2306213378906,0.9999998807907104,215.955078125,284.5882873535156,0.9999991655349731,219.61155700683594,221.4112548828125,0.0002482542477082461
948,254.46739196777344,223.61627197265625,1.0,260.235107421875,259.61737060546875,1.0,222.11143493652344,238.87623596191406,1.0,208.32470703125,234.9586639404297,1.0,263.3201904296875,243.2152099609375,1.0,272.0283508300781,241.27882385253906,0.9999964237213135,260.9245300292969,284.7684020996094,0.9999998807907104,215.13235473632812,284.5879821777344,0.9999988079071045,219.95616149902344,221.69639587402344,0.0002219369780505076
949,252.05067443847656,222.19677734375,1.0,257.96881103515625,259.1962890625,1.0,219.6324462890625,239.0886993408203,1.0,206.00755310058594,235.480224609375,1.0,261.5069580078125,242.755859375,1.0,270.3807373046875,240.0452880859375,0.9999980926513672,258.852783203125,283.8443603515625,0.9999998807907104,214.15008544921875,284.42535400390625,0.9999995231628418,265.7356262207031,288.5880432128906,0.0002483259595464915
950,250.05636596679688,222.3042449951172,1.0,256.0168151855469,260.7145080566406,1.0,217.1999969482422,239.6658172607422,1.0,202.93626403808594,236.18148803710938,1.0,259.682373046875,242.77804565429688,1.0,269.40155029296875,239.5636444091797,0.9999996423721313,254.2926788330078,282.57904052734375,0.9999995231628418,212.40655517578125,284.68988037109375,0.9999996423721313,262.6028137207031,288.1591796875,0.000561536056920886
951,249.19345092773438,222.72842407226562,1.0,254.18353271484375,260.89666748046875,1.0,216.20953369140625,239.6083526611328,1.0,202.09420776367188,236.0895233154297,1.0,259.0622253417969,242.52342224121094,1.0,269.0726318359375,239.26922607421875,0.9999998807907104,251.6451873779297,282.488525390625,0.9999997615814209,211.2847442626953,284.6072692871094,0.9999996423721313,260.46820068359375,288.69091796875,0.0018972838297486305
952,248.4830780029297,222.9291229248047,1.0,253.8704071044922,261.2281188964844,1.0,215.79904174804688,239.7780303955078,1.0,201.5389862060547,236.01097106933594,1.0,258.30780029296875,242.66500854492188,1.0,268.4251403808594,239.3327178955078,0.9999998807907104,251.25440979003906,283.1259460449219,0.9999996423721313,211.02685546875,285.20794677734375,0.9999994039535522,259.84539794921875,289.0888671875,0.002147064544260502
953,248.48190307617188,223.04664611816406,1.0,253.75531005859375,261.2737121582031,1.0,215.83868408203125,239.76722717285156,1.0,201.49642944335938,236.02198791503906,1.0,258.2168884277344,242.798583984375,1.0,268.43988037109375,238.95835876464844,0.9999998807907104,251.58871459960938,283.2143859863281,0.9999997615814209,210.8603515625,285.3710021972656,0.9999990463256836,260.2567138671875,289.25653076171875,0.0014938461827114224
954,248.2726593017578,223.22727966308594,1.0,253.3582000732422,261.2250061035156,1.0,215.71929931640625,239.94337463378906,1.0,201.4413604736328,235.97557067871094,1.0,258.2183532714844,242.7390594482422,1.0,268.4981384277344,238.70069885253906,1.0,251.1614532470703,283.1902160644531,0.9999997615814209,210.99609375,285.4212341308594,0.9999988079071045,259.9648132324219,289.23760986328125,0.001451529678888619
955,248.5343780517578,223.31759643554688,1.0,253.22640991210938,261.2385559082031,1.0,215.633544921875,239.79757690429688,1.0,201.41053771972656,235.92481994628906,1.0,258.19696044921875,242.771484375,1.0,268.43896484375,239.02127075195312,1.0,251.252685546875,283.2099609375,0.9999997615814209,210.69801330566406,285.3612060546875,0.9999988079071045,259.9150390625,289.240234375,0.0014068351592868567
956,248.49765014648438,223.41934204101562,1.0,253.1594696044922,261.4353332519531,1.0,215.6929168701172,239.89950561523438,1.0,201.51736450195312,236.0145721435547,1.0,258.2374267578125,242.80856323242188,1.0,268.3960876464844,239.5260467529297,1.0,251.24813842773438,283.114990234375,0.9999997615814209,210.67234802246094,285.2355041503906,0.9999985694885254,260.0606689453125,289.2054138183594,0.001639280584640801
957,248.92742919921875,223.76235961914062,1.0,253.06976318359375,261.6295166015625,1.0,215.8125,239.95855712890625,1.0,201.58042907714844,236.00856018066406,1.0,258.23095703125,242.95181274414062,1.0,268.4678955078125,239.60598754882812,1.0,251.1488800048828,283.4245910644531,0.9999997615814209,210.55763244628906,285.2440185546875,0.999998927116394,259.87689208984375,289.38677978515625,0.0016817948780953884
958,248.98519897460938,223.64027404785156,1.0,253.0482177734375,261.706298828125,1.0,215.76177978515625,240.0958709716797,1.0,201.50022888183594,236.04721069335938,1.0,258.32952880859375,242.97921752929688,1.0,268.519775390625,239.80960083007812,1.0,250.98280334472656,283.3264465332031,0.9999997615814209,210.27110290527344,285.17681884765625,0.9999990463256836,259.7347717285156,289.3475036621094,0.0014781976351514459
959,249.20883178710938,223.7717742919922,1.0,253.13368225097656,261.8963623046875,1.0,215.78347778320312,240.093994140625,1.0,201.68971252441406,236.06019592285156,1.0,258.2868347167969,243.2144012451172,1.0,268.4045715332031,240.49525451660156,1.0,251.0320587158203,283.3282165527344,0.9999998807907104,210.1398162841797,285.1888427734375,0.999998927116394,259.8794860839844,289.4494323730469,0.0014604220632463694
960,249.22044372558594,224.06832885742188,1.0,252.33033752441406,262.2910461425781,1.0,215.86912536621094,239.98013305664062,1.0,201.7962188720703,236.13702392578125,1.0,258.4703063964844,243.64210510253906,1.0,268.767578125,240.5366973876953,1.0,250.57089233398438,283.1462097167969,0.9999998807907104,209.95664978027344,284.6899108886719,0.9999995231628418,260.3083190917969,289.3525695800781,0.002149672480300069
961,249.507080078125,223.92245483398438,1.0,252.34060668945312,262.2228088378906,1.0,215.85423278808594,239.94371032714844,1.0,201.93849182128906,236.08767700195312,1.0,258.7445983886719,243.67709350585938,1.0,268.9745178222656,240.54190063476562,1.0,250.4177703857422,283.0225830078125,0.9999998807907104,209.72171020507812,284.5010986328125,0.9999995231628418,260.3446960449219,289.3609924316406,0.0019537589978426695
962,249.44549560546875,223.9727020263672,1.0,252.44024658203125,262.1539306640625,1.0,215.83518981933594,239.98451232910156,1.0,201.90542602539062,236.0410919189453,1.0,258.9649963378906,243.501708984375,1.0,269.1831970214844,240.2224578857422,1.0,250.3482208251953,282.9210510253906,0.9999998807907104,209.7272491455078,284.3923034667969,0.9999994039535522,260.167724609375,289.3027648925781,0.0017161611467599869
963,249.57643127441406,224.16656494140625,1.0,252.42935180664062,262.2606506347656,1.0,215.8014678955078,239.9559783935547,1.0,201.81298828125,235.96246337890625,1.0,259.036865234375,243.54808044433594,1.0,269.13983154296875,240.3199920654297,1.0,250.22520446777344,283.1355285644531,0.9999998807907104,209.70166015625,284.2918701171875,0.9999995231628418,259.9601745605469,289.43902587890625,0.001858354196883738
964,249.53123474121094,224.35780334472656,1.0,252.4373016357422,262.52557373046875,1.0,215.90199279785156,240.01348876953125,1.0,201.96337890625,235.88465881347656,1.0,259.14697265625,243.70083618164062,1.0,269.3221435546875,240.4789276123047,1.0,250.35073852539062,283.29638671875,0.9999998807907104,209.6396942138672,284.36383056640625,0.9999994039535522,260.15948486328125,289.578125,0.0017681278986856341
965,249.5506591796875,224.37567138671875,1.0,252.556640625,262.5640869140625,1.0,216.0366973876953,240.06173706054688,1.0,202.0887908935547,235.85946655273438,1.0,259.1255798339844,243.76573181152344,1.0,269.3453674316406,240.61045837402344,1.0,250.30087280273438,283.06671142578125,0.9999998807907104,209.5816650390625,284.4232482910156,0.9999994039535522,260.075439453125,289.54168701171875,0.0013614360941573977
966,249.6190643310547,224.3557586669922,1.0,252.37539672851562,262.53961181640625,1.0,216.00794982910156,240.10382080078125,1.0,201.98130798339844,235.8412322998047,1.0,259.0664367675781,243.63821411132812,1.0,269.3357849121094,240.26852416992188,1.0,250.1584930419922,283.0106506347656,0.9999998807907104,209.2299041748047,284.2703552246094,0.9999994039535522,259.787109375,289.3236083984375,0.001455987454392016
967,249.56529235839844,224.28868103027344,1.0,252.49520874023438,262.60333251953125,1.0,216.01695251464844,240.07232666015625,1.0,201.98825073242188,235.83480834960938,1.0,259.13824462890625,243.68946838378906,1.0,269.42034912109375,240.4485321044922,1.0,249.91763305664062,283.0741271972656,0.9999998807907104,209.48680114746094,284.5595397949219,0.9999994039535522,259.5439758300781,289.49359130859375,0.0014482566621154547
968,249.3997802734375,224.31492614746094,1.0,252.56809997558594,262.73211669921875,1.0,215.9764862060547,240.06912231445312,1.0,202.02403259277344,235.9173126220703,1.0,259.1076965332031,243.66229248046875,1.0,269.4212951660156,240.36538696289062,1.0,249.9794921875,283.2119445800781,0.9999998807907104,209.4800262451172,284.6925354003906,0.9999994039535522,259.6474914550781,289.63873291015625,0.0014552748762071133
969,249.39517211914062,224.31793212890625,1.0,252.42938232421875,262.8567199707031,1.0,216.12945556640625,239.81027221679688,1.0,201.985107421875,235.86509704589844,1.0,259.24371337890625,243.60247802734375,1.0,269.55694580078125,240.3506317138672,1.0,249.77740478515625,283.1783752441406,0.9999998807907104,209.4278564453125,284.4544677734375,0.9999995231628418,259.7763977050781,289.6136169433594,0.001856285030953586
970,249.44778442382812,224.2887420654297,1.0,252.34324645996094,262.6592102050781,1.0,216.28831481933594,239.48915100097656,1.0,202.00794982910156,235.9623260498047,1.0,259.2412109375,243.5705108642578,1.0,269.528564453125,240.4618682861328,1.0,249.63284301757812,282.925537109375,0.9999998807907104,209.39712524414062,284.3843994140625,0.9999994039535522,259.6507568359375,289.62017822265625,0.0017141159623861313
971,249.432373046875,224.3285675048828,1.0,252.51101684570312,262.947998046875,1.0,216.35308837890625,239.54298400878906,1.0,202.13473510742188,235.8087615966797,1.0,259.26898193359375,243.62850952148438,1.0,269.6208801269531,240.49546813964844,1.0,249.6426544189453,282.9947204589844,0.9999998807907104,209.36009216308594,284.5667724609375,0.9999991655349731,259.5967712402344,289.7176513671875,0.0012352037010714412
972,249.72483825683594,224.3167266845703,1.0,252.7577667236328,263.0641784667969,1.0,216.42214965820312,239.50938415527344,1.0,202.0312042236328,235.46478271484375,1.0,259.3409118652344,243.7112579345703,1.0,269.7528381347656,240.6683349609375,1.0,249.6237030029297,283.2859191894531,0.9999997615814209,209.11544799804688,284.5320129394531,0.9999991655349731,259.3450622558594,290.00653076171875,0.000895404489710927
973,249.59344482421875,223.9217071533203,1.0,252.78675842285156,262.9636535644531,1.0,216.44508361816406,239.50064086914062,1.0,201.97640991210938,235.4956817626953,1.0,259.3733825683594,243.64874267578125,1.0,269.7418212890625,240.75340270996094,1.0,249.67523193359375,283.3355407714844,0.9999997615814209,209.180908203125,284.6152038574219,0.9999991655349731,259.3059387207031,290.0430603027344,0.0009578203316777945
974,249.56861877441406,223.98574829101562,1.0,252.61439514160156,263.1311340332031,1.0,216.52841186523438,239.46047973632812,1.0,202.07138061523438,235.43052673339844,1.0,259.38568115234375,243.70201110839844,1.0,269.88092041015625,240.67547607421875,1.0,249.47195434570312,283.3208923339844,0.9999997615814209,209.0836944580078,284.38079833984375,0.9999992847442627,259.2313232421875,290.05242919921875,0.0010304522002115846
975,249.86819458007812,224.14866638183594,1.0,252.5639190673828,263.1734619140625,1.0,216.55178833007812,239.5511016845703,1.0,202.17105102539062,235.57025146484375,1.0,259.3387756347656,243.6754150390625,1.0,269.79205322265625,240.51315307617188,1.0,249.42486572265625,283.2214050292969,0.9999997615814209,209.01234436035156,284.3460388183594,0.9999991655349731,259.1526184082031,289.9146728515625,0.0011154796229675412
976,249.98121643066406,224.25804138183594,1.0,252.6507110595703,263.52630615234375,1.0,216.54031372070312,239.57992553710938,1.0,202.19052124023438,235.50830078125,1.0,259.48577880859375,243.85256958007812,1.0,269.9805908203125,240.74305725097656,1.0,249.43931579589844,283.50384521484375,0.9999997615814209,209.35118103027344,284.7010192871094,0.9999991655349731,259.1688232421875,290.18548583984375,0.0011874280171468854
977,249.8870391845703,224.42991638183594,1.0,252.69036865234375,263.4925842285156,1.0,216.47010803222656,239.6046142578125,1.0,202.2104949951172,235.5286102294922,1.0,259.4931335449219,243.93682861328125,1.0,269.8816223144531,240.84519958496094,1.0,249.5579833984375,283.5262756347656,0.9999997615814209,209.28880310058594,284.68988037109375,0.9999990463256836,259.2520751953125,290.07666015625,0.0012824599398300052
978,249.6806182861328,224.2563934326172,1.0,252.84515380859375,263.4346923828125,1.0,216.16778564453125,239.63519287109375,1.0,201.82521057128906,235.43519592285156,1.0,259.6112365722656,243.90367126464844,1.0,270.06597900390625,240.89617919921875,1.0,249.59860229492188,283.5583801269531,0.9999997615814209,209.10728454589844,284.9027099609375,0.9999988079071045,259.0899963378906,290.2035217285156,0.0009613324073143303
979,249.96473693847656,224.37782287597656,1.0,253.03558349609375,263.53399658203125,1.0,216.37612915039062,239.61293029785156,1.0,202.0120849609375,235.50848388671875,1.0,259.69757080078125,243.90487670898438,1.0,270.1053466796875,241.15570068359375,1.0,249.7666473388672,283.6943664550781,0.9999997615814209,209.3209686279297,284.9304504394531,0.9999985694885254,259.19769287109375,290.326171875,0.0009750043391250074
980,250.1387939453125,224.4659881591797,1.0,253.0322265625,263.400146484375,1.0,216.34237670898438,239.32508850097656,1.0,201.9860076904297,235.51829528808594,1.0,259.6730651855469,243.79881286621094,1.0,270.079833984375,240.98056030273438,1.0,249.69598388671875,283.4644775390625,0.9999997615814209,209.2180938720703,284.857666015625,0.9999988079071045,259.26373291015625,290.2872619628906,0.0008622478926554322
981,250.1136474609375,224.4012908935547,1.0,252.75527954101562,263.1011962890625,1.0,216.07086181640625,238.98500061035156,1.0,201.6216278076172,235.35452270507812,1.0,259.6695861816406,243.74432373046875,1.0,270.04937744140625,240.77955627441406,1.0,249.5898895263672,283.5144348144531,0.9999997615814209,209.01370239257812,284.8283386230469,0.999998927116394,259.2981262207031,290.27545166015625,0.001284485450014472
982,249.63058471679688,223.80604553222656,1.0,252.57835388183594,262.9111633300781,1.0,215.943603515625,238.776611328125,1.0,201.6061553955078,235.17445373535156,1.0,259.58355712890625,243.00509643554688,1.0,269.9312438964844,240.4713134765625,1.0,249.38694763183594,283.5093078613281,0.9999997615814209,208.91323852539062,284.8310852050781,0.9999988079071045,259.4181213378906,290.4260559082031,0.001481285784393549
983,249.55638122558594,223.75418090820312,1.0,252.62901306152344,263.17266845703125,1.0,215.86654663085938,238.88792419433594,1.0,201.60736083984375,235.10499572753906,1.0,259.5238037109375,243.0275115966797,1.0,269.9395751953125,240.7233123779297,1.0,249.0167236328125,283.63922119140625,0.9999997615814209,208.81488037109375,284.9131164550781,0.9999982118606567,259.2974853515625,290.4761657714844,0.0011782112997025251
984,249.54763793945312,223.6004638671875,1.0,252.50909423828125,263.59112548828125,1.0,215.6839599609375,238.6654052734375,1.0,201.43690490722656,234.94789123535156,1.0,259.5046691894531,243.22677612304688,1.0,270.1559753417969,241.0869140625,1.0,249.08834838867188,283.67742919921875,0.9999997615814209,207.51602172851562,285.5565490722656,0.9999961853027344,259.4254455566406,290.6465759277344,0.000879923056345433
985,248.51800537109375,223.50479125976562,1.0,251.34950256347656,263.8802795410156,1.0,215.01742553710938,238.8557891845703,1.0,200.35580444335938,234.50686645507812,1.0,259.00146484375,243.10073852539062,1.0,270.0420227050781,241.22581481933594,1.0,248.00559997558594,282.8688659667969,0.9999994039535522,206.40432739257812,284.9971008300781,0.9999959468841553,258.9159240722656,290.1426086425781,0.000509676116053015
986,246.7799072265625,222.83837890625,1.0,249.42877197265625,264.9276428222656,1.0,213.34474182128906,239.03384399414062,1.0,198.20599365234375,233.957275390625,1.0,258.1369323730469,241.97471618652344,1.0,269.4809875488281,239.20782470703125,1.0,246.3564453125,283.43994140625,0.9999998807907104,205.91041564941406,284.7195739746094,0.999996542930603,258.1935729980469,290.22210693359375,0.0015474329702556133
987,246.290771484375,222.3863983154297,1.0,248.4167938232422,263.96124267578125,1.0,212.7164764404297,238.55308532714844,1.0,198.13938903808594,233.6411895751953,1.0,257.785888671875,241.74546813964844,1.0,269.2245178222656,239.188232421875,1.0,246.0238494873047,283.2627258300781,1.0,205.39328002929688,284.7721862792969,0.9999973773956299,258.5233154296875,289.8238220214844,0.0031236945651471615
988,245.63333129882812,222.4205322265625,1.0,248.0435333251953,263.63726806640625,1.0,212.41795349121094,238.571533203125,1.0,197.54635620117188,233.55825805664062,1.0,257.8830871582031,242.86668395996094,1.0,269.28759765625,239.13754272460938,1.0,245.62599182128906,282.68145751953125,1.0,204.78219604492188,284.3268737792969,0.999998927116394,258.484375,289.57623291015625,0.0026192774530500174
989,245.2333221435547,222.63995361328125,1.0,247.62109375,263.6507263183594,1.0,212.1460418701172,238.51522827148438,1.0,197.12916564941406,233.5455322265625,1.0,257.5516052246094,242.88345336914062,1.0,268.94708251953125,238.8038787841797,1.0,245.1226806640625,282.80657958984375,1.0,204.27882385253906,283.9838562011719,0.9999994039535522,258.1360778808594,289.5828552246094,0.004302520304918289
990,244.79611206054688,222.68832397460938,1.0,247.19749450683594,263.8023681640625,1.0,211.81402587890625,238.48316955566406,1.0,196.69790649414062,233.61073303222656,1.0,257.21002197265625,242.75607299804688,1.0,268.8103942871094,238.6977081298828,1.0,244.66981506347656,282.7669677734375,1.0,203.3409881591797,283.64764404296875,0.9999992847442627,257.5199279785156,289.5123291015625,0.0033361741807311773
991,243.4861297607422,222.34291076660156,1.0,245.98800659179688,263.4672546386719,1.0,210.85072326660156,238.06805419921875,1.0,196.27099609375,233.68751525878906,1.0,256.6356506347656,242.38156127929688,1.0,268.52178955078125,238.28460693359375,1.0,244.07687377929688,282.7644348144531,1.0,202.0374755859375,284.205322265625,0.9999990463256836,257.4517517089844,289.7774353027344,0.004972115159034729
992,242.4868621826172,222.4136199951172,1.0,245.04953002929688,263.4939270019531,1.0,210.76150512695312,237.91664123535156,1.0,195.92958068847656,233.75494384765625,1.0,256.3859558105469,241.96453857421875,1.0,268.07122802734375,237.63807678222656,1.0,243.3175811767578,282.67529296875,0.9999998807907104,201.62002563476562,283.94158935546875,0.9999988079071045,257.1750183105469,289.5402526855469,0.006012112833559513
993,241.5782012939453,222.4109344482422,1.0,243.9639892578125,263.7806091308594,1.0,209.58245849609375,238.0274200439453,1.0,194.9827423095703,233.74221801757812,1.0,255.87962341308594,242.41835021972656,1.0,267.7301940917969,237.9993133544922,1.0,241.8465576171875,282.5014343261719,0.9999997615814209,200.45773315429688,283.3707580566406,0.9999997615814209,257.7602844238281,289.59613037109375,0.0016926167299970984
994,238.30078125,222.2967529296875,1.0,240.69200134277344,262.4909973144531,1.0,206.5374298095703,238.08843994140625,1.0,192.70423889160156,233.6810760498047,1.0,253.2549591064453,241.45382690429688,1.0,265.5271911621094,238.01353454589844,1.0,238.79432678222656,280.6094970703125,0.9999997615814209,198.04193115234375,283.097900390625,1.0,249.3594970703125,289.2975158691406,0.0026714149862527847
995,236.32272338867188,221.44349670410156,1.0,238.54608154296875,263.023193359375,1.0,205.07003784179688,237.68142700195312,1.0,190.87857055664062,232.9005584716797,1.0,251.5984344482422,241.20318603515625,1.0,263.3789978027344,237.77731323242188,1.0,235.86598205566406,281.01226806640625,1.0,197.18060302734375,283.3993835449219,1.0,255.71017456054688,288.9364929199219,0.006148074753582478
996,235.04698181152344,221.35577392578125,1.0,236.50686645507812,263.64892578125,1.0,203.78775024414062,237.34837341308594,1.0,188.9894561767578,232.95570373535156,1.0,250.35765075683594,241.58253479003906,1.0,262.8483581542969,238.36782836914062,1.0,233.90350341796875,281.674072265625,1.0,196.18731689453125,283.25701904296875,1.0,247.431884765625,289.954833984375,0.0021896616090089083
997,234.27996826171875,221.37332153320312,1.0,235.8604736328125,263.8598937988281,1.0,203.1892852783203,237.50885009765625,1.0,188.66241455078125,233.26336669921875,1.0,249.93785095214844,241.49856567382812,1.0,262.2489929199219,238.40773010253906,1.0,233.49716186523438,280.8179626464844,1.0,195.7650146484375,283.4203796386719,1.0,247.18890380859375,290.0973205566406,0.0026407409459352493
998,232.2607421875,221.25067138671875,1.0,233.93637084960938,264.44970703125,1.0,202.10226440429688,238.2120361328125,1.0,187.56829833984375,233.1139678955078,1.0,248.56243896484375,241.58709716796875,1.0,262.0095520019531,238.20506286621094,1.0,231.77767944335938,280.777099609375,0.9999998807907104,194.64596557617188,283.68988037109375,1.0,253.6381072998047,288.2899475097656,0.004930105060338974
999,231.3094940185547,221.43643188476562,1.0,231.8465118408203,264.08917236328125,1.0,200.07455444335938,237.54383850097656,1.0,185.8675537109375,232.45526123046875,1.0,247.49269104003906,241.74273681640625,1.0,261.4665222167969,238.21121215820312,1.0,229.55441284179688,280.6311950683594,1.0,193.06285095214844,284.2080383300781,0.9999998807907104,252.69699096679688,288.9165954589844,0.04737967625260353
1000,229.8762664794922,221.1926727294922,1.0,230.4385986328125,263.49285888671875,1.0,199.05747985839844,237.35134887695312,1.0,184.91806030273438,232.19700622558594,1.0,246.56138610839844,241.69418334960938,1.0,260.7004699707031,237.7744903564453,1.0,227.87185668945312,280.96563720703125,1.0,191.181396484375,285.274169921875,0.9999998807907104,252.09811401367188,288.8230895996094,0.02214926667511463
1001,229.6276092529297,221.59799194335938,1.0,230.01950073242188,264.03594970703125,1.0,198.94073486328125,237.59298706054688,1.0,184.63174438476562,232.32882690429688,1.0,246.3204803466797,241.60543823242188,1.0,260.5321044921875,237.7001190185547,1.0,227.29010009765625,280.6784362792969,1.0,190.39222717285156,284.5658264160156,0.9999998807907104,251.7373809814453,288.9643859863281,0.008495152927935123
1002,229.05775451660156,222.27197265625,1.0,229.46942138671875,264.15582275390625,1.0,198.34164428710938,237.6917266845703,1.0,183.91305541992188,232.14878845214844,1.0,245.68939208984375,242.04718017578125,1.0,259.8070068359375,238.28961181640625,1.0,226.73207092285156,280.8354797363281,1.0,189.92445373535156,284.7056884765625,0.9999998807907104,250.8421630859375,289.01495361328125,0.010352575220167637
1003,228.36911010742188,222.1329803466797,1.0,228.86834716796875,264.1600646972656,1.0,197.30545043945312,238.19554138183594,1.0,183.0695343017578,232.29791259765625,1.0,244.84507751464844,242.09141540527344,1.0,258.786865234375,238.27383422851562,1.0,225.96405029296875,280.858642578125,1.0,189.0172576904297,284.29315185546875,1.0,245.6952667236328,290.30145263671875,0.010367623530328274
1004,227.71778869628906,222.5443878173828,1.0,228.41732788085938,264.6941833496094,1.0,196.709228515625,238.51666259765625,1.0,182.55606079101562,232.2908172607422,1.0,244.43894958496094,242.0928497314453,1.0,258.77459716796875,237.9877471923828,1.0,225.60116577148438,280.8742370605469,1.0,188.75575256347656,284.1690979003906,1.0,245.5077362060547,290.075439453125,0.005781038198620081
1005,227.3199920654297,222.3879852294922,1.0,228.03334045410156,264.603515625,1.0,196.448974609375,238.5455780029297,1.0,182.49774169921875,232.2409210205078,1.0,244.24183654785156,242.2984619140625,1.0,258.7607421875,238.03602600097656,1.0,225.3333740234375,280.8282775878906,1.0,188.39549255371094,284.02679443359375,1.0,248.57028198242188,289.20135498046875,0.022862223908305168
1006,226.61593627929688,222.42129516601562,1.0,226.5755157470703,264.18341064453125,1.0,194.95347595214844,238.36541748046875,1.0,181.16165161132812,232.27525329589844,1.0,243.7009735107422,242.1356964111328,1.0,258.21026611328125,237.40060424804688,1.0,224.60545349121094,280.9520568847656,1.0,187.932861328125,284.01983642578125,1.0,245.14291381835938,290.1644287109375,0.02940554916858673
1007,224.2457733154297,222.51889038085938,1.0,224.33790588378906,263.1651306152344,1.0,194.0558624267578,237.87216186523438,1.0,179.54803466796875,232.1826629638672,1.0,242.63601684570312,241.86912536621094,1.0,256.9779052734375,237.04307556152344,1.0,222.581298828125,280.65985107421875,1.0,185.20101928710938,284.0920715332031,1.0,246.18426513671875,289.2022705078125,0.659156322479248
1008,221.80453491210938,221.32110595703125,1.0,221.90333557128906,262.9333190917969,1.0,192.559326171875,237.42201232910156,1.0,178.2434539794922,231.95547485351562,1.0,240.81373596191406,241.99847412109375,1.0,255.2789764404297,236.35369873046875,1.0,220.03480529785156,281.1014099121094,1.0,184.5889129638672,285.0419006347656,1.0,245.12913513183594,289.27593994140625,0.9210528135299683
1009,220.94622802734375,221.79470825195312,1.0,221.1073455810547,262.85894775390625,1.0,191.93313598632812,237.45159912109375,1.0,177.89697265625,231.74806213378906,1.0,240.36544799804688,242.22386169433594,1.0,254.8170166015625,236.39321899414062,1.0,219.43724060058594,281.2467956542969,1.0,184.13003540039062,285.2283020019531,1.0,244.26641845703125,289.3567810058594,0.998877227306366
1010,220.67393493652344,221.67555236816406,1.0,220.49993896484375,262.91650390625,1.0,191.4482421875,237.66737365722656,1.0,177.0180206298828,231.89520263671875,1.0,240.02239990234375,242.27719116210938,1.0,254.47274780273438,236.37765502929688,1.0,218.97488403320312,281.50274658203125,1.0,183.35006713867188,285.272705078125,1.0,243.75485229492188,289.3497619628906,0.997283935546875
1011,220.41156005859375,222.11790466308594,1.0,219.85008239746094,262.53765869140625,1.0,191.08717346191406,237.9545135498047,1.0,176.71495056152344,232.12539672851562,1.0,239.9632110595703,242.30784606933594,1.0,254.42803955078125,236.36929321289062,1.0,218.44461059570312,281.5301208496094,1.0,182.89988708496094,285.06146240234375,1.0,243.3651580810547,289.28436279296875,0.9992293119430542
1012,220.00169372558594,222.43251037597656,1.0,219.31930541992188,262.6207275390625,1.0,190.90875244140625,238.00791931152344,1.0,176.65823364257812,231.9467315673828,1.0,239.615478515625,242.52076721191406,1.0,254.1701202392578,236.6007080078125,1.0,218.1095428466797,281.67181396484375,1.0,182.7410888671875,285.21588134765625,1.0,242.9561309814453,289.3055725097656,0.9992038607597351
1013,219.82127380371094,222.6636199951172,1.0,218.9563751220703,263.1182861328125,1.0,190.7849884033203,238.0566864013672,1.0,176.45448303222656,232.09207153320312,1.0,239.26776123046875,242.6376190185547,1.0,254.02999877929688,236.71022033691406,1.0,217.48703002929688,281.6891174316406,1.0,182.61129760742188,284.98956298828125,1.0,242.49978637695312,289.3375549316406,0.9975321292877197
1014,219.5910186767578,222.79995727539062,1.0,218.56784057617188,263.3666687011719,1.0,190.53221130371094,238.03269958496094,1.0,176.1199951171875,232.11256408691406,1.0,238.97576904296875,242.68907165527344,1.0,253.9698944091797,237.20777893066406,1.0,216.84933471679688,281.63311767578125,1.0,182.1724853515625,284.71038818359375,1.0,241.91578674316406,289.28997802734375,0.9885202050209045
1015,218.6632080078125,222.35879516601562,1.0,217.62905883789062,263.1633605957031,1.0,189.7554931640625,237.8847198486328,1.0,174.94635009765625,232.33804321289062,1.0,237.87445068359375,242.78526306152344,1.0,253.36839294433594,237.53749084472656,1.0,215.50689697265625,281.5135498046875,1.0,181.27304077148438,284.85107421875,1.0,240.52162170410156,289.4590148925781,0.9899513125419617
1016,216.392822265625,222.5573272705078,1.0,215.13482666015625,263.115234375,1.0,187.3240203857422,237.9973907470703,1.0,172.64569091796875,232.0295867919922,1.0,236.5487060546875,242.3916473388672,1.0,252.17308044433594,237.51974487304688,1.0,213.23910522460938,280.196533203125,1.0,179.7236785888672,284.5830993652344,1.0,238.968505859375,288.970947265625,0.9975773692131042
1017,215.01638793945312,222.177001953125,1.0,213.53782653808594,262.8815002441406,1.0,185.7587890625,237.80352783203125,1.0,171.18511962890625,231.7000274658203,1.0,234.42320251464844,241.78045654296875,1.0,250.37271118164062,237.4024200439453,1.0,211.83584594726562,280.1705322265625,1.0,178.5156707763672,284.445556640625,1.0,237.4051513671875,288.9718017578125,0.9989288449287415
1018,213.84439086914062,222.3653564453125,1.0,212.1641387939453,263.26971435546875,1.0,184.928955078125,237.93896484375,1.0,170.20077514648438,231.54025268554688,1.0,233.15350341796875,241.93898010253906,1.0,249.20431518554688,237.19134521484375,1.0,210.48684692382812,280.3977355957031,1.0,177.38311767578125,284.2293701171875,1.0,236.6744384765625,288.8241271972656,0.9998151659965515
1019,213.010009765625,222.60824584960938,1.0,210.72784423828125,262.6529235839844,1.0,184.70457458496094,237.97903442382812,1.0,169.70237731933594,231.550048828125,1.0,232.66293334960938,242.11343383789062,1.0,248.703369140625,237.21707153320312,1.0,210.03256225585938,280.5770263671875,1.0,176.96507263183594,284.3178405761719,1.0,235.6534423828125,289.0855712890625,0.999945878982544
1020,212.7947540283203,222.91531372070312,1.0,210.3946533203125,263.2965393066406,1.0,184.72628784179688,238.28848266601562,1.0,169.6132049560547,231.8318328857422,1.0,232.3526153564453,242.17433166503906,1.0,248.54112243652344,236.99365234375,1.0,208.7975616455078,281.1213684082031,1.0,175.70034790039062,285.0340576171875,1.0,235.51870727539062,289.0426940917969,0.9994490742683411
1021,212.12167358398438,222.8903350830078,1.0,209.86448669433594,262.88726806640625,1.0,183.22439575195312,237.88719177246094,1.0,168.5313262939453,231.6378173828125,1.0,231.92431640625,241.9845428466797,1.0,248.28038024902344,237.03073120117188,1.0,208.16160583496094,281.30023193359375,1.0,175.4006805419922,284.85858154296875,1.0,234.9337158203125,289.0458068847656,0.9995531439781189
1022,209.95790100097656,221.73550415039062,1.0,207.6715545654297,262.7303466796875,1.0,181.11788940429688,237.3465118408203,1.0,166.72659301757812,231.04928588867188,1.0,230.11114501953125,241.70799255371094,1.0,247.17481994628906,236.9793701171875,1.0,206.3994140625,280.9881286621094,1.0,174.07469177246094,285.2890319824219,1.0,233.0355682373047,289.1483459472656,0.9999827146530151
1023,207.30064392089844,221.05804443359375,1.0,205.4351043701172,262.9526062011719,1.0,180.18460083007812,237.1964111328125,1.0,165.5507049560547,230.91839599609375,1.0,228.9474334716797,240.69801330566406,1.0,245.31982421875,236.15390014648438,1.0,203.91000366210938,281.1413269042969,1.0,172.49954223632812,285.1998291015625,1.0,232.1442413330078,289.0142822265625,0.9999951124191284
1024,206.68702697753906,221.04844665527344,1.0,204.53147888183594,263.2264709472656,1.0,180.11058044433594,237.1508026123047,1.0,165.11517333984375,231.0652618408203,1.0,228.5861053466797,240.78770446777344,1.0,244.7313995361328,235.97315979003906,1.0,203.04702758789062,281.3416748046875,1.0,171.774658203125,285.3436279296875,1.0,231.96157836914062,288.8141784667969,0.9999969005584717
1025,206.0209197998047,220.9597625732422,1.0,203.75247192382812,263.2758483886719,1.0,179.87710571289062,237.2254180908203,1.0,165.03627014160156,230.99803161621094,1.0,228.3030242919922,240.76080322265625,1.0,244.3250732421875,236.00299072265625,1.0,202.58233642578125,281.36627197265625,1.0,171.62200927734375,285.4320068359375,1.0,231.22824096679688,288.8556213378906,0.9999992847442627
1026,205.16432189941406,220.92628479003906,1.0,202.83306884765625,263.3709716796875,1.0,179.57887268066406,237.00967407226562,1.0,164.37217712402344,231.07559204101562,1.0,228.30081176757812,240.94705200195312,1.0,244.22418212890625,236.12203979492188,1.0,201.71292114257812,281.0568542480469,1.0,171.01681518554688,285.5066833496094,1.0,230.54344177246094,288.9941101074219,0.9999996423721313
1027,205.06517028808594,220.64817810058594,1.0,202.66697692871094,263.3800964355469,1.0,179.25808715820312,237.00979614257812,1.0,163.89918518066406,231.396240234375,1.0,228.19952392578125,241.0167236328125,1.0,243.7097625732422,236.3193817138672,1.0,201.71456909179688,280.8392028808594,1.0,170.5491485595703,285.5799560546875,1.0,230.36082458496094,288.9443054199219,0.9999998807907104
1028,204.97303771972656,220.74571228027344,1.0,202.65731811523438,263.40350341796875,1.0,179.24172973632812,237.14329528808594,1.0,163.8681182861328,231.34542846679688,1.0,228.3841552734375,241.0770721435547,1.0,243.7174072265625,236.19686889648438,1.0,201.71099853515625,281.1193542480469,1.0,170.8697509765625,285.59503173828125,1.0,230.25230407714844,288.9803466796875,0.9999998807907104
1029,204.6331329345703,220.9727020263672,1.0,202.55856323242188,263.574462890625,1.0,179.13937377929688,237.37118530273438,1.0,163.6119384765625,231.42665100097656,1.0,228.3983612060547,241.105224609375,1.0,243.65101623535156,236.3193817138672,1.0,201.64048767089844,281.15380859375,1.0,170.62062072753906,285.60791015625,1.0,230.1902313232422,289.0284118652344,0.9999998807907104
1030,204.65283203125,221.06436157226562,1.0,202.19134521484375,263.24212646484375,1.0,179.20799255371094,237.36672973632812,1.0,163.56248474121094,231.55587768554688,1.0,228.25865173339844,241.1394805908203,1.0,243.59681701660156,236.24960327148438,1.0,201.18994140625,281.2137451171875,1.0,170.3480682373047,285.62762451171875,1.0,230.02024841308594,289.0387268066406,0.9999998807907104
1031,204.32603454589844,220.9549102783203,1.0,202.07797241210938,263.1781921386719,1.0,178.822265625,237.38848876953125,1.0,163.2935028076172,231.64305114746094,1.0,227.97422790527344,241.01107788085938,1.0,243.37445068359375,236.26284790039062,1.0,201.09951782226562,281.21612548828125,1.0,169.85516357421875,285.63604736328125,1.0,229.85494995117188,289.02197265625,0.9999998807907104
1032,204.42691040039062,221.0641632080078,1.0,201.95248413085938,263.2489929199219,1.0,178.42420959472656,237.3356170654297,1.0,163.0750732421875,231.56788635253906,1.0,227.7433319091797,241.09103393554688,1.0,243.004638671875,236.39913940429688,1.0,200.78773498535156,281.3092956542969,1.0,170.24465942382812,285.64239501953125,1.0,229.9837646484375,288.9659729003906,0.9999998807907104
1033,204.24758911132812,221.04473876953125,1.0,201.79684448242188,263.03997802734375,1.0,178.4551544189453,237.43336486816406,1.0,163.13339233398438,231.53005981445312,1.0,227.6436767578125,241.04183959960938,1.0,242.91525268554688,236.19723510742188,1.0,200.73037719726562,281.3150939941406,1.0,169.9246368408203,285.8336486816406,1.0,229.77076721191406,288.9710388183594,0.9999998807907104
1034,204.09437561035156,220.78712463378906,1.0,201.82626342773438,262.7609558105469,1.0,178.677001953125,236.59564208984375,1.0,162.98117065429688,231.56822204589844,1.0,227.38723754882812,240.5624237060547,1.0,242.64076232910156,236.2069549560547,1.0,200.59144592285156,281.1016845703125,1.0,169.77261352539062,285.5224609375,1.0,230.04786682128906,288.74078369140625,0.9999998807907104
1035,203.966796875,220.30868530273438,1.0,201.6371307373047,262.7319030761719,1.0,178.63623046875,236.0405731201172,1.0,162.98867797851562,231.41726684570312,1.0,227.28875732421875,239.5988311767578,1.0,242.06349182128906,235.24581909179688,1.0,200.57150268554688,281.1596984863281,1.0,169.81544494628906,285.6679382324219,1.0,229.86891174316406,288.70135498046875,0.9999998807907104
1036,203.81178283691406,220.2214813232422,1.0,201.5896453857422,262.6023254394531,1.0,178.36581420898438,236.10003662109375,1.0,162.892822265625,231.39987182617188,1.0,227.301025390625,239.56858825683594,1.0,242.1578369140625,235.10145568847656,1.0,200.34548950195312,281.30828857421875,1.0,170.22422790527344,285.69195556640625,1.0,229.71437072753906,288.83929443359375,0.9999998807907104
1037,203.3494415283203,220.41635131835938,1.0,201.58370971679688,262.72076416015625,1.0,177.53395080566406,237.2265167236328,1.0,162.52130126953125,231.49972534179688,1.0,226.88841247558594,239.89950561523438,1.0,241.9447784423828,234.9998779296875,1.0,200.53976440429688,281.2956237792969,1.0,169.643798828125,285.78558349609375,1.0,229.5236358642578,288.91802978515625,0.9999998807907104
1038,202.91329956054688,220.7344207763672,1.0,201.32968139648438,262.6841125488281,1.0,176.99673461914062,237.12586975097656,1.0,162.22166442871094,231.79608154296875,1.0,226.20188903808594,240.33279418945312,1.0,241.53175354003906,235.22906494140625,1.0,200.3279266357422,281.2256774902344,1.0,169.06259155273438,285.8465270996094,1.0,228.85134887695312,289.0669250488281,0.9999998807907104
1039,202.66400146484375,220.7064208984375,1.0,201.113037109375,262.6239929199219,1.0,176.97335815429688,237.2955322265625,1.0,162.21263122558594,231.92193603515625,1.0,226.0055389404297,240.39283752441406,1.0,241.10848999023438,234.98806762695312,1.0,200.05076599121094,281.225341796875,1.0,168.7852325439453,285.8859558105469,1.0,228.706787109375,288.9922790527344,0.9999998807907104
1040,202.4821319580078,220.64700317382812,1.0,201.02366638183594,262.8096618652344,1.0,176.8580780029297,237.1693878173828,1.0,162.33316040039062,231.96719360351562,1.0,226.0050048828125,240.33767700195312,1.0,240.92489624023438,234.9265899658203,1.0,199.96507263183594,281.2951965332031,1.0,168.61270141601562,285.79296875,1.0,228.45533752441406,289.0765380859375,0.9999998807907104
1041,202.13844299316406,220.35472106933594,1.0,200.699951171875,262.4609069824219,1.0,176.26705932617188,237.27403259277344,1.0,161.82272338867188,232.34828186035156,1.0,225.70535278320312,240.46119689941406,1.0,240.68423461914062,234.95545959472656,1.0,199.3420867919922,281.15625,1.0,168.27877807617188,285.6333923339844,1.0,227.8258819580078,289.0240173339844,0.9999998807907104
1042,200.27476501464844,220.95523071289062,1.0,198.18182373046875,261.7230529785156,1.0,174.33737182617188,237.150634765625,1.0,159.46925354003906,233.1297607421875,1.0,223.63760375976562,240.33633422851562,1.0,238.70840454101562,234.43592834472656,1.0,197.6874237060547,280.0680847167969,1.0,166.43179321289062,285.6695556640625,1.0,226.03504943847656,289.348876953125,0.9999998807907104
1043,198.2416229248047,221.85328674316406,1.0,196.7729034423828,261.69488525390625,1.0,171.916015625,238.5738525390625,1.0,157.70565795898438,233.28607177734375,1.0,221.55389404296875,239.5233917236328,1.0,236.90072631835938,234.16346740722656,1.0,196.4530792236328,279.6914978027344,1.0,165.50904846191406,285.9520568847656,1.0,224.44534301757812,289.34942626953125,0.9999997615814209
1044,197.2008514404297,222.31576538085938,1.0,195.8523712158203,262.2716369628906,1.0,170.61819458007812,238.96070861816406,1.0,156.335205078125,233.40817260742188,1.0,219.7327423095703,239.78977966308594,1.0,235.51605224609375,234.4569549560547,1.0,195.51243591308594,279.8310241699219,1.0,164.46788024902344,285.55352783203125,1.0,223.4742889404297,289.4139404296875,0.9999995231628418
1045,196.4775848388672,222.55882263183594,1.0,195.3351593017578,261.7514343261719,1.0,170.35305786132812,238.82957458496094,1.0,155.78208923339844,233.49156188964844,1.0,219.12730407714844,239.61610412597656,1.0,234.7791290283203,234.28399658203125,1.0,194.89175415039062,279.6215515136719,1.0,163.73312377929688,285.1053161621094,1.0,222.57199096679688,289.2238464355469,0.9999988079071045
1046,196.22682189941406,222.2661895751953,1.0,195.08245849609375,262.12548828125,1.0,170.32167053222656,238.7410125732422,1.0,155.74761962890625,233.30113220214844,1.0,219.21420288085938,239.6616973876953,1.0,235.0079345703125,234.29739379882812,1.0,194.8281707763672,279.6968688964844,1.0,163.8771514892578,285.4229431152344,1.0,222.62400817871094,289.1489562988281,0.9999990463256836
1047,196.41619873046875,222.0965576171875,1.0,195.24815368652344,262.36126708984375,1.0,170.1209716796875,238.841796875,1.0,155.63003540039062,233.4910888671875,1.0,219.3275146484375,239.5990447998047,1.0,235.01123046875,234.28988647460938,1.0,194.97752380371094,280.08148193359375,1.0,163.83914184570312,285.3204345703125,1.0,222.67062377929688,289.3495178222656,0.9999994039535522
1048,196.4322967529297,222.37965393066406,1.0,195.19586181640625,262.384033203125,1.0,170.15672302246094,238.7884979248047,1.0,155.66940307617188,233.5867156982422,1.0,219.33094787597656,239.80845642089844,1.0,235.01011657714844,234.4282989501953,1.0,194.8813018798828,280.31524658203125,1.0,163.83316040039062,285.4457702636719,1.0,223.0294952392578,289.0060729980469,0.9999996423721313
1049,196.5083465576172,222.30140686035156,1.0,195.06060791015625,262.3297119140625,1.0,170.13475036621094,238.76426696777344,1.0,155.78753662109375,233.65985107421875,1.0,219.22532653808594,239.8463134765625,1.0,234.86781311035156,234.36988830566406,1.0,194.96360778808594,280.4385070800781,1.0,163.9120635986328,285.623046875,1.0,223.085205078125,288.9801025390625,0.9999995231628418
1050,196.4651336669922,222.21978759765625,1.0,194.93820190429688,262.3765869140625,1.0,170.1632843017578,238.70953369140625,1.0,155.67681884765625,233.7014617919922,1.0,219.24464416503906,239.8737030029297,1.0,234.95901489257812,234.3548126220703,1.0,194.8185272216797,280.34320068359375,1.0,163.93911743164062,285.60369873046875,1.0,223.08657836914062,288.90362548828125,0.9999994039535522
1051,196.50701904296875,222.1587677001953,1.0,194.84388732910156,262.4103698730469,1.0,170.04403686523438,238.73687744140625,1.0,155.6337127685547,233.70828247070312,1.0,219.1570587158203,239.886474609375,1.0,234.9264678955078,234.21450805664062,1.0,194.724609375,280.50946044921875,1.0,163.95819091796875,285.6654357910156,1.0,223.02008056640625,288.8680419921875,0.9999994039535522
1052,196.239501953125,222.34664916992188,1.0,194.92921447753906,262.5462951660156,1.0,170.03741455078125,238.7491455078125,1.0,155.71234130859375,233.72584533691406,1.0,219.10549926757812,239.822021484375,1.0,234.91986083984375,234.16981506347656,1.0,194.66830444335938,280.4759521484375,1.0,163.97152709960938,285.8070983886719,1.0,222.94862365722656,289.0175476074219,0.9999994039535522
1053,196.3194580078125,222.43948364257812,1.0,194.905029296875,262.40423583984375,1.0,169.89083862304688,238.70260620117188,1.0,155.58250427246094,233.55828857421875,1.0,219.0380096435547,239.78683471679688,1.0,234.8758544921875,234.2583465576172,1.0,194.67832946777344,280.6371154785156,1.0,164.01243591308594,285.8771057128906,1.0,222.97669982910156,289.0252380371094,0.9999995231628418
1054,196.25790405273438,223.05482482910156,1.0,194.64157104492188,262.4823303222656,1.0,170.02392578125,239.3694305419922,1.0,155.07154846191406,233.56239318847656,1.0,218.7069854736328,240.09730529785156,1.0,234.7692108154297,234.21983337402344,1.0,194.5964813232422,280.7552795410156,1.0,163.89158630371094,285.9012451171875,1.0,222.61338806152344,289.0923156738281,0.9999996423721313
1055,196.3609161376953,223.49293518066406,1.0,194.59364318847656,262.1897277832031,1.0,169.6924591064453,239.78955078125,1.0,155.03689575195312,234.2526092529297,1.0,218.59422302246094,240.57704162597656,1.0,234.53302001953125,235.06158447265625,1.0,194.3585205078125,281.0679931640625,1.0,163.91543579101562,285.79632568359375,1.0,222.67909240722656,289.0728454589844,0.9999997615814209
1056,196.43626403808594,223.3079376220703,1.0,194.40933227539062,262.44061279296875,1.0,169.90158081054688,239.53817749023438,1.0,155.49343872070312,233.94827270507812,1.0,218.52435302734375,240.59963989257812,1.0,234.42588806152344,235.1668243408203,1.0,194.13487243652344,281.30548095703125,1.0,163.72523498535156,285.9130859375,1.0,222.55902099609375,289.12799072265625,0.9999996423721313
1057,196.45167541503906,223.25173950195312,1.0,194.34288024902344,262.3808898925781,1.0,169.86239624023438,239.3541259765625,1.0,155.29852294921875,233.9626922607422,1.0,218.58460998535156,240.53668212890625,1.0,234.48707580566406,235.10394287109375,1.0,194.19435119628906,281.2546691894531,1.0,163.7295379638672,285.8810729980469,1.0,222.84300231933594,288.978759765625,0.9999996423721313
1058,196.44247436523438,223.23573303222656,1.0,194.34317016601562,262.28515625,1.0,169.83912658691406,239.3485107421875,1.0,155.3663787841797,233.7535400390625,1.0,218.56814575195312,240.6139373779297,1.0,234.469970703125,235.22731018066406,1.0,194.11453247070312,281.3247375488281,1.0,163.72642517089844,285.895263671875,1.0,222.8476104736328,289.0526428222656,0.9999995231628418
1059,196.47457885742188,223.11605834960938,1.0,194.23748779296875,262.07086181640625,1.0,169.89419555664062,239.3780517578125,1.0,155.3921661376953,233.79525756835938,1.0,218.58755493164062,240.65513610839844,1.0,234.4558563232422,235.16323852539062,1.0,193.9334259033203,281.4184265136719,1.0,163.8167266845703,285.9581298828125,1.0,222.64971923828125,289.1432189941406,0.9999996423721313
1060,196.50277709960938,223.1422576904297,1.0,194.24476623535156,262.089111328125,1.0,169.91651916503906,239.35504150390625,1.0,155.38462829589844,233.69989013671875,1.0,218.56190490722656,240.713134765625,1.0,234.54714965820312,235.06768798828125,1.0,193.9720916748047,281.5409240722656,1.0,163.74240112304688,285.939697265625,1.0,222.5297088623047,289.0424499511719,0.9999996423721313
1061,196.48512268066406,223.1402587890625,1.0,194.11167907714844,262.3440246582031,1.0,169.9206085205078,239.48057556152344,1.0,155.51695251464844,233.73841857910156,1.0,218.50465393066406,240.76524353027344,1.0,234.3119354248047,235.2610321044922,1.0,193.77882385253906,281.5078125,1.0,163.66380310058594,286.014404296875,1.0,222.57228088378906,289.06378173828125,0.9999995231628418
1062,196.3053436279297,223.15536499023438,1.0,193.98870849609375,262.423095703125,1.0,169.72401428222656,239.54493713378906,1.0,155.42869567871094,233.79434204101562,1.0,218.42965698242188,240.87294006347656,1.0,234.19203186035156,235.4086456298828,1.0,193.4644012451172,281.53778076171875,1.0,163.5448455810547,286.015625,1.0,222.33131408691406,289.07208251953125,0.9999991655349731
1063,195.79319763183594,223.0254669189453,1.0,193.12728881835938,262.74310302734375,1.0,169.54769897460938,239.51564025878906,1.0,155.05389404296875,233.8249969482422,1.0,218.14381408691406,240.89463806152344,1.0,234.2620391845703,235.31591796875,1.0,192.14430236816406,281.471435546875,1.0,162.95872497558594,285.8638916015625,1.0,220.84324645996094,289.0773620605469,0.9999995231628418
1064,193.1800079345703,222.44662475585938,1.0,189.87429809570312,261.608154296875,1.0,167.79043579101562,239.39871215820312,1.0,152.91799926757812,232.993408203125,1.0,216.24537658691406,240.71878051757812,1.0,233.26776123046875,234.64804077148438,1.0,190.00848388671875,280.74090576171875,1.0,161.53826904296875,285.6416320800781,1.0,219.57220458984375,288.0387878417969,0.9999997615814209
1065,188.76454162597656,220.78253173828125,1.0,186.2109832763672,261.1950378417969,1.0,163.6577606201172,238.0832977294922,1.0,150.42269897460938,231.40809631347656,1.0,212.88946533203125,239.63043212890625,1.0,230.364990234375,233.61834716796875,1.0,185.86375427246094,279.79766845703125,1.0,158.78311157226562,285.9764404296875,1.0,218.3349151611328,287.39385986328125,0.9999998807907104
1066,186.1342010498047,220.74974060058594,1.0,183.7718048095703,261.41424560546875,1.0,162.48306274414062,238.068115234375,1.0,149.2342071533203,231.69154357910156,1.0,211.91490173339844,239.52720642089844,1.0,228.46641540527344,233.63046264648438,1.0,183.51165771484375,280.077880859375,1.0,156.09832763671875,285.9687805175781,1.0,216.16104125976562,286.9000549316406,0.9999996423721313
1067,184.69198608398438,220.7567901611328,1.0,181.72630310058594,262.0145263671875,1.0,161.59207153320312,238.24253845214844,1.0,147.8224334716797,232.1311798095703,1.0,210.83433532714844,239.7211151123047,1.0,226.75279235839844,233.6787109375,1.0,181.74966430664062,280.2185974121094,1.0,154.3733673095703,286.058837890625,1.0,214.4521484375,286.941650390625,0.9999998807907104
1068,183.06336975097656,220.6136932373047,1.0,179.92567443847656,261.3731384277344,1.0,160.4324493408203,238.3265838623047,1.0,146.56573486328125,232.4149627685547,1.0,209.51976013183594,239.82070922851562,1.0,225.63473510742188,234.55731201171875,1.0,179.54656982421875,280.1180114746094,1.0,153.22955322265625,285.9252014160156,1.0,213.1479949951172,287.0845947265625,1.0
1069,182.1112823486328,220.4794921875,1.0,178.68502807617188,261.4075012207031,1.0,159.60244750976562,238.46400451660156,1.0,145.85491943359375,232.34852600097656,1.0,208.90309143066406,240.0397186279297,1.0,224.3763427734375,234.44900512695312,1.0,177.92306518554688,280.82623291015625,1.0,151.87167358398438,286.1694030761719,1.0,212.53134155273438,287.1436767578125,1.0
1070,181.2443389892578,220.0722198486328,1.0,177.79779052734375,261.0234069824219,1.0,159.33177185058594,238.36752319335938,1.0,145.34103393554688,232.59730529785156,1.0,208.53231811523438,240.03721618652344,1.0,224.0247344970703,234.4431915283203,1.0,177.39013671875,280.7550964355469,1.0,151.14376831054688,286.0534362792969,1.0,211.7904510498047,287.280029296875,1.0
1071,180.2892303466797,219.92274475097656,1.0,176.878662109375,260.340576171875,1.0,158.4591522216797,238.29771423339844,1.0,144.48306274414062,232.69119262695312,1.0,207.4844207763672,239.9405059814453,1.0,222.7513427734375,234.47764587402344,1.0,176.47483825683594,280.7916259765625,1.0,150.397705078125,285.96795654296875,1.0,210.8917694091797,287.42547607421875,1.0
1072,178.3347625732422,220.13926696777344,1.0,174.5284423828125,260.9587707519531,1.0,156.657470703125,238.3738555908203,1.0,143.37588500976562,232.4877471923828,1.0,204.5809783935547,239.76644897460938,1.0,221.1426544189453,234.66590881347656,1.0,174.40322875976562,280.8021545410156,1.0,148.95535278320312,285.80047607421875,1.0,209.56752014160156,287.6929931640625,1.0
1073,176.62791442871094,219.75054931640625,1.0,171.6788330078125,261.4098205566406,1.0,155.69049072265625,237.9431915283203,1.0,142.07070922851562,232.39065551757812,1.0,202.92587280273438,239.6380615234375,1.0,219.51222229003906,234.56674194335938,1.0,170.69552612304688,280.60595703125,1.0,145.97332763671875,285.3207702636719,1.0,208.4807891845703,287.6495056152344,0.9999998807907104
1074,175.02322387695312,219.62136840820312,1.0,170.66184997558594,261.9038391113281,1.0,155.31634521484375,237.81324768066406,1.0,141.26651000976562,232.7508544921875,1.0,202.50534057617188,240.1385955810547,1.0,218.7756805419922,234.57122802734375,1.0,169.79598999023438,281.14923095703125,1.0,144.78857421875,285.44293212890625,1.0,207.50213623046875,287.7670593261719,0.9999997615814209
1075,174.29380798339844,220.11080932617188,1.0,169.74560546875,262.29595947265625,1.0,154.39132690429688,237.91384887695312,1.0,140.91433715820312,232.5296630859375,1.0,201.71588134765625,240.29571533203125,1.0,218.36618041992188,234.87783813476562,1.0,169.00978088378906,281.1781311035156,1.0,143.93373107910156,285.4259033203125,1.0,207.21875,287.35455322265625,0.9999994039535522
1076,170.5298309326172,219.00123596191406,1.0,165.00265502929688,261.06060791015625,1.0,151.08583068847656,236.28126525878906,1.0,138.0083770751953,232.2813720703125,1.0,198.10635375976562,238.86773681640625,1.0,215.37945556640625,233.7373046875,1.0,164.7672119140625,280.49676513671875,1.0,140.823974609375,285.4638977050781,1.0,205.58709716796875,286.58721923828125,0.9999998807907104
1077,166.08453369140625,218.74249267578125,1.0,159.88963317871094,259.4648132324219,1.0,147.18003845214844,235.310791015625,1.0,134.5583038330078,231.9858856201172,1.0,194.47659301757812,237.77557373046875,1.0,210.79969787597656,233.6918182373047,1.0,158.12620544433594,280.8191223144531,1.0,137.01747131347656,285.20098876953125,1.0,200.70376586914062,286.2662658691406,0.9999995231628418
1078,164.43283081054688,218.47036743164062,1.0,158.35757446289062,261.06756591796875,1.0,145.2524871826172,235.46607971191406,1.0,133.5226593017578,231.79823303222656,1.0,192.90451049804688,237.52072143554688,1.0,208.23988342285156,233.5046844482422,1.0,155.9331817626953,280.839111328125,1.0,134.68032836914062,285.026123046875,1.0,198.73175048828125,285.7538146972656,0.9999998807907104
1079,162.9845428466797,218.02374267578125,1.0,156.6945343017578,260.7087707519531,1.0,144.3944091796875,235.3451385498047,1.0,132.77496337890625,231.92481994628906,1.0,191.92735290527344,237.62120056152344,1.0,207.14056396484375,233.58782958984375,1.0,153.758544921875,280.5514831542969,1.0,133.21517944335938,284.6148376464844,0.9999998807907104,197.55284118652344,286.5882873535156,0.9999998807907104
1080,161.8970489501953,218.5313720703125,1.0,155.92308044433594,260.5189514160156,1.0,143.24058532714844,235.077880859375,1.0,132.36233520507812,232.27435302734375,1.0,191.47369384765625,237.5689697265625,1.0,206.96810913085938,233.7885284423828,1.0,153.19113159179688,280.47039794921875,1.0,132.31796264648438,284.7530517578125,1.0,196.79721069335938,286.154296875,0.9999998807907104
1081,160.51675415039062,218.68902587890625,1.0,153.93661499023438,260.0030822753906,1.0,142.27735900878906,235.64073181152344,1.0,131.5550537109375,232.5151824951172,1.0,189.22821044921875,237.06407165527344,1.0,205.658203125,233.5574951171875,1.0,152.44873046875,280.474853515625,1.0,131.5148468017578,284.89678955078125,1.0,196.38690185546875,286.5100402832031,0.9999998807907104
1082,157.11488342285156,219.3992462158203,1.0,150.34413146972656,260.63555908203125,1.0,140.38951110839844,235.94454956054688,1.0,128.81532287597656,232.11001586914062,1.0,186.55831909179688,237.46788024902344,1.0,203.4129638671875,232.46363830566406,1.0,149.93359375,280.6135559082031,1.0,129.01504516601562,284.4748229980469,0.9999991655349731,194.21942138671875,286.27813720703125,0.9999997615814209
1083,154.38677978515625,219.3515625,1.0,147.55174255371094,259.73394775390625,1.0,139.3232421875,236.02101135253906,1.0,127.63084411621094,232.55331420898438,1.0,184.9076385498047,237.55775451660156,1.0,201.10267639160156,232.9744415283203,1.0,147.35081481933594,280.7921447753906,1.0,127.53929901123047,284.7696228027344,0.9999966621398926,192.41903686523438,286.34771728515625,0.9999997615814209
1084,152.27122497558594,219.41110229492188,1.0,145.9241180419922,259.8320007324219,1.0,138.18182373046875,236.19419860839844,1.0,126.3485107421875,233.46124267578125,1.0,183.4483642578125,237.85545349121094,1.0,200.2052764892578,232.9719696044922,1.0,145.34498596191406,281.09796142578125,1.0,126.7406234741211,284.8037109375,0.9999991655349731,191.6794891357422,286.5813293457031,0.9999995231628418
1085,151.6334228515625,219.589599609375,1.0,145.20616149902344,260.3028564453125,1.0,137.4036407470703,236.4403839111328,1.0,125.84862518310547,233.07220458984375,1.0,182.62640380859375,237.98040771484375,1.0,199.06265258789062,233.0059051513672,1.0,144.74105834960938,281.0374450683594,1.0,125.7706298828125,284.7170715332031,0.9999986886978149,190.5335235595703,286.5736389160156,0.9999996423721313
1086,151.20252990722656,219.6659393310547,1.0,144.75308227539062,260.48345947265625,1.0,137.06028747558594,236.302734375,1.0,125.61170196533203,232.91357421875,1.0,181.84793090820312,237.82418823242188,1.0,198.17649841308594,233.0260467529297,1.0,144.4698028564453,280.96002197265625,1.0,124.79888153076172,285.06109619140625,0.9999997615814209,189.750244140625,286.1377258300781,0.9999996423721313
1087,151.13734436035156,219.43556213378906,1.0,144.40939331054688,260.19232177734375,1.0,136.42202758789062,236.01559448242188,1.0,124.744140625,233.3861083984375,1.0,181.31259155273438,236.990234375,1.0,197.84547424316406,232.72706604003906,1.0,144.11355590820312,280.901123046875,1.0,124.64959716796875,284.9757080078125,0.9999995231628418,189.75885009765625,286.0552062988281,0.9999996423721313
1088,151.29698181152344,219.5452117919922,1.0,144.4099884033203,260.3117980957031,1.0,136.2753448486328,236.17752075195312,1.0,124.71558380126953,233.7071075439453,1.0,181.24989318847656,236.87060546875,1.0,197.67160034179688,232.54360961914062,1.0,144.1604766845703,281.0686340332031,1.0,124.63959503173828,285.0989990234375,0.9999996423721313,190.03826904296875,286.0303649902344,0.9999997615814209
1089,151.2462158203125,219.7095489501953,1.0,144.47360229492188,260.2571716308594,1.0,136.31332397460938,236.26312255859375,1.0,124.59652709960938,233.88751220703125,1.0,181.35292053222656,236.86541748046875,1.0,197.81101989746094,232.6483154296875,1.0,144.15184020996094,281.06646728515625,1.0,124.7254867553711,285.137939453125,0.9999997615814209,189.99264526367188,286.0519104003906,0.9999997615814209
1090,151.2679443359375,219.84478759765625,1.0,144.4924774169922,260.2681884765625,1.0,136.46714782714844,236.2801513671875,1.0,124.62692260742188,233.8682861328125,1.0,181.56153869628906,236.69488525390625,1.0,197.89035034179688,232.8030242919922,1.0,144.2202606201172,281.1405334472656,1.0,124.64322662353516,285.2989196777344,0.9999998807907104,190.15692138671875,285.9896240234375,0.9999997615814209
1091,151.09226989746094,219.81805419921875,1.0,144.84054565429688,259.9903869628906,1.0,136.5473175048828,236.27609252929688,1.0,124.80345916748047,234.02932739257812,1.0,182.0596923828125,236.1344451904297,1.0,198.23204040527344,232.0072479248047,1.0,144.4848175048828,281.0521545410156,1.0,124.63716125488281,285.24859619140625,0.9999998807907104,190.78607177734375,285.3911437988281,0.9999997615814209
1092,151.22434997558594,219.5267791748047,1.0,144.77920532226562,260.4124450683594,1.0,136.426025390625,236.08096313476562,1.0,124.71092987060547,233.50946044921875,1.0,181.99554443359375,236.3928680419922,1.0,198.20278930664062,232.01966857910156,1.0,144.43728637695312,280.9740905761719,1.0,124.95865631103516,285.2800598144531,0.9999997615814209,190.8791046142578,285.73309326171875,0.9999997615814209
1093,151.46311950683594,219.719970703125,1.0,144.79664611816406,260.2369689941406,1.0,136.42189025878906,236.1734161376953,1.0,124.49335479736328,233.6297149658203,1.0,181.9081268310547,236.25804138183594,1.0,198.22633361816406,231.899658203125,1.0,144.34744262695312,281.0428466796875,1.0,125.17189025878906,285.3655700683594,0.9999996423721313,190.85125732421875,285.6167297363281,0.9999997615814209
1094,151.4412384033203,219.8361358642578,1.0,144.81423950195312,260.40692138671875,1.0,136.25535583496094,236.15423583984375,1.0,124.43550872802734,233.8529052734375,1.0,181.8660125732422,236.27552795410156,1.0,198.280517578125,231.84657287597656,1.0,144.59039306640625,281.0249938964844,1.0,125.05157470703125,285.54473876953125,0.9999997615814209,190.90475463867188,285.65850830078125,0.9999997615814209
1095,151.41098022460938,219.60076904296875,1.0,144.84585571289062,260.2920837402344,1.0,136.29685974121094,236.2012176513672,1.0,124.35208892822266,233.879638671875,1.0,181.9807891845703,235.9147491455078,1.0,198.21005249023438,231.75669860839844,1.0,144.58407592773438,281.22857666015625,1.0,124.85306549072266,285.70654296875,0.9999997615814209,191.24317932128906,285.69158935546875,0.9999997615814209
1096,151.69338989257812,219.44024658203125,1.0,145.2036590576172,260.3990173339844,1.0,136.43301391601562,236.3917999267578,1.0,124.46530151367188,234.2572021484375,1.0,182.07080078125,235.8893280029297,1.0,198.2054901123047,231.4210968017578,1.0,144.86123657226562,281.0718688964844,1.0,124.96766662597656,285.9946594238281,0.9999998807907104,191.3980255126953,285.79595947265625,0.9999997615814209
1097,151.76100158691406,219.42333984375,1.0,145.30967712402344,260.5445556640625,1.0,136.4453582763672,236.40512084960938,1.0,124.266845703125,234.28466796875,1.0,181.89100646972656,235.89317321777344,1.0,198.18463134765625,231.28390502929688,1.0,145.04998779296875,281.295654296875,1.0,124.95108795166016,286.0030517578125,0.9999998807907104,191.50811767578125,285.8865966796875,0.9999997615814209
1098,151.71888732910156,219.70884704589844,1.0,145.5038604736328,260.3356628417969,1.0,136.3426971435547,236.308837890625,1.0,124.16728973388672,234.4426727294922,1.0,182.02732849121094,235.79486083984375,1.0,198.37522888183594,231.27127075195312,1.0,145.2313690185547,281.3651428222656,1.0,124.94438171386719,286.0811462402344,0.9999998807907104,191.7029571533203,285.825439453125,0.9999997615814209
1099,152.0315399169922,219.42445373535156,1.0,145.7003173828125,260.3196716308594,1.0,136.40560913085938,236.3271026611328,1.0,124.38453674316406,234.58299255371094,1.0,182.08929443359375,235.5713348388672,1.0,198.32769775390625,231.1029510498047,1.0,145.6632537841797,280.9906311035156,1.0,125.2356185913086,286.1954345703125,0.9999998807907104,191.7181854248047,285.92791748046875,0.9999997615814209
1100,151.88803100585938,219.5313720703125,1.0,145.6958465576172,260.39129638671875,1.0,136.2984161376953,236.4256134033203,1.0,124.32013702392578,234.9272918701172,1.0,182.08534240722656,235.55967712402344,1.0,198.4224395751953,231.09225463867188,1.0,145.48817443847656,281.2330322265625,1.0,125.37989807128906,286.2465515136719,0.9999998807907104,191.72561645507812,285.6528625488281,0.9999997615814209
1101,151.7761993408203,219.2255401611328,1.0,145.83168029785156,260.3362731933594,1.0,136.11404418945312,236.25892639160156,1.0,124.20487976074219,234.40835571289062,1.0,181.99440002441406,235.13584899902344,1.0,198.18231201171875,230.8936309814453,1.0,145.9225311279297,280.9395446777344,1.0,125.44634246826172,286.3269348144531,0.9999998807907104,191.8494873046875,285.46002197265625,0.9999997615814209
1102,150.6074981689453,216.8085479736328,1.0,146.9081268310547,258.42572021484375,1.0,135.1310577392578,234.03770446777344,1.0,123.56458282470703,233.52932739257812,1.0,182.19073486328125,232.20277404785156,1.0,199.1592559814453,228.9711151123047,1.0,146.94801330566406,280.285400390625,1.0,125.25299835205078,285.8504333496094,0.9999998807907104,191.90830993652344,284.6759338378906,0.9999996423721313
1103,150.0780792236328,214.76007080078125,1.0,147.28057861328125,256.7813415527344,1.0,134.00924682617188,232.3671112060547,1.0,122.52501678466797,231.85711669921875,1.0,181.95350646972656,230.1857452392578,1.0,198.39772033691406,226.93377685546875,1.0,145.83395385742188,278.568359375,1.0,125.3994140625,284.8562927246094,1.0,190.83740234375,283.25054931640625,0.9999997615814209
1104,149.91810607910156,213.39381408691406,1.0,147.4086151123047,255.9095458984375,1.0,134.0741729736328,231.9879913330078,1.0,122.34807586669922,231.55343627929688,1.0,180.89736938476562,229.55056762695312,1.0,197.4993438720703,225.95802307128906,1.0,145.5692138671875,278.4543762207031,1.0,124.70565032958984,284.62640380859375,1.0,190.62020874023438,283.40753173828125,0.9999996423721313
1105,150.04652404785156,212.68995666503906,1.0,147.49159240722656,255.06170654296875,1.0,133.73330688476562,231.47381591796875,1.0,121.8331298828125,231.15948486328125,1.0,180.68980407714844,228.84951782226562,1.0,197.30935668945312,225.36529541015625,1.0,145.5623779296875,277.6720275878906,1.0,125.0157699584961,284.2362060546875,1.0,190.7400665283203,283.08673095703125,0.9999996423721313
1106,150.19529724121094,212.00668334960938,1.0,147.27984619140625,254.9595947265625,1.0,133.76914978027344,231.15940856933594,1.0,121.56404113769531,230.73414611816406,1.0,181.1817626953125,228.4546356201172,1.0,197.58926391601562,225.15103149414062,1.0,145.4700164794922,277.1640625,1.0,124.89965057373047,283.9322814941406,1.0,191.3048553466797,281.9192810058594,0.9999994039535522
1107,150.28094482421875,211.79554748535156,1.0,147.261474609375,254.0866241455078,1.0,133.59112548828125,230.8365936279297,1.0,121.48560333251953,230.46163940429688,1.0,180.8187713623047,227.6800994873047,1.0,197.28822326660156,224.7188262939453,1.0,145.2070770263672,276.9320373535156,1.0,124.7943115234375,283.8831787109375,1.0,191.648681640625,281.43206787109375,0.9999990463256836
1108,150.43429565429688,211.54139709472656,1.0,147.33978271484375,253.11489868164062,1.0,133.47909545898438,230.30078125,1.0,121.69322204589844,230.2144012451172,1.0,181.10882568359375,227.30496215820312,1.0,197.29832458496094,224.4558868408203,1.0,145.08995056152344,276.1880187988281,1.0,124.75599670410156,283.49127197265625,1.0,190.93423461914062,281.4319152832031,0.999998927116394
1109,150.2410430908203,211.91586303710938,1.0,147.21153259277344,253.62803649902344,1.0,133.51516723632812,231.02943420410156,1.0,121.23255920410156,230.6900177001953,1.0,180.62619018554688,228.3654327392578,1.0,196.8627471923828,224.48663330078125,1.0,145.1647186279297,276.217041015625,1.0,124.92604064941406,283.5921630859375,1.0,191.02499389648438,281.1837463378906,0.9999992847442627
1110,149.45689392089844,212.4152374267578,1.0,145.91160583496094,254.11058044433594,1.0,132.51966857910156,231.1515655517578,1.0,120.62416076660156,230.52955627441406,1.0,179.1751708984375,229.09912109375,1.0,195.79061889648438,225.22476196289062,1.0,144.09535217285156,276.9403381347656,1.0,124.2406234741211,283.48846435546875,1.0,189.2151336669922,282.07867431640625,0.9999994039535522
1111,148.38601684570312,212.9886474609375,1.0,144.83958435058594,254.32627868652344,1.0,131.3964385986328,231.52272033691406,1.0,119.88863372802734,231.21524047851562,1.0,178.41390991210938,229.58172607421875,1.0,194.42138671875,225.46435546875,1.0,143.23326110839844,276.9800109863281,1.0,123.63322448730469,283.782470703125,1.0,188.16636657714844,281.4837341308594,0.9999995231628418
1112,147.93515014648438,213.04100036621094,1.0,143.94671630859375,254.40664672851562,1.0,131.10467529296875,232.18316650390625,1.0,118.93341827392578,231.9099884033203,1.0,178.4672393798828,229.7186279296875,1.0,193.6413116455078,226.19912719726562,1.0,142.63739013671875,277.2601623535156,1.0,122.8023681640625,283.94927978515625,1.0,187.9208221435547,281.98175048828125,0.9999996423721313
1113,147.6846923828125,213.45013427734375,1.0,143.83042907714844,254.67637634277344,1.0,131.0281982421875,232.4397430419922,1.0,118.70851135253906,232.05569458007812,1.0,178.30032348632812,229.90408325195312,1.0,194.1136016845703,226.119140625,1.0,142.62322998046875,277.3602294921875,1.0,122.75253295898438,284.0071716308594,1.0,187.2147979736328,282.064697265625,0.9999996423721313
1114,148.56759643554688,214.1461181640625,1.0,143.38461303710938,254.89065551757812,1.0,130.9880828857422,232.78396606445312,1.0,118.62216186523438,232.3296356201172,1.0,178.26321411132812,229.89317321777344,1.0,193.4025421142578,226.30982971191406,1.0,142.30630493164062,277.4421081542969,1.0,122.86013793945312,284.39617919921875,1.0,187.03211975097656,282.1364440917969,0.9999996423721313
1115,148.53707885742188,214.08164978027344,1.0,142.8023681640625,255.26870727539062,1.0,130.80824279785156,233.01014709472656,1.0,118.54985046386719,232.40611267089844,1.0,178.37022399902344,230.2168426513672,1.0,194.12498474121094,226.27406311035156,1.0,142.04574584960938,277.590576171875,1.0,122.84998321533203,284.4746398925781,1.0,187.27490234375,282.2643127441406,0.9999996423721313
1116,148.44711303710938,214.26991271972656,1.0,142.78646850585938,254.98324584960938,1.0,130.70761108398438,233.11416625976562,1.0,118.57046508789062,232.6721649169922,1.0,178.14706420898438,230.42709350585938,1.0,193.99398803710938,226.36306762695312,1.0,142.12710571289062,277.5981750488281,1.0,122.6807632446289,284.3536071777344,1.0,188.11209106445312,281.94775390625,0.9999995231628418
1117,148.31175231933594,214.16317749023438,1.0,142.81100463867188,255.05885314941406,1.0,130.75027465820312,233.2190704345703,1.0,118.66561126708984,232.87889099121094,1.0,178.05288696289062,230.33013916015625,1.0,193.85867309570312,226.35537719726562,1.0,142.20895385742188,277.55902099609375,1.0,122.8698501586914,284.490234375,1.0,187.87930297851562,281.89349365234375,0.9999996423721313
1118,147.39544677734375,214.09190368652344,1.0,142.89923095703125,255.2234344482422,1.0,130.75503540039062,233.15133666992188,1.0,118.57039642333984,232.7515106201172,1.0,178.18161010742188,230.2063751220703,1.0,193.8987274169922,226.51307678222656,1.0,142.266845703125,277.4425964355469,1.0,122.9297866821289,284.488525390625,1.0,188.00042724609375,281.84637451171875,0.9999996423721313
1119,147.58041381835938,214.09828186035156,1.0,143.083984375,255.10671997070312,1.0,130.843505859375,233.11557006835938,1.0,118.73751068115234,232.76263427734375,1.0,178.31671142578125,230.3951416015625,1.0,194.10125732421875,226.62796020507812,1.0,142.36444091796875,277.416015625,1.0,123.0241470336914,284.5784606933594,1.0,187.7191925048828,281.9993896484375,0.9999997615814209
1120,147.65890502929688,214.09609985351562,1.0,143.21826171875,255.0137176513672,1.0,130.91795349121094,233.2828369140625,1.0,118.72499084472656,233.02194213867188,1.0,178.47756958007812,230.6019287109375,1.0,194.11204528808594,226.74411010742188,1.0,142.37493896484375,277.40618896484375,1.0,123.0845718383789,284.4922180175781,1.0,187.9122314453125,281.8909606933594,0.9999997615814209
1121,147.7816162109375,214.10446166992188,1.0,143.2716064453125,255.1142120361328,1.0,130.9373321533203,233.12310791015625,1.0,118.633056640625,232.9150848388672,1.0,178.567138671875,230.5814208984375,1.0,194.22015380859375,226.8275909423828,1.0,142.54132080078125,277.4169921875,1.0,123.36443328857422,284.5801696777344,1.0,188.04629516601562,282.0396423339844,0.9999997615814209
1122,148.20538330078125,214.1368408203125,1.0,143.5202178955078,255.00535583496094,1.0,131.07669067382812,233.26222229003906,1.0,118.7116470336914,232.67848205566406,1.0,178.95159912109375,230.5527801513672,1.0,194.29603576660156,226.70755004882812,1.0,142.73983764648438,277.22674560546875,1.0,123.4683609008789,284.3558349609375,1.0,187.5391082763672,282.25115966796875,0.9999997615814209
1123,148.28651428222656,214.0323028564453,1.0,143.94100952148438,254.86622619628906,1.0,131.311279296875,233.35415649414062,1.0,118.84004974365234,232.7021484375,1.0,179.12388610839844,230.4989776611328,1.0,194.38238525390625,226.6162872314453,1.0,143.064697265625,277.1874084472656,1.0,123.60418701171875,284.4478454589844,1.0,187.34310913085938,281.8980712890625,0.9999997615814209
1124,148.561279296875,214.17080688476562,1.0,143.94293212890625,255.24916076660156,1.0,131.37997436523438,233.45677185058594,1.0,118.94338989257812,232.6569366455078,1.0,179.09927368164062,230.76446533203125,1.0,194.57864379882812,226.80398559570312,1.0,143.00448608398438,277.2787170410156,1.0,123.5559310913086,284.3583679199219,1.0,187.7408447265625,282.2921447753906,0.9999998807907104
1125,148.62701416015625,214.1142578125,1.0,143.9195098876953,255.43234252929688,1.0,131.4360809326172,233.47552490234375,1.0,118.98542022705078,232.48834228515625,1.0,179.27133178710938,230.76034545898438,1.0,194.79556274414062,226.7600860595703,1.0,143.09414672851562,277.3155517578125,1.0,123.55321502685547,284.3287048339844,1.0,187.97242736816406,282.23858642578125,0.9999998807907104
1126,148.68130493164062,214.28176879882812,1.0,144.04351806640625,255.48541259765625,1.0,131.5299530029297,233.51785278320312,1.0,119.03626251220703,232.56787109375,1.0,179.37911987304688,230.71298217773438,1.0,194.79986572265625,226.72537231445312,1.0,143.3087158203125,277.48931884765625,1.0,123.53853607177734,284.3583679199219,1.0,188.20249938964844,282.17376708984375,0.9999998807907104
1127,148.72853088378906,214.36012268066406,1.0,144.10980224609375,255.60983276367188,1.0,131.75393676757812,233.51194763183594,1.0,119.24895477294922,232.490478515625,1.0,179.3740234375,230.83677673339844,1.0,194.98263549804688,226.71875,1.0,143.31536865234375,277.4621887207031,1.0,123.54400634765625,284.45892333984375,1.0,188.39154052734375,282.111572265625,0.9999998807907104
1128,148.9025115966797,214.59173583984375,1.0,144.28268432617188,254.95541381835938,1.0,131.84396362304688,233.37298583984375,1.0,119.51350402832031,232.22923278808594,1.0,179.59402465820312,230.68453979492188,1.0,195.4919891357422,226.9951171875,1.0,143.2832794189453,277.4823913574219,1.0,123.7665786743164,284.3213806152344,1.0,188.5669708251953,282.3304443359375,0.9999998807907104
1129,148.73728942871094,214.6451873779297,1.0,144.13192749023438,254.97303771972656,1.0,131.79818725585938,233.27862548828125,1.0,119.45248413085938,232.2497100830078,1.0,179.5047149658203,230.68572998046875,1.0,195.5505828857422,226.91807556152344,1.0,143.16937255859375,277.4375915527344,1.0,123.66764831542969,284.4022216796875,1.0,188.71890258789062,282.3485107421875,0.9999998807907104
1130,148.70712280273438,214.67471313476562,1.0,143.75755310058594,254.96498107910156,1.0,131.69261169433594,233.16835021972656,1.0,119.55126190185547,232.33731079101562,1.0,179.4885711669922,230.63978576660156,1.0,195.32327270507812,226.88365173339844,1.0,142.97947692871094,277.540283203125,1.0,123.62371063232422,284.4253845214844,1.0,188.50146484375,282.569580078125,0.9999998807907104
1131,148.73280334472656,214.6354522705078,1.0,143.97409057617188,254.76612854003906,1.0,131.67352294921875,233.21348571777344,1.0,119.59138488769531,232.58660888671875,1.0,179.66659545898438,230.7010498046875,1.0,195.46522521972656,226.98936462402344,1.0,143.2515411376953,277.4310302734375,1.0,123.69585418701172,284.4685974121094,1.0,188.609130859375,282.4717712402344,0.9999998807907104
1132,149.28948974609375,215.04483032226562,1.0,144.96331787109375,254.8621826171875,1.0,132.62570190429688,233.5991973876953,1.0,120.02225494384766,232.4845428466797,1.0,180.31739807128906,231.2549591064453,1.0,195.8937225341797,227.50424194335938,1.0,144.00584411621094,277.5411071777344,1.0,123.81573486328125,284.6435241699219,1.0,188.70619201660156,282.3268737792969,0.9999998807907104
1133,149.85105895996094,215.19435119628906,1.0,145.351318359375,255.3842010498047,1.0,132.9056854248047,233.862548828125,1.0,119.89012145996094,232.9116668701172,1.0,181.24082946777344,231.6119842529297,1.0,196.8927001953125,227.9040069580078,1.0,144.5054931640625,277.7928466796875,1.0,123.95780181884766,284.6968688964844,1.0,188.2322998046875,282.6099548339844,0.9999998807907104
1134,150.2540740966797,215.3352813720703,1.0,145.70281982421875,254.88583374023438,1.0,133.04110717773438,233.74827575683594,1.0,119.7939453125,233.08660888671875,1.0,181.41087341308594,231.60333251953125,1.0,197.37179565429688,228.11459350585938,1.0,144.49884033203125,277.84527587890625,1.0,124.2568359375,284.6946716308594,1.0,188.69252014160156,282.6420593261719,0.9999998807907104
1135,150.41622924804688,215.33505249023438,1.0,145.82313537597656,255.12451171875,1.0,133.32618713378906,233.81338500976562,1.0,120.08436584472656,232.7683868408203,1.0,181.5070037841797,231.7244110107422,1.0,197.3179931640625,228.15829467773438,1.0,144.60328674316406,277.7712097167969,1.0,124.52033996582031,284.7943115234375,1.0,189.11248779296875,282.78436279296875,1.0
1136,150.3389129638672,215.6468963623047,1.0,146.48081970214844,255.40887451171875,1.0,133.93936157226562,233.93629455566406,1.0,120.55196380615234,232.5636444091797,1.0,181.56573486328125,231.772705078125,1.0,197.7666473388672,227.8595733642578,1.0,145.0043487548828,277.7699890136719,1.0,124.76325225830078,284.5815734863281,1.0,189.06356811523438,283.0691833496094,1.0
1137,151.33023071289062,215.70947265625,1.0,147.31881713867188,255.7918243408203,1.0,134.57652282714844,233.95680236816406,1.0,121.08987426757812,232.46539306640625,1.0,181.7988739013672,232.23855590820312,1.0,198.3755645751953,227.85215759277344,1.0,145.51612854003906,278.08343505859375,1.0,125.44021606445312,284.5536193847656,1.0,189.8544921875,283.3907775878906,1.0
1138,152.28750610351562,215.79261779785156,1.0,147.83180236816406,255.43544006347656,1.0,135.5214080810547,234.00096130371094,1.0,122.02084350585938,232.469482421875,1.0,182.41360473632812,232.30763244628906,1.0,199.1401824951172,228.3006591796875,1.0,147.11257934570312,278.4500427246094,1.0,126.43595123291016,284.68084716796875,1.0,190.8749542236328,283.2889404296875,1.0
1139,152.6579132080078,215.7601318359375,1.0,148.37823486328125,255.3519744873047,1.0,136.38116455078125,234.09620666503906,1.0,123.4551010131836,232.903076171875,1.0,182.94557189941406,232.45457458496094,1.0,199.916015625,228.01145935058594,1.0,147.83436584472656,278.21868896484375,1.0,127.1668930053711,284.59454345703125,1.0,191.54563903808594,283.1556396484375,1.0
1140,153.4073486328125,215.91961669921875,1.0,149.09225463867188,255.67515563964844,1.0,136.7972869873047,234.1896209716797,1.0,124.1668701171875,232.94772338867188,1.0,183.1793670654297,232.48239135742188,1.0,199.9801025390625,227.61819458007812,1.0,148.24966430664062,278.3818664550781,1.0,127.58790588378906,284.61444091796875,1.0,191.02565002441406,283.3587341308594,1.0
1141,154.3523406982422,215.9321746826172,1.0,149.7948760986328,255.81727600097656,1.0,137.3465118408203,234.239013671875,1.0,124.32827758789062,232.55899047851562,1.0,183.47296142578125,232.5931396484375,1.0,200.50228881835938,227.7704315185547,1.0,148.41188049316406,277.7277526855469,1.0,127.40898132324219,284.3971862792969,1.0,191.70977783203125,283.2609558105469,1.0
1142,154.49830627441406,215.66329956054688,1.0,150.2252655029297,255.64279174804688,1.0,137.50543212890625,234.30606079101562,1.0,124.55506896972656,232.64303588867188,1.0,183.6270751953125,232.2724609375,1.0,200.96054077148438,227.5082244873047,1.0,148.82699584960938,277.7414245605469,1.0,127.84343719482422,284.4361877441406,1.0,191.96180725097656,283.4623107910156,1.0
1143,154.46206665039062,215.9263153076172,1.0,150.4795684814453,255.8498077392578,1.0,137.48333740234375,234.5362091064453,1.0,124.68257904052734,232.8375244140625,1.0,183.55145263671875,232.41726684570312,1.0,200.7603759765625,227.6520233154297,1.0,149.15545654296875,277.7080993652344,1.0,127.88113403320312,284.521240234375,1.0,191.9627685546875,283.3741760253906,1.0
1144,154.33030700683594,216.07696533203125,1.0,150.3356170654297,255.66419982910156,1.0,137.51986694335938,234.5203399658203,1.0,124.46920013427734,232.8197021484375,1.0,183.43466186523438,232.43862915039062,1.0,200.6037139892578,227.8253173828125,1.0,148.91429138183594,277.63983154296875,1.0,127.8692626953125,284.502685546875,1.0,191.99342346191406,283.24951171875,1.0
1145,154.04800415039062,216.1190948486328,1.0,150.10093688964844,255.74966430664062,1.0,137.28936767578125,234.5715789794922,1.0,124.41593170166016,232.98977661132812,1.0,183.3524627685547,232.54324340820312,1.0,200.45152282714844,228.01528930664062,1.0,148.87271118164062,277.6687316894531,1.0,127.76797485351562,284.6481018066406,1.0,192.07669067382812,282.950439453125,1.0
1146,153.867431640625,215.94525146484375,1.0,149.8616180419922,255.8955078125,1.0,137.14547729492188,234.47463989257812,1.0,124.52217864990234,233.06773376464844,1.0,183.1652374267578,232.4169921875,1.0,200.0939178466797,228.03956604003906,1.0,148.73486328125,277.6405334472656,1.0,127.5802230834961,284.7839050292969,1.0,191.85614013671875,283.20989990234375,1.0
1147,153.32350158691406,215.95306396484375,1.0,148.9440460205078,255.87574768066406,1.0,136.63973999023438,234.31863403320312,1.0,124.20523071289062,233.0742645263672,1.0,182.91700744628906,232.44227600097656,1.0,199.74111938476562,228.02587890625,1.0,148.40322875976562,278.148193359375,1.0,127.08894348144531,284.69525146484375,1.0,191.77499389648438,283.0696105957031,0.9999998807907104
1148,153.01499938964844,216.1981658935547,1.0,148.48057556152344,256.30694580078125,1.0,136.22669982910156,234.3683319091797,1.0,123.89028930664062,233.0767059326172,1.0,182.8495635986328,232.40289306640625,1.0,199.65386962890625,228.1915740966797,1.0,147.8631134033203,278.460205078125,1.0,126.79460144042969,284.70574951171875,1.0,191.58499145507812,283.2764587402344,1.0
1149,152.77944946289062,216.15606689453125,1.0,148.24533081054688,256.2607727050781,1.0,136.17031860351562,234.3802947998047,1.0,123.80475616455078,233.1434783935547,1.0,182.76429748535156,232.45028686523438,1.0,199.63528442382812,228.1788330078125,1.0,147.4014892578125,278.4486999511719,1.0,126.58018493652344,284.7437438964844,1.0,191.5675506591797,283.2429504394531,1.0
1150,152.79290771484375,216.0772705078125,1.0,148.20843505859375,256.29925537109375,1.0,136.20620727539062,234.3444366455078,1.0,123.89522552490234,233.10533142089844,1.0,182.61480712890625,232.39402770996094,1.0,199.54928588867188,228.25570678710938,1.0,147.4373321533203,278.64776611328125,1.0,126.46001434326172,284.7912292480469,1.0,191.48191833496094,283.4375305175781,1.0
1151,152.52264404296875,215.93716430664062,1.0,148.20352172851562,256.3269348144531,1.0,135.9505157470703,234.0904998779297,1.0,123.5614242553711,233.00108337402344,1.0,182.32884216308594,232.30764770507812,1.0,199.27525329589844,228.22120666503906,1.0,147.39723205566406,278.60498046875,1.0,126.40750122070312,284.7738952636719,1.0,191.53369140625,283.1676330566406,1.0
1152,152.24114990234375,215.79344177246094,1.0,147.97573852539062,256.2157287597656,1.0,135.55430603027344,234.06761169433594,1.0,123.3616943359375,233.0168914794922,1.0,182.13429260253906,232.26644897460938,1.0,199.0581817626953,227.93202209472656,1.0,147.3114471435547,278.26470947265625,1.0,126.54910278320312,284.9475402832031,1.0,191.09230041503906,282.8219909667969,1.0
1153,152.16371154785156,215.66070556640625,1.0,147.88380432128906,256.0540771484375,1.0,135.41134643554688,234.06210327148438,1.0,123.28545379638672,233.1995391845703,1.0,182.00843811035156,232.40432739257812,1.0,198.92625427246094,228.18324279785156,1.0,147.16494750976562,278.1649169921875,1.0,126.46440124511719,284.9364013671875,1.0,191.17405700683594,282.9436340332031,1.0
1154,152.25686645507812,215.30975341796875,1.0,147.8302459716797,256.0873718261719,1.0,135.44407653808594,233.87869262695312,1.0,123.29218292236328,232.96607971191406,1.0,181.9187469482422,232.1805419921875,1.0,198.90199279785156,228.1160125732422,1.0,147.03550720214844,278.1960754394531,1.0,126.3245849609375,284.8110046386719,1.0,191.0318145751953,282.9178466796875,1.0
1155,151.83956909179688,215.45433044433594,1.0,147.58897399902344,256.05157470703125,1.0,135.31289672851562,234.00390625,1.0,123.15082550048828,233.15640258789062,1.0,181.88404846191406,232.17742919921875,1.0,198.7939910888672,228.0045166015625,1.0,146.8029022216797,278.23724365234375,1.0,126.30009460449219,285.0096130371094,1.0,190.6205291748047,282.83966064453125,0.9999998807907104
1156,151.5628204345703,215.31829833984375,1.0,147.3668975830078,256.0719299316406,1.0,135.07603454589844,234.1903533935547,1.0,122.81548309326172,233.25827026367188,1.0,181.84312438964844,231.91465759277344,1.0,197.7829132080078,227.21409606933594,1.0,146.5642547607422,278.16107177734375,1.0,126.0692138671875,285.0536804199219,1.0,190.32142639160156,282.41998291015625,1.0
1157,150.91937255859375,214.99964904785156,1.0,147.37863159179688,256.6524658203125,1.0,133.5831298828125,234.05874633789062,1.0,120.98123931884766,232.6634979248047,1.0,180.0106201171875,231.78843688964844,1.0,196.42941284179688,227.25384521484375,1.0,145.32412719726562,277.664794921875,1.0,125.23575592041016,284.7177734375,1.0,188.84835815429688,282.3804626464844,0.9999998807907104
1158,149.44778442382812,214.74142456054688,1.0,145.70187377929688,256.0662841796875,1.0,132.3495635986328,233.9743194580078,1.0,119.75050354003906,232.9253387451172,1.0,179.31053161621094,231.4955596923828,1.0,195.2711181640625,227.2877197265625,1.0,144.19142150878906,277.6595458984375,1.0,124.24918365478516,284.80279541015625,1.0,188.29129028320312,282.6019287109375,0.9999998807907104
1159,149.20645141601562,214.75433349609375,1.0,145.3319854736328,256.064697265625,1.0,131.79867553710938,234.13153076171875,1.0,119.48555755615234,232.97132873535156,1.0,179.1020050048828,231.4290008544922,1.0,194.57752990722656,227.07156372070312,1.0,144.09283447265625,277.5727233886719,1.0,123.98849487304688,284.8232727050781,1.0,187.67526245117188,282.2958679199219,0.9999998807907104
1160,149.1859130859375,214.8003387451172,1.0,145.2256622314453,255.874267578125,1.0,131.82904052734375,234.24131774902344,1.0,119.46731567382812,233.13949584960938,1.0,179.04417419433594,231.24591064453125,1.0,194.5855255126953,227.11801147460938,1.0,144.005859375,277.54632568359375,1.0,124.00902557373047,284.8021545410156,1.0,187.70899963378906,282.48651123046875,0.9999998807907104
1161,148.980224609375,214.73724365234375,1.0,144.9569091796875,256.0074462890625,1.0,131.80079650878906,234.22007751464844,1.0,119.48765563964844,233.2584228515625,1.0,178.84120178222656,231.16566467285156,1.0,194.6040496826172,227.0924530029297,1.0,143.8868408203125,277.60491943359375,1.0,123.89216613769531,284.7939758300781,1.0,187.63694763183594,282.2839050292969,0.9999998807907104
1162,147.80868530273438,213.97760009765625,1.0,144.0171661376953,253.97274780273438,1.0,131.43394470214844,232.81759643554688,1.0,119.13606262207031,233.29920959472656,1.0,178.7288360595703,229.26968383789062,1.0,194.71766662597656,226.33685302734375,1.0,142.88882446289062,276.80413818359375,1.0,123.69278717041016,284.0293273925781,1.0,188.1295623779297,281.7311096191406,0.9999998807907104
1163,148.6986846923828,210.7874755859375,1.0,143.9124755859375,250.79832458496094,1.0,132.17967224121094,229.56690979003906,1.0,119.93220520019531,230.6875457763672,1.0,178.93255615234375,226.5748748779297,1.0,194.65090942382812,223.3216094970703,1.0,141.9242706298828,273.76898193359375,1.0,122.91926574707031,282.8131408691406,1.0,187.03173828125,281.3102111816406,0.9999998807907104
1164,149.4197998046875,209.0733184814453,1.0,144.1254119873047,249.53384399414062,1.0,132.39369201660156,228.0962371826172,1.0,119.93807220458984,227.67295837402344,1.0,178.7286376953125,225.23941040039062,1.0,194.13433837890625,221.9191131591797,1.0,142.2052764892578,271.8238220214844,1.0,122.55091857910156,280.5345764160156,1.0,187.6873779296875,278.8608703613281,1.0
1165,148.9396514892578,209.11038208007812,1.0,143.81956481933594,248.386962890625,1.0,132.51852416992188,227.9039306640625,1.0,120.05496215820312,227.47991943359375,1.0,178.85287475585938,224.5439453125,1.0,195.1499481201172,221.89581298828125,1.0,142.09381103515625,270.9756774902344,1.0,122.65572357177734,279.9746398925781,1.0,187.50401306152344,277.783447265625,1.0
1166,149.09596252441406,208.16065979003906,1.0,143.65354919433594,246.65823364257812,1.0,132.58338928222656,227.17918395996094,1.0,120.24890899658203,227.10769653320312,1.0,178.838134765625,223.487060546875,1.0,195.32598876953125,221.0807342529297,1.0,142.07699584960938,269.8913269042969,1.0,122.93496704101562,278.4817810058594,1.0,187.68536376953125,277.7628173828125,1.0
1167,149.73068237304688,206.4215545654297,1.0,144.2379150390625,244.73477172851562,1.0,132.9305877685547,225.08470153808594,1.0,120.4366683959961,226.17120361328125,1.0,178.8883514404297,222.44326782226562,1.0,195.33665466308594,219.94517517089844,1.0,142.46591186523438,268.2469177246094,1.0,122.60478210449219,276.8608703613281,1.0,187.48513793945312,276.8124694824219,1.0
1168,149.67945861816406,205.6879425048828,1.0,143.6561737060547,243.78257751464844,1.0,132.7146759033203,223.86227416992188,1.0,120.18814086914062,225.43431091308594,1.0,178.9821319580078,222.0009002685547,1.0,195.5912628173828,218.99618530273438,1.0,142.4364013671875,266.3658752441406,1.0,121.84318542480469,275.5205078125,1.0,187.29148864746094,275.5948791503906,1.0
1169,149.7166748046875,205.295654296875,1.0,144.14187622070312,243.22402954101562,1.0,132.6188201904297,223.4376678466797,1.0,120.2810287475586,225.0875244140625,1.0,178.79254150390625,221.26206970214844,1.0,195.56861877441406,218.50633239746094,1.0,143.05209350585938,265.5631408691406,1.0,121.92172241210938,275.089599609375,1.0,187.1787872314453,274.70001220703125,1.0
1170,150.09390258789062,204.52365112304688,1.0,144.39027404785156,242.61744689941406,1.0,132.6982421875,223.04116821289062,1.0,120.29295349121094,224.7409210205078,1.0,179.1746826171875,221.1282501220703,1.0,195.63441467285156,217.98365783691406,1.0,143.4512939453125,265.1839599609375,1.0,121.9886703491211,274.8779602050781,1.0,187.07232666015625,273.7567443847656,1.0
1171,151.3392791748047,203.06712341308594,1.0,145.302490234375,241.49864196777344,1.0,133.08692932128906,222.0057830810547,1.0,120.50057983398438,224.00694274902344,1.0,179.3377685546875,220.1465606689453,1.0,196.0599365234375,217.61581420898438,1.0,144.07427978515625,264.3857421875,1.0,122.03221130371094,274.0291748046875,1.0,186.98687744140625,273.2944641113281,0.9999998807907104
1172,151.54232788085938,201.97146606445312,1.0,145.39645385742188,240.77252197265625,1.0,133.2578887939453,221.74949645996094,1.0,120.71378326416016,223.44032287597656,1.0,179.3735809326172,219.47605895996094,1.0,196.16506958007812,217.33102416992188,1.0,144.20285034179688,263.58233642578125,1.0,122.28587341308594,273.1600646972656,1.0,186.5960235595703,272.7705993652344,0.9999998807907104
1173,151.5924072265625,201.9342498779297,1.0,145.62342834472656,240.07269287109375,1.0,133.30416870117188,221.57945251464844,1.0,120.7447509765625,223.24810791015625,1.0,179.19386291503906,219.2771453857422,1.0,196.4541778564453,217.26072692871094,1.0,144.12875366210938,262.514404296875,1.0,122.48648834228516,272.84271240234375,1.0,185.97146606445312,272.6192932128906,0.9999998807907104
1174,151.70425415039062,201.51901245117188,1.0,145.92955017089844,239.89401245117188,1.0,133.28030395507812,221.4827423095703,1.0,120.7625961303711,223.2205047607422,1.0,179.3374481201172,218.9828338623047,1.0,196.5707244873047,216.94973754882812,1.0,144.50537109375,262.34796142578125,1.0,122.43766784667969,272.4336853027344,1.0,186.3234100341797,272.291259765625,0.9999998807907104
1175,152.0753631591797,201.56826782226562,1.0,146.15943908691406,239.75381469726562,1.0,133.97067260742188,221.0759735107422,1.0,121.36190795898438,222.50083923339844,1.0,179.59011840820312,218.74989318847656,1.0,196.8469696044922,216.70372009277344,1.0,144.7447967529297,261.70306396484375,1.0,122.66230773925781,271.9144592285156,1.0,186.28575134277344,272.1601867675781,0.9999998807907104
1176,152.3050079345703,201.1913299560547,1.0,147.0687713623047,239.55088806152344,1.0,133.81378173828125,220.81753540039062,1.0,121.18289184570312,222.8881072998047,1.0,179.90797424316406,218.0355682373047,1.0,196.87747192382812,216.56312561035156,1.0,145.20176696777344,261.45263671875,1.0,122.56663513183594,271.416015625,1.0,187.31837463378906,271.8406066894531,0.9999998807907104
1177,152.2489013671875,201.0832061767578,1.0,146.55581665039062,239.4084930419922,1.0,133.84730529785156,220.7475128173828,1.0,121.2796859741211,222.3877410888672,1.0,179.94622802734375,217.98306274414062,1.0,197.041015625,216.2181396484375,1.0,144.9678955078125,260.7072448730469,1.0,122.67447662353516,271.4779968261719,1.0,187.1735382080078,271.89971923828125,0.9999998807907104
1178,152.5090789794922,200.93894958496094,1.0,146.6020965576172,238.96340942382812,1.0,133.9296112060547,220.5281524658203,1.0,121.31883239746094,222.0068817138672,1.0,180.35362243652344,217.85643005371094,1.0,197.6381378173828,215.94642639160156,1.0,145.13218688964844,259.7569274902344,1.0,123.35083770751953,270.909423828125,1.0,187.84442138671875,271.633544921875,0.9999997615814209
1179,152.84677124023438,200.80226135253906,1.0,147.05067443847656,238.3311309814453,1.0,134.32542419433594,220.4473876953125,1.0,121.54161071777344,221.444580078125,1.0,180.70631408691406,217.1859130859375,1.0,198.04849243164062,215.34559631347656,1.0,145.6214141845703,259.41583251953125,1.0,123.98146057128906,270.8138427734375,1.0,188.2239990234375,271.87109375,0.9999997615814209
1180,153.0538787841797,200.5487823486328,1.0,147.1824951171875,238.28465270996094,1.0,134.22796630859375,220.39833068847656,1.0,121.69734191894531,221.67684936523438,1.0,181.06948852539062,217.16148376464844,1.0,198.16470336914062,215.17581176757812,1.0,145.57452392578125,259.2162780761719,1.0,123.99090576171875,270.3181457519531,1.0,188.1385040283203,271.2984619140625,0.9999998807907104
1181,153.36146545410156,200.5952606201172,1.0,147.42100524902344,237.81956481933594,1.0,134.38973999023438,220.296630859375,1.0,121.83383178710938,221.642578125,1.0,181.09654235839844,216.76614379882812,1.0,198.12782287597656,215.07553100585938,1.0,145.69712829589844,258.94659423828125,1.0,124.06378173828125,270.1292419433594,1.0,188.31800842285156,271.2884521484375,0.9999997615814209
1182,153.84451293945312,200.39306640625,1.0,147.87440490722656,237.90187072753906,1.0,134.69415283203125,220.15419006347656,1.0,122.07350158691406,221.57318115234375,1.0,181.13308715820312,216.93020629882812,1.0,198.55958557128906,215.21739196777344,1.0,146.01486206054688,259.1058349609375,1.0,123.98081970214844,270.104736328125,1.0,188.320556640625,271.1289367675781,0.9999997615814209
1183,154.11196899414062,199.84036254882812,1.0,148.21719360351562,237.44895935058594,1.0,134.98291015625,220.0785369873047,1.0,122.29945373535156,221.2881622314453,1.0,181.27114868164062,216.9784393310547,1.0,198.5939178466797,215.0753936767578,1.0,146.36917114257812,258.97650146484375,1.0,124.08599090576172,269.68023681640625,1.0,188.43487548828125,270.9779357910156,0.9999998807907104
1184,154.62503051757812,199.64208984375,1.0,148.69671630859375,237.4298553466797,1.0,135.3548126220703,219.86300659179688,1.0,122.60746765136719,221.17294311523438,1.0,181.36929321289062,216.9075164794922,1.0,198.9071807861328,215.25148010253906,1.0,146.93826293945312,258.8589782714844,1.0,124.62049865722656,269.6017150878906,1.0,189.087158203125,270.5097961425781,0.9999998807907104
1185,154.67245483398438,199.5420684814453,1.0,147.7865753173828,236.60821533203125,1.0,135.6025390625,219.66012573242188,1.0,122.85292053222656,220.95787048339844,1.0,181.52212524414062,216.8743896484375,1.0,198.98764038085938,215.19171142578125,1.0,147.23634338378906,258.5022888183594,1.0,124.6050033569336,269.1526794433594,1.0,189.3124237060547,270.2805480957031,0.9999998807907104
1186,154.9182586669922,199.40438842773438,1.0,147.69471740722656,236.67929077148438,1.0,135.56045532226562,219.53128051757812,1.0,122.83583068847656,220.95932006835938,1.0,181.7325439453125,216.8738555908203,1.0,199.02085876464844,215.16758728027344,1.0,147.1519317626953,258.2659606933594,1.0,124.4775161743164,269.0804443359375,1.0,189.4394989013672,270.1363220214844,0.9999998807907104
1187,155.20309448242188,199.31846618652344,1.0,147.90003967285156,236.50222778320312,1.0,135.8075714111328,219.55674743652344,1.0,122.72224426269531,221.40823364257812,1.0,181.88253784179688,216.94483947753906,1.0,199.37954711914062,215.19207763671875,1.0,147.1905059814453,257.9580993652344,1.0,124.37195587158203,268.8045654296875,1.0,189.92198181152344,270.10650634765625,0.9999998807907104
1188,155.4746551513672,199.7164764404297,1.0,148.4658203125,235.8390350341797,1.0,136.18829345703125,219.502197265625,1.0,122.9213638305664,221.18116760253906,1.0,182.1792449951172,216.46380615234375,1.0,199.76271057128906,214.47750854492188,1.0,147.87083435058594,257.43798828125,1.0,125.06465911865234,268.8927917480469,1.0,189.70166015625,270.02752685546875,0.9999998807907104
1189,155.9125213623047,199.25526428222656,1.0,148.66207885742188,235.62249755859375,1.0,136.31683349609375,219.21885681152344,1.0,123.25652313232422,220.67015075683594,1.0,182.43792724609375,216.58438110351562,1.0,200.9396209716797,214.42523193359375,1.0,148.19114685058594,257.21319580078125,1.0,125.41509246826172,268.7972106933594,1.0,189.83868408203125,269.6690673828125,0.9999998807907104
1190,156.24893188476562,198.3209686279297,1.0,148.93798828125,235.86517333984375,1.0,136.31753540039062,218.95545959472656,1.0,123.26277160644531,220.52529907226562,1.0,182.46070861816406,216.55958557128906,1.0,200.979248046875,214.24900817871094,1.0,147.9613494873047,256.140869140625,1.0,125.59368133544922,268.59228515625,1.0,189.8195037841797,270.1236877441406,0.9999998807907104
1191,156.70567321777344,198.1801300048828,1.0,149.42877197265625,235.75692749023438,1.0,136.75184631347656,218.913330078125,1.0,123.64312744140625,220.1966552734375,1.0,182.70986938476562,216.6033477783203,1.0,201.03555297851562,214.16558837890625,1.0,148.2007293701172,256.1394958496094,1.0,125.54228210449219,268.15093994140625,1.0,190.14639282226562,270.0011291503906,0.9999998807907104
1192,156.93724060058594,197.84461975097656,1.0,149.56495666503906,235.90196228027344,1.0,136.8289794921875,218.7366943359375,1.0,123.60639190673828,220.0802764892578,1.0,182.96340942382812,216.630859375,1.0,201.38360595703125,214.4975128173828,1.0,148.43994140625,256.11248779296875,1.0,125.41934204101562,267.937255859375,1.0,190.24110412597656,270.1102294921875,1.0
1193,156.833984375,198.03216552734375,1.0,149.3445281982422,235.47747802734375,1.0,136.82554626464844,218.717529296875,1.0,123.6109390258789,219.78033447265625,1.0,183.06719970703125,216.6337890625,1.0,201.33319091796875,214.32830810546875,1.0,148.70578002929688,256.1748962402344,1.0,125.64376831054688,267.76708984375,1.0,190.4127960205078,269.80548095703125,1.0
1194,157.1421356201172,198.16683959960938,1.0,149.78973388671875,235.58547973632812,1.0,136.86587524414062,218.8405303955078,1.0,123.70584869384766,219.70046997070312,1.0,183.2831573486328,216.7761993408203,1.0,201.71304321289062,214.4745330810547,1.0,149.23046875,256.2459716796875,1.0,125.72527313232422,267.7269592285156,1.0,190.3610076904297,270.12176513671875,1.0
1195,157.32611083984375,198.08323669433594,1.0,149.89508056640625,235.30300903320312,1.0,137.02951049804688,218.5872039794922,1.0,123.7361068725586,219.31028747558594,1.0,183.46446228027344,216.69033813476562,1.0,201.95166015625,214.4449005126953,1.0,149.13108825683594,255.92593383789062,1.0,125.77626037597656,267.54095458984375,1.0,190.2182159423828,270.057373046875,1.0
1196,157.4506072998047,197.95018005371094,1.0,149.998779296875,235.193359375,1.0,137.15972900390625,218.68295288085938,1.0,123.78833770751953,219.37628173828125,1.0,183.4907989501953,216.63478088378906,1.0,202.1314239501953,214.60227966308594,1.0,149.22837829589844,256.0153503417969,1.0,125.66682434082031,267.48583984375,1.0,190.3168487548828,269.98895263671875,1.0
1197,158.0892333984375,197.52255249023438,1.0,150.85040283203125,235.30316162109375,1.0,137.53240966796875,218.0979766845703,1.0,124.11184692382812,218.72474670410156,1.0,183.77854919433594,216.44529724121094,1.0,202.00616455078125,214.50714111328125,1.0,149.28878784179688,255.37979125976562,1.0,125.73115539550781,267.3918151855469,1.0,190.21202087402344,270.10736083984375,1.0
1198,158.4045867919922,196.30372619628906,1.0,150.3675537109375,234.1800079345703,1.0,138.08078002929688,217.42625427246094,1.0,124.28077697753906,218.9378662109375,1.0,183.98391723632812,215.9619598388672,1.0,202.58726501464844,214.32769775390625,1.0,148.5261993408203,254.8515167236328,1.0,125.93171691894531,267.3393859863281,1.0,190.1355438232422,269.9925231933594,1.0
1199,158.11727905273438,196.4853515625,1.0,150.207275390625,234.0251922607422,1.0,137.76939392089844,217.33798217773438,1.0,124.12576293945312,218.6836395263672,1.0,183.8160400390625,215.60842895507812,1.0,202.40431213378906,214.259765625,1.0,148.15309143066406,254.81141662597656,1.0,125.69598388671875,266.87408447265625,1.0,190.17007446289062,269.6743469238281,1.0
1200,157.8319549560547,196.08847045898438,1.0,149.9911651611328,233.87503051757812,1.0,137.75070190429688,217.21913146972656,1.0,124.15608215332031,218.56631469726562,1.0,183.6823272705078,215.5680694580078,1.0,202.23092651367188,214.18324279785156,1.0,148.15391540527344,254.87033081054688,1.0,125.57025146484375,266.8949279785156,1.0,190.0395050048828,269.1087646484375,1.0
1201,158.0488739013672,196.1250762939453,1.0,150.1299285888672,233.8543243408203,1.0,137.7350311279297,217.0169219970703,1.0,124.01070404052734,218.3182373046875,1.0,183.78280639648438,215.68560791015625,1.0,202.26097106933594,214.24374389648438,1.0,148.22015380859375,254.68980407714844,1.0,125.34687042236328,266.8961486816406,1.0,189.8949432373047,268.79351806640625,1.0
1202,157.9368438720703,196.09774780273438,1.0,149.7427520751953,233.49591064453125,1.0,137.39865112304688,216.61097717285156,1.0,123.6045913696289,217.84596252441406,1.0,183.7156982421875,215.75892639160156,1.0,202.24703979492188,214.2594757080078,1.0,147.734130859375,254.39622497558594,1.0,124.04678344726562,266.57720947265625,1.0,189.3966522216797,268.9329833984375,1.0
1203,157.52369689941406,195.8642578125,1.0,148.82940673828125,233.5064697265625,1.0,136.97520446777344,216.14353942871094,1.0,124.04149627685547,217.42874145507812,1.0,183.19656372070312,215.77940368652344,1.0,201.59820556640625,214.1068878173828,1.0,146.09332275390625,255.27963256835938,1.0,123.30581665039062,265.86456298828125,1.0,188.87176513671875,269.2395324707031,1.0
1204,157.34938049316406,195.79507446289062,1.0,148.76466369628906,233.56370544433594,1.0,136.7438201904297,216.27159118652344,1.0,123.9160385131836,217.232177734375,1.0,182.98834228515625,215.4989471435547,1.0,201.191650390625,214.09259033203125,1.0,145.83309936523438,255.36705017089844,1.0,123.00675964355469,265.5848083496094,1.0,188.6519317626953,269.375,0.9999998807907104
1205,156.9595184326172,195.59036254882812,1.0,148.28427124023438,233.12994384765625,1.0,136.55328369140625,215.98431396484375,1.0,123.76807403564453,217.1238555908203,1.0,182.64634704589844,215.8260955810547,1.0,200.3843994140625,214.26083374023438,1.0,145.29835510253906,254.98654174804688,1.0,122.35417938232422,265.3795471191406,1.0,187.92727661132812,269.3492126464844,0.9999998807907104
1206,156.5028533935547,195.80889892578125,1.0,147.24317932128906,233.4322967529297,1.0,135.91229248046875,216.3618621826172,1.0,123.56666564941406,217.2129364013672,1.0,182.40325927734375,215.99281311035156,1.0,199.5797882080078,214.27215576171875,1.0,144.57847595214844,254.8543243408203,1.0,121.55406188964844,265.603515625,1.0,187.25906372070312,269.02105712890625,0.9999998807907104
1207,155.8268585205078,195.58921813964844,1.0,146.1599884033203,232.82318115234375,1.0,135.43402099609375,216.18931579589844,1.0,123.43610382080078,217.06472778320312,1.0,182.2685546875,215.88995361328125,1.0,199.41143798828125,214.38316345214844,1.0,144.0222625732422,254.54940795898438,1.0,121.0845947265625,265.64263916015625,1.0,187.30984497070312,269.4346008300781,0.9999998807907104
1208,155.78614807128906,195.7176513671875,1.0,145.64125061035156,232.74996948242188,1.0,135.02195739746094,216.32943725585938,1.0,123.1719741821289,217.23731994628906,1.0,182.29351806640625,215.83961486816406,1.0,199.26100158691406,214.49859619140625,1.0,143.46356201171875,254.50277709960938,1.0,121.02547454833984,265.8099670410156,1.0,186.93931579589844,269.6513366699219,0.9999998807907104
1209,155.39988708496094,196.05397033691406,1.0,145.40579223632812,232.94667053222656,1.0,134.91307067871094,216.6033477783203,1.0,122.90506744384766,217.63992309570312,1.0,182.08609008789062,216.0299835205078,1.0,199.1434783935547,214.84478759765625,1.0,143.25042724609375,254.64280700683594,1.0,120.97339630126953,265.94818115234375,1.0,186.77322387695312,269.8804931640625,0.9999998807907104
1210,155.2798614501953,196.19508361816406,1.0,145.6636962890625,234.09080505371094,1.0,134.72190856933594,216.50308227539062,1.0,122.7958984375,217.3531951904297,1.0,181.3491668701172,216.38229370117188,1.0,198.50625610351562,215.42083740234375,1.0,142.704833984375,254.75537109375,1.0,120.54264068603516,266.17193603515625,1.0,186.09939575195312,269.41265869140625,0.9999997615814209
1211,154.44122314453125,196.6385955810547,1.0,144.77493286132812,234.79002380371094,1.0,134.24342346191406,216.9029998779297,1.0,122.82875061035156,217.55130004882812,1.0,180.9852294921875,216.69834899902344,1.0,198.04005432128906,215.6121063232422,1.0,142.17041015625,255.35726928710938,1.0,120.16006469726562,266.56903076171875,1.0,185.70033264160156,269.8751220703125,0.9999998807907104
1212,153.93809509277344,196.75897216796875,1.0,144.447509765625,234.94325256347656,1.0,134.3301239013672,216.71401977539062,1.0,122.87112426757812,217.53041076660156,1.0,180.58120727539062,216.59991455078125,1.0,197.70303344726562,215.81056213378906,1.0,141.5457763671875,255.72462463378906,1.0,119.60989379882812,266.5993347167969,1.0,185.88595581054688,269.82061767578125,0.9999997615814209
1213,153.68695068359375,196.9961700439453,1.0,144.01309204101562,234.1881866455078,1.0,134.0757293701172,216.94810485839844,1.0,122.73434448242188,217.66419982910156,1.0,180.5936279296875,216.84750366210938,1.0,197.58639526367188,215.89767456054688,1.0,141.62681579589844,256.0053405761719,1.0,119.5582504272461,266.6386413574219,1.0,185.27674865722656,270.093017578125,0.9999998807907104
1214,153.37997436523438,197.32546997070312,1.0,144.32608032226562,235.08514404296875,1.0,133.82310485839844,216.9864501953125,1.0,122.00436401367188,218.02474975585938,1.0,180.33770751953125,216.87562561035156,1.0,197.3922882080078,215.8708953857422,1.0,141.55479431152344,255.84547424316406,1.0,119.18350219726562,266.3724060058594,1.0,185.12518310546875,270.2912902832031,0.9999998807907104
1215,152.83218383789062,197.75762939453125,1.0,143.49020385742188,234.4825897216797,1.0,133.624267578125,217.4096221923828,1.0,121.73665618896484,218.22886657714844,1.0,179.43179321289062,217.32713317871094,1.0,196.86085510253906,216.10165405273438,1.0,141.45423889160156,255.99253845214844,1.0,118.35087585449219,266.775390625,1.0,184.64419555664062,270.7461242675781,0.9999998807907104
1216,152.0057373046875,198.00306701660156,1.0,141.9091033935547,235.1025390625,1.0,132.7735595703125,217.82229614257812,1.0,121.32231140136719,218.67169189453125,1.0,178.8798065185547,217.69786071777344,1.0,196.31442260742188,216.47242736816406,1.0,140.3037109375,256.2168884277344,1.0,117.5434799194336,266.718994140625,1.0,184.00491333007812,271.11102294921875,0.9999997615814209
1217,151.6339874267578,198.02784729003906,1.0,141.6721649169922,235.6187744140625,1.0,132.25430297851562,217.8206787109375,1.0,121.04064178466797,218.44590759277344,1.0,178.22012329101562,217.39915466308594,1.0,196.27581787109375,216.53070068359375,1.0,139.35708618164062,256.116943359375,1.0,117.0971908569336,266.6349792480469,1.0,183.80445861816406,271.0382385253906,0.9999997615814209
1218,151.56544494628906,198.23394775390625,1.0,141.26669311523438,235.18663024902344,1.0,131.96363830566406,218.14205932617188,1.0,120.56449127197266,218.6106719970703,1.0,177.90576171875,217.65469360351562,1.0,195.18568420410156,216.67987060546875,1.0,139.31704711914062,256.2113342285156,1.0,117.13433837890625,266.7958984375,1.0,183.57681274414062,271.5265808105469,0.9999998807907104
1219,151.42919921875,198.0125732421875,1.0,140.67518615722656,235.26528930664062,1.0,131.84278869628906,217.80557250976562,1.0,120.53296661376953,218.559814453125,1.0,177.4470977783203,217.79344177246094,1.0,194.1065216064453,216.95028686523438,1.0,138.5889892578125,256.1559143066406,1.0,116.1285629272461,266.88140869140625,1.0,183.35934448242188,271.33428955078125,0.9999998807907104
1220,151.23193359375,198.23048400878906,1.0,140.3806915283203,235.38644409179688,1.0,131.6270751953125,217.89524841308594,1.0,120.16033935546875,218.95323181152344,1.0,177.4648895263672,217.85479736328125,1.0,193.9107666015625,216.8669891357422,1.0,138.3559112548828,256.5292663574219,1.0,116.0711669921875,266.9564514160156,1.0,183.15982055664062,271.8109130859375,0.9999998807907104
1221,151.01046752929688,198.10391235351562,1.0,139.8502655029297,234.97755432128906,1.0,130.8164520263672,217.92181396484375,1.0,120.20892333984375,219.21861267089844,1.0,177.15037536621094,217.80450439453125,1.0,193.66969299316406,216.98245239257812,1.0,137.76422119140625,256.5318298339844,1.0,115.50204467773438,266.69085693359375,1.0,182.35195922851562,271.7855224609375,0.9999998807907104
1222,150.76119995117188,198.22332763671875,1.0,139.59461975097656,235.68052673339844,1.0,130.65675354003906,218.0779266357422,1.0,119.96114349365234,219.37493896484375,1.0,177.1100616455078,217.80081176757812,1.0,193.8669891357422,217.06143188476562,1.0,137.63418579101562,256.5295715332031,1.0,115.40338134765625,266.9224548339844,1.0,181.9723663330078,271.447998046875,0.9999998807907104
1223,150.52615356445312,198.03512573242188,1.0,139.46559143066406,235.78623962402344,1.0,130.5052032470703,218.0569610595703,1.0,119.86630249023438,219.20309448242188,1.0,176.94374084472656,217.8821563720703,1.0,193.74267578125,217.1195831298828,1.0,137.49488830566406,256.67181396484375,1.0,115.34099578857422,267.1010437011719,1.0,181.6820068359375,271.57379150390625,1.0
1224,150.3889617919922,198.4416046142578,1.0,139.45265197753906,235.81564331054688,1.0,130.25289916992188,218.25070190429688,1.0,119.39099884033203,219.49722290039062,1.0,176.77638244628906,217.80751037597656,1.0,193.67771911621094,216.9593505859375,1.0,137.42457580566406,256.96673583984375,1.0,115.36312103271484,266.9704284667969,1.0,181.5789794921875,271.5303649902344,1.0
1225,150.06678771972656,198.6119384765625,1.0,139.27281188964844,235.87461853027344,1.0,130.294189453125,218.22776794433594,1.0,119.26436614990234,219.36961364746094,1.0,176.39564514160156,217.8472137451172,1.0,193.60426330566406,217.06890869140625,1.0,137.28271484375,257.07037353515625,1.0,115.29461669921875,267.0885925292969,1.0,181.4455108642578,271.433349609375,1.0
1226,149.8911590576172,198.5429229736328,1.0,138.79708862304688,235.32437133789062,1.0,129.90480041503906,218.0594940185547,1.0,119.04695892333984,219.25938415527344,1.0,176.1999053955078,217.69578552246094,1.0,193.5784912109375,217.12319946289062,1.0,136.97962951660156,256.612548828125,1.0,115.14932250976562,266.9308776855469,1.0,181.43519592285156,271.2904052734375,1.0
1227,149.58189392089844,197.9673614501953,1.0,138.79531860351562,235.4792938232422,1.0,129.74021911621094,217.69317626953125,1.0,119.038818359375,218.99620056152344,1.0,175.54437255859375,217.33648681640625,1.0,193.38491821289062,217.1154327392578,1.0,136.77659606933594,256.5125427246094,1.0,114.99921417236328,266.76190185546875,1.0,181.82931518554688,271.4651184082031,0.9999998807907104
1228,149.40301513671875,197.66476440429688,1.0,138.8557891845703,235.46897888183594,1.0,129.7526397705078,217.83468627929688,1.0,119.04472351074219,219.3246307373047,1.0,175.71978759765625,217.30711364746094,1.0,193.15887451171875,216.8743438720703,1.0,137.40859985351562,256.93646240234375,1.0,114.89892578125,266.8395690917969,1.0,181.74761962890625,271.2317810058594,0.9999998807907104
1229,149.4329376220703,198.00823974609375,1.0,139.16439819335938,235.68663024902344,1.0,129.7349395751953,217.8313446044922,1.0,119.03447723388672,219.11448669433594,1.0,175.9935760498047,217.5778350830078,1.0,192.9677276611328,216.80609130859375,1.0,137.78323364257812,256.2449035644531,1.0,114.93113708496094,266.65252685546875,1.0,181.87388610839844,270.8397521972656,1.0
1230,149.64488220214844,198.16600036621094,1.0,139.89163208007812,236.11044311523438,1.0,129.67335510253906,217.93222045898438,1.0,118.73462677001953,219.34628295898438,1.0,176.19467163085938,217.6575927734375,1.0,193.05152893066406,216.63722229003906,1.0,138.56201171875,256.298828125,1.0,115.29927825927734,266.88079833984375,1.0,181.83245849609375,270.2977600097656,1.0
1231,150.1512908935547,197.87828063964844,1.0,139.77713012695312,235.72618103027344,1.0,129.94203186035156,217.76663208007812,1.0,118.74214172363281,219.1383056640625,1.0,176.33084106445312,217.71755981445312,1.0,193.25733947753906,216.44439697265625,1.0,138.66864013671875,256.11138916015625,1.0,115.83285522460938,266.6214294433594,1.0,182.34066772460938,270.19854736328125,0.9999998807907104
1232,150.5923309326172,198.17098999023438,1.0,140.7657928466797,235.45309448242188,1.0,130.01670837402344,217.89419555664062,1.0,118.54029846191406,219.16175842285156,1.0,176.72740173339844,217.75735473632812,1.0,193.7041473388672,216.3642578125,1.0,139.03884887695312,255.93289184570312,1.0,116.1845474243164,266.4699401855469,1.0,182.3191680908203,270.4977111816406,1.0
1233,150.6515655517578,198.2631072998047,1.0,141.1188507080078,235.60543823242188,1.0,130.244873046875,217.92724609375,1.0,118.48493194580078,219.05404663085938,1.0,176.8123321533203,217.93240356445312,1.0,194.14517211914062,216.12905883789062,1.0,139.27554321289062,255.93833923339844,1.0,116.41131591796875,266.4433288574219,1.0,182.34205627441406,270.3096923828125,1.0
1234,150.58843994140625,198.2697296142578,1.0,141.33294677734375,235.681396484375,1.0,130.47378540039062,217.89102172851562,1.0,118.54083251953125,219.0303192138672,1.0,176.72860717773438,217.7734832763672,1.0,194.35372924804688,216.0150909423828,1.0,139.43072509765625,255.74468994140625,1.0,117.02928924560547,266.7939758300781,1.0,182.5600128173828,270.29217529296875,1.0
1235,150.62159729003906,198.18475341796875,1.0,141.6540985107422,235.86767578125,1.0,130.52780151367188,217.91285705566406,1.0,118.60800170898438,218.9222412109375,1.0,176.8710174560547,217.8788604736328,1.0,194.32972717285156,216.0207061767578,1.0,139.65391540527344,255.7052459716797,1.0,117.16160583496094,266.6571044921875,1.0,182.95355224609375,270.170654296875,1.0
1236,150.6446075439453,197.84971618652344,1.0,142.01087951660156,235.84591674804688,1.0,130.85690307617188,217.61993408203125,1.0,118.73384857177734,218.4324493408203,1.0,176.8850860595703,217.8067169189453,1.0,194.56008911132812,215.97711181640625,1.0,140.29290771484375,255.87094116210938,1.0,117.48748016357422,266.9888916015625,1.0,183.1702117919922,269.8408203125,0.9999998807907104
1237,150.7327880859375,197.83328247070312,1.0,142.16249084472656,235.78553771972656,1.0,131.04037475585938,217.66441345214844,1.0,118.87887573242188,218.49888610839844,1.0,177.1426239013672,217.795654296875,1.0,194.73594665527344,215.9282684326172,1.0,140.36380004882812,255.7947235107422,1.0,117.50977325439453,266.8230285644531,1.0,182.98202514648438,269.9902648925781,0.9999998807907104
1238,150.58216857910156,198.0070343017578,1.0,142.37017822265625,235.8081817626953,1.0,131.05821228027344,217.67642211914062,1.0,118.8170394897461,218.5098876953125,1.0,177.16322326660156,217.69003295898438,1.0,194.8426971435547,215.7127685546875,1.0,140.48464965820312,255.90829467773438,1.0,117.61622619628906,266.8924255371094,1.0,183.0184326171875,269.77838134765625,0.9999998807907104
1239,150.89468383789062,197.8466033935547,1.0,142.9888458251953,235.99720764160156,1.0,131.27255249023438,217.78155517578125,1.0,119.01820373535156,218.42874145507812,1.0,177.3370819091797,217.7436981201172,1.0,195.07620239257812,215.76815795898438,1.0,140.90060424804688,255.86248779296875,1.0,118.0544662475586,266.6570739746094,1.0,183.15213012695312,269.9375,0.9999998807907104
1240,153.46177673339844,198.0674285888672,1.0,145.22216796875,235.87039184570312,1.0,133.2931365966797,217.65414428710938,1.0,120.90945434570312,218.4141387939453,1.0,180.8568115234375,217.62168884277344,1.0,197.86122131347656,216.4481658935547,1.0,142.8075408935547,255.77395629882812,1.0,119.6246337890625,266.2374572753906,1.0,185.22023010253906,270.01727294921875,0.9999998807907104
1241,158.1446533203125,197.40760803222656,1.0,149.54757690429688,235.71194458007812,1.0,136.8188934326172,217.67352294921875,1.0,123.51842498779297,218.10809326171875,1.0,184.28302001953125,217.757568359375,1.0,202.18817138671875,215.948486328125,1.0,147.95106506347656,256.7090759277344,1.0,123.30799102783203,267.38153076171875,1.0,188.5843048095703,269.3583679199219,1.0
1242,164.1611785888672,198.7298126220703,1.0,159.7499237060547,236.99806213378906,1.0,142.51641845703125,218.92257690429688,1.0,128.13841247558594,218.2124786376953,1.0,191.35964965820312,218.3135528564453,1.0,208.82437133789062,216.7144012451172,1.0,156.5458984375,256.20184326171875,1.0,130.5784149169922,268.0865173339844,1.0,196.1057891845703,269.5606994628906,1.0
1243,176.890869140625,201.876708984375,1.0,177.57015991210938,239.4773712158203,1.0,155.9561004638672,222.6747283935547,1.0,140.3509063720703,221.56802368164062,1.0,203.89353942871094,219.41265869140625,1.0,220.31253051757812,217.20046997070312,1.0,178.46966552734375,260.9384460449219,1.0,149.38966369628906,274.60736083984375,1.0,210.89532470703125,271.8894958496094,1.0
1244,184.53662109375,201.54617309570312,1.0,188.4639892578125,241.30381774902344,1.0,163.89108276367188,223.7686004638672,1.0,148.240966796875,223.38771057128906,1.0,212.99795532226562,221.73887634277344,1.0,227.99282836914062,218.35020446777344,1.0,189.66799926757812,260.98797607421875,1.0,159.0072784423828,275.009033203125,1.0,218.45669555664062,274.3604736328125,1.0
1245,188.54574584960938,201.51504516601562,1.0,192.0848388671875,242.39366149902344,1.0,167.32626342773438,224.42323303222656,1.0,151.60916137695312,223.80397033691406,1.0,215.921630859375,222.159912109375,1.0,231.3760986328125,219.9148712158203,1.0,192.46995544433594,263.2814636230469,1.0,162.53964233398438,275.2698059082031,1.0,221.22906494140625,275.5494689941406,1.0
1246,191.00485229492188,202.65818786621094,1.0,193.7694854736328,242.5642547607422,1.0,168.8060302734375,224.98928833007812,1.0,152.5281524658203,224.58486938476562,1.0,217.52171325683594,222.9673309326172,1.0,232.6514129638672,220.3819580078125,1.0,194.17543029785156,264.64605712890625,1.0,164.40008544921875,276.40545654296875,1.0,222.7328643798828,276.32415771484375,1.0
1247,191.67962646484375,203.3031005859375,1.0,193.8714599609375,242.79725646972656,1.0,169.005859375,225.28759765625,1.0,153.2335662841797,225.07550048828125,1.0,218.12124633789062,223.26585388183594,1.0,233.0895538330078,220.80581665039062,1.0,194.3162078857422,264.7013854980469,1.0,164.55712890625,276.3813171386719,1.0,223.23143005371094,276.77752685546875,1.0
1248,191.7766876220703,203.69276428222656,1.0,193.73716735839844,242.5561065673828,1.0,168.73532104492188,225.73876953125,1.0,153.0774383544922,225.1897430419922,1.0,218.1112060546875,223.48297119140625,1.0,233.43470764160156,221.0,1.0,193.87257385253906,265.22674560546875,1.0,164.1334686279297,276.509765625,1.0,223.0901641845703,276.7052917480469,1.0
1249,192.08041381835938,203.72808837890625,1.0,193.05096435546875,242.5763397216797,1.0,168.97198486328125,225.57760620117188,1.0,153.05026245117188,225.19564819335938,1.0,217.6912841796875,223.62020874023438,1.0,233.52981567382812,221.39187622070312,1.0,193.4482879638672,265.623291015625,1.0,163.29083251953125,275.9734802246094,1.0,222.68199157714844,277.02471923828125,1.0
1250,196.5087890625,204.4243621826172,1.0,196.66160583496094,241.16053771972656,1.0,171.72250366210938,224.40652465820312,1.0,155.0635986328125,223.98666381835938,1.0,222.63580322265625,224.07003784179688,1.0,236.6385498046875,221.6562042236328,1.0,195.91700744628906,264.4232177734375,1.0,164.6197509765625,275.6642761230469,1.0,223.62673950195312,277.0644836425781,1.0
1251,210.21827697753906,203.31192016601562,1.0,212.4760284423828,241.01638793945312,1.0,183.8595428466797,222.3753204345703,1.0,167.1284637451172,220.8985595703125,1.0,232.56781005859375,223.3315887451172,1.0,245.75503540039062,222.98683166503906,1.0,211.56011962890625,264.3359375,1.0,178.59951782226562,273.55279541015625,1.0,236.38726806640625,274.56927490234375,1.0
1252,215.99098205566406,202.39544677734375,1.0,217.51036071777344,240.1170196533203,1.0,187.91966247558594,221.21343994140625,1.0,170.4912872314453,220.55615234375,1.0,236.80213928222656,222.75572204589844,1.0,249.96331787109375,223.87973022460938,1.0,218.30189514160156,261.57037353515625,1.0,184.40126037597656,271.86846923828125,1.0,240.9295196533203,275.1372375488281,1.0
1253,217.16079711914062,202.093994140625,1.0,219.6431884765625,239.54730224609375,1.0,190.47434997558594,221.06011962890625,1.0,172.5326385498047,219.6952362060547,1.0,237.6882781982422,222.8641357421875,1.0,251.8365020751953,224.6532440185547,1.0,220.6068115234375,261.3549499511719,1.0,186.3201141357422,271.4928283691406,1.0,242.5777130126953,274.8518981933594,1.0
1254,218.84613037109375,201.53045654296875,1.0,221.02737426757812,239.26513671875,1.0,191.2336883544922,219.97767639160156,1.0,173.3822479248047,219.1510009765625,1.0,238.3366241455078,222.8737030029297,1.0,252.1200714111328,224.8537139892578,1.0,221.61245727539062,261.6254577636719,1.0,187.53994750976562,270.86175537109375,1.0,244.39866638183594,275.0238037109375,1.0
1255,219.75450134277344,201.589111328125,1.0,221.75375366210938,239.0352325439453,1.0,192.22874450683594,220.10093688964844,1.0,174.90721130371094,218.9774169921875,1.0,238.8672332763672,222.99224853515625,1.0,252.63790893554688,224.46754455566406,1.0,222.65570068359375,260.8764343261719,1.0,188.54415893554688,271.0709228515625,1.0,245.38763427734375,275.0520324707031,1.0
1256,221.2548370361328,200.9410858154297,1.0,223.4286346435547,238.5515594482422,1.0,193.73277282714844,219.2492218017578,1.0,175.98623657226562,218.4944610595703,1.0,239.71240234375,222.9341583251953,1.0,253.3571014404297,224.56568908691406,1.0,223.50881958007812,260.8264465332031,1.0,189.51165771484375,271.184814453125,1.0,245.84129333496094,274.951904296875,1.0
1257,222.85598754882812,200.09707641601562,1.0,224.7914581298828,238.69082641601562,1.0,194.6959228515625,219.6746826171875,1.0,177.09072875976562,218.2877960205078,1.0,241.4254608154297,223.3645782470703,1.0,254.50039672851562,224.49288940429688,1.0,224.69259643554688,260.44683837890625,1.0,189.56434631347656,271.4488830566406,1.0,246.761962890625,275.1910400390625,1.0
1258,223.07656860351562,199.6865997314453,1.0,225.9697723388672,238.7740020751953,1.0,194.97547912597656,219.6240997314453,1.0,177.2300567626953,218.2340087890625,1.0,241.9358367919922,223.59866333007812,1.0,254.74078369140625,224.29611206054688,1.0,225.81101989746094,261.3090515136719,1.0,189.4405975341797,272.01031494140625,1.0,247.1888885498047,275.1051025390625,1.0
1259,223.40333557128906,199.73251342773438,1.0,227.82513427734375,239.3743896484375,1.0,195.1876983642578,220.8892059326172,1.0,177.75738525390625,219.09231567382812,1.0,242.20553588867188,223.42881774902344,1.0,254.92892456054688,223.01686096191406,1.0,227.94549560546875,262.206298828125,1.0,192.4646453857422,273.4050598144531,1.0,249.537109375,274.1855163574219,1.0
1260,223.5626220703125,199.3412628173828,1.0,229.2591552734375,239.47119140625,1.0,195.6476593017578,220.7747039794922,1.0,178.10682678222656,219.4442138671875,1.0,242.69505310058594,222.78912353515625,1.0,254.6522674560547,222.60206604003906,1.0,229.91525268554688,262.2042236328125,1.0,193.01651000976562,273.79022216796875,1.0,250.36659240722656,274.0408935546875,1.0
1261,223.74134826660156,198.94857788085938,1.0,229.8731231689453,239.10975646972656,1.0,195.52186584472656,220.8554229736328,1.0,177.885986328125,219.60801696777344,1.0,242.80921936035156,222.55050659179688,1.0,254.49749755859375,222.2860107421875,1.0,230.4991912841797,261.8644714355469,1.0,193.2201385498047,273.92132568359375,1.0,250.37063598632812,274.7644348144531,1.0
1262,223.68161010742188,198.88665771484375,1.0,230.04983520507812,239.1712646484375,1.0,195.66903686523438,220.96826171875,1.0,178.31097412109375,219.45352172851562,1.0,242.93780517578125,222.65914916992188,1.0,254.442138671875,222.0822296142578,1.0,230.82968139648438,261.6969299316406,1.0,193.60638427734375,273.974609375,1.0,250.79656982421875,274.5865478515625,1.0
1263,223.8700714111328,198.50830078125,1.0,230.591064453125,238.789306640625,1.0,195.52235412597656,220.86000061035156,1.0,178.47232055664062,219.59764099121094,1.0,243.2650909423828,222.36822509765625,1.0,254.42408752441406,221.9478302001953,1.0,231.429443359375,260.9827575683594,1.0,193.77243041992188,273.9150390625,1.0,250.95303344726562,274.3860778808594,1.0
1264,224.12876892089844,198.29293823242188,1.0,231.52041625976562,238.58384704589844,1.0,195.92852783203125,220.8160400390625,1.0,178.65284729003906,219.6078643798828,1.0,243.41213989257812,222.38485717773438,1.0,254.6685791015625,221.55653381347656,1.0,232.97850036621094,260.5003967285156,1.0,195.35137939453125,273.6501770019531,1.0,251.84310913085938,274.4255065917969,1.0
1265,225.1365966796875,198.01373291015625,1.0,233.23348999023438,239.14610290527344,1.0,196.46878051757812,220.48712158203125,1.0,179.08169555664062,219.32998657226562,1.0,244.3703155517578,222.4076690673828,1.0,255.11911010742188,220.94775390625,1.0,235.1770477294922,260.092529296875,1.0,195.76681518554688,273.820068359375,1.0,252.8513946533203,274.8038024902344,1.0
1266,226.08319091796875,197.52151489257812,1.0,233.8065948486328,238.58030700683594,1.0,196.76756286621094,219.38360595703125,1.0,179.59934997558594,218.67979431152344,1.0,244.7714385986328,221.89959716796875,1.0,255.201904296875,220.66226196289062,1.0,235.81390380859375,258.4168395996094,1.0,196.11241149902344,273.1409606933594,1.0,253.31224060058594,274.6060485839844,1.0
1267,227.28436279296875,196.1328582763672,1.0,234.18136596679688,236.45700073242188,1.0,197.55345153808594,217.7785186767578,1.0,180.78384399414062,218.14401245117188,1.0,245.36143493652344,220.56529235839844,1.0,255.27609252929688,220.479248046875,1.0,235.68064880371094,256.99420166015625,1.0,196.4038543701172,271.6619567871094,1.0,254.56983947753906,272.55194091796875,1.0
1268,227.44577026367188,195.21644592285156,1.0,235.08580017089844,235.62428283691406,1.0,197.7606964111328,217.2098388671875,1.0,181.05923461914062,217.67869567871094,1.0,245.70018005371094,219.4827117919922,1.0,255.927734375,219.5520782470703,1.0,235.92295837402344,256.8684997558594,1.0,196.00048828125,270.3028259277344,1.0,255.03855895996094,271.4339904785156,1.0
1269,227.27845764160156,194.9644317626953,1.0,234.4744110107422,234.9654998779297,1.0,198.12197875976562,217.16360473632812,1.0,181.35708618164062,217.61695861816406,1.0,245.96311950683594,218.74993896484375,1.0,256.7491455078125,219.27626037597656,1.0,236.0200653076172,255.947998046875,1.0,196.177734375,269.975830078125,1.0,255.75839233398438,269.5041198730469,0.9999998807907104
1270,226.78489685058594,194.77792358398438,1.0,234.46893310546875,234.5546417236328,1.0,197.79043579101562,216.99859619140625,1.0,181.35098266601562,217.80996704101562,1.0,245.52865600585938,218.3668975830078,1.0,256.5389404296875,218.8433074951172,1.0,236.27557373046875,256.23492431640625,1.0,196.3018798828125,269.8234558105469,1.0,255.96095275878906,269.44317626953125,0.9999998807907104
1271,226.5587921142578,194.4444122314453,1.0,233.91114807128906,234.2689971923828,1.0,197.55764770507812,216.5964813232422,1.0,181.3704376220703,217.22299194335938,1.0,245.60577392578125,218.31849670410156,1.0,256.5865478515625,218.7862548828125,1.0,235.56631469726562,256.1284484863281,1.0,196.0774383544922,269.67987060546875,1.0,255.7650909423828,269.1075439453125,0.9999998807907104
1272,226.117919921875,194.5705108642578,1.0,234.13661193847656,234.60728454589844,1.0,197.8421173095703,216.67681884765625,1.0,180.88180541992188,217.0579376220703,1.0,245.8486785888672,218.01263427734375,1.0,257.17144775390625,218.37417602539062,1.0,235.94847106933594,256.11224365234375,1.0,195.45668029785156,269.2384033203125,1.0,255.92356872558594,269.1170959472656,0.9999998807907104
1273,226.1910400390625,194.490234375,1.0,234.91415405273438,234.90158081054688,1.0,197.94442749023438,216.55746459960938,1.0,181.12484741210938,216.95196533203125,1.0,245.7772216796875,217.97384643554688,1.0,257.1601867675781,218.2221221923828,1.0,235.9227294921875,255.7055206298828,1.0,195.59811401367188,269.1541442871094,1.0,255.9619903564453,269.11474609375,0.9999998807907104
1274,226.12945556640625,194.52687072753906,1.0,234.5516815185547,234.9837646484375,1.0,197.95741271972656,216.59803771972656,1.0,180.88400268554688,216.81788635253906,1.0,245.80892944335938,218.0791778564453,1.0,257.2629089355469,218.15655517578125,1.0,235.41763305664062,256.25,1.0,194.765625,268.8661193847656,1.0,255.5604705810547,268.8968811035156,0.9999998807907104
1275,225.90438842773438,194.46881103515625,1.0,233.56639099121094,234.6368408203125,1.0,197.78567504882812,216.5563507080078,1.0,180.77706909179688,216.4101104736328,1.0,245.57894897460938,218.10488891601562,1.0,257.1809997558594,218.17770385742188,1.0,234.0975341796875,254.9145965576172,1.0,193.8379669189453,268.4065246582031,1.0,254.19406127929688,268.8147888183594,1.0
1276,225.69744873046875,194.6407928466797,1.0,233.5816650390625,235.06996154785156,1.0,197.6382598876953,216.70005798339844,1.0,180.7707061767578,216.30026245117188,1.0,245.60635375976562,218.14385986328125,1.0,257.3337707519531,218.1079559326172,1.0,233.9356231689453,255.0416717529297,1.0,193.28762817382812,268.2347412109375,1.0,253.7456512451172,269.18121337890625,1.0
1277,225.65206909179688,194.64578247070312,1.0,233.10043334960938,234.84567260742188,1.0,197.73294067382812,216.51986694335938,1.0,180.71424865722656,216.3772735595703,1.0,245.65850830078125,218.25953674316406,1.0,257.451171875,218.1854248046875,1.0,233.55853271484375,254.76248168945312,1.0,193.2632598876953,268.0787048339844,1.0,253.79049682617188,268.98272705078125,1.0
1278,225.50140380859375,194.7165069580078,1.0,233.0817413330078,235.1294403076172,1.0,197.5691680908203,216.53530883789062,1.0,180.6604461669922,216.20249938964844,1.0,245.71209716796875,218.45448303222656,1.0,257.5755310058594,218.23046875,1.0,233.7202911376953,254.62452697753906,1.0,193.0227508544922,268.3233947753906,1.0,253.79168701171875,269.0016174316406,1.0
1279,225.18841552734375,195.2987518310547,1.0,232.81748962402344,235.36666870117188,1.0,197.34823608398438,216.74716186523438,1.0,180.58970642089844,216.335693359375,1.0,245.38331604003906,219.00213623046875,1.0,257.717529296875,218.08377075195312,1.0,233.56346130371094,255.1562957763672,1.0,192.8218536376953,269.0941162109375,1.0,253.58468627929688,269.1430969238281,1.0
1280,225.4875030517578,195.3981475830078,1.0,233.4425506591797,236.3331756591797,1.0,197.00450134277344,216.98553466796875,1.0,180.27650451660156,216.5290069580078,1.0,245.32467651367188,219.68177795410156,1.0,257.8914794921875,218.20574951171875,1.0,234.2686767578125,256.5299072265625,1.0,192.9215087890625,270.2829284667969,1.0,253.62432861328125,268.98590087890625,0.9999998807907104
1281,225.16856384277344,195.73281860351562,1.0,233.18455505371094,236.619140625,1.0,197.03143310546875,217.10755920410156,1.0,180.38388061523438,216.85287475585938,1.0,245.23532104492188,219.65037536621094,1.0,257.6396179199219,218.47097778320312,1.0,234.00155639648438,256.7569580078125,1.0,192.79409790039062,270.61962890625,1.0,253.95729064941406,269.0181884765625,0.9999998807907104
1282,225.39761352539062,196.0469512939453,1.0,233.30169677734375,236.70973205566406,1.0,196.8946075439453,217.27127075195312,1.0,180.33541870117188,216.97731018066406,1.0,245.26010131835938,220.03817749023438,1.0,257.8822021484375,219.01904296875,1.0,233.89590454101562,257.135986328125,1.0,192.75096130371094,270.9122619628906,1.0,254.2021484375,269.73858642578125,0.9999998807907104
1283,225.36672973632812,196.13050842285156,1.0,233.64976501464844,236.6080322265625,1.0,197.07260131835938,217.4604949951172,1.0,180.34255981445312,216.97500610351562,1.0,245.400146484375,220.0852813720703,1.0,258.0058288574219,219.00743103027344,1.0,234.09864807128906,257.2987060546875,1.0,193.4352264404297,270.8093566894531,1.0,254.24725341796875,270.4289245605469,0.9999998807907104
1284,225.8229522705078,196.0413818359375,1.0,233.35711669921875,236.78712463378906,1.0,197.63064575195312,217.33148193359375,1.0,180.40626525878906,217.15577697753906,1.0,245.7554931640625,220.22299194335938,1.0,258.2232666015625,219.518798828125,1.0,234.09609985351562,257.479736328125,1.0,193.994873046875,270.86474609375,1.0,253.74732971191406,272.01263427734375,1.0
1285,225.89576721191406,196.0951385498047,1.0,233.36700439453125,236.70802307128906,1.0,197.6777801513672,217.35292053222656,1.0,180.57518005371094,217.0953826904297,1.0,245.796630859375,220.27035522460938,1.0,257.6483459472656,219.46054077148438,1.0,234.1295623779297,257.6805419921875,1.0,194.19020080566406,270.6591796875,1.0,253.66070556640625,272.2776794433594,1.0
1286,226.1790771484375,196.31146240234375,1.0,233.5008544921875,236.6710968017578,1.0,197.94078063964844,217.52194213867188,1.0,181.2342987060547,217.2448272705078,1.0,245.91696166992188,220.3016815185547,1.0,257.7677001953125,219.56480407714844,1.0,234.3582305908203,257.65509033203125,1.0,194.52688598632812,270.6458435058594,1.0,253.84144592285156,272.6842956542969,1.0
1287,226.45860290527344,196.29864501953125,1.0,234.08804321289062,236.94595336914062,1.0,198.20468139648438,217.73361206054688,1.0,181.348388671875,217.19691467285156,1.0,246.14520263671875,220.6490936279297,1.0,258.0672302246094,219.76356506347656,1.0,234.8268280029297,258.09161376953125,1.0,194.6181182861328,270.90087890625,1.0,254.11622619628906,272.9400329589844,1.0
1288,226.75230407714844,196.32337951660156,1.0,234.0935516357422,236.90744018554688,1.0,198.2417755126953,217.66195678710938,1.0,181.25686645507812,217.24099731445312,1.0,246.32125854492188,220.70933532714844,1.0,258.2250671386719,220.08627319335938,1.0,234.91944885253906,258.1202697753906,1.0,194.64405822753906,271.0648498535156,1.0,254.0398406982422,273.3015441894531,1.0
1289,227.00111389160156,196.3513946533203,1.0,233.9652557373047,237.19003295898438,1.0,198.50338745117188,217.64378356933594,1.0,181.21856689453125,217.39254760742188,1.0,246.30958557128906,220.79612731933594,1.0,258.28631591796875,220.29620361328125,1.0,234.89512634277344,258.18426513671875,1.0,194.54258728027344,271.0801696777344,1.0,254.17454528808594,273.44512939453125,1.0
1290,227.10260009765625,196.6636505126953,1.0,233.74375915527344,237.4459686279297,1.0,198.65782165527344,218.3608856201172,1.0,181.1920928955078,217.37725830078125,1.0,246.23997497558594,221.101806640625,1.0,258.0783386230469,220.59971618652344,1.0,234.53350830078125,258.51739501953125,1.0,194.72457885742188,271.3211364746094,1.0,253.5338134765625,274.1550598144531,1.0
1291,227.08299255371094,197.64288330078125,1.0,233.8188018798828,238.1479034423828,1.0,198.18894958496094,218.82301330566406,1.0,181.17018127441406,217.3291015625,1.0,246.23562622070312,221.59414672851562,1.0,257.996337890625,221.02310180664062,1.0,234.70668029785156,258.5531311035156,1.0,194.76422119140625,271.5600280761719,1.0,253.51119995117188,274.06298828125,1.0
1292,227.18612670898438,197.80601501464844,1.0,233.50137329101562,237.88978576660156,1.0,198.40318298339844,218.53854370117188,1.0,181.07627868652344,217.4275665283203,1.0,246.27467346191406,221.78103637695312,1.0,258.0750732421875,221.484130859375,1.0,234.1832733154297,258.6314697265625,1.0,194.3931121826172,271.5953369140625,1.0,253.07383728027344,273.8681335449219,1.0
1293,226.85296630859375,197.78933715820312,1.0,232.89974975585938,237.96461486816406,1.0,198.23228454589844,218.53343200683594,1.0,180.9729461669922,217.37786865234375,1.0,246.2154541015625,221.6448211669922,1.0,257.99951171875,221.51284790039062,1.0,233.15638732910156,258.8213806152344,1.0,194.0597686767578,271.7225036621094,1.0,252.78489685058594,273.7655029296875,1.0
1294,226.82437133789062,197.79849243164062,1.0,232.814208984375,238.06051635742188,1.0,198.31448364257812,218.5762481689453,1.0,180.65126037597656,217.48817443847656,1.0,246.04388427734375,221.53057861328125,1.0,258.0408935546875,221.61473083496094,1.0,233.0407257080078,259.1155700683594,1.0,194.25050354003906,272.03961181640625,1.0,252.81744384765625,273.7806091308594,1.0
1295,226.95852661132812,197.69784545898438,1.0,232.42919921875,238.4241485595703,1.0,198.09275817871094,218.76573181152344,1.0,180.7081298828125,217.54409790039062,1.0,245.81089782714844,221.93365478515625,1.0,257.8415222167969,221.48727416992188,1.0,232.54818725585938,259.7551574707031,1.0,194.3594207763672,271.90869140625,1.0,252.76243591308594,272.9426574707031,1.0
1296,224.97317504882812,197.73374938964844,1.0,229.78533935546875,237.771240234375,1.0,195.94732666015625,219.2352294921875,1.0,179.2418670654297,218.00390625,1.0,244.14930725097656,222.18206787109375,1.0,256.33685302734375,221.98583984375,1.0,230.28634643554688,259.17510986328125,1.0,192.5667266845703,272.5153503417969,1.0,251.4315948486328,272.50506591796875,1.0
1297,221.8597869873047,197.38308715820312,1.0,226.23085021972656,236.26527404785156,1.0,193.480712890625,218.40322875976562,1.0,176.7980194091797,217.6999969482422,1.0,241.646484375,221.2829132080078,1.0,253.99546813964844,220.77345275878906,1.0,226.1302947998047,257.8530578613281,1.0,189.46961975097656,270.9737243652344,1.0,249.01397705078125,272.5060119628906,1.0
1298,220.33450317382812,197.63169860839844,1.0,224.87684631347656,236.47825622558594,1.0,192.91004943847656,218.72569274902344,1.0,175.22120666503906,217.6644744873047,1.0,240.55926513671875,220.8065643310547,1.0,253.3209228515625,221.2086639404297,1.0,224.78480529785156,258.1469421386719,1.0,188.2882080078125,271.2244873046875,1.0,247.85638427734375,272.5968322753906,1.0
1299,220.0839385986328,197.71835327148438,1.0,224.4293670654297,236.44235229492188,1.0,191.9492950439453,218.66400146484375,1.0,174.52239990234375,217.4834442138672,1.0,240.21217346191406,220.7003173828125,1.0,252.94332885742188,221.30752563476562,1.0,223.99130249023438,258.3623352050781,1.0,187.15252685546875,270.8562927246094,1.0,247.1388397216797,272.4325256347656,1.0
1300,218.96791076660156,197.89833068847656,1.0,222.94342041015625,236.26983642578125,1.0,191.07542419433594,218.7039031982422,1.0,173.97900390625,217.53744506835938,1.0,239.3112335205078,220.8902587890625,1.0,252.7582244873047,221.35452270507812,1.0,223.2154541015625,257.610595703125,1.0,186.16580200195312,270.8873291015625,1.0,246.0759735107422,272.8239440917969,1.0
1301,215.6823272705078,197.941162109375,1.0,219.25404357910156,235.4502716064453,1.0,187.36175537109375,219.09552001953125,1.0,171.54925537109375,218.7187957763672,1.0,236.3553924560547,220.05368041992188,1.0,250.1301727294922,220.6376953125,1.0,219.7524871826172,257.8477478027344,1.0,183.2485809326172,270.70684814453125,1.0,244.0385284423828,271.71746826171875,1.0
1302,207.4346923828125,197.76992797851562,1.0,210.63760375976562,237.6964111328125,1.0,181.1566925048828,219.83956909179688,1.0,165.32763671875,219.13624572753906,1.0,229.68313598632812,220.86932373046875,1.0,244.52267456054688,218.99942016601562,1.0,210.3116455078125,258.44342041015625,1.0,177.18251037597656,271.4080505371094,1.0,237.32444763183594,271.14532470703125,1.0
1303,203.9947967529297,198.7265167236328,1.0,207.2237091064453,237.22735595703125,1.0,178.61508178710938,219.83885192871094,1.0,162.59500122070312,219.3948211669922,1.0,226.8209228515625,220.745361328125,1.0,241.58506774902344,218.10801696777344,1.0,207.59043884277344,257.8896179199219,1.0,173.8098907470703,271.0010070800781,1.0,234.04547119140625,271.7323913574219,1.0
1304,202.24032592773438,198.31063842773438,1.0,204.68663024902344,237.17535400390625,1.0,177.1603240966797,219.8091583251953,1.0,160.67811584472656,219.5524444580078,1.0,226.04901123046875,220.36146545410156,1.0,240.47653198242188,218.2590789794922,1.0,205.9131317138672,257.16998291015625,1.0,171.93356323242188,269.91436767578125,1.0,232.56834411621094,271.4639587402344,1.0
1305,202.07070922851562,198.0138702392578,1.0,204.29974365234375,237.22329711914062,1.0,176.8385009765625,219.98114013671875,1.0,160.6070556640625,219.56649780273438,1.0,225.23672485351562,220.1964874267578,1.0,239.6213836669922,218.26968383789062,1.0,206.16053771972656,257.3011169433594,1.0,171.637939453125,269.9967956542969,1.0,232.14373779296875,271.7458801269531,1.0
1306,201.4610137939453,198.11282348632812,1.0,202.87757873535156,236.78823852539062,1.0,176.49417114257812,220.0132598876953,1.0,160.2537078857422,219.5609588623047,1.0,225.0618438720703,220.17416381835938,1.0,239.66600036621094,218.5458221435547,1.0,205.32664489746094,257.231201171875,1.0,171.03443908691406,269.79840087890625,1.0,231.4540252685547,271.2901916503906,1.0
1307,201.19720458984375,198.18695068359375,1.0,202.2461395263672,237.13714599609375,1.0,176.51666259765625,220.10482788085938,1.0,160.25299072265625,219.7008819580078,1.0,224.83778381347656,220.26104736328125,1.0,239.4036865234375,218.49038696289062,1.0,204.3618621826172,257.4532165527344,1.0,170.59832763671875,269.93994140625,1.0,230.85279846191406,271.502685546875,1.0
1308,200.79644775390625,198.19668579101562,1.0,201.52940368652344,237.4535369873047,1.0,175.67933654785156,220.23138427734375,1.0,159.7105712890625,219.96697998046875,1.0,224.57460021972656,220.28457641601562,1.0,239.45899963378906,218.4884796142578,1.0,203.5538330078125,257.6555480957031,1.0,170.03143310546875,269.8232116699219,1.0,230.3467559814453,271.5020446777344,1.0
1309,200.11680603027344,198.36587524414062,1.0,201.05921936035156,237.35504150390625,1.0,175.2062225341797,220.3273468017578,1.0,159.41064453125,219.64569091796875,1.0,224.30792236328125,220.12103271484375,1.0,239.3722686767578,218.7139892578125,1.0,202.72694396972656,258.0707092285156,1.0,169.41604614257812,269.69384765625,1.0,229.47950744628906,271.5423278808594,1.0
1310,199.52503967285156,198.3379364013672,1.0,200.4143524169922,237.42530822753906,1.0,174.8556365966797,220.41139221191406,1.0,158.82093811035156,219.51026916503906,1.0,223.7499237060547,219.8787841796875,1.0,238.7163543701172,218.6203155517578,1.0,201.94422912597656,257.8035888671875,1.0,169.2834930419922,269.8615417480469,1.0,229.1028289794922,271.580322265625,1.0
1311,199.39312744140625,198.29652404785156,1.0,200.3567352294922,237.16989135742188,1.0,174.43569946289062,220.20794677734375,1.0,157.90304565429688,219.3023223876953,1.0,223.6208038330078,219.8935546875,1.0,238.45352172851562,218.29454040527344,1.0,202.0370330810547,257.64666748046875,1.0,168.88055419921875,269.7855224609375,1.0,229.02862548828125,271.3401184082031,1.0
1312,199.23965454101562,198.35342407226562,1.0,200.0306396484375,237.16122436523438,1.0,174.41552734375,220.28607177734375,1.0,157.8273162841797,219.3273468017578,1.0,223.49520874023438,219.8824462890625,1.0,238.4067840576172,218.48768615722656,1.0,200.3123321533203,257.1385498046875,1.0,168.6131591796875,270.006591796875,1.0,228.5969696044922,271.2503967285156,1.0
1313,198.93988037109375,198.52992248535156,1.0,199.63720703125,237.09579467773438,1.0,174.21861267089844,220.06358337402344,1.0,157.83201599121094,219.28945922851562,1.0,222.8326416015625,219.64773559570312,1.0,237.738525390625,218.47958374023438,1.0,199.7696990966797,257.4932861328125,1.0,167.95603942871094,269.99169921875,1.0,228.12533569335938,271.00201416015625,1.0
1314,198.7501983642578,198.49375915527344,1.0,199.2461700439453,237.52041625976562,1.0,174.00877380371094,220.0906982421875,1.0,157.6597442626953,219.41712951660156,1.0,222.24644470214844,219.7207794189453,1.0,236.92225646972656,218.07017517089844,1.0,199.17794799804688,257.7311706542969,1.0,167.21458435058594,269.6810302734375,1.0,227.83831787109375,270.8141174316406,1.0
1315,198.27450561523438,198.4745635986328,1.0,198.67103576660156,237.22830200195312,1.0,173.63702392578125,220.0568084716797,1.0,157.26246643066406,219.51446533203125,1.0,221.95904541015625,219.8079833984375,1.0,236.8210906982422,218.16944885253906,1.0,198.40316772460938,257.79827880859375,1.0,166.72206115722656,269.4229736328125,1.0,227.36871337890625,270.959716796875,1.0
1316,197.57371520996094,198.44004821777344,1.0,198.17193603515625,237.28652954101562,1.0,173.12791442871094,219.90557861328125,1.0,156.70570373535156,219.53610229492188,1.0,221.72811889648438,219.55703735351562,1.0,236.55471801757812,218.23721313476562,1.0,198.84022521972656,258.50299072265625,1.0,166.21697998046875,269.44537353515625,1.0,226.5364990234375,270.1306457519531,1.0
1317,197.24195861816406,198.46002197265625,1.0,198.05377197265625,237.24549865722656,1.0,172.6556854248047,219.78196716308594,1.0,156.07122802734375,219.32533264160156,1.0,221.29078674316406,219.47433471679688,1.0,236.5211181640625,218.30323791503906,1.0,199.02122497558594,258.44061279296875,1.0,165.8784942626953,269.658203125,1.0,226.44830322265625,270.11187744140625,1.0
1318,197.2276611328125,198.31292724609375,1.0,197.783935546875,236.90736389160156,1.0,172.50698852539062,219.731689453125,1.0,156.04566955566406,219.52908325195312,1.0,221.2378692626953,219.4545440673828,1.0,236.2413787841797,218.3165283203125,1.0,198.5578155517578,258.2657470703125,1.0,165.8103485107422,269.68218994140625,1.0,226.24496459960938,270.0770263671875,1.0
1319,197.3695526123047,198.17425537109375,1.0,197.49609375,236.73538208007812,1.0,172.5522003173828,219.82044982910156,1.0,156.00282287597656,219.80984497070312,1.0,221.2891387939453,219.4551544189453,1.0,236.32089233398438,218.33432006835938,1.0,198.10572814941406,257.999755859375,1.0,165.71185302734375,269.6368103027344,1.0,226.04916381835938,270.20269775390625,1.0
1320,197.0638885498047,198.47042846679688,1.0,197.08380126953125,236.94566345214844,1.0,172.546142578125,220.1134490966797,1.0,155.6497039794922,219.74603271484375,1.0,221.01246643066406,219.38970947265625,1.0,235.9872589111328,218.10867309570312,1.0,197.5693817138672,257.7949523925781,1.0,165.295166015625,269.507080078125,1.0,226.10777282714844,270.2259216308594,1.0
1321,193.27366638183594,198.5719451904297,1.0,194.45535278320312,237.83436584472656,1.0,168.22439575195312,221.04672241210938,1.0,153.63365173339844,219.99627685546875,1.0,217.2239227294922,219.83102416992188,1.0,233.1858673095703,218.01632690429688,1.0,194.76947021484375,258.3356018066406,1.0,163.37399291992188,270.91680908203125,1.0,224.13890075683594,270.2890319824219,1.0
1322,188.00523376464844,199.45443725585938,1.0,188.7837677001953,238.05079650878906,1.0,165.3750457763672,221.43890380859375,1.0,150.4226837158203,221.78504943847656,1.0,213.09353637695312,220.09820556640625,1.0,229.6088409423828,217.46768188476562,1.0,190.17373657226562,257.9586181640625,1.0,159.29513549804688,270.8101806640625,1.0,220.44212341308594,270.92718505859375,1.0
1323,185.73095703125,199.5795440673828,1.0,185.54930114746094,237.42788696289062,1.0,163.72802734375,221.4564208984375,1.0,148.38243103027344,221.9463348388672,1.0,211.17398071289062,219.52720642089844,1.0,227.83538818359375,217.16661071777344,1.0,187.9608154296875,257.5802307128906,1.0,156.50711059570312,270.4728698730469,1.0,218.23265075683594,271.05694580078125,1.0
1324,185.5458221435547,199.49539184570312,1.0,184.4993438720703,236.12374877929688,1.0,162.45082092285156,221.16278076171875,1.0,147.65623474121094,221.64199829101562,1.0,210.85003662109375,219.41339111328125,1.0,226.19590759277344,216.53378295898438,1.0,185.64476013183594,256.95819091796875,1.0,155.633544921875,270.2813720703125,1.0,216.67111206054688,270.7613220214844,1.0
1325,184.60031127929688,199.8156280517578,1.0,183.47689819335938,236.189453125,1.0,161.91305541992188,221.17575073242188,1.0,146.7652587890625,221.49588012695312,1.0,210.18942260742188,219.39022827148438,1.0,225.70285034179688,216.56854248046875,1.0,184.77000427246094,257.54803466796875,1.0,155.28182983398438,269.7910461425781,1.0,216.13357543945312,270.4984436035156,1.0
1326,184.40853881835938,199.75596618652344,1.0,182.93423461914062,235.73605346679688,1.0,161.58856201171875,221.02114868164062,1.0,146.78160095214844,221.44784545898438,1.0,210.15277099609375,219.4341583251953,1.0,225.6942596435547,216.40855407714844,1.0,183.7184600830078,256.99627685546875,1.0,155.03431701660156,269.9100341796875,1.0,215.794921875,270.2686767578125,1.0
1327,184.17564392089844,199.6042022705078,1.0,182.42953491210938,235.28184509277344,1.0,161.5248260498047,220.93283081054688,1.0,146.93312072753906,221.46607971191406,1.0,210.059326171875,218.97581481933594,1.0,225.57131958007812,216.66262817382812,1.0,182.8223419189453,257.3051452636719,1.0,155.05909729003906,270.0586853027344,1.0,215.66372680664062,270.0422668457031,1.0
1328,183.92135620117188,199.8794708251953,1.0,182.06912231445312,235.39651489257812,1.0,161.29100036621094,220.98269653320312,1.0,146.55303955078125,221.70184326171875,1.0,209.7107696533203,218.70352172851562,1.0,225.34271240234375,216.70359802246094,1.0,182.38746643066406,257.45526123046875,1.0,154.92816162109375,270.231689453125,1.0,215.4943389892578,270.0932312011719,1.0
1329,184.0166015625,199.77969360351562,1.0,181.89332580566406,235.0244598388672,1.0,161.70977783203125,220.75537109375,1.0,146.86456298828125,221.56680297851562,1.0,209.7452850341797,218.52630615234375,1.0,225.4562530517578,216.681640625,1.0,182.6840362548828,257.6481018066406,1.0,155.14462280273438,270.21875,1.0,215.3944854736328,269.9894714355469,1.0
1330,185.07972717285156,199.6643524169922,1.0,183.97412109375,234.36685180664062,1.0,162.32908630371094,219.70364379882812,1.0,146.63565063476562,221.20529174804688,1.0,209.9917449951172,218.36395263671875,1.0,225.8736572265625,216.42018127441406,1.0,183.9174346923828,254.920166015625,1.0,155.8717803955078,269.1559143066406,1.0,215.30984497070312,269.3427429199219,1.0
1331,185.81492614746094,198.89068603515625,1.0,184.7216339111328,233.6483154296875,1.0,162.519775390625,218.87876892089844,1.0,147.4744415283203,220.2400360107422,1.0,210.8141326904297,217.65821838378906,1.0,226.81793212890625,215.99444580078125,1.0,185.078857421875,254.7924041748047,1.0,156.26048278808594,267.9936218261719,1.0,215.8707733154297,268.3446350097656,1.0
1332,186.77195739746094,198.34466552734375,1.0,185.30242919921875,233.80715942382812,1.0,163.80267333984375,218.42135620117188,1.0,148.22833251953125,219.08856201171875,1.0,211.66409301757812,217.59864807128906,1.0,227.2015380859375,215.8965301513672,1.0,185.37550354003906,255.1787872314453,1.0,157.0475311279297,267.9991760253906,1.0,216.4194793701172,267.73773193359375,1.0
1333,187.53533935546875,197.7814178466797,1.0,185.6184539794922,233.15435791015625,1.0,163.63294982910156,217.77902221679688,1.0,148.1127166748047,218.5093231201172,1.0,212.3678436279297,216.5186004638672,1.0,227.66246032714844,215.53981018066406,1.0,185.65725708007812,254.20083618164062,1.0,156.9827423095703,267.2170715332031,1.0,217.0498504638672,267.3489074707031,1.0
1334,188.83737182617188,192.89279174804688,1.0,187.30838012695312,227.9683074951172,1.0,164.64076232910156,213.7212677001953,1.0,149.28466796875,215.14598083496094,1.0,213.01498413085938,210.65614318847656,1.0,228.8572540283203,212.4575958251953,1.0,187.35926818847656,249.1838836669922,1.0,157.51890563964844,261.706787109375,1.0,219.48545837402344,262.4631652832031,1.0
1335,190.09341430664062,189.67990112304688,1.0,187.90234375,222.136962890625,1.0,166.0157470703125,209.57701110839844,1.0,151.32081604003906,211.5926513671875,1.0,214.62229919433594,207.9519500732422,1.0,229.68759155273438,209.548828125,1.0,189.1360321044922,244.16702270507812,1.0,158.74847412109375,257.9256286621094,1.0,219.8587188720703,258.9864196777344,1.0
1336,190.49172973632812,188.51771545410156,1.0,189.38504028320312,220.18722534179688,1.0,166.90773010253906,207.80308532714844,1.0,151.7563018798828,209.87722778320312,1.0,214.9371337890625,206.92324829101562,1.0,230.3363494873047,207.92539978027344,1.0,189.63453674316406,242.83177185058594,1.0,158.82669067382812,255.92848205566406,1.0,220.12713623046875,257.7478332519531,1.0
1337,190.29893493652344,187.30653381347656,1.0,189.25941467285156,218.42996215820312,1.0,166.66896057128906,206.81109619140625,1.0,151.61911010742188,208.98219299316406,1.0,215.0686798095703,205.99635314941406,1.0,230.29458618164062,207.8558807373047,1.0,189.59747314453125,240.779052734375,1.0,159.02725219726562,254.82257080078125,1.0,220.29327392578125,256.4751892089844,1.0
1338,188.10964965820312,185.86273193359375,1.0,188.1926727294922,217.20579528808594,1.0,164.42161560058594,206.07228088378906,1.0,150.30133056640625,208.34596252441406,1.0,212.3944091796875,205.2963409423828,1.0,229.56240844726562,207.10585021972656,1.0,188.16665649414062,239.73248291015625,1.0,157.83297729492188,253.5906524658203,1.0,219.41258239746094,254.86097717285156,1.0
1339,184.74234008789062,185.45262145996094,1.0,183.23104858398438,215.09848022460938,1.0,161.23231506347656,205.29769897460938,1.0,147.53785705566406,208.90756225585938,1.0,209.50413513183594,203.49673461914062,1.0,225.38246154785156,204.71311950683594,1.0,183.8458251953125,237.55145263671875,1.0,154.28964233398438,251.61318969726562,1.0,215.46434020996094,252.74180603027344,1.0
1340,183.1772918701172,184.3460235595703,1.0,181.20965576171875,213.50987243652344,1.0,160.2555389404297,204.8067626953125,1.0,145.90536499023438,208.53565979003906,1.0,207.93817138671875,202.4169921875,1.0,223.7952880859375,204.84068298339844,1.0,181.84844970703125,236.00234985351562,1.0,152.81130981445312,250.94956970214844,1.0,213.44039916992188,251.89108276367188,1.0
1341,181.78622436523438,184.1908416748047,1.0,179.7419891357422,212.7554168701172,1.0,159.73292541503906,204.76324462890625,1.0,144.98095703125,207.95053100585938,1.0,206.44261169433594,201.9986114501953,1.0,222.69134521484375,204.33383178710938,1.0,180.6947784423828,234.4607391357422,1.0,151.94525146484375,250.46917724609375,1.0,212.35269165039062,250.5638885498047,1.0
1342,181.27589416503906,184.0211181640625,1.0,178.71475219726562,212.17263793945312,1.0,159.40882873535156,204.6056365966797,1.0,144.90707397460938,207.5438995361328,1.0,206.28407287597656,201.90609741210938,1.0,222.39617919921875,204.2623748779297,1.0,179.87181091308594,234.07899475097656,1.0,151.06707763671875,250.0200958251953,1.0,211.4874267578125,250.44482421875,1.0
1343,178.3636016845703,184.22254943847656,1.0,176.0783233642578,212.60888671875,1.0,156.29930114746094,206.21913146972656,1.0,143.1254119873047,207.8052215576172,1.0,203.96124267578125,202.45965576171875,1.0,220.27085876464844,204.42691040039062,1.0,176.75387573242188,235.47219848632812,1.0,147.84336853027344,250.29978942871094,1.0,209.01678466796875,249.77572631835938,1.0
1344,175.22134399414062,185.88754272460938,1.0,172.75253295898438,213.77415466308594,1.0,153.76516723632812,207.21136474609375,1.0,140.88046264648438,209.6141357421875,1.0,201.17665100097656,203.2901153564453,1.0,218.08694458007812,203.61280822753906,1.0,173.68014526367188,235.4400634765625,1.0,145.6981964111328,251.9321746826172,1.0,206.41375732421875,251.0554656982422,1.0
1345,174.0385284423828,185.69244384765625,1.0,171.9127655029297,214.4815673828125,1.0,152.90472412109375,207.5691375732422,1.0,139.91114807128906,210.36341857910156,1.0,200.1231689453125,203.7017059326172,1.0,217.23849487304688,203.5060272216797,1.0,172.13571166992188,235.98687744140625,1.0,145.38206481933594,251.56997680664062,1.0,205.49209594726562,251.39735412597656,1.0
1346,174.0537567138672,185.43167114257812,1.0,171.58023071289062,214.46603393554688,1.0,153.0349578857422,207.2898712158203,1.0,139.97494506835938,210.23892211914062,1.0,199.93064880371094,203.61962890625,1.0,217.1510467529297,203.60726928710938,1.0,171.82296752929688,236.1377716064453,1.0,145.1114959716797,251.53189086914062,1.0,205.3583526611328,251.72589111328125,1.0
1347,173.9309844970703,185.43878173828125,1.0,171.33633422851562,214.44007873535156,1.0,152.8426513671875,207.14947509765625,1.0,139.96139526367188,210.0947265625,1.0,199.9015655517578,203.5375213623047,1.0,217.1183624267578,203.55909729003906,1.0,171.47764587402344,236.0647735595703,1.0,145.02793884277344,251.69883728027344,1.0,205.39157104492188,251.8074493408203,1.0
1348,173.7950897216797,184.95155334472656,1.0,170.89971923828125,213.85020446777344,1.0,152.72691345214844,206.3758544921875,1.0,139.91159057617188,210.4010009765625,1.0,199.89102172851562,202.48678588867188,1.0,217.294189453125,203.84857177734375,1.0,171.20948791503906,235.47711181640625,1.0,145.0228271484375,251.19784545898438,1.0,204.8744354248047,250.84637451171875,1.0
1349,172.5310516357422,182.43214416503906,1.0,170.38516235351562,210.764404296875,1.0,151.80702209472656,204.72683715820312,1.0,139.787109375,208.96490478515625,1.0,200.1315155029297,200.25184631347656,1.0,216.99343872070312,203.32858276367188,1.0,170.2138214111328,232.41111755371094,1.0,144.2454833984375,251.07919311523438,1.0,203.20468139648438,248.6426239013672,1.0
1350,172.81333923339844,181.2920684814453,1.0,168.91909790039062,208.5967559814453,1.0,151.8507080078125,204.06712341308594,1.0,139.53756713867188,207.5083770751953,1.0,199.4745330810547,199.68215942382812,1.0,215.9995880126953,202.48890686035156,1.0,168.44705200195312,229.67303466796875,1.0,143.35354614257812,247.9761962890625,1.0,201.8656768798828,247.1507568359375,1.0
1351,172.11773681640625,181.1139373779297,1.0,167.76409912109375,207.3063201904297,1.0,151.7353973388672,203.63430786132812,1.0,139.77157592773438,206.96902465820312,1.0,198.96084594726562,199.2372589111328,1.0,215.3949432373047,202.08444213867188,1.0,167.98092651367188,229.02664184570312,1.0,142.75965881347656,246.5039520263672,1.0,201.2849884033203,246.16915893554688,1.0
1352,171.84007263183594,181.06324768066406,1.0,166.94651794433594,207.3087615966797,1.0,151.11732482910156,203.09349060058594,1.0,139.37100219726562,206.46437072753906,1.0,198.43338012695312,199.53640747070312,1.0,214.67469787597656,201.7793426513672,1.0,167.01287841796875,229.01284790039062,1.0,141.70310974121094,246.2865447998047,1.0,200.40188598632812,246.23703002929688,1.0
1353,171.69284057617188,180.8343963623047,1.0,166.51998901367188,207.3494415283203,1.0,150.95472717285156,203.0515594482422,1.0,138.98553466796875,206.8113555908203,1.0,198.18447875976562,199.35643005371094,1.0,214.49676513671875,201.66845703125,1.0,166.47824096679688,228.957275390625,1.0,141.3562774658203,245.69908142089844,1.0,199.515380859375,246.17422485351562,1.0
1354,170.96697998046875,180.63394165039062,1.0,165.87559509277344,207.43954467773438,1.0,150.60040283203125,202.96224975585938,1.0,138.95062255859375,206.80706787109375,1.0,198.15769958496094,199.33572387695312,1.0,214.445556640625,201.49398803710938,1.0,166.10191345214844,229.0155029296875,1.0,140.8103485107422,245.60446166992188,1.0,199.32904052734375,246.0029296875,1.0
1355,170.8092803955078,180.7206573486328,1.0,165.75401306152344,207.4324188232422,1.0,150.51673889160156,203.0758514404297,1.0,138.8851318359375,206.76182556152344,1.0,197.89610290527344,199.23202514648438,1.0,214.2359619140625,201.46481323242188,1.0,166.05030822753906,229.0003662109375,1.0,140.8314666748047,245.67062377929688,1.0,199.4546356201172,246.0323486328125,1.0
1356,170.52687072753906,180.92947387695312,1.0,165.5564727783203,207.32125854492188,1.0,150.71072387695312,203.29727172851562,1.0,138.48944091796875,206.97706604003906,1.0,198.66928100585938,199.47181701660156,1.0,213.8161163330078,201.0504150390625,1.0,165.59217834472656,228.5584259033203,1.0,140.4978485107422,245.72396850585938,1.0,199.18630981445312,245.99363708496094,1.0
1357,168.14646911621094,181.2549591064453,1.0,163.29432678222656,208.7828369140625,1.0,148.4805145263672,203.857421875,1.0,136.20167541503906,207.9748077392578,1.0,195.35354614257812,199.57040405273438,1.0,210.37716674804688,200.31182861328125,1.0,163.14122009277344,229.99049377441406,1.0,138.4867706298828,246.7981719970703,1.0,196.90859985351562,245.8420867919922,1.0
1358,164.91204833984375,181.86305236816406,1.0,159.6109161376953,209.0636749267578,1.0,145.96636962890625,204.4122314453125,1.0,134.16717529296875,207.9036865234375,1.0,191.8053741455078,199.02064514160156,1.0,208.0648651123047,199.37738037109375,1.0,158.48931884765625,230.06443786621094,1.0,136.35032653808594,247.30917358398438,1.0,194.2920379638672,246.8846893310547,1.0
1359,160.98690795898438,181.82432556152344,1.0,155.67527770996094,209.30564880371094,1.0,142.42308044433594,204.95523071289062,1.0,131.60763549804688,209.51136779785156,1.0,188.1466827392578,199.43719482421875,1.0,204.6036376953125,199.1043701171875,1.0,153.68800354003906,229.3726043701172,1.0,132.766845703125,247.75025939941406,1.0,190.60433959960938,245.82073974609375,1.0
1360,157.78709411621094,182.22991943359375,1.0,152.3337860107422,209.17897033691406,1.0,140.0674591064453,206.03382873535156,1.0,129.40711975097656,210.80804443359375,1.0,185.9514617919922,199.65475463867188,1.0,201.89112854003906,199.11827087402344,1.0,150.270263671875,229.70521545410156,1.0,130.56283569335938,247.33358764648438,1.0,187.87884521484375,245.73529052734375,1.0
1361,155.59336853027344,182.43222045898438,1.0,149.8679656982422,209.57147216796875,1.0,138.53170776367188,205.3712615966797,1.0,128.20877075195312,210.2630157470703,1.0,184.60934448242188,199.2284393310547,1.0,200.86053466796875,199.02662658691406,1.0,148.01992797851562,230.26919555664062,1.0,129.3011932373047,248.23165893554688,1.0,186.10321044921875,246.036376953125,1.0
1362,155.1982421875,182.4222412109375,1.0,149.0470733642578,209.7971649169922,1.0,138.1684112548828,205.50772094726562,1.0,127.79393768310547,210.48020935058594,1.0,183.82162475585938,199.581298828125,1.0,200.14573669433594,199.0804443359375,1.0,147.163818359375,231.0608367919922,1.0,128.2467803955078,248.3753662109375,1.0,185.6945037841797,246.55178833007812,1.0
1363,155.3188018798828,182.33636474609375,1.0,148.77703857421875,210.2245330810547,1.0,137.9437255859375,205.33834838867188,1.0,127.58610534667969,210.44081115722656,1.0,183.4713134765625,199.6946563720703,1.0,199.67637634277344,199.20167541503906,1.0,146.7765655517578,231.58367919921875,1.0,127.3503189086914,248.63941955566406,1.0,185.40713500976562,246.86129760742188,1.0
1364,155.00918579101562,182.7005615234375,1.0,148.4426727294922,210.1749725341797,1.0,137.7987060546875,205.54335021972656,1.0,127.56096649169922,210.97308349609375,1.0,183.1920166015625,199.6652374267578,1.0,199.25303649902344,199.54193115234375,1.0,146.24697875976562,231.47213745117188,1.0,126.97689056396484,248.67164611816406,1.0,184.79246520996094,246.99098205566406,1.0
1365,154.38307189941406,183.14646911621094,1.0,147.73196411132812,210.2609405517578,1.0,137.44134521484375,206.0602264404297,1.0,127.31593322753906,211.845703125,1.0,182.77134704589844,199.8273162841797,1.0,198.82142639160156,199.660400390625,1.0,145.52354431152344,231.67005920410156,1.0,126.51813507080078,249.36000061035156,1.0,184.48497009277344,247.3604278564453,1.0
1366,154.23574829101562,183.03271484375,1.0,147.29013061523438,210.2344970703125,1.0,137.31240844726562,205.9207763671875,1.0,127.71756744384766,212.00799560546875,1.0,182.08010864257812,199.92701721191406,1.0,198.0453338623047,200.16104125976562,1.0,144.95169067382812,231.8769073486328,1.0,125.63307189941406,249.2065887451172,1.0,184.0899658203125,247.52578735351562,1.0
1367,153.07301330566406,183.2154998779297,1.0,146.3999481201172,210.43121337890625,1.0,136.34506225585938,206.2346649169922,1.0,126.9677734375,212.35191345214844,1.0,181.83370971679688,199.84762573242188,1.0,197.38516235351562,200.23626708984375,1.0,144.02525329589844,232.1866912841797,1.0,125.2712173461914,249.17254638671875,1.0,183.66879272460938,248.1156463623047,1.0
1368,152.42044067382812,183.2537384033203,1.0,145.6675567626953,211.02125549316406,1.0,135.84359741210938,206.42503356933594,1.0,126.53180694580078,212.86642456054688,1.0,181.8705291748047,199.962890625,1.0,196.65335083007812,200.59304809570312,1.0,143.93519592285156,232.12477111816406,1.0,125.0955810546875,249.09019470214844,1.0,183.07467651367188,247.98936462402344,1.0
1369,152.24134826660156,183.43191528320312,1.0,145.6597137451172,211.2340087890625,1.0,135.55361938476562,206.5703887939453,1.0,126.17755126953125,213.0035858154297,1.0,181.55784606933594,200.29507446289062,1.0,196.6434783935547,200.60464477539062,1.0,143.5698699951172,233.1370391845703,1.0,124.36540985107422,250.00462341308594,1.0,183.0637664794922,248.32574462890625,1.0
1370,152.06727600097656,183.85777282714844,1.0,145.4407501220703,211.8650360107422,1.0,135.427978515625,206.7251434326172,1.0,125.96862030029297,213.3671112060547,1.0,181.36642456054688,200.3436279296875,1.0,196.52224731445312,200.78225708007812,1.0,143.70016479492188,233.6439971923828,1.0,124.0755615234375,250.76593017578125,1.0,182.7773895263672,248.99327087402344,1.0
1371,151.11465454101562,184.4327392578125,1.0,144.8140106201172,212.31890869140625,1.0,134.92149353027344,207.2149658203125,1.0,125.68191528320312,213.6073760986328,1.0,180.50807189941406,201.2662353515625,1.0,196.33236694335938,201.0640869140625,1.0,143.166259765625,234.0838623046875,1.0,123.90373229980469,251.1341094970703,1.0,182.57012939453125,249.14462280273438,1.0
1372,150.6017303466797,186.8935546875,1.0,143.44895935058594,215.53399658203125,1.0,133.7101287841797,209.89260864257812,1.0,124.37855529785156,214.65711975097656,1.0,179.5664520263672,203.181884765625,1.0,195.81463623046875,202.45779418945312,1.0,142.8321533203125,237.24710083007812,1.0,124.18734741210938,252.9080352783203,1.0,182.56982421875,251.98574829101562,1.0
1373,150.08831787109375,188.80368041992188,1.0,144.099853515625,218.673828125,1.0,134.01504516601562,211.83798217773438,1.0,123.54136657714844,217.3390655517578,1.0,179.86892700195312,205.35499572753906,1.0,196.428466796875,204.57577514648438,1.0,142.4945068359375,240.97311401367188,1.0,124.38671112060547,255.9185791015625,1.0,182.2513885498047,255.2684326171875,1.0
1374,150.6967010498047,189.15008544921875,1.0,144.31443786621094,219.53993225097656,1.0,134.10556030273438,212.10934448242188,1.0,123.3296890258789,217.44451904296875,1.0,180.5801239013672,206.5524444580078,1.0,196.69198608398438,204.9931182861328,1.0,142.94142150878906,241.98927307128906,1.0,124.6283950805664,256.95037841796875,1.0,183.1768341064453,256.3990783691406,1.0
1375,150.46823120117188,189.9590606689453,1.0,144.3314208984375,220.77194213867188,1.0,134.1705322265625,213.1523895263672,1.0,123.59391021728516,217.64242553710938,1.0,179.8871612548828,207.1829833984375,1.0,196.33226013183594,205.44534301757812,1.0,143.74391174316406,243.6517791748047,1.0,124.36372375488281,257.7044372558594,1.0,184.1695556640625,256.502197265625,1.0
1376,150.37217712402344,192.02975463867188,1.0,144.1659393310547,223.77484130859375,1.0,133.9160919189453,214.66973876953125,1.0,123.21900177001953,218.6299285888672,1.0,179.2918701171875,209.06324768066406,1.0,196.052978515625,206.5654754638672,1.0,144.15167236328125,246.83087158203125,1.0,124.38214874267578,260.2577209472656,1.0,184.6996612548828,258.1273193359375,1.0
1377,150.4427032470703,193.6962432861328,1.0,144.9127655029297,226.23178100585938,1.0,134.2849578857422,216.36398315429688,1.0,123.11593627929688,220.36419677734375,1.0,179.5231475830078,209.83433532714844,1.0,195.73507690429688,207.9051513671875,1.0,144.1146240234375,249.1934356689453,1.0,124.4578857421875,261.8970642089844,1.0,184.44671630859375,260.0111999511719,1.0
1378,150.115478515625,195.11317443847656,1.0,144.2910919189453,227.48976135253906,1.0,134.49954223632812,217.32569885253906,1.0,123.16394805908203,221.04307556152344,1.0,179.24737548828125,210.29701232910156,1.0,195.28103637695312,208.52200317382812,1.0,144.09323120117188,250.59194946289062,1.0,124.07855987548828,262.966796875,1.0,185.1481475830078,260.8750305175781,1.0
1379,150.14666748046875,194.73458862304688,1.0,144.5063018798828,228.08377075195312,1.0,134.6100311279297,217.57962036132812,1.0,123.26861572265625,221.41754150390625,1.0,179.6940460205078,210.993408203125,1.0,196.11265563964844,209.40933227539062,1.0,144.15199279785156,251.50045776367188,1.0,124.0574951171875,263.41693115234375,1.0,185.59689331054688,261.761474609375,1.0
1380,150.30325317382812,195.91952514648438,1.0,144.93795776367188,229.45059204101562,1.0,134.517333984375,218.16273498535156,1.0,123.25711822509766,221.28475952148438,1.0,179.718505859375,211.92282104492188,1.0,195.92845153808594,209.70111083984375,1.0,144.23626708984375,252.10289001464844,1.0,124.00775909423828,264.28662109375,1.0,186.14828491210938,262.01287841796875,1.0
1381,150.67730712890625,196.20765686035156,1.0,144.95233154296875,229.77638244628906,1.0,134.7630615234375,218.66317749023438,1.0,123.36383056640625,221.6580352783203,1.0,179.79542541503906,213.1836700439453,1.0,195.93748474121094,210.2882843017578,1.0,144.52328491210938,252.5117645263672,1.0,124.28638458251953,264.7109375,1.0,186.78729248046875,262.5967712402344,1.0
1382,151.3512725830078,196.99697875976562,1.0,145.48028564453125,230.14146423339844,1.0,134.98776245117188,219.00234985351562,1.0,123.34454345703125,221.83914184570312,1.0,180.3740692138672,213.18411254882812,1.0,196.8059844970703,210.90711975097656,1.0,145.0997314453125,253.080810546875,1.0,124.49317169189453,264.88092041015625,1.0,187.351806640625,262.86993408203125,1.0
1383,151.84359741210938,196.9639892578125,1.0,145.7931365966797,230.50352478027344,1.0,135.2066192626953,219.2068328857422,1.0,123.6334457397461,222.2093505859375,1.0,180.76417541503906,213.66656494140625,1.0,196.9974365234375,211.40216064453125,1.0,145.24156188964844,253.3590850830078,1.0,124.79993438720703,265.4227600097656,1.0,187.78785705566406,263.4921875,1.0
1384,152.0651092529297,197.2097930908203,1.0,145.90589904785156,230.97755432128906,1.0,135.3889617919922,219.395751953125,1.0,123.59972381591797,221.96987915039062,1.0,180.8697967529297,213.9837188720703,1.0,197.36251831054688,211.68267822265625,1.0,145.12945556640625,253.43478393554688,1.0,124.85737609863281,265.6573181152344,1.0,188.10049438476562,264.1615295410156,1.0
1385,152.3154296875,197.34408569335938,1.0,146.0687255859375,230.94378662109375,1.0,135.4482421875,219.3173065185547,1.0,123.73944854736328,221.6917724609375,1.0,180.80776977539062,213.8671112060547,1.0,197.51718139648438,211.9183807373047,1.0,145.3104705810547,253.58853149414062,1.0,125.27923583984375,266.2859802246094,1.0,188.4901580810547,264.4178466796875,1.0
1386,151.65992736816406,196.54869079589844,1.0,146.00660705566406,229.6689910888672,1.0,135.41648864746094,218.4677276611328,1.0,123.76509094238281,222.1079864501953,1.0,180.6815185546875,211.2742462158203,1.0,196.9066162109375,211.04742431640625,1.0,145.12860107421875,252.7657470703125,1.0,124.83180236816406,265.51556396484375,1.0,188.06784057617188,264.1771240234375,1.0
1387,150.60113525390625,192.64089965820312,1.0,144.71673583984375,224.53271484375,1.0,134.28428649902344,214.5571746826172,1.0,122.97357177734375,219.66783142089844,1.0,179.1707305908203,208.25238037109375,1.0,195.6540069580078,207.71360778808594,1.0,143.70361328125,248.58058166503906,1.0,123.74174499511719,260.98785400390625,1.0,186.03646850585938,261.36865234375,1.0
1388,150.12451171875,190.62030029296875,1.0,143.71266174316406,222.1647491455078,1.0,133.4188690185547,212.98348999023438,1.0,122.67677307128906,218.30384826660156,1.0,178.4965057373047,206.69467163085938,1.0,194.80442810058594,205.97109985351562,1.0,142.40867614746094,245.27835083007812,1.0,123.0794906616211,258.55419921875,1.0,183.69918823242188,258.27874755859375,1.0
1389,149.27642822265625,189.58006286621094,1.0,142.41433715820312,220.42391967773438,1.0,133.08872985839844,212.34947204589844,1.0,122.64034271240234,217.96226501464844,1.0,178.20114135742188,205.62115478515625,1.0,194.7517852783203,205.34811401367188,1.0,141.12060546875,243.579833984375,1.0,122.50069427490234,257.9434509277344,1.0,182.37704467773438,257.6584777832031,1.0
1390,148.98497009277344,189.43679809570312,1.0,141.9488525390625,219.84194946289062,1.0,133.02694702148438,211.78932189941406,1.0,122.89794158935547,217.6878204345703,1.0,178.2296142578125,205.7467041015625,1.0,194.71116638183594,205.3911895751953,1.0,139.58897399902344,242.7646484375,1.0,122.34164428710938,257.9842529296875,1.0,182.22802734375,257.64996337890625,1.0
1391,148.4605255126953,189.10145568847656,1.0,142.3979034423828,220.0096435546875,1.0,132.7592315673828,211.97869873046875,1.0,122.64698028564453,218.09507751464844,1.0,177.91293334960938,205.27879333496094,1.0,194.4215545654297,205.30528259277344,1.0,139.567626953125,242.305419921875,1.0,122.35363006591797,257.7312316894531,1.0,182.25050354003906,257.4122314453125,1.0
1392,148.9420166015625,189.18142700195312,1.0,142.24708557128906,219.83290100097656,1.0,132.95419311523438,211.9538116455078,1.0,122.8238296508789,217.93829345703125,1.0,178.1973419189453,205.34852600097656,1.0,194.13058471679688,205.23997497558594,1.0,139.4048614501953,242.0395050048828,1.0,122.23248291015625,257.59112548828125,1.0,181.89830017089844,257.3356018066406,1.0
1393,148.81488037109375,189.39895629882812,1.0,142.0079345703125,219.65870666503906,1.0,132.9472198486328,212.02484130859375,1.0,122.89912414550781,217.84356689453125,1.0,178.05316162109375,205.19480895996094,1.0,194.1298370361328,205.1885986328125,1.0,139.44375610351562,241.96092224121094,1.0,121.98867797851562,257.48394775390625,1.0,182.1924285888672,257.4263610839844,1.0
1394,148.40213012695312,189.1844024658203,1.0,141.67852783203125,218.8172607421875,1.0,132.69879150390625,211.89175415039062,1.0,122.75434112548828,217.66290283203125,1.0,178.0846405029297,205.01239013671875,1.0,194.31016540527344,205.27696228027344,1.0,139.27212524414062,241.1521759033203,1.0,121.75131225585938,256.9217529296875,1.0,181.84573364257812,257.0127868652344,1.0
1395,148.62643432617188,188.38076782226562,1.0,141.71197509765625,218.613037109375,1.0,132.82882690429688,211.6238250732422,1.0,123.01074981689453,217.4937744140625,1.0,178.11306762695312,204.87074279785156,1.0,194.19125366210938,204.8927764892578,1.0,139.4148406982422,240.86509704589844,1.0,121.84223937988281,256.9982604980469,1.0,181.76646423339844,257.0657958984375,1.0
1396,148.60604858398438,187.8822021484375,1.0,141.6221160888672,218.56117248535156,1.0,132.708740234375,211.43443298339844,1.0,122.88589477539062,217.314453125,1.0,178.04812622070312,204.8551025390625,1.0,194.15805053710938,204.77647399902344,1.0,138.6355438232422,240.8705291748047,1.0,121.83318328857422,256.8256530761719,1.0,181.61473083496094,256.9092102050781,1.0
1397,149.04197692871094,187.6359100341797,1.0,141.65406799316406,217.6824188232422,1.0,132.6165771484375,211.15940856933594,1.0,122.92620849609375,216.90293884277344,1.0,177.9159393310547,204.07589721679688,1.0,193.95558166503906,204.140380859375,1.0,138.82879638671875,239.88430786132812,1.0,121.84408569335938,256.5093994140625,1.0,181.57754516601562,256.50592041015625,1.0
1398,149.3118438720703,187.04942321777344,1.0,142.04531860351562,216.72091674804688,1.0,132.87908935546875,210.42738342285156,1.0,123.14859771728516,216.7746124267578,1.0,178.38746643066406,203.43511962890625,1.0,193.7991180419922,203.79006958007812,1.0,139.0153350830078,239.29574584960938,1.0,121.69701385498047,254.6615753173828,1.0,181.4490966796875,256.4886474609375,1.0
1399,149.58119201660156,187.18675231933594,1.0,142.05648803710938,216.50466918945312,1.0,133.01324462890625,209.99313354492188,1.0,123.41510009765625,216.61158752441406,1.0,178.17755126953125,203.22000122070312,1.0,193.87098693847656,203.68182373046875,1.0,139.2248992919922,238.85470581054688,1.0,121.9029541015625,254.46226501464844,1.0,181.05543518066406,256.44366455078125,1.0
1400,149.36209106445312,186.8717041015625,1.0,142.04647827148438,216.11085510253906,1.0,132.93093872070312,209.87420654296875,1.0,123.31257629394531,216.5862579345703,1.0,178.1336669921875,202.93832397460938,1.0,193.78550720214844,203.38189697265625,1.0,138.93484497070312,238.3597869873047,1.0,122.0343017578125,254.11441040039062,1.0,181.08346557617188,256.4744567871094,1.0
1401,149.34523010253906,185.6964569091797,1.0,142.55743408203125,214.10316467285156,1.0,133.1909942626953,208.9906768798828,1.0,123.77906036376953,216.03477478027344,1.0,178.94601440429688,201.884033203125,1.0,194.47991943359375,202.49429321289062,1.0,139.40533447265625,236.72531127929688,1.0,122.38955688476562,252.57440185546875,1.0,180.04705810546875,254.79122924804688,1.0
1402,150.0810546875,183.35606384277344,1.0,143.86566162109375,211.73663330078125,1.0,133.9524383544922,207.783203125,1.0,123.50023651123047,215.00775146484375,1.0,178.9907684326172,200.41090393066406,1.0,194.75851440429688,200.89093017578125,1.0,140.3365020751953,233.7874755859375,1.0,122.04338836669922,250.34414672851562,1.0,180.47048950195312,252.83921813964844,1.0
1403,150.3519287109375,183.0647735595703,1.0,144.3685302734375,211.02658081054688,1.0,134.14425659179688,206.97630310058594,1.0,124.61993408203125,213.29750061035156,1.0,179.26882934570312,200.1941375732422,1.0,195.04437255859375,200.6804656982422,1.0,141.049072265625,232.49070739746094,1.0,122.41165924072266,249.06875610351562,1.0,179.9703826904297,251.00355529785156,1.0
1404,150.38531494140625,182.35845947265625,1.0,144.0480194091797,210.244140625,1.0,134.02615356445312,206.3383026123047,1.0,124.45751953125,212.29518127441406,1.0,179.39488220214844,200.20640563964844,1.0,194.78135681152344,200.64251708984375,1.0,140.48422241210938,231.88291931152344,1.0,122.6837387084961,249.0837860107422,1.0,179.6383056640625,249.62362670898438,0.9999998807907104
1405,150.3074493408203,182.1575927734375,1.0,143.9496612548828,209.98960876464844,1.0,133.98170471191406,206.29864501953125,1.0,124.41243743896484,212.24618530273438,1.0,179.67599487304688,199.92689514160156,1.0,195.18756103515625,200.7082977294922,1.0,140.37416076660156,231.52232360839844,1.0,122.70146179199219,248.77252197265625,1.0,179.54669189453125,249.42520141601562,1.0
1406,151.25929260253906,181.96043395996094,1.0,144.48768615722656,209.82676696777344,1.0,134.4512176513672,206.00701904296875,1.0,124.67800903320312,212.21224975585938,1.0,180.897216796875,199.69882202148438,1.0,196.0408172607422,200.34329223632812,1.0,140.95138549804688,231.27972412109375,1.0,123.39647674560547,248.23846435546875,1.0,180.20115661621094,248.88815307617188,1.0
1407,152.03616333007812,180.66775512695312,1.0,145.63137817382812,208.768798828125,1.0,135.2280731201172,205.30917358398438,1.0,124.92471313476562,211.7314910888672,1.0,182.044189453125,199.16700744628906,1.0,197.43641662597656,198.85733032226562,1.0,142.55172729492188,229.78811645507812,1.0,124.85848999023438,247.0052032470703,1.0,180.78155517578125,246.7679443359375,1.0
1408,152.03306579589844,180.4059600830078,1.0,145.91981506347656,207.60311889648438,1.0,135.0442657470703,205.12356567382812,1.0,124.92787170410156,210.9784698486328,1.0,182.10794067382812,198.04541015625,1.0,197.8959503173828,198.3500518798828,1.0,143.50189208984375,228.2497100830078,1.0,125.549072265625,245.95010375976562,1.0,182.34796142578125,246.15029907226562,1.0
1409,152.63063049316406,180.3668212890625,1.0,145.94146728515625,207.08880615234375,1.0,135.60137939453125,204.3091583251953,1.0,125.8095932006836,209.78855895996094,1.0,182.49107360839844,197.8480682373047,1.0,198.34341430664062,198.2051239013672,1.0,143.5880889892578,227.52076721191406,1.0,125.94879150390625,244.88259887695312,1.0,182.6608428955078,246.0901336669922,1.0
1410,153.32952880859375,180.63580322265625,1.0,146.92767333984375,207.1127166748047,1.0,136.20648193359375,203.9884033203125,1.0,126.06008911132812,209.80055236816406,1.0,183.34371948242188,197.3612518310547,1.0,198.7697296142578,198.10137939453125,1.0,144.39358520507812,227.1103515625,1.0,126.36605834960938,244.4551239013672,1.0,182.66200256347656,246.06869506835938,1.0
1411,155.0260772705078,179.83978271484375,1.0,148.48695373535156,204.4415283203125,1.0,138.16749572753906,203.09632873535156,1.0,126.99283599853516,207.87672424316406,1.0,184.39657592773438,195.9054718017578,1.0,199.87095642089844,197.0662384033203,1.0,146.6029815673828,225.62933349609375,1.0,126.88972473144531,242.11607360839844,1.0,182.73414611816406,245.09393310546875,1.0
1412,156.82545471191406,178.31358337402344,1.0,149.145263671875,201.10855102539062,1.0,139.15435791015625,201.1574249267578,1.0,127.50782012939453,206.51698303222656,1.0,185.6598358154297,195.001708984375,1.0,201.14381408691406,196.93838500976562,1.0,147.01950073242188,223.3887176513672,1.0,127.16345977783203,239.6533203125,1.0,182.166259765625,242.84259033203125,1.0
1413,157.51519775390625,177.52667236328125,1.0,149.65122985839844,199.82266235351562,1.0,139.45516967773438,200.15687561035156,1.0,127.61026763916016,205.44607543945312,1.0,185.8543701171875,194.9730987548828,1.0,201.1686248779297,196.22508239746094,1.0,147.44747924804688,222.03387451171875,1.0,127.53511047363281,238.1619415283203,1.0,182.3667755126953,241.7500762939453,1.0
1414,157.16351318359375,177.37977600097656,1.0,149.63673400878906,199.42800903320312,1.0,139.27584838867188,199.95236206054688,1.0,127.46692657470703,205.2934112548828,1.0,185.90481567382812,194.94992065429688,1.0,201.39694213867188,196.65553283691406,1.0,146.1311798095703,220.97535705566406,1.0,127.62772369384766,237.41233825683594,1.0,181.9847412109375,241.444091796875,1.0
1415,157.26979064941406,177.55166625976562,1.0,149.50405883789062,199.55645751953125,1.0,139.28973388671875,199.84767150878906,1.0,127.65666961669922,204.6898193359375,1.0,186.0557098388672,194.83421325683594,1.0,201.44349670410156,196.4412384033203,1.0,146.04830932617188,220.98561096191406,1.0,127.5103759765625,237.29405212402344,1.0,182.19142150878906,241.517822265625,1.0
1416,156.97592163085938,177.22772216796875,1.0,149.8891143798828,199.28688049316406,1.0,139.616455078125,199.50022888183594,1.0,128.23757934570312,204.41307067871094,1.0,186.02268981933594,194.50331115722656,1.0,201.72900390625,195.97869873046875,1.0,146.11793518066406,220.96267700195312,1.0,127.29827117919922,237.09188842773438,1.0,182.46409606933594,241.3395538330078,1.0
1417,154.37942504882812,177.711669921875,1.0,147.5580291748047,200.7328338623047,1.0,138.1166229248047,200.07061767578125,1.0,127.93230438232422,204.65870666503906,1.0,182.44000244140625,194.95339965820312,1.0,198.15170288085938,196.1009979248047,1.0,144.63600158691406,221.8080291748047,1.0,125.45771789550781,237.92787170410156,1.0,179.9381103515625,240.52261352539062,1.0
1418,147.77084350585938,177.61050415039062,1.0,139.964599609375,201.59844970703125,1.0,131.43605041503906,202.07345581054688,0.9971524477005005,123.40143585205078,206.28289794921875,0.9926637411117554,178.52154541015625,195.09556579589844,1.0,193.41217041015625,195.6947784423828,1.0,137.71434020996094,222.70388793945312,1.0,120.5603256225586,240.32083129882812,1.0,176.6879425048828,241.0676727294922,0.9999997615814209
1419,146.48342895507812,177.6051483154297,1.0,139.20248413085938,201.54212951660156,1.0,126.36416625976562,202.3967742919922,0.015448684804141521,123.21170043945312,205.7855987548828,0.060315489768981934,177.2241668701172,195.5637969970703,1.0,192.3684539794922,196.3426055908203,1.0,136.5508270263672,222.46865844726562,1.0,118.83003997802734,240.5577850341797,1.0,175.8887481689453,241.4048614501953,0.9999998807907104
1420,145.1452178955078,178.11288452148438,1.0,138.44232177734375,201.37864685058594,1.0,125.08894348144531,201.91798400878906,0.006096117664128542,122.30475616455078,205.66880798339844,0.007246554829180241,176.63665771484375,195.74740600585938,1.0,192.03077697753906,196.1513671875,1.0,135.83316040039062,222.48033142089844,1.0,118.07826232910156,240.4217529296875,1.0,175.11361694335938,241.39137268066406,1.0
1421,144.98069763183594,178.12530517578125,1.0,138.29066467285156,201.2335205078125,1.0,125.14555358886719,201.69393920898438,0.004263282287865877,122.29273223876953,205.52870178222656,0.003928562626242638,176.5430908203125,195.52627563476562,1.0,192.09176635742188,196.0731201171875,1.0,135.60830688476562,222.66683959960938,1.0,117.71592712402344,240.22915649414062,1.0,175.6410369873047,242.53021240234375,1.0
1422,145.1559600830078,177.98106384277344,1.0,138.09527587890625,201.0960693359375,1.0,124.83493041992188,201.0438995361328,0.0023309460375458,121.07904815673828,203.2734832763672,0.0018331129103899002,176.40451049804688,195.5690460205078,1.0,191.6894073486328,196.2353515625,1.0,135.44857788085938,222.819091796875,1.0,117.37177276611328,240.21409606933594,1.0,175.26585388183594,242.23696899414062,1.0
1423,144.71142578125,177.72683715820312,1.0,136.95925903320312,201.0728759765625,1.0,123.65521240234375,200.53701782226562,0.001168216927908361,205.81149291992188,196.91156005859375,0.0008339729974977672,175.22640991210938,194.92884826660156,1.0,191.06507873535156,196.0218963623047,1.0,134.51998901367188,222.77279663085938,1.0,115.90644073486328,239.3345184326172,1.0,173.23818969726562,241.3832244873047,1.0
1424,143.5527801513672,177.6689453125,1.0,135.7707977294922,200.44139099121094,1.0,123.16166687011719,200.06312561035156,0.0007474699523299932,122.23786163330078,206.02215576171875,0.0006708534783683717,173.40347290039062,194.28939819335938,1.0,189.56784057617188,194.79530334472656,1.0,132.96800231933594,222.181640625,1.0,115.64202880859375,238.94407653808594,1.0,171.92759704589844,241.4612579345703,0.9999998807907104
1425,142.7626953125,177.5470733642578,1.0,134.89772033691406,200.0731201171875,1.0,127.75772094726562,200.48538208007812,0.0004062376101501286,207.76002502441406,196.3966064453125,0.000722547119949013,173.16282653808594,193.78370666503906,1.0,188.86212158203125,194.39712524414062,1.0,131.29959106445312,221.17776489257812,1.0,115.31230163574219,239.03402709960938,1.0,171.06739807128906,240.74844360351562,0.9999997615814209
1426,142.47299194335938,177.3400421142578,1.0,134.07081604003906,199.30227661132812,1.0,126.77377319335938,199.48590087890625,0.000432938220910728,207.50979614257812,196.17889404296875,0.000607462483458221,173.2430419921875,194.0185546875,1.0,188.9257354736328,194.44760131835938,1.0,130.722412109375,220.1215057373047,1.0,114.91477966308594,238.43849182128906,1.0,169.38916015625,240.44369506835938,0.9999997615814209
1427,142.2660369873047,176.35511779785156,1.0,134.3736572265625,198.3199920654297,1.0,126.8115005493164,198.66397094726562,0.0011044160928577185,207.39071655273438,195.90646362304688,0.0004904649686068296,173.29917907714844,193.35537719726562,1.0,188.4604949951172,193.91993713378906,1.0,131.1483154296875,219.4684295654297,1.0,115.11286163330078,237.9104766845703,1.0,169.60838317871094,240.30259704589844,0.9999997615814209
1428,142.61700439453125,175.6669921875,1.0,134.40713500976562,197.32638549804688,1.0,184.2823486328125,195.36366271972656,0.0003986493102274835,105.5429916381836,229.3032989501953,0.0005969390040263534,173.39651489257812,192.9116668701172,1.0,188.19723510742188,193.28675842285156,1.0,130.40957641601562,218.39930725097656,1.0,114.86322021484375,236.51092529296875,1.0,169.6815185546875,240.57174682617188,0.9999996423721313
1429,142.34400939941406,175.92022705078125,1.0,134.38731384277344,196.45001220703125,1.0,184.69888305664062,195.27098083496094,0.000432335480581969,105.31748962402344,229.54371643066406,0.000954031536821276,173.51907348632812,192.35052490234375,1.0,188.75242614746094,193.72105407714844,1.0,130.3197784423828,217.0331268310547,1.0,114.60528564453125,235.5518798828125,1.0,171.9297637939453,240.64219665527344,0.9999995231628418
1430,142.5259246826172,175.43173217773438,1.0,134.8429412841797,195.66952514648438,1.0,184.79669189453125,195.1438446044922,0.00042218840098939836,212.1981658935547,183.74085998535156,0.0005755380261689425,173.57749938964844,191.87948608398438,1.0,188.5465545654297,193.5280303955078,1.0,130.08328247070312,216.4210968017578,1.0,114.488037109375,234.34124755859375,1.0,169.1128692626953,239.59912109375,0.9999994039535522
1431,143.30209350585938,174.11602783203125,1.0,135.38258361816406,194.40505981445312,1.0,128.6946258544922,193.84669494628906,0.0005195410340093076,212.39498901367188,183.76309204101562,0.000740355288144201,173.89306640625,191.19171142578125,1.0,188.27325439453125,193.04689025878906,1.0,130.20599365234375,213.9013671875,1.0,114.6196060180664,232.0193634033203,1.0,168.24427795410156,238.52833557128906,0.9999996423721313
1432,144.46981811523438,172.2875213623047,1.0,136.10086059570312,192.10826110839844,1.0,185.12217712402344,194.36012268066406,0.0002489703183528036,212.43080139160156,183.4954833984375,0.0008700879407115281,174.25039672851562,189.8184356689453,1.0,188.28057861328125,190.64425659179688,1.0,131.31309509277344,211.69021606445312,1.0,114.84647369384766,230.19769287109375,1.0,167.37388610839844,236.8186798095703,0.9999991655349731
1433,145.05657958984375,172.3779754638672,1.0,135.7259063720703,191.66893005371094,1.0,184.71629333496094,194.0670166015625,0.0002800061192829162,211.32740783691406,182.76576232910156,0.0014113299548625946,174.70481872558594,189.44647216796875,1.0,189.40237426757812,189.46730041503906,1.0,130.98118591308594,210.50222778320312,1.0,114.79840850830078,229.12017822265625,1.0,165.54229736328125,232.2894744873047,0.9999994039535522
1434,146.4390869140625,171.0003204345703,1.0,136.10159301757812,190.44615173339844,1.0,184.56130981445312,193.98658752441406,0.0002522708964534104,211.23004150390625,182.70242309570312,0.001478963065892458,174.9185028076172,189.08648681640625,1.0,189.2878875732422,189.1170196533203,1.0,130.71653747558594,208.40248107910156,1.0,114.26087188720703,228.00709533691406,1.0,165.99620056152344,232.90113830566406,0.999998927116394
1435,147.38214111328125,170.21153259277344,1.0,136.19464111328125,190.11041259765625,1.0,172.6726531982422,238.78318786621094,0.00021571770776063204,211.1117401123047,182.75521850585938,0.0017328199464827776,175.03536987304688,188.84129333496094,1.0,189.4190673828125,189.08326721191406,1.0,130.51791381835938,207.88877868652344,1.0,114.33079528808594,227.67164611816406,1.0,165.58416748046875,232.26734924316406,0.9999996423721313
1436,148.97601318359375,169.52908325195312,1.0,137.1626434326172,189.44520568847656,1.0,131.99786376953125,189.235107421875,0.00019717824761755764,128.52056884765625,190.69688415527344,0.001386322546750307,175.7046356201172,187.97434997558594,1.0,190.6864471435547,188.73358154296875,1.0,131.41795349121094,207.43142700195312,1.0,114.92613220214844,226.17913818359375,1.0,165.7815704345703,231.570068359375,0.9999994039535522
1437,150.23898315429688,168.63882446289062,1.0,138.0138702392578,188.40838623046875,1.0,171.8679962158203,237.91835021972656,0.00025542566436342895,209.24945068359375,182.28941345214844,0.0015283164102584124,176.36322021484375,187.53517150878906,1.0,191.24366760253906,188.57943725585938,1.0,131.593994140625,206.3285675048828,1.0,114.6515121459961,223.94935607910156,1.0,165.80044555664062,227.9922332763672,0.9999998807907104
1438,151.2366180419922,168.59918212890625,1.0,138.5922393798828,187.93739318847656,1.0,171.76559448242188,237.93995666503906,0.0002594224934000522,208.36106872558594,182.0294647216797,0.0014637274434790015,176.8358917236328,187.2051239013672,1.0,192.08090209960938,188.1160125732422,1.0,131.53390502929688,205.31674194335938,1.0,114.68553924560547,223.0403594970703,1.0,166.0050811767578,227.66226196289062,0.9999998807907104
1439,151.72157287597656,168.41326904296875,1.0,139.06124877929688,187.54522705078125,1.0,135.88327026367188,185.81565856933594,0.0002620686136651784,207.76983642578125,182.1493682861328,0.0018838088726624846,177.31565856933594,186.90101623535156,1.0,192.420166015625,187.812744140625,1.0,131.71055603027344,205.08897399902344,1.0,114.93702697753906,223.01492309570312,1.0,166.37677001953125,226.667724609375,0.9999998807907104
1440,152.09373474121094,167.8573760986328,1.0,139.2642822265625,187.15850830078125,1.0,171.67144775390625,237.84693908691406,0.00026320418692193925,207.2283935546875,181.85560607910156,0.0019157067872583866,177.5361328125,186.72317504882812,1.0,192.96119689941406,188.18006896972656,1.0,132.4873046875,204.8828887939453,1.0,115.11198425292969,222.3917999267578,1.0,167.23638916015625,227.53790283203125,0.9999998807907104
1441,152.75148010253906,168.00218200683594,1.0,139.78366088867188,186.55197143554688,1.0,171.50894165039062,237.68899536132812,0.00028355742688290775,206.0283966064453,181.88047790527344,0.0017079919343814254,178.13392639160156,186.7405242919922,1.0,193.26722717285156,187.46221923828125,1.0,132.7648162841797,204.23431396484375,1.0,115.2339859008789,221.91111755371094,1.0,167.9567413330078,228.29344177246094,0.9999997615814209
1442,153.70135498046875,167.39505004882812,1.0,140.16148376464844,186.12167358398438,1.0,171.41184997558594,237.71026611328125,0.0002971423091366887,205.53079223632812,181.89544677734375,0.0012193727307021618,178.95989990234375,186.43128967285156,1.0,193.95370483398438,187.3753204345703,1.0,133.10641479492188,203.68899536132812,1.0,115.4884033203125,221.47293090820312,1.0,168.34848022460938,228.2144317626953,0.9999997615814209
1443,154.05087280273438,167.18524169921875,1.0,140.56851196289062,185.6110076904297,1.0,171.23971557617188,237.6354522705078,0.0002969706547446549,204.2730255126953,181.58355712890625,0.0010464765364304185,179.7161102294922,185.6709442138672,1.0,194.8129119873047,186.99526977539062,1.0,133.5704803466797,203.16839599609375,1.0,116.0481948852539,221.02584838867188,1.0,168.94094848632812,227.7491912841797,0.9999996423721313
1444,154.99725341796875,167.2062530517578,1.0,141.16085815429688,185.21080017089844,1.0,171.1483917236328,237.99432373046875,0.0002632453397382051,203.73699951171875,181.58120727539062,0.000967572967056185,180.03884887695312,185.65171813964844,1.0,195.38629150390625,187.0386962890625,1.0,134.06845092773438,202.5851287841797,1.0,116.47502136230469,220.29942321777344,1.0,169.7154083251953,227.89901733398438,0.9999995231628418
1445,155.59109497070312,166.4794921875,1.0,141.86325073242188,184.63424682617188,1.0,139.9129180908203,182.74447631835938,0.00032157383975572884,203.4483184814453,181.5908966064453,0.0008221782627515495,180.44354248046875,185.72512817382812,1.0,195.73072814941406,187.09783935546875,1.0,134.2035675048828,202.1121368408203,1.0,116.48751068115234,219.74249267578125,1.0,170.9689483642578,229.98297119140625,0.9999991655349731
1446,156.59080505371094,166.34136962890625,1.0,141.9178009033203,184.34596252441406,1.0,140.35726928710938,182.24082946777344,0.0003145785885863006,202.9116668701172,181.59730529785156,0.0006973160780034959,180.68527221679688,185.7205810546875,1.0,196.3549346923828,187.20553588867188,1.0,134.16455078125,201.66412353515625,1.0,116.45514678955078,219.46165466308594,1.0,170.84051513671875,229.49400329589844,0.9999994039535522
1447,159.3010711669922,165.2879180908203,1.0,143.4222869873047,183.2458038330078,1.0,190.26426696777344,235.3324432373047,0.00043653699685819447,109.03131103515625,213.2823944091797,0.0008747580577619374,183.40005493164062,185.2710723876953,1.0,198.26512145996094,187.54989624023438,1.0,135.2000274658203,200.26959228515625,1.0,117.31715393066406,218.2340087890625,1.0,172.26312255859375,229.20571899414062,0.9999991655349731
1448,162.08216857910156,165.13613891601562,1.0,145.80686950683594,182.5759735107422,1.0,189.6192626953125,235.7586669921875,0.00033482874277979136,109.3398208618164,213.4705047607422,0.0009275670163333416,185.98072814941406,185.09080505371094,1.0,199.8402557373047,187.47265625,1.0,137.60507202148438,199.3199920654297,1.0,118.50245666503906,217.5387725830078,0.9999998807907104,174.197265625,229.00119018554688,0.9999995231628418
1449,163.00547790527344,165.29937744140625,1.0,146.61277770996094,182.17300415039062,1.0,141.00453186035156,180.27867126464844,0.0004405896761454642,110.01835632324219,213.68209838867188,0.0008476319490000606,187.86801147460938,185.25209045410156,1.0,201.8126983642578,187.8658447265625,1.0,138.8047332763672,198.10321044921875,1.0,119.78279876708984,217.16549682617188,0.9999997615814209,175.75238037109375,229.12185668945312,0.9999995231628418
1450,163.79888916015625,165.13031005859375,1.0,147.63070678710938,182.28810119628906,1.0,141.34226989746094,180.13327026367188,0.0005270293913781643,227.6268768310547,183.32009887695312,0.0012843215372413397,187.6792755126953,185.38565063476562,1.0,202.82749938964844,187.54910278320312,1.0,139.05445861816406,197.9386749267578,1.0,119.42694091796875,215.88819885253906,0.9999998807907104,176.0828094482422,228.539306640625,0.9999994039535522
1451,163.67306518554688,165.03781127929688,1.0,147.6889190673828,182.38417053222656,1.0,141.4952392578125,179.96168518066406,0.0003294298949185759,227.3110809326172,183.1453399658203,0.0013790972298011184,187.87454223632812,185.26095581054688,1.0,202.77418518066406,187.95762634277344,1.0,139.24253845214844,198.1271209716797,1.0,119.88139343261719,216.3363494873047,0.9999998807907104,177.0628204345703,228.9041748046875,0.9999988079071045
1452,164.1308135986328,166.0573272705078,1.0,147.7266387939453,182.35650634765625,1.0,142.24490356445312,179.60153198242188,0.00079161865869537,227.56443786621094,183.2466583251953,0.001574723981320858,188.0143280029297,185.00216674804688,1.0,202.5255889892578,188.07797241210938,1.0,139.54212951660156,197.9412078857422,1.0,120.06358337402344,216.222900390625,0.9999997615814209,177.4505615234375,230.4045867919922,0.9999986886978149
1453,164.28831481933594,166.29872131347656,1.0,148.51007080078125,182.90306091308594,1.0,142.63812255859375,179.64305114746094,0.0003577558964025229,227.15525817871094,183.44631958007812,0.002034171251580119,188.52027893066406,185.46340942382812,1.0,203.0720672607422,188.24575805664062,1.0,139.8936309814453,198.9129638671875,1.0,119.86168670654297,216.25244140625,0.9999996423721313,176.9573211669922,230.53773498535156,0.9999990463256836
1454,165.35557556152344,166.1155242919922,1.0,148.10110473632812,182.51431274414062,1.0,141.96884155273438,179.89964294433594,0.0004475585592444986,226.6144561767578,183.20370483398438,0.0017311695264652371,189.46615600585938,185.84339904785156,1.0,203.5950164794922,189.15684509277344,1.0,138.89259338378906,198.090576171875,1.0,119.89408874511719,216.12196350097656,0.9999996423721313,176.31285095214844,230.66989135742188,0.9999994039535522
1455,165.65719604492188,165.88348388671875,1.0,148.29127502441406,182.31402587890625,1.0,142.15988159179688,179.75523376464844,0.0005523188738152385,226.37200927734375,182.88320922851562,0.0015734551707282662,189.55406188964844,185.8467559814453,1.0,204.02841186523438,189.1601104736328,1.0,138.8504180908203,197.8162384033203,1.0,119.75067138671875,216.0999298095703,0.9999996423721313,176.10134887695312,230.52322387695312,0.9999992847442627
1456,165.69839477539062,165.8673858642578,1.0,148.23751831054688,182.2117462158203,1.0,142.2860107421875,179.6614990234375,0.0005947871832177043,226.4769287109375,182.89767456054688,0.0014673481928184628,189.6136932373047,185.81784057617188,1.0,203.88723754882812,189.111083984375,1.0,138.94651794433594,197.799560546875,1.0,119.70752716064453,215.92234802246094,0.9999998807907104,175.86790466308594,230.46287536621094,0.9999995231628418
1457,165.91342163085938,166.03773498535156,1.0,148.53334045410156,182.2318572998047,1.0,142.6457977294922,179.35684204101562,0.000692142522893846,226.59054565429688,182.88897705078125,0.0014416832709684968,189.5231170654297,185.9779815673828,1.0,203.93661499023438,189.11807250976562,1.0,139.171630859375,197.83755493164062,1.0,120.0862808227539,216.53355407714844,0.9999998807907104,176.14476013183594,230.82717895507812,0.9999995231628418
1458,166.01405334472656,165.79983520507812,1.0,148.5579376220703,181.75416564941406,1.0,142.8895263671875,178.93032836914062,0.001263558166101575,139.99815368652344,179.26406860351562,0.001437872415408492,189.7681121826172,185.82908630371094,1.0,203.96240234375,189.10215759277344,1.0,138.95309448242188,197.46507263183594,1.0,119.9474105834961,216.2087860107422,0.9999998807907104,175.86895751953125,231.01527404785156,0.9999994039535522
1459,166.0804901123047,165.7248077392578,1.0,148.64137268066406,181.67808532714844,1.0,143.25648498535156,178.80413818359375,0.0015076790004968643,140.23777770996094,179.1239471435547,0.0026114562060683966,189.93797302246094,185.9210968017578,1.0,204.16737365722656,189.172119140625,1.0,138.70883178710938,197.2957305908203,1.0,119.93617248535156,216.0499267578125,0.9999998807907104,175.940185546875,230.99697875976562,0.9999992847442627
1460,166.13119506835938,165.7881622314453,1.0,148.56497192382812,181.6557159423828,1.0,142.86827087402344,178.71922302246094,0.0015446123434230685,140.10604858398438,178.97048950195312,0.0018870825879275799,189.8008270263672,185.9293212890625,1.0,204.01719665527344,189.15762329101562,1.0,138.61508178710938,197.17520141601562,1.0,119.62812042236328,215.92398071289062,0.9999998807907104,175.06793212890625,230.37362670898438,0.9999996423721313
1461,165.2405242919922,166.523681640625,1.0,148.0066680908203,182.4322967529297,1.0,141.7029266357422,179.49313354492188,0.0008135634707286954,227.79269409179688,183.54579162597656,0.0010366588830947876,188.1877899169922,186.58612060546875,1.0,202.84909057617188,189.593505859375,1.0,138.02125549316406,198.46505737304688,1.0,118.64066314697266,217.8995819091797,0.9999998807907104,173.48350524902344,229.92364501953125,0.9999996423721313
1462,163.6106719970703,167.4873046875,1.0,144.9520263671875,184.94595336914062,1.0,175.44064331054688,191.5234375,0.0003587160899769515,109.00980377197266,213.1344451904297,0.00046777480747550726,185.0477752685547,187.99314880371094,1.0,200.02719116210938,189.87130737304688,1.0,134.96632385253906,201.4735107421875,1.0,117.07585144042969,219.5664520263672,1.0,170.93772888183594,232.15560913085938,0.999998927116394
1463,160.42190551757812,168.79701232910156,1.0,141.1732177734375,186.0058135986328,1.0,133.28524780273438,181.1854248046875,0.0004694984818343073,199.09727478027344,195.42010498046875,0.0004730291257146746,183.26124572753906,188.7888641357422,1.0,198.5193634033203,190.6206817626953,1.0,132.44509887695312,202.4058837890625,1.0,115.48199462890625,221.30093383789062,1.0,170.8206024169922,236.28005981445312,0.9999995231628418
1464,160.14674377441406,169.92156982421875,1.0,141.47958374023438,186.90663146972656,1.0,176.0023956298828,192.42713928222656,0.0004624816938303411,199.01882934570312,195.47189331054688,0.00044592752237804234,183.23097229003906,188.68252563476562,1.0,198.37498474121094,190.93075561523438,1.0,132.36764526367188,203.76393127441406,1.0,115.19479370117188,220.71096801757812,0.9999998807907104,170.89259338378906,235.79824829101562,0.9999994039535522
1465,159.68519592285156,170.17153930664062,1.0,140.69287109375,186.9010467529297,1.0,133.18296813964844,181.7810516357422,0.000610760529525578,199.11624145507812,195.4545440673828,0.000456253532320261,182.99398803710938,189.01571655273438,1.0,198.1182098388672,191.22747802734375,1.0,132.28842163085938,203.5612335205078,1.0,115.08289337158203,221.2681427001953,0.9999998807907104,170.67030334472656,236.35984802246094,0.9999994039535522
1466,159.90286254882812,169.97068786621094,1.0,140.9441680908203,186.92405700683594,1.0,176.1792449951172,192.2159423828125,0.00045683010830543935,199.39683532714844,195.5472869873047,0.0004913763259537518,182.8650360107422,189.00088500976562,1.0,197.9899444580078,191.2640838623047,1.0,132.04246520996094,203.65017700195312,1.0,115.0912094116211,221.6645965576172,0.9999998807907104,170.53953552246094,236.41802978515625,0.9999994039535522
1467,159.70758056640625,170.22586059570312,1.0,141.2558135986328,187.08950805664062,1.0,133.53509521484375,182.0180206298828,0.0006348535534925759,199.4212188720703,195.60430908203125,0.00044457189505919814,182.7578887939453,188.9041748046875,1.0,197.91319274902344,191.1337127685547,1.0,132.0786895751953,203.800048828125,1.0,115.25193786621094,221.81478881835938,0.9999998807907104,170.34902954101562,236.6237335205078,0.9999992847442627
1468,159.559814453125,170.2021484375,1.0,140.91659545898438,187.34616088867188,1.0,133.2799530029297,182.36329650878906,0.0005140493158251047,199.2172088623047,195.61871337890625,0.00042405101703479886,182.78794860839844,188.87432861328125,1.0,198.06512451171875,190.9833221435547,1.0,132.19766235351562,203.95901489257812,1.0,115.82553100585938,221.8379669189453,1.0,170.33067321777344,235.85975646972656,0.9999986886978149
1469,160.6045379638672,170.09750366210938,1.0,142.38230895996094,187.12210083007812,1.0,133.95005798339844,182.1461944580078,0.00038923893589526415,189.30450439453125,241.621337890625,0.0004483657830860466,183.39273071289062,188.4130096435547,1.0,198.6230926513672,190.1825408935547,1.0,133.68055725097656,203.93179321289062,1.0,116.57530212402344,220.93869018554688,1.0,170.79681396484375,235.64794921875,0.9999985694885254
1470,161.2872314453125,169.31394958496094,1.0,143.5975341796875,186.32850646972656,1.0,134.0496063232422,181.64845275878906,0.00043723650742322206,109.04796600341797,212.89212036132812,0.00044367543887346983,183.5129852294922,187.98660278320312,1.0,198.8931427001953,189.76480102539062,1.0,134.28546142578125,203.4368438720703,1.0,116.81587982177734,220.10377502441406,1.0,170.00674438476562,233.1689453125,0.9999986886978149
1471,161.46583557128906,169.11279296875,1.0,143.5762176513672,185.96871948242188,1.0,133.5087127685547,181.71139526367188,0.0005109665798954666,109.15162658691406,212.49661254882812,0.00039579361327923834,183.5278778076172,188.03285217285156,1.0,198.8472442626953,189.66600036621094,1.0,134.40240478515625,202.8032989501953,1.0,116.8134994506836,220.40029907226562,1.0,170.01499938964844,232.84844970703125,0.9999988079071045
1472,161.90423583984375,168.6948699951172,1.0,142.90997314453125,185.54104614257812,1.0,133.72256469726562,181.7689666748047,0.0006666918052360415,198.94186401367188,195.55859375,0.0004062203806824982,183.96676635742188,188.00758361816406,1.0,199.10084533691406,190.00564575195312,1.0,134.28440856933594,202.8372802734375,1.0,116.84260559082031,219.91851806640625,1.0,170.02442932128906,232.2369384765625,0.999998927116394
1473,162.0130615234375,168.7410888671875,1.0,143.6959991455078,185.72671508789062,1.0,133.64015197753906,181.84686279296875,0.000345178646966815,198.72650146484375,195.4556884765625,0.00035872243461199105,184.1479949951172,187.98333740234375,1.0,199.26678466796875,189.8461456298828,1.0,134.52383422851562,202.840576171875,1.0,116.80834197998047,219.75698852539062,1.0,169.721435546875,231.35826110839844,0.9999991655349731
1474,163.7801971435547,167.93179321289062,1.0,147.05491638183594,185.56906127929688,1.0,189.87448120117188,237.56101989746094,0.00031790282810106874,110.78797149658203,214.19635009765625,0.00048257873277179897,188.30764770507812,188.65431213378906,1.0,202.3946533203125,191.8090057373047,1.0,137.9436798095703,202.42721557617188,1.0,119.925048828125,218.68463134765625,0.9999992847442627,174.82603454589844,232.98426818847656,0.9999995231628418
1475,165.83953857421875,167.93760681152344,1.0,150.50347900390625,186.93797302246094,1.0,190.0188446044922,239.2181396484375,0.00027513690292835236,206.57235717773438,241.77162170410156,0.0007213499629870057,191.05612182617188,190.0524444580078,1.0,205.12054443359375,193.18997192382812,1.0,143.70074462890625,206.04454040527344,1.0,123.96630859375,220.10116577148438,0.9999998807907104,178.88192749023438,235.06301879882812,0.9999998807907104
1476,167.70297241210938,168.982421875,1.0,153.8552703857422,188.43319702148438,1.0,200.63475036621094,195.1102294921875,0.0004979251534678042,225.3714141845703,192.84352111816406,0.0006529306992888451,193.2808380126953,191.82974243164062,1.0,207.88417053222656,194.92825317382812,1.0,147.2457733154297,207.2547607421875,1.0,126.7833480834961,220.45294189453125,0.9999998807907104,182.1026611328125,237.36419677734375,1.0
1477,168.74868774414062,169.3223419189453,1.0,155.36883544921875,188.87091064453125,1.0,199.72314453125,195.16664123535156,0.00048812205204740167,119.85653686523438,212.9810791015625,0.0007097843335941434,194.2578887939453,191.9199676513672,1.0,208.90078735351562,195.03396606445312,1.0,149.07725524902344,208.3992156982422,1.0,128.107666015625,221.02061462402344,0.9999998807907104,184.37274169921875,238.08705139160156,1.0
1478,169.58872985839844,169.60659790039062,1.0,156.3411407470703,188.9403839111328,1.0,198.90887451171875,195.65103149414062,0.0005133692175149918,120.74098205566406,213.33106994628906,0.0006213955348357558,195.4002685546875,192.3845977783203,1.0,210.44577026367188,195.83836364746094,1.0,150.73353576660156,208.56011962890625,1.0,129.0568084716797,221.30014038085938,1.0,185.18896484375,238.3329620361328,1.0
1479,169.3147735595703,169.3663330078125,1.0,156.7499237060547,189.3594970703125,1.0,193.9588165283203,192.44790649414062,0.000571328797377646,217.04237365722656,196.0050048828125,0.0004924754612147808,196.0546112060547,192.16648864746094,1.0,211.05026245117188,195.7472381591797,1.0,151.81675720214844,208.7960662841797,1.0,129.4893798828125,222.47337341308594,1.0,186.06314086914062,238.20010375976562,1.0
1480,169.53782653808594,169.6004180908203,1.0,157.0959014892578,189.50389099121094,1.0,193.66709899902344,192.61611938476562,0.0005069929175078869,216.78955078125,195.94534301757812,0.0005598202697001398,196.51239013671875,192.38702392578125,1.0,211.2261199951172,195.733642578125,1.0,152.23817443847656,208.946533203125,1.0,129.82786560058594,222.53262329101562,1.0,186.32228088378906,238.29067993164062,1.0
1481,169.9326629638672,169.7952117919922,1.0,157.8648223876953,189.80709838867188,1.0,193.28782653808594,192.83621215820312,0.0005443019908852875,216.6684112548828,196.06680297851562,0.0006022068555466831,197.11268615722656,192.77276611328125,1.0,211.7156982421875,196.31802368164062,1.0,153.19171142578125,209.0307159423828,1.0,130.59869384765625,223.46153259277344,1.0,186.43678283691406,239.57049560546875,1.0
1482,171.59182739257812,172.6864471435547,1.0,159.1444091796875,192.9339141845703,1.0,191.38214111328125,252.48744201660156,0.000539097236469388,218.5178680419922,196.4898223876953,0.0014029118465259671,197.0724334716797,196.7197723388672,1.0,211.3412322998047,198.39337158203125,1.0,153.2161102294922,211.57183837890625,1.0,131.45013427734375,226.10292053222656,1.0,189.57691955566406,240.91226196289062,1.0
1483,169.44708251953125,177.5511016845703,1.0,159.588134765625,199.87818908691406,1.0,151.75851440429688,195.6143035888672,0.43975719809532166,144.26254272460938,194.79425048828125,0.9904296398162842,201.15252685546875,204.75302124023438,0.21780122816562653,212.07827758789062,202.7095947265625,1.0,155.41079711914062,218.2561492919922,1.0,132.8711395263672,231.47109985351562,1.0,192.85382080078125,244.38552856445312,1.0
1484,169.6181182861328,183.07969665527344,1.0,160.28245544433594,208.2587890625,1.0,151.06614685058594,203.70013427734375,0.9082818627357483,141.62632751464844,202.3992919921875,0.9998738765716553,200.7522735595703,209.65867614746094,0.17479848861694336,212.5753936767578,206.96878051757812,1.0,158.00234985351562,226.50779724121094,1.0,135.67051696777344,238.99783325195312,0.9999992847442627,193.88194274902344,250.14492797851562,1.0
1485,169.58428955078125,191.25482177734375,1.0,160.8558807373047,218.41775512695312,1.0,149.54739379882812,213.78347778320312,0.999971866607666,137.9748992919922,212.6431427001953,1.0,197.67796325683594,214.61631774902344,1.0,211.67820739746094,213.73680114746094,1.0,160.11761474609375,239.83941650390625,1.0,136.10263061523438,251.76263427734375,1.0,196.08572387695312,260.65484619140625,1.0
1486,170.0378875732422,197.49037170410156,1.0,163.12030029296875,227.6304931640625,1.0,150.11807250976562,218.73101806640625,1.0,137.45596313476562,217.95848083496094,1.0,197.41134643554688,218.45291137695312,1.0,212.93264770507812,216.74383544921875,1.0,163.93943786621094,250.44737243652344,1.0,138.3981475830078,261.0428161621094,1.0,198.7489776611328,266.1393127441406,1.0
1487,171.11746215820312,201.8738250732422,1.0,165.3338165283203,232.28468322753906,1.0,150.65951538085938,221.72654724121094,1.0,137.53680419921875,220.77719116210938,1.0,198.1991424560547,220.9523162841797,1.0,213.63272094726562,218.18666076660156,1.0,165.91043090820312,254.0124053955078,1.0,140.6145782470703,267.1384582519531,1.0,201.1558380126953,269.0322265625,1.0
1488,173.28187561035156,204.3563995361328,1.0,168.76153564453125,235.19664001464844,1.0,152.70962524414062,222.84568786621094,1.0,138.5905303955078,222.08628845214844,1.0,200.20736694335938,222.79029846191406,1.0,214.85635375976562,220.46368408203125,1.0,168.80113220214844,257.6282043457031,1.0,142.4718017578125,269.3668212890625,1.0,202.98997497558594,271.4114685058594,1.0
1489,174.33949279785156,204.6403350830078,1.0,169.53004455566406,236.41705322265625,1.0,153.89857482910156,223.3047332763672,1.0,139.42251586914062,223.11341857910156,1.0,201.08966064453125,223.02548217773438,1.0,215.8725128173828,221.26913452148438,1.0,171.0488739013672,259.5528869628906,1.0,144.11691284179688,271.0645751953125,1.0,204.17645263671875,272.9828186035156,1.0
1490,177.00563049316406,204.26708984375,1.0,172.8282470703125,235.89666748046875,1.0,156.08367919921875,222.2704315185547,1.0,140.6321563720703,221.89013671875,1.0,203.43048095703125,222.69029235839844,1.0,218.14791870117188,220.84715270996094,1.0,173.65626525878906,259.152099609375,1.0,145.904296875,269.93280029296875,1.0,205.80288696289062,272.6497497558594,1.0
1491,179.62136840820312,203.85435485839844,1.0,175.89044189453125,236.2542266845703,1.0,157.4903106689453,221.90472412109375,1.0,142.1488800048828,221.1606903076172,1.0,205.408203125,222.36817932128906,1.0,220.00498962402344,220.90602111816406,1.0,176.4885711669922,258.2157897949219,1.0,148.68406677246094,269.69476318359375,1.0,207.67626953125,272.8131103515625,1.0
1492,180.68553161621094,203.49180603027344,1.0,177.55386352539062,235.71176147460938,1.0,158.58770751953125,221.72267150878906,1.0,142.6305694580078,221.331787109375,1.0,205.7808074951172,221.92967224121094,1.0,220.54600524902344,221.189697265625,1.0,178.9883575439453,258.86175537109375,1.0,149.90773010253906,269.9266052246094,1.0,209.1226348876953,272.68182373046875,1.0
1493,181.36366271972656,203.4453125,1.0,178.15220642089844,235.84201049804688,1.0,158.88844299316406,221.48129272460938,1.0,143.3857879638672,221.1698455810547,1.0,206.2684783935547,222.03662109375,1.0,221.0608367919922,221.1915283203125,1.0,179.20530700683594,259.0443420410156,1.0,150.59051513671875,270.28802490234375,1.0,209.4547119140625,272.58935546875,1.0
1494,181.76031494140625,203.6764678955078,1.0,178.64427185058594,236.18646240234375,1.0,158.837890625,221.5126495361328,1.0,143.6864776611328,221.13661193847656,1.0,206.5028076171875,222.15501403808594,1.0,221.2644500732422,221.27871704101562,1.0,179.77578735351562,259.230224609375,1.0,150.8309326171875,270.3333740234375,1.0,210.4270477294922,272.68194580078125,1.0
1495,182.32334899902344,203.9886474609375,1.0,179.1901092529297,236.66033935546875,1.0,159.33602905273438,221.59915161132812,1.0,144.06716918945312,221.23167419433594,1.0,206.85427856445312,222.56390380859375,1.0,221.4448699951172,221.42169189453125,1.0,180.13909912109375,259.3040771484375,1.0,151.20399475097656,270.1880798339844,1.0,210.70632934570312,273.1551818847656,1.0
1496,183.09933471679688,203.79966735839844,1.0,180.24575805664062,236.63888549804688,1.0,159.68304443359375,221.582763671875,1.0,144.4965362548828,221.19174194335938,1.0,207.6291961669922,222.70835876464844,1.0,221.94464111328125,221.31150817871094,1.0,181.31300354003906,259.933837890625,1.0,152.16453552246094,270.0963134765625,1.0,211.54696655273438,273.4022216796875,1.0
1497,183.5003204345703,203.74432373046875,1.0,181.127685546875,236.46827697753906,1.0,159.87661743164062,221.78189086914062,1.0,144.37452697753906,221.38345336914062,1.0,207.65045166015625,222.78659057617188,1.0,222.01246643066406,221.2628631591797,1.0,182.01516723632812,259.836669921875,1.0,152.5201873779297,270.32110595703125,1.0,211.97425842285156,273.2935485839844,1.0
1498,183.56190490722656,203.92230224609375,1.0,180.71270751953125,236.37745666503906,1.0,160.09646606445312,221.90292358398438,1.0,144.42604064941406,221.5225372314453,1.0,207.7790069580078,222.95591735839844,1.0,222.22267150878906,221.376708984375,1.0,182.3165740966797,259.7657165527344,1.0,152.67999267578125,270.21405029296875,1.0,212.0587615966797,273.2409362792969,1.0
1499,183.9595947265625,203.55545043945312,1.0,180.9276123046875,236.53375244140625,1.0,160.34033203125,221.85977172851562,1.0,144.68544006347656,221.54461669921875,1.0,208.0964813232422,222.99002075195312,1.0,222.5656280517578,221.33302307128906,1.0,182.4034881591797,259.9001159667969,1.0,152.7711639404297,270.1643981933594,1.0,212.1703643798828,273.4194030761719,1.0
1500,186.26174926757812,206.8964385986328,1.0,183.471923828125,237.4555206298828,1.0,163.33187866210938,225.43045043945312,1.0,146.6485595703125,222.99859619140625,1.0,210.59201049804688,226.65745544433594,1.0,225.75685119628906,224.00509643554688,1.0,184.3273162841797,260.4286193847656,1.0,154.9431915283203,271.9356384277344,1.0,213.99075317382812,275.8927917480469,1.0
1501,191.6536865234375,212.33108520507812,1.0,190.04246520996094,248.19125366210938,1.0,168.9036102294922,231.049072265625,1.0,151.40084838867188,228.989990234375,1.0,214.69989013671875,233.04574584960938,1.0,230.4102325439453,229.5978546142578,1.0,189.00865173339844,269.5256042480469,1.0,159.0752716064453,278.2835693359375,1.0,217.11109924316406,281.1885986328125,1.0
1502,194.3302001953125,214.97171020507812,1.0,193.44900512695312,250.67926025390625,1.0,170.25360107421875,233.010009765625,1.0,153.1531219482422,229.46168518066406,1.0,217.4201202392578,235.26759338378906,1.0,232.70399475097656,230.83349609375,1.0,192.2186279296875,272.4014892578125,1.0,161.20689392089844,280.7432861328125,1.0,219.7405548095703,283.451904296875,1.0
1503,196.45974731445312,216.19586181640625,1.0,195.78460693359375,252.85540771484375,1.0,171.28927612304688,234.52073669433594,1.0,154.74371337890625,230.58229064941406,1.0,218.82444763183594,235.6568145751953,1.0,233.83355712890625,232.061279296875,1.0,196.0601043701172,274.5655212402344,1.0,162.80624389648438,282.3276062011719,1.0,221.53610229492188,285.2482604980469,1.0
1504,198.638671875,216.92445373535156,1.0,197.622802734375,254.24403381347656,1.0,172.55029296875,234.47195434570312,1.0,155.94894409179688,231.2984619140625,1.0,220.19715881347656,236.50851440429688,1.0,235.45179748535156,232.83419799804688,1.0,197.8273162841797,275.7313232421875,1.0,164.20069885253906,282.8431091308594,1.0,222.87855529785156,286.0706787109375,1.0
1505,202.95765686035156,217.5668182373047,1.0,202.7769317626953,254.7791290283203,1.0,176.6759490966797,235.71340942382812,1.0,160.08731079101562,231.7416534423828,1.0,224.43495178222656,237.58926391601562,1.0,238.7938232421875,233.43577575683594,1.0,202.60096740722656,277.1656799316406,1.0,168.19056701660156,283.13604736328125,1.0,226.6732635498047,287.3602294921875,1.0
1506,205.97579956054688,218.37158203125,1.0,206.939453125,256.65411376953125,1.0,179.5095672607422,235.57342529296875,1.0,163.4134521484375,231.50189208984375,1.0,226.88653564453125,238.05056762695312,1.0,240.69422912597656,233.75286865234375,1.0,206.0047149658203,277.8713684082031,1.0,171.64930725097656,283.53436279296875,1.0,229.88206481933594,286.9197692871094,1.0
1507,208.1334991455078,218.48797607421875,1.0,210.0456085205078,258.14410400390625,1.0,180.78831481933594,235.82969665527344,1.0,165.25816345214844,231.79530334472656,1.0,228.45997619628906,238.5889434814453,1.0,243.05018615722656,234.00543212890625,1.0,208.33587646484375,277.9833984375,1.0,174.4126434326172,283.56658935546875,1.0,231.5701904296875,287.27496337890625,0.9999998807907104
1508,211.71478271484375,218.91505432128906,1.0,212.86920166015625,257.67120361328125,1.0,183.34498596191406,236.0538330078125,1.0,167.47789001464844,232.1965789794922,1.0,230.6984405517578,238.0267791748047,1.0,245.240966796875,234.64431762695312,1.0,211.41476440429688,278.67828369140625,1.0,175.9342041015625,283.62725830078125,1.0,233.61500549316406,287.591552734375,0.9999998807907104
1509,216.38555908203125,219.38162231445312,1.0,217.27708435058594,256.7875061035156,1.0,187.20086669921875,235.2999725341797,1.0,171.37501525878906,232.31179809570312,1.0,234.40940856933594,237.69691467285156,1.0,247.5989990234375,234.99667358398438,1.0,217.2574005126953,278.20855712890625,1.0,180.0127716064453,283.335205078125,1.0,238.5297088623047,287.8475036621094,0.9999998807907104
1510,217.2755889892578,218.58120727539062,1.0,219.75721740722656,255.8622283935547,1.0,189.52613830566406,235.00653076171875,1.0,172.84971618652344,232.37428283691406,1.0,236.4718780517578,237.74679565429688,1.0,249.0408935546875,235.189453125,1.0,219.71975708007812,278.41400146484375,1.0,181.968505859375,283.8450622558594,1.0,240.31546020507812,287.61749267578125,0.9999997615814209
1511,218.96194458007812,218.87120056152344,1.0,221.53668212890625,256.6410827636719,1.0,190.6224365234375,235.10374450683594,1.0,174.10659790039062,231.92623901367188,1.0,237.61045837402344,238.04283142089844,1.0,249.79812622070312,235.53009033203125,1.0,221.17088317871094,278.35968017578125,1.0,183.19744873046875,283.60015869140625,1.0,242.21627807617188,287.1278991699219,0.9999998807907104
1512,221.9833984375,217.1341094970703,1.0,224.87486267089844,255.7837371826172,1.0,193.3905029296875,233.70875549316406,1.0,177.12588500976562,231.0242156982422,1.0,239.80699157714844,236.39881896972656,1.0,251.18186950683594,233.86453247070312,1.0,223.70010375976562,277.59130859375,1.0,185.47793579101562,283.2869567871094,1.0,244.59632873535156,286.86907958984375,1.0
1513,225.5726776123047,216.52532958984375,1.0,229.22756958007812,255.3104705810547,1.0,196.270751953125,233.58184814453125,1.0,180.4178009033203,230.93081665039062,1.0,242.83059692382812,235.56207275390625,1.0,253.65859985351562,234.1495361328125,1.0,229.00538635253906,277.590087890625,1.0,189.42201232910156,282.5848083496094,1.0,247.05337524414062,286.69580078125,0.9999997615814209
1514,227.7814178466797,216.7529296875,1.0,231.6219940185547,255.20741271972656,1.0,197.9891357421875,233.2863006591797,1.0,182.65255737304688,230.82080078125,1.0,244.18727111816406,235.68008422851562,1.0,254.91336059570312,234.41311645507812,1.0,230.84811401367188,277.3749694824219,1.0,190.9132080078125,282.68408203125,1.0,248.828369140625,286.0655212402344,0.9999998807907104
1515,228.9339599609375,216.4979705810547,1.0,232.8856658935547,255.04383850097656,1.0,198.94216918945312,232.69403076171875,1.0,183.35791015625,230.6225128173828,1.0,244.7455596923828,235.829345703125,1.0,255.5216827392578,234.42041015625,1.0,232.28428649902344,276.98065185546875,1.0,191.96414184570312,282.5027770996094,1.0,250.21340942382812,286.2367858886719,1.0
1516,229.1155548095703,216.0122528076172,1.0,233.17970275878906,254.38465881347656,1.0,199.28045654296875,232.6962127685547,1.0,183.6338653564453,230.59713745117188,1.0,245.0231170654297,235.86370849609375,1.0,255.80836486816406,234.67239379882812,1.0,232.69667053222656,277.0786437988281,1.0,193.2019500732422,282.0127258300781,1.0,250.34024047851562,285.9722595214844,1.0
1517,229.8057098388672,215.8910675048828,1.0,233.64369201660156,254.3787078857422,1.0,199.72755432128906,232.4476318359375,1.0,183.88656616210938,230.49908447265625,1.0,245.31126403808594,235.67320251464844,1.0,255.95462036132812,234.58609008789062,1.0,233.0118865966797,277.2312927246094,1.0,192.25962829589844,282.4405212402344,1.0,250.3333282470703,286.1729431152344,1.0
1518,229.7469940185547,215.67613220214844,1.0,233.84222412109375,254.20101928710938,1.0,199.65341186523438,232.32815551757812,1.0,183.8259735107422,230.4180145263672,1.0,245.52813720703125,235.4967041015625,1.0,256.17547607421875,234.81582641601562,1.0,233.2191619873047,276.9614562988281,1.0,192.37832641601562,282.507080078125,1.0,250.66793823242188,286.08258056640625,1.0
1519,233.53587341308594,216.89073181152344,1.0,237.36412048339844,251.54766845703125,1.0,203.40101623535156,233.1040802001953,1.0,186.85311889648438,229.84939575195312,1.0,247.57986450195312,237.1023712158203,1.0,256.18719482421875,234.7064666748047,1.0,237.77235412597656,275.8982238769531,1.0,196.1762237548828,281.7557678222656,1.0,252.9158172607422,285.58013916015625,0.9999997615814209
1520,245.4851531982422,216.070556640625,1.0,251.1292724609375,250.10369873046875,1.0,215.0184783935547,234.4559783935547,0.01721838489174843,201.5904541015625,232.0322723388672,1.0,256.2890930175781,237.98513793945312,0.8169326186180115,263.1702880859375,238.20831298828125,0.9992916584014893,250.06764221191406,274.682373046875,1.0,206.9204559326172,279.82940673828125,1.0,261.2947998046875,284.5540466308594,0.9999897480010986
1521,256.0011901855469,215.9036102294922,0.9999998807907104,262.01690673828125,249.27313232421875,1.0,228.3367462158203,234.31826782226562,0.951881468296051,213.7198028564453,230.8428497314453,1.0,270.8586120605469,238.91221618652344,0.0007283473969437182,275.392578125,240.4455108642578,0.011507591232657433,264.2072448730469,272.9925537109375,0.9999997615814209,216.81771850585938,278.72119140625,1.0,274.2813415527344,281.8863220214844,0.07119538635015488
1522,263.6617126464844,214.90203857421875,1.0,271.15570068359375,248.88063049316406,0.9999998807907104,236.9771270751953,231.4864959716797,1.0,222.8555450439453,228.1261749267578,1.0,283.76300048828125,232.89361572265625,0.0003907528589479625,292.7854919433594,237.7163543701172,0.004349479917436838,273.8643798828125,273.03643798828125,1.0,227.95555114746094,278.800537109375,1.0,284.0069274902344,280.0365295410156,0.0011584691237658262
1523,269.49554443359375,213.50535583496094,1.0,277.4024353027344,248.00038146972656,1.0,243.1005859375,229.2439422607422,1.0,230.21900939941406,225.8096160888672,1.0,309.6593322753906,223.28236389160156,0.0005358997732400894,312.96832275390625,224.8416290283203,0.001570544671267271,281.9619445800781,271.5681457519531,1.0,235.79275512695312,278.3930358886719,1.0,292.5469055175781,277.7818298339844,0.0003283234254922718
1524,272.7488098144531,215.9644317626953,1.0,279.9092102050781,248.25326538085938,0.9999998807907104,246.3019256591797,228.6918182373047,1.0,234.03680419921875,224.63282775878906,1.0,299.6092834472656,231.29403686523438,0.00038484385004267097,313.1260070800781,225.16502380371094,0.0008108870824798942,285.0719299316406,270.9317932128906,1.0,238.9450225830078,278.0453796386719,1.0,294.5722961425781,276.7231750488281,0.00025515403831377625
1525,274.8360595703125,217.8472137451172,1.0,282.64532470703125,248.92051696777344,1.0,249.24951171875,230.5581512451172,1.0,236.4740447998047,226.5225372314453,1.0,299.977294921875,231.76466369628906,0.00022273045033216476,313.6028137207031,225.73040771484375,0.0002408944710623473,286.20654296875,273.0752258300781,1.0,240.91769409179688,279.1942443847656,1.0,215.61102294921875,241.15794372558594,0.00015053022070787847
1526,277.1169128417969,219.1435546875,1.0,284.7195739746094,251.92291259765625,1.0,252.29083251953125,233.8197021484375,1.0,242.4092254638672,229.75018310546875,1.0,299.3792419433594,241.08572387695312,7.469357660738751e-05,310.4516296386719,238.5635986328125,0.0004501098010223359,288.21099853515625,275.5789794921875,0.9999998807907104,241.52182006835938,280.30389404296875,0.9999998807907104,252.2801971435547,223.03662109375,0.000268349249381572
1527,284.23931884765625,226.8564453125,1.0,288.2564697265625,254.5792999267578,0.9999997615814209,260.0181579589844,239.31399536132812,0.7613334655761719,248.8411102294922,232.62879943847656,0.9999938011169434,300.8014221191406,243.8230438232422,9.611131099518389e-05,327.2998962402344,239.20367431640625,0.00024347184807993472,291.0293884277344,277.9692687988281,0.9999995231628418,245.09095764160156,279.5529479980469,0.9999998807907104,250.9017791748047,223.6182861328125,0.00042065256275236607
1528,284.9834899902344,227.90478515625,1.0,291.0224304199219,258.50439453125,1.0,263.36138916015625,240.0995330810547,0.9999899864196777,254.585205078125,234.7713623046875,1.0,302.11474609375,244.6893768310547,0.0004665022133849561,327.0261535644531,239.1957244873047,0.00033942083246074617,294.04193115234375,279.81414794921875,0.9999983310699463,250.5251922607422,280.9989318847656,0.9999754428863525,268.95269775390625,225.3973846435547,0.0006596624152734876
1529,284.97698974609375,227.66961669921875,1.0,293.5850524902344,261.280517578125,1.0,266.88519287109375,241.5306854248047,1.0,259.90191650390625,235.59197998046875,1.0,295.286865234375,247.91439819335938,0.00254082097671926,326.9116516113281,239.1798553466797,0.00048327218974009156,297.3451232910156,283.71112060546875,0.9998052716255188,257.97265625,283.48516845703125,0.9461624026298523,268.5580139160156,224.17626953125,0.0005567180924117565
1530,286.8562316894531,228.2025909423828,1.0,294.494873046875,262.9900817871094,1.0,269.2417907714844,241.30250549316406,1.0,262.4371337890625,235.3321990966797,1.0,294.448974609375,247.80335998535156,0.008057325147092342,327.03240966796875,239.28627014160156,0.0005483676213771105,297.4200439453125,284.5342712402344,0.9997872710227966,262.2206115722656,284.1632995605469,0.29385796189308167,268.1685791015625,224.35630798339844,0.00019127677660435438
1531,288.7478332519531,229.84197998046875,1.0,296.6749267578125,264.2550964355469,0.9999996423721313,272.3713684082031,241.0732421875,1.0,265.38299560546875,236.30392456054688,1.0,294.9486389160156,247.50816345214844,0.002277718624100089,326.962158203125,239.58502197265625,0.0003963110502809286,299.70465087890625,285.123779296875,0.9996540546417236,264.6823425292969,285.7142639160156,0.07825302332639694,307.4127502441406,287.270751953125,0.00011540781270014122
1532,289.9378662109375,230.8902130126953,1.0,297.0892333984375,266.821044921875,0.9999995231628418,272.3635559082031,241.3304443359375,1.0,266.4518127441406,236.76402282714844,1.0,294.5932312011719,248.17405700683594,0.0070150927640497684,302.7456970214844,262.1485900878906,0.0005374668980948627,299.5401611328125,285.58087158203125,0.9973655343055725,265.176513671875,285.2773132324219,0.01550164632499218,284.0011291503906,225.08692932128906,0.00014194822870194912
1533,290.9985046386719,231.73617553710938,1.0,297.35382080078125,267.598876953125,0.9999996423721313,272.84722900390625,241.79747009277344,1.0,266.9791564941406,237.0089111328125,1.0,294.780517578125,248.3771209716797,0.005422795657068491,303.001953125,262.41668701171875,0.0005242047482170165,299.2259521484375,286.14013671875,0.9904072880744934,265.3515319824219,285.5743408203125,0.030390046536922455,284.0778503417969,225.0295867919922,0.0001479789352742955
1534,291.30743408203125,232.05455017089844,1.0,298.05804443359375,267.88494873046875,0.9999997615814209,274.5234375,242.69989013671875,1.0,267.67120361328125,237.84103393554688,1.0,294.6619873046875,248.286376953125,0.003445227863267064,303.2451171875,262.6951904296875,0.0003815369855146855,299.8882751464844,286.2735900878906,0.9943709969520569,265.8918151855469,285.74774169921875,0.0327264666557312,284.023681640625,224.75479125976562,0.00013976581976749003
1535,292.7803039550781,232.75741577148438,1.0,298.9673767089844,269.312744140625,0.9999998807907104,273.6937255859375,243.22952270507812,1.0,267.25390625,238.13816833496094,1.0,295.0741271972656,248.7028045654297,0.003006358863785863,304.0444030761719,263.0668640136719,0.0002871942415367812,300.2745361328125,286.9793395996094,0.9778062701225281,265.82647705078125,285.7260437011719,0.03391276299953461,284.3308410644531,224.8217010498047,0.00014619091234635562
1536,293.60992431640625,232.99314880371094,1.0,299.901123046875,270.1811218261719,0.9999997615814209,274.9794006347656,243.6006622314453,1.0,268.3494873046875,238.8069305419922,1.0,295.1007995605469,248.67311096191406,0.0020689493976533413,306.81341552734375,276.33441162109375,0.0005914281937293708,300.8498229980469,287.068359375,0.8736583590507507,265.91705322265625,285.42742919921875,0.0329471118748188,284.3023376464844,224.8980712890625,0.00016884664364624768
1537,292.9568176269531,232.0765838623047,1.0,299.9691162109375,269.4936828613281,0.9999997615814209,274.69952392578125,243.4551544189453,1.0,267.8433837890625,238.30838012695312,1.0,295.0409240722656,248.2269287109375,0.0024461764842271805,306.59844970703125,276.37091064453125,0.00040578574407845736,301.3687438964844,286.85137939453125,0.9193891882896423,265.9245300292969,285.45440673828125,0.04067147895693779,284.3014221191406,224.94908142089844,0.00013964220124762505
1538,293.12945556640625,232.24806213378906,1.0,300.0396423339844,269.28387451171875,0.9999998807907104,274.57757568359375,243.69215393066406,1.0,267.5594787597656,238.1751251220703,1.0,295.4980163574219,248.3473663330078,0.0013520373031497002,306.8678283691406,276.37225341796875,0.0003121586632914841,301.7813720703125,286.8327331542969,0.9310447573661804,266.1998291015625,285.65716552734375,0.02197817899286747,284.3406066894531,224.90870666503906,0.00010996586206601933
1539,293.3376770019531,232.69078063964844,1.0,299.9781188964844,269.7608337402344,0.9999998807907104,274.57452392578125,243.96029663085938,1.0,267.43865966796875,238.26626586914062,1.0,300.1015930175781,260.690185546875,0.0011480881366878748,306.8447265625,276.2975769042969,0.0003998352331109345,301.6790771484375,286.89813232421875,0.9537039399147034,265.93218994140625,285.6469421386719,0.028022905811667442,284.3677978515625,224.8441925048828,0.00010299382847733796
1540,293.4792785644531,233.3791961669922,1.0,299.9768981933594,270.5236511230469,0.9999998807907104,274.3323669433594,244.39930725097656,1.0,267.1753845214844,238.7030487060547,1.0,300.1033020019531,260.961181640625,0.0018745100824162364,306.66864013671875,276.139892578125,0.00043240119703114033,301.3928527832031,287.3929443359375,0.9165149331092834,265.2995300292969,285.38311767578125,0.01885151118040085,284.474853515625,224.82373046875,0.00010143987310584635
1541,293.9516296386719,233.82240295410156,1.0,300.2369079589844,271.4541015625,0.9999997615814209,274.7532958984375,245.94117736816406,1.0,267.326904296875,240.58554077148438,1.0,300.3637390136719,261.42974853515625,0.0019846928771585226,306.9720458984375,276.2886962890625,0.0006602517678402364,301.8067626953125,287.26025390625,0.7572727799415588,265.1083984375,285.35760498046875,0.026379015296697617,284.6065979003906,224.51626586914062,0.00010459792974870652
1542,294.41693115234375,235.08543395996094,1.0,300.51458740234375,273.15130615234375,0.9999997615814209,273.6510925292969,246.90835571289062,1.0,266.11279296875,240.52899169921875,1.0,300.497802734375,261.469482421875,0.0032798137981444597,307.37518310546875,276.1928405761719,0.0008692021365277469,301.6668701171875,287.8354187011719,0.6972082853317261,263.7299499511719,285.0957946777344,0.15496866405010223,246.90928649902344,257.167724609375,0.0001333786640316248
1543,295.3659362792969,235.0742950439453,1.0,300.7158508300781,273.2386169433594,0.9999997615814209,273.363037109375,246.6861572265625,1.0,265.523681640625,240.30055236816406,1.0,305.11236572265625,261.83111572265625,0.004257713444530964,307.63916015625,276.0135192871094,0.0007842447957955301,301.2593994140625,287.8453369140625,0.5358031392097473,261.14892578125,285.97113037109375,0.043285299092531204,246.92835998535156,256.89923095703125,0.00016900883929338306
1544,296.2684020996094,235.3065185546875,1.0,301.00225830078125,274.26641845703125,0.9999998807907104,273.29046630859375,247.09165954589844,1.0,265.4812316894531,240.421142578125,1.0,305.53924560546875,262.28521728515625,0.004839621018618345,307.5416259765625,276.1781311035156,0.000772798084653914,301.16046142578125,288.4027404785156,0.4178987145423889,261.2132263183594,285.9123229980469,0.03310364484786987,246.94186401367188,256.9783630371094,0.0001771627285052091
1545,296.36492919921875,235.48646545410156,1.0,301.1075134277344,274.5610656738281,0.9999998807907104,273.50909423828125,247.32388305664062,1.0,265.6060485839844,240.4730987548828,1.0,305.73291015625,262.3536682128906,0.005518980324268341,307.45489501953125,276.5316467285156,0.0007387842633761466,300.8336486816406,288.5022277832031,0.35493022203445435,260.83306884765625,285.6367492675781,0.08245060592889786,246.99998474121094,257.07293701171875,0.00015437573892995715
1546,296.4963073730469,235.49330139160156,1.0,301.2647399902344,274.61566162109375,0.9999998807907104,273.64556884765625,247.2725830078125,1.0,265.80810546875,240.4997100830078,1.0,305.71978759765625,262.33380126953125,0.005692251026630402,307.5069274902344,276.53717041015625,0.0007515219040215015,300.9016418457031,288.6030578613281,0.255113810300827,260.7691650390625,286.0771484375,0.0448513887822628,246.95245361328125,257.0821228027344,0.00011887113942066208
1547,296.4823913574219,235.46954345703125,1.0,301.2775573730469,275.0028381347656,0.9999998807907104,273.4231262207031,247.29551696777344,1.0,265.4342346191406,240.4605712890625,1.0,305.8399353027344,262.380859375,0.00876565370708704,307.3064880371094,276.79217529296875,0.000753124593757093,299.5015563964844,288.7226867675781,0.23537513613700867,260.3418884277344,285.61383056640625,0.20777775347232819,285.030029296875,240.56539916992188,0.00013303279411047697
1548,297.17034912109375,235.90438842773438,1.0,301.22845458984375,274.9666442871094,0.9999998807907104,273.919677734375,247.4397430419922,1.0,265.6571350097656,240.75303649902344,1.0,305.6325378417969,262.61663818359375,0.020172426477074623,307.48291015625,277.1338806152344,0.0008166442858055234,298.9053649902344,288.52850341796875,0.4696037471294403,260.8978576660156,285.55584716796875,0.36998501420021057,247.37429809570312,256.94476318359375,0.0002671537804417312
1549,297.4344787597656,236.1171875,1.0,301.4167175292969,275.44677734375,0.9999998807907104,273.6352844238281,247.5641632080078,1.0,265.53179931640625,240.72398376464844,1.0,305.9367370605469,262.67236328125,0.027406509965658188,307.3585510253906,277.4293212890625,0.0008427495486102998,298.7976379394531,288.94244384765625,0.3633812367916107,261.0755310058594,285.7119140625,0.3621501922607422,247.29873657226562,256.9545593261719,0.0001997100916923955
1550,297.1163635253906,235.88717651367188,1.0,301.62188720703125,275.3051452636719,0.9999998807907104,273.7978210449219,247.45553588867188,1.0,265.8153076171875,240.7097625732422,1.0,306.12188720703125,262.6924133300781,0.025737890973687172,307.53717041015625,277.0985107421875,0.0009108450612984598,299.23919677734375,288.9269104003906,0.31501471996307373,261.6039123535156,285.16650390625,0.3986237645149231,247.26065063476562,257.017333984375,0.00021055273828096688
1551,297.6017150878906,235.7235870361328,1.0,302.0902404785156,275.53204345703125,0.9999998807907104,274.3758850097656,246.91510009765625,1.0,265.8393249511719,240.82876586914062,1.0,306.5557556152344,262.5082092285156,0.02804318070411682,307.6502380371094,277.1351318359375,0.0007496157195419073,299.64862060546875,289.17034912109375,0.17370791733264923,260.8730773925781,285.6435852050781,0.22160843014717102,247.30299377441406,256.9770202636719,0.0002050135371973738
1552,297.9862365722656,236.05857849121094,1.0,301.9983825683594,275.4591979980469,0.9999998807907104,274.3832702636719,246.97195434570312,1.0,265.8350830078125,240.76319885253906,1.0,306.5145568847656,262.5771789550781,0.03201545402407646,325.66436767578125,255.5099334716797,0.0009227171540260315,299.3238525390625,288.94635009765625,0.343304306268692,261.4875183105469,284.9443054199219,0.6498820781707764,247.3349609375,257.0290222167969,0.0001922799419844523
1553,298.2328796386719,234.95458984375,1.0,302.3944091796875,275.1917419433594,0.9999998807907104,273.15472412109375,247.3073272705078,1.0,264.0541076660156,240.2756805419922,1.0,306.988525390625,262.6519775390625,0.019005564972758293,308.2110595703125,277.374755859375,0.0009014952229335904,298.77728271484375,288.975830078125,0.6807078719139099,259.5081787109375,284.9417419433594,0.9894194602966309,247.19793701171875,256.7609558105469,0.0001763197942636907
1554,297.4250183105469,234.1448974609375,1.0,301.85675048828125,274.316650390625,0.9999998807907104,271.2322692871094,246.82058715820312,1.0,261.1920471191406,239.52386474609375,1.0,306.25238037109375,261.88116455078125,0.011767951771616936,308.079833984375,276.6943359375,0.0009363068966194987,299.00360107421875,288.6583251953125,0.5264597535133362,256.41961669921875,284.5801696777344,0.8911828398704529,246.92718505859375,255.92108154296875,5.6686654716031626e-05
1555,297.4153137207031,233.47265625,1.0,301.5234680175781,274.0492858886719,0.9999998807907104,270.7558898925781,246.71908569335938,1.0,260.844482421875,239.44383239746094,1.0,306.3155822753906,261.7470397949219,0.00726070161908865,308.221923828125,276.8467102050781,0.0007620640099048615,298.63848876953125,288.23095703125,0.7394607067108154,256.37750244140625,284.8077392578125,0.8802185654640198,285.3131408691406,225.0415496826172,4.411816189531237e-05
1556,297.812255859375,233.61163330078125,1.0,301.7549133300781,274.1138610839844,0.9999998807907104,270.6519775390625,246.85223388671875,1.0,260.542724609375,239.47097778320312,1.0,306.85821533203125,261.8440246582031,0.00616472540423274,308.4763488769531,276.77655029296875,0.0006551125552505255,298.8396911621094,288.1848449707031,0.7578510642051697,256.00830078125,284.8139343261719,0.8463035225868225,266.9066467285156,238.0771484375,4.502252340898849e-05
1557,297.7867431640625,234.41380310058594,1.0,301.7362976074219,274.07012939453125,0.9999998807907104,270.51641845703125,246.57203674316406,1.0,260.41290283203125,239.24282836914062,1.0,306.8813171386719,261.8552551269531,0.004757218062877655,308.5988464355469,276.65118408203125,0.0006670858711004257,298.7398681640625,288.0353088378906,0.6534528732299805,255.97952270507812,284.8218994140625,0.7833878397941589,266.8843078613281,238.0373992919922,4.48808932560496e-05
1558,297.8778381347656,234.2714385986328,1.0,301.38739013671875,273.84747314453125,0.9999998807907104,270.6914367675781,246.47640991210938,1.0,260.14642333984375,239.22576904296875,1.0,306.4984436035156,261.74896240234375,0.005089533980935812,308.6080017089844,276.8659362792969,0.0006614219164475799,298.3634948730469,287.6870422363281,0.8404660224914551,257.2077941894531,284.4205017089844,0.9480276107788086,303.7199401855469,290.4587707519531,5.1973674999317154e-05
1559,297.86572265625,234.35537719726562,1.0,301.6250305175781,273.8551330566406,0.9999998807907104,270.591796875,246.43991088867188,1.0,259.93927001953125,239.14332580566406,1.0,306.85894775390625,261.7672119140625,0.004181843250989914,308.6976318359375,276.9061584472656,0.0005981198628433049,298.57513427734375,287.9232177734375,0.8320774435997009,255.3231964111328,284.55682373046875,0.9349360466003418,304.0794372558594,290.54119873046875,5.995667015668005e-05
1560,298.01971435546875,233.7314910888672,1.0,301.304443359375,273.630859375,0.9999998807907104,270.26397705078125,246.3656005859375,1.0,259.8375244140625,239.02577209472656,1.0,302.6578369140625,255.82911682128906,0.00418813806027174,308.5055236816406,276.76129150390625,0.0005525777232833207,298.41259765625,287.7825622558594,0.9282973408699036,256.72161865234375,284.64166259765625,0.9743136763572693,304.1611633300781,290.91943359375,8.00092238932848e-05
1561,298.1744384765625,233.8726043701172,1.0,301.3583679199219,273.5033874511719,0.9999998807907104,270.27020263671875,246.34922790527344,1.0,259.69354248046875,239.04933166503906,1.0,302.6070556640625,255.73065185546875,0.003950315993279219,308.491455078125,276.836669921875,0.0004951190203428268,298.3002014160156,287.72003173828125,0.9333176612854004,256.5539855957031,284.3659973144531,0.9649015665054321,304.1679992675781,290.9234313964844,7.172013283707201e-05
1562,298.19342041015625,233.70240783691406,1.0,301.24285888671875,273.5044250488281,0.9999998807907104,270.3963317871094,246.4271240234375,1.0,259.747802734375,239.19036865234375,1.0,302.5657653808594,255.9176788330078,0.004006657283753157,308.460693359375,276.8226318359375,0.0005027539446018636,298.13934326171875,287.6769104003906,0.9404966831207275,256.5442199707031,284.4069519042969,0.9922783374786377,303.9582214355469,290.98260498046875,6.112718256190419e-05
1563,298.1476745605469,233.72364807128906,1.0,300.7314147949219,273.5206604003906,0.9999998807907104,270.2664489746094,246.39907836914062,1.0,259.7765808105469,239.1479034423828,1.0,302.49017333984375,256.1647033691406,0.0049547115340828896,308.2146301269531,276.83636474609375,0.0005031164037063718,297.5129089355469,287.57647705078125,0.9628261923789978,256.3702392578125,284.16168212890625,0.9928396940231323,266.8258361816406,237.80772399902344,6.0700407630065456e-05
1564,297.8780517578125,234.2253875732422,1.0,300.9610290527344,271.78125,0.9999997615814209,269.4300231933594,245.42869567871094,1.0,258.23077392578125,238.81744384765625,1.0,302.39495849609375,255.5086212158203,0.005015659611672163,324.4518127441406,254.44630432128906,0.00039946395554579794,297.5072937011719,287.2046203613281,0.9803879261016846,254.68411254882812,283.23248291015625,0.9993450045585632,304.0323486328125,290.8086242675781,7.98362962086685e-05
1565,296.58209228515625,232.98878479003906,1.0,297.8326110839844,271.0845031738281,0.9999997615814209,267.01116943359375,244.65663146972656,1.0,255.72984313964844,238.11428833007812,1.0,300.9757080078125,254.66159057617188,0.04001475125551224,324.32373046875,253.63035583496094,0.00027199715259484947,296.20098876953125,287.5803527832031,0.977449357509613,251.0106964111328,282.992919921875,0.9998317956924438,303.1959228515625,290.5001525878906,0.00013542531814891845
1566,296.220458984375,233.0635528564453,1.0,295.5238037109375,270.44854736328125,0.9999998807907104,264.950927734375,243.88731384277344,1.0,253.58493041992188,237.12730407714844,1.0,300.10125732421875,254.77894592285156,0.06734972447156906,318.8258972167969,250.3037872314453,0.0003624517994467169,294.29901123046875,288.08984375,0.9912448525428772,248.93099975585938,283.0814514160156,0.9999349117279053,284.7169494628906,225.76968383789062,6.412473157979548e-05
1567,295.4327087402344,232.84933471679688,1.0,294.9452209472656,270.5567932128906,0.9999998807907104,264.1274108886719,243.74615478515625,1.0,253.0120849609375,236.78468322753906,1.0,299.9016418457031,254.69815063476562,0.036733146756887436,318.5971374511719,249.90965270996094,0.0004970021545886993,293.739501953125,287.50323486328125,0.9890140891075134,247.5763702392578,283.0347595214844,0.9999716281890869,230.22833251953125,259.0798645019531,8.888593583833426e-05
1568,294.6913757324219,232.9762725830078,1.0,294.4013366699219,270.6151428222656,1.0,263.5721740722656,243.6815948486328,1.0,252.22279357910156,236.52883911132812,1.0,299.43896484375,254.76353454589844,0.04632521793246269,318.5426330566406,249.77166748046875,0.00039857407682575285,293.16497802734375,286.8815612792969,0.9926199316978455,247.3699951171875,282.82110595703125,0.9999837875366211,259.6750793457031,291.6684875488281,9.1194873675704e-05
1569,294.4718933105469,233.38587951660156,1.0,293.8309020996094,270.0545959472656,1.0,263.7344970703125,243.46621704101562,1.0,252.36843872070312,236.4759521484375,1.0,299.22894287109375,254.9954376220703,0.067743219435215,318.3309020996094,249.88882446289062,0.00023495116329286247,292.25286865234375,286.41668701171875,0.9977012276649475,247.34178161621094,282.87396240234375,0.9999873638153076,294.279541015625,288.5998840332031,0.00011001558596035466
1570,294.3741149902344,233.67132568359375,1.0,293.547607421875,270.1182861328125,1.0,264.0127868652344,243.38909912109375,1.0,252.4387969970703,236.49365234375,1.0,299.093994140625,255.2628936767578,0.07428188621997833,324.7566833496094,253.90895080566406,0.00023027497809380293,291.894287109375,286.50048828125,0.9984720349311829,247.08139038085938,282.8653869628906,0.999994158744812,230.2733154296875,258.7549133300781,0.00014838176139164716
1571,293.9937438964844,233.55386352539062,1.0,293.3535461425781,270.3494567871094,1.0,265.2043762207031,243.37355041503906,1.0,252.58287048339844,236.64312744140625,1.0,298.8631286621094,255.4685516357422,0.0867246687412262,318.1663818359375,250.0813446044922,0.00023959754616953433,291.70477294921875,286.4419860839844,0.9977052807807922,246.72251892089844,282.7016906738281,0.999990701675415,230.13490295410156,258.8106384277344,0.0001666416646912694
1572,293.9284973144531,233.31642150878906,1.0,293.3999938964844,269.962890625,1.0,264.836181640625,243.3544921875,1.0,252.99249267578125,236.6845703125,1.0,298.7758483886719,255.24192810058594,0.09134651720523834,324.8619384765625,253.37265014648438,0.00016489492554683238,291.4438171386719,286.39581298828125,0.9984342455863953,246.56936645507812,283.0884704589844,0.9999969005584717,230.45993041992188,258.7197570800781,0.00016955005412455648
1573,293.7628479003906,233.84954833984375,1.0,293.34210205078125,270.1552429199219,1.0,264.1416931152344,243.3851318359375,1.0,253.08544921875,236.6657257080078,1.0,298.8406982421875,255.42318725585938,0.04408632218837738,318.159423828125,249.72528076171875,0.0001667856558924541,291.5478820800781,286.56036376953125,0.9989757537841797,246.607421875,283.1090393066406,0.9999970197677612,230.4512939453125,258.7601318359375,0.00018063324387185276
1574,293.713134765625,234.00076293945312,1.0,293.232177734375,270.05743408203125,1.0,264.1453857421875,243.4022674560547,1.0,253.51344299316406,236.68368530273438,1.0,298.8618469238281,255.62350463867188,0.031250253319740295,318.2466735839844,249.81427001953125,0.00016184954438358545,291.4159851074219,286.46514892578125,0.9988495111465454,246.8336639404297,283.1544494628906,0.9999963045120239,294.29241943359375,288.8436279296875,0.00013839112943969667
1575,293.90399169921875,234.02403259277344,1.0,293.2796936035156,270.25439453125,1.0,264.2447204589844,243.6693115234375,1.0,253.62796020507812,236.9917449951172,1.0,298.8492126464844,255.76612854003906,0.04955524578690529,324.96002197265625,253.76541137695312,0.00014668283984065056,291.3865051269531,286.5674743652344,0.9985130429267883,247.03387451171875,283.4007873535156,0.9999958276748657,294.1897277832031,289.01593017578125,0.00012787045852746814
1576,293.8959045410156,233.70181274414062,1.0,293.1329650878906,269.8747253417969,1.0,264.1591491699219,243.27554321289062,1.0,253.75082397460938,236.9868621826172,1.0,298.7497863769531,255.60130310058594,0.04341359809041023,275.6171875,247.74317932128906,0.0002199376467615366,290.836181640625,287.068603515625,0.9991682767868042,247.0731201171875,283.4283752441406,0.9999947547912598,294.1552734375,288.9232482910156,0.00016938844055403024
1577,293.8599853515625,233.92987060546875,1.0,293.0526428222656,270.11981201171875,1.0,264.4422607421875,243.56044006347656,1.0,253.8139190673828,236.96604919433594,1.0,298.9136962890625,255.79722595214844,0.030022533610463142,318.1995544433594,249.82736206054688,0.00019262437126599252,290.7101135253906,287.3143615722656,0.9985784292221069,247.2679901123047,283.1131286621094,0.9999961853027344,294.0130615234375,288.9771728515625,0.0001576133508933708
1578,293.8038635253906,234.01783752441406,1.0,293.0856628417969,269.9222717285156,1.0,265.5074157714844,243.38795471191406,1.0,253.76358032226562,236.95094299316406,1.0,298.8941955566406,255.85595703125,0.027321064844727516,318.2694396972656,249.91580200195312,0.00017129692423623055,290.7842712402344,287.281494140625,0.9995458722114563,248.00033569335938,283.47674560546875,0.9999970197677612,294.3838806152344,289.22027587890625,0.00017440575174987316
1579,293.7911071777344,233.89031982421875,1.0,292.96112060546875,270.2021789550781,1.0,264.742431640625,243.5233612060547,1.0,254.0191650390625,237.0889892578125,1.0,298.71368408203125,255.78903198242188,0.05491587892174721,294.2984924316406,277.15899658203125,0.00016822488396428525,290.5917663574219,287.31036376953125,0.9990623593330383,247.77291870117188,283.386474609375,0.9999960660934448,294.0090026855469,289.169921875,0.00018021829600911587
1580,293.75994873046875,233.86520385742188,1.0,293.0374755859375,270.0272521972656,1.0,265.780517578125,243.29498291015625,1.0,253.73622131347656,236.8872833251953,1.0,298.7046203613281,255.82350158691406,0.05871070548892021,292.2178039550781,270.02020263671875,0.00015743791300337762,290.95989990234375,286.4256591796875,0.999039351940155,247.6974334716797,283.2501220703125,0.9999933242797852,230.19534301757812,258.848876953125,0.00018400937551632524
1581,293.7671203613281,233.9744873046875,1.0,293.1207275390625,269.9822692871094,1.0,266.1858215332031,242.6199951171875,1.0,254.32711791992188,236.80609130859375,1.0,296.9334716796875,260.9944152832031,0.038350243121385574,294.06048583984375,276.9346618652344,0.0001635529479244724,291.0411376953125,286.3952941894531,0.9986039996147156,248.044189453125,283.0776062011719,0.9999850988388062,230.024169921875,258.8328857421875,0.00021474823006428778
1582,293.6548156738281,233.98468017578125,1.0,293.0984191894531,269.8787536621094,1.0,266.1873474121094,242.0279541015625,1.0,254.39639282226562,236.37005615234375,1.0,298.8501281738281,255.68722534179688,0.04344337061047554,292.08599853515625,269.90521240234375,0.00016298238188028336,290.9474182128906,286.40679931640625,0.9985342025756836,248.00904846191406,283.1749572753906,0.999984860420227,230.06507873535156,258.9048767089844,0.00016185679123736918
1583,293.56793212890625,234.0216827392578,1.0,293.1696472167969,269.9479064941406,1.0,265.967529296875,241.7294921875,1.0,254.0225067138672,236.04733276367188,1.0,296.8574523925781,261.1400146484375,0.04505745694041252,292.253173828125,270.0115966796875,0.00016013164713513106,290.9486083984375,286.3041687011719,0.9980345368385315,247.8190155029297,282.9897766113281,0.9999864101409912,229.99114990234375,258.9502258300781,0.00017570151248946786
1584,293.5880126953125,233.52122497558594,1.0,293.2079162597656,270.0774230957031,1.0,266.1780700683594,241.57359313964844,1.0,254.24676513671875,236.18478393554688,1.0,296.73553466796875,260.8735046386719,0.0526810884475708,293.8982849121094,276.746826171875,0.0001815935829654336,291.3173522949219,286.8348693847656,0.9984211921691895,247.9093017578125,282.87744140625,0.9999703168869019,229.81982421875,259.1270751953125,0.00018396569066680968
1585,293.69097900390625,233.8686065673828,1.0,293.0115966796875,269.89093017578125,1.0,266.13995361328125,241.57618713378906,1.0,254.4945068359375,236.10189819335938,1.0,298.6589050292969,255.72784423828125,0.08309835195541382,294.1214294433594,276.9824523925781,0.00016269499610643834,291.01092529296875,286.47509765625,0.9991434812545776,248.2537078857422,282.6935119628906,0.9999815225601196,229.72572326660156,259.1751403808594,0.0001641128328628838
1586,293.52490234375,233.56439208984375,1.0,292.9812927246094,269.6838073730469,1.0,266.262939453125,241.53048706054688,1.0,254.62200927734375,236.2193603515625,1.0,298.64056396484375,255.52081298828125,0.062359828501939774,294.081787109375,276.8852233886719,0.00018643433577381074,290.86328125,286.1252746582031,0.9988549947738647,248.38255310058594,282.6741943359375,0.999983549118042,229.86477661132812,259.2760314941406,0.00014746382657904178
1587,293.4602966308594,233.52635192871094,1.0,292.9716796875,269.5924072265625,1.0,266.1845397949219,241.3505859375,1.0,254.760986328125,236.0503387451172,1.0,298.5161437988281,255.46246337890625,0.06740643084049225,294.076904296875,276.95404052734375,0.00019286328461021185,290.85791015625,285.83648681640625,0.9986668825149536,248.51026916503906,282.6337585449219,0.9999827146530151,293.78515625,288.91839599609375,0.0001491857401560992
1588,293.4239807128906,233.55458068847656,1.0,292.9425354003906,269.7151794433594,1.0,266.31463623046875,241.32261657714844,1.0,254.71534729003906,235.90628051757812,1.0,298.43060302734375,255.548583984375,0.08098304271697998,294.0648193359375,264.03546142578125,0.00022738348343409598,290.8537292480469,285.9998779296875,0.9986030459403992,248.6973419189453,282.5420837402344,0.9999728202819824,229.7340087890625,259.4103088378906,0.000141095370054245
1589,293.404052734375,233.6346893310547,1.0,292.9336242675781,269.63592529296875,1.0,266.4184875488281,241.3166961669922,1.0,254.7104949951172,235.9657440185547,1.0,298.4596252441406,255.416748046875,0.08686302602291107,293.94512939453125,263.870361328125,0.00022069871192798018,290.9205627441406,286.14300537109375,0.9988841414451599,248.93638610839844,282.3825378417969,0.999954342842102,229.67567443847656,259.38336181640625,0.00014572369400411844
1590,293.1529541015625,233.43069458007812,1.0,292.9453430175781,269.3345031738281,1.0,266.2944030761719,241.09078979492188,1.0,254.51394653320312,235.74212646484375,1.0,298.357177734375,255.44332885742188,0.07201966643333435,293.8387145996094,263.9147033691406,0.0002380634396104142,290.85125732421875,285.9281311035156,0.9988465309143066,249.11868286132812,282.3143615722656,0.9999581575393677,293.83734130859375,288.97357177734375,0.00014783281949348748
1591,292.8765563964844,233.6926727294922,1.0,292.7717590332031,269.47479248046875,1.0,266.4202880859375,241.98590087890625,1.0,254.89019775390625,236.15000915527344,1.0,297.99688720703125,255.37017822265625,0.07148411870002747,293.80084228515625,263.9901428222656,0.0002237636363133788,290.7940673828125,286.104736328125,0.9985608458518982,249.2201690673828,282.4584045410156,0.999957799911499,229.79307556152344,259.23663330078125,0.00012796840746887028
1592,292.368896484375,234.13714599609375,1.0,292.7199401855469,269.0666198730469,1.0,266.30548095703125,244.4805450439453,1.0,256.076904296875,237.92137145996094,1.0,296.3076171875,261.21728515625,0.029442928731441498,293.3797912597656,276.93609619140625,0.000271174794761464,291.4316711425781,285.8316650390625,0.9988168478012085,248.62916564941406,282.38092041015625,0.9999645948410034,229.886474609375,258.85626220703125,0.00016548510757274926
1593,293.4331359863281,236.46023559570312,1.0,292.9171447753906,268.739501953125,1.0,269.1041259765625,246.8218536376953,0.8975123167037964,258.58880615234375,240.48428344726562,0.9999997615814209,296.7802429199219,262.0531005859375,0.01821964606642723,293.0562438964844,240.0056610107422,0.0003839187847916037,291.2501525878906,286.2300109863281,0.9992274045944214,248.02772521972656,282.16253662109375,0.9999910593032837,261.01751708984375,288.1739807128906,0.0004565963172353804
1594,293.51251220703125,237.04559326171875,1.0,293.1122741699219,269.0163269042969,1.0,269.48162841796875,247.41213989257812,0.7943445444107056,259.1361999511719,240.2301483154297,0.9999996423721313,296.9415283203125,262.01544189453125,0.02059580199420452,293.0285339355469,240.03042602539062,0.0004123674298170954,291.1823425292969,285.5133361816406,0.9991831183433533,247.92327880859375,282.5023498535156,0.9999912977218628,260.9724426269531,288.2773742675781,0.0004523415118455887
1595,292.3030700683594,235.6765899658203,1.0,292.7830505371094,268.9631652832031,1.0,266.1988830566406,246.5594940185547,0.9999200105667114,256.3960266113281,239.42311096191406,1.0,296.3743591308594,261.765380859375,0.028830446302890778,293.671875,240.4601593017578,0.00034083068021573126,291.1812438964844,286.52001953125,0.998799204826355,247.7460479736328,282.0963439941406,0.9999938011169434,261.497314453125,288.3021240234375,0.0003150176489725709
1596,291.8701477050781,234.13072204589844,1.0,292.35565185546875,268.00738525390625,1.0,263.97296142578125,244.4475555419922,1.0,254.5263214111328,237.5568084716797,1.0,295.97259521484375,260.5160217285156,0.027914514765143394,293.4161682128906,277.2419128417969,0.00023743463680148125,290.6313781738281,285.5417175292969,0.9998955726623535,247.3943328857422,281.9810791015625,0.9999964237213135,293.7319030761719,288.6629638671875,0.00021668161207344383
1597,291.4483642578125,233.12916564941406,1.0,292.38165283203125,267.38275146484375,1.0,264.4670104980469,242.14089965820312,1.0,253.095458984375,235.9395751953125,1.0,297.7776184082031,254.86227416992188,0.017728175967931747,310.6767272949219,255.62744140625,0.00022980908397585154,290.483642578125,285.39007568359375,0.999932050704956,247.34567260742188,282.00506591796875,0.9999971389770508,294.03118896484375,288.2847595214844,0.00016171825700439513
1598,291.3943786621094,232.53729248046875,1.0,292.4553527832031,267.442138671875,1.0,262.7601623535156,241.33917236328125,1.0,253.0308074951172,235.150634765625,1.0,297.8211975097656,254.75778198242188,0.02037171833217144,310.68255615234375,255.60647583007812,0.00018696696497499943,290.54833984375,285.8126525878906,0.9998729228973389,247.2932586669922,282.3988952636719,0.9999967813491821,294.0933532714844,288.4533996582031,0.00018456058751326054
1599,291.3559265136719,232.75709533691406,1.0,292.2253112792969,267.1623840332031,1.0,262.5572509765625,240.77732849121094,1.0,252.56106567382812,234.50640869140625,1.0,297.8542785644531,254.76339721679688,0.014176277443766594,310.49664306640625,255.6840362548828,0.00027185300132259727,290.2685241699219,285.6180419921875,0.9998377561569214,247.50035095214844,282.7381591796875,0.9999964237213135,293.917724609375,288.4063720703125,0.00020781491184607148
1600,291.2972106933594,232.66302490234375,1.0,291.9727478027344,267.2754821777344,1.0,262.7095642089844,240.5433349609375,1.0,252.35971069335938,234.29598999023438,1.0,297.58758544921875,254.9095916748047,0.023509293794631958,310.4573059082031,255.994384765625,0.00020809847046621144,289.94598388671875,285.7994384765625,0.999876856803894,247.3909454345703,283.10223388671875,0.9999945163726807,293.9245300292969,288.6719055175781,0.00023728299129288644
1601,291.1136169433594,232.29615783691406,1.0,292.0566101074219,267.0637512207031,1.0,262.45947265625,240.2764892578125,1.0,251.99630737304688,234.06866455078125,1.0,297.6251220703125,254.85540771484375,0.019429532811045647,310.3780517578125,255.88522338867188,0.00023639666324015707,290.1077880859375,285.72265625,0.9999189376831055,246.88302612304688,282.81939697265625,0.9999969005584717,294.08905029296875,288.4936218261719,0.00027497560949996114
1602,290.3592834472656,231.84365844726562,1.0,291.5724182128906,266.91497802734375,1.0,262.261474609375,240.14254760742188,1.0,251.68624877929688,234.16783142089844,1.0,297.3686828613281,254.47596740722656,0.020497102290391922,310.0152587890625,255.73814392089844,0.0002519648987799883,289.6392517089844,285.3287353515625,0.9999430179595947,246.8341522216797,282.75482177734375,0.9999977350234985,293.8367614746094,288.4936218261719,0.00022664605057798326
1603,289.06158447265625,231.13047790527344,1.0,291.3460998535156,266.7970886230469,1.0,261.90374755859375,239.94412231445312,1.0,251.54237365722656,234.25048828125,1.0,295.34771728515625,252.20877075195312,0.017267649993300438,310.1413879394531,255.22607421875,0.00026555670774541795,289.702880859375,285.2359924316406,0.9999332427978516,246.432861328125,282.74530029296875,0.9999979734420776,293.74908447265625,288.5267639160156,0.00021636304154526442
1604,290.2286376953125,231.5567169189453,1.0,291.4261779785156,266.3666687011719,1.0,262.17822265625,240.0475616455078,1.0,251.61993408203125,234.2611083984375,1.0,297.23876953125,254.1156463623047,0.019003506749868393,309.9115905761719,255.29147338867188,0.00019967144180554897,289.74462890625,284.94293212890625,0.9999773502349854,246.34176635742188,282.6917724609375,0.9999988079071045,294.18914794921875,288.5793762207031,0.0001728894276311621
1605,290.36431884765625,231.69137573242188,1.0,291.444580078125,266.58758544921875,1.0,262.2459716796875,240.0216827392578,1.0,251.55775451660156,234.1858367919922,1.0,297.2911682128906,254.38499450683594,0.018011584877967834,310.06732177734375,255.49061584472656,0.0002576172992121428,289.68731689453125,284.9919738769531,0.9999663829803467,246.32501220703125,282.67376708984375,0.9999983310699463,294.01214599609375,288.59765625,0.00021231669234111905
1606,290.2445373535156,231.66717529296875,1.0,291.4389953613281,266.6149597167969,1.0,262.02325439453125,239.98924255371094,1.0,251.3896026611328,234.30531311035156,1.0,297.26226806640625,254.57421875,0.012204079888761044,310.1453857421875,255.62330627441406,0.0002841815003193915,289.9163513183594,285.1793212890625,0.999969482421875,246.2106475830078,282.5633239746094,0.9999983310699463,294.02410888671875,288.5494079589844,0.00023725743812974542
1607,289.2235412597656,231.23666381835938,1.0,291.4139404296875,266.80438232421875,1.0,261.7554626464844,239.99095153808594,1.0,251.03163146972656,234.38766479492188,1.0,295.52984619140625,252.3877716064453,0.015744438394904137,310.12371826171875,255.3678436279297,0.00024431757628917694,289.84539794921875,285.18804931640625,0.9999653100967407,246.00735473632812,282.8433837890625,0.9999986886978149,293.8946228027344,288.5323486328125,0.0002054861543001607
1608,290.1082458496094,231.8563690185547,1.0,291.5096435546875,266.699462890625,1.0,261.7516174316406,240.34339904785156,1.0,251.42568969726562,234.13487243652344,1.0,297.3150634765625,254.5552520751953,0.011676197871565819,310.28466796875,255.63429260253906,0.00018642526993062347,289.84735107421875,285.56158447265625,0.9999405145645142,245.80418395996094,282.47894287109375,0.9999974966049194,293.8363952636719,288.5175476074219,0.00017110788030549884
1609,290.2984619140625,231.6527862548828,1.0,291.3741149902344,266.53973388671875,1.0,261.29351806640625,240.2174835205078,1.0,250.51454162597656,234.10118103027344,1.0,297.42791748046875,254.64361572265625,0.007622065022587776,226.65330505371094,236.7762908935547,0.00020353544095996767,289.4290466308594,285.2617492675781,0.9999707937240601,244.79998779296875,282.1360168457031,0.9999969005584717,294.1084899902344,288.7867736816406,0.00014070197357796133
1610,289.4600524902344,231.0251007080078,1.0,291.1023864746094,266.6460266113281,1.0,260.583984375,240.52792358398438,1.0,249.7726593017578,234.04672241210938,1.0,297.3934326171875,254.44960021972656,0.003944898955523968,310.36553955078125,255.49058532714844,0.0001939853245858103,289.27008056640625,285.5023193359375,0.999944806098938,243.80557250976562,282.10650634765625,0.9999889135360718,293.80059814453125,288.9052429199219,0.00010726166510721669
1611,288.6887512207031,230.91976928710938,1.0,290.9059143066406,266.5467834472656,1.0,259.7628479003906,240.17430114746094,1.0,249.02764892578125,233.76254272460938,1.0,297.2607421875,253.5963592529297,0.001959746703505516,310.3459777832031,254.88589477539062,0.00036451779305934906,289.7115173339844,285.95233154296875,0.9999788999557495,243.65745544433594,282.4632873535156,0.9999936819076538,293.87066650390625,288.6648254394531,0.00016332324594259262
1612,287.5556945800781,230.243896484375,1.0,289.19317626953125,266.1959228515625,0.9999998807907104,258.5675964355469,239.35679626464844,1.0,247.19204711914062,233.21444702148438,1.0,296.56085205078125,253.36199951171875,0.001359288697130978,310.2210998535156,254.7599334716797,0.00039529657806269825,286.2611083984375,284.5777893066406,0.9999743700027466,242.87527465820312,282.406005859375,0.9999973773956299,250.54855346679688,222.860107421875,0.00015144473582040519
1613,287.2919921875,230.07415771484375,1.0,288.92645263671875,266.3409118652344,0.9999998807907104,258.3014831542969,239.4619140625,1.0,246.43971252441406,233.3172149658203,1.0,296.183837890625,253.25619506835938,0.0021208308171480894,310.1334533691406,254.69268798828125,0.00035286491038277745,285.7325134277344,284.62347412109375,0.999955415725708,242.3404998779297,282.2780456542969,0.9999990463256836,250.4386444091797,222.79107666015625,0.00014061668480280787
1614,287.283935546875,230.01919555664062,1.0,288.7621765136719,265.8676452636719,0.9999998807907104,256.9783020019531,239.8209228515625,1.0,246.28469848632812,233.06874084472656,1.0,296.12921142578125,253.17897033691406,0.0019152965396642685,309.8257751464844,254.56427001953125,0.0003700216766446829,285.74530029296875,284.35498046875,0.9999853372573853,242.42750549316406,282.2716064453125,0.9999992847442627,250.42636108398438,222.72418212890625,0.00014858592476230115
1615,286.8278503417969,230.15184020996094,1.0,288.0337829589844,265.20013427734375,0.9999998807907104,256.48553466796875,239.86233520507812,1.0,246.0032958984375,232.97927856445312,1.0,295.802490234375,253.01902770996094,0.0021089131478220224,309.6604309082031,254.57281494140625,0.00042658019810914993,285.655029296875,284.2583923339844,0.999984622001648,242.0306854248047,282.24932861328125,0.9999961853027344,250.51792907714844,222.97254943847656,0.00013783956819679588
1616,286.7893981933594,230.26858520507812,1.0,288.7486267089844,265.9976501464844,0.9999998807907104,256.1542663574219,239.7565460205078,1.0,245.8369598388672,232.90794372558594,1.0,295.80242919921875,253.10142517089844,0.0032771979458630085,309.5961608886719,254.61228942871094,0.0003427930932957679,285.6687927246094,284.4158935546875,0.9999775886535645,241.7521514892578,282.1613464355469,0.9999977350234985,250.318603515625,222.83567810058594,0.00015598503523506224
1617,286.5588684082031,230.114013671875,1.0,287.75341796875,265.4090576171875,0.9999998807907104,256.1358642578125,239.67286682128906,1.0,245.72576904296875,232.88330078125,1.0,295.417236328125,253.3544921875,0.0034873359836637974,309.6226501464844,254.5960693359375,0.0002733198052737862,285.1307678222656,284.4188232421875,0.9999860525131226,241.81434631347656,282.2886962890625,0.999998927116394,250.3358917236328,222.8298797607422,0.00016112829325720668
1618,286.0322570800781,230.15631103515625,1.0,287.5640869140625,265.2491455078125,0.9999998807907104,256.3022766113281,239.62811279296875,1.0,245.80508422851562,232.93650817871094,1.0,295.1955261230469,253.25225830078125,0.00379596627317369,309.4089660644531,254.50338745117188,0.0002628997026477009,285.10125732421875,284.38714599609375,0.9999860525131226,241.73593139648438,282.2063903808594,0.9999990463256836,250.5843048095703,222.9276885986328,0.0001446745009161532
1619,286.20294189453125,230.7101287841797,1.0,287.5810241699219,265.67822265625,0.9999998807907104,256.2438049316406,239.6041259765625,1.0,245.79006958007812,232.91310119628906,1.0,295.1959533691406,253.4385528564453,0.0052200984209775925,309.49578857421875,254.65887451171875,0.00023131558555178344,285.0960998535156,284.4488220214844,0.9999822378158569,241.3074188232422,281.9557800292969,0.9999980926513672,250.55116271972656,222.9317626953125,0.00014946739247534424
1620,286.0295104980469,230.43875122070312,1.0,287.35870361328125,264.845703125,1.0,256.1766357421875,239.2194366455078,1.0,245.4310760498047,232.64788818359375,1.0,295.07110595703125,253.38632202148438,0.0034203771501779556,309.22747802734375,254.50982666015625,0.00021634818403981626,285.4129638671875,283.8365173339844,0.9999960660934448,241.20069885253906,282.0112609863281,0.9999980926513672,250.26473999023438,222.6554412841797,0.00017302663763985038
1621,286.12237548828125,230.34304809570312,1.0,287.66009521484375,264.9879455566406,0.9999998807907104,255.81240844726562,239.1949462890625,1.0,245.25927734375,232.5615997314453,1.0,295.2983093261719,253.0800323486328,0.002652995055541396,309.12225341796875,254.19541931152344,0.0002904213033616543,285.7637634277344,283.956787109375,0.9999957084655762,241.16033935546875,281.9809875488281,0.999997615814209,250.21119689941406,222.7327423095703,0.0001829303364502266
1622,286.25048828125,230.70101928710938,1.0,287.76123046875,264.9083251953125,0.9999998807907104,255.74208068847656,239.2879180908203,1.0,245.15884399414062,232.60752868652344,1.0,295.4293212890625,253.0008087158203,0.0021630979608744383,309.07501220703125,254.16140747070312,0.00028548200498335063,285.807373046875,284.0870666503906,0.9999960660934448,241.03997802734375,281.9093322753906,0.9999978542327881,250.23031616210938,222.78994750976562,0.00018922222079709172
1623,286.1485290527344,230.3683319091797,1.0,287.6816101074219,265.0199279785156,0.9999998807907104,255.66600036621094,239.24444580078125,1.0,245.2839813232422,232.57907104492188,1.0,295.36627197265625,253.01248168945312,0.002805060241371393,309.04754638671875,254.17323303222656,0.0003318792150821537,285.8575134277344,284.0459289550781,0.9999953508377075,240.9970245361328,281.8115539550781,0.9999983310699463,250.1608123779297,222.79940795898438,0.0002050561597570777
1624,286.0331115722656,230.2266082763672,1.0,287.5703125,264.8068542480469,0.9999998807907104,255.763916015625,239.1629638671875,1.0,245.33590698242188,232.54757690429688,1.0,295.2313232421875,252.79078674316406,0.002876401413232088,309.07708740234375,254.0023651123047,0.0003400796267669648,285.79840087890625,283.9994812011719,0.9999964237213135,241.06861877441406,281.89678955078125,0.9999985694885254,250.17103576660156,222.7930450439453,0.00019136816263198853
1625,285.72857666015625,230.17239379882812,1.0,287.1168518066406,265.01263427734375,0.9999998807907104,255.5194091796875,239.19772338867188,1.0,245.348876953125,232.64747619628906,1.0,294.8134765625,253.10743713378906,0.00544489361345768,309.14447021484375,254.212158203125,0.00024197892344091088,285.20159912109375,284.14556884765625,0.9999960660934448,241.07644653320312,282.1268615722656,0.9999984502792358,250.36386108398438,222.89031982421875,0.00019349728245288134
1626,285.6327819824219,230.13571166992188,1.0,287.1297912597656,264.8420104980469,1.0,255.90138244628906,239.23072814941406,1.0,245.36972045898438,232.71275329589844,1.0,294.7874755859375,253.07150268554688,0.00617164745926857,308.9787902832031,254.30465698242188,0.0002568675554357469,285.131591796875,284.0455017089844,0.9999966621398926,241.26556396484375,282.1437683105469,0.9999985694885254,250.38441467285156,222.77621459960938,0.00016413567936979234
1627,285.86871337890625,230.2123260498047,1.0,287.12762451171875,264.47271728515625,1.0,255.9159698486328,239.25717163085938,1.0,245.22386169433594,232.78529357910156,1.0,294.94122314453125,253.04617309570312,0.003882281482219696,309.09344482421875,254.33511352539062,0.00028694761567749083,285.218994140625,283.9643859863281,0.9999970197677612,241.0823211669922,281.9311218261719,0.9999973773956299,250.5513916015625,222.90887451171875,0.00016292955842800438
1628,285.81317138671875,230.26727294921875,1.0,287.0530090332031,264.8027038574219,1.0,255.60369873046875,239.14695739746094,1.0,245.13470458984375,232.74273681640625,1.0,294.8038024902344,253.17210388183594,0.004906702321022749,309.0986633300781,254.2326202392578,0.0002814431209117174,285.2630920410156,283.8751220703125,0.9999961853027344,240.950439453125,281.8846435546875,0.9999983310699463,250.5653076171875,222.90782165527344,0.00018429064948577434
1629,285.5069274902344,230.50729370117188,1.0,286.9017639160156,265.1106872558594,0.9999998807907104,255.47801208496094,239.24156188964844,1.0,244.88746643066406,232.7659912109375,1.0,294.6189880371094,253.36631774902344,0.005123150534927845,308.9014587402344,254.4692840576172,0.00031944256625138223,285.1354064941406,283.9990234375,0.9999954700469971,241.27157592773438,282.22967529296875,0.9999969005584717,250.59730529785156,223.02647399902344,0.00019467460515443236
1630,284.8429260253906,229.87240600585938,1.0,286.85736083984375,265.0984191894531,1.0,254.82382202148438,239.62803649902344,1.0,244.14852905273438,233.13702392578125,1.0,294.4510498046875,253.00628662109375,0.0047469004057347775,309.0589904785156,254.1008758544922,0.0003506155626382679,285.24981689453125,284.1667175292969,0.9999959468841553,240.9498291015625,282.3293762207031,0.9999961853027344,250.55821228027344,222.94189453125,0.00021887492039240897
1631,282.69091796875,228.6894073486328,1.0,285.4774169921875,265.53887939453125,1.0,252.53602600097656,238.9344940185547,1.0,241.2025146484375,234.25083923339844,1.0,286.9363708496094,251.7997589111328,0.0031069961842149496,308.5021057128906,253.56649780273438,0.0007182453409768641,284.1120300292969,284.1480407714844,0.9999971389770508,239.2403106689453,282.5084228515625,0.9999691247940063,251.3653564453125,222.57229614257812,0.00021484163880813867
1632,280.8998107910156,228.73912048339844,1.0,280.82769775390625,264.94061279296875,0.9999996423721313,249.49879455566406,238.79513549804688,1.0,238.8072052001953,233.95973205566406,1.0,285.4933776855469,252.36778259277344,0.022697243839502335,309.16400146484375,252.91453552246094,0.0006305702845565975,279.8454895019531,285.0440673828125,0.9999959468841553,236.8864288330078,283.4945983886719,0.9999911785125732,252.05105590820312,222.98414611816406,0.0001770475646480918
1633,280.1583251953125,228.3285369873047,1.0,279.917724609375,264.84442138671875,0.9999996423721313,248.99147033691406,238.525634765625,1.0,238.2261505126953,233.57582092285156,1.0,284.76715087890625,252.51541137695312,0.07288240641355515,308.7994384765625,252.2973175048828,0.000413482979638502,278.9747619628906,285.1130065917969,0.9999861717224121,236.65501403808594,283.43255615234375,0.9999628067016602,252.47784423828125,223.00363159179688,0.00015853716467972845
1634,279.38763427734375,228.64999389648438,1.0,279.1780090332031,265.05078125,0.9999998807907104,248.08642578125,238.43423461914062,1.0,236.7802734375,233.34503173828125,1.0,284.5262145996094,252.55026245117188,0.058479342609643936,308.24285888671875,251.9464111328125,0.0006207999540492892,278.0346984863281,284.7694091796875,0.9999954700469971,235.1501007080078,283.3062744140625,0.9999676942825317,280.7074890136719,288.97637939453125,0.00013201741967350245
1635,275.778076171875,226.64828491210938,1.0,277.0699462890625,264.8931579589844,1.0,243.17723083496094,238.01132202148438,1.0,230.14505004882812,232.89402770996094,1.0,282.6666259765625,251.30239868164062,0.20385901629924774,295.45452880859375,252.62557983398438,0.003704972565174103,276.2236328125,284.742919921875,0.9999945163726807,229.99095153808594,282.79815673828125,0.9999916553497314,279.37017822265625,288.5818176269531,0.00025569883291609585
1636,270.9784240722656,227.6238555908203,1.0,273.2668762207031,265.04119873046875,0.9999997615814209,238.60765075683594,238.12332153320312,1.0,225.58985900878906,233.62046813964844,1.0,277.7055969238281,251.19680786132812,0.7522005438804626,290.1804504394531,252.98309326171875,0.0049020713195204735,269.6225280761719,283.8302917480469,0.9999778270721436,226.30368041992188,282.84442138671875,0.9999958276748657,234.5001983642578,221.5901336669922,0.0004991859314031899
1637,267.1709899902344,228.06472778320312,1.0,272.059326171875,264.2373046875,0.9999997615814209,235.78541564941406,237.9424591064453,1.0,223.1202850341797,233.68833923339844,1.0,273.9268798828125,249.65306091308594,0.9999059438705444,280.52410888671875,252.11488342285156,0.6585927605628967,267.17657470703125,284.1795654296875,0.999975323677063,225.31399536132812,284.00665283203125,0.9999499320983887,235.04129028320312,221.76083374023438,0.0002856913779396564
1638,266.41156005859375,228.2913818359375,1.0,270.97637939453125,263.7761535644531,0.9999998807907104,234.5067138671875,237.97787475585938,1.0,221.7273712158203,233.25689697265625,1.0,271.809814453125,249.87843322753906,0.9999998807907104,279.56396484375,251.96124267578125,0.9985889792442322,266.62969970703125,284.7649841308594,0.9999434947967529,223.6002960205078,284.29681396484375,0.9999628067016602,235.46543884277344,222.00486755371094,0.0002090653870254755
1639,265.0412902832031,228.01248168945312,1.0,268.8656005859375,263.18328857421875,0.9999998807907104,232.62002563476562,238.12771606445312,1.0,219.62051391601562,234.0886993408203,1.0,270.7508544921875,249.44998168945312,1.0,278.62689208984375,251.06646728515625,0.9999725818634033,265.14923095703125,285.419189453125,0.9997057318687439,221.91697692871094,284.24554443359375,0.9999760389328003,268.77813720703125,289.4783935546875,0.0002034973877016455
1640,263.1207275390625,227.85134887695312,1.0,264.5011901855469,263.5765075683594,0.9999998807907104,230.82186889648438,237.61146545410156,1.0,216.81942749023438,233.07679748535156,1.0,269.04144287109375,248.95068359375,1.0,277.26275634765625,249.2761993408203,0.9999994039535522,261.17431640625,284.86065673828125,0.9999986886978149,217.72000122070312,284.1936340332031,0.9999958276748657,265.4057922363281,288.6314697265625,0.0006677216151729226
1641,261.66717529296875,227.69015502929688,1.0,262.8349914550781,263.6849670410156,1.0,229.7498321533203,237.96759033203125,1.0,215.0958709716797,233.12115478515625,1.0,268.8544921875,248.58151245117188,1.0,277.13262939453125,247.71163940429688,1.0,259.7129211425781,285.24639892578125,0.9999980926513672,215.22706604003906,284.2219543457031,0.9999992847442627,264.4750061035156,288.9237060546875,0.0006710939342156053
1642,260.8546142578125,227.76882934570312,1.0,262.4588623046875,263.81549072265625,1.0,229.2295684814453,237.92999267578125,1.0,214.60842895507812,232.9941864013672,1.0,268.4399719238281,248.4263458251953,1.0,276.69927978515625,247.6314697265625,1.0,259.3686828613281,285.2629089355469,0.999997615814209,214.8563690185547,284.1537170410156,0.9999991655349731,264.4591064453125,288.8362121582031,0.0006581323686987162
1643,260.43157958984375,227.76419067382812,1.0,262.0672607421875,263.95343017578125,1.0,228.8011016845703,237.95611572265625,1.0,214.2513427734375,232.96754455566406,1.0,267.9848327636719,248.52517700195312,1.0,276.5132141113281,247.33399963378906,1.0,259.11126708984375,285.40362548828125,0.9999979734420776,215.08042907714844,284.1618347167969,0.9999994039535522,264.4477844238281,288.7054748535156,0.000882436812389642
1644,259.41241455078125,227.4005889892578,1.0,262.011962890625,263.6065979003906,1.0,228.57113647460938,238.01211547851562,1.0,214.4564666748047,232.84286499023438,1.0,267.6466369628906,247.9387664794922,1.0,276.45025634765625,246.8266143798828,1.0,259.19317626953125,285.2803955078125,0.9999973773956299,214.68751525878906,284.23077392578125,0.9999996423721313,264.4252014160156,288.5838317871094,0.000733277527615428
1645,259.6429443359375,227.5999298095703,1.0,261.9961853027344,263.59051513671875,1.0,228.4118194580078,238.2162322998047,1.0,214.2887420654297,232.8692626953125,1.0,267.6569519042969,247.85543823242188,1.0,276.4724426269531,246.60467529296875,1.0,259.0181884765625,285.2432556152344,0.9999988079071045,214.6525421142578,284.1155090332031,0.9999997615814209,264.83319091796875,288.6967468261719,0.000741730269510299
1646,258.85430908203125,227.44943237304688,1.0,261.6782531738281,263.2875671386719,1.0,226.45713806152344,238.6019744873047,1.0,213.4235382080078,232.9817352294922,1.0,267.05706787109375,247.8809051513672,1.0,276.04974365234375,246.567138671875,1.0,258.77789306640625,285.2561340332031,0.9999979734420776,214.39364624023438,283.7733154296875,0.9999997615814209,264.23565673828125,288.6326599121094,0.0005893980851396918
1647,258.5341796875,226.1133270263672,1.0,261.1519470214844,262.7284851074219,1.0,225.07118225097656,238.29263305664062,1.0,212.00503540039062,233.366943359375,1.0,266.5576171875,247.39186096191406,1.0,275.44091796875,246.50192260742188,1.0,258.6044921875,285.37213134765625,0.9999994039535522,213.38751220703125,283.7120056152344,0.9999998807907104,265.1039733886719,288.77313232421875,0.0007405751384794712
1648,257.577392578125,225.7925262451172,1.0,260.5242919921875,262.88787841796875,1.0,224.4611053466797,237.97579956054688,1.0,211.03758239746094,233.2384033203125,1.0,265.5447692871094,247.31275939941406,1.0,274.3219299316406,246.61215209960938,1.0,258.2027282714844,285.1468811035156,0.9999986886978149,212.7609100341797,283.41571044921875,0.9999998807907104,264.04052734375,288.469482421875,0.0007619630778208375
1649,257.3675842285156,226.080810546875,1.0,260.47418212890625,262.962158203125,1.0,224.15072631835938,239.0060272216797,1.0,210.66732788085938,233.39744567871094,1.0,265.2864074707031,247.2783660888672,1.0,274.1177062988281,246.59823608398438,1.0,257.9100646972656,285.2302551269531,0.9999958276748657,211.91395568847656,283.6163330078125,0.9999997615814209,263.41485595703125,288.7274475097656,0.000577232800424099
1650,257.634765625,228.4324188232422,1.0,259.3494567871094,263.44189453125,0.9999998807907104,227.60336303710938,242.95404052734375,0.05772926285862923,215.39280700683594,238.39605712890625,1.0,264.66778564453125,250.23741149902344,0.9948457479476929,272.6869201660156,248.41944885253906,0.9998869895935059,257.2343444824219,284.7752685546875,0.9999880790710449,211.03970336914062,284.1300354003906,0.9999997615814209,262.71978759765625,289.5479431152344,0.0005754617741331458
1651,257.36053466796875,230.15548706054688,1.0,257.7566223144531,263.9144287109375,0.9999998807907104,227.65872192382812,243.12713623046875,0.07707009464502335,214.93017578125,238.07371520996094,1.0,264.380126953125,251.74667358398438,0.9958071708679199,272.5986633300781,249.6090087890625,0.9999699592590332,253.7913818359375,283.6265563964844,0.9999960660934448,210.41583251953125,283.74847412109375,0.9999998807907104,261.4809875488281,289.9855651855469,0.0010191206820309162
1652,256.1637878417969,230.34400939941406,1.0,257.203125,263.6126708984375,1.0,226.6492156982422,243.73663330078125,0.03502914309501648,213.7049102783203,238.57249450683594,1.0,263.3498840332031,251.52603149414062,0.9999597072601318,271.26904296875,249.22723388671875,0.9999991655349731,252.5018310546875,283.77435302734375,0.9999973773956299,210.4226837158203,284.2508239746094,0.9999997615814209,261.3531799316406,291.1444091796875,0.0013749863719567657
1653,255.26499938964844,230.15391540527344,1.0,256.2833557128906,263.98138427734375,1.0,225.4597930908203,242.4120635986328,0.9999997615814209,211.93551635742188,237.19708251953125,1.0,262.67242431640625,250.26727294921875,1.0,271.3576354980469,248.1112823486328,1.0,252.351318359375,284.1269226074219,0.9999979734420776,210.8350372314453,283.8675231933594,0.9999998807907104,261.2334899902344,291.52813720703125,0.0008253396954387426
1654,253.64894104003906,228.94410705566406,1.0,255.5446014404297,263.67938232421875,1.0,222.45504760742188,239.99566650390625,1.0,209.04881286621094,234.82772827148438,1.0,262.2772216796875,248.44564819335938,1.0,271.6166076660156,247.0546112060547,1.0,251.21466064453125,283.4898986816406,0.9999992847442627,210.83450317382812,283.40069580078125,0.9999998807907104,260.1533508300781,290.14056396484375,0.0009711943566799164
1655,253.21707153320312,227.39248657226562,1.0,255.66619873046875,263.3822021484375,1.0,221.466064453125,238.6995086669922,1.0,208.2567138671875,234.2300567626953,1.0,262.484619140625,246.91360473632812,1.0,271.8507080078125,247.3461151123047,1.0,251.79734802246094,282.6085510253906,0.9999992847442627,210.95040893554688,283.3673400878906,0.9999997615814209,260.90936279296875,289.45086669921875,0.000601882697083056
1656,252.37896728515625,226.65512084960938,1.0,255.05433654785156,263.4826965332031,1.0,220.51345825195312,238.0848388671875,1.0,207.56007385253906,233.7029571533203,1.0,261.91668701171875,245.98162841796875,1.0,271.3169860839844,246.32025146484375,1.0,250.4046630859375,282.8984069824219,0.9999991655349731,210.00840759277344,283.4859924316406,0.9999996423721313,259.74176025390625,289.9533386230469,0.00048470814363099635
1657,251.93917846679688,226.00497436523438,1.0,254.7467803955078,263.724609375,1.0,219.84872436523438,237.31591796875,1.0,206.66989135742188,232.96713256835938,1.0,261.6405944824219,245.54229736328125,1.0,271.2485046386719,246.38409423828125,1.0,249.8759307861328,282.3354187011719,0.999998927116394,209.21310424804688,283.1390686035156,0.9999983310699463,259.3894958496094,289.4825439453125,0.0002804106043186039
1658,251.34352111816406,225.9021759033203,1.0,253.62083435058594,264.1014709472656,1.0,218.89511108398438,236.60548400878906,1.0,205.65133666992188,232.3345489501953,1.0,261.6570739746094,245.14913940429688,1.0,271.1231384277344,246.09217834472656,1.0,248.59849548339844,282.4327697753906,0.9999992847442627,207.35169982910156,283.89013671875,0.999998927116394,259.16192626953125,290.12451171875,0.00036883517168462276
1659,250.76470947265625,225.3877716064453,1.0,251.94378662109375,263.2235412597656,1.0,217.56240844726562,236.18089294433594,1.0,204.73020935058594,232.25643920898438,1.0,261.3880615234375,244.4071502685547,1.0,270.82525634765625,245.67523193359375,1.0,247.86441040039062,282.560791015625,0.9999996423721313,206.0931396484375,283.570068359375,0.9999991655349731,258.4631042480469,290.02899169921875,0.0008618092397227883
1660,250.176513671875,224.28099060058594,1.0,250.99594116210938,262.9903564453125,1.0,217.4913787841797,235.51414489746094,1.0,204.19613647460938,231.8831787109375,1.0,261.1466369628906,244.08860778808594,1.0,270.84344482421875,245.4798126220703,1.0,247.23060607910156,282.17205810546875,0.9999997615814209,205.90818786621094,283.96502685546875,0.9999983310699463,255.5848846435547,289.739501953125,0.0004624470602720976
1661,250.25083923339844,223.9962158203125,1.0,251.4947509765625,263.1290283203125,1.0,217.74159240722656,235.60543823242188,1.0,204.01779174804688,231.8377685546875,1.0,261.40008544921875,244.05755615234375,1.0,270.7384948730469,245.62429809570312,1.0,247.25035095214844,282.1553649902344,0.9999997615814209,205.55560302734375,283.9908752441406,0.9999986886978149,259.1092529296875,289.7326965332031,0.00040698357042856514
1662,250.15972900390625,223.7634735107422,1.0,251.03164672851562,262.7851867675781,1.0,217.5694122314453,235.59918212890625,1.0,203.73590087890625,231.81373596191406,1.0,261.15179443359375,244.2266845703125,1.0,270.54217529296875,245.42376708984375,1.0,247.0010528564453,281.9596862792969,0.9999998807907104,205.2952423095703,283.4590148925781,0.9999990463256836,258.9617614746094,289.6845703125,0.0007179781678132713
1663,250.28199768066406,223.42933654785156,1.0,250.8361053466797,262.6774597167969,1.0,217.20681762695312,235.5025634765625,1.0,203.1997528076172,231.5382537841797,1.0,260.9140930175781,243.8797149658203,1.0,270.4749755859375,245.5322265625,1.0,246.8112335205078,282.48602294921875,0.9999998807907104,204.64627075195312,283.48651123046875,0.9999990463256836,258.965087890625,289.8916015625,0.0007888332474976778
1664,248.58567810058594,222.27133178710938,1.0,248.9508056640625,263.3268737792969,1.0,214.62442016601562,235.54525756835938,1.0,200.89894104003906,231.33522033691406,1.0,259.552490234375,243.11346435546875,1.0,269.54803466796875,244.39271545410156,1.0,245.4215850830078,281.90966796875,1.0,203.12350463867188,283.27978515625,0.9999988079071045,251.3911590576172,289.2140197753906,0.00043057987932115793
1665,244.4220733642578,221.69789123535156,1.0,244.31884765625,263.2979431152344,1.0,212.18603515625,235.56185913085938,1.0,198.13400268554688,231.47938537597656,1.0,256.6560363769531,242.8506622314453,1.0,268.0788879394531,241.84616088867188,1.0,240.75340270996094,282.0729675292969,0.9999998807907104,200.07232666015625,283.1669921875,1.0,249.8011932373047,289.85589599609375,0.0016531777800992131
1666,242.15670776367188,221.6634521484375,1.0,241.67703247070312,263.341064453125,1.0,209.90179443359375,235.30726623535156,1.0,195.5857696533203,231.8959197998047,1.0,254.7061309814453,242.50961303710938,1.0,266.5140075683594,241.47714233398438,1.0,237.8791046142578,281.57843017578125,1.0,198.1452178955078,282.8524475097656,1.0,249.38626098632812,289.93170166015625,0.001862569130025804
1667,240.42535400390625,221.44879150390625,1.0,239.95677185058594,262.6132507324219,1.0,208.6306915283203,235.10110473632812,1.0,193.9859161376953,231.65902709960938,1.0,253.71958923339844,241.97830200195312,1.0,265.7325744628906,241.7900848388672,1.0,236.65235900878906,280.56378173828125,1.0,197.4044952392578,282.93524169921875,1.0,249.14894104003906,290.0648498535156,0.002355861710384488
1668,239.03443908691406,221.80776977539062,1.0,238.96336364746094,262.8948974609375,1.0,207.58682250976562,235.026123046875,1.0,193.3582763671875,231.26797485351562,1.0,252.57408142089844,241.90513610839844,1.0,264.79266357421875,241.43081665039062,1.0,235.5958709716797,280.1573181152344,1.0,196.86204528808594,283.0011291503906,1.0,248.3682861328125,289.9930419921875,0.002442816272377968
1669,237.1640167236328,221.1949462890625,1.0,238.1575927734375,263.07098388671875,1.0,206.7279815673828,235.20892333984375,1.0,192.44622802734375,231.37646484375,1.0,251.38211059570312,241.2758026123047,1.0,264.3346862792969,241.14820861816406,1.0,234.73806762695312,280.146484375,1.0,196.2901153564453,283.0888671875,1.0,247.64332580566406,289.92950439453125,0.0024001821875572205
1670,236.19261169433594,221.227783203125,1.0,236.82022094726562,262.42584228515625,1.0,205.54544067382812,235.1158447265625,1.0,190.87448120117188,231.44436645507812,1.0,251.09423828125,241.69142150878906,1.0,263.6419372558594,241.3744659423828,1.0,233.89303588867188,280.2616271972656,1.0,194.9677276611328,282.79571533203125,1.0,247.55287170410156,290.2098083496094,0.0033106678165495396
1671,235.0810089111328,221.1680908203125,1.0,235.75820922851562,262.94036865234375,1.0,204.8546142578125,234.90919494628906,1.0,190.01034545898438,231.53179931640625,1.0,250.4498748779297,241.6767578125,1.0,263.2974548339844,241.32208251953125,1.0,233.08291625976562,280.2944030761719,1.0,194.71946716308594,282.8369140625,1.0,247.35882568359375,289.80914306640625,0.0034150222782045603
1672,234.16571044921875,221.1214599609375,1.0,234.8973388671875,262.8644714355469,1.0,204.4442901611328,234.68716430664062,1.0,189.59910583496094,231.4154815673828,1.0,249.74356079101562,241.8195343017578,1.0,262.65289306640625,241.14117431640625,1.0,232.03794860839844,280.1509704589844,1.0,194.0503692626953,282.8195495605469,1.0,253.81216430664062,287.98590087890625,0.005063624121248722
1673,233.5334014892578,221.41476440429688,1.0,234.211181640625,263.2633361816406,1.0,203.9433135986328,234.87498474121094,1.0,189.16448974609375,231.3645782470703,1.0,249.0772705078125,241.9383544921875,1.0,261.81878662109375,240.542724609375,1.0,231.13751220703125,280.013427734375,1.0,193.22496032714844,282.73919677734375,0.9999998807907104,253.13832092285156,288.0957336425781,0.022391565144062042
1674,233.31997680664062,221.79090881347656,1.0,233.96578979492188,263.4173278808594,1.0,203.1699981689453,234.9451904296875,1.0,188.8837890625,231.3600311279297,1.0,248.97988891601562,242.07009887695312,1.0,261.4933166503906,241.1111602783203,1.0,230.90538024902344,280.2130432128906,1.0,192.90403747558594,282.8713684082031,0.9999998807907104,253.04742431640625,288.1796875,0.04253656044602394
1675,233.24166870117188,221.49046325683594,1.0,233.51527404785156,263.19842529296875,1.0,202.1046600341797,235.29673767089844,1.0,188.37176513671875,231.1341552734375,1.0,248.8907470703125,242.0601043701172,1.0,261.4066467285156,241.21932983398438,1.0,230.533935546875,280.19573974609375,1.0,191.7784423828125,283.36505126953125,0.9999998807907104,253.23545837402344,288.03863525390625,0.030441652983427048
1676,233.18080139160156,221.5114288330078,1.0,233.41622924804688,263.1527404785156,1.0,201.697265625,235.44007873535156,1.0,188.2049102783203,231.4824676513672,1.0,248.625244140625,242.00498962402344,1.0,261.2386779785156,241.0835418701172,1.0,230.1785430908203,280.1646728515625,1.0,191.47915649414062,283.3297119140625,0.9999998807907104,252.98648071289062,287.93109130859375,0.0185047909617424
1677,232.8056640625,221.31593322753906,1.0,233.02272033691406,262.8468933105469,1.0,201.4886932373047,235.41677856445312,1.0,187.6815948486328,231.5115509033203,1.0,248.22279357910156,241.99969482421875,1.0,260.9371643066406,240.7533416748047,1.0,229.9231414794922,279.9678955078125,1.0,191.49070739746094,283.44537353515625,0.9999998807907104,252.49327087402344,287.6728820800781,0.01379950437694788
1678,232.43185424804688,221.20089721679688,1.0,232.70584106445312,262.73211669921875,1.0,201.43093872070312,235.33116149902344,1.0,187.37672424316406,231.3975830078125,1.0,248.1212158203125,241.9607696533203,1.0,260.8904113769531,240.66969299316406,1.0,229.6956329345703,279.9972839355469,1.0,192.1715545654297,283.2322082519531,0.9999998807907104,252.35862731933594,287.6927185058594,0.017649687826633453
1679,232.2899627685547,222.2125244140625,1.0,232.75234985351562,262.9609375,1.0,201.5030975341797,236.43243408203125,1.0,187.22744750976562,231.5941925048828,1.0,247.83961486816406,242.54495239257812,1.0,260.5743713378906,240.48414611816406,1.0,229.59486389160156,280.1841735839844,1.0,191.4988555908203,283.4749450683594,0.9999998807907104,251.5849151611328,287.8080749511719,0.016166988760232925
1680,232.18040466308594,223.0481719970703,1.0,232.58062744140625,262.804443359375,1.0,202.16558837890625,236.80908203125,1.0,187.0499725341797,231.78944396972656,1.0,247.91908264160156,243.05917358398438,1.0,260.7223205566406,241.8973846435547,1.0,229.6536102294922,280.46734619140625,1.0,191.6855010986328,283.6918029785156,0.9999998807907104,251.6566925048828,288.14013671875,0.16078884899616241
1681,231.92567443847656,223.0313720703125,1.0,232.2985382080078,262.8241882324219,1.0,202.0225067138672,236.62957763671875,1.0,186.77330017089844,232.03634643554688,1.0,247.6915283203125,243.06707763671875,1.0,260.48974609375,242.01699829101562,1.0,229.40664672851562,280.393798828125,1.0,191.56689453125,283.8441162109375,0.9999998807907104,251.16848754882812,288.1100769042969,0.08543325960636139
1682,232.0365447998047,223.09158325195312,1.0,232.31080627441406,262.6533203125,1.0,202.2436065673828,236.87158203125,1.0,187.0662384033203,232.22628784179688,1.0,247.81570434570312,243.19345092773438,1.0,260.716552734375,241.97463989257812,1.0,229.43704223632812,280.5404357910156,1.0,191.44091796875,283.9099426269531,0.9999998807907104,251.3470001220703,288.0361022949219,0.06975764781236649
1683,231.9189453125,222.99481201171875,1.0,232.32559204101562,262.86822509765625,1.0,202.2436065673828,236.8948211669922,1.0,187.0648193359375,232.16845703125,1.0,247.8608856201172,243.28628540039062,1.0,260.6812438964844,241.81643676757812,1.0,229.38429260253906,280.42010498046875,1.0,191.25830078125,283.8189392089844,0.9999998807907104,251.27012634277344,287.9830627441406,0.03244725987315178
1684,232.08753967285156,223.26513671875,1.0,232.50376892089844,263.15838623046875,1.0,202.1732940673828,237.20059204101562,1.0,187.30462646484375,232.2462921142578,1.0,247.9748992919922,243.23538208007812,1.0,260.71746826171875,241.68951416015625,1.0,229.45729064941406,280.51373291015625,1.0,191.3611297607422,283.8368835449219,0.9999998807907104,251.28717041015625,288.1592102050781,0.03259355574846268
1685,232.2720489501953,223.3157501220703,1.0,232.5753173828125,263.3670349121094,1.0,202.53414916992188,237.1278533935547,1.0,187.3550567626953,232.26806640625,1.0,248.13720703125,243.28985595703125,1.0,260.83831787109375,241.80429077148438,1.0,229.54156494140625,280.62353515625,1.0,191.63992309570312,283.8831481933594,0.9999998807907104,251.36453247070312,288.06573486328125,0.018233057111501694
1686,232.49583435058594,223.28733825683594,1.0,232.60386657714844,263.5011291503906,1.0,203.04031372070312,237.2772979736328,1.0,187.68467712402344,232.50408935546875,1.0,248.20980834960938,243.4728240966797,1.0,260.8071594238281,241.7190399169922,1.0,229.63241577148438,280.6075439453125,1.0,192.70384216308594,283.50128173828125,1.0,251.47999572753906,288.16510009765625,0.016969013959169388
1687,232.7679443359375,223.13119506835938,1.0,232.74497985839844,263.5264587402344,1.0,203.57554626464844,237.186279296875,1.0,188.6211700439453,232.4608612060547,1.0,248.25807189941406,243.4309539794922,1.0,260.8294372558594,241.41758728027344,1.0,229.8632354736328,280.7580261230469,1.0,193.20980834960938,283.5956726074219,1.0,252.29183959960938,288.21014404296875,0.01721641607582569
1688,233.08908081054688,223.4761962890625,1.0,233.16502380371094,263.96337890625,1.0,203.76953125,237.43887329101562,1.0,188.78135681152344,232.5895233154297,1.0,248.31321716308594,243.42054748535156,1.0,260.8858947753906,241.5515594482422,1.0,230.1358184814453,280.7989807128906,1.0,193.39927673339844,283.44427490234375,1.0,247.11373901367188,290.52099609375,0.004968293011188507
1689,233.4050750732422,223.99334716796875,1.0,233.22247314453125,264.1571960449219,1.0,203.9633331298828,237.5517578125,1.0,189.05918884277344,232.60536193847656,1.0,248.5871124267578,243.4873046875,1.0,260.98583984375,241.38311767578125,1.0,230.00062561035156,280.7933044433594,1.0,193.45628356933594,283.32989501953125,1.0,246.8372802734375,290.54736328125,0.005065620876848698
1690,233.70689392089844,223.94798278808594,1.0,233.23558044433594,264.3323059082031,1.0,204.1331024169922,237.58465576171875,1.0,189.14540100097656,232.699951171875,1.0,248.78933715820312,243.56112670898438,1.0,261.0715026855469,241.5701141357422,1.0,229.99826049804688,280.5704345703125,1.0,193.34193420410156,283.201416015625,1.0,246.76815795898438,290.4688415527344,0.00329850846901536
1691,233.47386169433594,224.0227508544922,1.0,233.3429412841797,264.2225036621094,1.0,203.88592529296875,237.5789337158203,1.0,189.13949584960938,232.61915588378906,1.0,248.83267211914062,243.55397033691406,1.0,261.1781005859375,241.72975158691406,1.0,230.05902099609375,280.7165832519531,1.0,193.47178649902344,283.2884216308594,1.0,246.86782836914062,290.60614013671875,0.0033555240370333195
1692,230.78932189941406,222.3479766845703,1.0,230.6618194580078,262.7404479980469,1.0,198.47157287597656,236.4039306640625,1.0,184.89248657226562,232.67556762695312,1.0,246.54550170898438,241.64599609375,1.0,260.1689758300781,240.7419891357422,1.0,228.15269470214844,279.8367614746094,1.0,189.9232635498047,284.2382507324219,0.9999998807907104,244.804931640625,289.42120361328125,0.0041181971319019794
1693,224.6427001953125,220.35931396484375,1.0,224.3945770263672,262.1942443847656,1.0,194.16668701171875,235.4578399658203,1.0,179.6366729736328,232.10977172851562,1.0,241.22250366210938,240.18959045410156,1.0,255.4757080078125,238.35848999023438,1.0,222.14535522460938,280.28570556640625,1.0,186.06643676757812,283.99163818359375,1.0,246.60775756835938,288.9350891113281,0.9850797057151794
1694,221.97621154785156,220.2873077392578,1.0,222.05735778808594,262.43023681640625,1.0,191.96014404296875,235.03695678710938,1.0,177.63558959960938,231.63211059570312,1.0,239.5928192138672,240.13406372070312,1.0,253.5626220703125,237.3817138671875,1.0,220.21029663085938,280.4308776855469,1.0,183.84445190429688,284.2362976074219,1.0,244.3525390625,288.8088073730469,0.9991982579231262
1695,219.77682495117188,218.64862060546875,1.0,219.92208862304688,260.97821044921875,1.0,190.24720764160156,234.1470184326172,1.0,175.92872619628906,231.38328552246094,1.0,238.32398986816406,239.45169067382812,1.0,253.02392578125,237.47593688964844,1.0,218.613525390625,280.41729736328125,1.0,182.47439575195312,284.43682861328125,1.0,242.78269958496094,289.2996826171875,0.9999814033508301
1696,216.9528350830078,217.9649200439453,1.0,215.7842559814453,260.9078674316406,1.0,186.78187561035156,234.0953369140625,1.0,172.8098602294922,231.4619140625,1.0,235.30979919433594,238.22764587402344,1.0,250.09500122070312,236.77830505371094,1.0,213.90660095214844,279.5173645019531,1.0,180.1323699951172,283.93365478515625,1.0,239.6196746826172,288.6880798339844,0.9999611377716064
1697,213.9513702392578,217.23306274414062,1.0,212.10826110839844,259.87408447265625,1.0,184.06822204589844,233.0082244873047,1.0,169.6308135986328,230.79977416992188,1.0,232.58436584472656,237.65399169921875,1.0,248.04397583007812,236.4266357421875,1.0,209.62423706054688,279.07958984375,1.0,176.90438842773438,283.7070617675781,1.0,235.8528594970703,288.4195251464844,0.9999974966049194
1698,212.0669403076172,217.0142059326172,1.0,209.8088836669922,258.579345703125,1.0,182.30630493164062,232.84278869628906,1.0,168.27386474609375,230.4601287841797,1.0,231.2553253173828,237.32171630859375,1.0,246.76429748535156,235.55885314941406,1.0,208.04942321777344,278.494384765625,1.0,175.42938232421875,283.6645812988281,1.0,233.85748291015625,288.0819091796875,0.9999996423721313
1699,210.75091552734375,216.70616149902344,1.0,208.48570251464844,257.8994140625,1.0,181.27023315429688,232.84371948242188,1.0,167.08547973632812,230.00537109375,1.0,230.2611541748047,237.04689025878906,1.0,246.13150024414062,235.43162536621094,1.0,206.5125732421875,278.2812805175781,1.0,174.34437561035156,283.5824279785156,1.0,233.3404083251953,288.0372009277344,0.9999997615814209
1700,209.457763671875,216.13223266601562,1.0,207.90200805664062,257.56878662109375,1.0,180.37379455566406,232.67230224609375,1.0,165.95631408691406,229.42874145507812,1.0,229.10821533203125,236.6216583251953,1.0,244.91163635253906,234.65435791015625,1.0,205.5567169189453,277.5386962890625,1.0,172.60377502441406,282.9847717285156,1.0,232.1025390625,287.2540283203125,1.0
1701,208.2267608642578,214.8419189453125,1.0,206.09230041503906,256.7118225097656,1.0,179.7470703125,232.29808044433594,1.0,164.96102905273438,229.0450439453125,1.0,227.56143188476562,235.60879516601562,1.0,243.59022521972656,233.64576721191406,1.0,204.59030151367188,277.075439453125,1.0,171.82403564453125,282.935302734375,1.0,231.16122436523438,286.2278747558594,1.0
1702,206.15586853027344,213.45458984375,1.0,203.58767700195312,253.73318481445312,1.0,179.20425415039062,229.82305908203125,1.0,162.94766235351562,227.62503051757812,1.0,227.11907958984375,233.97434997558594,1.0,242.78025817871094,232.79891967773438,1.0,201.84019470214844,275.1854248046875,1.0,170.21885681152344,281.3744201660156,1.0,229.883056640625,285.0896911621094,1.0
1703,204.08370971679688,210.43869018554688,1.0,200.40135192871094,250.59080505371094,1.0,177.31472778320312,227.57034301757812,1.0,161.77615356445312,225.39231872558594,1.0,225.72500610351562,230.94715881347656,1.0,240.858642578125,230.43272399902344,1.0,199.13327026367188,272.2346496582031,1.0,168.93470764160156,278.52935791015625,1.0,228.7738494873047,282.26861572265625,1.0
1704,202.23532104492188,209.27020263671875,1.0,199.65304565429688,248.84713745117188,1.0,176.18861389160156,225.66339111328125,1.0,160.84738159179688,223.6894073486328,1.0,224.63096618652344,229.61676025390625,1.0,240.27548217773438,228.54666137695312,1.0,197.56947326660156,270.1859130859375,1.0,167.3531951904297,276.7997131347656,1.0,227.06259155273438,281.5955505371094,1.0
1705,201.5058135986328,208.9416046142578,1.0,198.92161560058594,248.2479248046875,1.0,175.95489501953125,225.49346923828125,1.0,160.2143096923828,223.23883056640625,1.0,223.9164276123047,229.23973083496094,1.0,240.2493133544922,228.09237670898438,1.0,196.74754333496094,269.4842529296875,1.0,166.72125244140625,276.092041015625,1.0,227.11654663085938,280.6261291503906,1.0
1706,201.1036834716797,207.92933654785156,1.0,198.16041564941406,247.62820434570312,1.0,175.74700927734375,224.40309143066406,1.0,159.99609375,222.43402099609375,1.0,223.9210205078125,228.52000427246094,1.0,240.1714630126953,227.3860321044922,1.0,196.74591064453125,268.64288330078125,1.0,166.34226989746094,275.59716796875,1.0,226.9542999267578,279.739501953125,1.0
1707,201.3900604248047,207.66769409179688,1.0,197.93849182128906,247.0753631591797,1.0,175.63531494140625,224.1243133544922,1.0,160.2755126953125,222.197509765625,1.0,223.7115020751953,228.46975708007812,1.0,239.98025512695312,227.3584442138672,1.0,196.478515625,268.4004211425781,1.0,166.1197509765625,275.3619079589844,1.0,226.4462432861328,279.7939758300781,1.0
1708,201.2775115966797,207.40512084960938,1.0,197.60340881347656,246.65771484375,1.0,175.4669189453125,223.8172607421875,1.0,160.07568359375,222.2465057373047,1.0,223.536376953125,228.1491241455078,1.0,239.6517791748047,226.9506072998047,1.0,196.28970336914062,268.1787109375,1.0,166.338623046875,274.9977722167969,1.0,226.06053161621094,279.34674072265625,1.0
1709,200.8644561767578,206.94410705566406,1.0,197.0790252685547,245.81167602539062,1.0,175.2922821044922,223.42945861816406,1.0,159.5044708251953,221.6394805908203,1.0,223.40081787109375,227.80982971191406,1.0,239.78671264648438,226.8747100830078,1.0,195.9698944091797,267.85284423828125,1.0,166.04869079589844,274.60107421875,1.0,225.10316467285156,279.1804504394531,1.0
1710,200.3795166015625,206.3210906982422,1.0,196.73512268066406,245.31517028808594,1.0,175.03793334960938,223.55740356445312,1.0,159.2446746826172,221.3868408203125,1.0,222.89443969726562,227.03875732421875,1.0,239.4356231689453,226.32850646972656,1.0,195.6233673095703,267.2565612792969,1.0,165.946533203125,274.56341552734375,1.0,224.9954833984375,278.2897033691406,1.0
1711,200.2873077392578,206.1699676513672,1.0,196.5844268798828,245.16969299316406,1.0,174.84353637695312,223.47296142578125,1.0,159.07894897460938,221.31431579589844,1.0,222.96414184570312,227.0279541015625,1.0,239.54116821289062,226.6033935546875,1.0,195.3416290283203,267.0039978027344,1.0,165.80035400390625,274.523681640625,1.0,224.6555633544922,278.4210205078125,1.0
1712,200.113525390625,206.29046630859375,1.0,196.3780059814453,244.87506103515625,1.0,174.7853546142578,223.68080139160156,1.0,158.88058471679688,221.1029052734375,1.0,222.68466186523438,227.1299591064453,1.0,239.2638702392578,226.3579559326172,1.0,195.2760772705078,266.9833679199219,1.0,165.66954040527344,274.6383972167969,1.0,224.46946716308594,278.5348205566406,1.0
1713,199.478271484375,206.62548828125,1.0,195.70005798339844,245.25772094726562,1.0,174.3476104736328,224.12271118164062,1.0,158.39028930664062,221.5924835205078,1.0,221.8952178955078,227.99468994140625,1.0,238.18443298339844,226.62330627441406,1.0,194.20669555664062,267.2063903808594,1.0,164.59780883789062,274.7555236816406,1.0,223.91845703125,278.94647216796875,1.0
1714,196.89004516601562,208.9783935546875,1.0,193.60073852539062,248.076416015625,1.0,171.32264709472656,226.58425903320312,1.0,156.2087860107422,223.97804260253906,1.0,218.5990753173828,229.67498779296875,1.0,234.7386932373047,227.5557403564453,1.0,190.51162719726562,269.44415283203125,1.0,161.95401000976562,275.9985046386719,1.0,222.36436462402344,278.9652099609375,1.0
1715,194.66680908203125,210.51524353027344,1.0,191.9402618408203,249.28253173828125,1.0,169.15643310546875,228.87094116210938,1.0,154.4235382080078,225.53338623046875,1.0,217.07872009277344,230.85263061523438,1.0,233.734375,228.6543731689453,1.0,188.59420776367188,270.8815612792969,1.0,160.2787628173828,277.4803466796875,1.0,220.80845642089844,281.80340576171875,1.0
1716,194.49557495117188,211.07235717773438,1.0,191.45425415039062,249.75685119628906,1.0,167.89251708984375,228.4467010498047,1.0,153.83944702148438,225.552734375,1.0,216.50318908691406,231.19590759277344,1.0,233.2201690673828,229.1439666748047,1.0,187.65621948242188,271.6494140625,1.0,159.15341186523438,277.6153869628906,1.0,220.66331481933594,281.82421875,1.0
1717,194.12342834472656,211.0814666748047,1.0,190.68707275390625,250.27940368652344,1.0,167.60044860839844,228.90658569335938,1.0,153.3876953125,225.80206298828125,1.0,216.07931518554688,231.5701446533203,1.0,232.86251831054688,229.6311492919922,1.0,187.1500244140625,272.29058837890625,1.0,158.4114532470703,278.2469482421875,1.0,219.94102478027344,282.1481018066406,1.0
1718,190.8493194580078,211.33192443847656,1.0,187.51625061035156,251.13491821289062,1.0,165.69935607910156,229.52035522460938,1.0,151.3294677734375,226.6462860107422,1.0,213.58535766601562,231.733154296875,1.0,230.86370849609375,229.9018096923828,1.0,184.45631408691406,271.891357421875,1.0,156.71548461914062,278.98480224609375,1.0,217.97390747070312,281.9861145019531,1.0
1719,183.99148559570312,211.6870574951172,1.0,179.7703399658203,250.99012756347656,1.0,159.80471801757812,229.59701538085938,1.0,146.86105346679688,226.53404235839844,1.0,208.3539581298828,230.49618530273438,1.0,225.31077575683594,227.9239959716797,1.0,177.21652221679688,271.948486328125,1.0,152.1738739013672,279.321044921875,1.0,214.03323364257812,280.8450012207031,1.0
1720,176.4735870361328,210.6269073486328,1.0,172.0368194580078,249.90084838867188,1.0,153.79241943359375,227.69046020507812,1.0,141.1481170654297,226.21026611328125,1.0,201.27313232421875,229.0482635498047,1.0,218.4697723388672,225.80294799804688,1.0,169.44808959960938,271.4781188964844,1.0,144.5160675048828,278.64971923828125,1.0,208.4849853515625,280.4732971191406,1.0
1721,171.24380493164062,210.74497985839844,1.0,167.1101531982422,249.57449340820312,1.0,150.935302734375,228.39720153808594,1.0,137.606201171875,227.34552001953125,1.0,198.37937927246094,228.36134338378906,1.0,214.94898986816406,225.45359802246094,1.0,164.85256958007812,270.9316711425781,1.0,141.0265350341797,279.2055969238281,1.0,205.17481994628906,280.1955261230469,1.0
1722,172.0047149658203,213.3189697265625,1.0,167.3995361328125,251.3985137939453,1.0,152.21168518066406,230.34161376953125,1.0,137.17481994628906,229.34996032714844,1.0,198.6022491455078,230.99609375,1.0,215.7216033935547,228.19244384765625,1.0,164.81056213378906,272.5354309082031,1.0,141.2036895751953,280.9285888671875,1.0,204.66744995117188,281.6724548339844,1.0
1723,173.75123596191406,215.25936889648438,1.0,169.24124145507812,253.5323486328125,1.0,153.67880249023438,232.09304809570312,1.0,139.03085327148438,230.40325927734375,1.0,200.84617614746094,232.4554901123047,1.0,217.12635803222656,228.92919921875,1.0,168.43338012695312,275.0533752441406,1.0,143.4805908203125,282.6782531738281,1.0,207.52536010742188,282.5864562988281,1.0
1724,176.00559997558594,215.89340209960938,1.0,171.54779052734375,253.9336700439453,1.0,154.59751892089844,232.6824493408203,1.0,140.0882568359375,230.77220153808594,1.0,202.34286499023438,233.31741333007812,1.0,218.8650360107422,229.3444061279297,1.0,170.80764770507812,275.5663146972656,1.0,144.63429260253906,282.933349609375,1.0,208.10281372070312,283.5115051269531,1.0
1725,175.1415557861328,214.84326171875,1.0,170.98744201660156,253.52015686035156,1.0,153.3562774658203,232.2892303466797,1.0,139.5297393798828,230.41656494140625,1.0,200.58155822753906,232.54539489746094,1.0,217.88729858398438,229.07705688476562,1.0,170.33001708984375,275.3906555175781,1.0,144.21238708496094,283.0744934082031,1.0,208.05047607421875,282.9909362792969,1.0
1726,167.80557250976562,213.45330810546875,1.0,163.64320373535156,252.73301696777344,1.0,147.6858673095703,231.2738800048828,1.0,134.0697479248047,230.00518798828125,1.0,195.59744262695312,229.8074188232422,1.0,212.18409729003906,226.81251525878906,1.0,161.17630004882812,273.6649169921875,1.0,138.53094482421875,281.0472412109375,1.0,203.63409423828125,281.00482177734375,1.0
1727,163.21388244628906,211.9057159423828,1.0,158.4277801513672,250.24415588378906,1.0,144.41555786132812,229.9117889404297,1.0,130.9246826171875,228.64227294921875,1.0,190.38031005859375,228.05166625976562,1.0,207.06683349609375,225.1954803466797,1.0,155.98358154296875,272.0148010253906,1.0,135.402099609375,280.5773620605469,1.0,199.42591857910156,279.4217529296875,1.0
1728,160.5965576171875,211.2469482421875,1.0,155.65928649902344,248.83021545410156,1.0,142.40362548828125,229.7825469970703,1.0,129.7121124267578,230.0227813720703,1.0,188.8788604736328,227.4915313720703,1.0,204.7805633544922,224.02027893066406,1.0,153.93280029296875,271.7553405761719,1.0,132.77566528320312,281.05645751953125,1.0,197.0635223388672,278.94122314453125,1.0
1729,158.15093994140625,210.48348999023438,1.0,154.14004516601562,248.81382751464844,1.0,141.2108612060547,229.2223358154297,1.0,128.66156005859375,229.57373046875,1.0,187.2637176513672,226.78237915039062,1.0,203.16036987304688,223.5462188720703,1.0,151.9473876953125,270.9548645019531,1.0,131.2037811279297,280.84503173828125,1.0,195.27206420898438,278.2635192871094,1.0
1730,156.7218017578125,210.66888427734375,1.0,152.87313842773438,248.5833282470703,1.0,140.0740203857422,229.01480102539062,1.0,127.94151306152344,229.59530639648438,1.0,186.45541381835938,226.60873413085938,1.0,202.299560546875,223.05621337890625,1.0,150.29974365234375,271.08203125,1.0,129.5019073486328,280.5414123535156,1.0,194.19854736328125,277.9757995605469,1.0
1731,155.92666625976562,210.1474151611328,1.0,151.9743194580078,248.54568481445312,1.0,139.4200897216797,228.82876586914062,1.0,127.35285949707031,229.9422607421875,1.0,186.0238037109375,226.62811279296875,1.0,202.12152099609375,222.96067810058594,1.0,149.6311492919922,271.1825866699219,1.0,128.83316040039062,280.41510009765625,1.0,193.48574829101562,278.0829772949219,1.0
1732,155.76988220214844,210.3910369873047,1.0,151.36163330078125,248.21510314941406,1.0,139.2814483642578,228.49490356445312,1.0,127.16857147216797,229.6363067626953,1.0,185.64845275878906,226.40574645996094,1.0,201.6836395263672,223.06068420410156,1.0,148.7351531982422,270.6177062988281,1.0,127.93143463134766,279.42437744140625,1.0,192.87881469726562,277.5971984863281,1.0
1733,155.35386657714844,210.06724548339844,1.0,150.8116455078125,247.89602661132812,1.0,138.9329833984375,228.59820556640625,1.0,126.88395690917969,229.54312133789062,1.0,184.9921875,225.95098876953125,1.0,201.15390014648438,222.69264221191406,1.0,148.47369384765625,270.4537048339844,1.0,127.74124145507812,279.2474365234375,1.0,192.5096435546875,277.514404296875,1.0
1734,154.85186767578125,210.1322479248047,1.0,150.49197387695312,247.24110412597656,1.0,138.7329559326172,228.45736694335938,1.0,126.51455688476562,229.6172332763672,1.0,184.847412109375,225.54530334472656,1.0,200.9693603515625,222.53810119628906,1.0,148.12681579589844,269.8663024902344,1.0,127.50454711914062,279.1015319824219,1.0,192.3250274658203,277.50714111328125,1.0
1735,154.71640014648438,210.32186889648438,1.0,150.26629638671875,247.09231567382812,1.0,138.6785125732422,228.63510131835938,1.0,126.3416748046875,229.7609405517578,1.0,184.75396728515625,225.36349487304688,1.0,201.02593994140625,222.25039672851562,1.0,147.56895446777344,269.6236572265625,1.0,127.44046783447266,278.9774475097656,1.0,192.36456298828125,277.2979431152344,1.0
1736,154.97634887695312,210.01907348632812,1.0,150.55615234375,246.8563232421875,1.0,138.61474609375,228.4768524169922,1.0,126.24905395507812,229.70953369140625,1.0,184.5884246826172,225.07217407226562,1.0,200.880126953125,222.3401336669922,1.0,148.38497924804688,269.2942199707031,1.0,127.93205261230469,279.0106201171875,1.0,192.5035858154297,276.9927978515625,1.0
1737,155.26919555664062,210.03158569335938,1.0,150.7666015625,246.33355712890625,1.0,138.72540283203125,228.3154296875,1.0,126.22765350341797,229.46820068359375,1.0,184.8919677734375,224.596435546875,1.0,201.2548828125,222.05197143554688,1.0,148.6486358642578,268.8739013671875,1.0,128.293701171875,278.54827880859375,1.0,192.50885009765625,276.70648193359375,1.0
1738,155.35379028320312,209.669677734375,1.0,150.83824157714844,246.0488739013672,1.0,139.18092346191406,227.6533660888672,1.0,126.30014038085938,229.02877807617188,1.0,184.96621704101562,224.3780517578125,1.0,201.41519165039062,221.78257751464844,1.0,148.75514221191406,268.49462890625,1.0,128.1832275390625,277.91302490234375,1.0,192.68472290039062,276.6867980957031,1.0
1739,155.4704132080078,209.79486083984375,1.0,150.8036651611328,245.9063720703125,1.0,139.3899688720703,227.63491821289062,1.0,126.3863296508789,228.92266845703125,1.0,184.9196014404297,224.4882354736328,1.0,201.55389404296875,221.65457153320312,1.0,148.75338745117188,268.143310546875,1.0,128.2133026123047,277.7988586425781,1.0,192.8513641357422,276.4444885253906,1.0
1740,155.39840698242188,209.41896057128906,1.0,150.58290100097656,245.78541564941406,1.0,139.1841278076172,227.15121459960938,1.0,126.34449005126953,228.54678344726562,1.0,185.09432983398438,224.37977600097656,1.0,201.612548828125,221.80043029785156,1.0,149.1111602783203,267.97406005859375,1.0,128.25119018554688,277.6573791503906,1.0,192.68594360351562,276.37591552734375,1.0
1741,155.3428955078125,209.40406799316406,1.0,150.66368103027344,245.86972045898438,1.0,139.18124389648438,227.21791076660156,1.0,126.41452026367188,228.35955810546875,1.0,184.91824340820312,224.28048706054688,1.0,201.66485595703125,221.7342987060547,1.0,149.19439697265625,267.9725036621094,1.0,128.2534637451172,277.55047607421875,1.0,192.51904296875,276.44744873046875,1.0
1742,155.54197692871094,209.5077362060547,1.0,150.8880615234375,245.9888916015625,1.0,139.02432250976562,227.3221435546875,1.0,126.28855895996094,228.5316925048828,1.0,185.08030700683594,224.24465942382812,1.0,201.59408569335938,221.708251953125,1.0,149.45758056640625,267.9412536621094,1.0,128.4055938720703,277.65869140625,1.0,192.84422302246094,276.2057189941406,1.0
1743,155.8348846435547,209.23583984375,1.0,150.8374481201172,245.5052947998047,1.0,139.2664337158203,227.18954467773438,1.0,126.46497344970703,228.3104705810547,1.0,185.28652954101562,224.1907958984375,1.0,201.58033752441406,221.6011199951172,1.0,149.3031005859375,267.81793212890625,1.0,128.5408477783203,277.7948303222656,1.0,192.53602600097656,276.23406982421875,1.0
1744,155.84800720214844,209.01683044433594,1.0,151.06423950195312,245.4102783203125,1.0,139.3126220703125,227.00962829589844,1.0,126.60470581054688,228.14578247070312,1.0,185.33607482910156,224.20909118652344,1.0,201.58773803710938,221.41043090820312,1.0,149.76280212402344,267.61834716796875,1.0,129.05259704589844,277.5273742675781,1.0,192.702880859375,275.8250427246094,1.0
1745,155.5801544189453,207.2850799560547,1.0,151.82664489746094,243.15765380859375,1.0,139.48939514160156,225.2829132080078,1.0,126.38044738769531,227.74264526367188,1.0,185.36581420898438,222.48101806640625,1.0,201.79525756835938,220.4626007080078,1.0,149.47293090820312,265.9025573730469,1.0,128.9161834716797,275.2957763671875,1.0,192.4062957763672,275.6182861328125,1.0
1746,157.5123291015625,203.83473205566406,1.0,151.95689392089844,240.45346069335938,1.0,139.25115966796875,222.79855346679688,1.0,126.72724151611328,223.86569213867188,1.0,184.87445068359375,220.06520080566406,1.0,202.3081817626953,218.04971313476562,1.0,150.18858337402344,263.0819396972656,1.0,128.67288208007812,272.8822021484375,1.0,192.38804626464844,273.2068176269531,1.0
1747,157.85311889648438,202.21763610839844,1.0,152.2119598388672,238.5968780517578,1.0,139.04449462890625,222.11122131347656,1.0,127.01541900634766,223.25083923339844,1.0,185.00050354003906,218.94747924804688,1.0,202.1538848876953,217.0220947265625,1.0,150.56263732910156,261.3310852050781,1.0,128.75790405273438,271.01104736328125,1.0,192.10079956054688,272.1227722167969,1.0
1748,158.0048370361328,201.12596130371094,1.0,152.14956665039062,237.1968231201172,1.0,139.26588439941406,221.35125732421875,1.0,126.9665298461914,223.51620483398438,1.0,185.51173400878906,218.02931213378906,1.0,202.5685577392578,216.43600463867188,1.0,150.94656372070312,260.6056213378906,1.0,128.72412109375,270.1200866699219,1.0,192.8929443359375,271.2702941894531,1.0
1749,157.89248657226562,201.2867431640625,1.0,151.97207641601562,236.6307830810547,1.0,139.13037109375,221.3061981201172,1.0,126.906494140625,222.8756866455078,1.0,185.2868194580078,217.6932373046875,1.0,202.4767303466797,216.2427520751953,1.0,150.6448974609375,260.212646484375,1.0,128.37808227539062,269.5226135253906,1.0,192.88392639160156,270.9258117675781,1.0
1750,157.57044982910156,201.14712524414062,1.0,151.5225372314453,235.9508056640625,1.0,138.73313903808594,220.85128784179688,1.0,126.7433090209961,222.7340087890625,1.0,184.8787384033203,217.40542602539062,1.0,202.45838928222656,216.05596923828125,1.0,149.78128051757812,259.4184875488281,1.0,128.20635986328125,269.3440246582031,1.0,192.5871124267578,270.512939453125,1.0
1751,157.0658721923828,200.72933959960938,1.0,151.37547302246094,235.60711669921875,1.0,138.82093811035156,220.79827880859375,1.0,126.88164520263672,222.76731872558594,1.0,184.36593627929688,217.0735321044922,1.0,202.42050170898438,215.41151428222656,1.0,150.03050231933594,259.5308532714844,1.0,127.9616928100586,269.0835266113281,1.0,191.9899139404297,269.8798828125,1.0
1752,156.9105224609375,200.2946014404297,1.0,151.5509796142578,235.7417755126953,1.0,138.54782104492188,220.43931579589844,1.0,126.58200073242188,222.83230590820312,1.0,184.2913055419922,216.15628051757812,1.0,202.35275268554688,215.13352966308594,1.0,149.55926513671875,259.0121765136719,1.0,126.96013641357422,268.5360412597656,1.0,191.896240234375,269.6545104980469,1.0
1753,156.51817321777344,199.98153686523438,1.0,150.99163818359375,235.6187744140625,1.0,138.55751037597656,220.3459930419922,1.0,126.26861572265625,222.8249053955078,1.0,184.2074432373047,216.1771240234375,1.0,202.16778564453125,214.93435668945312,1.0,148.8670654296875,258.6740417480469,1.0,126.77342987060547,268.5458679199219,1.0,191.51345825195312,269.50238037109375,1.0
1754,155.88072204589844,200.1185760498047,1.0,149.9229278564453,235.54649353027344,1.0,137.777587890625,220.29901123046875,1.0,125.56742095947266,222.4270782470703,1.0,183.0592803955078,216.22842407226562,1.0,200.3994903564453,214.7855987548828,1.0,148.08706665039062,258.3824768066406,1.0,125.36348724365234,268.3863220214844,1.0,190.4508514404297,268.73236083984375,1.0
1755,154.6226348876953,199.54965209960938,1.0,147.8220977783203,234.2899169921875,1.0,135.9935760498047,219.99327087402344,1.0,123.79725646972656,220.8128662109375,1.0,181.41162109375,216.329345703125,1.0,198.6562042236328,214.68887329101562,1.0,145.71221923828125,257.5513916015625,1.0,124.35951232910156,268.4984436035156,1.0,188.93064880371094,268.4901123046875,1.0
1756,153.25840759277344,198.94036865234375,1.0,146.46852111816406,234.14138793945312,1.0,135.52301025390625,219.33843994140625,1.0,123.3077163696289,220.67947387695312,1.0,180.660400390625,215.76744079589844,1.0,198.2393798828125,214.4683837890625,1.0,144.34341430664062,257.41064453125,1.0,123.4852294921875,268.3680725097656,1.0,188.58912658691406,267.7839050292969,1.0
1757,153.20620727539062,199.00289916992188,1.0,146.23818969726562,233.9722900390625,1.0,135.27565002441406,219.40670776367188,1.0,122.94102478027344,220.41793823242188,1.0,180.79652404785156,215.47679138183594,1.0,198.4163360595703,214.495361328125,1.0,143.9612579345703,257.273681640625,1.0,123.23624420166016,268.30926513671875,1.0,188.47254943847656,267.6489562988281,1.0
1758,153.20384216308594,199.2305450439453,1.0,145.95877075195312,234.0118408203125,1.0,135.22425842285156,219.53399658203125,1.0,122.8175277709961,220.67654418945312,1.0,180.80751037597656,215.34205627441406,1.0,198.20510864257812,214.46705627441406,1.0,143.8606719970703,257.16314697265625,1.0,123.05587768554688,268.16986083984375,1.0,188.21510314941406,267.75323486328125,1.0
1759,152.770751953125,199.0243682861328,1.0,146.00839233398438,234.13356018066406,1.0,135.02798461914062,219.48648071289062,1.0,122.77513122558594,221.01852416992188,1.0,180.72438049316406,215.50344848632812,1.0,198.1356658935547,214.52886962890625,1.0,143.76295471191406,257.01556396484375,1.0,123.04301452636719,268.06591796875,1.0,187.87123107910156,267.9227294921875,1.0
1760,152.7185821533203,198.90953063964844,1.0,145.8094024658203,234.167724609375,1.0,135.04444885253906,219.48831176757812,1.0,122.86221313476562,220.87945556640625,1.0,180.8025360107422,215.5766143798828,1.0,198.21133422851562,214.48526000976562,1.0,143.72433471679688,256.80010986328125,1.0,123.09258270263672,268.0602111816406,1.0,187.82887268066406,267.8236389160156,1.0
1761,152.82809448242188,198.6201629638672,1.0,145.97218322753906,234.0878143310547,1.0,135.14120483398438,219.41241455078125,1.0,122.8011703491211,221.0868682861328,1.0,180.74658203125,215.34201049804688,1.0,198.2153778076172,214.31959533691406,1.0,143.85769653320312,256.5935363769531,1.0,123.12815856933594,268.0761413574219,1.0,188.00779724121094,267.93682861328125,1.0
1762,152.7169647216797,198.43394470214844,1.0,145.7496337890625,233.97146606445312,1.0,135.09402465820312,219.45571899414062,1.0,122.7673110961914,220.85691833496094,1.0,180.79550170898438,215.3977813720703,1.0,198.1635284423828,214.3590850830078,1.0,143.76039123535156,256.2699279785156,1.0,123.35929107666016,267.90826416015625,1.0,187.77479553222656,267.59613037109375,1.0
1763,152.90151977539062,198.36741638183594,1.0,145.8030548095703,233.9257049560547,1.0,135.23809814453125,219.39694213867188,1.0,123.0241470336914,220.7683563232422,1.0,180.9677276611328,215.46365356445312,1.0,198.39242553710938,214.23477172851562,1.0,143.89768981933594,256.0508728027344,1.0,123.62822723388672,267.6357727050781,1.0,188.0970458984375,267.5621032714844,1.0
1764,153.4461669921875,198.8831787109375,1.0,146.07606506347656,233.4967498779297,1.0,135.0244598388672,219.34861755371094,1.0,122.59965515136719,221.02288818359375,1.0,181.21572875976562,215.09144592285156,1.0,198.84457397460938,214.15097045898438,1.0,143.93849182128906,255.48387145996094,1.0,123.4478530883789,267.025390625,1.0,188.33432006835938,267.46051025390625,1.0
1765,153.81314086914062,198.4592742919922,1.0,146.51800537109375,232.72752380371094,1.0,135.46084594726562,218.93707275390625,1.0,122.54578399658203,221.3616943359375,1.0,181.52850341796875,215.0670623779297,1.0,198.6157989501953,213.93067932128906,1.0,144.6787567138672,254.55064392089844,1.0,123.83535766601562,266.49078369140625,1.0,188.1671600341797,267.4176940917969,1.0
1766,154.0410919189453,198.3155975341797,1.0,146.6859893798828,232.32028198242188,1.0,135.56475830078125,218.73638916015625,1.0,122.6659927368164,220.9769287109375,1.0,181.69454956054688,214.65496826171875,1.0,199.02560424804688,213.72634887695312,1.0,144.962646484375,254.241943359375,1.0,124.48381042480469,266.4762878417969,1.0,188.21511840820312,267.169921875,1.0
1767,154.04534912109375,198.3767547607422,1.0,146.87216186523438,232.2616424560547,1.0,135.78378295898438,218.73236083984375,1.0,122.79547882080078,221.1663055419922,1.0,181.91973876953125,214.57537841796875,1.0,199.43482971191406,213.7183074951172,1.0,144.97378540039062,254.3036651611328,1.0,124.45865631103516,266.2746887207031,1.0,188.54844665527344,267.3106994628906,1.0
1768,154.2487335205078,198.55264282226562,1.0,146.9799041748047,232.12106323242188,1.0,135.8772430419922,218.6476287841797,1.0,122.80366516113281,221.08367919921875,1.0,182.16969299316406,214.63385009765625,1.0,199.80613708496094,213.73568725585938,1.0,145.0084991455078,254.26577758789062,1.0,124.46766662597656,266.24627685546875,1.0,188.5403289794922,266.9904479980469,1.0
1769,153.86488342285156,199.39761352539062,1.0,146.86387634277344,233.4276885986328,1.0,135.73236083984375,219.45718383789062,1.0,122.91056060791016,220.72848510742188,1.0,181.8132781982422,216.31263732910156,1.0,198.9883575439453,214.02720642089844,1.0,145.23654174804688,255.94290161132812,1.0,124.42316436767578,268.1115417480469,1.0,189.07730102539062,267.4884338378906,1.0
1770,153.390625,200.04580688476562,1.0,146.30667114257812,234.89109802246094,1.0,135.19491577148438,220.06356811523438,1.0,122.35907745361328,220.9653778076172,1.0,180.81739807128906,217.54600524902344,1.0,197.8826446533203,214.78089904785156,1.0,144.30712890625,258.4232482910156,1.0,123.97340393066406,269.2394714355469,1.0,189.07257080078125,268.6377258300781,1.0
1771,153.25051879882812,200.64488220214844,1.0,146.1851348876953,236.15696716308594,1.0,135.1522216796875,220.60159301757812,1.0,122.378662109375,221.62033081054688,1.0,181.08236694335938,217.92282104492188,1.0,197.97543334960938,215.80029296875,1.0,144.36529541015625,259.4226989746094,1.0,123.94865417480469,269.8714294433594,1.0,189.08126831054688,269.60516357421875,1.0
1772,153.3913116455078,201.16749572753906,1.0,145.52467346191406,236.4155731201172,1.0,135.25228881835938,220.87850952148438,1.0,122.3473129272461,222.11508178710938,1.0,180.90525817871094,218.2707061767578,1.0,198.09840393066406,215.97860717773438,1.0,144.5553436279297,259.72552490234375,1.0,123.95760345458984,270.10302734375,1.0,189.51620483398438,269.85986328125,1.0
1773,153.3468780517578,201.45831298828125,1.0,145.8205108642578,236.96231079101562,1.0,135.19093322753906,221.0825653076172,1.0,122.31965637207031,222.33961486816406,1.0,180.8046875,218.77955627441406,1.0,198.23240661621094,216.04237365722656,1.0,144.5479278564453,259.78131103515625,1.0,123.68318176269531,270.1598205566406,1.0,189.6687774658203,270.2899475097656,1.0
1774,152.64845275878906,201.87237548828125,1.0,145.67306518554688,237.4309844970703,1.0,134.44407653808594,221.54766845703125,1.0,121.65332794189453,223.14659118652344,1.0,180.4809112548828,218.9204864501953,1.0,197.81858825683594,216.29563903808594,1.0,144.6014404296875,260.3011169433594,1.0,123.44066619873047,270.9389343261719,1.0,189.54931640625,270.7197265625,1.0
1775,152.21810913085938,202.16534423828125,1.0,145.67047119140625,237.7891387939453,1.0,134.23281860351562,221.73712158203125,1.0,121.38052368164062,224.0617218017578,1.0,180.22012329101562,219.01467895507812,1.0,197.1478271484375,216.89500427246094,1.0,144.36654663085938,261.2201843261719,1.0,122.91788482666016,271.2000732421875,1.0,188.8717041015625,271.3187255859375,1.0
1776,152.05517578125,202.9464874267578,1.0,145.17379760742188,238.090576171875,1.0,134.48861694335938,221.9816131591797,1.0,121.58712768554688,223.6668243408203,1.0,179.95452880859375,219.23886108398438,1.0,196.8600311279297,217.36488342285156,1.0,143.75662231445312,261.72698974609375,1.0,122.549560546875,271.49822998046875,1.0,188.51486206054688,271.15643310546875,1.0
1777,151.68814086914062,202.89993286132812,1.0,144.73898315429688,238.5105743408203,1.0,134.04653930664062,222.3533935546875,1.0,121.41268920898438,223.67318725585938,1.0,179.52926635742188,219.407958984375,1.0,196.65011596679688,217.55575561523438,1.0,143.58807373046875,261.7191162109375,1.0,122.30193328857422,271.7929382324219,1.0,187.88592529296875,271.48291015625,1.0
1778,151.02328491210938,203.46365356445312,1.0,144.17098999023438,239.0638885498047,1.0,133.22080993652344,222.8739471435547,1.0,120.82825469970703,224.40415954589844,1.0,178.80950927734375,219.76327514648438,1.0,195.97409057617188,217.65664672851562,1.0,143.19332885742188,262.45654296875,1.0,121.32660675048828,271.9893798828125,1.0,187.18499755859375,271.67388916015625,1.0
1779,150.78567504882812,203.5250244140625,1.0,143.60157775878906,239.2046356201172,1.0,132.75140380859375,223.0685577392578,1.0,120.51476287841797,225.0104217529297,1.0,178.50123596191406,220.0201416015625,1.0,195.0601043701172,218.16629028320312,1.0,142.06301879882812,262.60614013671875,1.0,120.41149139404297,271.7086486816406,1.0,186.63734436035156,272.2088928222656,1.0
1780,146.60052490234375,206.06983947753906,1.0,140.518798828125,243.9507293701172,1.0,130.2000274658203,227.11328125,1.0,118.7960433959961,228.69615173339844,1.0,175.1793670654297,223.62071228027344,1.0,192.371826171875,221.0531005859375,1.0,139.2205810546875,265.9290771484375,1.0,119.07354736328125,275.9446105957031,1.0,185.050048828125,274.1335144042969,1.0
1781,142.5692138671875,210.10269165039062,1.0,137.42575073242188,247.01759338378906,1.0,127.63439178466797,230.25289916992188,1.0,115.45096588134766,231.73614501953125,1.0,172.59222412109375,225.70472717285156,1.0,188.5277557373047,221.66015625,1.0,134.60264587402344,268.645751953125,1.0,117.9315185546875,280.0542297363281,1.0,182.0936737060547,276.146240234375,1.0
1782,141.5406951904297,210.85455322265625,1.0,136.06576538085938,247.66140747070312,1.0,127.29176330566406,230.92034912109375,1.0,115.2469711303711,232.52688598632812,1.0,171.7618865966797,226.34628295898438,1.0,187.66238403320312,222.24664306640625,1.0,132.9630126953125,269.7132263183594,1.0,116.75904083251953,280.7668151855469,1.0,180.3790283203125,277.2181701660156,1.0
1783,141.2012481689453,211.15618896484375,1.0,136.02488708496094,248.74937438964844,1.0,126.94888305664062,231.5204315185547,1.0,114.98558807373047,232.08663940429688,1.0,171.2359619140625,226.91761779785156,1.0,187.03103637695312,222.32302856445312,1.0,133.1630859375,270.7303161621094,1.0,116.55286407470703,281.1826477050781,1.0,180.8341522216797,277.4631042480469,1.0
1784,140.57220458984375,211.57571411132812,1.0,135.7183837890625,248.99526977539062,1.0,126.69741821289062,231.74395751953125,1.0,114.88545227050781,232.59878540039062,1.0,171.22747802734375,227.2070770263672,1.0,186.85183715820312,222.5757598876953,1.0,132.6646270751953,270.8503723144531,1.0,116.06572723388672,281.32904052734375,1.0,180.82444763183594,277.5130920410156,1.0
1785,140.69847106933594,212.0884552001953,1.0,135.5985565185547,249.18528747558594,1.0,126.67231750488281,231.99612426757812,1.0,114.85865783691406,232.73928833007812,1.0,171.18740844726562,227.35459899902344,1.0,186.7444610595703,222.66702270507812,1.0,132.471923828125,271.2600402832031,1.0,115.92948913574219,281.6562194824219,1.0,180.59315490722656,277.62701416015625,1.0
1786,139.99368286132812,213.12939453125,1.0,135.21844482421875,249.62522888183594,1.0,126.37549591064453,232.45359802246094,1.0,114.57564544677734,233.18521118164062,1.0,170.5451202392578,227.94883728027344,1.0,186.17811584472656,222.85533142089844,1.0,132.0638427734375,271.76873779296875,1.0,115.810302734375,282.2033996582031,1.0,180.4189453125,277.99359130859375,1.0
1787,139.51771545410156,213.9127655029297,1.0,135.013671875,250.7930450439453,1.0,125.92835998535156,233.32376098632812,1.0,114.51170349121094,233.3968963623047,1.0,170.64759826660156,228.56857299804688,1.0,186.5362091064453,223.75747680664062,1.0,132.34996032714844,273.00469970703125,1.0,115.98632049560547,283.0603332519531,1.0,180.58729553222656,278.1893615722656,1.0
1788,139.5403289794922,214.48080444335938,1.0,134.92564392089844,251.7633514404297,1.0,125.70944213867188,233.48516845703125,1.0,114.41573333740234,233.49566650390625,1.0,170.8229217529297,229.01881408691406,1.0,186.62844848632812,224.30783081054688,1.0,132.04244995117188,273.620849609375,1.0,115.33650207519531,283.446533203125,1.0,180.48745727539062,278.9537658691406,1.0
1789,140.05128479003906,214.12510681152344,1.0,134.76034545898438,251.10784912109375,1.0,126.01065063476562,233.68968200683594,1.0,114.72410583496094,233.96910095214844,1.0,170.98004150390625,229.18589782714844,1.0,186.7339324951172,224.27615356445312,1.0,132.2312774658203,274.14593505859375,1.0,115.3124008178711,283.55682373046875,1.0,180.92562866210938,279.15093994140625,1.0
1790,140.2314910888672,214.24020385742188,1.0,135.1385955810547,251.68104553222656,1.0,126.15107727050781,233.64837646484375,1.0,114.94701385498047,234.04307556152344,1.0,170.41896057128906,229.80372619628906,1.0,186.90052795410156,224.71678161621094,1.0,132.9705810546875,273.62310791015625,1.0,115.48431396484375,283.56488037109375,1.0,181.14883422851562,279.44879150390625,1.0
1791,140.47018432617188,214.20265197753906,1.0,135.3108673095703,252.24111938476562,1.0,126.43186950683594,233.82936096191406,1.0,115.48536682128906,234.27696228027344,1.0,170.3280487060547,229.76837158203125,1.0,186.8716278076172,224.7417755126953,1.0,133.2904052734375,274.25689697265625,1.0,115.64987182617188,282.68951416015625,1.0,181.22866821289062,279.64276123046875,1.0
1792,140.384765625,214.7355194091797,1.0,135.32266235351562,252.83209228515625,1.0,126.46723937988281,234.029541015625,1.0,115.46849060058594,234.29388427734375,1.0,170.24234008789062,230.04269409179688,1.0,186.92332458496094,225.3011474609375,1.0,133.300537109375,275.1880187988281,1.0,115.69493865966797,283.2135314941406,1.0,181.34963989257812,279.77886962890625,1.0
1793,140.54786682128906,214.79788208007812,1.0,135.2490997314453,253.1926727294922,1.0,126.50208282470703,234.0789794921875,1.0,115.65664672851562,234.30706787109375,1.0,170.16920471191406,230.45465087890625,1.0,186.72442626953125,225.63807678222656,1.0,133.00509643554688,275.4904479980469,1.0,115.5036392211914,283.1611633300781,1.0,181.2172088623047,280.4468078613281,1.0
1794,140.5631561279297,214.94920349121094,1.0,135.54534912109375,253.11973571777344,1.0,126.60916137695312,234.1079864501953,1.0,115.72071075439453,234.63980102539062,1.0,170.2131805419922,230.61407470703125,1.0,186.7881317138672,225.7412872314453,1.0,132.96731567382812,275.6182861328125,1.0,115.57495880126953,283.2476501464844,1.0,181.1534423828125,280.697998046875,1.0
1795,140.5289764404297,215.06069946289062,1.0,135.4963836669922,253.24728393554688,1.0,126.55341339111328,234.2252655029297,1.0,115.80441284179688,234.8434295654297,1.0,170.21107482910156,230.64149475097656,1.0,186.9027557373047,225.98138427734375,1.0,132.94972229003906,275.66973876953125,1.0,115.71749114990234,283.2849426269531,1.0,181.24139404296875,280.8502502441406,1.0
1796,140.53067016601562,215.20262145996094,1.0,135.49610900878906,253.279541015625,1.0,126.53866577148438,234.23423767089844,1.0,115.73060607910156,235.01132202148438,1.0,170.27882385253906,230.6148223876953,1.0,187.03770446777344,226.0717315673828,1.0,132.9164581298828,275.7391662597656,1.0,115.67739868164062,283.3157958984375,1.0,181.29930114746094,280.8279113769531,1.0
1797,140.42784118652344,215.31744384765625,1.0,135.4803009033203,253.22024536132812,1.0,126.5057601928711,234.19622802734375,1.0,115.81401062011719,235.0295867919922,1.0,170.21148681640625,230.44964599609375,1.0,186.8814697265625,226.0694580078125,1.0,132.86415100097656,275.71966552734375,1.0,115.64551544189453,283.22216796875,1.0,181.0453338623047,280.6892395019531,1.0
1798,141.32025146484375,215.22914123535156,1.0,135.86695861816406,252.93667602539062,1.0,126.84209442138672,233.95082092285156,1.0,116.08757019042969,235.16949462890625,1.0,171.0594940185547,229.80197143554688,1.0,187.47271728515625,225.84530639648438,1.0,133.0421600341797,275.6905822753906,1.0,115.61414337158203,283.35888671875,1.0,181.4899444580078,280.6622009277344,1.0
1799,142.283447265625,215.1385040283203,1.0,136.70281982421875,252.62396240234375,1.0,127.29528045654297,233.5944061279297,1.0,116.3971939086914,235.80677795410156,1.0,173.2078857421875,229.26461791992188,1.0,188.56610107421875,225.5396728515625,1.0,133.99423217773438,275.6729431152344,1.0,116.1626968383789,283.0924072265625,1.0,182.19793701171875,280.5771179199219,1.0
1800,143.63430786132812,214.504150390625,1.0,138.07334899902344,251.9625701904297,1.0,127.81607055664062,232.5505828857422,1.0,116.76283264160156,234.6465301513672,1.0,173.39987182617188,228.78587341308594,1.0,189.7276611328125,225.9334259033203,1.0,134.8571014404297,274.7075500488281,1.0,117.46428680419922,282.5372619628906,1.0,183.7947235107422,279.9007873535156,1.0
1801,143.84133911132812,213.73272705078125,1.0,138.05328369140625,252.5987091064453,1.0,127.99293518066406,232.33578491210938,1.0,116.92127990722656,234.255615234375,1.0,173.62826538085938,228.6788787841797,1.0,190.13632202148438,225.81893920898438,1.0,134.83267211914062,273.8868713378906,1.0,117.54854583740234,282.3818664550781,1.0,183.78616333007812,279.8704833984375,1.0
1802,143.8456268310547,214.1195526123047,1.0,138.33079528808594,252.60140991210938,1.0,128.3078155517578,232.17581176757812,1.0,117.16374206542969,234.0791015625,1.0,174.0674591064453,228.5673828125,1.0,190.3955078125,225.42787170410156,1.0,134.86129760742188,273.5284423828125,1.0,117.4945297241211,283.17364501953125,1.0,183.73338317871094,279.9178161621094,1.0
1803,144.5487060546875,213.69656372070312,1.0,139.41065979003906,252.0576171875,1.0,129.04443359375,231.66146850585938,1.0,117.56321716308594,233.02590942382812,1.0,175.11317443847656,227.96969604492188,1.0,191.26080322265625,224.55030822753906,1.0,136.2257080078125,273.5611572265625,1.0,118.39764404296875,282.90478515625,1.0,183.98463439941406,279.84112548828125,1.0
1804,146.23666381835938,213.08889770507812,1.0,140.64524841308594,250.904541015625,1.0,130.2100830078125,231.12112426757812,1.0,118.36277770996094,231.94198608398438,1.0,176.47415161132812,227.77146911621094,1.0,192.84600830078125,224.34912109375,1.0,139.43609619140625,273.98681640625,1.0,120.43868255615234,281.38763427734375,1.0,184.53089904785156,279.2970886230469,1.0
1805,147.01499938964844,213.00990295410156,1.0,141.2465057373047,249.88572692871094,1.0,130.70240783691406,230.69322204589844,1.0,118.30342864990234,231.82131958007812,1.0,177.6682891845703,227.52684020996094,1.0,193.38717651367188,224.55340576171875,1.0,140.1937255859375,272.5533447265625,1.0,120.67682647705078,281.8294372558594,1.0,185.49978637695312,278.5718994140625,1.0
1806,147.38677978515625,212.67822265625,1.0,141.69114685058594,249.70309448242188,1.0,131.21092224121094,230.4447021484375,1.0,118.70629119873047,231.77044677734375,1.0,177.61651611328125,227.35235595703125,1.0,193.67747497558594,224.2166290283203,1.0,140.8330535888672,272.44818115234375,1.0,121.07815551757812,281.7969665527344,1.0,186.03245544433594,278.61151123046875,1.0
1807,147.92913818359375,212.6177978515625,1.0,142.0921630859375,249.5610809326172,1.0,131.5689697265625,230.31674194335938,1.0,119.02034759521484,231.70213317871094,1.0,178.2329864501953,227.2529754638672,1.0,194.12179565429688,224.04229736328125,1.0,141.0391845703125,271.76470947265625,1.0,121.4771728515625,281.10577392578125,1.0,186.2946319580078,278.5091552734375,1.0
1808,147.9324493408203,212.4876708984375,1.0,142.8815155029297,249.3632354736328,1.0,131.8392791748047,230.325439453125,1.0,118.773193359375,231.87940979003906,1.0,178.68646240234375,226.97874450683594,1.0,194.82203674316406,223.05850219726562,1.0,141.64366149902344,271.3443908691406,1.0,122.27615356445312,280.7884521484375,1.0,186.47299194335938,278.5021667480469,1.0
1809,149.1698455810547,211.79031372070312,1.0,144.09828186035156,249.34767150878906,1.0,132.6756134033203,229.96115112304688,1.0,119.4580307006836,231.46546936035156,1.0,179.1004638671875,226.3496856689453,1.0,195.3694305419922,222.55697631835938,1.0,142.267822265625,271.1895751953125,1.0,122.63630676269531,280.4263916015625,1.0,186.66871643066406,278.6329345703125,1.0
1810,150.1706085205078,210.39747619628906,1.0,144.60694885253906,248.54774475097656,1.0,133.0565185546875,229.7738037109375,1.0,119.64134979248047,231.08505249023438,1.0,179.50526428222656,225.97064208984375,1.0,196.13514709472656,222.1618194580078,1.0,142.5167999267578,270.7757873535156,1.0,122.75297546386719,279.5668029785156,1.0,187.4396514892578,278.2485046386719,1.0
1811,151.07550048828125,209.24172973632812,1.0,145.64231872558594,247.3731689453125,1.0,133.6582489013672,227.9958953857422,1.0,120.45433807373047,229.6844024658203,1.0,180.32054138183594,224.42279052734375,1.0,197.14723205566406,221.90541076660156,1.0,142.84210205078125,269.9236755371094,1.0,123.0791015625,278.5790710449219,1.0,187.90386962890625,277.8110046386719,1.0
1812,152.28628540039062,207.2321014404297,1.0,146.7741241455078,245.1222381591797,1.0,134.55661010742188,226.5157012939453,1.0,121.94422149658203,228.0285186767578,1.0,180.9078826904297,223.25228881835938,1.0,197.9243927001953,220.69830322265625,1.0,144.07476806640625,268.53863525390625,1.0,123.7204360961914,277.3367614746094,1.0,187.337158203125,276.7800598144531,1.0
1813,152.8897705078125,206.31295776367188,1.0,146.4553985595703,243.3266143798828,1.0,135.5343475341797,225.3442840576172,1.0,123.01937103271484,227.45477294921875,1.0,181.45030212402344,222.62693786621094,1.0,198.09754943847656,219.93865966796875,1.0,145.0029754638672,266.7468566894531,1.0,124.12545013427734,276.1152648925781,1.0,187.8426055908203,275.7361755371094,1.0
1814,153.55784606933594,205.66070556640625,1.0,147.53553771972656,241.9058380126953,1.0,136.0559539794922,224.3336639404297,1.0,123.06302642822266,227.17897033691406,1.0,181.8785400390625,221.9413604736328,1.0,198.54075622558594,219.56317138671875,1.0,145.80918884277344,265.7771911621094,1.0,124.81278991699219,274.8163757324219,1.0,188.54307556152344,274.7451171875,1.0
1815,154.09445190429688,205.5023651123047,1.0,148.01390075683594,241.0996551513672,1.0,136.54238891601562,224.22122192382812,1.0,123.62995147705078,226.9698944091797,1.0,182.085205078125,221.71560668945312,1.0,198.9137420654297,219.13388061523438,1.0,146.2286376953125,265.00128173828125,1.0,125.24267578125,274.2218017578125,1.0,188.7493133544922,274.1751708984375,1.0
1816,154.1477508544922,205.40682983398438,1.0,148.06051635742188,240.5541534423828,1.0,136.5998077392578,224.1028289794922,1.0,123.75782775878906,227.02064514160156,1.0,182.3209991455078,221.64744567871094,1.0,199.26763916015625,219.14987182617188,1.0,146.56918334960938,264.1414489746094,1.0,125.69691467285156,273.8509826660156,1.0,189.04698181152344,273.9107971191406,1.0
1817,154.47032165527344,205.25047302246094,1.0,148.4102325439453,240.14524841308594,1.0,136.86997985839844,223.73863220214844,1.0,124.33621978759766,226.54510498046875,1.0,182.5858154296875,221.10353088378906,1.0,199.69720458984375,218.88363647460938,1.0,147.01368713378906,263.59503173828125,1.0,125.95492553710938,273.2527770996094,1.0,189.36656188964844,273.1845703125,1.0
1818,154.2005615234375,204.87677001953125,1.0,149.01141357421875,239.22132873535156,1.0,137.17649841308594,223.2283477783203,1.0,124.108642578125,226.32351684570312,1.0,182.9415740966797,220.5267791748047,1.0,200.2313995361328,218.52232360839844,1.0,147.39015197753906,262.9151611328125,1.0,126.07476043701172,272.28936767578125,1.0,189.57728576660156,272.9308776855469,1.0
1819,155.66539001464844,202.02105712890625,1.0,149.27015686035156,236.4767303466797,1.0,137.87112426757812,221.97988891601562,1.0,124.9552230834961,224.4688262939453,1.0,183.92543029785156,217.6670379638672,1.0,201.58900451660156,216.64974975585938,1.0,147.34217834472656,259.21343994140625,1.0,126.7476806640625,270.5262451171875,1.0,189.679931640625,272.50042724609375,1.0
1820,158.0694122314453,198.04678344726562,1.0,151.45387268066406,232.73794555664062,1.0,139.2562713623047,218.34515380859375,1.0,126.90897369384766,220.7833251953125,1.0,185.74497985839844,214.11160278320312,1.0,202.3995361328125,212.98092651367188,1.0,149.84197998046875,254.79656982421875,1.0,127.52828979492188,267.2710876464844,1.0,191.71823120117188,267.5096130371094,1.0
1821,159.4723663330078,195.9983673095703,1.0,152.86550903320312,229.6754608154297,1.0,140.16175842285156,216.4607696533203,1.0,127.5263671875,218.67242431640625,1.0,187.06033325195312,212.20660400390625,1.0,203.46922302246094,211.40634155273438,1.0,150.9901580810547,251.82040405273438,1.0,127.89762115478516,264.70013427734375,1.0,192.5300750732422,265.1413269042969,1.0
1822,159.5872802734375,194.986083984375,1.0,153.21234130859375,228.07809448242188,1.0,140.9844207763672,215.36997985839844,1.0,127.70825958251953,218.4598388671875,1.0,187.74790954589844,211.0979766845703,1.0,204.23385620117188,210.7201385498047,1.0,152.0259246826172,250.6490020751953,1.0,128.4268035888672,263.5960388183594,1.0,192.73553466796875,264.5376892089844,1.0
1823,160.0408935546875,194.52166748046875,1.0,153.7913055419922,227.67288208007812,1.0,140.9722900390625,214.7041473388672,1.0,127.97746276855469,217.79188537597656,1.0,188.032470703125,209.92367553710938,1.0,204.81930541992188,210.3685760498047,1.0,152.79425048828125,249.67430114746094,1.0,128.67138671875,262.8099670410156,1.0,192.96353149414062,263.7047119140625,1.0
1824,159.94833374023438,193.6453399658203,1.0,153.63182067871094,227.01072692871094,1.0,140.93032836914062,214.37303161621094,1.0,127.94512176513672,217.4776153564453,1.0,188.4057159423828,210.4644012451172,1.0,205.33688354492188,210.40176391601562,1.0,152.82965087890625,248.97743225097656,1.0,129.0096893310547,261.664306640625,1.0,193.35560607910156,263.45318603515625,1.0
1825,161.7477569580078,194.7708740234375,1.0,155.31448364257812,227.94451904296875,1.0,141.62977600097656,215.69300842285156,1.0,128.99960327148438,217.8505096435547,1.0,189.8052520751953,211.99461364746094,1.0,206.63075256347656,211.2820587158203,1.0,154.6526641845703,250.25814819335938,1.0,130.3282470703125,262.318603515625,1.0,195.43174743652344,263.87615966796875,1.0
1826,164.0213623046875,195.9432830810547,1.0,159.3137664794922,229.73788452148438,1.0,143.71812438964844,215.41049194335938,1.0,131.40016174316406,218.28672790527344,1.0,192.1199493408203,213.04273986816406,1.0,208.97616577148438,212.78277587890625,1.0,159.03070068359375,252.2693634033203,1.0,133.1880645751953,263.41650390625,1.0,197.265869140625,264.7840576171875,1.0
1827,166.8534698486328,196.58070373535156,1.0,161.8744659423828,229.9774627685547,1.0,145.21522521972656,215.821533203125,1.0,132.2655487060547,218.7210693359375,1.0,194.4169921875,214.0574951171875,1.0,210.7202911376953,213.51956176757812,1.0,161.06430053710938,251.84420776367188,1.0,135.32827758789062,263.615966796875,1.0,198.991943359375,265.4853820800781,1.0
1828,167.69595336914062,196.6930389404297,1.0,162.6627197265625,230.11920166015625,1.0,146.37847900390625,216.20127868652344,1.0,132.61964416503906,218.36659240722656,1.0,195.21946716308594,214.5267791748047,1.0,211.5298614501953,213.61497497558594,1.0,162.2784423828125,252.03529357910156,1.0,136.5701904296875,263.6181945800781,1.0,200.02774047851562,265.7296447753906,1.0
1829,168.42942810058594,196.30853271484375,1.0,163.70033264160156,230.6605224609375,1.0,146.90615844726562,216.1887969970703,1.0,132.93896484375,218.0797576904297,1.0,195.89898681640625,214.77670288085938,1.0,211.8614501953125,213.9505615234375,1.0,162.7310791015625,252.29444885253906,1.0,137.2577667236328,263.8033752441406,1.0,200.29763793945312,265.7996520996094,1.0
1830,168.51597595214844,196.69654846191406,1.0,163.93307495117188,230.66140747070312,1.0,147.4911346435547,216.41986083984375,1.0,133.48291015625,217.97625732421875,1.0,195.9280242919922,214.74539184570312,1.0,212.04579162597656,213.89646911621094,1.0,163.1243896484375,252.36239624023438,1.0,137.81150817871094,263.83441162109375,1.0,200.79959106445312,265.6274719238281,1.0
1831,168.72998046875,196.8521270751953,1.0,164.007568359375,230.8543243408203,1.0,148.1118927001953,217.05540466308594,1.0,133.52391052246094,217.7481689453125,1.0,196.07273864746094,215.21786499023438,1.0,212.51083374023438,214.2838897705078,1.0,163.33541870117188,252.73606872558594,1.0,138.0446319580078,264.390625,1.0,200.8384246826172,265.9002685546875,1.0
1832,168.8634796142578,197.42051696777344,1.0,163.97882080078125,231.10231018066406,1.0,148.17935180664062,217.10665893554688,1.0,133.23919677734375,217.9912109375,1.0,196.09255981445312,215.35110473632812,1.0,211.8199920654297,214.54249572753906,1.0,163.48777770996094,252.93699645996094,1.0,138.21336364746094,265.1116943359375,1.0,201.57894897460938,265.689697265625,1.0
1833,168.71087646484375,197.88343811035156,1.0,163.6472625732422,231.81854248046875,1.0,148.2057342529297,217.72813415527344,1.0,133.47264099121094,218.1063690185547,1.0,196.00003051757812,215.7772216796875,1.0,211.8290557861328,214.62435913085938,1.0,163.6107940673828,253.4185333251953,1.0,138.35617065429688,265.33111572265625,1.0,201.8355255126953,265.8435363769531,1.0
1834,168.94671630859375,197.98638916015625,1.0,163.84494018554688,231.75192260742188,1.0,148.01731872558594,218.0147705078125,1.0,133.58705139160156,218.1015167236328,1.0,195.57534790039062,216.61996459960938,1.0,212.45516967773438,214.99464416503906,1.0,163.64210510253906,253.8040313720703,1.0,138.27455139160156,265.295654296875,1.0,201.81600952148438,265.8432922363281,1.0
