scorer,DLC_resnet50_facial_directionDec27shuffle1_500000,DLC_resnet50_facial_directionDec27shuffle1_500000,DLC_resnet50_facial_directionDec27shuffle1_500000,DLC_resnet50_facial_directionDec27shuffle1_500000,DLC_resnet50_facial_directionDec27shuffle1_500000,DLC_resnet50_facial_directionDec27shuffle1_500000,DLC_resnet50_facial_directionDec27shuffle1_500000,DLC_resnet50_facial_directionDec27shuffle1_500000,DLC_resnet50_facial_directionDec27shuffle1_500000,DLC_resnet50_facial_directionDec27shuffle1_500000,DLC_resnet50_facial_directionDec27shuffle1_500000,DLC_resnet50_facial_directionDec27shuffle1_500000,DLC_resnet50_facial_directionDec27shuffle1_500000,DLC_resnet50_facial_directionDec27shuffle1_500000,DLC_resnet50_facial_directionDec27shuffle1_500000,DLC_resnet50_facial_directionDec27shuffle1_500000,DLC_resnet50_facial_directionDec27shuffle1_500000,DLC_resnet50_facial_directionDec27shuffle1_500000,DLC_resnet50_facial_directionDec27shuffle1_500000,DLC_resnet50_facial_directionDec27shuffle1_500000,DLC_resnet50_facial_directionDec27shuffle1_500000,DLC_resnet50_facial_directionDec27shuffle1_500000,DLC_resnet50_facial_directionDec27shuffle1_500000,DLC_resnet50_facial_directionDec27shuffle1_500000,DLC_resnet50_facial_directionDec27shuffle1_500000,DLC_resnet50_facial_directionDec27shuffle1_500000,DLC_resnet50_facial_directionDec27shuffle1_500000
bodyparts,Amount,Amount,Amount,Nose,Nose,Nose,Right eye,Right eye,Right eye,Right corner of eye,Right corner of eye,Right corner of eye,Left eye,Left eye,Left eye,Left corner of eye,Left corner of eye,Left corner of eye,Mouth,Mouth,Mouth,Right corner of mouth,Right corner of mouth,Right corner of mouth,Left corner of mouth,Left corner of mouth,Left corner of mouth
coords,x,y,likelihood,x,y,likelihood,x,y,likelihood,x,y,likelihood,x,y,likelihood,x,y,likelihood,x,y,likelihood,x,y,likelihood,x,y,likelihood
0,177.02346801757812,211.3225555419922,1.0,180.7716827392578,231.2837677001953,1.0,148.8433837890625,230.97439575195312,1.0,135.08619689941406,231.89320373535156,1.0,198.43130493164062,228.46560668945312,1.0,209.5250701904297,231.14010620117188,1.0,183.361083984375,254.4204864501953,1.0,150.38140869140625,275.4527282714844,1.0,208.62391662597656,269.9744873046875,1.0
1,177.55868530273438,211.3284912109375,1.0,181.3890380859375,231.42828369140625,1.0,148.93899536132812,230.86154174804688,1.0,135.18699645996094,232.1240692138672,1.0,198.5443115234375,228.5408477783203,1.0,209.64718627929688,231.10107421875,1.0,183.81407165527344,254.66017150878906,1.0,150.70535278320312,275.5315856933594,1.0,208.79486083984375,270.3569641113281,1.0
2,177.48046875,211.29019165039062,1.0,181.34918212890625,231.4202117919922,1.0,148.97377014160156,230.94561767578125,1.0,135.2098846435547,232.07565307617188,1.0,198.399169921875,228.4471435546875,1.0,209.478515625,231.06790161132812,1.0,183.7180633544922,254.73504638671875,1.0,150.7131805419922,275.6600036621094,1.0,208.8167266845703,270.2872314453125,1.0
3,177.3209228515625,211.30206298828125,1.0,181.2931365966797,231.4780731201172,1.0,148.912841796875,231.03492736816406,1.0,135.13641357421875,232.10101318359375,1.0,198.2869415283203,228.41458129882812,1.0,209.40231323242188,230.9619598388672,1.0,183.7360076904297,254.55616760253906,1.0,150.7866668701172,275.6614685058594,1.0,208.82298278808594,270.1954650878906,1.0
4,177.38388061523438,211.3368377685547,1.0,181.2517547607422,231.52392578125,1.0,148.79554748535156,231.05897521972656,1.0,135.0904998779297,232.0752716064453,1.0,198.20567321777344,228.4809112548828,1.0,209.35125732421875,230.9779510498047,1.0,183.72259521484375,254.68714904785156,1.0,150.7306671142578,275.7338562011719,1.0,208.83062744140625,270.3388977050781,1.0
5,177.3153839111328,211.45579528808594,1.0,181.27294921875,231.5202178955078,1.0,148.67037963867188,231.1822052001953,1.0,134.84071350097656,232.2647705078125,1.0,198.09852600097656,228.45933532714844,1.0,209.234130859375,231.0672607421875,1.0,183.74887084960938,254.4853515625,1.0,150.771240234375,275.8286437988281,1.0,208.82330322265625,270.3254699707031,1.0
6,177.34925842285156,211.35374450683594,1.0,181.21424865722656,231.4772491455078,1.0,148.8284912109375,231.1429443359375,1.0,134.80104064941406,232.09646606445312,1.0,198.11305236816406,228.489013671875,1.0,209.2498321533203,231.08811950683594,1.0,183.6517791748047,254.55372619628906,1.0,150.59193420410156,275.6410827636719,1.0,208.8269500732422,270.1329040527344,1.0
7,177.23226928710938,211.44314575195312,1.0,181.27711486816406,231.4224853515625,1.0,148.5779266357422,231.3435821533203,1.0,134.8612823486328,232.18809509277344,1.0,197.921142578125,228.38494873046875,1.0,209.1688690185547,231.1236114501953,1.0,183.70770263671875,254.5430450439453,1.0,150.6128692626953,275.77642822265625,1.0,208.86520385742188,270.07757568359375,1.0
8,177.42686462402344,212.27163696289062,1.0,180.6548309326172,231.69393920898438,1.0,148.82040405273438,232.3832550048828,1.0,134.64234924316406,232.30752563476562,1.0,197.8650665283203,229.8274688720703,1.0,208.94349670410156,231.58067321777344,1.0,183.7239990234375,254.3465118408203,1.0,150.04476928710938,275.75506591796875,1.0,208.79493713378906,270.2715148925781,1.0
9,176.6608428955078,212.95181274414062,1.0,179.92303466796875,233.10902404785156,1.0,148.0864715576172,233.41868591308594,1.0,134.69171142578125,234.0193328857422,1.0,197.54981994628906,230.92626953125,1.0,208.4181365966797,231.837646484375,1.0,183.15347290039062,255.03172302246094,1.0,150.08033752441406,276.7420959472656,1.0,208.78822326660156,270.703125,1.0
10,175.75,213.45057678222656,1.0,179.84262084960938,234.12823486328125,1.0,146.99050903320312,233.78916931152344,1.0,134.3109588623047,234.61056518554688,1.0,197.14508056640625,230.53701782226562,1.0,208.3974609375,232.17926025390625,1.0,183.1462860107422,256.9073181152344,1.0,149.73080444335938,277.4550476074219,1.0,208.3698272705078,271.3222351074219,1.0
11,175.16897583007812,213.92076110839844,1.0,178.8282470703125,234.9375457763672,1.0,146.77169799804688,233.94342041015625,1.0,133.86068725585938,234.57196044921875,1.0,196.58082580566406,230.95005798339844,1.0,208.20376586914062,232.2808380126953,1.0,181.86045837402344,257.40216064453125,1.0,148.91552734375,277.545166015625,1.0,206.7944793701172,272.63226318359375,1.0
12,174.46192932128906,214.07574462890625,1.0,177.82931518554688,235.6827392578125,1.0,146.75816345214844,234.66514587402344,1.0,132.9992218017578,235.7818603515625,1.0,196.3769073486328,232.197998046875,1.0,207.24835205078125,233.19161987304688,1.0,180.3355712890625,258.52783203125,1.0,147.65618896484375,278.4116516113281,1.0,206.5873565673828,274.2967834472656,1.0
13,173.90130615234375,214.24911499023438,1.0,176.19784545898438,237.58279418945312,1.0,145.92840576171875,234.8329315185547,1.0,132.9419403076172,235.6925048828125,1.0,196.2914276123047,232.51852416992188,1.0,206.9630889892578,233.64913940429688,1.0,177.9796905517578,259.96697998046875,1.0,146.7200469970703,278.7247009277344,1.0,205.3339080810547,274.1415710449219,1.0
14,173.5644989013672,214.4571533203125,1.0,175.72592163085938,237.59312438964844,1.0,145.99757385253906,235.3007354736328,1.0,133.13638305664062,235.8899383544922,1.0,196.0839385986328,232.49481201171875,1.0,206.81422424316406,233.758056640625,1.0,177.43051147460938,260.62347412109375,1.0,146.51463317871094,279.174560546875,1.0,205.02017211914062,274.4317932128906,1.0
15,173.2621612548828,215.00299072265625,1.0,175.2613067626953,237.9994354248047,1.0,145.73179626464844,235.28182983398438,1.0,132.79335021972656,236.3382568359375,1.0,195.49757385253906,232.8942108154297,1.0,206.85818481445312,234.10191345214844,1.0,177.0786895751953,261.51812744140625,1.0,145.752197265625,280.1468200683594,1.0,204.61920166015625,275.08203125,1.0
16,172.9773406982422,215.5785675048828,1.0,174.6039276123047,238.80978393554688,1.0,145.2069091796875,235.56549072265625,1.0,132.71121215820312,236.47189331054688,1.0,194.70664978027344,233.5997772216797,1.0,206.51271057128906,234.87649536132812,1.0,176.27255249023438,262.6475830078125,1.0,144.42950439453125,280.66748046875,1.0,203.7447509765625,275.320068359375,1.0
17,171.9891815185547,216.43988037109375,1.0,173.20343017578125,240.94142150878906,1.0,144.95806884765625,236.3051300048828,1.0,132.28199768066406,236.82322692871094,1.0,193.27728271484375,235.0475616455078,1.0,206.20431518554688,236.02732849121094,1.0,174.77996826171875,264.9073181152344,1.0,143.125,280.98858642578125,0.9999998807907104,202.42819213867188,277.4751892089844,1.0
18,171.65464782714844,217.0049285888672,1.0,172.684326171875,241.23072814941406,1.0,144.47760009765625,236.37503051757812,1.0,130.68701171875,237.45799255371094,1.0,193.063720703125,235.25140380859375,1.0,205.95448303222656,236.2616424560547,1.0,173.96365356445312,265.2976379394531,1.0,141.9173583984375,281.3075256347656,0.9999998807907104,201.9881591796875,277.90130615234375,1.0
19,171.64739990234375,217.2007598876953,1.0,172.68214416503906,241.32180786132812,1.0,144.42779541015625,236.45018005371094,1.0,130.63018798828125,237.3605194091797,1.0,192.93069458007812,235.4484100341797,1.0,205.8764190673828,236.53916931152344,1.0,173.64700317382812,265.4329833984375,1.0,141.66439819335938,281.4329528808594,0.9999998807907104,201.62643432617188,278.4891357421875,1.0
20,171.52488708496094,217.53533935546875,1.0,172.4945068359375,241.6243133544922,1.0,144.41734313964844,236.72650146484375,1.0,130.4477081298828,237.1584930419922,1.0,192.720703125,235.3883819580078,1.0,205.67147827148438,236.5435333251953,1.0,173.54641723632812,265.4049377441406,1.0,141.5374755859375,281.5550231933594,0.9999998807907104,201.49935913085938,278.6527099609375,1.0
21,171.27886962890625,217.63475036621094,1.0,172.2363739013672,241.7023162841797,1.0,144.36264038085938,236.8736114501953,1.0,130.3013458251953,237.3327178955078,1.0,192.61810302734375,235.51077270507812,1.0,205.80801391601562,236.54820251464844,1.0,173.42393493652344,265.64263916015625,1.0,141.63970947265625,281.8782043457031,0.9999998807907104,201.51844787597656,278.88153076171875,1.0
22,171.30572509765625,217.8690643310547,1.0,172.20437622070312,241.84764099121094,1.0,144.42645263671875,236.918701171875,1.0,130.4209442138672,237.36492919921875,1.0,192.45896911621094,235.5677947998047,1.0,205.75411987304688,236.66110229492188,1.0,173.1546630859375,265.72674560546875,1.0,141.4562530517578,281.74859619140625,0.9999998807907104,201.46282958984375,278.9064025878906,1.0
23,171.17225646972656,217.93399047851562,1.0,172.15057373046875,241.89129638671875,1.0,144.32984924316406,236.90719604492188,1.0,130.20401000976562,237.32582092285156,1.0,192.34645080566406,235.51646423339844,1.0,205.5952606201172,236.73544311523438,1.0,173.21983337402344,265.57330322265625,1.0,141.3662872314453,281.5584716796875,1.0,201.23223876953125,278.9794616699219,1.0
24,171.04299926757812,217.43495178222656,1.0,172.3627166748047,241.7279510498047,1.0,144.11544799804688,237.10958862304688,1.0,130.69473266601562,237.73834228515625,1.0,192.18507385253906,235.80999755859375,1.0,205.2495574951172,236.5658721923828,1.0,173.43589782714844,265.4112548828125,1.0,141.7776641845703,282.0624694824219,0.9999998807907104,201.3046875,278.6217346191406,1.0
25,170.98455810546875,217.3878631591797,1.0,172.2074432373047,241.6729278564453,1.0,143.69961547851562,236.82151794433594,1.0,130.665771484375,237.71682739257812,1.0,192.23818969726562,235.84092712402344,1.0,205.20587158203125,236.56263732910156,1.0,173.22706604003906,265.41119384765625,1.0,141.74453735351562,281.9774475097656,0.9999998807907104,201.1823272705078,278.777587890625,1.0
26,171.06556701660156,217.46742248535156,1.0,172.13998413085938,241.61851501464844,1.0,143.7413330078125,236.93099975585938,1.0,130.66476440429688,237.61964416503906,1.0,192.17828369140625,235.81040954589844,1.0,205.14662170410156,236.5751190185547,1.0,173.0560302734375,265.1981506347656,1.0,141.7731475830078,281.9449157714844,0.9999998807907104,201.15965270996094,278.62689208984375,1.0
27,171.11932373046875,217.43405151367188,1.0,172.07383728027344,241.64158630371094,1.0,143.59173583984375,236.869140625,1.0,130.47239685058594,237.6471710205078,1.0,192.13858032226562,235.71377563476562,1.0,205.31552124023438,236.7002716064453,1.0,173.08509826660156,265.1192626953125,1.0,141.58660888671875,281.90673828125,0.9999998807907104,201.3202667236328,278.71148681640625,1.0
28,171.07733154296875,217.64112854003906,1.0,171.8922576904297,241.79214477539062,1.0,143.58859252929688,236.85960388183594,1.0,130.5493621826172,237.5211181640625,1.0,191.952880859375,235.6946563720703,1.0,205.22561645507812,236.52967834472656,1.0,172.9294891357422,265.12359619140625,1.0,141.6256561279297,281.8927917480469,0.9999998807907104,201.14210510253906,278.737060546875,1.0
29,170.8657684326172,217.57679748535156,1.0,171.8596649169922,241.83370971679688,1.0,143.4580535888672,236.86343383789062,1.0,130.48736572265625,237.65269470214844,1.0,191.8977813720703,235.7183837890625,1.0,205.2431640625,236.61192321777344,1.0,172.8223876953125,265.3756103515625,1.0,141.49264526367188,281.8550720214844,0.9999998807907104,201.2064666748047,278.61553955078125,1.0
30,170.9041748046875,217.5848388671875,1.0,171.8335418701172,241.85462951660156,1.0,143.4954071044922,236.96224975585938,1.0,130.46405029296875,237.5450439453125,1.0,191.93739318847656,235.69615173339844,1.0,205.24734497070312,236.5733184814453,1.0,172.747802734375,265.4577331542969,1.0,141.621337890625,281.7870788574219,0.9999998807907104,201.0314483642578,278.66265869140625,1.0
31,170.69613647460938,217.50506591796875,1.0,171.4466552734375,241.69247436523438,1.0,143.45257568359375,236.85804748535156,1.0,130.4920654296875,237.41673278808594,1.0,191.7119598388672,235.49610900878906,1.0,205.15829467773438,236.59767150878906,1.0,172.49252319335938,265.2901611328125,1.0,141.5687713623047,281.8362731933594,0.9999998807907104,200.89312744140625,278.76678466796875,1.0
32,170.61749267578125,217.4971923828125,1.0,171.34230041503906,241.65127563476562,1.0,143.38438415527344,236.94058227539062,1.0,130.5338134765625,237.45999145507812,1.0,191.6071014404297,235.3074188232422,1.0,205.013916015625,236.375732421875,1.0,172.5115966796875,265.2688293457031,1.0,141.59979248046875,281.79656982421875,0.9999998807907104,200.9031982421875,278.512939453125,1.0
33,170.71047973632812,217.50148010253906,1.0,171.2821044921875,241.4639434814453,1.0,143.77073669433594,237.2130126953125,1.0,130.45285034179688,237.4291229248047,1.0,191.71505737304688,235.36236572265625,1.0,205.1325225830078,236.36868286132812,1.0,172.35671997070312,265.3819274902344,1.0,141.3673095703125,281.7754821777344,0.9999998807907104,200.78802490234375,278.47412109375,1.0
34,170.49459838867188,217.40811157226562,1.0,171.17832946777344,241.552734375,1.0,143.66152954101562,237.15338134765625,1.0,130.31129455566406,237.4396209716797,1.0,191.72914123535156,235.33001708984375,1.0,205.09861755371094,236.4836883544922,1.0,172.36502075195312,265.473388671875,1.0,141.3199005126953,281.69451904296875,0.9999998807907104,200.74949645996094,278.5054016113281,1.0
35,170.4852294921875,217.47071838378906,1.0,171.01771545410156,241.53453063964844,1.0,143.70204162597656,237.1272735595703,1.0,130.24386596679688,237.50436401367188,1.0,191.84689331054688,235.17886352539062,1.0,205.05784606933594,236.3402557373047,1.0,172.11138916015625,265.3287048339844,1.0,141.27938842773438,281.6126403808594,0.9999998807907104,200.59739685058594,278.48516845703125,1.0
36,170.2296600341797,217.3253173828125,1.0,170.7925567626953,241.54519653320312,1.0,143.3714141845703,237.0220489501953,1.0,129.81703186035156,237.42796325683594,1.0,191.51329040527344,235.1102752685547,1.0,204.59866333007812,236.23374938964844,1.0,172.1781463623047,265.2346496582031,1.0,141.14019775390625,281.6419982910156,1.0,200.55630493164062,278.4658508300781,1.0
37,170.27911376953125,217.34396362304688,1.0,171.00030517578125,241.90164184570312,1.0,143.549072265625,236.8965606689453,1.0,129.9388885498047,237.3548126220703,1.0,191.4899139404297,235.06517028808594,1.0,204.5721893310547,236.27532958984375,1.0,172.05938720703125,265.1025390625,1.0,141.1952667236328,281.60400390625,1.0,200.49757385253906,278.5015869140625,1.0
38,170.33074951171875,217.31475830078125,1.0,170.95968627929688,241.53256225585938,1.0,143.5108642578125,236.89930725097656,1.0,130.0890655517578,237.29635620117188,1.0,191.3864288330078,235.07247924804688,1.0,204.50634765625,236.2479248046875,1.0,172.1266326904297,265.062255859375,1.0,141.08045959472656,281.6138916015625,1.0,200.68032836914062,278.4458312988281,1.0
39,170.2007598876953,217.22323608398438,1.0,170.77113342285156,241.63296508789062,1.0,143.5605010986328,237.0265655517578,1.0,129.99197387695312,237.34921264648438,1.0,191.4762420654297,235.1197967529297,1.0,204.636474609375,236.27943420410156,1.0,172.07839965820312,265.07537841796875,1.0,141.16526794433594,281.72174072265625,0.9999998807907104,200.64744567871094,278.4786071777344,1.0
40,170.16592407226562,217.155029296875,1.0,170.8564453125,241.71067810058594,1.0,143.49134826660156,236.9215545654297,1.0,129.94677734375,237.458984375,1.0,191.53289794921875,235.1154327392578,1.0,204.61817932128906,236.19131469726562,1.0,172.18515014648438,265.1116027832031,1.0,141.1116943359375,281.60162353515625,1.0,200.63262939453125,278.4768981933594,1.0
41,170.06210327148438,217.11195373535156,1.0,170.7384796142578,241.69740295410156,1.0,143.4046173095703,236.9390411376953,1.0,129.85475158691406,237.4121551513672,1.0,191.5790557861328,235.08763122558594,1.0,204.64190673828125,236.26580810546875,1.0,172.0176239013672,265.11431884765625,1.0,141.11581420898438,281.5619201660156,1.0,200.50784301757812,278.66259765625,1.0
42,170.09307861328125,217.271484375,1.0,170.72760009765625,241.63729858398438,1.0,143.3903350830078,236.98760986328125,1.0,129.7606964111328,237.41134643554688,1.0,191.54412841796875,234.97503662109375,1.0,204.81546020507812,236.41763305664062,1.0,171.97300720214844,265.37493896484375,1.0,141.08749389648438,281.59759521484375,1.0,200.4420166015625,278.7703857421875,1.0
43,169.83538818359375,217.28952026367188,1.0,170.62680053710938,242.2128448486328,1.0,143.32061767578125,237.0187225341797,1.0,129.69520568847656,237.40951538085938,1.0,191.38467407226562,234.9665069580078,1.0,204.66648864746094,236.4254913330078,1.0,171.838134765625,265.33319091796875,1.0,140.95750427246094,281.79730224609375,1.0,200.45907592773438,278.74725341796875,1.0
44,169.77244567871094,217.3260498046875,1.0,170.49403381347656,242.24607849121094,1.0,143.16912841796875,237.1017608642578,1.0,129.58926391601562,237.59930419921875,1.0,191.2838134765625,235.02931213378906,1.0,204.63417053222656,236.56448364257812,1.0,171.7727508544922,265.4466857910156,1.0,140.9754180908203,282.19024658203125,0.9999998807907104,200.38011169433594,278.9129333496094,1.0
45,169.51551818847656,217.38796997070312,1.0,170.33673095703125,242.58981323242188,1.0,143.0928955078125,237.11410522460938,1.0,129.4192352294922,237.72317504882812,1.0,191.17721557617188,235.11773681640625,1.0,204.58372497558594,236.7090606689453,1.0,171.68704223632812,265.98712158203125,1.0,140.86337280273438,282.4526062011719,0.9999998807907104,200.15765380859375,279.1159362792969,1.0
46,169.1007537841797,217.4261016845703,1.0,169.53912353515625,242.8203582763672,1.0,142.9143524169922,237.0824737548828,1.0,129.24542236328125,237.57107543945312,1.0,191.1113739013672,235.09947204589844,1.0,204.6553497314453,236.59034729003906,1.0,170.91470336914062,266.1126708984375,1.0,140.31483459472656,282.3161926269531,0.9999998807907104,199.65892028808594,279.40985107421875,1.0
47,168.71507263183594,217.40594482421875,1.0,169.2642822265625,243.09422302246094,1.0,142.76512145996094,237.2739715576172,1.0,128.67733764648438,236.7752685546875,1.0,191.07005310058594,235.12713623046875,1.0,204.58436584472656,236.66824340820312,1.0,170.93637084960938,266.7610168457031,1.0,139.5309600830078,282.54736328125,0.9999998807907104,199.60299682617188,279.4845886230469,1.0
48,168.7445068359375,217.98629760742188,1.0,169.25022888183594,243.224365234375,1.0,142.5699920654297,237.5818634033203,1.0,128.8542022705078,237.49844360351562,1.0,191.02345275878906,235.27792358398438,1.0,204.35440063476562,236.57814025878906,1.0,170.6663055419922,266.73028564453125,1.0,139.17974853515625,281.6827087402344,1.0,199.7569580078125,279.5715637207031,1.0
49,168.56072998046875,217.89736938476562,1.0,168.9710235595703,243.450927734375,1.0,142.5960235595703,237.65293884277344,1.0,128.74267578125,237.46743774414062,1.0,191.1864776611328,235.2716064453125,1.0,204.35316467285156,236.54010009765625,1.0,170.314453125,266.2959899902344,1.0,139.0962677001953,281.54083251953125,1.0,199.30303955078125,279.69677734375,1.0
50,168.27976989746094,218.21640014648438,1.0,168.8336944580078,243.53195190429688,1.0,142.2958221435547,237.64581298828125,1.0,128.39569091796875,236.66107177734375,1.0,190.8285675048828,235.42129516601562,1.0,204.12071228027344,236.43142700195312,1.0,170.0166473388672,266.686279296875,1.0,139.09906005859375,281.4422607421875,1.0,199.25250244140625,279.68121337890625,1.0
51,168.3202362060547,218.27737426757812,1.0,168.8890838623047,243.51768493652344,1.0,142.39068603515625,237.6965789794922,1.0,128.3609161376953,236.69345092773438,1.0,190.47335815429688,235.3629150390625,1.0,204.1515655517578,236.562744140625,1.0,170.15000915527344,266.3840026855469,1.0,138.8583984375,281.3775939941406,1.0,199.07728576660156,279.5951843261719,1.0
52,168.49560546875,218.399658203125,1.0,168.909912109375,243.45217895507812,1.0,142.0399169921875,237.41986083984375,1.0,128.3308868408203,236.6265411376953,1.0,190.6920166015625,235.7643585205078,1.0,204.31564331054688,236.54579162597656,1.0,169.83010864257812,266.5699462890625,1.0,138.8038787841797,281.54150390625,1.0,198.99668884277344,279.6076965332031,1.0
53,168.3856658935547,218.44955444335938,1.0,168.89927673339844,243.67242431640625,1.0,141.96595764160156,237.3544464111328,1.0,128.32620239257812,236.90406799316406,1.0,190.58474731445312,235.74325561523438,1.0,204.19882202148438,236.53761291503906,1.0,169.86288452148438,266.72100830078125,1.0,138.69956970214844,281.34857177734375,1.0,198.95822143554688,279.5425720214844,1.0
54,169.287841796875,218.48976135253906,1.0,169.1854248046875,243.27418518066406,1.0,143.36477661132812,237.22561645507812,1.0,128.72935485839844,236.7001953125,1.0,193.18511962890625,235.7083740234375,1.0,204.6947021484375,236.8892364501953,1.0,169.76380920410156,266.5181579589844,1.0,138.22056579589844,281.65069580078125,1.0,198.63121032714844,279.1994934082031,1.0
55,173.33750915527344,218.80343627929688,1.0,173.44610595703125,243.68612670898438,1.0,146.75819396972656,237.2967529296875,1.0,132.72744750976562,236.84751892089844,1.0,195.48049926757812,236.56387329101562,1.0,206.87060546875,237.734619140625,1.0,173.88751220703125,267.6464538574219,1.0,141.2819366455078,280.5848388671875,1.0,201.35516357421875,280.6747741699219,1.0
56,176.3867645263672,220.1183624267578,1.0,177.2008819580078,243.86068725585938,1.0,149.8385009765625,236.87716674804688,1.0,135.21548461914062,236.59046936035156,1.0,198.6809844970703,237.4412841796875,1.0,210.5658721923828,238.71286010742188,1.0,177.25050354003906,268.1154479980469,1.0,144.82472229003906,281.16705322265625,1.0,203.80941772460938,281.1567687988281,1.0
57,179.5364532470703,220.86854553222656,1.0,179.9111785888672,244.37155151367188,1.0,151.8035888671875,236.37513732910156,1.0,136.66639709472656,236.0867156982422,1.0,201.33981323242188,237.74896240234375,1.0,212.24888610839844,239.26181030273438,1.0,179.9405975341797,267.4765930175781,1.0,146.5071258544922,281.92156982421875,1.0,206.00119018554688,281.34271240234375,1.0
58,181.74169921875,220.31121826171875,1.0,183.33834838867188,244.34725952148438,1.0,153.23269653320312,236.51107788085938,1.0,138.2735137939453,236.09674072265625,1.0,202.8858184814453,238.00320434570312,1.0,213.65968322753906,239.40090942382812,1.0,183.39955139160156,268.24530029296875,1.0,148.95547485351562,282.3724670410156,1.0,207.70803833007812,282.0499267578125,1.0
59,183.87193298339844,221.0672149658203,1.0,185.80877685546875,245.61636352539062,1.0,155.4357452392578,236.49954223632812,1.0,140.22276306152344,236.2866973876953,1.0,204.29200744628906,238.1572265625,1.0,215.25355529785156,240.30209350585938,1.0,185.9673614501953,269.08428955078125,1.0,150.912841796875,281.7944641113281,1.0,210.54722595214844,282.1886901855469,1.0
60,186.46128845214844,221.41668701171875,1.0,189.05528259277344,245.90333557128906,1.0,157.4417724609375,236.05441284179688,1.0,141.68682861328125,235.74859619140625,1.0,206.29568481445312,238.5673065185547,1.0,217.74600219726562,241.38426208496094,1.0,188.71275329589844,270.1428527832031,1.0,152.75572204589844,281.929443359375,1.0,212.5679931640625,282.756591796875,1.0
61,187.8983612060547,221.84414672851562,1.0,190.31915283203125,245.8533935546875,1.0,159.21890258789062,235.9910430908203,1.0,144.12698364257812,235.38885498046875,1.0,206.9768829345703,239.2206573486328,1.0,218.74951171875,241.69786071777344,1.0,190.1376953125,269.8395080566406,1.0,154.080078125,282.486572265625,0.9999998807907104,213.82522583007812,283.2408752441406,1.0
62,188.57412719726562,222.2543182373047,1.0,191.43309020996094,246.19813537597656,1.0,159.6066436767578,236.0729522705078,1.0,144.9251708984375,235.26693725585938,1.0,207.4521484375,239.69606018066406,1.0,219.39132690429688,242.05152893066406,1.0,191.45315551757812,270.0202941894531,1.0,155.26522827148438,282.9577941894531,0.9999998807907104,214.86575317382812,283.117919921875,1.0
63,190.0849151611328,221.91403198242188,1.0,192.64309692382812,246.62229919433594,1.0,160.40036010742188,236.01649475097656,1.0,145.50070190429688,234.82901000976562,1.0,208.39686584472656,239.7688446044922,1.0,219.68165588378906,241.7962646484375,1.0,192.4551544189453,270.45703125,1.0,156.40869140625,283.4827880859375,0.9999998807907104,215.4850616455078,283.4650573730469,1.0
64,191.4634552001953,222.00213623046875,1.0,194.0784454345703,246.8642578125,1.0,161.18704223632812,235.7936248779297,1.0,145.89932250976562,234.77828979492188,1.0,209.3559112548828,240.36962890625,1.0,220.71839904785156,241.96469116210938,1.0,193.42886352539062,270.23419189453125,1.0,157.06439208984375,282.9850769042969,0.9999998807907104,216.4146728515625,283.4273986816406,1.0
65,192.22909545898438,222.294189453125,1.0,194.58969116210938,247.04563903808594,1.0,162.0519256591797,236.19827270507812,1.0,146.60888671875,234.63168334960938,1.0,210.1372833251953,240.9065399169922,1.0,221.33506774902344,242.17947387695312,1.0,194.1107940673828,270.68499755859375,1.0,157.28260803222656,283.625,0.9999998807907104,217.13111877441406,283.63946533203125,1.0
66,192.541015625,222.32713317871094,1.0,194.92910766601562,247.28089904785156,1.0,162.55673217773438,236.1544952392578,1.0,147.345458984375,234.35699462890625,1.0,210.4399871826172,241.03207397460938,1.0,221.5037078857422,242.2703399658203,1.0,195.22506713867188,271.7897033691406,1.0,157.71128845214844,283.5689697265625,0.9999998807907104,217.64505004882812,283.6902770996094,1.0
67,192.7149200439453,222.18875122070312,1.0,195.29824829101562,247.47259521484375,1.0,162.78646850585938,236.22068786621094,1.0,147.70236206054688,234.1584930419922,1.0,210.86595153808594,241.12078857421875,1.0,221.93759155273438,242.21218872070312,1.0,195.55747985839844,271.8835144042969,1.0,157.81326293945312,283.60577392578125,0.9999998807907104,218.2619171142578,283.71148681640625,1.0
68,192.75711059570312,222.33018493652344,1.0,195.51806640625,247.6393280029297,1.0,162.95704650878906,236.15869140625,1.0,147.9352264404297,233.9207305908203,1.0,211.02760314941406,241.22314453125,1.0,222.0303955078125,242.1185760498047,1.0,195.97137451171875,271.99786376953125,1.0,157.97421264648438,283.658935546875,0.9999998807907104,218.3539276123047,283.98712158203125,1.0
69,193.12420654296875,222.3444061279297,1.0,196.63441467285156,247.66876220703125,1.0,163.1925506591797,236.18438720703125,1.0,148.0157470703125,234.08348083496094,1.0,211.4416961669922,241.1777801513672,1.0,222.462158203125,242.31626892089844,1.0,196.3148956298828,271.9475402832031,1.0,158.16891479492188,283.7662353515625,0.9999997615814209,218.47434997558594,284.1805419921875,1.0
70,193.2393035888672,222.64157104492188,1.0,196.7511444091797,247.80978393554688,1.0,163.44236755371094,236.2677459716797,1.0,148.1514892578125,233.92388916015625,1.0,211.3177032470703,241.05630493164062,1.0,222.4766082763672,242.32025146484375,1.0,196.4169921875,272.1803894042969,1.0,158.38099670410156,283.6014404296875,0.9999998807907104,218.5139923095703,284.276123046875,1.0
71,193.598388671875,222.4160919189453,1.0,197.03857421875,247.795166015625,1.0,163.62216186523438,236.1839599609375,1.0,148.18345642089844,233.7809600830078,1.0,211.52813720703125,240.95372009277344,1.0,222.68772888183594,242.18698120117188,1.0,196.60008239746094,272.2391357421875,1.0,158.3550567626953,283.8222351074219,0.9999997615814209,218.61366271972656,284.2624206542969,1.0
72,193.96238708496094,222.69253540039062,1.0,196.98236083984375,247.9741973876953,1.0,163.9864501953125,236.2364044189453,1.0,148.49365234375,234.22853088378906,1.0,212.04669189453125,241.28553771972656,1.0,222.807373046875,242.2045440673828,1.0,196.6533966064453,272.496337890625,1.0,158.9629669189453,283.8601379394531,0.9999997615814209,218.77589416503906,284.41156005859375,1.0
73,194.26292419433594,222.61965942382812,1.0,197.23910522460938,248.28106689453125,1.0,164.19073486328125,236.1265869140625,1.0,148.56039428710938,234.0861053466797,1.0,212.17068481445312,241.06382751464844,1.0,222.8750457763672,242.16876220703125,1.0,196.8354949951172,273.00823974609375,1.0,159.2276611328125,283.4853820800781,0.9999998807907104,219.34625244140625,284.4964904785156,1.0
74,194.843017578125,222.79986572265625,1.0,197.64544677734375,248.43971252441406,1.0,164.91465759277344,235.74932861328125,1.0,149.1555633544922,233.7749481201172,1.0,212.5286407470703,240.3763885498047,1.0,223.2701416015625,242.19183349609375,1.0,197.18638610839844,272.94091796875,1.0,159.57749938964844,283.4403076171875,0.9999998807907104,219.51988220214844,284.7051086425781,1.0
75,195.5132293701172,222.97445678710938,1.0,198.17559814453125,248.64645385742188,1.0,165.3842315673828,235.3391876220703,1.0,149.71730041503906,233.47909545898438,1.0,212.94107055664062,240.26768493652344,1.0,223.67315673828125,242.64988708496094,1.0,197.48638916015625,273.2381286621094,1.0,159.7757110595703,283.2892761230469,0.9999998807907104,219.76185607910156,284.79705810546875,1.0
76,195.80087280273438,222.54994201660156,1.0,198.47256469726562,248.4532012939453,1.0,166.1195068359375,234.70213317871094,1.0,150.91079711914062,232.9178466796875,1.0,213.31126403808594,240.44448852539062,1.0,224.10873413085938,243.00856018066406,1.0,197.47125244140625,273.16143798828125,1.0,159.5172119140625,282.7716979980469,0.9999998807907104,219.9695587158203,284.7840881347656,1.0
77,196.30780029296875,222.48049926757812,1.0,198.7774658203125,248.32449340820312,1.0,166.3635711669922,233.99679565429688,1.0,150.90142822265625,232.55160522460938,1.0,213.70193481445312,240.2627410888672,1.0,224.323486328125,243.47166442871094,1.0,197.47462463378906,273.4084777832031,1.0,159.58563232421875,282.3908996582031,0.9999998807907104,220.1173858642578,284.9590148925781,1.0
78,196.56700134277344,222.40988159179688,1.0,199.03445434570312,248.4317169189453,1.0,166.54055786132812,233.71742248535156,1.0,151.08827209472656,232.44866943359375,1.0,213.85708618164062,240.15309143066406,1.0,224.6260986328125,243.2857666015625,1.0,197.8304443359375,273.19329833984375,1.0,159.69692993164062,282.3656311035156,0.9999998807907104,220.20162963867188,284.9927062988281,1.0
79,197.187255859375,222.14007568359375,1.0,199.415771484375,248.40274047851562,1.0,167.05841064453125,233.63265991210938,1.0,151.3427276611328,232.20875549316406,1.0,214.36328125,240.1558837890625,1.0,224.76927185058594,243.39874267578125,1.0,198.1028289794922,273.5397644042969,1.0,160.08343505859375,282.302490234375,1.0,220.65533447265625,284.94549560546875,1.0
80,197.47103881835938,221.98316955566406,1.0,199.4959716796875,248.50445556640625,1.0,167.20753479003906,233.65577697753906,1.0,151.6165313720703,232.1717987060547,1.0,214.9691619873047,240.0659637451172,1.0,225.15509033203125,243.29063415527344,1.0,198.4451904296875,273.3260803222656,1.0,160.3029327392578,282.65740966796875,0.9999998807907104,220.82846069335938,284.8394775390625,1.0
81,198.29966735839844,222.21725463867188,1.0,199.70814514160156,248.7563934326172,1.0,167.83091735839844,233.74169921875,1.0,152.15306091308594,232.00064086914062,1.0,215.1282501220703,240.48764038085938,1.0,225.4745635986328,243.89080810546875,1.0,198.3717041015625,273.2091979980469,1.0,160.27865600585938,282.2424621582031,1.0,220.77745056152344,285.0418701171875,1.0
82,200.43161010742188,221.9709930419922,1.0,200.66494750976562,248.7174835205078,1.0,169.6488494873047,232.8004608154297,1.0,153.75042724609375,230.55787658691406,1.0,216.67245483398438,241.519775390625,1.0,226.7811737060547,244.89674377441406,1.0,198.32785034179688,273.00341796875,1.0,159.55760192871094,281.1130065917969,0.9999998807907104,220.68084716796875,285.3622741699219,1.0
83,202.83290100097656,221.91725158691406,1.0,202.6898956298828,249.40780639648438,1.0,172.1036376953125,232.86451721191406,1.0,155.64691162109375,229.61566162109375,1.0,219.27639770507812,242.3959503173828,1.0,229.26539611816406,245.87818908691406,1.0,199.0860595703125,273.913330078125,1.0,160.74063110351562,280.6834411621094,1.0,222.1559295654297,285.79156494140625,1.0
84,204.15216064453125,221.79052734375,1.0,204.9092559814453,249.8476104736328,1.0,172.73692321777344,232.60069274902344,1.0,157.00262451171875,229.12359619140625,1.0,219.72718811035156,242.50889587402344,1.0,230.08384704589844,246.16485595703125,1.0,200.67138671875,273.97222900390625,1.0,161.67442321777344,281.1104736328125,1.0,223.8762969970703,285.778076171875,1.0
85,205.46083068847656,222.5476531982422,1.0,205.9813995361328,249.64898681640625,1.0,173.59361267089844,232.61965942382812,1.0,157.97694396972656,229.01695251464844,1.0,220.2100830078125,242.7728271484375,1.0,230.57766723632812,246.58761596679688,1.0,201.63262939453125,273.9222412109375,1.0,162.7259979248047,280.9322204589844,1.0,224.03517150878906,286.1492919921875,1.0
86,206.2461700439453,222.65489196777344,1.0,206.37135314941406,250.09449768066406,1.0,174.5106658935547,232.37489318847656,1.0,158.8735809326172,228.17796325683594,1.0,221.03091430664062,243.61805725097656,1.0,231.44935607910156,247.4808349609375,1.0,201.427734375,273.9245300292969,1.0,162.8733367919922,280.8586730957031,1.0,224.19973754882812,286.2262878417969,0.9999998807907104
87,206.97030639648438,222.9561004638672,1.0,206.36004638671875,249.9967803955078,1.0,175.6218719482422,232.0358428955078,1.0,159.7852783203125,227.53138732910156,1.0,221.38836669921875,243.57521057128906,1.0,232.0001983642578,247.5391845703125,1.0,201.43580627441406,273.64306640625,1.0,163.19993591308594,279.99676513671875,1.0,224.30262756347656,286.0599060058594,1.0
88,208.32559204101562,222.95578002929688,1.0,207.42958068847656,249.90402221679688,1.0,176.33035278320312,231.90980529785156,1.0,160.90911865234375,226.6787109375,1.0,221.74929809570312,243.54527282714844,1.0,232.59645080566406,247.48965454101562,1.0,202.1507568359375,273.7738952636719,1.0,163.77133178710938,279.9493408203125,1.0,224.36834716796875,286.5064392089844,1.0
89,208.92543029785156,223.22402954101562,1.0,208.26690673828125,250.0175323486328,1.0,176.62448120117188,231.96441650390625,1.0,161.17604064941406,226.6565704345703,1.0,222.43283081054688,243.94247436523438,1.0,233.15206909179688,247.919921875,1.0,202.7743682861328,273.77099609375,1.0,163.82394409179688,279.9200744628906,1.0,224.9834442138672,286.50299072265625,1.0
90,209.14385986328125,223.29364013671875,1.0,208.27789306640625,250.1446990966797,1.0,177.15750122070312,231.9429168701172,1.0,161.12290954589844,227.3428955078125,1.0,222.89817810058594,244.0933074951172,1.0,233.5204620361328,247.90573120117188,1.0,202.77633666992188,273.8888244628906,1.0,164.2520294189453,280.2119140625,1.0,225.29763793945312,286.3409118652344,1.0
91,209.9774627685547,223.5604248046875,1.0,208.50411987304688,250.54161071777344,1.0,177.7440948486328,231.98782348632812,1.0,161.89161682128906,226.9248809814453,1.0,223.4552459716797,244.74888610839844,1.0,233.8241424560547,248.31007385253906,1.0,202.69871520996094,274.0842590332031,1.0,164.3207244873047,278.75946044921875,1.0,224.8517608642578,286.5343322753906,1.0
92,210.3279571533203,223.0201873779297,1.0,208.6856689453125,250.3812713623047,1.0,178.23983764648438,231.38751220703125,1.0,162.78468322753906,226.2901611328125,1.0,223.58839416503906,244.59967041015625,1.0,233.9870147705078,248.38812255859375,1.0,202.54051208496094,274.0458068847656,1.0,164.217529296875,277.7848815917969,1.0,224.6826629638672,286.3279113769531,1.0
93,210.5309600830078,223.02059936523438,1.0,208.72296142578125,250.39820861816406,1.0,178.5030975341797,230.73483276367188,1.0,163.04678344726562,225.92930603027344,1.0,223.6938018798828,244.7035369873047,1.0,234.13023376464844,248.4147186279297,1.0,202.6033477783203,274.03607177734375,1.0,163.84771728515625,277.6441955566406,1.0,224.3024444580078,286.3716735839844,1.0
94,210.92518615722656,223.08688354492188,1.0,208.7018585205078,250.39842224121094,1.0,178.52008056640625,230.7958984375,1.0,162.6797637939453,225.83924865722656,1.0,223.78321838378906,244.8358154296875,1.0,234.19757080078125,248.73779296875,1.0,202.33290100097656,274.020263671875,1.0,163.79632568359375,277.4941711425781,1.0,223.87911987304688,286.29742431640625,0.9999998807907104
95,210.56192016601562,223.41212463378906,1.0,208.82899475097656,250.15599060058594,1.0,178.5429229736328,230.48699951171875,1.0,162.73573303222656,225.61985778808594,1.0,223.72532653808594,245.08148193359375,1.0,234.33224487304688,248.94573974609375,1.0,202.20098876953125,273.98638916015625,1.0,163.40408325195312,277.04583740234375,1.0,223.9947509765625,286.4143371582031,0.9999998807907104
96,210.91806030273438,223.34205627441406,1.0,208.66961669921875,250.16497802734375,1.0,179.04689025878906,230.35887145996094,1.0,163.22323608398438,225.4761199951172,1.0,223.90194702148438,244.92135620117188,1.0,234.43548583984375,249.16497802734375,1.0,201.946533203125,273.6750183105469,1.0,163.07582092285156,276.78143310546875,1.0,223.79742431640625,286.4804992675781,0.9999998807907104
97,211.02096557617188,223.12867736816406,1.0,208.60464477539062,250.21905517578125,1.0,179.0645294189453,230.37599182128906,1.0,163.294921875,225.63356018066406,1.0,223.98715209960938,244.74917602539062,1.0,234.59854125976562,249.04029846191406,1.0,201.85227966308594,273.6689758300781,1.0,163.13116455078125,276.6012878417969,1.0,223.89468383789062,286.436279296875,0.9999998807907104
98,211.6231689453125,223.17138671875,1.0,208.6880645751953,250.17198181152344,1.0,178.91455078125,230.30857849121094,1.0,163.38555908203125,225.39324951171875,1.0,223.88931274414062,244.7436981201172,1.0,234.91770935058594,248.94235229492188,1.0,201.93362426757812,273.7659606933594,1.0,163.0764617919922,276.67535400390625,1.0,223.7671661376953,286.6860046386719,0.9999998807907104
99,211.355224609375,222.98495483398438,1.0,208.64715576171875,250.2275848388672,1.0,178.98028564453125,230.24098205566406,1.0,163.41908264160156,225.35659790039062,1.0,224.30984497070312,244.8492889404297,1.0,234.89108276367188,248.96937561035156,1.0,201.77000427246094,273.64947509765625,1.0,162.9975128173828,276.58544921875,1.0,224.0733642578125,286.8531494140625,0.9999998807907104
100,211.5941162109375,222.88392639160156,1.0,208.96449279785156,249.8473663330078,1.0,179.09799194335938,230.13653564453125,1.0,163.55409240722656,225.20782470703125,1.0,223.876953125,244.87335205078125,1.0,234.9510498046875,249.00192260742188,1.0,201.723388671875,273.69635009765625,1.0,163.03587341308594,276.4535217285156,1.0,223.94940185546875,286.7482604980469,0.9999998807907104
101,211.6714630126953,222.87742614746094,1.0,209.0194549560547,249.9412841796875,1.0,179.0956268310547,229.9342498779297,1.0,163.6170654296875,225.11105346679688,1.0,224.5631561279297,244.98269653320312,1.0,235.07630920410156,249.1727294921875,1.0,201.72573852539062,273.755126953125,1.0,162.9739532470703,276.3189697265625,1.0,223.76869201660156,286.7065124511719,0.9999998807907104
102,211.8523406982422,222.9802703857422,1.0,208.9674072265625,250.12791442871094,1.0,179.0457000732422,229.96360778808594,1.0,163.51817321777344,225.01988220214844,1.0,224.6342010498047,245.1066131591797,1.0,235.20652770996094,249.2508544921875,1.0,201.57278442382812,273.70257568359375,1.0,162.64466857910156,276.13763427734375,1.0,223.9300537109375,287.02105712890625,0.9999998807907104
103,211.79690551757812,222.9503631591797,1.0,208.92930603027344,249.97671508789062,1.0,179.14305114746094,229.8868408203125,1.0,163.63111877441406,225.04344177246094,1.0,224.800048828125,245.2022247314453,1.0,235.39918518066406,249.3265380859375,1.0,201.38864135742188,273.71044921875,1.0,162.26820373535156,276.1204833984375,1.0,223.9847412109375,287.1351013183594,0.9999998807907104
104,211.65870666503906,222.95870971679688,1.0,208.9822235107422,250.0046844482422,1.0,179.0252685546875,229.82748413085938,1.0,163.59353637695312,225.05230712890625,1.0,224.77244567871094,245.41758728027344,1.0,235.28358459472656,249.44869995117188,1.0,201.2598419189453,273.8128967285156,1.0,162.11181640625,276.208251953125,1.0,223.85427856445312,287.1842041015625,0.9999997615814209
105,211.5619354248047,222.96693420410156,1.0,208.83616638183594,250.0814971923828,1.0,178.95298767089844,229.84197998046875,1.0,163.4954376220703,224.96726989746094,1.0,224.65997314453125,245.18519592285156,1.0,235.28477478027344,249.31332397460938,1.0,201.13253784179688,273.8148498535156,1.0,162.00425720214844,276.25518798828125,1.0,223.85336303710938,287.1580505371094,0.9999997615814209
106,211.23291015625,222.62078857421875,1.0,208.2449951171875,249.73524475097656,1.0,178.93089294433594,229.07237243652344,1.0,163.3375701904297,224.79566955566406,1.0,223.8634490966797,244.9993896484375,1.0,235.17718505859375,249.27825927734375,1.0,200.82398986816406,273.92919921875,1.0,161.48789978027344,276.3609619140625,1.0,223.5708770751953,286.8972473144531,0.9999998807907104
107,211.22283935546875,222.7421417236328,1.0,207.9781494140625,249.74830627441406,1.0,178.7379913330078,229.05152893066406,1.0,163.08128356933594,224.8589324951172,1.0,223.88124084472656,244.95208740234375,1.0,235.28030395507812,249.47792053222656,1.0,200.37564086914062,273.8489990234375,1.0,161.32456970214844,276.6247253417969,1.0,223.12933349609375,286.9396057128906,1.0
108,211.15689086914062,222.95257568359375,1.0,207.4451446533203,249.90994262695312,1.0,178.47496032714844,228.98779296875,1.0,162.9341278076172,224.7360076904297,1.0,224.2841796875,245.11282348632812,1.0,235.15074157714844,249.62994384765625,1.0,200.1088104248047,273.5367736816406,1.0,161.3570098876953,276.4679870605469,1.0,222.8869171142578,286.95703125,1.0
109,210.52137756347656,222.97218322753906,1.0,206.6271514892578,249.64108276367188,1.0,177.8382568359375,229.67153930664062,1.0,162.4029083251953,224.49649047851562,1.0,224.02610778808594,245.08567810058594,1.0,235.0000457763672,249.41583251953125,1.0,199.32763671875,273.873291015625,1.0,160.25094604492188,276.80682373046875,1.0,222.63365173339844,286.7599792480469,1.0
110,209.13751220703125,222.46646118164062,1.0,205.51412963867188,249.65333557128906,1.0,176.27810668945312,229.57249450683594,1.0,160.2851104736328,224.42958068847656,1.0,223.16481018066406,244.86138916015625,1.0,234.19500732421875,249.04385375976562,1.0,197.9321746826172,273.5877380371094,1.0,159.4842529296875,276.7497863769531,1.0,221.29730224609375,286.55572509765625,0.9999998807907104
111,208.4121551513672,221.4352569580078,1.0,204.82550048828125,249.14300537109375,1.0,175.8232421875,229.58514404296875,1.0,159.38973999023438,224.46902465820312,1.0,222.328125,244.50286865234375,1.0,233.48373413085938,248.6710205078125,1.0,197.31126403808594,273.2254333496094,1.0,159.26953125,276.5467834472656,1.0,220.63876342773438,286.4871826171875,1.0
112,207.2528839111328,221.1207733154297,1.0,204.2008056640625,249.02403259277344,1.0,174.73756408691406,229.0238494873047,1.0,158.86940002441406,224.71102905273438,1.0,221.57867431640625,243.7008819580078,1.0,232.7620849609375,248.3569793701172,1.0,197.03176879882812,273.0663146972656,1.0,158.98965454101562,276.9256896972656,1.0,220.22198486328125,286.09002685546875,1.0
113,206.4014129638672,221.14239501953125,1.0,203.56898498535156,249.04876708984375,1.0,174.2183837890625,229.24371337890625,1.0,158.37612915039062,224.6064910888672,1.0,220.55091857910156,243.6405029296875,1.0,231.97940063476562,247.9560089111328,1.0,196.31748962402344,273.00885009765625,1.0,158.2410888671875,277.1120300292969,1.0,219.02984619140625,286.0507507324219,1.0
114,204.85841369628906,221.07894897460938,1.0,202.4258270263672,248.46177673339844,1.0,172.89100646972656,228.93206787109375,1.0,156.9099578857422,225.0115509033203,1.0,219.77822875976562,242.70343017578125,1.0,231.107421875,247.43356323242188,1.0,195.4708251953125,272.5614929199219,1.0,157.3780059814453,277.1270751953125,1.0,218.16229248046875,285.9037170410156,0.9999998807907104
115,203.7366943359375,220.7344512939453,1.0,201.23582458496094,248.03636169433594,1.0,171.8699188232422,228.6182861328125,1.0,156.01426696777344,225.2525177001953,1.0,219.1177520751953,242.02638244628906,1.0,230.73297119140625,246.92507934570312,1.0,194.19606018066406,272.073486328125,1.0,156.85447692871094,276.43133544921875,1.0,217.3677520751953,285.6496276855469,0.9999998807907104
116,203.39537048339844,220.65589904785156,1.0,200.75865173339844,247.55752563476562,1.0,171.0276641845703,228.4968719482422,1.0,155.04083251953125,225.25161743164062,1.0,219.23028564453125,241.8024139404297,1.0,230.41864013671875,246.35855102539062,1.0,193.87843322753906,272.115966796875,1.0,157.11378479003906,276.82232666015625,1.0,217.14280700683594,285.0710144042969,1.0
117,202.10882568359375,219.7667694091797,1.0,200.3833770751953,247.59408569335938,1.0,169.72552490234375,228.65830993652344,1.0,153.2972869873047,226.9522247314453,1.0,218.31101989746094,241.0374298095703,1.0,229.50387573242188,245.38267517089844,1.0,193.0614776611328,271.8904724121094,1.0,157.1492462158203,277.2774353027344,1.0,217.05870056152344,284.8614807128906,1.0
118,200.64932250976562,219.53677368164062,1.0,199.3615264892578,247.76840209960938,1.0,168.836669921875,229.4728240966797,1.0,152.196044921875,226.6626739501953,1.0,216.461181640625,240.25576782226562,1.0,227.80332946777344,244.29067993164062,1.0,192.9834442138672,271.6142272949219,1.0,156.6803436279297,277.2411193847656,1.0,216.82833862304688,284.5060119628906,1.0
119,200.07162475585938,219.22586059570312,1.0,199.11268615722656,247.60447692871094,1.0,167.46693420410156,229.31881713867188,1.0,151.6873321533203,226.45999145507812,1.0,216.06427001953125,240.3521270751953,1.0,227.3922576904297,244.19149780273438,1.0,192.73458862304688,271.6203308105469,1.0,156.35638427734375,277.39404296875,1.0,216.45335388183594,284.4010314941406,1.0
120,199.81588745117188,219.53323364257812,1.0,198.71630859375,247.6937713623047,1.0,168.1410675048828,229.31468200683594,1.0,151.9770050048828,227.01678466796875,1.0,215.97991943359375,240.17100524902344,1.0,226.9295196533203,244.32943725585938,1.0,192.73548889160156,271.1536560058594,1.0,156.43521118164062,277.6129150390625,1.0,216.335205078125,284.1715393066406,1.0
121,199.32232666015625,219.2410888671875,1.0,198.50648498535156,247.5197296142578,1.0,167.5902557373047,229.84373474121094,1.0,151.76779174804688,227.23020935058594,1.0,215.70889282226562,240.1143798828125,1.0,226.63682556152344,244.1664581298828,1.0,192.6855926513672,271.0078125,1.0,156.39520263671875,278.01312255859375,1.0,216.2332763671875,284.2325439453125,1.0
122,199.35142517089844,219.3060302734375,1.0,198.5276641845703,247.54502868652344,1.0,167.65953063964844,229.97584533691406,1.0,151.66880798339844,227.86158752441406,1.0,215.5703125,240.0484619140625,1.0,226.50491333007812,244.21607971191406,1.0,192.8791046142578,271.0762939453125,1.0,156.51913452148438,278.0862731933594,1.0,216.14425659179688,284.5048522949219,1.0
123,199.3632354736328,219.31842041015625,1.0,198.47300720214844,247.48184204101562,1.0,167.4209747314453,229.93771362304688,1.0,151.57525634765625,228.13897705078125,1.0,215.49716186523438,239.8720245361328,1.0,226.61610412597656,244.08421325683594,1.0,192.8228759765625,271.1048889160156,1.0,156.52415466308594,278.49932861328125,1.0,216.4966583251953,284.3144226074219,1.0
124,199.2395782470703,219.48638916015625,1.0,198.64967346191406,247.50682067871094,1.0,167.5867462158203,229.93551635742188,1.0,151.41162109375,227.9991455078125,1.0,215.49868774414062,239.75393676757812,1.0,226.63003540039062,243.7806396484375,1.0,193.1885223388672,271.1373596191406,1.0,157.3036651611328,278.77532958984375,1.0,216.5311737060547,284.1788330078125,1.0
125,199.0208740234375,219.21987915039062,1.0,199.04029846191406,247.63079833984375,1.0,167.3651580810547,230.2596893310547,1.0,151.11817932128906,228.4083251953125,1.0,215.5498046875,239.53775024414062,1.0,226.58758544921875,243.74172973632812,1.0,194.54168701171875,272.15264892578125,1.0,158.12176513671875,279.85870361328125,1.0,216.95526123046875,283.8927917480469,1.0
126,197.77352905273438,219.01461791992188,1.0,199.62557983398438,246.81187438964844,1.0,166.9574432373047,230.91311645507812,1.0,150.76312255859375,229.80101013183594,1.0,214.69703674316406,237.91641235351562,1.0,225.6099853515625,241.1341094970703,1.0,196.50843811035156,272.026611328125,1.0,159.89324951171875,280.6821594238281,1.0,218.30575561523438,283.35736083984375,1.0
127,195.81024169921875,219.06442260742188,1.0,198.853271484375,245.67860412597656,1.0,165.5899658203125,231.31802368164062,1.0,149.32012939453125,229.88531494140625,1.0,213.60800170898438,235.80340576171875,1.0,224.03277587890625,238.41184997558594,1.0,197.30130004882812,270.6871337890625,1.0,160.6663055419922,281.2018737792969,0.9999998807907104,219.3513641357422,282.56292724609375,1.0
128,195.2118682861328,218.37362670898438,1.0,198.59530639648438,245.27777099609375,1.0,165.24600219726562,231.24290466308594,1.0,148.35739135742188,229.49485778808594,1.0,213.28695678710938,235.36962890625,1.0,223.75445556640625,238.1009063720703,1.0,197.40489196777344,270.5191955566406,1.0,160.6435089111328,281.2625427246094,0.9999998807907104,219.248291015625,282.09539794921875,1.0
129,194.94747924804688,218.5369415283203,1.0,198.39390563964844,245.115478515625,1.0,165.14808654785156,231.103759765625,1.0,148.6979217529297,229.91355895996094,1.0,212.93592834472656,235.3268585205078,1.0,223.2289581298828,238.05963134765625,1.0,197.37989807128906,270.3206787109375,1.0,160.56460571289062,281.2402038574219,0.9999998807907104,219.5244140625,282.3193359375,1.0
130,194.65280151367188,218.40916442871094,1.0,198.30856323242188,245.00567626953125,1.0,164.59976196289062,231.18577575683594,1.0,148.3555145263672,230.11175537109375,1.0,212.8102264404297,235.22593688964844,1.0,223.05328369140625,238.03126525878906,1.0,197.43142700195312,270.38092041015625,1.0,160.5729522705078,281.4274597167969,0.9999998807907104,219.6990966796875,282.13226318359375,1.0
131,193.8086700439453,218.7950439453125,1.0,198.47772216796875,244.97276306152344,1.0,163.9434356689453,231.86500549316406,1.0,147.92193603515625,231.06236267089844,1.0,212.35118103027344,234.90692138671875,1.0,222.72027587890625,237.36390686035156,1.0,197.85987854003906,270.56365966796875,1.0,161.1053466796875,282.2523193359375,1.0,219.6009521484375,282.12725830078125,1.0
132,192.797607421875,218.83030700683594,1.0,198.7753448486328,244.765625,1.0,162.7731475830078,232.29173278808594,1.0,147.15704345703125,231.79037475585938,1.0,211.72178649902344,234.80328369140625,1.0,222.3020782470703,237.29061889648438,1.0,197.86692810058594,270.70379638671875,1.0,161.181884765625,281.9654235839844,1.0,219.8108673095703,281.9617614746094,1.0
133,192.5425262451172,219.4605255126953,1.0,198.54454040527344,244.5967254638672,1.0,162.9349365234375,232.6061553955078,1.0,147.45596313476562,231.83203125,1.0,211.44996643066406,234.52650451660156,1.0,222.11190795898438,237.25601196289062,1.0,197.7947235107422,270.6195983886719,1.0,161.26516723632812,282.22979736328125,1.0,219.77456665039062,281.9681091308594,1.0
134,192.2698974609375,219.4363555908203,1.0,198.58152770996094,244.85543823242188,1.0,162.9182586669922,232.5977325439453,1.0,147.37225341796875,232.02682495117188,1.0,211.50672912597656,234.26466369628906,1.0,222.1115264892578,237.55545043945312,1.0,198.03457641601562,270.5923156738281,1.0,161.43939208984375,282.40228271484375,1.0,220.11277770996094,281.7673034667969,1.0
135,192.67640686035156,218.75840759277344,1.0,198.65560913085938,244.74838256835938,1.0,162.71884155273438,232.58493041992188,1.0,147.16696166992188,232.1900177001953,1.0,211.28012084960938,233.9649658203125,1.0,222.16256713867188,237.3039093017578,1.0,198.1982879638672,270.5826110839844,1.0,161.5745391845703,282.61669921875,1.0,220.18240356445312,281.8350524902344,1.0
136,192.4185333251953,218.94578552246094,1.0,198.66139221191406,244.83738708496094,1.0,162.64862060546875,232.69479370117188,1.0,147.17901611328125,232.2903289794922,1.0,211.29052734375,233.92376708984375,1.0,222.1267547607422,237.0889892578125,1.0,198.3110809326172,270.8139953613281,1.0,161.83444213867188,282.9053955078125,1.0,220.50511169433594,281.7342224121094,1.0
137,192.38211059570312,219.02134704589844,1.0,198.61843872070312,244.875,1.0,162.6278839111328,232.6773681640625,1.0,147.29574584960938,232.39625549316406,1.0,211.21530151367188,233.9535675048828,1.0,221.98196411132812,237.02163696289062,1.0,198.40928649902344,270.741455078125,1.0,162.20208740234375,283.0301513671875,0.9999998807907104,220.61216735839844,281.7862548828125,1.0
138,192.43995666503906,218.85116577148438,1.0,199.0543212890625,244.97019958496094,1.0,162.9552459716797,232.88131713867188,1.0,147.53317260742188,232.4131622314453,1.0,211.45249938964844,234.0801544189453,1.0,222.00257873535156,237.03076171875,1.0,199.11148071289062,271.0899658203125,1.0,162.94544982910156,283.0481872558594,1.0,221.01039123535156,281.69146728515625,1.0
139,192.70814514160156,218.90057373046875,1.0,199.223876953125,245.1044464111328,1.0,163.12913513183594,232.99388122558594,1.0,147.58309936523438,232.37135314941406,1.0,211.5741729736328,234.15162658691406,1.0,222.0384521484375,237.0067901611328,1.0,199.09567260742188,271.1143493652344,1.0,162.92776489257812,282.98004150390625,1.0,221.0159912109375,281.722412109375,1.0
140,192.87925720214844,218.96636962890625,1.0,199.194091796875,245.14414978027344,1.0,163.05197143554688,233.33436584472656,1.0,147.85055541992188,232.6547393798828,1.0,211.74868774414062,234.20166015625,1.0,222.1073455810547,236.87242126464844,1.0,199.13890075683594,270.988037109375,1.0,163.27340698242188,282.8707275390625,1.0,221.04327392578125,281.73089599609375,1.0
141,192.606201171875,219.60589599609375,1.0,199.7654266357422,244.95494079589844,1.0,163.02926635742188,233.3328094482422,1.0,147.7659454345703,232.77108764648438,1.0,211.9054718017578,234.3428955078125,1.0,222.12359619140625,236.93565368652344,1.0,199.48228454589844,271.23516845703125,1.0,163.2173309326172,282.9744567871094,1.0,221.2428741455078,281.7679443359375,1.0
142,192.70083618164062,219.14723205566406,1.0,199.7163848876953,244.99984741210938,1.0,163.02685546875,233.3150177001953,1.0,147.76280212402344,232.76791381835938,1.0,211.773193359375,234.3486785888672,1.0,221.99905395507812,236.8119659423828,1.0,199.49522399902344,271.1665954589844,1.0,163.33590698242188,283.07867431640625,1.0,221.2863311767578,281.6521301269531,1.0
143,192.79701232910156,219.16949462890625,1.0,199.7786102294922,245.20306396484375,1.0,163.109375,233.46519470214844,1.0,147.63856506347656,232.6689910888672,1.0,211.71490478515625,234.453125,1.0,222.02532958984375,236.90069580078125,1.0,199.6247100830078,271.2106018066406,1.0,163.29515075683594,283.0895080566406,1.0,221.43109130859375,281.69036865234375,1.0
144,192.34197998046875,219.4232177734375,1.0,199.99468994140625,245.38632202148438,1.0,162.90383911132812,234.12001037597656,1.0,147.715576171875,232.9796142578125,1.0,211.63839721679688,234.62564086914062,1.0,221.5843963623047,236.96669006347656,1.0,200.1988067626953,271.0672302246094,1.0,163.4817657470703,283.9173583984375,1.0,221.70204162597656,281.72357177734375,1.0
145,192.37210083007812,219.21221923828125,1.0,199.96365356445312,245.2515106201172,1.0,162.86004638671875,233.97772216796875,1.0,147.6934814453125,232.86570739746094,1.0,211.5242919921875,234.49168395996094,1.0,221.52017211914062,236.960205078125,1.0,200.21319580078125,271.2856750488281,1.0,163.1865997314453,283.73944091796875,1.0,221.70274353027344,281.7979736328125,1.0
146,192.25213623046875,219.4528350830078,1.0,199.96633911132812,245.2483367919922,1.0,162.75064086914062,233.98118591308594,1.0,147.6520538330078,232.9126739501953,1.0,211.47686767578125,234.51585388183594,1.0,221.49435424804688,236.91883850097656,1.0,200.07174682617188,271.2801513671875,1.0,162.99684143066406,283.7366943359375,1.0,221.49461364746094,281.8251953125,1.0
147,192.5663604736328,219.02774047851562,1.0,200.0122528076172,244.99810791015625,1.0,162.479736328125,233.93984985351562,1.0,147.39642333984375,233.00132751464844,1.0,211.41529846191406,234.36695861816406,1.0,221.4688720703125,236.98858642578125,1.0,200.25296020507812,271.3141174316406,1.0,162.88650512695312,284.0202331542969,0.9999998807907104,221.5198974609375,282.017822265625,1.0
148,192.38168334960938,219.01583862304688,1.0,199.94248962402344,245.05520629882812,1.0,162.3496551513672,233.9318084716797,1.0,147.1973419189453,233.34974670410156,1.0,211.1624755859375,234.3281707763672,1.0,221.4658203125,237.06588745117188,1.0,200.27000427246094,271.2139587402344,1.0,162.97108459472656,284.0398254394531,0.9999998807907104,221.48809814453125,281.94207763671875,1.0
149,192.36497497558594,219.3076934814453,1.0,200.0249786376953,245.15835571289062,1.0,162.24810791015625,234.06631469726562,1.0,147.388427734375,233.48158264160156,1.0,210.9986572265625,234.36329650878906,1.0,221.28189086914062,237.0825653076172,1.0,200.4822540283203,271.1723937988281,1.0,163.28573608398438,284.194091796875,0.9999998807907104,221.7340850830078,281.92474365234375,1.0
150,192.31968688964844,219.26873779296875,1.0,199.85479736328125,245.23439025878906,1.0,162.28477478027344,234.15843200683594,1.0,147.34353637695312,233.26881408691406,1.0,210.86817932128906,234.423828125,1.0,221.2981414794922,236.97372436523438,1.0,200.34243774414062,271.2327575683594,1.0,163.11984252929688,284.14678955078125,1.0,221.59536743164062,281.97747802734375,1.0
151,192.28919982910156,219.25265502929688,1.0,199.8012237548828,245.19613647460938,1.0,162.16671752929688,234.27706909179688,1.0,147.526611328125,233.39279174804688,1.0,210.86849975585938,234.4471435546875,1.0,221.25682067871094,236.78501892089844,1.0,200.30397033691406,271.25482177734375,1.0,163.10153198242188,284.14508056640625,1.0,221.52859497070312,281.9501647949219,1.0
152,192.4152069091797,219.3504180908203,1.0,199.89772033691406,245.1574249267578,1.0,162.283447265625,234.32211303710938,1.0,147.49356079101562,233.3769989013672,1.0,210.9215087890625,234.4564208984375,1.0,221.2054443359375,236.7804718017578,1.0,200.49496459960938,271.2554016113281,1.0,163.21482849121094,284.2300109863281,0.9999998807907104,221.6000213623047,281.8793029785156,1.0
153,192.39483642578125,219.3691864013672,1.0,199.98609924316406,245.1840057373047,1.0,162.35372924804688,234.2210235595703,1.0,147.56765747070312,233.52713012695312,1.0,210.8365936279297,234.43272399902344,1.0,221.18017578125,236.8948516845703,1.0,200.7648162841797,271.02105712890625,1.0,163.3911895751953,284.3553771972656,0.9999998807907104,221.5669708251953,281.8975830078125,1.0
154,192.3785400390625,219.26766967773438,1.0,200.28208923339844,245.22946166992188,1.0,162.42250061035156,234.3661651611328,1.0,147.64602661132812,233.6337890625,1.0,210.92300415039062,234.33753967285156,1.0,221.1278076171875,236.81167602539062,1.0,201.0276641845703,271.0229187011719,1.0,163.40728759765625,284.2193908691406,0.9999998807907104,222.0413055419922,281.854248046875,1.0
155,192.45602416992188,219.1739501953125,1.0,200.75253295898438,245.1582489013672,1.0,162.7205047607422,234.76962280273438,1.0,147.80897521972656,233.90574645996094,1.0,211.06419372558594,234.37423706054688,1.0,221.11781311035156,236.76141357421875,1.0,201.52854919433594,270.96441650390625,1.0,164.0838623046875,284.1260070800781,1.0,222.1087188720703,281.9393615722656,1.0
156,193.1409454345703,219.62826538085938,1.0,201.1767120361328,245.56883239746094,1.0,162.99598693847656,235.04281616210938,1.0,147.90774536132812,234.71878051757812,1.0,211.14532470703125,234.62118530273438,1.0,221.0644989013672,236.83848571777344,1.0,202.08900451660156,271.2310791015625,1.0,164.61981201171875,284.1950988769531,1.0,222.53179931640625,282.06256103515625,1.0
157,192.9582061767578,219.62057495117188,1.0,201.07958984375,245.84939575195312,1.0,163.2869873046875,235.1491241455078,1.0,148.4855499267578,234.70721435546875,1.0,210.83872985839844,234.53244018554688,1.0,220.9286346435547,236.51031494140625,1.0,202.29946899414062,271.288330078125,1.0,164.5364227294922,284.54180908203125,0.9999998807907104,222.53848266601562,282.2132263183594,1.0
158,193.33572387695312,220.06373596191406,1.0,201.55799865722656,245.93247985839844,1.0,163.35609436035156,235.48573303222656,1.0,148.5110626220703,234.7329559326172,1.0,211.1900634765625,234.62103271484375,1.0,221.0737762451172,236.54238891601562,1.0,202.42355346679688,271.651123046875,1.0,164.353515625,284.43609619140625,0.9999998807907104,222.76898193359375,282.140869140625,1.0
159,193.23414611816406,220.1211700439453,1.0,201.6498565673828,245.98829650878906,1.0,163.67835998535156,235.39434814453125,1.0,148.62635803222656,234.87538146972656,1.0,211.1249542236328,234.5423583984375,1.0,221.14669799804688,236.75634765625,1.0,202.7518310546875,271.66949462890625,1.0,164.6263427734375,284.331787109375,0.9999998807907104,222.7887420654297,282.2147521972656,1.0
160,193.76150512695312,220.10476684570312,1.0,201.83352661132812,245.89007568359375,1.0,164.1527862548828,235.65606689453125,1.0,148.9449005126953,235.2283172607422,1.0,211.64535522460938,234.7589111328125,1.0,221.25741577148438,236.66090393066406,1.0,203.19964599609375,271.5039978027344,1.0,165.24327087402344,284.46881103515625,0.9999998807907104,223.65567016601562,282.14471435546875,1.0
161,194.17803955078125,220.4575653076172,1.0,201.95834350585938,246.02804565429688,1.0,164.60699462890625,235.76373291015625,1.0,149.96612548828125,235.26820373535156,1.0,211.56640625,235.05519104003906,1.0,221.54754638671875,237.03289794921875,1.0,203.40420532226562,271.4215087890625,1.0,165.43080139160156,284.3008728027344,1.0,223.8148651123047,282.35736083984375,1.0
162,194.79542541503906,220.99099731445312,1.0,202.69078063964844,246.6467742919922,1.0,164.76800537109375,236.00445556640625,1.0,150.02919006347656,235.24630737304688,1.0,211.83432006835938,235.46482849121094,1.0,221.6188507080078,237.0376434326172,1.0,203.88809204101562,271.8153381347656,1.0,165.37509155273438,284.31024169921875,1.0,223.92555236816406,282.10546875,1.0
163,197.08045959472656,221.301513671875,1.0,205.13436889648438,246.78277587890625,1.0,166.60902404785156,236.17596435546875,1.0,151.49761962890625,235.8576202392578,1.0,214.3320770263672,235.6012725830078,1.0,223.16822814941406,236.68116760253906,1.0,205.73760986328125,272.1546325683594,1.0,167.05316162109375,284.6658935546875,0.9999997615814209,225.42835998535156,282.5135498046875,1.0
164,200.26358032226562,221.42835998535156,1.0,208.87081909179688,247.72119140625,1.0,169.21971130371094,235.1865997314453,1.0,154.1194305419922,235.86521911621094,1.0,215.86990356445312,235.9829559326172,1.0,224.8783416748047,237.66954040527344,1.0,209.5156707763672,273.2745666503906,1.0,170.3299560546875,285.9767150878906,0.9999985694885254,228.5581512451172,283.4312744140625,1.0
165,201.99642944335938,220.70108032226562,1.0,211.30767822265625,246.87107849121094,1.0,170.75192260742188,235.03578186035156,1.0,155.98936462402344,235.05487060546875,1.0,217.0545654296875,235.78990173339844,1.0,225.9308624267578,237.6423797607422,1.0,212.15194702148438,272.70635986328125,1.0,171.38253784179688,286.3388366699219,0.9999985694885254,230.03070068359375,283.683837890625,1.0
166,203.16448974609375,220.43751525878906,1.0,212.89605712890625,247.1753692626953,1.0,171.40704345703125,235.69525146484375,1.0,157.5197296142578,234.73951721191406,1.0,217.5679931640625,235.8218231201172,1.0,226.1794891357422,237.90243530273438,1.0,213.76829528808594,272.7966003417969,1.0,172.81236267089844,286.27142333984375,0.9999983310699463,231.2145233154297,283.3810729980469,1.0
167,202.379638671875,220.7938690185547,1.0,213.60301208496094,247.65045166015625,1.0,172.1981658935547,235.59619140625,1.0,157.93222045898438,234.5486297607422,1.0,218.0926055908203,235.89561462402344,1.0,226.66763305664062,238.0457305908203,1.0,214.81040954589844,273.2948913574219,1.0,173.8160400390625,286.28009033203125,0.9999977350234985,232.00991821289062,283.5093994140625,1.0
168,204.76934814453125,221.55902099609375,1.0,214.91998291015625,248.51153564453125,1.0,173.75123596191406,235.24017333984375,1.0,159.07550048828125,234.60009765625,1.0,219.17201232910156,236.70712280273438,1.0,227.83450317382812,238.96290588378906,1.0,216.04519653320312,273.1188659667969,1.0,174.0277862548828,285.6953430175781,0.9999974966049194,232.59725952148438,283.7020263671875,1.0
169,206.56239318847656,221.7673797607422,1.0,216.52330017089844,248.62628173828125,1.0,174.71681213378906,235.196044921875,1.0,160.13572692871094,234.76852416992188,1.0,219.83596801757812,236.80889892578125,1.0,228.3562469482422,239.30859375,1.0,217.63172912597656,273.42999267578125,1.0,174.75885009765625,285.59521484375,0.9999970197677612,233.6099853515625,284.04583740234375,1.0
170,207.2804412841797,222.29278564453125,1.0,217.1793670654297,248.60479736328125,1.0,175.10836791992188,235.41998291015625,1.0,160.2238311767578,234.84713745117188,1.0,220.27777099609375,236.8610076904297,1.0,228.77703857421875,239.3495635986328,1.0,218.16812133789062,273.6156921386719,1.0,175.21815490722656,285.31158447265625,0.9999986886978149,233.1395263671875,284.5521545410156,1.0
171,206.85536193847656,222.41064453125,1.0,217.0153350830078,248.5353240966797,1.0,174.99478149414062,235.416748046875,1.0,160.2652130126953,235.02711486816406,1.0,220.25619506835938,236.75453186035156,1.0,228.86087036132812,239.16748046875,1.0,218.11412048339844,273.7749938964844,1.0,175.29049682617188,285.5399169921875,0.9999986886978149,233.18946838378906,284.4070129394531,1.0
172,207.07870483398438,221.935546875,1.0,216.9531707763672,248.46543884277344,1.0,175.20457458496094,235.31529235839844,1.0,160.59381103515625,234.91476440429688,1.0,220.5098876953125,236.83973693847656,1.0,229.24606323242188,239.24459838867188,1.0,218.0203399658203,273.4361267089844,1.0,175.60208129882812,285.2991943359375,0.9999992847442627,232.85247802734375,284.4667663574219,1.0
173,208.67236328125,222.67550659179688,1.0,217.10696411132812,248.72482299804688,1.0,176.5988311767578,235.88217163085938,1.0,161.7062530517578,235.2528076171875,1.0,221.27279663085938,238.08364868164062,1.0,229.80770874023438,239.28768920898438,1.0,218.87139892578125,273.9115905761719,1.0,175.6311492919922,285.148193359375,0.9999994039535522,233.10830688476562,284.31005859375,1.0
174,211.7174835205078,222.51878356933594,1.0,219.8592529296875,249.86260986328125,1.0,182.73098754882812,242.40780639648438,0.5034958124160767,167.4630889892578,237.31491088867188,1.0,225.7481689453125,241.91116333007812,0.7722880244255066,231.3080596923828,242.58604431152344,0.998242974281311,219.39901733398438,273.4894104003906,1.0,177.30484008789062,285.71923828125,0.9999998807907104,233.95339965820312,284.9309997558594,0.9999998807907104
175,213.8524169921875,224.32296752929688,1.0,221.1104736328125,250.9349822998047,1.0,230.98703002929688,298.69232177734375,0.0006828720797784626,170.2017059326172,238.97784423828125,1.0,227.8273162841797,243.3560028076172,0.12896910309791565,232.58726501464844,244.15432739257812,0.9957214593887329,220.3639678955078,273.9666748046875,1.0,177.94290161132812,285.0265808105469,0.9999998807907104,234.79464721679688,284.8984375,0.9999997615814209
176,213.59548950195312,224.47767639160156,1.0,221.3380889892578,251.29869079589844,1.0,185.58412170410156,243.2574462890625,0.05257619917392731,170.00265502929688,238.2728729248047,1.0,227.07177734375,243.06214904785156,0.7819100022315979,232.57801818847656,243.92205810546875,0.9999030828475952,221.2002716064453,274.5604248046875,1.0,178.7519073486328,285.09197998046875,0.9999998807907104,235.90626525878906,285.1128234863281,0.9999998807907104
177,212.711181640625,224.6248321533203,1.0,220.08363342285156,250.066650390625,1.0,181.4623565673828,240.07655334472656,0.9999996423721313,167.46165466308594,237.37962341308594,1.0,224.63050842285156,242.5826873779297,1.0,231.99960327148438,242.7194061279297,1.0,221.38357543945312,275.7630920410156,1.0,179.03773498535156,285.7646179199219,0.9999998807907104,236.0312957763672,285.365966796875,1.0
178,212.74185180664062,224.8968505859375,1.0,220.08644104003906,250.73341369628906,1.0,179.7073974609375,238.36114501953125,1.0,165.59542846679688,236.43048095703125,1.0,225.01773071289062,242.04434204101562,1.0,232.11419677734375,242.7091827392578,1.0,221.36155700683594,275.5489807128906,1.0,178.96282958984375,285.37890625,0.9999998807907104,236.45852661132812,285.414306640625,1.0
179,212.30581665039062,224.94744873046875,1.0,220.0845184326172,250.18296813964844,1.0,180.1792755126953,237.58010864257812,1.0,165.23867797851562,236.63873291015625,1.0,224.8116912841797,240.5326385498047,1.0,233.06321716308594,242.2317657470703,1.0,221.28909301757812,274.79949951171875,1.0,178.86175537109375,285.1337890625,0.9999998807907104,236.65591430664062,285.0168762207031,1.0
180,212.01583862304688,224.60545349121094,1.0,220.0026092529297,249.8321533203125,1.0,179.30831909179688,237.40719604492188,1.0,164.45687866210938,236.6715087890625,1.0,224.46311950683594,240.24722290039062,1.0,232.8599090576172,242.17628479003906,1.0,221.50218200683594,274.7159729003906,1.0,178.64698791503906,285.6747131347656,0.9999997615814209,236.66506958007812,284.9579162597656,1.0
181,212.19667053222656,224.96302795410156,1.0,220.15133666992188,249.77227783203125,1.0,179.24484252929688,237.18014526367188,1.0,164.46885681152344,236.61082458496094,1.0,224.5292205810547,240.05401611328125,1.0,232.91885375976562,242.05426025390625,1.0,221.58572387695312,274.56024169921875,1.0,178.73277282714844,285.64697265625,0.9999997615814209,236.62962341308594,284.8763122558594,1.0
182,211.81431579589844,224.66583251953125,1.0,220.1109619140625,249.8882598876953,1.0,179.1505126953125,237.12899780273438,1.0,164.30027770996094,236.39157104492188,1.0,224.4860382080078,239.9654541015625,1.0,232.85150146484375,241.99954223632812,1.0,221.58851623535156,275.05035400390625,1.0,179.0650177001953,285.4849548339844,0.9999997615814209,236.42245483398438,284.9554443359375,1.0
183,211.6231231689453,224.67855834960938,1.0,220.01136779785156,249.92724609375,1.0,179.13955688476562,237.14877319335938,1.0,164.0243377685547,236.34524536132812,1.0,224.51414489746094,239.9534912109375,1.0,232.83314514160156,241.90936279296875,1.0,221.70361328125,275.0228576660156,1.0,178.86280822753906,285.5812683105469,0.9999996423721313,236.58790588378906,285.07757568359375,1.0
184,211.5923614501953,224.3568878173828,1.0,220.06076049804688,250.24838256835938,1.0,179.08316040039062,236.9732666015625,1.0,163.87779235839844,236.21170043945312,1.0,224.48780822753906,240.0066375732422,1.0,232.94732666015625,242.13426208496094,1.0,221.7333221435547,275.3424987792969,1.0,178.75267028808594,285.5567626953125,0.9999994039535522,236.48312377929688,284.8934631347656,1.0
185,210.3440399169922,223.77638244628906,1.0,218.45465087890625,250.40830993652344,1.0,175.9864959716797,237.21673583984375,1.0,161.9178009033203,235.4503631591797,1.0,223.3641357421875,239.24493408203125,1.0,232.31666564941406,241.86851501464844,1.0,220.40248107910156,275.7642517089844,1.0,176.3979949951172,285.8314514160156,0.9999985694885254,235.23892211914062,284.4042053222656,1.0
186,206.5163116455078,222.8462371826172,1.0,215.72755432128906,249.18722534179688,1.0,174.22216796875,236.35458374023438,1.0,159.71226501464844,235.62351989746094,1.0,221.3022918701172,237.89187622070312,1.0,230.90284729003906,240.5471649169922,1.0,216.0472412109375,274.9198303222656,1.0,173.9913330078125,286.2756042480469,0.9999992847442627,233.0912322998047,284.1770324707031,1.0
187,204.23294067382812,222.8666229248047,1.0,213.353759765625,248.89898681640625,1.0,172.1900177001953,236.68182373046875,1.0,158.26705932617188,235.2503662109375,1.0,219.34332275390625,237.1934356689453,1.0,229.3162078857422,239.49082946777344,1.0,213.53489685058594,274.6778564453125,1.0,172.810302734375,286.7918395996094,0.9999980926513672,231.560546875,284.2198791503906,1.0
188,202.89695739746094,222.30503845214844,1.0,211.46849060058594,247.9160614013672,1.0,171.05426025390625,236.6568603515625,1.0,157.15139770507812,235.43592834472656,1.0,218.1161651611328,236.58047485351562,1.0,227.9469451904297,239.1250457763672,1.0,211.97265625,273.4814758300781,1.0,171.8116455078125,286.3941955566406,0.9999991655349731,230.32052612304688,283.44976806640625,1.0
189,202.1259002685547,222.30152893066406,1.0,210.56732177734375,247.87109375,1.0,170.02767944335938,236.9313201904297,1.0,155.82875061035156,235.45901489257812,1.0,217.8192138671875,236.77694702148438,1.0,227.84951782226562,239.16448974609375,1.0,211.01426696777344,273.4122619628906,1.0,171.44776916503906,286.6656799316406,0.999998927116394,229.9130401611328,283.733642578125,1.0
190,201.4912872314453,222.12451171875,1.0,209.6464385986328,248.0059356689453,1.0,169.69674682617188,236.3162841796875,1.0,154.8415069580078,235.40318298339844,1.0,217.72845458984375,237.06568908691406,1.0,227.46417236328125,239.16990661621094,1.0,210.26809692382812,273.5182800292969,1.0,170.53958129882812,286.60980224609375,0.9999978542327881,228.8549346923828,283.5373840332031,1.0
191,201.36871337890625,221.79177856445312,1.0,208.8069610595703,248.05723571777344,1.0,169.6583709716797,235.920166015625,1.0,154.92642211914062,235.6536865234375,1.0,217.5543975830078,237.0631103515625,1.0,227.36439514160156,239.23153686523438,1.0,209.69277954101562,273.0481872558594,1.0,170.074951171875,286.420166015625,0.9999982118606567,228.39578247070312,283.3586120605469,1.0
192,201.55319213867188,221.99954223632812,1.0,209.17849731445312,248.28176879882812,1.0,169.4845733642578,235.6133575439453,1.0,155.023681640625,235.24282836914062,1.0,217.5325927734375,236.96493530273438,1.0,227.48785400390625,239.78713989257812,1.0,209.7458038330078,272.92120361328125,1.0,169.416748046875,286.5472412109375,0.9999971389770508,228.61398315429688,283.0203857421875,1.0
193,201.79115295410156,221.5808868408203,1.0,209.28616333007812,248.21742248535156,1.0,169.56434631347656,235.37945556640625,1.0,154.97039794921875,235.16610717773438,1.0,217.59129333496094,236.86282348632812,1.0,227.43380737304688,239.61924743652344,1.0,209.7357177734375,272.67822265625,1.0,169.65467834472656,286.33123779296875,0.9999978542327881,228.62747192382812,283.0141906738281,1.0
194,201.52821350097656,221.5001983642578,1.0,208.9921112060547,247.90921020507812,1.0,169.62413024902344,235.1907196044922,1.0,155.1296844482422,235.052490234375,1.0,217.55796813964844,236.91741943359375,1.0,227.25027465820312,239.740478515625,1.0,209.54193115234375,272.4996032714844,1.0,169.79991149902344,286.435791015625,0.9999979734420776,228.45826721191406,282.9901428222656,1.0
195,201.28668212890625,221.74612426757812,1.0,208.6798553466797,247.69012451171875,1.0,169.6761474609375,235.2747344970703,1.0,154.8634796142578,235.11997985839844,1.0,217.3935546875,236.7921905517578,1.0,227.2191162109375,239.5423126220703,1.0,209.35968017578125,272.2325744628906,1.0,169.78684997558594,286.2849426269531,0.9999985694885254,228.50131225585938,283.19659423828125,1.0
196,201.474609375,221.6900177001953,1.0,208.60536193847656,247.59829711914062,1.0,169.50350952148438,235.02877807617188,1.0,155.0777587890625,234.77188110351562,1.0,217.28125,236.65757751464844,1.0,227.08387756347656,239.42520141601562,1.0,209.12710571289062,272.4026794433594,1.0,169.62179565429688,286.1289367675781,0.9999991655349731,228.539306640625,283.19287109375,1.0
197,200.53359985351562,220.64163208007812,1.0,208.05836486816406,247.5648956298828,1.0,167.88392639160156,235.02914428710938,1.0,153.7237091064453,234.35009765625,1.0,216.9528350830078,236.41262817382812,1.0,226.57839965820312,239.1134796142578,1.0,208.4766082763672,272.4643249511719,1.0,168.9895477294922,286.25872802734375,0.9999988079071045,227.863037109375,283.00823974609375,1.0
198,197.82301330566406,219.90130615234375,1.0,204.48121643066406,245.9901123046875,1.0,164.8975830078125,235.1562957763672,1.0,150.3208465576172,234.12295532226562,1.0,214.40127563476562,235.65530395507812,1.0,224.66363525390625,238.53961181640625,1.0,204.47291564941406,271.02264404296875,1.0,165.90325927734375,284.0054626464844,1.0,224.11727905273438,281.64434814453125,1.0
199,193.22349548339844,219.90292358398438,1.0,199.61801147460938,245.09420776367188,1.0,161.42039489746094,234.97125244140625,1.0,147.90560913085938,233.736083984375,1.0,211.0946044921875,234.6779022216797,1.0,222.1660919189453,237.45977783203125,1.0,200.230224609375,270.84808349609375,1.0,163.52142333984375,284.0946350097656,1.0,221.61270141601562,281.5332946777344,1.0
200,189.1839599609375,219.91441345214844,1.0,195.42703247070312,244.67498779296875,1.0,158.46189880371094,234.4927215576172,1.0,144.9207305908203,233.69004821777344,1.0,207.3842315673828,233.46983337402344,1.0,219.564208984375,236.83657836914062,1.0,196.1864776611328,270.00543212890625,1.0,159.3457489013672,284.3038024902344,0.9999996423721313,218.5486297607422,281.147216796875,1.0
201,183.72702026367188,218.3020477294922,1.0,188.94082641601562,244.38882446289062,1.0,154.73260498046875,234.369140625,1.0,140.43756103515625,234.020751953125,1.0,203.95620727539062,233.8936004638672,1.0,216.4690704345703,235.40150451660156,1.0,189.24664306640625,269.7007141113281,1.0,154.2435760498047,282.3323974609375,0.9999998807907104,213.7227783203125,280.54205322265625,1.0
202,180.31190490722656,218.093017578125,1.0,184.23899841308594,244.53900146484375,1.0,151.21388244628906,234.0915985107422,1.0,137.49951171875,234.04054260253906,1.0,201.08328247070312,233.49256896972656,1.0,214.2538604736328,235.0583953857422,1.0,184.9593505859375,268.4937744140625,1.0,151.51881408691406,282.753662109375,1.0,210.2032470703125,280.4416198730469,1.0
203,177.14830017089844,218.22393798828125,1.0,181.43991088867188,244.416259765625,1.0,149.3589324951172,234.58265686035156,1.0,135.632568359375,234.56625366210938,1.0,198.84432983398438,233.43649291992188,1.0,212.2350616455078,234.67030334472656,1.0,182.44503784179688,268.71209716796875,1.0,149.77041625976562,282.9539489746094,1.0,207.59963989257812,280.2438049316406,1.0
204,176.10604858398438,217.88067626953125,1.0,180.49832153320312,243.98963928222656,1.0,148.15164184570312,234.72816467285156,1.0,134.40365600585938,234.53927612304688,1.0,197.65904235839844,232.9149169921875,1.0,210.1853485107422,234.97970581054688,1.0,181.21173095703125,268.9342956542969,1.0,148.04225158691406,282.68389892578125,1.0,206.65097045898438,279.30572509765625,1.0
205,174.3968048095703,217.95895385742188,1.0,177.98114013671875,244.46519470214844,1.0,146.87588500976562,234.58251953125,1.0,133.13137817382812,234.49705505371094,1.0,196.7009735107422,233.12911987304688,1.0,209.3404541015625,234.3911895751953,1.0,178.34616088867188,269.142822265625,1.0,146.29483032226562,282.3888854980469,1.0,204.89559936523438,279.3869323730469,1.0
206,172.74566650390625,217.8028106689453,1.0,176.1168670654297,244.2600860595703,1.0,144.9134521484375,234.5250244140625,1.0,131.32168579101562,235.21812438964844,1.0,195.20782470703125,232.91900634765625,1.0,208.32318115234375,234.64598083496094,1.0,176.40191650390625,268.8388671875,1.0,144.75184631347656,282.4354248046875,1.0,204.0643768310547,278.9195251464844,1.0
207,172.28878784179688,217.87559509277344,1.0,175.0748748779297,243.92503356933594,1.0,144.8638458251953,234.6123504638672,1.0,131.11135864257812,234.6522979736328,1.0,194.3167724609375,232.66812133789062,1.0,207.51426696777344,233.9314422607422,1.0,175.56993103027344,268.8658752441406,1.0,144.20095825195312,282.54937744140625,1.0,203.17568969726562,279.15130615234375,1.0
208,172.0485382080078,218.11941528320312,1.0,174.47256469726562,243.86094665527344,1.0,144.8553009033203,234.6412811279297,1.0,131.1064453125,234.47813415527344,1.0,193.99395751953125,232.656005859375,1.0,207.32693481445312,233.59095764160156,1.0,175.14703369140625,268.8503723144531,1.0,143.7119598388672,282.3844299316406,1.0,202.7689208984375,279.120849609375,1.0
209,171.7609405517578,217.87738037109375,1.0,174.47860717773438,243.86590576171875,1.0,144.73052978515625,234.8618927001953,1.0,130.9257049560547,234.51002502441406,1.0,193.8233184814453,232.7403106689453,1.0,207.3693389892578,233.6175994873047,1.0,175.22496032714844,268.9013671875,1.0,143.60238647460938,282.3902282714844,1.0,202.73104858398438,279.2044677734375,1.0
210,172.10328674316406,217.83279418945312,1.0,174.13925170898438,244.039306640625,1.0,144.99575805664062,234.72381591796875,1.0,130.8041534423828,234.29019165039062,1.0,194.015380859375,232.65847778320312,1.0,207.5426025390625,233.58534240722656,1.0,175.3270721435547,268.7556457519531,1.0,143.672607421875,282.251220703125,1.0,202.896728515625,279.104248046875,1.0
211,173.15536499023438,218.31541442871094,1.0,174.79933166503906,244.28421020507812,1.0,146.29368591308594,234.03981018066406,1.0,131.6031494140625,233.9747772216797,1.0,195.1502227783203,232.7709197998047,1.0,208.1737518310547,233.1632537841797,1.0,175.7513427734375,268.6703796386719,1.0,144.32591247558594,281.6528625488281,1.0,203.31735229492188,278.8342590332031,1.0
212,174.00482177734375,217.72979736328125,1.0,175.5763397216797,243.90306091308594,1.0,147.37289428710938,233.24203491210938,1.0,133.3691864013672,233.98712158203125,1.0,196.28623962402344,232.65866088867188,1.0,209.1327362060547,233.2977752685547,1.0,176.46180725097656,268.69293212890625,1.0,144.88641357421875,281.35986328125,1.0,204.05300903320312,278.6899719238281,1.0
213,174.3649139404297,218.1123504638672,1.0,176.7841339111328,243.62327575683594,1.0,147.76063537597656,233.47769165039062,1.0,133.82595825195312,233.76922607421875,1.0,196.81321716308594,232.8674774169922,1.0,209.7550811767578,233.60850524902344,1.0,176.81256103515625,268.65887451171875,1.0,145.406494140625,281.6181945800781,1.0,204.24322509765625,279.09686279296875,1.0
214,174.6945037841797,218.00955200195312,1.0,176.9858856201172,243.63900756835938,1.0,147.80352783203125,233.7140350341797,1.0,133.8866424560547,233.8591766357422,1.0,196.92750549316406,232.9849395751953,1.0,209.8789825439453,233.87461853027344,1.0,177.02638244628906,268.3056335449219,1.0,145.51651000976562,281.675048828125,1.0,204.3458709716797,279.19354248046875,1.0
215,174.86293029785156,218.04214477539062,1.0,177.18704223632812,243.7712860107422,1.0,147.87506103515625,233.82652282714844,1.0,133.82986450195312,233.7723388671875,1.0,197.2210693359375,232.9409637451172,1.0,210.1641845703125,233.9649200439453,1.0,177.16754150390625,268.45733642578125,1.0,145.4708709716797,281.66253662109375,1.0,204.48904418945312,279.25177001953125,1.0
216,175.01004028320312,217.7532501220703,1.0,177.7671661376953,243.9142608642578,1.0,148.14657592773438,233.64926147460938,1.0,133.94686889648438,233.60203552246094,1.0,197.46669006347656,233.14796447753906,1.0,210.30349731445312,234.45367431640625,1.0,177.71499633789062,268.53375244140625,1.0,145.6738739013672,281.55657958984375,1.0,204.56475830078125,279.44207763671875,1.0
217,175.38916015625,217.6872100830078,1.0,177.8574981689453,243.9540557861328,1.0,148.2365264892578,234.01153564453125,1.0,133.8984832763672,233.8160858154297,1.0,197.59130859375,233.31716918945312,1.0,210.37034606933594,234.6433868408203,1.0,177.64410400390625,268.62396240234375,1.0,145.72769165039062,281.76470947265625,1.0,204.553466796875,279.52777099609375,1.0
218,175.40316772460938,217.7311248779297,1.0,177.8941192626953,244.0060577392578,1.0,148.201171875,234.1146697998047,1.0,134.05531311035156,233.9683380126953,1.0,197.7095184326172,233.3130645751953,1.0,210.4593963623047,234.88453674316406,1.0,177.5578155517578,268.7410888671875,1.0,145.5934600830078,281.720458984375,1.0,204.47752380371094,279.8597412109375,1.0
219,175.53086853027344,217.74008178710938,1.0,177.9710693359375,243.95840454101562,1.0,148.27322387695312,234.04698181152344,1.0,134.06698608398438,233.98141479492188,1.0,197.84661865234375,233.2194366455078,1.0,210.49855041503906,234.7716827392578,1.0,177.70367431640625,268.6654968261719,1.0,145.54959106445312,281.6645812988281,1.0,204.65921020507812,279.70843505859375,1.0
220,175.98989868164062,217.95684814453125,1.0,178.1042022705078,244.2760009765625,1.0,149.12538146972656,234.4298095703125,1.0,134.06546020507812,233.32054138183594,1.0,198.07730102539062,233.5169677734375,1.0,211.07228088378906,234.3772735595703,1.0,177.7871551513672,268.91876220703125,1.0,145.46939086914062,281.682861328125,1.0,204.57949829101562,279.9767150878906,1.0
221,177.47169494628906,217.85438537597656,1.0,179.066650390625,244.30755615234375,1.0,150.08018493652344,234.32284545898438,1.0,135.0836639404297,233.2818145751953,1.0,198.95448303222656,234.0062255859375,1.0,211.7465362548828,234.3817596435547,1.0,178.65200805664062,268.7016296386719,1.0,146.0037078857422,281.60296630859375,1.0,204.9686737060547,280.6029968261719,1.0
222,178.51638793945312,218.17092895507812,1.0,179.87356567382812,244.8408966064453,1.0,150.19198608398438,234.24916076660156,1.0,135.64871215820312,232.9638671875,1.0,199.87730407714844,234.51133728027344,1.0,212.76853942871094,235.27914428710938,1.0,179.2214813232422,268.72613525390625,1.0,146.7898712158203,281.6434326171875,1.0,205.73123168945312,281.0374755859375,1.0
223,176.41566467285156,218.0732421875,1.0,178.8419647216797,244.69125366210938,1.0,148.4884490966797,234.50669860839844,1.0,134.01983642578125,233.08900451660156,1.0,197.89942932128906,233.883056640625,1.0,210.81895446777344,234.82127380371094,1.0,178.47735595703125,268.9659423828125,1.0,145.84478759765625,281.808837890625,1.0,204.75848388671875,280.57843017578125,1.0
224,173.95193481445312,217.88153076171875,1.0,175.86276245117188,244.8620147705078,1.0,145.8802947998047,234.39601135253906,1.0,132.6359100341797,232.79486083984375,1.0,195.24298095703125,233.10794067382812,1.0,209.01011657714844,234.43228149414062,1.0,175.59213256835938,269.7769470214844,1.0,143.68919372558594,282.2102355957031,1.0,203.25425720214844,279.78167724609375,1.0
225,171.68215942382812,216.7881622314453,1.0,173.6919403076172,244.84658813476562,1.0,144.35797119140625,234.1308135986328,1.0,131.0387420654297,233.6107940673828,1.0,193.46994018554688,232.62596130371094,1.0,207.3905792236328,233.6338653564453,1.0,173.67665100097656,269.42596435546875,1.0,142.07345581054688,281.36968994140625,1.0,201.0216522216797,280.205322265625,1.0
226,171.67007446289062,218.62478637695312,1.0,172.84979248046875,244.74749755859375,1.0,144.01148986816406,235.23800659179688,1.0,130.2231903076172,233.5611114501953,1.0,193.88967895507812,236.09388732910156,1.0,206.05386352539062,233.31814575195312,1.0,172.97061157226562,268.767822265625,1.0,140.5306396484375,281.8505859375,1.0,199.88624572753906,279.7753601074219,1.0
227,170.41000366210938,218.71340942382812,1.0,172.0361328125,244.9127197265625,1.0,143.4879913330078,235.57867431640625,1.0,129.7410125732422,233.673828125,1.0,193.52320861816406,236.982421875,1.0,204.54344177246094,233.79061889648438,1.0,172.15560913085938,268.6172180175781,1.0,139.31561279296875,281.7103576660156,1.0,198.65040588378906,280.17449951171875,1.0
228,169.025146484375,218.3350830078125,1.0,170.43711853027344,244.75650024414062,1.0,142.34259033203125,234.16749572753906,1.0,129.18777465820312,234.0598602294922,1.0,191.30255126953125,234.463623046875,1.0,204.53500366210938,233.74404907226562,1.0,169.75247192382812,269.162109375,1.0,138.0618896484375,281.3212890625,1.0,197.3594970703125,280.49957275390625,1.0
229,168.4573516845703,217.87957763671875,1.0,169.4209442138672,244.8037567138672,1.0,141.54586791992188,234.2486114501953,1.0,127.50719451904297,233.32421875,1.0,190.531982421875,233.4571533203125,1.0,204.2929229736328,233.68736267089844,1.0,168.54588317871094,268.7599182128906,1.0,137.0081024169922,281.224853515625,1.0,196.97201538085938,280.4199523925781,1.0
230,168.03659057617188,217.42942810058594,1.0,168.69888305664062,244.5853271484375,1.0,141.26739501953125,233.8302764892578,1.0,127.04981231689453,233.14117431640625,1.0,190.3897705078125,233.3215789794922,1.0,204.0508575439453,233.3980712890625,1.0,168.11614990234375,268.69549560546875,1.0,137.22250366210938,280.9001159667969,1.0,196.76463317871094,280.0720520019531,1.0
231,167.98287963867188,217.39346313476562,1.0,168.60079956054688,244.3740234375,1.0,141.27328491210938,233.8471221923828,1.0,127.1222915649414,233.13775634765625,1.0,190.36048889160156,233.09803771972656,1.0,204.0866241455078,233.1197052001953,1.0,168.0659942626953,268.5943603515625,1.0,137.0054168701172,281.1261901855469,1.0,196.88941955566406,279.7736511230469,1.0
232,168.6553497314453,219.35630798339844,1.0,168.05531311035156,244.50758361816406,1.0,143.53579711914062,235.95001220703125,1.0,127.57637786865234,233.25411987304688,1.0,191.8990020751953,236.39796447753906,1.0,202.9189453125,232.68397521972656,1.0,168.00701904296875,267.6838073730469,1.0,136.91464233398438,280.9609680175781,1.0,196.36260986328125,279.6002197265625,1.0
233,168.56008911132812,219.81639099121094,1.0,167.92666625976562,244.55726623535156,1.0,146.39962768554688,237.5568084716797,0.9978557229042053,129.88058471679688,233.5937957763672,1.0,191.53598022460938,237.07968139648438,0.14859403669834137,202.0238494873047,232.64205932617188,1.0,167.78123474121094,266.4961242675781,1.0,137.42979431152344,280.5519714355469,1.0,197.12933349609375,278.9894714355469,1.0
234,170.5741424560547,217.55245971679688,1.0,170.2174835205078,242.44093322753906,1.0,144.22384643554688,233.351806640625,1.0,129.99118041992188,232.00357055664062,1.0,193.5908966064453,233.09881591796875,1.0,205.23045349121094,232.31988525390625,1.0,169.23655700683594,267.47491455078125,1.0,138.35684204101562,279.73150634765625,1.0,197.5030059814453,279.0526428222656,1.0
235,170.87887573242188,216.09226989746094,1.0,171.50732421875,242.43446350097656,1.0,143.72998046875,231.21104431152344,1.0,130.32943725585938,231.15695190429688,1.0,193.56336975097656,231.12059020996094,1.0,206.2501678466797,232.0204315185547,1.0,169.95700073242188,267.5376892089844,1.0,138.7539825439453,278.9035339355469,1.0,198.73760986328125,278.58612060546875,1.0
236,171.7289581298828,215.3806610107422,1.0,171.8641815185547,241.7316436767578,1.0,145.05018615722656,230.81768798828125,1.0,130.2727813720703,230.74012756347656,1.0,195.0859375,230.5758819580078,1.0,207.2178955078125,231.5970916748047,1.0,171.38011169433594,267.08734130859375,1.0,139.30897521972656,277.9942321777344,1.0,199.3640594482422,277.9573974609375,1.0
237,176.93991088867188,215.5611114501953,1.0,177.0262451171875,242.3681182861328,1.0,149.75338745117188,230.45358276367188,1.0,134.8734130859375,230.6354217529297,1.0,199.68946838378906,231.69143676757812,1.0,211.27528381347656,233.19564819335938,1.0,175.142333984375,267.45477294921875,1.0,142.90457153320312,277.5405578613281,1.0,202.50579833984375,278.3371276855469,1.0
238,181.19363403320312,215.7630157470703,1.0,182.09742736816406,242.93350219726562,1.0,153.00021362304688,230.64320373535156,1.0,137.389892578125,230.19149780273438,1.0,202.7446746826172,232.3091583251953,1.0,214.70159912109375,233.69552612304688,1.0,181.97494506835938,267.0422058105469,1.0,147.81564331054688,278.71185302734375,1.0,206.38522338867188,279.1700744628906,1.0
239,184.15725708007812,216.18450927734375,1.0,185.8869171142578,243.01707458496094,1.0,155.37838745117188,230.57754516601562,1.0,139.94094848632812,229.604736328125,1.0,204.7189178466797,232.7174530029297,1.0,216.63665771484375,234.8719940185547,1.0,184.93467712402344,267.4742126464844,1.0,149.91009521484375,279.0553283691406,1.0,208.1069793701172,280.27362060546875,1.0
240,186.23365783691406,216.5719451904297,1.0,188.23016357421875,243.45033264160156,1.0,157.3650360107422,231.06134033203125,1.0,141.58612060546875,230.10281372070312,1.0,206.19015502929688,234.08187866210938,1.0,218.19680786132812,236.85708618164062,1.0,187.1820526123047,267.86346435546875,1.0,151.97625732421875,279.257568359375,1.0,211.05868530273438,281.11187744140625,1.0
241,187.767822265625,217.00973510742188,1.0,190.59176635742188,243.87176513671875,1.0,158.93502807617188,231.57882690429688,1.0,143.6419219970703,230.2693634033203,1.0,207.65261840820312,235.07627868652344,1.0,220.27110290527344,237.63522338867188,1.0,188.83914184570312,268.66656494140625,1.0,153.5538787841797,279.7463684082031,1.0,212.7608184814453,281.548828125,1.0
242,189.38058471679688,217.3354949951172,1.0,192.5233154296875,244.4524383544922,1.0,160.076416015625,232.05807495117188,1.0,145.06924438476562,230.36886596679688,1.0,208.68536376953125,235.28189086914062,1.0,220.52598571777344,237.88290405273438,1.0,190.64161682128906,269.20318603515625,1.0,154.39535522460938,280.2106018066406,1.0,214.01980590820312,281.8428039550781,1.0
243,190.62435913085938,217.6569061279297,1.0,193.9392852783203,244.9465789794922,1.0,160.8358917236328,232.01922607421875,1.0,146.1511993408203,230.5147247314453,1.0,209.71530151367188,235.56993103027344,1.0,221.2662353515625,238.5262451171875,1.0,191.85012817382812,269.482177734375,1.0,155.45361328125,280.2897033691406,1.0,215.16099548339844,282.5066223144531,1.0
244,191.7530517578125,217.5875244140625,1.0,195.0152130126953,245.33169555664062,1.0,161.62060546875,231.98582458496094,1.0,147.0830078125,230.05116271972656,1.0,210.61886596679688,235.49343872070312,1.0,221.91941833496094,238.6959991455078,1.0,193.1387481689453,269.4645690917969,1.0,156.0784149169922,280.03759765625,1.0,216.16015625,282.5205383300781,1.0
245,193.06861877441406,218.12783813476562,1.0,195.61431884765625,245.756103515625,1.0,162.96238708496094,231.8589324951172,1.0,148.12799072265625,229.81166076660156,1.0,211.57225036621094,235.87893676757812,1.0,222.44529724121094,238.54812622070312,1.0,193.44737243652344,269.90997314453125,1.0,156.65879821777344,280.3922424316406,1.0,216.68980407714844,282.6871032714844,1.0
246,194.47291564941406,218.15855407714844,1.0,196.8144989013672,245.7921142578125,1.0,164.11773681640625,231.48788452148438,1.0,149.49618530273438,229.0609893798828,1.0,213.0106964111328,236.3088836669922,1.0,223.18531799316406,238.8031768798828,1.0,193.9589080810547,270.5787048339844,1.0,157.1328582763672,280.0514831542969,1.0,217.39797973632812,282.58636474609375,1.0
247,196.0351104736328,218.3645782470703,1.0,197.91517639160156,245.9069366455078,1.0,164.71258544921875,231.79579162597656,1.0,150.13668823242188,229.88975524902344,1.0,213.9124298095703,236.5137481689453,1.0,224.3340301513672,239.3111572265625,1.0,194.6630096435547,271.0316162109375,1.0,157.9899139404297,280.04705810546875,1.0,218.0900115966797,283.34490966796875,1.0
248,197.09681701660156,218.7358856201172,1.0,199.0415802001953,246.36289978027344,1.0,165.652099609375,231.45574951171875,1.0,150.70083618164062,229.75323486328125,1.0,214.6665802001953,236.8271484375,1.0,225.10882568359375,239.88720703125,1.0,196.26319885253906,271.5937194824219,1.0,158.8257293701172,280.3671875,1.0,219.23008728027344,283.54302978515625,1.0
249,197.93508911132812,218.8509063720703,1.0,199.34567260742188,246.89288330078125,1.0,166.90093994140625,231.5297393798828,1.0,151.4052276611328,230.11399841308594,1.0,215.24685668945312,237.20082092285156,1.0,226.40061950683594,240.8903045654297,1.0,196.89540100097656,271.8021545410156,1.0,159.19020080566406,280.2350158691406,1.0,220.0912628173828,284.1529235839844,1.0
250,198.21133422851562,218.82791137695312,1.0,200.11331176757812,246.98126220703125,1.0,167.22972106933594,231.3690185546875,1.0,151.56553649902344,229.59649658203125,1.0,215.94729614257812,237.5489959716797,1.0,226.613525390625,241.0756072998047,1.0,197.4458465576172,272.4964294433594,1.0,159.68777465820312,280.6551818847656,1.0,220.55934143066406,284.3866882324219,1.0
251,198.8434600830078,218.8557586669922,1.0,200.585205078125,247.10183715820312,1.0,167.97219848632812,230.9940185546875,1.0,152.10105895996094,229.31307983398438,1.0,216.2281951904297,237.44735717773438,1.0,226.75465393066406,241.27626037597656,1.0,197.5453338623047,272.67767333984375,1.0,160.0562286376953,280.5989685058594,1.0,220.9253387451172,284.2204895019531,1.0
252,199.60401916503906,219.1516876220703,1.0,201.44923400878906,246.96981811523438,1.0,168.48634338378906,230.8212432861328,1.0,152.94573974609375,229.1810760498047,1.0,216.82867431640625,237.4534149169922,1.0,227.12203979492188,241.1702117919922,1.0,198.2701873779297,272.5860595703125,1.0,160.7747344970703,280.8451843261719,1.0,221.33053588867188,283.98638916015625,1.0
253,200.59735107421875,219.08120727539062,1.0,202.33267211914062,246.86380004882812,1.0,169.0796356201172,230.36802673339844,1.0,153.09901428222656,227.76101684570312,1.0,217.1975860595703,237.36062622070312,1.0,227.35464477539062,241.4082794189453,1.0,198.60519409179688,272.0086975097656,1.0,160.90634155273438,280.0741882324219,1.0,221.39842224121094,284.0023193359375,1.0
254,200.92787170410156,219.16513061523438,1.0,202.76690673828125,246.5628662109375,1.0,169.22279357910156,230.20230102539062,1.0,153.19931030273438,227.6671905517578,1.0,217.2249298095703,237.37901306152344,1.0,227.65670776367188,241.48892211914062,1.0,198.92169189453125,272.0120849609375,1.0,161.1737518310547,280.05413818359375,1.0,221.39453125,283.8478698730469,1.0
255,200.7860565185547,218.581787109375,1.0,202.81446838378906,246.40802001953125,1.0,169.27491760253906,230.17221069335938,1.0,153.17608642578125,227.51705932617188,1.0,217.56304931640625,237.39573669433594,1.0,227.93141174316406,241.5801544189453,1.0,198.90335083007812,272.0606994628906,1.0,161.19346618652344,279.9665222167969,1.0,221.55438232421875,283.69390869140625,1.0
256,200.8528594970703,218.5990753173828,1.0,203.1423797607422,246.34613037109375,1.0,169.2078857421875,230.10789489746094,1.0,153.28985595703125,227.43641662597656,1.0,217.40335083007812,237.45884704589844,1.0,227.82632446289062,241.5906219482422,1.0,199.2498016357422,272.20751953125,1.0,161.26531982421875,280.14215087890625,1.0,221.73086547851562,283.79937744140625,1.0
257,200.71017456054688,218.32272338867188,1.0,202.95628356933594,246.27676391601562,1.0,169.3707275390625,230.05282592773438,1.0,153.4568328857422,227.53343200683594,1.0,217.3587188720703,237.44680786132812,1.0,227.9192657470703,241.51458740234375,1.0,199.2638702392578,271.9843444824219,1.0,161.20680236816406,280.23858642578125,1.0,221.72738647460938,283.8013610839844,1.0
258,201.02178955078125,218.31549072265625,1.0,203.08367919921875,246.54273986816406,1.0,169.63690185546875,230.11903381347656,1.0,153.52919006347656,227.72048950195312,1.0,217.43394470214844,237.51766967773438,1.0,228.01568603515625,241.62615966796875,1.0,199.39645385742188,271.9161071777344,1.0,161.17886352539062,280.1927185058594,1.0,221.6677703857422,283.8667907714844,1.0
259,201.2891387939453,218.60321044921875,1.0,203.28729248046875,246.66148376464844,1.0,169.7709197998047,230.13766479492188,1.0,153.5613250732422,227.40841674804688,1.0,217.5519561767578,237.6488494873047,1.0,228.14547729492188,241.65089416503906,1.0,199.59408569335938,271.8708190917969,1.0,161.21539306640625,280.052001953125,1.0,221.68368530273438,283.7917175292969,1.0
260,201.3290252685547,218.38775634765625,1.0,203.50128173828125,246.2318878173828,1.0,169.8343505859375,230.09603881835938,1.0,153.55233764648438,227.30941772460938,1.0,217.8655548095703,237.56983947753906,1.0,228.30645751953125,241.64537048339844,1.0,199.78919982910156,271.80230712890625,1.0,161.44198608398438,279.78912353515625,1.0,221.50637817382812,283.7392883300781,1.0
261,201.39578247070312,218.30325317382812,1.0,203.5818634033203,245.91488647460938,1.0,169.89422607421875,229.9622039794922,1.0,153.58767700195312,227.30108642578125,1.0,217.92701721191406,237.49424743652344,1.0,228.3889617919922,241.39566040039062,1.0,199.96437072753906,271.55413818359375,1.0,161.66207885742188,279.9933166503906,1.0,221.6780242919922,283.6520690917969,1.0
262,201.51690673828125,218.1053924560547,1.0,203.5896453857422,245.5507049560547,1.0,170.33140563964844,229.7446746826172,1.0,153.585205078125,227.25100708007812,1.0,217.89443969726562,237.2247772216797,1.0,228.22084045410156,241.35076904296875,1.0,200.01388549804688,271.4211120605469,1.0,161.75450134277344,279.8086242675781,1.0,221.83763122558594,283.5203552246094,1.0
263,201.794677734375,218.3212127685547,1.0,203.79640197753906,245.54661560058594,1.0,170.38253784179688,229.5792236328125,1.0,153.5893096923828,227.29449462890625,1.0,217.90957641601562,237.2318115234375,1.0,228.391845703125,241.3124237060547,1.0,200.01882934570312,271.1480407714844,1.0,161.71383666992188,279.5053405761719,1.0,221.7017059326172,283.4462585449219,1.0
264,202.11300659179688,217.30296325683594,1.0,203.98843383789062,245.01324462890625,1.0,170.21107482910156,228.76649475097656,1.0,153.67550659179688,227.28469848632812,1.0,218.19320678710938,237.20204162597656,1.0,228.44117736816406,240.9755096435547,1.0,200.37551879882812,271.0518493652344,1.0,161.98716735839844,279.40679931640625,1.0,221.5227508544922,283.6293640136719,1.0
265,201.91763305664062,216.7039337158203,1.0,204.0874481201172,244.769287109375,1.0,169.8411865234375,228.63819885253906,1.0,153.7316131591797,227.02687072753906,1.0,217.53878784179688,236.88906860351562,1.0,228.23843383789062,240.76612854003906,1.0,200.58485412597656,270.2307434082031,1.0,162.02474975585938,279.0729675292969,1.0,221.65692138671875,283.3351745605469,1.0
266,202.15313720703125,216.45382690429688,1.0,204.41726684570312,244.97337341308594,1.0,170.1663055419922,228.3971405029297,1.0,153.88543701171875,226.794189453125,1.0,217.53182983398438,236.55108642578125,1.0,228.32919311523438,240.49778747558594,1.0,200.56883239746094,270.1156311035156,1.0,162.15359497070312,278.7601623535156,1.0,221.54379272460938,283.2345275878906,1.0
267,201.93310546875,216.40423583984375,1.0,204.27383422851562,244.9488525390625,1.0,169.96463012695312,228.198486328125,1.0,153.69863891601562,226.6082305908203,1.0,217.38241577148438,236.61334228515625,1.0,228.40557861328125,240.46165466308594,1.0,200.56495666503906,269.98095703125,1.0,162.33023071289062,279.15301513671875,1.0,221.62359619140625,282.9254150390625,1.0
268,201.92955017089844,216.3667449951172,1.0,204.2629852294922,244.74688720703125,1.0,170.026123046875,227.91770935058594,1.0,153.686767578125,226.41749572753906,1.0,217.37461853027344,236.48080444335938,1.0,228.3473358154297,240.43795776367188,1.0,200.69842529296875,269.6808776855469,1.0,162.1773223876953,279.0184631347656,1.0,221.4753875732422,283.1296691894531,1.0
269,203.83212280273438,216.33938598632812,1.0,205.93734741210938,244.18836975097656,1.0,172.98074340820312,226.5914764404297,1.0,156.592529296875,225.06492614746094,1.0,219.0933074951172,236.38677978515625,1.0,229.25486755371094,238.85679626464844,1.0,202.05856323242188,269.1096496582031,1.0,164.22702026367188,276.9036560058594,1.0,221.33798217773438,282.37652587890625,1.0
270,208.51377868652344,215.7214813232422,1.0,210.1111297607422,243.32652282714844,1.0,175.7704620361328,226.26356506347656,1.0,160.1448211669922,224.0421600341797,1.0,222.66050720214844,235.95579528808594,1.0,232.17747497558594,238.89512634277344,1.0,206.8596954345703,267.6681823730469,1.0,167.51385498046875,277.175048828125,1.0,225.43463134765625,281.37225341796875,1.0
271,211.1835479736328,215.61351013183594,1.0,213.13014221191406,243.80746459960938,1.0,177.6173553466797,226.23965454101562,1.0,161.56678771972656,223.48451232910156,1.0,224.5185546875,236.50927734375,1.0,233.6138458251953,239.60972595214844,1.0,209.4697723388672,267.2913513183594,1.0,169.287841796875,276.2865295410156,1.0,227.2093505859375,281.9105224609375,1.0
272,212.9497833251953,215.548828125,1.0,215.06777954101562,243.50558471679688,1.0,179.61492919921875,227.0347442626953,1.0,163.83311462402344,223.8389434814453,1.0,225.4556427001953,236.772705078125,1.0,234.25218200683594,240.57376098632812,1.0,212.2251739501953,267.9620056152344,1.0,171.14718627929688,275.6480712890625,1.0,229.1940460205078,282.3970642089844,1.0
273,214.7490692138672,215.98324584960938,1.0,216.96817016601562,244.32974243164062,1.0,181.1048126220703,227.0872344970703,1.0,165.27882385253906,223.91546630859375,1.0,226.41262817382812,236.9533233642578,1.0,234.94412231445312,240.66725158691406,1.0,214.3771514892578,268.36083984375,1.0,173.47213745117188,276.40673828125,1.0,231.0782470703125,282.8564453125,1.0
274,216.13160705566406,216.3538055419922,1.0,218.58241271972656,244.99969482421875,1.0,182.2922821044922,227.00721740722656,1.0,166.4365692138672,224.0280303955078,1.0,227.726318359375,237.45187377929688,1.0,236.2130126953125,240.6888885498047,1.0,216.21560668945312,268.3073425292969,1.0,174.6801300048828,277.2164611816406,1.0,232.29270935058594,282.9634094238281,1.0
275,216.69976806640625,217.0557861328125,1.0,218.9744415283203,244.98828125,1.0,182.8381805419922,226.92745971679688,1.0,166.884521484375,224.28575134277344,1.0,228.49911499023438,238.14869689941406,1.0,237.04959106445312,241.16336059570312,1.0,216.77310180664062,268.1275939941406,1.0,175.1048583984375,277.33367919921875,1.0,232.85562133789062,282.8530578613281,1.0
276,217.2050018310547,217.3444061279297,1.0,219.4867401123047,245.18246459960938,1.0,183.0398712158203,227.5434112548828,1.0,167.20484924316406,224.53131103515625,1.0,227.7219696044922,239.3323516845703,1.0,237.19630432128906,241.56951904296875,1.0,216.98321533203125,268.20050048828125,1.0,175.0648193359375,277.6644287109375,1.0,233.12232971191406,282.8213806152344,1.0
277,217.51954650878906,217.68621826171875,1.0,219.86041259765625,245.68597412109375,1.0,183.162841796875,227.82749938964844,1.0,167.15089416503906,224.8310546875,1.0,227.998779296875,239.3368377685547,1.0,237.31155395507812,241.6022491455078,1.0,217.0275115966797,268.7049865722656,1.0,174.9734344482422,277.66326904296875,1.0,232.9678192138672,283.1827392578125,1.0
278,216.91000366210938,219.7091522216797,1.0,220.181396484375,246.83621215820312,1.0,184.0328369140625,229.15521240234375,1.0,168.0200958251953,225.4276123046875,1.0,228.7192840576172,239.42616271972656,1.0,237.46441650390625,241.9353790283203,1.0,217.05101013183594,269.526123046875,1.0,174.97073364257812,278.15130615234375,1.0,233.1215057373047,283.47491455078125,1.0
279,217.13809204101562,220.73020935058594,1.0,220.08702087402344,248.29537963867188,1.0,183.86952209472656,230.1483612060547,1.0,168.68771362304688,226.4325714111328,1.0,228.40509033203125,240.5972900390625,1.0,236.4221649169922,243.6757354736328,1.0,216.92237854003906,270.332275390625,1.0,175.2650604248047,278.9833068847656,1.0,233.1653289794922,284.00433349609375,1.0
280,216.9525909423828,220.74270629882812,1.0,219.97694396972656,248.74818420410156,1.0,183.8546142578125,230.637939453125,1.0,168.49380493164062,227.1818389892578,1.0,228.3082733154297,240.64561462402344,1.0,236.5233917236328,243.9755401611328,1.0,217.00306701660156,270.6943054199219,1.0,175.61973571777344,279.6241149902344,1.0,233.1558837890625,284.4683532714844,1.0
281,215.92495727539062,221.371337890625,1.0,219.732177734375,249.0558624267578,1.0,183.3514862060547,231.82901000976562,1.0,168.2248077392578,227.92666625976562,1.0,227.95553588867188,241.38540649414062,1.0,236.28285217285156,244.2217559814453,1.0,216.61146545410156,272.06658935546875,1.0,174.80691528320312,280.4309387207031,0.9999998807907104,233.3672332763672,284.9140319824219,1.0
282,214.8446502685547,221.74745178222656,1.0,218.86782836914062,249.6024932861328,1.0,182.3748016357422,232.92921447753906,1.0,167.98123168945312,229.11048889160156,1.0,227.56240844726562,241.6624755859375,1.0,236.0704803466797,244.1595916748047,1.0,215.8552703857422,273.46832275390625,1.0,173.611572265625,281.1893310546875,0.9999997615814209,233.4587860107422,284.9954528808594,1.0
283,214.381103515625,223.15447998046875,1.0,217.78372192382812,251.25791931152344,1.0,181.5313720703125,233.561279296875,1.0,167.16917419433594,229.96176147460938,1.0,226.80592346191406,242.4771728515625,1.0,236.01234436035156,245.51113891601562,1.0,214.46681213378906,274.9591369628906,1.0,173.0790557861328,281.8085021972656,0.9999997615814209,232.65658569335938,285.2313232421875,1.0
284,213.75877380371094,223.3753662109375,1.0,216.43460083007812,251.39002990722656,1.0,181.2064208984375,233.75900268554688,1.0,166.21603393554688,230.23214721679688,1.0,226.60438537597656,242.76046752929688,1.0,235.83164978027344,245.76193237304688,1.0,213.94589233398438,275.648193359375,1.0,171.96580505371094,282.2035827636719,0.9999996423721313,232.47872924804688,285.64044189453125,0.9999998807907104
285,212.7958526611328,224.08514404296875,1.0,215.44671630859375,251.9080047607422,1.0,180.26971435546875,235.8667449951172,1.0,165.44967651367188,231.6112518310547,1.0,225.74298095703125,244.0465545654297,1.0,235.4357147216797,246.1730194091797,1.0,213.2593994140625,276.1962585449219,1.0,170.38719177246094,283.2571716308594,0.9999996423721313,232.18040466308594,286.19732666015625,0.9999998807907104
286,211.8900146484375,224.53623962402344,1.0,214.31849670410156,252.43548583984375,1.0,179.0161895751953,236.22927856445312,1.0,164.50453186035156,231.816162109375,1.0,225.33409118652344,244.65672302246094,1.0,234.9659881591797,246.32528686523438,1.0,212.16603088378906,277.7468566894531,1.0,169.4939422607422,283.8280334472656,0.9999995231628418,231.7500762939453,286.2399597167969,0.9999998807907104
287,211.12088012695312,224.8516082763672,1.0,213.85678100585938,252.2037811279297,1.0,178.40481567382812,236.18588256835938,1.0,164.02349853515625,231.97940063476562,1.0,224.55958557128906,244.51528930664062,1.0,234.54405212402344,246.51498413085938,1.0,211.6395721435547,277.6163635253906,1.0,169.07025146484375,283.8209228515625,0.9999998807907104,231.0571746826172,286.38238525390625,1.0
288,210.14671325683594,224.76292419433594,1.0,212.98675537109375,252.14508056640625,1.0,176.96339416503906,236.24778747558594,1.0,162.2433624267578,231.82115173339844,1.0,224.5296173095703,244.60960388183594,1.0,234.55514526367188,246.641357421875,1.0,210.3392333984375,276.7198791503906,1.0,167.3023223876953,284.34564208984375,0.9999998807907104,229.7555694580078,285.954345703125,1.0
289,208.27084350585938,224.2808074951172,1.0,209.6942138671875,252.5747528076172,1.0,175.1577606201172,236.59417724609375,1.0,160.70323181152344,232.43328857421875,1.0,223.36231994628906,244.94073486328125,1.0,233.50279235839844,246.1536407470703,1.0,207.6429443359375,276.7877502441406,1.0,166.57394409179688,284.3736572265625,0.9999998807907104,228.0116729736328,285.9347839355469,1.0
290,206.65455627441406,224.47320556640625,1.0,208.05654907226562,253.46237182617188,1.0,173.96575927734375,237.05154418945312,1.0,158.56491088867188,232.82192993164062,1.0,221.9578857421875,244.5639190673828,1.0,232.02178955078125,245.5752716064453,1.0,206.22779846191406,277.4966735839844,1.0,166.19847106933594,284.60699462890625,0.9999997615814209,226.7283935546875,286.6435852050781,1.0
291,205.63894653320312,224.78121948242188,1.0,207.31605529785156,253.29600524902344,1.0,173.2056121826172,237.3318634033203,1.0,158.02481079101562,232.82510375976562,1.0,221.5690460205078,244.05770874023438,1.0,231.58323669433594,245.05931091308594,1.0,205.56431579589844,277.53564453125,1.0,165.5394744873047,284.8395080566406,0.9999996423721313,226.03053283691406,286.89959716796875,1.0
292,204.76043701171875,225.2921905517578,1.0,206.74974060058594,253.5522003173828,1.0,172.69309997558594,237.423583984375,1.0,157.57208251953125,232.7196807861328,1.0,221.01409912109375,243.80079650878906,1.0,231.5625,245.46925354003906,1.0,204.9012451171875,277.6481628417969,1.0,164.87547302246094,284.80731201171875,0.9999995231628418,226.00137329101562,286.8397521972656,0.9999998807907104
293,204.46145629882812,225.2393035888672,1.0,206.31187438964844,253.4464569091797,1.0,172.1978759765625,237.42330932617188,1.0,156.87875366210938,232.74478149414062,1.0,220.60186767578125,243.7575225830078,1.0,231.35626220703125,245.3448486328125,1.0,204.46571350097656,277.57037353515625,1.0,165.1009063720703,284.9857482910156,0.9999996423721313,226.17550659179688,286.6885986328125,0.9999997615814209
294,204.0609588623047,225.322021484375,1.0,206.1490020751953,253.70021057128906,1.0,171.81459045410156,237.39004516601562,1.0,156.4748077392578,232.85223388671875,1.0,220.53390502929688,243.36984252929688,1.0,231.36216735839844,245.07330322265625,1.0,204.23915100097656,277.75836181640625,1.0,165.1569366455078,284.9330139160156,0.9999996423721313,226.2152099609375,286.63458251953125,0.9999996423721313
295,203.63917541503906,224.6200408935547,1.0,205.93861389160156,253.94656372070312,1.0,171.62229919433594,236.20492553710938,1.0,156.67709350585938,232.84458923339844,1.0,219.60958862304688,242.3087158203125,1.0,231.26278686523438,245.374267578125,1.0,204.0719451904297,277.65380859375,1.0,165.1893768310547,284.8778076171875,0.9999994039535522,226.2357940673828,286.5806579589844,0.9999998807907104
296,203.59544372558594,223.99652099609375,1.0,205.64303588867188,254.04815673828125,1.0,171.57223510742188,235.12408447265625,1.0,156.53219604492188,232.1311492919922,1.0,219.92471313476562,242.3200225830078,1.0,231.19041442871094,245.0825958251953,1.0,203.82269287109375,277.7937927246094,1.0,164.66612243652344,284.56829833984375,0.9999996423721313,226.04454040527344,286.6758117675781,0.9999997615814209
297,203.49176025390625,223.97491455078125,1.0,205.13995361328125,254.06834411621094,1.0,171.29412841796875,235.24534606933594,1.0,156.433837890625,232.21127319335938,1.0,219.9264373779297,242.26568603515625,1.0,231.3055877685547,244.97286987304688,1.0,203.70387268066406,277.7013244628906,1.0,164.43484497070312,284.3399658203125,0.9999996423721313,226.0333251953125,286.75830078125,0.9999997615814209
298,203.40432739257812,223.9310302734375,1.0,205.33741760253906,253.83843994140625,1.0,171.25311279296875,235.10914611816406,1.0,155.92617797851562,232.14154052734375,1.0,219.9582977294922,242.036865234375,1.0,231.33486938476562,244.9706573486328,1.0,203.5596923828125,277.6311340332031,1.0,164.27609252929688,284.3016662597656,0.9999996423721313,226.26637268066406,286.6559143066406,0.9999994039535522
299,203.50030517578125,223.04278564453125,1.0,205.0083465576172,253.5535888671875,1.0,171.08685302734375,233.97039794921875,1.0,155.8516082763672,231.75450134277344,1.0,219.73345947265625,241.43545532226562,1.0,231.16909790039062,244.97735595703125,1.0,203.41827392578125,277.4484558105469,1.0,164.23483276367188,284.23443603515625,0.9999996423721313,226.22134399414062,286.5074462890625,0.9999997615814209
300,203.20814514160156,222.6020965576172,1.0,205.1754150390625,252.7686004638672,1.0,170.46461486816406,233.45938110351562,1.0,155.23756408691406,231.45281982421875,1.0,219.65719604492188,240.96336364746094,1.0,231.09486389160156,244.6124267578125,1.0,203.41844177246094,277.3872985839844,1.0,164.29722595214844,284.2157897949219,0.9999998807907104,225.85140991210938,286.4828186035156,0.9999998807907104
301,203.21827697753906,222.1188507080078,1.0,204.96932983398438,252.4170684814453,1.0,170.31410217285156,233.1356658935547,1.0,154.89950561523438,231.43409729003906,1.0,219.62220764160156,240.57565307617188,1.0,230.94879150390625,244.44818115234375,1.0,203.29864501953125,277.0863952636719,1.0,164.3494873046875,284.20318603515625,0.9999998807907104,225.81759643554688,286.33935546875,0.9999998807907104
302,203.2557373046875,221.99732971191406,1.0,204.73658752441406,252.53622436523438,1.0,170.191162109375,233.3959503173828,1.0,154.9691925048828,231.37522888183594,1.0,219.50376892089844,240.48324584960938,1.0,230.8627471923828,244.31027221679688,1.0,203.064453125,276.8195495605469,1.0,164.14892578125,283.9566345214844,0.9999998807907104,225.71530151367188,286.2825927734375,0.9999998807907104
303,203.39395141601562,221.96043395996094,1.0,204.8106231689453,252.17724609375,1.0,170.25088500976562,233.51124572753906,1.0,154.8763885498047,231.442138671875,1.0,219.4879150390625,240.52117919921875,1.0,230.84385681152344,244.62197875976562,1.0,202.90769958496094,277.13995361328125,1.0,164.25453186035156,284.0223083496094,0.9999998807907104,225.63681030273438,286.3456726074219,0.9999998807907104
304,203.4174346923828,221.80259704589844,1.0,204.7460479736328,252.2615966796875,1.0,170.26275634765625,233.3677978515625,1.0,154.87640380859375,231.21530151367188,1.0,219.5732421875,240.6202850341797,1.0,230.8672637939453,244.65667724609375,1.0,202.8480224609375,276.9144287109375,1.0,164.13194274902344,284.00531005859375,0.9999998807907104,225.4288787841797,286.4801940917969,0.9999998807907104
305,203.35105895996094,221.78968811035156,1.0,204.6738739013672,251.81629943847656,1.0,170.2982940673828,233.3030548095703,1.0,154.96524047851562,231.11923217773438,1.0,219.59642028808594,240.48873901367188,1.0,230.78570556640625,244.45529174804688,1.0,202.793701171875,276.99151611328125,1.0,163.97671508789062,284.0995178222656,0.9999998807907104,225.3048095703125,286.3917236328125,0.9999998807907104
306,203.05577087402344,221.73291015625,1.0,204.45042419433594,251.8074188232422,1.0,170.16078186035156,233.33370971679688,1.0,154.6704559326172,231.0626220703125,1.0,219.49871826171875,240.47103881835938,1.0,230.7139129638672,244.42747497558594,1.0,202.6233673095703,277.1040344238281,1.0,163.8601531982422,284.09210205078125,0.9999998807907104,225.06468200683594,286.4972839355469,0.9999998807907104
307,203.00743103027344,221.7779541015625,1.0,204.37533569335938,251.80116271972656,1.0,170.20887756347656,233.33486938476562,1.0,154.7208709716797,231.1181182861328,1.0,219.43927001953125,240.4665985107422,1.0,230.63462829589844,244.3903350830078,1.0,202.47744750976562,277.10791015625,1.0,163.85023498535156,284.09307861328125,0.9999998807907104,224.93479919433594,286.4936828613281,0.9999998807907104
308,202.94090270996094,221.688720703125,1.0,204.5085906982422,251.6598663330078,1.0,170.16644287109375,233.28306579589844,1.0,154.6551513671875,231.1490478515625,1.0,219.4120330810547,240.4722900390625,1.0,230.56541442871094,244.24464416503906,1.0,202.6652374267578,276.88861083984375,1.0,163.97128295898438,284.24371337890625,0.9999997615814209,224.98216247558594,286.39263916015625,1.0
309,202.6902313232422,221.36683654785156,1.0,204.2870635986328,251.63479614257812,1.0,170.07086181640625,233.3028106689453,1.0,154.52151489257812,231.12071228027344,1.0,219.33126831054688,240.29649353027344,1.0,230.40716552734375,244.00901794433594,1.0,202.421630859375,277.02349853515625,1.0,164.09823608398438,284.1713562011719,0.9999998807907104,224.8175811767578,286.3424072265625,1.0
310,202.5838165283203,221.5041961669922,1.0,204.13650512695312,251.70703125,1.0,170.02740478515625,233.373779296875,1.0,154.41685485839844,231.1445770263672,1.0,219.3723907470703,240.0900115966797,1.0,230.58103942871094,243.90029907226562,1.0,202.44493103027344,276.740966796875,1.0,164.0203094482422,284.0243835449219,0.9999998807907104,224.73403930664062,286.44696044921875,1.0
311,202.5362091064453,221.41314697265625,1.0,204.18397521972656,251.62945556640625,1.0,169.8977813720703,233.36061096191406,1.0,154.2404327392578,231.0133514404297,1.0,219.4067840576172,240.15145874023438,1.0,230.6010284423828,243.7728729248047,1.0,202.61764526367188,276.5663146972656,1.0,163.8034210205078,283.999755859375,0.9999998807907104,224.69923400878906,286.2996826171875,1.0
312,202.6705780029297,221.59988403320312,1.0,204.86817932128906,251.4108428955078,1.0,170.25682067871094,233.5364227294922,1.0,154.73452758789062,230.8828887939453,1.0,219.35850524902344,240.1522979736328,1.0,230.4893035888672,243.49574279785156,1.0,202.60203552246094,276.4557189941406,1.0,163.8668975830078,283.6913757324219,1.0,224.72671508789062,286.317626953125,1.0
313,202.6354522705078,221.57691955566406,1.0,205.07705688476562,251.4719696044922,1.0,170.35850524902344,233.52850341796875,1.0,154.80319213867188,231.06553649902344,1.0,219.32875061035156,240.0618133544922,1.0,230.44735717773438,243.4772491455078,1.0,202.64971923828125,276.4546203613281,1.0,164.0885772705078,283.4431457519531,1.0,224.65032958984375,286.17291259765625,1.0
314,202.3919219970703,221.6959991455078,1.0,204.95655822753906,251.5375518798828,1.0,170.3480224609375,233.4363250732422,1.0,154.79473876953125,231.03790283203125,1.0,219.31939697265625,240.177734375,1.0,230.4685516357422,243.3608856201172,1.0,202.67498779296875,276.1439208984375,1.0,164.11546325683594,283.451171875,1.0,224.47816467285156,286.2041015625,1.0
315,202.54660034179688,221.582763671875,1.0,205.24734497070312,251.54855346679688,1.0,170.3611602783203,233.33189392089844,1.0,154.76133728027344,230.903564453125,1.0,219.35723876953125,240.13095092773438,1.0,230.49717712402344,243.24070739746094,1.0,203.02053833007812,275.9666748046875,1.0,164.0093994140625,283.3627014160156,0.9999998807907104,224.74853515625,286.2539978027344,1.0
316,202.65916442871094,221.461181640625,1.0,205.41966247558594,251.13870239257812,1.0,170.30686950683594,233.23385620117188,1.0,155.01129150390625,230.86825561523438,1.0,219.3567657470703,239.9874725341797,1.0,230.42103576660156,243.27073669433594,1.0,202.99937438964844,275.8303527832031,1.0,164.12953186035156,283.3631896972656,1.0,224.76556396484375,286.2701110839844,1.0
317,202.86322021484375,221.70675659179688,1.0,205.56053161621094,251.22152709960938,1.0,170.39418029785156,233.26519775390625,1.0,154.91136169433594,230.88758850097656,1.0,219.4392547607422,239.9822540283203,1.0,230.5478515625,243.17926025390625,1.0,203.2527618408203,275.8079528808594,1.0,164.1038818359375,283.25787353515625,1.0,224.8408203125,286.4409484863281,1.0
318,202.71327209472656,221.67861938476562,1.0,205.56295776367188,251.28565979003906,1.0,170.31826782226562,233.44857788085938,1.0,155.04859924316406,230.93545532226562,1.0,219.3480682373047,239.885009765625,1.0,230.56890869140625,242.95904541015625,1.0,203.4029998779297,275.5235900878906,1.0,164.4098358154297,283.2694396972656,1.0,224.99832153320312,286.33050537109375,1.0
319,203.02053833007812,221.65322875976562,1.0,205.9482421875,251.20736694335938,1.0,170.37437438964844,233.44522094726562,1.0,154.9362335205078,231.00669860839844,1.0,219.52330017089844,239.87225341796875,1.0,230.68641662597656,242.93324279785156,1.0,203.6692352294922,275.57598876953125,1.0,164.4595947265625,283.50732421875,1.0,225.1508026123047,286.28118896484375,1.0
320,203.1885986328125,221.80599975585938,1.0,206.05258178710938,251.55833435058594,1.0,170.3859100341797,233.59033203125,1.0,155.05763244628906,231.1490020751953,1.0,219.6975555419922,239.84254455566406,1.0,230.84727478027344,242.9485626220703,1.0,203.84010314941406,275.59857177734375,1.0,164.83090209960938,283.7159118652344,1.0,225.30850219726562,286.240234375,1.0
321,203.17849731445312,221.8011016845703,1.0,205.99337768554688,251.79006958007812,1.0,170.6101837158203,233.50555419921875,1.0,155.03146362304688,230.9845733642578,1.0,219.51979064941406,239.89808654785156,1.0,230.71836853027344,242.73980712890625,1.0,203.85585021972656,275.4753112792969,1.0,164.66162109375,283.6282043457031,1.0,225.33140563964844,286.301025390625,1.0
322,203.2769012451172,221.8521728515625,1.0,206.1230926513672,251.66578674316406,1.0,170.61082458496094,233.56036376953125,1.0,155.30538940429688,231.007080078125,1.0,219.72454833984375,239.85289001464844,1.0,230.78880310058594,242.6819610595703,1.0,203.97354125976562,275.46533203125,1.0,164.75267028808594,283.62847900390625,1.0,225.4545440673828,286.2975769042969,1.0
323,203.41075134277344,221.74609375,1.0,206.21682739257812,251.48297119140625,1.0,170.74307250976562,233.64414978027344,1.0,155.35055541992188,230.90679931640625,1.0,219.75987243652344,239.6751251220703,1.0,230.7525634765625,242.61190795898438,1.0,203.84727478027344,275.3593444824219,1.0,164.68045043945312,283.5595703125,1.0,225.35467529296875,286.2795715332031,1.0
324,203.542236328125,221.13339233398438,1.0,206.60067749023438,251.04823303222656,1.0,171.072021484375,233.21104431152344,1.0,155.9286651611328,231.13734436035156,1.0,219.86111450195312,239.4382781982422,1.0,230.912109375,242.34066772460938,1.0,204.19284057617188,275.6459655761719,1.0,164.8656463623047,283.5938720703125,0.9999998807907104,225.60433959960938,285.9075012207031,1.0
325,203.604248046875,220.9359893798828,1.0,206.45956420898438,250.95298767089844,1.0,171.15390014648438,233.241455078125,1.0,155.9342498779297,231.1101531982422,1.0,219.88601684570312,239.4108123779297,1.0,231.0016632080078,242.51461791992188,1.0,204.1400146484375,275.4811706542969,1.0,164.88671875,283.466064453125,0.9999998807907104,225.581298828125,285.97540283203125,1.0
326,203.6694793701172,220.8426971435547,1.0,206.63223266601562,250.5127410888672,1.0,171.1397705078125,232.70004272460938,1.0,155.88885498046875,230.8655242919922,1.0,220.11744689941406,239.16915893554688,1.0,231.04335021972656,242.5008544921875,1.0,204.24307250976562,275.2738952636719,1.0,165.00540161132812,283.26605224609375,0.9999998807907104,225.79843139648438,285.7267761230469,1.0
327,203.49234008789062,220.5402374267578,1.0,206.6794891357422,250.02569580078125,1.0,171.1715850830078,232.51046752929688,1.0,155.70669555664062,230.77757263183594,1.0,219.65492248535156,238.6701202392578,1.0,230.64585876464844,241.7349395751953,1.0,204.31298828125,275.01153564453125,1.0,165.0651397705078,283.3221130371094,0.9999998807907104,225.89706420898438,285.6148681640625,1.0
328,203.92068481445312,221.22230529785156,1.0,207.03640747070312,250.3138885498047,1.0,172.64109802246094,233.4108428955078,1.0,157.15545654296875,230.95852661132812,1.0,220.29367065429688,239.87757873535156,1.0,230.73049926757812,241.6512451171875,1.0,204.67691040039062,275.0068664550781,1.0,165.89950561523438,283.00567626953125,1.0,226.00045776367188,285.58245849609375,1.0
329,205.326171875,221.92138671875,1.0,208.4730682373047,250.10218811035156,1.0,174.15394592285156,233.6292724609375,1.0,158.00323486328125,231.1224822998047,1.0,221.01718139648438,239.8571319580078,1.0,231.20260620117188,241.54620361328125,1.0,205.73870849609375,275.0044250488281,1.0,165.9498291015625,282.95892333984375,1.0,226.7740020751953,285.1448059082031,1.0
330,206.34506225585938,222.41847229003906,1.0,208.2693634033203,250.5011444091797,1.0,174.8938751220703,233.86056518554688,1.0,159.34791564941406,231.35797119140625,1.0,221.04180908203125,240.11520385742188,1.0,231.03787231445312,241.5895538330078,1.0,207.00180053710938,275.51080322265625,1.0,166.3890838623047,283.2254333496094,0.9999998807907104,227.78579711914062,285.2290954589844,1.0
331,207.08648681640625,222.44735717773438,1.0,209.80039978027344,250.28732299804688,1.0,174.97618103027344,234.13938903808594,1.0,159.951171875,231.68051147460938,1.0,221.37503051757812,240.31668090820312,1.0,231.22816467285156,241.8515167236328,1.0,207.97222900390625,276.40185546875,1.0,166.8033905029297,283.7078552246094,0.9999998807907104,228.28106689453125,285.33782958984375,1.0
332,207.7819366455078,222.69757080078125,1.0,211.5644989013672,250.98556518554688,1.0,175.7877655029297,234.17153930664062,1.0,160.9209747314453,232.04811096191406,1.0,222.71969604492188,240.97735595703125,1.0,232.637939453125,243.1239776611328,1.0,208.92086791992188,276.28497314453125,1.0,168.49343872070312,284.0143127441406,0.9999997615814209,229.1842803955078,285.5751037597656,1.0
333,208.8602752685547,222.8631134033203,1.0,212.59780883789062,250.7281951904297,1.0,177.0702362060547,234.67897033691406,1.0,162.31985473632812,232.2490692138672,1.0,223.6677703857422,241.30264282226562,1.0,232.8196563720703,243.64303588867188,1.0,210.69374084472656,276.39349365234375,1.0,170.083984375,283.68792724609375,0.9999997615814209,229.9491729736328,285.9106750488281,1.0
334,209.559814453125,223.3455047607422,1.0,213.54298400878906,251.1915740966797,1.0,178.17343139648438,234.8714141845703,1.0,163.3289031982422,231.90257263183594,1.0,224.1202850341797,241.48678588867188,1.0,233.11044311523438,244.0459747314453,1.0,212.02415466308594,277.1568603515625,1.0,170.5423126220703,283.83514404296875,0.9999996423721313,231.1212615966797,285.83294677734375,1.0
335,209.90972900390625,223.52822875976562,1.0,213.93931579589844,251.31211853027344,1.0,178.29074096679688,234.71026611328125,1.0,163.67160034179688,232.05039978027344,1.0,224.22377014160156,241.4878387451172,1.0,233.1973419189453,243.96295166015625,1.0,212.3175048828125,277.3883361816406,1.0,170.7297821044922,283.9181823730469,0.9999996423721313,231.41197204589844,285.9879455566406,1.0
336,209.9088897705078,223.6388702392578,1.0,214.03359985351562,251.96533203125,1.0,178.36575317382812,234.97430419921875,1.0,163.37196350097656,231.9265899658203,1.0,224.39566040039062,241.60389709472656,1.0,233.26791381835938,243.76376342773438,1.0,212.75535583496094,277.0477294921875,1.0,170.56683349609375,284.1568908691406,0.9999997615814209,231.65072631835938,286.26336669921875,1.0
337,210.79525756835938,223.96214294433594,1.0,213.9345703125,251.60069274902344,1.0,179.64234924316406,234.40789794921875,1.0,164.0254364013672,231.84991455078125,1.0,224.99476623535156,241.2673797607422,1.0,233.85467529296875,243.6428985595703,1.0,213.25253295898438,277.122802734375,1.0,170.93687438964844,283.7449035644531,0.9999997615814209,232.0873565673828,285.8577575683594,0.9999998807907104
338,211.74130249023438,223.51007080078125,1.0,216.00497436523438,251.54351806640625,1.0,180.08470153808594,233.23129272460938,1.0,165.188232421875,231.4329376220703,1.0,225.78746032714844,240.62728881835938,1.0,234.10386657714844,242.8201446533203,1.0,215.30276489257812,277.52789306640625,1.0,172.4445037841797,283.75311279296875,0.9999997615814209,233.20013427734375,285.61083984375,1.0
339,213.3019561767578,222.73544311523438,1.0,218.47158813476562,251.23460388183594,1.0,180.9520721435547,233.10557556152344,1.0,165.6265411376953,231.56365966796875,1.0,226.77874755859375,240.41159057617188,1.0,234.63214111328125,242.4578857421875,1.0,217.1233367919922,277.04931640625,1.0,173.73985290527344,284.06121826171875,0.9999996423721313,234.2054443359375,285.535400390625,1.0
340,214.30374145507812,222.79214477539062,1.0,219.53579711914062,251.16567993164062,1.0,181.37840270996094,232.97189331054688,1.0,166.525146484375,231.22659301757812,1.0,227.22772216796875,240.5318145751953,1.0,235.08474731445312,242.68724060058594,1.0,218.00015258789062,276.6137390136719,1.0,174.3525390625,283.2494201660156,0.9999997615814209,234.53988647460938,285.93115234375,1.0
341,215.18482971191406,222.51002502441406,1.0,220.0507049560547,251.21998596191406,1.0,181.796142578125,232.87576293945312,1.0,166.97801208496094,231.17385864257812,1.0,227.44517517089844,240.546630859375,1.0,235.40240478515625,242.68649291992188,1.0,218.7738494873047,276.4838562011719,1.0,175.16236877441406,283.2420654296875,0.9999996423721313,235.4566192626953,286.0406188964844,1.0
342,215.40609741210938,222.415283203125,1.0,220.54539489746094,251.31007385253906,1.0,181.89662170410156,232.7664031982422,1.0,167.0379638671875,231.1009979248047,1.0,227.73143005371094,240.53028869628906,1.0,235.675537109375,242.76089477539062,1.0,219.36386108398438,276.2774658203125,1.0,175.1911163330078,283.29339599609375,0.9999996423721313,235.72132873535156,286.3121032714844,0.9999998807907104
343,216.44007873535156,222.2147674560547,1.0,221.27880859375,251.4668731689453,1.0,182.77932739257812,232.91195678710938,1.0,167.82058715820312,231.30210876464844,1.0,228.1197052001953,240.6742706298828,1.0,236.08706665039062,242.60821533203125,1.0,220.30445861816406,276.4134521484375,1.0,176.2454071044922,283.20989990234375,0.9999994039535522,236.55303955078125,286.7855529785156,0.9999998807907104
344,217.85289001464844,222.54318237304688,1.0,222.9110870361328,251.98646545410156,1.0,183.95945739746094,233.80177307128906,1.0,169.65786743164062,231.72706604003906,1.0,228.80270385742188,241.1828155517578,1.0,236.57872009277344,243.18753051757812,1.0,221.73524475097656,276.46722412109375,1.0,177.7600860595703,283.1893310546875,0.9999997615814209,237.1195831298828,286.9898681640625,0.9999997615814209
345,220.65847778320312,224.58819580078125,1.0,225.5734100341797,251.40411376953125,1.0,190.37803649902344,241.40689086914062,0.0006351497722789645,173.767578125,234.82359313964844,1.0,232.63658142089844,245.19784545898438,0.3648248612880707,239.68768310546875,246.40513610839844,0.9972641468048096,223.01710510253906,276.8407897949219,1.0,178.9904022216797,283.2244567871094,0.9999998807907104,237.38404846191406,287.7347717285156,0.9999465942382812
346,223.13558959960938,226.09877014160156,1.0,227.74403381347656,251.87037658691406,1.0,229.1123046875,297.00128173828125,0.00014228021609596908,178.7109375,235.77943420410156,1.0,235.30526733398438,246.31546020507812,0.07778855413198471,239.06320190429688,246.74826049804688,0.9948157668113708,225.94241333007812,276.718017578125,1.0,180.40286254882812,283.0310363769531,1.0,240.26124572753906,287.5658874511719,0.9998427629470825
347,223.52127075195312,225.10025024414062,1.0,228.67401123046875,252.37498474121094,1.0,194.23736572265625,242.15304565429688,0.003798428690060973,179.130859375,235.95285034179688,1.0,234.8039093017578,246.688232421875,0.8981616497039795,239.57337951660156,247.19012451171875,0.9993312358856201,227.0926971435547,277.2735900878906,1.0,181.41751098632812,283.23455810546875,1.0,241.5056610107422,287.8127746582031,0.9999324083328247
348,225.0215606689453,225.33563232421875,1.0,230.25790405273438,252.8486785888672,1.0,193.7378387451172,238.42343139648438,0.9999994039535522,178.68252563476562,234.49581909179688,1.0,234.58103942871094,246.78610229492188,0.9999700784683228,241.166259765625,247.50863647460938,0.9998421669006348,228.9006805419922,277.8524475097656,1.0,182.71072387695312,283.234130859375,1.0,243.2241973876953,287.5537414550781,0.9997979998588562
349,226.90188598632812,225.89793395996094,1.0,232.8710174560547,253.69699096679688,1.0,194.443359375,235.78131103515625,1.0,179.7055206298828,233.15545654296875,1.0,235.11138916015625,246.01425170898438,1.0,242.92733764648438,248.48304748535156,0.9999998807907104,231.03457641601562,278.5523986816406,1.0,185.0792999267578,283.4802551269531,0.9999998807907104,244.94955444335938,287.29595947265625,0.9999768733978271
350,226.9374542236328,225.28030395507812,1.0,233.64390563964844,253.80421447753906,1.0,195.22740173339844,235.05941772460938,1.0,180.15615844726562,232.41302490234375,1.0,236.26519775390625,243.88587951660156,1.0,243.6543426513672,247.15237426757812,0.9999998807907104,232.63119506835938,278.1148681640625,1.0,186.45809936523438,283.38372802734375,0.9999997615814209,245.87220764160156,286.1029968261719,0.9999805688858032
351,226.5232696533203,225.45309448242188,1.0,233.56422424316406,253.87416076660156,1.0,194.23892211914062,234.1866912841797,1.0,179.7386474609375,231.6865997314453,1.0,235.55361938476562,243.93087768554688,1.0,243.43618774414062,246.8973846435547,1.0,232.63165283203125,278.0265808105469,1.0,186.40664672851562,283.5692443847656,0.9999992847442627,246.3151092529297,286.0722961425781,0.9999828338623047
352,226.2094268798828,225.50083923339844,1.0,233.57199096679688,253.70533752441406,1.0,193.82955932617188,234.0632781982422,1.0,179.4053955078125,231.38917541503906,1.0,235.54705810546875,243.61717224121094,1.0,243.09921264648438,246.79466247558594,1.0,232.53549194335938,277.98016357421875,1.0,186.29086303710938,283.5068664550781,0.9999995231628418,245.92062377929688,286.0152282714844,0.9999929666519165
353,226.3299102783203,225.26239013671875,1.0,233.47842407226562,253.63418579101562,1.0,193.82398986816406,233.64138793945312,1.0,179.33941650390625,231.2154541015625,1.0,235.4589080810547,243.52813720703125,1.0,243.02183532714844,246.7199249267578,1.0,232.47683715820312,277.7709655761719,1.0,186.3793487548828,283.5127868652344,0.9999994039535522,245.91012573242188,285.92694091796875,0.9999961853027344
354,226.4801025390625,225.08712768554688,1.0,233.6946563720703,253.6652069091797,1.0,193.86468505859375,233.49977111816406,1.0,179.48324584960938,231.3260955810547,1.0,235.64695739746094,243.6103973388672,1.0,243.22364807128906,246.9119873046875,1.0,232.52162170410156,277.555908203125,1.0,186.3846435546875,283.48724365234375,0.9999995231628418,245.9434051513672,286.1727294921875,0.9999971389770508
355,226.43699645996094,225.1376495361328,1.0,233.6719207763672,254.0277862548828,1.0,193.8368682861328,233.8077850341797,1.0,179.49778747558594,231.4212188720703,1.0,235.74099731445312,243.72640991210938,1.0,243.2928466796875,247.0835418701172,1.0,232.54135131835938,277.8540954589844,1.0,186.35267639160156,283.4952392578125,0.9999995231628418,245.95748901367188,286.1867370605469,0.9999942779541016
356,226.71934509277344,225.1885986328125,1.0,234.03614807128906,254.21051025390625,1.0,194.10072326660156,233.5339813232422,1.0,179.7199249267578,231.28958129882812,1.0,235.86851501464844,243.79153442382812,1.0,243.3856964111328,247.2168731689453,1.0,232.95223999023438,277.9129943847656,1.0,186.2521514892578,283.3940124511719,0.9999996423721313,246.67869567871094,286.11492919921875,0.9999905824661255
357,227.1180419921875,225.1083984375,1.0,234.27850341796875,254.3371124267578,1.0,194.14112854003906,233.5443115234375,1.0,179.719482421875,231.01637268066406,1.0,236.0453643798828,243.7872772216797,1.0,243.60377502441406,247.41485595703125,1.0,233.05514526367188,277.9863586425781,1.0,186.0388946533203,283.08978271484375,0.9999996423721313,246.63662719726562,285.93695068359375,0.9999874830245972
358,227.44142150878906,224.99253845214844,1.0,234.35317993164062,254.4307861328125,1.0,194.2894287109375,233.6303253173828,1.0,179.657470703125,231.04150390625,1.0,236.15562438964844,243.84678649902344,1.0,243.62374877929688,247.71240234375,1.0,233.1984405517578,277.91998291015625,1.0,186.4741668701172,283.3329772949219,0.9999996423721313,246.69747924804688,285.8822937011719,0.9999929666519165
359,227.59214782714844,224.9961700439453,1.0,234.37648010253906,254.53538513183594,1.0,194.4641571044922,233.68142700195312,1.0,180.13467407226562,230.9339141845703,1.0,236.06326293945312,243.66400146484375,1.0,243.4695587158203,247.8092041015625,1.0,233.335693359375,277.97027587890625,1.0,186.90185546875,283.0351257324219,0.9999996423721313,246.64227294921875,285.7420959472656,0.9999964237213135
360,227.86648559570312,225.1605224609375,1.0,234.58511352539062,254.102783203125,1.0,194.63217163085938,233.61691284179688,1.0,180.72967529296875,231.07009887695312,1.0,236.14923095703125,243.59628295898438,1.0,243.6589813232422,246.90042114257812,1.0,233.7150421142578,277.6300048828125,1.0,188.0517120361328,282.92919921875,0.9999998807907104,247.2788543701172,285.5991516113281,0.9999868869781494
361,227.7520294189453,225.15789794921875,1.0,234.58139038085938,254.1512908935547,1.0,194.67306518554688,233.71926879882812,1.0,181.09475708007812,231.27078247070312,1.0,236.29000854492188,243.67335510253906,1.0,243.75369262695312,246.83932495117188,1.0,233.77377319335938,277.63238525390625,1.0,187.89630126953125,282.9904479980469,0.9999998807907104,247.30169677734375,285.569091796875,0.9999866485595703
362,228.0207977294922,225.119873046875,1.0,234.69410705566406,254.1367950439453,1.0,194.93655395507812,233.7051544189453,1.0,181.1761932373047,231.18472290039062,1.0,236.11398315429688,243.48556518554688,1.0,243.6912841796875,246.63388061523438,1.0,233.9887237548828,277.79559326171875,1.0,188.06228637695312,283.0415954589844,0.9999998807907104,247.8109130859375,285.3128967285156,0.9999853372573853
363,228.0778350830078,225.1959686279297,1.0,234.82058715820312,254.2314910888672,1.0,195.67767333984375,233.4324493408203,1.0,181.1272430419922,231.2397003173828,1.0,236.16452026367188,243.4439239501953,1.0,243.68453979492188,246.58163452148438,1.0,234.00404357910156,277.90216064453125,1.0,188.15830993652344,283.2071228027344,0.9999998807907104,247.8705291748047,285.1961975097656,0.999981164932251
364,228.3657684326172,225.12208557128906,1.0,235.13832092285156,254.2541961669922,1.0,195.74456787109375,233.36024475097656,1.0,181.28993225097656,231.36131286621094,1.0,236.3004608154297,243.45484924316406,1.0,243.82894897460938,246.61146545410156,1.0,234.47067260742188,277.5931701660156,1.0,188.27508544921875,283.0517578125,0.9999998807907104,248.62367248535156,284.9626770019531,0.9999159574508667
365,228.4794921875,224.8572235107422,1.0,235.2310791015625,254.24752807617188,1.0,195.74664306640625,233.29132080078125,1.0,181.4669189453125,231.29937744140625,1.0,236.27450561523438,243.482177734375,1.0,243.91578674316406,246.77816772460938,1.0,234.61746215820312,277.6416015625,1.0,188.29180908203125,282.61834716796875,0.9999998807907104,248.6201171875,284.99310302734375,0.9998794794082642
366,228.41366577148438,224.8374786376953,1.0,235.29747009277344,254.23899841308594,1.0,195.76625061035156,233.21975708007812,1.0,181.44190979003906,231.35855102539062,1.0,236.27682495117188,243.27178955078125,1.0,243.9437255859375,246.69091796875,1.0,234.55670166015625,277.6136779785156,1.0,188.26417541503906,282.5576477050781,0.9999998807907104,248.64639282226562,285.1387939453125,0.9999237060546875
367,228.37591552734375,224.50289916992188,1.0,235.4078826904297,254.16815185546875,1.0,195.78562927246094,233.2646942138672,1.0,181.39340209960938,231.34713745117188,1.0,236.49131774902344,243.111328125,1.0,244.04351806640625,246.48728942871094,1.0,234.80311584472656,277.5397033691406,1.0,188.41665649414062,282.623046875,0.9999998807907104,248.82147216796875,284.9664306640625,0.9998583793640137
368,228.5942840576172,224.5985107421875,1.0,235.70028686523438,254.25245666503906,1.0,195.26754760742188,233.5643310546875,1.0,181.4410400390625,230.92491149902344,1.0,236.58477783203125,243.02342224121094,1.0,244.08827209472656,246.36163330078125,1.0,235.1422576904297,277.629150390625,1.0,188.49325561523438,282.4240417480469,0.9999998807907104,249.05398559570312,284.9778137207031,0.9994885921478271
369,228.51817321777344,224.91871643066406,1.0,235.73712158203125,254.2550506591797,1.0,195.77987670898438,233.34323120117188,1.0,181.4325714111328,231.0342559814453,1.0,236.52232360839844,243.13865661621094,1.0,243.99281311035156,246.52037048339844,1.0,235.0887908935547,277.81048583984375,1.0,188.49032592773438,282.6489562988281,0.9999998807907104,249.20323181152344,284.75592041015625,0.999365508556366
370,228.6597442626953,224.92991638183594,1.0,235.84629821777344,254.33294677734375,1.0,195.95225524902344,233.29794311523438,1.0,181.66790771484375,231.18157958984375,1.0,236.57850646972656,243.23233032226562,1.0,244.0948486328125,246.73294067382812,1.0,235.8323211669922,278.0560302734375,1.0,188.7672882080078,282.6911315917969,0.9999998807907104,249.4331817626953,284.6304626464844,0.9989676475524902
371,229.2281494140625,225.07760620117188,1.0,236.09678649902344,254.42982482910156,1.0,195.9405517578125,233.48178100585938,1.0,181.83859252929688,231.09039306640625,1.0,236.83932495117188,243.65354919433594,1.0,244.19589233398438,246.63453674316406,0.9999998807907104,236.1921844482422,278.22332763671875,1.0,188.84190368652344,282.73089599609375,0.9999998807907104,249.56072998046875,284.6756286621094,0.9978852868080139
372,229.41294860839844,225.33883666992188,1.0,236.16342163085938,254.30062866210938,1.0,196.17295837402344,233.5497589111328,1.0,181.581298828125,231.44338989257812,1.0,237.01589965820312,244.042724609375,1.0,244.3934326171875,247.14198303222656,0.9999998807907104,236.349365234375,278.62347412109375,1.0,189.1916046142578,282.48492431640625,0.9999998807907104,249.94729614257812,285.0151062011719,0.9929607510566711
373,229.76266479492188,225.69993591308594,1.0,236.15133666992188,254.31494140625,1.0,196.3253631591797,233.71432495117188,1.0,181.52194213867188,231.5533447265625,1.0,237.1669158935547,244.15391540527344,1.0,244.46160888671875,247.35565185546875,0.9999998807907104,236.18801879882812,278.5811462402344,1.0,188.98448181152344,282.5196533203125,0.9999998807907104,250.0123291015625,285.1463623046875,0.9961901903152466
374,229.84788513183594,225.69212341308594,1.0,236.19239807128906,254.34173583984375,1.0,196.2635040283203,233.70179748535156,1.0,181.9027557373047,231.3376007080078,1.0,237.17620849609375,244.1381378173828,1.0,244.46328735351562,247.28781127929688,0.9999998807907104,236.41766357421875,278.5053405761719,1.0,189.2574920654297,282.9063415527344,0.9999998807907104,250.06906127929688,285.0158386230469,0.9939496517181396
375,230.00242614746094,225.46206665039062,1.0,236.4615020751953,254.46495056152344,1.0,196.19390869140625,233.6035919189453,1.0,181.4534912109375,231.41786193847656,1.0,237.31582641601562,244.20669555664062,1.0,244.51466369628906,247.4246826171875,0.9999997615814209,236.70925903320312,278.8602600097656,1.0,189.0016632080078,282.9744873046875,0.9999998807907104,250.16172790527344,285.3155212402344,0.9848582744598389
376,230.10385131835938,225.7048797607422,1.0,236.4630889892578,254.5040740966797,1.0,196.27890014648438,233.76148986816406,1.0,181.58261108398438,231.57627868652344,1.0,237.38966369628906,244.24154663085938,1.0,244.61231994628906,247.42807006835938,0.9999997615814209,236.75479125976562,278.804443359375,1.0,189.1501007080078,283.0163879394531,0.9999998807907104,250.3058624267578,285.4136962890625,0.9742366075515747
377,229.97901916503906,225.42140197753906,1.0,236.6359100341797,254.4552001953125,1.0,196.2960205078125,233.7976531982422,1.0,181.68283081054688,231.68382263183594,1.0,237.40359497070312,244.09205627441406,1.0,244.5717010498047,247.27725219726562,0.9999996423721313,237.15744018554688,278.83099365234375,1.0,189.66363525390625,283.10003662109375,0.9999998807907104,250.3820037841797,285.5111389160156,0.9508410692214966
378,229.94761657714844,225.3162384033203,1.0,236.66258239746094,254.4510498046875,1.0,196.37338256835938,233.75819396972656,1.0,181.6908721923828,231.57289123535156,1.0,237.47601318359375,243.9356689453125,1.0,244.5325927734375,247.1344757080078,0.9999995231628418,237.2156219482422,278.9504699707031,1.0,189.47732543945312,283.1132507324219,0.9999998807907104,250.46658325195312,285.8013000488281,0.9701135754585266
379,230.20376586914062,225.43470764160156,1.0,236.87518310546875,254.41836547851562,1.0,196.3604736328125,233.77871704101562,1.0,181.61868286132812,231.61268615722656,1.0,237.58108520507812,243.8403778076172,1.0,244.53871154785156,247.0709991455078,0.9999997615814209,237.3534393310547,278.8708801269531,1.0,189.57557678222656,283.239990234375,0.9999998807907104,249.77587890625,286.341552734375,0.9908668994903564
380,230.44984436035156,225.4603729248047,1.0,236.93910217285156,254.38198852539062,1.0,196.35659790039062,233.761474609375,1.0,181.7092742919922,231.57601928710938,1.0,237.71035766601562,243.68331909179688,1.0,244.6345977783203,246.7449188232422,0.9999997615814209,237.6593780517578,278.86669921875,1.0,189.7565155029297,283.2809753417969,0.9999997615814209,249.8482208251953,286.3194885253906,0.9559429883956909
381,230.55548095703125,225.42913818359375,1.0,236.83924865722656,254.4490966796875,1.0,196.462158203125,233.84475708007812,1.0,181.69203186035156,231.6389617919922,1.0,237.72750854492188,243.8791046142578,1.0,244.69570922851562,246.86485290527344,0.9999991655349731,237.64120483398438,279.0892028808594,1.0,189.6579132080078,283.2750244140625,0.9999997615814209,250.6114501953125,285.5536193847656,0.8860095143318176
382,230.34559631347656,225.5936737060547,1.0,236.81129455566406,254.50411987304688,1.0,196.45628356933594,234.45803833007812,1.0,181.74501037597656,231.8832244873047,1.0,237.73898315429688,243.90626525878906,1.0,244.6458282470703,246.83070373535156,0.9999990463256836,237.65098571777344,279.2978515625,1.0,189.6319122314453,283.4086608886719,0.9999998807907104,250.41197204589844,285.8826904296875,0.8659670352935791
383,230.30807495117188,225.4310302734375,1.0,236.9315643310547,254.54629516601562,1.0,196.6836700439453,234.68099975585938,1.0,181.94891357421875,232.13729858398438,1.0,237.92019653320312,244.2475128173828,1.0,244.95480346679688,247.07652282714844,0.9999977350234985,237.76138305664062,279.4491271972656,1.0,189.8727264404297,283.4996337890625,0.9999997615814209,249.75802612304688,286.73968505859375,0.8577851057052612
384,230.4595947265625,226.17689514160156,1.0,237.07968139648438,254.89617919921875,1.0,196.8197021484375,234.97799682617188,1.0,182.2165985107422,232.67483520507812,1.0,237.8485565185547,244.3833770751953,1.0,244.83062744140625,247.44357299804688,0.9999994039535522,237.81202697753906,279.3511047363281,1.0,189.77761840820312,283.25213623046875,0.9999998807907104,249.91360473632812,286.7324523925781,0.8395818471908569
385,230.3983154296875,225.9990234375,1.0,237.10791015625,254.77749633789062,1.0,196.83319091796875,234.82650756835938,1.0,182.15493774414062,232.6127471923828,1.0,237.7972869873047,244.156005859375,1.0,244.80345153808594,247.2985076904297,0.9999991655349731,238.00772094726562,279.5479431152344,1.0,190.06417846679688,283.5409851074219,0.9999998807907104,250.26593017578125,286.9699401855469,0.8132902979850769
386,230.522705078125,226.18411254882812,1.0,237.11441040039062,254.82872009277344,1.0,196.8981170654297,234.96453857421875,1.0,182.3463592529297,232.74493408203125,1.0,237.97982788085938,244.32412719726562,1.0,244.8969268798828,247.37417602539062,0.9999988079071045,238.02809143066406,279.7117919921875,1.0,189.9108428955078,283.4783020019531,0.9999998807907104,249.95701599121094,287.15740966796875,0.7918415665626526
387,230.22213745117188,225.9320526123047,1.0,237.04344177246094,254.84707641601562,1.0,196.90032958984375,235.0077667236328,1.0,182.1700897216797,232.78158569335938,1.0,237.7295684814453,244.39187622070312,1.0,244.62863159179688,247.50477600097656,0.9999990463256836,237.98031616210938,279.8921813964844,1.0,189.93946838378906,283.5352783203125,0.9999998807907104,249.62815856933594,287.16192626953125,0.799495279788971
388,230.3933868408203,225.79637145996094,1.0,237.1302490234375,254.8512725830078,1.0,196.8745880126953,235.11468505859375,1.0,182.1225128173828,232.87184143066406,1.0,237.8617706298828,244.4342041015625,1.0,244.8081512451172,247.4945831298828,0.9999971389770508,238.16015625,279.9243469238281,1.0,190.07830810546875,283.7379455566406,0.9999998807907104,249.892822265625,287.17529296875,0.660932719707489
389,230.5211639404297,225.9172821044922,1.0,237.0862579345703,255.1297149658203,1.0,196.7625732421875,235.15367126464844,1.0,182.11892700195312,232.85594177246094,1.0,237.91868591308594,244.6333465576172,1.0,244.81637573242188,247.67425537109375,0.9999964237213135,237.97964477539062,280.0276184082031,1.0,190.07095336914062,283.81341552734375,0.9999997615814209,249.78111267089844,287.2237243652344,0.4507869482040405
390,230.94857788085938,225.97906494140625,1.0,237.340576171875,255.19561767578125,1.0,196.91575622558594,235.28919982910156,1.0,182.23477172851562,233.0210418701172,1.0,237.9693603515625,244.53822326660156,1.0,244.9041748046875,247.6392822265625,0.9999970197677612,238.21176147460938,280.14898681640625,1.0,190.20741271972656,283.88641357421875,0.9999997615814209,249.9630126953125,287.0390930175781,0.24855352938175201
391,231.0713653564453,226.16522216796875,1.0,237.36666870117188,255.32260131835938,1.0,197.05374145507812,235.50216674804688,1.0,182.41018676757812,233.1154022216797,1.0,238.0821990966797,244.7504425048828,1.0,244.9575958251953,247.84605407714844,0.9999961853027344,238.21731567382812,280.0699157714844,1.0,190.35369873046875,283.88153076171875,0.9999997615814209,250.0006866455078,287.14764404296875,0.4288465976715088
392,231.84890747070312,227.53695678710938,1.0,237.1118927001953,255.37818908691406,1.0,197.93096923828125,238.32565307617188,1.0,183.59011840820312,234.9647979736328,1.0,239.1468505859375,246.0230712890625,0.9999983310699463,245.3365478515625,249.01947021484375,0.9996780157089233,238.283447265625,280.3993225097656,1.0,190.18064880371094,284.06463623046875,0.9999997615814209,250.5312957763672,287.5692443847656,0.3403880298137665
393,234.8876495361328,228.8906707763672,1.0,238.1696319580078,256.2818603515625,1.0,200.16751098632812,241.7909698486328,0.00020228311768732965,187.3510284423828,237.5375213623047,0.9999998807907104,241.9765625,253.6340789794922,0.0002431825123494491,251.18450927734375,249.19537353515625,0.00469323480501771,237.5942840576172,279.4729919433594,1.0,190.17904663085938,282.97772216796875,0.9999997615814209,250.39671325683594,286.8536071777344,0.03822004795074463
394,235.1277313232422,229.72457885742188,1.0,237.9518280029297,257.1571350097656,1.0,200.8148956298828,241.82391357421875,0.0002686162188183516,187.8650665283203,237.6942901611328,1.0,242.1597900390625,254.09149169921875,0.000445802987087518,251.2238006591797,249.4116668701172,0.006166253238916397,237.50677490234375,279.71240234375,1.0,190.2089080810547,283.4112243652344,0.9999997615814209,250.24136352539062,287.2221984863281,0.04311263933777809
395,234.97927856445312,229.494140625,1.0,238.06712341308594,257.1230773925781,1.0,200.6468048095703,241.69442749023438,0.00011103315046057105,186.72560119628906,236.98951721191406,1.0,241.9322509765625,253.77413940429688,0.0003937521541956812,251.21653747558594,249.4564971923828,0.008272258564829826,237.6796112060547,279.8558044433594,1.0,189.9405975341797,283.5533752441406,0.9999997615814209,250.38865661621094,287.15789794921875,0.06570138782262802
396,234.51278686523438,229.07200622558594,1.0,238.31463623046875,256.9788513183594,1.0,201.33660888671875,242.38711547851562,0.9133505821228027,187.51629638671875,236.86471557617188,1.0,241.66859436035156,253.1223602294922,0.0004033285367768258,250.94662475585938,249.2787322998047,0.012050548568367958,237.9471893310547,280.1589660644531,1.0,190.31048583984375,284.1373291015625,0.9999996423721313,250.36338806152344,287.41357421875,0.01849331147968769
397,234.35809326171875,228.94119262695312,1.0,238.42721557617188,257.273681640625,1.0,201.70034790039062,240.53976440429688,0.9998583793640137,187.12216186523438,236.76136779785156,1.0,244.95101928710938,249.23226928710938,0.002131938235834241,249.85037231445312,250.22569274902344,0.021649116650223732,237.9277801513672,280.6124267578125,1.0,190.28533935546875,284.2668762207031,0.9999996423721313,250.3383026123047,287.59027099609375,0.016659265384078026
398,234.6507110595703,228.4295654296875,1.0,239.13511657714844,257.4399108886719,1.0,200.3965301513672,239.00958251953125,1.0,186.43649291992188,236.19439697265625,1.0,244.92941284179688,249.23806762695312,0.0300162211060524,250.42214965820312,250.41494750976562,0.015354963950812817,238.25987243652344,280.4254150390625,1.0,191.8989715576172,283.9229736328125,0.9999994039535522,249.07281494140625,289.58642578125,0.006524303928017616
399,234.2977752685547,228.3872528076172,1.0,240.40884399414062,256.8966064453125,1.0,200.47630310058594,238.38336181640625,1.0,186.7562713623047,235.77708435058594,1.0,242.43161010742188,248.4866485595703,0.9967769980430603,247.10215759277344,250.63327026367188,0.9581804275512695,238.80918884277344,281.33416748046875,1.0,193.34878540039062,284.16815185546875,0.9999992847442627,250.21249389648438,288.0130615234375,0.012897985987365246
400,235.0746307373047,228.40216064453125,1.0,240.9313507080078,256.73785400390625,1.0,200.79232788085938,237.78736877441406,1.0,186.93174743652344,235.61898803710938,1.0,243.5762939453125,248.10096740722656,0.9759933352470398,247.96160888671875,250.4120635986328,0.635452389717102,239.84329223632812,280.042724609375,1.0,193.30691528320312,283.89727783203125,0.9999995231628418,249.77850341796875,288.9484558105469,0.0031932510901242495
401,235.58804321289062,228.01327514648438,1.0,240.41751098632812,257.0079650878906,1.0,201.2418975830078,237.4649200439453,1.0,187.46966552734375,235.08970642089844,1.0,243.9053192138672,247.50567626953125,0.9815032482147217,248.49302673339844,249.69332885742188,0.4712155759334564,240.8329620361328,279.112548828125,1.0,193.85784912109375,283.3101501464844,0.9999997615814209,252.34347534179688,287.4479675292969,0.0012930656084790826
402,236.68533325195312,228.2472381591797,1.0,241.37571716308594,257.3996887207031,1.0,202.66505432128906,237.6354522705078,1.0,189.41134643554688,235.330810546875,1.0,245.19473266601562,248.26524353027344,0.9502601623535156,249.68983459472656,250.2940216064453,0.14934541285037994,241.88365173339844,278.62213134765625,1.0,195.042236328125,283.38226318359375,0.9999998807907104,250.6538848876953,288.9114074707031,0.0007381203467957675
403,237.56414794921875,228.56997680664062,1.0,242.11221313476562,257.7171936035156,1.0,204.44956970214844,237.76939392089844,1.0,190.25430297851562,235.16395568847656,1.0,246.24038696289062,248.78390502929688,0.7346575856208801,250.70169067382812,250.74462890625,0.027854695916175842,242.52285766601562,278.2274169921875,1.0,195.76751708984375,283.2391662597656,0.9999998807907104,251.1235809326172,288.9681701660156,0.00076587701914832
404,240.00787353515625,227.42300415039062,1.0,243.7499237060547,256.8597717285156,1.0,205.72068786621094,238.01931762695312,1.0,191.30230712890625,235.0960235595703,1.0,254.08241271972656,247.1288604736328,0.0004200186813250184,260.25616455078125,251.3968963623047,0.000815989391412586,243.97702026367188,277.5225830078125,1.0,196.48196411132812,282.50909423828125,0.9999998807907104,251.62936401367188,289.7564392089844,0.00023391783179249614
405,241.5132293701172,227.076416015625,1.0,244.95506286621094,255.7150421142578,1.0,206.7155303955078,238.0396270751953,1.0,192.69766235351562,234.95797729492188,1.0,257.73358154296875,245.1324920654297,0.0003123926871921867,262.5060119628906,250.829833984375,0.0005375755135901272,246.15841674804688,277.063720703125,1.0,198.18760681152344,282.8592529296875,0.9999998807907104,202.36264038085938,221.57235717773438,0.00011971997446380556
406,242.43173217773438,227.56434631347656,1.0,245.40077209472656,255.67019653320312,1.0,208.12542724609375,238.15518188476562,1.0,194.14840698242188,234.93637084960938,1.0,248.61856079101562,245.6210174560547,0.0003844916063826531,262.60162353515625,250.66900634765625,0.0003218940692022443,246.49375915527344,277.1528625488281,1.0,199.27000427246094,283.37127685546875,0.9999997615814209,202.03904724121094,221.76864624023438,0.00018714585166890174
407,242.45681762695312,227.2017822265625,1.0,246.36192321777344,255.5125274658203,1.0,209.60226440429688,238.0457000732422,1.0,196.12591552734375,235.25477600097656,1.0,251.5535888671875,247.4225616455078,0.0006324089481495321,265.0278625488281,246.22735595703125,0.0005393534083850682,248.65049743652344,277.242919921875,1.0,201.2548370361328,283.16827392578125,0.9999996423721313,201.5939178466797,222.08419799804688,0.00016156643687281758
408,244.8216094970703,227.11343383789062,1.0,248.88131713867188,256.2744140625,1.0,211.4514923095703,238.87107849121094,1.0,198.3686981201172,235.3145294189453,1.0,252.62905883789062,249.0457763671875,0.005747444927692413,268.772216796875,246.14349365234375,0.00032556429505348206,250.6968231201172,278.22906494140625,1.0,203.17662048339844,282.61114501953125,0.9999991655349731,206.06600952148438,281.4789123535156,0.00018438627012073994
409,245.72727966308594,226.4873046875,1.0,249.7796173095703,254.4736785888672,1.0,212.42428588867188,238.5368194580078,1.0,199.21627807617188,235.1435546875,1.0,253.2440643310547,246.60182189941406,0.000905880646314472,268.90283203125,245.06163024902344,0.0005860921810381114,254.2485809326172,277.77716064453125,0.9999998807907104,205.4047088623047,283.0997009277344,0.9999996423721313,204.17474365234375,281.4998779296875,0.00011387454287614673
410,246.4546661376953,226.77801513671875,1.0,250.78883361816406,254.59141540527344,1.0,213.58140563964844,238.34959411621094,1.0,200.4203643798828,235.00283813476562,1.0,253.717041015625,248.07354736328125,0.0009352872730232775,279.2221984863281,240.92202758789062,0.0006195905734784901,255.13394165039062,277.9337463378906,0.9999998807907104,206.70504760742188,283.0252990722656,0.9999996423721313,203.29307556152344,280.94500732421875,0.00011954738874919713
411,246.7003631591797,226.81190490722656,1.0,251.13458251953125,254.1557159423828,1.0,214.1083526611328,238.11822509765625,1.0,200.9862823486328,235.20164489746094,1.0,254.0597381591797,246.25897216796875,0.0003172667056787759,279.0649719238281,240.89454650878906,0.0007105078548192978,255.0906219482422,277.1192932128906,1.0,208.21478271484375,282.8268737792969,0.9999996423721313,202.25753784179688,280.54132080078125,0.0001141982720582746
412,246.6952667236328,226.4846649169922,1.0,251.9956817626953,254.12271118164062,1.0,214.76712036132812,238.1338348388672,1.0,201.64431762695312,235.1666259765625,1.0,254.30812072753906,245.8948211669922,0.00028071689303033054,278.9761047363281,240.8193817138672,0.0007824281929060817,256.5151062011719,277.0798645019531,1.0,208.719482421875,282.64544677734375,0.9999997615814209,201.95664978027344,280.3380432128906,0.00010994133481290191
413,246.80657958984375,226.47265625,1.0,251.9663543701172,253.95960998535156,1.0,215.1035614013672,238.11737060546875,1.0,202.3000030517578,235.2608184814453,1.0,254.333740234375,245.88446044921875,0.00024418297107331455,279.1845397949219,240.9278106689453,0.0008093494107015431,256.72454833984375,276.9740295410156,1.0,208.96206665039062,282.64208984375,0.9999997615814209,201.73599243164062,280.37164306640625,0.00012509345833677799
414,247.21279907226562,226.52938842773438,1.0,251.90567016601562,254.08642578125,1.0,215.05081176757812,238.3065643310547,1.0,202.7774658203125,235.22988891601562,1.0,254.52767944335938,245.70982360839844,0.00029467465355992317,278.8409118652344,241.051513671875,0.000719897507224232,256.577392578125,277.1077575683594,1.0,209.1390380859375,282.55364990234375,0.9999997615814209,201.419921875,280.2342224121094,0.00011030466703232378
415,247.40597534179688,226.52459716796875,1.0,252.2662353515625,254.4116668701172,1.0,215.3699188232422,238.40606689453125,1.0,203.08660888671875,235.1135711669922,1.0,254.6666717529297,245.57090759277344,0.00035319809103384614,278.734619140625,241.06219482421875,0.0008467395091429353,257.0545959472656,277.1597595214844,1.0,209.7406463623047,282.47442626953125,0.9999997615814209,201.015380859375,280.2221984863281,0.00010314735118299723
416,247.8624267578125,226.20909118652344,1.0,252.9188995361328,254.393798828125,1.0,215.8142547607422,238.21780395507812,1.0,203.65692138671875,235.11239624023438,1.0,254.99842834472656,245.40769958496094,0.00021564059716183692,278.6875,240.92498779296875,0.0007899182965047657,257.914306640625,277.25103759765625,1.0,209.71380615234375,282.6379089355469,0.9999997615814209,200.9927215576172,280.2309265136719,9.476458944845945e-05
417,247.97067260742188,226.0541229248047,1.0,252.85791015625,254.29248046875,1.0,216.20816040039062,237.78097534179688,1.0,204.31802368164062,234.8403778076172,1.0,254.99685668945312,245.1963653564453,0.0002512885839678347,278.6146240234375,240.9253387451172,0.0009194253361783922,258.1231384277344,277.1977844238281,1.0,210.0425567626953,282.45416259765625,0.9999997615814209,200.88104248046875,280.1389465332031,9.675315959611908e-05
418,248.18478393554688,226.24131774902344,1.0,252.55386352539062,254.3686981201172,1.0,216.06776428222656,237.44444274902344,1.0,203.91551208496094,234.75587463378906,1.0,255.00831604003906,245.19317626953125,0.0005578686250373721,278.5114440917969,240.9863739013672,0.0010649287141859531,257.9774475097656,277.4159240722656,1.0,209.843505859375,282.31500244140625,0.9999997615814209,201.0553436279297,280.04620361328125,0.00010491829016245902
419,248.41860961914062,226.24322509765625,1.0,252.75115966796875,254.39137268066406,1.0,216.2830810546875,237.4520263671875,1.0,204.1468505859375,234.81178283691406,1.0,255.00328063964844,245.36582946777344,0.00046833656961098313,278.7035827636719,241.2523651123047,0.0007744406466372311,257.9512023925781,277.35479736328125,1.0,210.08041381835938,282.12188720703125,0.9999998807907104,201.01504516601562,279.9684143066406,9.718813089421019e-05
420,248.87411499023438,226.73025512695312,1.0,253.53134155273438,254.28421020507812,1.0,216.6038818359375,237.62791442871094,1.0,204.48179626464844,234.8601837158203,1.0,255.29298400878906,245.32786560058594,0.0002825553820002824,278.5127258300781,241.26194763183594,0.0005606365157291293,258.5266418457031,277.4129638671875,1.0,210.0765380859375,282.4837951660156,0.9999998807907104,201.24481201171875,280.2201843261719,7.670692139072344e-05
421,249.1531982421875,226.4624786376953,1.0,254.28355407714844,254.35792541503906,1.0,216.94406127929688,237.3976287841797,1.0,204.59228515625,234.81961059570312,1.0,255.47154235839844,246.30284118652344,0.00016872513515409082,278.7865295410156,241.12109375,0.0005863407859578729,259.0129089355469,277.61376953125,1.0,210.35333251953125,282.44488525390625,0.9999998807907104,201.27374267578125,280.2012023925781,7.103173265932128e-05
422,249.0427703857422,226.50755310058594,1.0,254.34495544433594,254.44325256347656,1.0,216.9936065673828,237.41879272460938,1.0,204.63633728027344,234.81927490234375,1.0,255.49696350097656,246.30453491210938,0.0001450990530429408,278.7822570800781,241.20968627929688,0.0006324487621895969,259.15972900390625,277.7679748535156,1.0,210.43023681640625,282.736083984375,0.9999998807907104,200.9542236328125,280.33819580078125,7.369977538473904e-05
423,249.0779266357422,226.5644989013672,1.0,254.099853515625,254.49380493164062,1.0,216.8873291015625,237.5154266357422,1.0,204.6193084716797,234.68649291992188,1.0,261.7820129394531,244.97242736816406,0.00022880056349094957,278.7404479980469,241.3397674560547,0.0006069329683668911,258.972412109375,277.9163513183594,1.0,210.29214477539062,282.6377868652344,0.9999998807907104,201.08265686035156,280.3194885253906,6.928641960257664e-05
424,249.01895141601562,226.69126892089844,1.0,253.9901580810547,254.14427185058594,1.0,217.0322265625,237.54676818847656,1.0,204.6395263671875,234.84739685058594,1.0,261.662109375,244.6791534423828,0.00019307192997075617,278.6603088378906,241.29080200195312,0.0006697687203995883,259.05877685546875,277.4019470214844,1.0,210.7463836669922,282.6771240234375,1.0,229.5048828125,290.321533203125,7.669770275242627e-05
425,249.042724609375,226.1434783935547,1.0,254.17709350585938,254.04791259765625,1.0,217.150146484375,237.2136688232422,1.0,204.8302764892578,234.78407287597656,1.0,262.11749267578125,244.40151977539062,0.00020112302445340902,278.44708251953125,241.258544921875,0.000923242187127471,259.48992919921875,277.3085021972656,1.0,211.33538818359375,282.8331298828125,0.9999998807907104,229.25331115722656,290.40606689453125,9.722047252580523e-05
426,249.3293914794922,226.32257080078125,1.0,254.4784698486328,253.93345642089844,1.0,217.06396484375,237.26898193359375,1.0,204.90309143066406,234.80514526367188,1.0,262.5086975097656,244.34596252441406,0.00014067126903682947,278.7019348144531,241.37057495117188,0.0008770499262027442,259.705078125,277.2909851074219,1.0,211.451171875,282.682373046875,1.0,229.2313995361328,290.36163330078125,0.00010302369628334418
427,249.17369079589844,225.7908477783203,1.0,254.44398498535156,253.9793243408203,1.0,217.08534240722656,237.02389526367188,1.0,204.77615356445312,234.83447265625,1.0,262.1803894042969,244.10757446289062,0.00026662120944820344,278.41473388671875,241.19281005859375,0.0009275457705371082,260.1539001464844,277.32940673828125,1.0,211.5076141357422,282.7055358886719,0.9999998807907104,229.107177734375,290.3790588378906,0.00010116380144609138
428,249.6592254638672,225.81088256835938,1.0,255.1270751953125,253.94593811035156,1.0,217.59922790527344,237.1829071044922,1.0,205.24905395507812,234.92640686035156,1.0,263.1056213378906,244.09654235839844,0.0001764743501553312,278.43499755859375,241.00457763671875,0.0009333556517958641,260.43011474609375,277.267822265625,1.0,211.78953552246094,282.610107421875,0.9999998807907104,229.079833984375,290.3452453613281,8.431157766608521e-05
429,249.829833984375,225.8721466064453,1.0,254.82394409179688,254.04275512695312,1.0,217.53274536132812,237.0972442626953,1.0,205.60081481933594,234.83517456054688,1.0,262.6780090332031,244.21273803710938,0.000203161223907955,278.7633056640625,241.41029357910156,0.0007848230306990445,260.4501953125,277.3235168457031,1.0,211.65936279296875,282.45025634765625,1.0,229.05450439453125,290.34075927734375,8.236234862124547e-05
430,249.49066162109375,226.05613708496094,1.0,254.38308715820312,254.01541137695312,1.0,217.3170166015625,237.1195526123047,1.0,205.7156524658203,234.8758087158203,1.0,262.14984130859375,244.28140258789062,0.00018644412921275944,278.5793762207031,241.31735229492188,0.0008937232196331024,260.20916748046875,277.1204833984375,1.0,211.49502563476562,282.298583984375,1.0,229.14816284179688,290.30731201171875,6.885814946144819e-05
431,249.57107543945312,225.82815551757812,1.0,254.46929931640625,253.93727111816406,1.0,217.40382385253906,237.05838012695312,1.0,205.6573944091797,234.70750427246094,1.0,262.245361328125,244.08349609375,0.0001601032417966053,278.7609558105469,241.15866088867188,0.0009393750224262476,260.3656005859375,277.1946716308594,1.0,211.47052001953125,282.3646545410156,1.0,229.20504760742188,290.3601989746094,8.768266707193106e-05
432,249.37632751464844,225.75914001464844,1.0,254.3443603515625,254.03636169433594,1.0,217.57192993164062,237.55885314941406,1.0,205.874755859375,234.75341796875,1.0,261.8930358886719,244.20774841308594,0.00030309244175441563,278.6688537597656,241.26832580566406,0.00047022654325701296,260.4502868652344,277.094482421875,1.0,211.69967651367188,282.48858642578125,1.0,229.04531860351562,290.28643798828125,6.412473157979548e-05
433,249.6961669921875,225.7381591796875,1.0,255.1341094970703,254.32225036621094,1.0,217.81661987304688,237.55697631835938,1.0,205.8917999267578,234.73150634765625,1.0,263.0355529785156,244.25535583496094,0.00019688256725203246,278.4563293457031,241.41567993164062,0.0006401528371497989,260.299560546875,277.3595886230469,1.0,211.85336303710938,282.4481201171875,1.0,200.21461486816406,280.2160339355469,6.620734347961843e-05
434,249.74034118652344,226.28515625,1.0,254.83087158203125,254.32286071777344,1.0,218.3084259033203,238.1682891845703,1.0,205.9927520751953,234.85354614257812,1.0,262.6109924316406,244.54490661621094,0.00021481889416463673,278.5257568359375,241.65223693847656,0.00042991069494746625,260.21771240234375,277.3022766113281,1.0,211.5860137939453,282.47564697265625,1.0,200.4016876220703,280.2764892578125,6.24809181317687e-05
435,250.03143310546875,226.92691040039062,1.0,254.95896911621094,254.4396209716797,1.0,218.7910919189453,238.7484130859375,1.0,206.20249938964844,235.2639923095703,1.0,262.86199951171875,244.6638946533203,0.00015345260908361524,278.6828918457031,241.73484802246094,0.000326661771396175,260.5505065917969,277.35577392578125,1.0,211.9343719482422,282.763916015625,1.0,228.99807739257812,290.40875244140625,6.773354834876955e-05
436,250.0450439453125,227.03271484375,1.0,254.2170867919922,254.1522979736328,1.0,218.40960693359375,239.1100311279297,1.0,206.1067657470703,235.65245056152344,1.0,261.942626953125,244.69747924804688,0.00029255810659378767,278.5738830566406,241.58648681640625,0.0003754716890398413,260.1901550292969,277.15606689453125,1.0,211.6979217529297,282.72393798828125,1.0,229.06719970703125,290.3598327636719,7.528610149165615e-05
437,250.34547424316406,227.4583282470703,1.0,254.87371826171875,254.41439819335938,1.0,218.88003540039062,239.71939086914062,1.0,206.3483428955078,235.92868041992188,1.0,262.66290283203125,244.8751983642578,0.000225516312639229,278.6236877441406,241.81385803222656,0.00039543170714750886,260.15863037109375,277.22900390625,1.0,211.7269287109375,282.6667175292969,1.0,229.067626953125,290.29901123046875,6.778039823984727e-05
438,250.7213897705078,227.6707305908203,1.0,255.05990600585938,254.57958984375,1.0,219.138916015625,239.97962951660156,1.0,206.65093994140625,236.3063201904297,1.0,262.95001220703125,245.07839965820312,0.00021398955141194165,200.49493408203125,244.2342071533203,0.00041446779505349696,260.33868408203125,277.46978759765625,1.0,211.7604522705078,282.823974609375,1.0,229.0033721923828,290.3943176269531,7.637605449417606e-05
439,250.77197265625,227.6882781982422,1.0,254.94046020507812,254.862060546875,1.0,219.2532196044922,240.22769165039062,1.0,206.7744598388672,236.38211059570312,1.0,262.6564025878906,245.19720458984375,0.00031055958243086934,278.993408203125,241.74085998535156,0.0004325844638515264,260.14642333984375,277.59503173828125,1.0,211.79220581054688,282.8393249511719,1.0,229.0258026123047,290.4896545410156,7.086860568961129e-05
440,250.96409606933594,227.96884155273438,1.0,255.10858154296875,254.81666564941406,1.0,219.43804931640625,240.2428436279297,1.0,206.59742736816406,236.48487854003906,1.0,263.021728515625,245.23219299316406,0.00021949918300379068,279.0340576171875,241.85499572753906,0.0004795410204678774,260.1393127441406,277.61749267578125,1.0,211.59915161132812,282.7497863769531,1.0,229.05926513671875,290.451171875,7.09218074916862e-05
441,250.44549560546875,227.8320770263672,1.0,254.14178466796875,254.82778930664062,1.0,218.8098907470703,240.48007202148438,1.0,206.8654022216797,236.60118103027344,1.0,261.6894226074219,245.48545837402344,0.000500313239172101,278.9073181152344,241.87139892578125,0.0003889231011271477,259.565185546875,277.6706237792969,1.0,211.39939880371094,282.66473388671875,1.0,229.03492736816406,290.343017578125,7.819144957466051e-05
442,250.85052490234375,227.9137725830078,1.0,254.85910034179688,254.9215850830078,1.0,219.4019317626953,240.46595764160156,1.0,206.90896606445312,236.70751953125,1.0,262.68096923828125,245.3160400390625,0.0002653904084581882,278.9999084472656,241.87794494628906,0.0004462736542336643,260.0767517089844,277.9043884277344,1.0,211.75437927246094,282.8437194824219,1.0,228.92872619628906,290.4907531738281,0.0001119628141168505
443,250.9720458984375,228.61376953125,1.0,254.8866729736328,255.36366271972656,1.0,218.70375061035156,241.3435516357422,1.0,206.5352783203125,237.1883087158203,1.0,262.6805725097656,245.82936096191406,0.00015160755719989538,200.51138305664062,244.76852416992188,0.0005627094069495797,259.1393127441406,278.37396240234375,1.0,210.40882873535156,282.88494873046875,1.0,229.19119262695312,290.29132080078125,8.090658957371488e-05
444,249.24000549316406,229.18902587890625,1.0,253.35191345214844,256.3821716308594,1.0,216.47967529296875,242.49244689941406,1.0,204.33663940429688,237.88284301757812,1.0,264.25531005859375,245.4970245361328,0.00017812298028729856,259.68841552734375,229.96287536621094,0.0005428321310319006,256.8448181152344,278.4754638671875,1.0,210.09121704101562,283.1003723144531,1.0,243.7367706298828,226.4152374267578,8.346029790118337e-05
445,248.38356018066406,229.60414123535156,1.0,251.64248657226562,256.84466552734375,1.0,215.21023559570312,242.19186401367188,1.0,203.02748107910156,237.83787536621094,1.0,254.281982421875,249.4580078125,0.0018384368158876896,259.4771728515625,230.30296325683594,0.0006138704484328628,255.84022521972656,279.88616943359375,0.9999998807907104,209.33428955078125,283.22528076171875,0.9999998807907104,201.65296936035156,281.3918762207031,0.00010376640420872718
446,247.71969604492188,229.51734924316406,1.0,251.26950073242188,256.9005432128906,1.0,214.95399475097656,242.0568389892578,1.0,202.41989135742188,237.679443359375,1.0,254.0854034423828,249.72682189941406,0.0009880084544420242,259.36480712890625,230.26327514648438,0.0005937073146924376,255.12232971191406,279.8300476074219,0.9999998807907104,208.94818115234375,283.3018493652344,0.9999998807907104,201.84695434570312,281.4358825683594,0.00011036579235224053
447,247.96438598632812,229.759765625,1.0,251.2512664794922,257.1410217285156,1.0,214.79446411132812,242.18328857421875,1.0,202.1487579345703,237.6752166748047,1.0,254.24920654296875,249.95828247070312,0.0004170584725216031,259.2163391113281,230.21107482910156,0.0006567432428710163,254.8848419189453,279.7991027832031,1.0,207.1875762939453,283.330322265625,0.9999996423721313,202.61561584472656,281.3740234375,0.00012688770948443562
448,248.04388427734375,230.15322875976562,1.0,251.6745147705078,257.7327575683594,1.0,214.4515380859375,242.4197998046875,1.0,202.313720703125,237.797607421875,1.0,262.20172119140625,246.4083709716797,0.0004404876090120524,259.1915588378906,230.3280792236328,0.0006475935224443674,254.8838653564453,280.0601501464844,0.9999998807907104,206.89596557617188,283.3004150390625,0.9999997615814209,202.76687622070312,281.36590576171875,0.00013716341345570982
449,248.0266571044922,230.33384704589844,1.0,251.76654052734375,257.6250915527344,1.0,214.37860107421875,242.5823211669922,1.0,202.22427368164062,237.75711059570312,1.0,262.23529052734375,246.31785583496094,0.0004271195502951741,259.0907897949219,230.44691467285156,0.0006055500125512481,255.2560577392578,280.32647705078125,0.9999998807907104,206.51565551757812,283.7124328613281,0.9999997615814209,202.9069061279297,281.6524658203125,0.00014441552048083395
450,247.89219665527344,230.53286743164062,1.0,251.5219268798828,257.5031433105469,1.0,214.27928161621094,243.20608520507812,0.9999990463256836,202.0589141845703,238.2599639892578,1.0,262.0321044921875,246.32135009765625,0.00045751125435344875,269.4302062988281,247.55902099609375,0.0005433588521555066,255.0032501220703,280.0938720703125,0.9999998807907104,205.7734832763672,283.6310119628906,0.9999995231628418,203.21588134765625,281.7068176269531,0.00022345341858454049
451,247.53109741210938,230.58665466308594,1.0,251.2250213623047,257.54248046875,1.0,213.84657287597656,243.1181182861328,0.9999997615814209,201.60140991210938,238.60037231445312,1.0,261.6680603027344,246.1917724609375,0.0003924727498088032,269.27239990234375,247.42803955078125,0.0006244304240681231,254.60484313964844,280.2400817871094,0.9999998807907104,205.331298828125,283.642578125,0.9999991655349731,203.53575134277344,281.74395751953125,0.00026797110331244767
452,247.47930908203125,230.42916870117188,1.0,251.0684051513672,257.87371826171875,1.0,213.74493408203125,243.08804321289062,0.9999994039535522,200.7768096923828,238.53440856933594,1.0,261.55401611328125,246.62557983398438,0.0005113249062560499,269.3938903808594,247.67861938476562,0.0006468888022936881,254.10934448242188,280.2311706542969,0.9999998807907104,205.28794860839844,284.1437072753906,0.9999991655349731,203.40589904785156,281.9415283203125,0.00024183290952350944
453,247.5497283935547,230.44178771972656,1.0,251.1256103515625,258.2782897949219,1.0,213.5611572265625,243.0476837158203,0.9999997615814209,200.87806701660156,238.61062622070312,1.0,261.2913513183594,246.65049743652344,0.00044131031609140337,269.3310241699219,247.7584991455078,0.0007093540043570101,254.2978057861328,280.5294189453125,0.9999998807907104,205.01620483398438,283.9849548339844,0.9999990463256836,203.6840362548828,281.9703063964844,0.00028314595692791045
454,247.43214416503906,230.55038452148438,1.0,250.85684204101562,258.17352294921875,1.0,213.59649658203125,243.16036987304688,0.9999996423721313,200.44085693359375,238.5316925048828,1.0,261.0682373046875,246.81951904296875,0.0005938176182098687,269.2352294921875,247.90109252929688,0.0007011309498921037,253.6802215576172,280.3893737792969,0.9999998807907104,204.70936584472656,284.2052307128906,0.9999991655349731,203.83224487304688,282.1307678222656,0.0002884117129724473
455,247.3779754638672,230.57290649414062,1.0,250.9550323486328,258.1136169433594,1.0,213.279052734375,243.18923950195312,0.9999997615814209,200.33306884765625,238.60528564453125,1.0,261.2051696777344,246.81381225585938,0.0004712168301921338,269.2065124511719,247.98683166503906,0.0006669107242487371,253.9425506591797,280.25396728515625,0.9999998807907104,205.00001525878906,284.4390869140625,0.9999991655349731,203.53199768066406,282.2350158691406,0.0002428808220429346
456,246.36305236816406,230.29884338378906,1.0,250.110107421875,258.8934326171875,1.0,213.0922393798828,243.19818115234375,1.0,200.289794921875,238.53350830078125,1.0,260.1173400878906,247.42958068847656,0.0007859699544496834,268.8616027832031,248.1276397705078,0.0005332593573257327,252.65634155273438,280.7496337890625,0.9999998807907104,204.7156982421875,284.3820495605469,0.9999992847442627,203.81161499023438,282.4612731933594,0.0002029894822044298
457,245.6155548095703,229.93960571289062,1.0,249.5413818359375,258.61383056640625,1.0,212.30410766601562,243.20584106445312,0.9999998807907104,199.85157775878906,238.68011474609375,1.0,259.970703125,247.05833435058594,0.0008390324655920267,264.6627502441406,251.36036682128906,0.0005281135090626776,252.52178955078125,280.93402099609375,0.9999998807907104,203.95587158203125,284.6170654296875,0.9999988079071045,204.3541717529297,282.63409423828125,0.00025725600426085293
458,245.1746063232422,229.40992736816406,1.0,249.36456298828125,258.09564208984375,1.0,211.7650146484375,243.28993225097656,0.9999997615814209,199.09336853027344,239.03660583496094,1.0,259.5653076171875,246.56271362304688,0.0004270049394108355,264.25146484375,250.657470703125,0.0004354746488388628,252.76280212402344,280.526611328125,0.9999997615814209,203.01931762695312,284.4454345703125,0.9999984502792358,205.2028045654297,282.71826171875,0.00025132906739600003
459,244.6522674560547,229.49307250976562,1.0,249.31448364257812,259.0779724121094,1.0,211.8107147216797,243.47293090820312,1.0,198.95086669921875,238.9851531982422,1.0,252.5732879638672,250.40863037109375,0.0009512646356597543,178.67120361328125,246.14642333984375,0.00039976646075956523,251.9127960205078,280.9211730957031,0.9999990463256836,202.5198974609375,284.350341796875,0.9999969005584717,205.58229064941406,282.67291259765625,0.00028863531770184636
460,244.78045654296875,229.54464721679688,1.0,249.3572998046875,259.00506591796875,1.0,211.61111450195312,243.32762145996094,0.9999998807907104,198.5130615234375,239.00787353515625,1.0,252.50474548339844,250.01951599121094,0.0014847435522824526,178.60507202148438,246.26785278320312,0.0004837590968236327,251.69680786132812,281.0892639160156,0.9999990463256836,202.2669677734375,284.46759033203125,0.9999957084655762,205.61480712890625,282.7694396972656,0.00026719504967331886
461,244.85403442382812,229.35220336914062,1.0,249.5338134765625,259.1994934082031,1.0,211.31842041015625,243.34878540039062,1.0,198.04165649414062,239.08047485351562,1.0,252.64520263671875,250.17982482910156,0.002417700830847025,178.68319702148438,246.27088928222656,0.0004391045367810875,250.96444702148438,280.82318115234375,0.9999988079071045,201.8609161376953,284.5576171875,0.9999959468841553,206.3023223876953,282.9411315917969,0.0002680475008673966
462,244.64622497558594,229.38583374023438,1.0,249.06143188476562,259.4405212402344,1.0,210.56326293945312,243.50729370117188,1.0,197.09930419921875,239.75582885742188,1.0,252.4917449951172,250.4298095703125,0.004866181872785091,179.33619689941406,246.24180603027344,0.0005187572096474469,250.66867065429688,281.1885986328125,0.9999991655349731,200.7064971923828,284.056640625,0.9999988079071045,207.08030700683594,282.668212890625,0.00032384562655352056
463,243.40945434570312,229.26565551757812,1.0,248.21926879882812,259.41400146484375,1.0,209.8911590576172,243.8144989013672,0.9999997615814209,195.7747802734375,239.65762329101562,1.0,251.60792541503906,250.88973999023438,0.0017753399442881346,180.12803649902344,245.97134399414062,0.0005541599821299314,249.49302673339844,281.2339172363281,0.999997615814209,199.6133270263672,284.14666748046875,0.9999992847442627,207.709716796875,282.88641357421875,0.000328529451508075
464,243.1712188720703,229.21145629882812,1.0,248.02235412597656,259.1924133300781,1.0,209.75506591796875,243.83824157714844,0.9999998807907104,195.46475219726562,239.62625122070312,1.0,251.61073303222656,250.4845428466797,0.004556909669190645,180.17430114746094,245.9644317626953,0.00043781058047898114,249.30052185058594,281.0514831542969,0.9999960660934448,199.44126892089844,283.93109130859375,0.9999996423721313,207.8641815185547,282.7370300292969,0.00030025947489775717
465,242.21783447265625,229.35931396484375,1.0,247.05958557128906,259.8960266113281,1.0,209.35769653320312,243.84384155273438,0.9999998807907104,195.26295471191406,239.778564453125,1.0,250.88783264160156,251.01380920410156,0.006109216716140509,180.2230224609375,246.139892578125,0.0004776175192091614,248.8119659423828,281.8399658203125,0.9999958276748657,198.9516143798828,284.00579833984375,0.9999996423721313,213.19342041015625,287.2320861816406,0.0003236916090827435
466,242.15554809570312,229.51498413085938,1.0,246.99191284179688,259.8475036621094,1.0,208.94766235351562,243.84974670410156,0.9999996423721313,194.6160430908203,239.7818603515625,1.0,250.2030029296875,252.94931030273438,0.0018613224383443594,180.43234252929688,246.33447265625,0.0005637331050820649,248.74398803710938,281.89141845703125,0.9999940395355225,198.4898681640625,284.4140319824219,0.9999991655349731,213.6351776123047,287.3797302246094,0.0003993484133388847
467,241.79241943359375,229.37503051757812,1.0,247.01409912109375,259.50653076171875,1.0,208.58419799804688,243.80691528320312,0.9999996423721313,194.27117919921875,239.91485595703125,1.0,250.21542358398438,250.59353637695312,0.002986140549182892,180.8842010498047,246.3002471923828,0.0007004874642007053,248.8223419189453,281.7673034667969,0.999995231628418,197.67770385742188,284.20941162109375,0.9999992847442627,214.10943603515625,287.4418029785156,0.0003751457843463868
468,241.6569061279297,229.8464813232422,1.0,247.1337432861328,259.3548889160156,1.0,208.04949951171875,243.32164001464844,0.9999983310699463,193.01031494140625,239.45611572265625,1.0,251.64064025878906,253.20376586914062,0.000793692481238395,181.53453063964844,245.83529663085938,0.0005882144905626774,248.8217010498047,281.4761047363281,0.9999910593032837,197.5990753173828,283.9621276855469,0.9999992847442627,214.61990356445312,287.6036682128906,0.00036375178024172783
469,241.32546997070312,229.56642150878906,1.0,246.8716583251953,259.4915466308594,1.0,207.085205078125,242.7094268798828,0.9999997615814209,191.4563751220703,238.869873046875,1.0,250.22840881347656,252.62095642089844,0.0006775221554562449,182.31195068359375,245.61029052734375,0.0007204720168374479,248.25503540039062,281.59283447265625,0.9999895095825195,197.4251708984375,283.9264831542969,0.9999992847442627,211.43475341796875,290.2099304199219,0.0003148330142721534
470,241.065673828125,229.2156982421875,1.0,247.171630859375,258.775634765625,1.0,206.54672241210938,242.6437530517578,0.9999997615814209,191.11183166503906,238.74453735351562,1.0,251.8607177734375,253.06854248046875,0.0005371565348468721,182.7047576904297,245.59710693359375,0.0008049947209656239,248.69935607910156,281.16656494140625,0.9999873638153076,197.29373168945312,283.7003479003906,0.9999992847442627,211.29066467285156,290.1705627441406,0.00029813661240041256
471,240.8219757080078,229.19448852539062,1.0,247.26817321777344,258.9881896972656,1.0,206.11024475097656,242.64488220214844,0.9999997615814209,190.6980743408203,238.56076049804688,1.0,249.8969268798828,250.0128936767578,0.0009262043167836964,182.9867706298828,245.6130828857422,0.0006895254482515156,248.19862365722656,281.46612548828125,0.9999852180480957,196.981201171875,283.5374755859375,0.9999994039535522,215.04751586914062,287.5660400390625,0.0003240821824874729
472,240.59695434570312,229.56173706054688,1.0,246.9511260986328,259.218994140625,1.0,205.786376953125,242.57069396972656,0.9999998807907104,190.52035522460938,238.5386199951172,1.0,249.7190399169922,250.28921508789062,0.0008894852362573147,183.1142120361328,245.6640167236328,0.0007960404618643224,248.09194946289062,281.36614990234375,0.9999910593032837,196.82916259765625,283.42950439453125,0.9999995231628418,215.39418029785156,287.5460510253906,0.00027461015270091593
473,240.50108337402344,229.1309814453125,1.0,247.0997772216797,259.3691101074219,1.0,205.8406524658203,242.57290649414062,1.0,190.50485229492188,238.4003448486328,1.0,249.70059204101562,250.1238250732422,0.0006922790198586881,183.125732421875,245.6298065185547,0.0007561438251286745,248.27110290527344,281.4976806640625,0.9999866485595703,196.7851104736328,283.3643493652344,0.9999995231628418,250.63275146484375,287.9027404785156,0.0003023573663085699
474,240.06243896484375,229.07101440429688,1.0,246.71800231933594,259.2818908691406,1.0,206.13442993164062,242.77732849121094,0.9999998807907104,190.71533203125,238.68637084960938,1.0,249.41981506347656,249.87977600097656,0.0009569104295223951,182.91842651367188,245.84954833984375,0.0008957484387792647,247.59310913085938,281.6363525390625,0.9999945163726807,196.8345184326172,283.64752197265625,0.9999995231628418,250.66513061523438,288.12469482421875,0.00034124605008400977
475,240.07968139648438,229.3766632080078,1.0,246.4499053955078,259.1968688964844,1.0,207.1414337158203,243.58209228515625,0.9999994039535522,191.9823455810547,239.34722900390625,1.0,249.4552459716797,249.98524475097656,0.0018322467803955078,182.45181274414062,246.05540466308594,0.0007828047964721918,247.32418823242188,281.4722595214844,0.9999970197677612,196.89649963378906,283.7492980957031,0.9999997615814209,250.76873779296875,288.24713134765625,0.00034991613938473165
476,240.1260986328125,229.41587829589844,1.0,246.51954650878906,259.1711730957031,1.0,207.33583068847656,243.71493530273438,0.999998927116394,192.20480346679688,239.31820678710938,1.0,249.58023071289062,250.049560546875,0.0017605418106541038,182.39907836914062,245.83868408203125,0.0006900652078911662,247.38954162597656,281.2841491699219,0.9999969005584717,196.70933532714844,283.7070007324219,0.9999995231628418,250.8078155517578,287.9370422363281,0.0003165250236634165
477,240.02743530273438,229.55361938476562,1.0,246.04273986816406,259.2837219238281,1.0,207.1547393798828,243.67041015625,0.9999998807907104,192.25689697265625,239.32589721679688,1.0,249.4264373779297,250.31332397460938,0.0024689340498298407,182.3189239501953,245.9281005859375,0.0006676414632238448,246.52426147460938,281.3433532714844,0.9999983310699463,196.7830047607422,283.63470458984375,0.9999996423721313,250.5035858154297,288.18634033203125,0.00038463258533738554
478,239.9750518798828,229.59710693359375,1.0,245.9515380859375,259.15008544921875,1.0,207.23196411132812,243.6851348876953,0.9999996423721313,192.32186889648438,239.36135864257812,1.0,249.50860595703125,250.3498077392578,0.0014013915788382292,182.27951049804688,245.93621826171875,0.0007074993918649852,246.60440063476562,281.18939208984375,0.9999984502792358,196.78265380859375,283.6634216308594,0.9999996423721313,250.74159240722656,288.1003723144531,0.00035416072933003306
479,239.8749237060547,229.62181091308594,1.0,245.78424072265625,259.186767578125,1.0,207.31932067871094,243.65682983398438,0.9999996423721313,192.38438415527344,239.43280029296875,1.0,249.4481658935547,250.43238830566406,0.0013887534150853753,182.24925231933594,245.95814514160156,0.000730346015188843,246.4978485107422,281.1080017089844,0.9999988079071045,196.75257873535156,283.78564453125,0.9999996423721313,250.67965698242188,288.1183776855469,0.0003719674132298678
480,240.28126525878906,229.79188537597656,1.0,245.7299346923828,259.5017395019531,1.0,207.27293395996094,243.97108459472656,0.9999997615814209,192.78305053710938,239.44313049316406,1.0,249.188232421875,250.68826293945312,0.002652956172823906,182.14837646484375,246.25900268554688,0.0007581092067994177,246.52102661132812,280.9444885253906,0.9999991655349731,197.48202514648438,283.7590026855469,0.9999994039535522,250.86373901367188,288.4530944824219,0.0005075538065284491
481,240.1864776611328,229.71832275390625,1.0,245.45391845703125,259.2764587402344,1.0,207.31405639648438,244.05250549316406,0.9999990463256836,192.9130859375,239.5102081298828,1.0,249.14596557617188,250.69189453125,0.0032986372243613005,182.14334106445312,246.1212158203125,0.0007641528500244021,245.8251953125,280.7545166015625,0.9999992847442627,196.86135864257812,283.4293518066406,0.9999997615814209,250.4422607421875,288.2651672363281,0.0005708952085115016
482,240.23663330078125,229.5656280517578,1.0,245.3739471435547,259.3164367675781,1.0,207.60418701171875,244.0420684814453,0.9999963045120239,192.9425506591797,239.6483154296875,1.0,249.17527770996094,250.68113708496094,0.0024131450336426497,182.16278076171875,246.1117706298828,0.0007651646737940609,245.51487731933594,280.8417053222656,0.9999992847442627,196.7454071044922,283.544921875,0.9999997615814209,250.2049560546875,288.2529602050781,0.0005792775773443282
483,240.42129516601562,229.78106689453125,1.0,245.28558349609375,259.3424072265625,1.0,207.64297485351562,244.06854248046875,0.9999951124191284,192.84423828125,239.61599731445312,1.0,249.1024169921875,250.74612426757812,0.0036806364078074694,182.13104248046875,246.166748046875,0.0008151453803293407,245.40818786621094,280.6824645996094,0.9999995231628418,196.80307006835938,283.35577392578125,0.9999997615814209,250.16831970214844,288.22412109375,0.0005601835437119007
484,240.159423828125,229.9664306640625,1.0,245.44448852539062,259.2976379394531,1.0,207.65419006347656,244.09616088867188,0.9999942779541016,192.8907928466797,239.58010864257812,1.0,249.17410278320312,250.8301239013672,0.00270781759172678,182.11502075195312,246.2247314453125,0.0008169388747774065,246.09317016601562,280.700439453125,0.9999992847442627,196.78749084472656,283.3493957519531,0.9999997615814209,250.16281127929688,288.18212890625,0.0005672116531059146
485,240.1898193359375,230.03846740722656,1.0,245.20254516601562,259.3455505371094,1.0,207.47425842285156,243.98196411132812,0.9999955892562866,192.71629333496094,239.48973083496094,1.0,248.88238525390625,250.7559356689453,0.004835815168917179,182.15765380859375,246.2374725341797,0.0009304335108026862,245.81614685058594,280.7452087402344,0.9999994039535522,196.84056091308594,283.3504943847656,0.9999997615814209,250.06532287597656,288.4042663574219,0.0006184755475260317
486,240.17532348632812,230.3161163330078,1.0,244.95901489257812,259.2976989746094,1.0,207.61114501953125,243.98678588867188,0.9999895095825195,192.52764892578125,239.5892333984375,1.0,248.72470092773438,250.85256958007812,0.0037678920198231936,182.16383361816406,246.3055419921875,0.001004424993880093,245.67787170410156,280.5886535644531,0.9999996423721313,196.81324768066406,283.4081726074219,0.9999997615814209,250.11196899414062,288.4000244140625,0.0007014537695795298
487,240.37864685058594,230.31077575683594,1.0,245.0846710205078,259.4934997558594,1.0,207.40435791015625,243.88253784179688,0.9999966621398926,192.46385192871094,239.6764373779297,1.0,248.71116638183594,250.89874267578125,0.0042593590915203094,182.20404052734375,246.44879150390625,0.0011512449709698558,245.38467407226562,280.9159240722656,0.9999996423721313,196.86549377441406,283.41595458984375,0.9999997615814209,250.08920288085938,288.5838623046875,0.0005284937797114253
488,240.32247924804688,230.2461700439453,1.0,245.199951171875,259.5097961425781,1.0,207.4685516357422,243.89573669433594,0.9999969005584717,192.53749084472656,239.48155212402344,1.0,249.1698455810547,251.03369140625,0.002067404333502054,182.19314575195312,246.3037567138672,0.0010380127932876348,245.35614013671875,281.1090087890625,0.9999994039535522,196.82444763183594,283.51568603515625,0.9999997615814209,250.10809326171875,288.58160400390625,0.0004993648617528379
489,240.39939880371094,230.19354248046875,1.0,245.28610229492188,259.60369873046875,1.0,207.5205841064453,244.0086212158203,0.9999934434890747,192.661376953125,239.6157989501953,1.0,249.13351440429688,250.98822021484375,0.00295112538151443,182.1319122314453,246.3304901123047,0.0009949479717761278,245.51097106933594,281.1902160644531,0.9999995231628418,196.8312225341797,283.52587890625,0.9999995231628418,250.21240234375,288.6131286621094,0.00048220515600405633
490,240.374755859375,230.40167236328125,1.0,245.26858520507812,259.5730285644531,1.0,207.5214080810547,244.0842742919922,0.9999936819076538,192.73297119140625,239.70518493652344,1.0,249.18722534179688,250.9551544189453,0.0031331495847553015,182.11021423339844,246.3032989501953,0.0009410653146915138,245.57064819335938,281.140869140625,0.9999995231628418,196.79818725585938,283.49957275390625,0.9999996423721313,250.1665496826172,288.6015319824219,0.0004816164437215775
491,240.271728515625,230.24957275390625,1.0,245.31869506835938,259.595947265625,1.0,207.54248046875,244.11924743652344,0.9999924898147583,192.8004913330078,239.88632202148438,1.0,249.14720153808594,250.9371337890625,0.0024184011854231358,182.07569885253906,246.44744873046875,0.0010625967988744378,245.7867889404297,281.02789306640625,0.9999994039535522,196.90916442871094,283.679443359375,0.9999995231628418,250.3516845703125,288.6445617675781,0.00045614218106493354
492,240.26133728027344,230.15078735351562,1.0,245.09036254882812,259.43475341796875,1.0,207.27593994140625,244.0851593017578,0.9999947547912598,192.8284454345703,239.64144897460938,1.0,249.1168975830078,250.75872802734375,0.005052403546869755,182.2713623046875,246.45838928222656,0.0010617246152833104,245.5402069091797,281.2336730957031,0.9999996423721313,197.0580596923828,283.7921142578125,0.9999994039535522,250.3335723876953,288.48992919921875,0.00045175760169513524
493,240.2666778564453,230.3929443359375,1.0,244.89125061035156,259.6251220703125,1.0,207.1208038330078,244.16384887695312,0.9999971389770508,192.49082946777344,239.72714233398438,1.0,248.608642578125,250.75042724609375,0.019373107701539993,182.26646423339844,246.4281768798828,0.001178041216917336,245.2056121826172,281.33892822265625,0.9999997615814209,197.1954345703125,283.69921875,0.9999996423721313,250.1106719970703,288.54925537109375,0.0004629660106729716
494,240.2877960205078,230.43458557128906,1.0,244.8052215576172,259.6353454589844,1.0,207.22889709472656,244.1923065185547,0.9999957084655762,192.5707244873047,239.8019561767578,1.0,248.57469177246094,250.9557647705078,0.010385049507021904,182.2740020751953,246.42149353027344,0.001177511177957058,245.30177307128906,281.21722412109375,0.9999997615814209,197.2189178466797,283.8394470214844,0.9999995231628418,250.26124572753906,288.54833984375,0.00044898531632497907
495,240.24835205078125,230.13079833984375,1.0,245.01931762695312,259.77978515625,1.0,207.0010223388672,242.7095947265625,1.0,192.306884765625,238.8478240966797,1.0,248.59304809570312,250.9481658935547,0.007658841088414192,182.32186889648438,245.8122100830078,0.0008932184427976608,245.58447265625,281.0091247558594,0.9999995231628418,197.09217834472656,283.3272705078125,0.9999991655349731,250.26568603515625,288.5038146972656,0.000368656765203923
496,240.43260192871094,229.91566467285156,1.0,244.8657684326172,259.7294006347656,1.0,206.24639892578125,241.1704559326172,1.0,191.4366455078125,237.23533630371094,1.0,248.40640258789062,250.88626098632812,0.004095175769180059,182.65199279785156,244.79425048828125,0.0007650702027603984,244.9879608154297,281.20770263671875,0.9999995231628418,197.09483337402344,282.8711853027344,0.9999988079071045,249.91986083984375,288.6506652832031,0.0005401588277891278
497,240.3834991455078,230.0088653564453,1.0,244.69908142089844,259.5311584472656,1.0,205.95074462890625,240.75503540039062,1.0,190.95436096191406,237.09690856933594,1.0,248.023681640625,250.63528442382812,0.00485840393230319,258.6020812988281,252.18040466308594,0.0008224862394854426,244.9755096435547,281.04034423828125,0.9999995231628418,197.09478759765625,282.73529052734375,0.9999984502792358,250.0111541748047,288.41778564453125,0.0006699918885715306
498,240.24363708496094,229.96543884277344,1.0,244.83782958984375,259.4548645019531,1.0,205.9558868408203,240.828369140625,1.0,191.1573028564453,237.1051483154297,1.0,248.469482421875,250.7112579345703,0.004981558304280043,258.47845458984375,252.10589599609375,0.0010074313031509519,245.12405395507812,280.9334411621094,0.9999995231628418,197.22918701171875,283.0166015625,0.9999979734420776,250.09194946289062,288.405029296875,0.0006597557803615928
499,240.0447998046875,229.6240234375,1.0,244.71006774902344,259.71112060546875,1.0,205.09600830078125,239.9400634765625,1.0,191.00125122070312,236.96600341796875,1.0,248.17156982421875,250.63040161132812,0.015244632959365845,258.0584716796875,252.02984619140625,0.0012668401468545198,244.9890594482422,281.23809814453125,0.9999996423721313,197.5239715576172,283.1529846191406,0.9999916553497314,250.0516357421875,288.6157531738281,0.0006759385578334332
500,239.2854766845703,229.62281799316406,1.0,244.1689453125,259.1043701171875,1.0,203.34536743164062,239.03001403808594,1.0,189.8690948486328,236.2828369140625,1.0,246.30685424804688,248.80445861816406,0.9591124057769775,251.82542419433594,250.60562133789062,0.09824354946613312,244.3471221923828,281.3454895019531,0.9999996423721313,197.7840576171875,283.2100830078125,0.9999881982803345,249.97914123535156,287.9573974609375,0.000773773470427841
501,238.80224609375,228.66893005371094,1.0,244.5521240234375,258.60015869140625,1.0,203.05029296875,239.0447998046875,1.0,189.59938049316406,236.29476928710938,1.0,246.78457641601562,248.62132263183594,0.8219929337501526,252.3890838623047,250.18824768066406,0.03786453604698181,244.89988708496094,281.29376220703125,0.9999996423721313,198.12210083007812,283.4527282714844,0.9999804496765137,250.283447265625,288.0247802734375,0.0006704709376208484
502,238.1527099609375,228.9290771484375,1.0,244.0955047607422,258.5549621582031,1.0,202.85145568847656,238.79135131835938,1.0,189.40042114257812,236.21051025390625,1.0,245.78173828125,247.99850463867188,0.9916874766349792,251.53189086914062,250.08441162109375,0.2364904135465622,244.45791625976562,281.10595703125,0.9999997615814209,197.89454650878906,283.5523986816406,0.999991774559021,250.1013946533203,287.8445739746094,0.0006752743502147496
503,238.09939575195312,228.38804626464844,1.0,244.1407012939453,258.51507568359375,1.0,202.79171752929688,238.7137451171875,1.0,189.4405517578125,236.16647338867188,1.0,245.82687377929688,247.97061157226562,0.9900520443916321,251.57957458496094,250.02734375,0.18201792240142822,244.73248291015625,281.1360778808594,0.9999996423721313,197.80657958984375,283.6003112792969,0.9999915361404419,250.38975524902344,288.0293273925781,0.000626930792350322
504,237.6895294189453,228.39385986328125,1.0,243.67796325683594,258.3194885253906,1.0,202.09083557128906,239.16903686523438,1.0,188.84950256347656,236.24867248535156,1.0,245.6074676513672,247.90048217773438,0.9874725341796875,251.2863311767578,250.0493621826172,0.21713244915008545,245.00314331054688,280.7680358886719,0.9999997615814209,197.6854705810547,283.3815002441406,0.9999946355819702,250.7816619873047,287.75897216796875,0.0006582126370631158
505,236.6121826171875,227.70359802246094,1.0,243.17982482910156,258.68939208984375,1.0,201.11727905273438,238.96389770507812,1.0,187.32339477539062,236.46923828125,1.0,245.03305053710938,247.81539916992188,0.981616735458374,250.57505798339844,249.7779998779297,0.23772123456001282,244.63172912597656,281.325439453125,0.9999997615814209,196.70848083496094,283.86297607421875,0.9999971389770508,250.5465545654297,288.3489990234375,0.0007881501805968583
506,235.90528869628906,228.39251708984375,1.0,242.3161163330078,258.2322082519531,1.0,199.29481506347656,238.62213134765625,1.0,185.15843200683594,236.76390075683594,1.0,244.60450744628906,247.8152618408203,0.9137848615646362,249.70872497558594,249.9105987548828,0.25795647501945496,243.09735107421875,280.2386169433594,0.9999997615814209,194.4542236328125,283.6780700683594,0.9999978542327881,249.5649871826172,287.9387512207031,0.0013274664524942636
507,235.13023376464844,228.84645080566406,1.0,241.4911346435547,256.9800109863281,1.0,198.37660217285156,238.68212890625,1.0,184.6811981201172,236.77389526367188,1.0,242.0244903564453,246.51950073242188,0.9999734163284302,247.73052978515625,249.75836181640625,0.9953698515892029,239.94845581054688,280.64349365234375,0.9999997615814209,194.4722442626953,283.7827453613281,0.9999886751174927,248.76339721679688,287.99957275390625,0.0020767762325704098
508,232.7878875732422,228.98590087890625,1.0,239.22439575195312,256.94537353515625,1.0,196.00454711914062,238.574951171875,1.0,182.34986877441406,236.62478637695312,1.0,239.58023071289062,246.17713928222656,0.9999997615814209,245.35794067382812,249.98318481445312,0.9999728202819824,237.9522705078125,281.27801513671875,0.9999998807907104,193.96646118164062,284.7559509277344,0.999923586845398,247.70913696289062,289.376953125,0.0031003952026367188
509,228.123046875,228.63739013671875,1.0,234.7729034423828,256.2418212890625,1.0,191.77708435058594,238.4766845703125,1.0,178.57571411132812,236.04176330566406,1.0,236.0819091796875,245.79998779296875,1.0,242.4005126953125,248.85877990722656,1.0,235.1210479736328,281.71356201171875,1.0,188.8917236328125,285.1997375488281,0.999503493309021,248.83944702148438,286.9892883300781,0.18392053246498108
510,223.7178955078125,227.4015655517578,1.0,230.45518493652344,255.2522430419922,1.0,187.83033752441406,237.63217163085938,1.0,174.53369140625,235.53091430664062,1.0,233.68646240234375,244.44961547851562,1.0,240.7494659423828,247.04310607910156,1.0,230.1663360595703,282.22601318359375,1.0,185.74472045898438,285.5566711425781,0.9996596574783325,245.62115478515625,288.1328430175781,0.9853120446205139
511,219.6915740966797,227.034912109375,1.0,226.955078125,255.3741912841797,1.0,184.7325897216797,237.80758666992188,1.0,171.70657348632812,235.41046142578125,1.0,231.42864990234375,243.62831115722656,1.0,239.5613555908203,245.7943572998047,1.0,226.5950927734375,280.8127746582031,1.0,182.73565673828125,285.9739074707031,0.9995718598365784,242.93844604492188,288.6019592285156,0.9994471669197083
512,217.7024688720703,227.62213134765625,1.0,222.9450225830078,255.8372802734375,1.0,182.72718811035156,238.20623779296875,1.0,168.21861267089844,235.31776428222656,1.0,229.88563537597656,243.3197021484375,1.0,238.2381591796875,245.68605041503906,1.0,223.11553955078125,280.6248779296875,0.9999998807907104,179.73240661621094,286.17327880859375,0.9997311234474182,239.70339965820312,288.4065246582031,0.999906063079834
513,215.0803985595703,225.86866760253906,1.0,219.79794311523438,254.2020721435547,1.0,181.01661682128906,236.96002197265625,1.0,166.379638671875,235.09906005859375,1.0,227.7376251220703,242.24404907226562,1.0,236.6576690673828,244.96556091308594,1.0,220.8927764892578,279.42803955078125,1.0,178.10604858398438,286.1934814453125,0.9999585151672363,238.12161254882812,287.5140075683594,0.9999983310699463
514,212.2552032470703,225.2919464111328,1.0,217.2438201904297,253.19293212890625,1.0,179.7965087890625,237.4451904296875,1.0,164.74896240234375,235.30078125,1.0,226.15750122070312,241.98199462890625,1.0,236.17355346679688,244.07766723632812,1.0,218.1953887939453,278.662841796875,1.0,176.2332763671875,286.5939636230469,0.9999765157699585,236.2146453857422,286.88037109375,0.9999997615814209
515,210.87452697753906,224.88348388671875,1.0,215.9366912841797,252.38719177246094,1.0,178.31907653808594,236.68536376953125,1.0,163.51837158203125,234.98568725585938,1.0,224.93136596679688,241.44888305664062,1.0,235.11276245117188,244.8665771484375,1.0,216.56040954589844,278.3271789550781,1.0,175.34817504882812,286.62646484375,0.9999722242355347,235.16787719726562,286.61395263671875,0.9999998807907104
516,210.1115264892578,224.79229736328125,1.0,215.02072143554688,252.65487670898438,1.0,177.67721557617188,236.68650817871094,1.0,162.81195068359375,234.81777954101562,1.0,224.51512145996094,241.36810302734375,1.0,234.46034240722656,244.09642028808594,1.0,215.4656982421875,278.49078369140625,1.0,173.34588623046875,286.11859130859375,0.9999781847000122,234.08633422851562,286.0047912597656,0.9999998807907104
517,209.72589111328125,224.5821533203125,1.0,214.34674072265625,252.60647583007812,1.0,176.9471893310547,236.58901977539062,1.0,162.15554809570312,234.594970703125,1.0,224.254150390625,241.53912353515625,1.0,234.1444549560547,244.32215881347656,1.0,214.6536865234375,278.61798095703125,1.0,172.8255615234375,286.5924377441406,0.9999872446060181,234.110107421875,286.18084716796875,1.0
518,209.492431640625,224.84649658203125,1.0,213.8694305419922,252.64556884765625,1.0,176.17091369628906,236.40057373046875,1.0,161.71058654785156,234.32086181640625,1.0,224.10031127929688,241.67605590820312,1.0,233.95486450195312,244.18772888183594,1.0,213.7192840576172,278.6542053222656,1.0,172.3572235107422,286.8477783203125,0.9999902248382568,233.0851593017578,286.1163330078125,0.9999998807907104
519,208.97793579101562,224.81910705566406,1.0,213.4365234375,252.7401885986328,1.0,176.02496337890625,236.34031677246094,1.0,161.27249145507812,234.22584533691406,1.0,223.6802978515625,241.4248809814453,1.0,233.5601043701172,244.04617309570312,1.0,212.87413024902344,278.6941223144531,1.0,171.90347290039062,286.9002990722656,0.9999902248382568,233.1254425048828,286.1026916503906,0.9999998807907104
520,208.4599151611328,224.55613708496094,1.0,212.76809692382812,252.86192321777344,1.0,175.6101837158203,236.34640502929688,1.0,160.6732635498047,234.1691436767578,1.0,223.3317413330078,241.37762451171875,1.0,233.32266235351562,244.04092407226562,1.0,212.22244262695312,278.66302490234375,1.0,171.29103088378906,286.8365173339844,0.9999785423278809,232.9004669189453,285.8189697265625,0.9999998807907104
521,207.4799041748047,224.0401611328125,1.0,212.1571502685547,252.68646240234375,1.0,175.14715576171875,236.05369567871094,1.0,160.25514221191406,233.63031005859375,1.0,222.6905517578125,241.01116943359375,1.0,233.1577606201172,244.2169189453125,1.0,211.3505096435547,278.0722961425781,1.0,170.7606964111328,286.8255920410156,0.9999880790710449,232.20449829101562,285.85430908203125,0.9999998807907104
522,205.87579345703125,224.0630645751953,1.0,210.3664093017578,252.07350158691406,1.0,173.64260864257812,235.81883239746094,1.0,158.05357360839844,233.60687255859375,1.0,221.45718383789062,240.16287231445312,1.0,232.8734893798828,243.5134735107422,1.0,209.9112091064453,278.0436706542969,1.0,169.09657287597656,286.2646179199219,0.9999901056289673,229.878662109375,285.26531982421875,1.0
523,203.6526641845703,223.61322021484375,1.0,208.27978515625,251.88865661621094,1.0,171.92408752441406,235.4241943359375,1.0,157.56683349609375,233.4998321533203,1.0,220.98020935058594,240.4388885498047,1.0,231.89373779296875,242.89454650878906,1.0,208.33888244628906,278.07171630859375,1.0,168.2991485595703,286.5379943847656,0.9999916553497314,228.58004760742188,285.60137939453125,1.0
524,203.32081604003906,223.7649688720703,1.0,207.31199645996094,251.9313507080078,1.0,171.75189208984375,235.3098907470703,1.0,156.86732482910156,233.37850952148438,1.0,220.56439208984375,240.21336364746094,1.0,231.54859924316406,242.35523986816406,1.0,207.22314453125,277.9153747558594,1.0,167.9234161376953,285.95947265625,0.9999948740005493,227.93231201171875,285.7125244140625,1.0
525,203.51458740234375,223.98733520507812,1.0,206.6309814453125,251.7806854248047,1.0,171.53097534179688,235.1590576171875,1.0,157.09945678710938,233.13209533691406,1.0,220.46661376953125,240.4800567626953,1.0,231.62808227539062,242.8444061279297,1.0,206.4918670654297,277.6904602050781,1.0,167.44540405273438,285.68023681640625,0.9999974966049194,227.50149536132812,285.9537353515625,1.0
526,202.85179138183594,222.85836791992188,1.0,206.06600952148438,251.6588897705078,1.0,170.8513946533203,234.8245849609375,1.0,156.44677734375,232.90599060058594,1.0,220.09027099609375,240.038818359375,1.0,231.24282836914062,242.58424377441406,1.0,206.01284790039062,276.51397705078125,1.0,167.1960906982422,285.216796875,0.9999979734420776,226.71871948242188,285.58477783203125,1.0
527,202.64254760742188,221.56443786621094,1.0,206.28738403320312,250.763427734375,1.0,170.94866943359375,233.71397399902344,1.0,155.91481018066406,232.02792358398438,1.0,219.78720092773438,239.12380981445312,1.0,230.56369018554688,241.90594482421875,1.0,205.48416137695312,276.0379333496094,1.0,166.51170349121094,284.7178649902344,0.9999985694885254,226.5980987548828,285.434814453125,1.0
528,202.9999237060547,220.5625457763672,1.0,206.539306640625,250.14846801757812,1.0,170.7786865234375,233.25843811035156,1.0,155.5636749267578,231.8406524658203,1.0,219.62637329101562,238.6363983154297,1.0,230.2159423828125,241.65342712402344,1.0,205.21820068359375,275.89642333984375,1.0,166.3155059814453,284.6940612792969,0.9999994039535522,226.03375244140625,285.314453125,1.0
529,202.8882598876953,220.59043884277344,1.0,206.5670623779297,249.99562072753906,1.0,170.53404235839844,233.24484252929688,1.0,155.321044921875,231.55413818359375,1.0,219.4220733642578,238.39271545410156,1.0,230.15220642089844,241.59275817871094,1.0,205.0033721923828,275.78497314453125,1.0,166.03106689453125,284.4454345703125,0.9999996423721313,225.8949432373047,285.3337707519531,1.0
530,202.75558471679688,220.63226318359375,1.0,205.99703979492188,249.74267578125,1.0,170.51512145996094,232.9929962158203,1.0,155.02633666992188,231.3549041748047,1.0,219.404296875,238.4561767578125,1.0,230.05679321289062,241.5535888671875,1.0,204.495361328125,275.330810546875,1.0,165.5957489013672,284.0874328613281,0.9999996423721313,225.57745361328125,284.9781188964844,1.0
531,202.37704467773438,220.77223205566406,1.0,205.4553680419922,249.34335327148438,1.0,170.12313842773438,233.12203979492188,1.0,154.65306091308594,231.42184448242188,1.0,219.2606201171875,238.38668823242188,1.0,229.8164825439453,241.44525146484375,1.0,204.0359649658203,275.2438659667969,1.0,165.15170288085938,283.83782958984375,0.9999998807907104,224.93478393554688,284.5408935546875,1.0
532,201.9539337158203,220.75547790527344,1.0,205.08822631835938,249.40782165527344,1.0,169.7021484375,233.12643432617188,1.0,154.45823669433594,231.21426391601562,1.0,219.14401245117188,238.5365447998047,1.0,229.9299774169922,241.51234436035156,1.0,203.40640258789062,275.39544677734375,1.0,164.74014282226562,283.8607177734375,0.9999998807907104,224.7241973876953,284.6181640625,1.0
533,201.5765838623047,220.6478271484375,1.0,204.73562622070312,249.49815368652344,1.0,169.33323669433594,233.19427490234375,1.0,153.96116638183594,231.1997528076172,1.0,218.90939331054688,238.55551147460938,1.0,229.85462951660156,241.3889923095703,1.0,202.95407104492188,275.3279113769531,1.0,164.24449157714844,283.96954345703125,0.9999998807907104,224.5444793701172,284.8798522949219,1.0
534,201.19415283203125,220.6986846923828,1.0,204.218505859375,249.38238525390625,1.0,168.98101806640625,233.03334045410156,1.0,153.5288848876953,231.11036682128906,1.0,218.73428344726562,238.4821319580078,1.0,229.69375610351562,241.4309844970703,1.0,202.6030731201172,275.3165283203125,1.0,164.06993103027344,283.6218566894531,0.9999998807907104,224.5323028564453,284.60357666015625,1.0
535,200.91744995117188,220.55545043945312,1.0,204.07933044433594,249.42608642578125,1.0,168.95669555664062,233.192138671875,1.0,153.69442749023438,231.1132049560547,1.0,218.50241088867188,238.43222045898438,1.0,229.33071899414062,241.2466583251953,1.0,202.75271606445312,274.5967712402344,1.0,164.06166076660156,283.6877136230469,0.9999998807907104,224.2483367919922,284.6819152832031,1.0
536,201.03273010253906,220.49542236328125,1.0,204.1483612060547,249.30043029785156,1.0,169.06932067871094,232.90663146972656,1.0,153.54685974121094,231.12841796875,1.0,218.56680297851562,238.3199005126953,1.0,229.32301330566406,241.2296142578125,1.0,202.68328857421875,274.5971984863281,1.0,163.98146057128906,283.7939453125,1.0,224.1944122314453,284.64984130859375,1.0
537,200.8659210205078,220.64035034179688,1.0,203.82522583007812,249.37808227539062,1.0,169.01742553710938,232.97119140625,1.0,153.48330688476562,231.06866455078125,1.0,218.47190856933594,238.49789428710938,1.0,229.30967712402344,241.31480407714844,1.0,202.34646606445312,274.7299499511719,1.0,163.80587768554688,283.6981201171875,1.0,224.05126953125,284.8697204589844,1.0
538,200.654052734375,220.79608154296875,1.0,203.6874237060547,249.44009399414062,1.0,168.96507263183594,232.99832153320312,1.0,153.43795776367188,231.08680725097656,1.0,218.24302673339844,238.43003845214844,1.0,229.08326721191406,241.02297973632812,1.0,202.09799194335938,274.7789001464844,1.0,163.79061889648438,283.6765441894531,1.0,223.96705627441406,284.7669982910156,1.0
539,200.55718994140625,221.15127563476562,1.0,203.26393127441406,249.6094207763672,1.0,168.86181640625,232.9732666015625,1.0,153.54547119140625,231.05691528320312,1.0,218.1813507080078,238.5554962158203,1.0,229.1038360595703,241.1766815185547,1.0,201.8194580078125,274.6201171875,1.0,163.51351928710938,283.667236328125,1.0,223.85533142089844,284.8096008300781,1.0
540,200.9049530029297,220.89334106445312,1.0,203.49024963378906,249.7338409423828,1.0,169.12054443359375,233.10391235351562,1.0,153.35321044921875,231.3077850341797,1.0,218.17076110839844,238.6143341064453,1.0,228.9149932861328,241.38023376464844,1.0,201.8639373779297,275.1676025390625,1.0,163.481201171875,283.5767822265625,1.0,223.88619995117188,285.0315856933594,1.0
541,200.95779418945312,220.66592407226562,1.0,203.71762084960938,249.988525390625,1.0,168.89413452148438,233.16041564941406,1.0,153.28538513183594,231.2636260986328,1.0,218.3256378173828,238.75918579101562,1.0,229.08265686035156,241.40086364746094,1.0,201.9447784423828,275.2837219238281,1.0,163.63006591796875,283.6076354980469,1.0,223.9086456298828,285.19744873046875,1.0
542,200.7516632080078,221.07342529296875,1.0,203.5899658203125,250.01332092285156,1.0,169.0041046142578,233.2928466796875,1.0,153.36878967285156,231.28338623046875,1.0,218.3423309326172,238.8758087158203,1.0,229.17945861816406,241.534912109375,1.0,201.9855499267578,275.36962890625,1.0,163.67225646972656,283.8215026855469,1.0,224.0792694091797,285.19775390625,1.0
543,200.68443298339844,221.15908813476562,1.0,203.22862243652344,250.2090301513672,1.0,168.8628692626953,233.49180603027344,1.0,153.27972412109375,231.4103546142578,1.0,218.11276245117188,238.96543884277344,1.0,228.92506408691406,241.4858856201172,1.0,201.6798553466797,275.4359436035156,1.0,163.57095336914062,283.943603515625,1.0,224.1310577392578,285.3896179199219,1.0
544,200.8695831298828,220.9391632080078,1.0,203.49923706054688,250.1699676513672,1.0,168.90516662597656,233.3939666748047,1.0,153.18930053710938,231.535888671875,1.0,218.210205078125,238.90635681152344,1.0,228.97254943847656,241.46356201171875,1.0,201.76087951660156,275.36407470703125,1.0,163.78213500976562,283.95245361328125,1.0,224.19358825683594,285.4501037597656,1.0
545,200.86160278320312,220.98544311523438,1.0,203.45423889160156,250.3018798828125,1.0,168.99481201171875,233.3695526123047,1.0,153.1682586669922,231.60597229003906,1.0,218.1281280517578,238.9956512451172,1.0,228.90420532226562,241.52389526367188,1.0,201.77931213378906,275.37615966796875,1.0,164.0162353515625,283.8945617675781,1.0,224.2054443359375,285.3391418457031,1.0
546,201.046142578125,221.3017120361328,1.0,203.31846618652344,250.4105224609375,1.0,169.1436004638672,233.48492431640625,1.0,153.1860809326172,231.6058807373047,1.0,218.22750854492188,239.1050262451172,1.0,229.10183715820312,241.68116760253906,1.0,201.75025939941406,275.28985595703125,1.0,163.75286865234375,283.8111267089844,1.0,224.29971313476562,285.37872314453125,1.0
547,201.14630126953125,221.53060913085938,1.0,203.37820434570312,250.46385192871094,1.0,169.5924072265625,233.41656494140625,1.0,153.57933044433594,231.62448120117188,1.0,218.2603302001953,239.0997314453125,1.0,229.23660278320312,241.6634521484375,1.0,201.78213500976562,275.412109375,1.0,163.7781524658203,283.7960510253906,1.0,224.4661865234375,286.23065185546875,1.0
548,201.09413146972656,221.66171264648438,1.0,203.543701171875,250.51564025878906,1.0,169.51968383789062,233.37521362304688,1.0,153.5987548828125,231.4882354736328,1.0,218.2489471435547,239.08990478515625,1.0,229.1531982421875,241.49325561523438,1.0,202.0408935546875,275.54034423828125,1.0,163.862060546875,283.8011169433594,1.0,224.59548950195312,286.111572265625,1.0
549,201.1747589111328,221.64869689941406,1.0,203.58584594726562,250.4578399658203,1.0,169.59860229492188,233.3126983642578,1.0,153.60260009765625,231.58404541015625,1.0,218.31411743164062,239.313232421875,1.0,229.16107177734375,241.7447967529297,1.0,202.027099609375,275.66082763671875,1.0,163.80126953125,283.8939514160156,1.0,224.8739471435547,285.7066955566406,1.0
550,201.27276611328125,221.75421142578125,1.0,203.77880859375,250.52552795410156,1.0,169.66697692871094,233.5181884765625,1.0,153.61260986328125,231.66517639160156,1.0,218.41416931152344,239.4561004638672,1.0,229.14675903320312,241.75546264648438,1.0,202.1580810546875,275.7809753417969,1.0,163.68594360351562,283.85089111328125,1.0,224.95057678222656,285.619873046875,1.0
551,201.45855712890625,221.76300048828125,1.0,204.00140380859375,250.5718231201172,1.0,169.75262451171875,233.6874542236328,1.0,153.9381103515625,231.69215393066406,1.0,218.69309997558594,239.44662475585938,1.0,229.38461303710938,241.87989807128906,1.0,202.1775360107422,276.1358947753906,1.0,163.6228485107422,283.9632263183594,1.0,224.79290771484375,286.1816711425781,1.0
552,201.00811767578125,222.27967834472656,1.0,203.9690399169922,250.18069458007812,1.0,169.99783325195312,234.52532958984375,1.0,154.4959259033203,232.02780151367188,1.0,218.67811584472656,239.6660614013672,1.0,229.52296447753906,242.0635528564453,1.0,202.46885681152344,275.8013916015625,1.0,164.13905334472656,284.409912109375,1.0,224.87362670898438,286.00115966796875,1.0
553,201.25364685058594,222.5896453857422,1.0,204.1129913330078,251.0905303955078,1.0,170.16278076171875,235.4506072998047,1.0,155.20120239257812,232.40306091308594,1.0,218.87863159179688,240.72540283203125,1.0,229.2758026123047,242.2659912109375,1.0,202.6248016357422,276.3682861328125,1.0,164.1387481689453,284.4681701660156,1.0,224.47840881347656,286.8039245605469,1.0
554,201.24053955078125,222.7232208251953,1.0,204.13180541992188,251.07119750976562,1.0,170.29977416992188,235.92417907714844,1.0,155.62786865234375,232.62110900878906,1.0,218.92263793945312,240.91278076171875,1.0,229.37252807617188,242.54791259765625,1.0,202.77780151367188,276.1001281738281,1.0,164.4696502685547,284.60113525390625,1.0,224.42771911621094,286.7934265136719,1.0
555,201.6472625732422,222.93153381347656,1.0,204.44834899902344,251.38894653320312,1.0,170.53028869628906,235.9427490234375,1.0,155.90206909179688,232.71412658691406,1.0,219.21194458007812,241.06593322753906,1.0,229.64584350585938,242.7047576904297,1.0,203.0575408935547,276.19708251953125,1.0,164.2911834716797,284.4663391113281,1.0,224.79818725585938,286.29425048828125,1.0
556,201.71315002441406,222.89927673339844,1.0,204.5519561767578,251.3697967529297,1.0,170.79901123046875,235.88563537597656,1.0,155.8744659423828,232.78565979003906,1.0,219.36831665039062,241.22535705566406,1.0,229.97970581054688,242.80477905273438,1.0,203.14186096191406,276.0414733886719,1.0,164.42666625976562,284.49053955078125,1.0,224.53125,287.02801513671875,1.0
557,202.25778198242188,222.4681854248047,1.0,204.63934326171875,251.25823974609375,1.0,170.74537658691406,234.50680541992188,1.0,155.2472686767578,232.29571533203125,1.0,219.20477294921875,240.60096740722656,1.0,230.01171875,243.02540588378906,1.0,203.1214599609375,276.1204833984375,1.0,164.26060485839844,284.3406982421875,1.0,224.75967407226562,286.7833557128906,1.0
558,202.21678161621094,221.68338012695312,1.0,204.81434631347656,251.15286254882812,1.0,170.0322265625,233.48965454101562,1.0,155.1175079345703,231.67559814453125,1.0,218.84596252441406,240.13967895507812,1.0,229.8014373779297,242.91787719726562,1.0,203.18515014648438,276.16387939453125,1.0,164.24118041992188,284.493896484375,0.9999998807907104,224.85841369628906,286.8807373046875,1.0
559,202.1514892578125,221.56900024414062,1.0,204.8836212158203,251.09182739257812,1.0,169.7001495361328,233.493408203125,1.0,155.03598022460938,231.72061157226562,1.0,218.7843780517578,240.0794677734375,1.0,229.7445831298828,243.07919311523438,1.0,203.20164489746094,276.1868591308594,1.0,164.17825317382812,284.4382629394531,0.9999998807907104,224.93798828125,286.7522888183594,1.0
560,202.09817504882812,221.5959014892578,1.0,204.843505859375,251.09132385253906,1.0,169.77503967285156,233.66079711914062,1.0,155.1087188720703,231.9344940185547,1.0,218.80047607421875,240.0558319091797,1.0,229.726318359375,242.8011016845703,1.0,203.22097778320312,276.12567138671875,1.0,164.36170959472656,284.351318359375,1.0,224.88014221191406,286.7704772949219,1.0
561,202.04800415039062,221.60507202148438,1.0,204.96873474121094,251.07684326171875,1.0,169.61380004882812,233.59732055664062,1.0,154.74609375,231.83462524414062,1.0,218.70436096191406,239.87449645996094,1.0,229.74415588378906,242.62161254882812,1.0,203.32559204101562,276.1993408203125,1.0,164.38914489746094,284.3385925292969,1.0,225.0638427734375,286.8340759277344,1.0
562,199.32289123535156,221.41749572753906,1.0,203.6720733642578,250.07479858398438,1.0,165.97328186035156,233.97412109375,1.0,152.246337890625,231.6431884765625,1.0,216.7254180908203,238.24183654785156,1.0,227.86798095703125,240.98046875,1.0,201.99819946289062,275.738525390625,1.0,163.09962463378906,284.7458190917969,0.9999998807907104,224.41192626953125,285.35565185546875,1.0
563,190.1294403076172,220.62294006347656,1.0,193.13674926757812,247.80592346191406,1.0,159.05271911621094,234.218505859375,1.0,145.21168518066406,232.21588134765625,1.0,208.85440063476562,236.6761474609375,1.0,221.36166381835938,237.9303436279297,1.0,191.21640014648438,272.560546875,1.0,155.89820861816406,283.2651672363281,0.9999998807907104,215.96475219726562,283.7887268066406,1.0
564,186.57472229003906,219.9437713623047,1.0,189.17742919921875,246.35182189941406,1.0,156.17025756835938,232.79736328125,1.0,141.83177185058594,231.48106384277344,1.0,205.87623596191406,235.310791015625,1.0,219.53553771972656,237.9832763671875,1.0,187.21949768066406,272.20068359375,1.0,151.80369567871094,281.56646728515625,1.0,212.65081787109375,283.0627136230469,1.0
565,183.92420959472656,218.83396911621094,1.0,185.79617309570312,246.10641479492188,1.0,154.1033477783203,233.0323028564453,1.0,140.31373596191406,231.5417938232422,1.0,203.46572875976562,235.11277770996094,1.0,217.9641876220703,236.6398162841797,1.0,185.1792755126953,270.57879638671875,1.0,150.34796142578125,281.89898681640625,1.0,210.53208923339844,282.92034912109375,1.0
566,182.1890869140625,219.06239318847656,1.0,183.69137573242188,246.21922302246094,1.0,152.91299438476562,232.69674682617188,1.0,138.79737854003906,231.2677459716797,1.0,202.5560302734375,235.10690307617188,1.0,216.22589111328125,236.4994354248047,1.0,183.0654296875,270.73095703125,1.0,148.92308044433594,282.0018615722656,1.0,208.9027557373047,282.8145446777344,1.0
567,181.20944213867188,219.48199462890625,1.0,182.95535278320312,246.7987518310547,1.0,151.75990295410156,232.88311767578125,1.0,137.72230529785156,231.2987518310547,1.0,201.59165954589844,234.9873809814453,1.0,215.4520721435547,236.29168701171875,1.0,182.1435546875,270.9901123046875,1.0,147.95138549804688,282.2485656738281,1.0,207.6729736328125,282.45733642578125,1.0
568,180.4051055908203,219.32406616210938,1.0,181.91358947753906,246.95269775390625,1.0,150.93600463867188,232.8603057861328,1.0,137.09300231933594,231.4335479736328,1.0,200.97113037109375,235.12400817871094,1.0,214.81439208984375,235.94366455078125,1.0,181.3998260498047,270.69671630859375,1.0,146.94076538085938,282.1934509277344,1.0,207.19931030273438,282.25469970703125,1.0
569,179.60809326171875,218.97064208984375,1.0,181.10061645507812,246.109375,1.0,150.4756317138672,232.74221801757812,1.0,136.48890686035156,231.59457397460938,1.0,200.38247680664062,234.83958435058594,1.0,213.9926300048828,235.48532104492188,1.0,180.7299346923828,271.0675048828125,1.0,146.25978088378906,282.0449523925781,1.0,206.60646057128906,281.6683044433594,1.0
570,178.93328857421875,219.14283752441406,1.0,180.6686553955078,246.5323486328125,1.0,149.91197204589844,233.250732421875,1.0,136.13462829589844,231.6629180908203,1.0,199.8665008544922,234.7779541015625,1.0,213.6461944580078,235.47381591796875,1.0,180.1265411376953,270.9297790527344,1.0,146.3321075439453,281.864013671875,1.0,206.21994018554688,281.9132385253906,1.0
571,178.68235778808594,218.78054809570312,1.0,180.12933349609375,246.7375030517578,1.0,149.644775390625,233.20115661621094,1.0,135.79103088378906,231.6552734375,1.0,199.6724090576172,234.77220153808594,1.0,213.47073364257812,235.59683227539062,1.0,179.262939453125,271.1894226074219,1.0,145.57164001464844,281.8404846191406,1.0,205.63661193847656,281.9613037109375,1.0
572,178.05360412597656,218.62815856933594,1.0,179.6159210205078,246.41506958007812,1.0,149.23040771484375,233.05307006835938,1.0,135.4549560546875,231.51986694335938,1.0,199.25845336914062,234.66165161132812,1.0,213.14007568359375,235.93165588378906,1.0,177.5208740234375,271.29754638671875,1.0,145.0581817626953,281.6667785644531,1.0,205.05406188964844,281.5694885253906,1.0
573,176.77183532714844,218.37322998046875,1.0,178.77505493164062,246.15846252441406,1.0,148.697998046875,233.1887664794922,1.0,134.6044158935547,231.59730529785156,1.0,198.07957458496094,234.40049743652344,1.0,212.32513427734375,235.4372100830078,1.0,177.14195251464844,270.4779357910156,1.0,143.89102172851562,281.1844482421875,1.0,204.28114318847656,281.3116760253906,1.0
574,176.23065185546875,218.38461303710938,1.0,177.8068084716797,246.1131134033203,1.0,148.6068572998047,233.34361267089844,1.0,134.31570434570312,231.54014587402344,1.0,197.72267150878906,234.38687133789062,1.0,212.0509796142578,234.99612426757812,1.0,176.3111572265625,269.7098083496094,1.0,143.03106689453125,281.62738037109375,0.9999998807907104,203.78509521484375,281.05572509765625,1.0
575,175.85108947753906,218.48532104492188,1.0,177.46400451660156,246.2039794921875,1.0,148.446533203125,233.31407165527344,1.0,134.00540161132812,231.61866760253906,1.0,197.4583740234375,234.1936492919922,1.0,211.98309326171875,235.1297607421875,1.0,175.89344787597656,269.7834167480469,1.0,142.90333557128906,281.0999450683594,1.0,203.80062866210938,280.98919677734375,1.0
576,175.46998596191406,218.52633666992188,1.0,176.67771911621094,246.12484741210938,1.0,148.32394409179688,233.22767639160156,1.0,133.8240203857422,231.54600524902344,1.0,196.86749267578125,234.12973022460938,1.0,211.2016143798828,234.927978515625,1.0,175.3504638671875,269.99884033203125,1.0,142.5210723876953,281.3106994628906,1.0,203.3017120361328,280.6956787109375,1.0
577,175.63951110839844,218.22496032714844,1.0,176.86158752441406,245.9846649169922,1.0,148.08233642578125,233.1517333984375,1.0,133.7508087158203,231.56272888183594,1.0,196.88494873046875,234.07603454589844,1.0,210.77886962890625,234.9130401611328,1.0,175.17666625976562,270.11016845703125,1.0,142.33590698242188,281.2669677734375,1.0,202.92918395996094,280.77362060546875,1.0
578,175.37887573242188,218.03402709960938,1.0,176.49005126953125,245.91217041015625,1.0,147.93560791015625,233.0128173828125,1.0,133.66598510742188,231.72015380859375,1.0,196.70005798339844,233.9760284423828,1.0,210.1742401123047,235.39552307128906,1.0,174.59312438964844,270.2047119140625,1.0,142.25927734375,281.077880859375,1.0,202.75416564941406,280.5950927734375,1.0
579,175.21006774902344,218.08132934570312,1.0,176.3074188232422,245.909423828125,1.0,147.7806396484375,232.9847412109375,1.0,133.70851135253906,231.61709594726562,1.0,196.37338256835938,234.12460327148438,1.0,209.96531677246094,235.5706024169922,1.0,174.5361328125,270.0258483886719,1.0,141.8897705078125,281.1268005371094,1.0,202.64010620117188,280.41351318359375,1.0
580,175.0067596435547,217.9495849609375,1.0,176.0612335205078,245.88075256347656,1.0,147.64947509765625,233.13124084472656,1.0,133.3845977783203,231.7809600830078,1.0,196.2411651611328,234.09080505371094,1.0,209.88629150390625,235.36123657226562,1.0,174.33314514160156,270.0356140136719,1.0,141.51535034179688,281.097412109375,1.0,202.46217346191406,280.68212890625,1.0
581,174.68508911132812,217.67718505859375,1.0,175.56903076171875,245.4123992919922,1.0,147.04147338867188,233.0906219482422,1.0,132.59197998046875,231.8328399658203,1.0,195.97850036621094,233.91954040527344,1.0,209.79107666015625,235.39984130859375,1.0,174.08053588867188,269.6986389160156,1.0,141.33587646484375,280.99749755859375,1.0,202.55690002441406,280.4801025390625,1.0
582,174.71859741210938,217.6820831298828,1.0,175.5214385986328,245.29005432128906,1.0,146.8459930419922,233.1367645263672,1.0,132.5302276611328,231.5546417236328,1.0,196.06813049316406,233.95938110351562,1.0,209.75616455078125,235.3798828125,1.0,173.81224060058594,269.538330078125,1.0,140.88763427734375,280.7458190917969,1.0,201.82968139648438,280.8053894042969,1.0
583,174.4042510986328,217.97698974609375,1.0,175.06008911132812,245.47817993164062,1.0,146.83384704589844,233.0980224609375,1.0,132.3246612548828,231.8134307861328,1.0,195.89149475097656,233.9865264892578,1.0,209.68934631347656,235.22720336914062,1.0,173.39654541015625,269.6160888671875,1.0,140.87635803222656,280.71856689453125,1.0,201.60690307617188,280.465087890625,1.0
584,174.0782470703125,217.661865234375,1.0,174.6629180908203,245.207275390625,1.0,146.57730102539062,233.14096069335938,1.0,132.33319091796875,231.74880981445312,1.0,195.6941375732422,233.6422119140625,1.0,209.4158935546875,235.18264770507812,1.0,173.2786407470703,269.64532470703125,1.0,140.94093322753906,280.7361755371094,1.0,201.3456573486328,280.41510009765625,1.0
585,173.6199951171875,217.28436279296875,1.0,174.13209533691406,245.03927612304688,1.0,145.70196533203125,232.73626708984375,1.0,132.31259155273438,232.03346252441406,1.0,194.91561889648438,233.15806579589844,1.0,209.052978515625,234.7962188720703,1.0,172.79197692871094,269.7154846191406,1.0,140.91183471679688,280.7914123535156,1.0,201.1443634033203,280.33453369140625,1.0
586,172.24566650390625,216.4408416748047,1.0,173.04774475097656,244.90809631347656,1.0,144.2778778076172,232.0689697265625,1.0,130.7560577392578,231.4931182861328,1.0,194.03079223632812,232.56224060058594,1.0,208.36537170410156,234.20111083984375,1.0,171.65524291992188,269.826416015625,1.0,139.60305786132812,280.2917785644531,1.0,199.9194793701172,279.9327697753906,1.0
587,171.10760498046875,215.3937225341797,1.0,171.98074340820312,244.0957489013672,1.0,144.01686096191406,231.85682678222656,1.0,130.7820587158203,231.1817626953125,1.0,193.2909393310547,232.09645080566406,1.0,207.57093811035156,233.38694763183594,1.0,171.14141845703125,269.58587646484375,1.0,139.24058532714844,280.07696533203125,1.0,199.2834930419922,279.9881286621094,1.0
588,170.75010681152344,215.91854858398438,1.0,171.9810333251953,243.24781799316406,1.0,143.1100311279297,231.26429748535156,1.0,129.7520294189453,231.11927795410156,1.0,192.74217224121094,232.06211853027344,1.0,207.23330688476562,233.15736389160156,1.0,170.33018493652344,268.59326171875,1.0,138.3876495361328,279.5509033203125,1.0,198.7620849609375,280.02484130859375,1.0
589,170.48553466796875,215.71124267578125,1.0,170.71286010742188,243.295166015625,1.0,142.78805541992188,231.1869659423828,1.0,129.90550231933594,231.29351806640625,1.0,192.95089721679688,231.99404907226562,1.0,207.27395629882812,233.18226623535156,1.0,169.879150390625,268.3457336425781,1.0,138.2248077392578,279.6044921875,1.0,198.48867797851562,279.87481689453125,1.0
590,170.795654296875,215.7288055419922,1.0,170.76063537597656,242.99267578125,1.0,142.87998962402344,231.28170776367188,1.0,129.86085510253906,231.07614135742188,1.0,192.81361389160156,232.12228393554688,1.0,207.2418670654297,233.05093383789062,1.0,169.6919708251953,268.05389404296875,1.0,138.18258666992188,279.49029541015625,1.0,198.28663635253906,279.6603698730469,1.0
591,170.31419372558594,216.47750854492188,1.0,170.06919860839844,243.55897521972656,1.0,143.1856231689453,233.3075408935547,1.0,129.63607788085938,231.74209594726562,1.0,192.52210998535156,233.44630432128906,1.0,206.69631958007812,233.62625122070312,1.0,169.59030151367188,268.2970886230469,1.0,138.01934814453125,279.7879943847656,1.0,197.78721618652344,280.2625732421875,1.0
592,170.8169708251953,217.65838623046875,1.0,171.0000762939453,244.1995391845703,1.0,143.78115844726562,234.69927978515625,1.0,129.99734497070312,232.93215942382812,1.0,192.92623901367188,234.7073974609375,1.0,207.18589782714844,235.11627197265625,1.0,169.777099609375,269.0323791503906,1.0,138.17567443847656,280.61151123046875,1.0,198.44857788085938,281.14227294921875,1.0
593,170.6910400390625,218.10203552246094,1.0,170.92543029785156,244.71066284179688,1.0,143.9752960205078,234.74484252929688,1.0,130.22222900390625,233.2228240966797,1.0,193.04006958007812,235.2673797607422,1.0,207.38253784179688,234.86883544921875,1.0,169.79193115234375,269.7513732910156,1.0,138.4200439453125,281.2113952636719,1.0,198.50259399414062,281.2725830078125,1.0
594,170.6721649169922,218.24981689453125,1.0,171.12393188476562,245.08050537109375,1.0,143.85546875,234.67095947265625,1.0,130.22854614257812,233.43060302734375,1.0,193.00071716308594,235.44717407226562,1.0,207.2389373779297,235.25111389160156,1.0,169.90475463867188,270.17181396484375,1.0,138.51483154296875,281.4583435058594,1.0,198.640625,281.7939147949219,1.0
595,170.60140991210938,217.97337341308594,1.0,171.2051544189453,244.90078735351562,1.0,143.76922607421875,234.17515563964844,1.0,130.18038940429688,233.27513122558594,1.0,192.61883544921875,235.1554412841797,1.0,207.19754028320312,235.1082763671875,1.0,169.94403076171875,270.483642578125,1.0,138.27406311035156,281.34136962890625,1.0,198.63612365722656,281.9378356933594,1.0
596,170.71473693847656,217.94174194335938,1.0,171.23118591308594,245.1025848388672,1.0,143.28857421875,233.59906005859375,1.0,130.2617950439453,233.32830810546875,1.0,192.61276245117188,234.9156036376953,1.0,207.22337341308594,234.9100341796875,1.0,169.69769287109375,270.5862121582031,1.0,138.26779174804688,281.2467956542969,1.0,198.85614013671875,281.72216796875,1.0
597,170.33236694335938,218.28712463378906,1.0,170.38853454589844,245.48974609375,1.0,142.87973022460938,234.097412109375,1.0,129.56898498535156,233.4728240966797,1.0,192.6070098876953,235.28164672851562,1.0,207.11122131347656,235.04159545898438,1.0,169.3196258544922,270.5850830078125,1.0,137.61685180664062,281.6886291503906,1.0,198.7457733154297,281.7060546875,1.0
598,169.39454650878906,219.1874237060547,1.0,169.20758056640625,246.17037963867188,1.0,143.02230834960938,236.15164184570312,1.0,129.14675903320312,233.72869873046875,1.0,192.2508544921875,236.16744995117188,1.0,206.23927307128906,235.1484375,1.0,169.2379608154297,270.68212890625,1.0,137.26467895507812,281.9589538574219,1.0,198.47702026367188,282.1010437011719,1.0
599,169.1399688720703,220.10198974609375,1.0,168.93223571777344,247.10479736328125,1.0,142.85452270507812,237.39373779296875,1.0,129.05694580078125,235.34349060058594,1.0,191.50686645507812,236.5147705078125,1.0,205.7417449951172,235.43800354003906,1.0,169.60423278808594,271.8514099121094,1.0,137.22183227539062,282.5494689941406,1.0,198.6764678955078,282.5445556640625,1.0
600,169.5214080810547,220.39614868164062,1.0,169.3244171142578,247.70704650878906,1.0,142.8750762939453,237.11444091796875,1.0,128.62867736816406,235.4424591064453,1.0,191.1820068359375,236.60458374023438,1.0,205.81776428222656,235.81813049316406,1.0,169.74058532714844,272.2069396972656,1.0,137.77029418945312,282.828857421875,1.0,198.77162170410156,282.71197509765625,1.0
601,169.34165954589844,220.52767944335938,1.0,169.26031494140625,247.81068420410156,1.0,142.73387145996094,237.37725830078125,1.0,128.75877380371094,235.30523681640625,1.0,191.0681915283203,236.51368713378906,1.0,205.7790985107422,235.9710235595703,1.0,169.47122192382812,272.54107666015625,1.0,137.60707092285156,282.8599853515625,1.0,198.61859130859375,282.9313659667969,1.0
602,168.91990661621094,220.935546875,1.0,168.9187774658203,248.2052764892578,1.0,142.41867065429688,237.42050170898438,1.0,128.4584503173828,235.3870086669922,1.0,190.9619598388672,236.67230224609375,1.0,205.57591247558594,236.14993286132812,1.0,169.69000244140625,273.1321105957031,1.0,137.179931640625,283.36248779296875,0.9999998807907104,198.29989624023438,283.252685546875,1.0
603,168.96884155273438,221.0246124267578,1.0,168.76409912109375,248.2410125732422,1.0,142.30508422851562,237.51661682128906,1.0,128.10208129882812,235.39710998535156,1.0,191.10699462890625,236.62594604492188,1.0,205.5006561279297,236.07962036132812,1.0,169.2655792236328,273.4402160644531,1.0,136.63992309570312,283.1014099121094,1.0,197.6662139892578,283.2661437988281,1.0
604,168.50279235839844,221.270751953125,1.0,168.3644256591797,248.44361877441406,1.0,142.33322143554688,237.659912109375,1.0,127.98683166503906,235.52061462402344,1.0,190.89596557617188,236.693359375,1.0,205.31002807617188,235.9404296875,1.0,168.72628784179688,273.3790283203125,1.0,136.66741943359375,283.109619140625,1.0,196.90744018554688,283.022216796875,1.0
605,168.4662628173828,221.25132751464844,1.0,168.04367065429688,248.52488708496094,1.0,142.3118896484375,237.58775329589844,1.0,127.87262725830078,235.35948181152344,1.0,191.02023315429688,236.64244079589844,1.0,205.21197509765625,235.79217529296875,1.0,168.2737274169922,273.439697265625,1.0,136.62567138671875,283.2294921875,1.0,196.71832275390625,283.13494873046875,1.0
606,168.2532958984375,221.5121612548828,1.0,167.8297882080078,248.38470458984375,1.0,141.76629638671875,237.58538818359375,1.0,127.27115631103516,235.27084350585938,1.0,190.89390563964844,236.5886688232422,1.0,205.20872497558594,235.8203125,1.0,168.19566345214844,273.5229187011719,1.0,136.61703491210938,283.44561767578125,1.0,196.5229034423828,282.91839599609375,1.0
607,168.05630493164062,221.4303741455078,1.0,167.6125946044922,248.38671875,1.0,141.78005981445312,237.64016723632812,1.0,127.07315063476562,235.30433654785156,1.0,190.90892028808594,236.54928588867188,1.0,205.10247802734375,235.7302703857422,1.0,168.03659057617188,273.4835205078125,1.0,136.55262756347656,283.50823974609375,1.0,196.5769500732422,282.91522216796875,1.0
608,167.91444396972656,221.35589599609375,1.0,167.3925323486328,248.49942016601562,1.0,141.64315795898438,237.605224609375,1.0,126.70109558105469,235.28744506835938,1.0,190.79249572753906,236.60655212402344,1.0,205.03573608398438,235.753662109375,1.0,167.95066833496094,273.3326721191406,1.0,136.4749298095703,283.4534912109375,1.0,196.3197021484375,283.2415771484375,1.0
609,167.88912963867188,221.5511016845703,1.0,167.47836303710938,248.65151977539062,1.0,141.46734619140625,237.62619018554688,1.0,126.77860260009766,235.2554931640625,1.0,190.89154052734375,236.5557861328125,1.0,205.01414489746094,235.82408142089844,1.0,167.88331604003906,273.4676513671875,1.0,136.3522186279297,283.5070495605469,1.0,196.45803833007812,282.7008056640625,1.0
610,167.7492218017578,221.42584228515625,1.0,167.345703125,248.55532836914062,1.0,141.29685974121094,237.5272979736328,1.0,126.68206024169922,235.2701873779297,1.0,190.71278381347656,236.97021484375,1.0,204.897216796875,235.78724670410156,1.0,167.74407958984375,273.4773864746094,1.0,136.339111328125,283.54620361328125,1.0,196.3243408203125,282.5263671875,1.0
611,167.55751037597656,221.3560333251953,1.0,167.1123504638672,248.7796630859375,1.0,141.44976806640625,237.65843200683594,1.0,126.84819030761719,235.39547729492188,1.0,190.52670288085938,237.13150024414062,1.0,204.67173767089844,235.64892578125,1.0,167.47396850585938,273.6617126464844,1.0,136.17832946777344,283.3967590332031,1.0,195.93057250976562,283.0969543457031,1.0
612,166.96298217773438,221.3690643310547,1.0,166.8472442626953,249.0399169921875,1.0,140.91551208496094,237.50906372070312,1.0,126.47111511230469,234.8675537109375,1.0,190.5215606689453,236.5991973876953,1.0,204.58111572265625,235.49063110351562,1.0,167.298583984375,274.1528015136719,1.0,135.7611541748047,283.4853515625,1.0,196.10125732421875,282.98529052734375,1.0
613,166.68179321289062,221.3674774169922,1.0,166.54185485839844,248.90301513671875,1.0,140.9070281982422,237.4821014404297,1.0,126.6020278930664,234.88507080078125,1.0,190.1918182373047,237.00155639648438,1.0,204.28140258789062,235.38987731933594,1.0,167.0881805419922,274.0193786621094,1.0,134.97071838378906,283.416259765625,1.0,195.71975708007812,282.960693359375,1.0
614,165.86521911621094,221.3454132080078,1.0,165.826904296875,249.06895446777344,1.0,140.3945770263672,237.78123474121094,1.0,126.22051239013672,234.95970153808594,1.0,189.22158813476562,236.93527221679688,1.0,203.0318145751953,235.3637237548828,1.0,166.478271484375,274.3045349121094,1.0,134.68849182128906,283.7120056152344,1.0,194.7823486328125,282.84124755859375,1.0
615,165.27012634277344,221.20742797851562,1.0,165.2002410888672,248.78378295898438,1.0,139.83639526367188,237.61422729492188,1.0,125.59272766113281,235.29678344726562,1.0,188.6720428466797,236.69570922851562,1.0,202.71026611328125,235.22955322265625,1.0,165.98655700683594,274.2320556640625,1.0,134.17640686035156,283.6849365234375,1.0,194.29173278808594,282.7992248535156,1.0
616,165.07626342773438,221.19879150390625,1.0,164.99578857421875,248.85888671875,1.0,139.38572692871094,237.87278747558594,1.0,125.50646209716797,235.52059936523438,1.0,188.37005615234375,236.8043212890625,1.0,202.2135467529297,235.5769500732422,1.0,165.9245147705078,274.41937255859375,1.0,133.61843872070312,283.7289733886719,1.0,194.27720642089844,282.59539794921875,1.0
617,164.24571228027344,221.30343627929688,1.0,164.47235107421875,248.63796997070312,1.0,138.39569091796875,237.85107421875,1.0,124.99215698242188,235.63232421875,1.0,187.59730529785156,236.76422119140625,1.0,201.941162109375,234.8859405517578,1.0,165.53244018554688,274.4096984863281,1.0,133.2382049560547,283.7109069824219,1.0,194.15969848632812,282.4309387207031,1.0
618,164.16506958007812,221.03158569335938,1.0,164.35655212402344,248.67787170410156,1.0,138.3776397705078,237.7298583984375,1.0,124.81396484375,235.67630004882812,1.0,187.6950225830078,236.6759033203125,1.0,201.98956298828125,234.7217254638672,1.0,165.4393310546875,274.490478515625,1.0,133.1074981689453,283.7423400878906,1.0,193.94688415527344,282.6910705566406,1.0
619,163.94985961914062,221.0272216796875,1.0,164.1171112060547,248.82391357421875,1.0,138.21176147460938,237.8367919921875,1.0,124.51256561279297,235.6186981201172,1.0,187.46275329589844,236.7125701904297,1.0,201.7306671142578,234.56216430664062,1.0,165.146728515625,274.790283203125,1.0,132.9358673095703,283.8257751464844,1.0,193.97579956054688,282.5062561035156,1.0
620,163.7281036376953,221.2743377685547,1.0,163.9742431640625,249.05642700195312,1.0,138.16050720214844,237.80259704589844,1.0,124.49771118164062,235.78370666503906,1.0,187.34600830078125,236.6768341064453,1.0,201.64244079589844,234.58152770996094,1.0,165.02651977539062,274.94500732421875,1.0,132.73985290527344,283.7726745605469,1.0,193.99453735351562,282.2743225097656,1.0
621,163.81356811523438,221.28659057617188,1.0,163.82713317871094,249.11529541015625,1.0,138.18873596191406,237.7266387939453,1.0,124.43889617919922,235.60113525390625,1.0,187.38632202148438,236.68096923828125,1.0,201.65158081054688,234.58433532714844,1.0,164.9274444580078,275.0258483886719,1.0,132.72230529785156,283.5443115234375,1.0,193.9838104248047,282.0847473144531,1.0
622,163.92828369140625,221.1665802001953,1.0,163.6582794189453,248.9786834716797,1.0,138.3911895751953,237.16424560546875,1.0,124.38617706298828,235.67636108398438,1.0,187.6555938720703,236.21710205078125,1.0,201.5664825439453,235.0156707763672,1.0,164.7772216796875,275.0090026855469,1.0,132.735107421875,283.433837890625,1.0,194.17039489746094,281.99407958984375,1.0
623,164.53701782226562,220.90481567382812,1.0,163.865478515625,249.22572326660156,1.0,138.44261169433594,235.46270751953125,1.0,124.47361755371094,234.93833923339844,1.0,188.1080780029297,234.5206756591797,1.0,202.29518127441406,234.54022216796875,1.0,164.67481994628906,275.0013732910156,1.0,132.7239227294922,283.4123840332031,1.0,194.48683166503906,281.58441162109375,1.0
624,164.58775329589844,220.6431884765625,1.0,163.81686401367188,248.88922119140625,1.0,138.3619384765625,234.98513793945312,1.0,124.35869598388672,234.36134338378906,1.0,187.97891235351562,234.2906951904297,1.0,202.27175903320312,234.28945922851562,1.0,164.45285034179688,274.55657958984375,1.0,132.4608612060547,283.0884704589844,1.0,194.33724975585938,282.1048278808594,1.0
625,164.67138671875,220.3606719970703,1.0,163.76937866210938,248.81289672851562,1.0,138.36166381835938,234.81121826171875,1.0,124.41502380371094,234.3838653564453,1.0,188.0758819580078,234.22433471679688,1.0,202.18624877929688,234.29940795898438,1.0,164.3922882080078,274.6141357421875,1.0,132.60252380371094,283.1948547363281,1.0,194.4542999267578,281.91510009765625,1.0
626,166.12158203125,220.4271697998047,1.0,164.27980041503906,248.765380859375,1.0,139.91119384765625,234.36048889160156,1.0,125.35562133789062,234.04893493652344,1.0,191.00051879882812,234.28424072265625,1.0,204.25601196289062,234.30606079101562,1.0,164.32948303222656,274.108642578125,1.0,133.1979522705078,282.94818115234375,1.0,195.73033142089844,281.50616455078125,1.0
627,171.50692749023438,220.22274780273438,1.0,170.4956817626953,248.90359497070312,1.0,144.03990173339844,234.36488342285156,1.0,130.08287048339844,233.7830047607422,1.0,195.1846923828125,234.8624267578125,1.0,207.81765747070312,235.10281372070312,1.0,168.396728515625,274.00445556640625,1.0,136.26502990722656,281.6943054199219,1.0,198.17929077148438,283.3138427734375,1.0
628,175.5441131591797,219.977294921875,1.0,174.69912719726562,249.50253295898438,1.0,146.93873596191406,234.95684814453125,1.0,133.01393127441406,234.1252899169922,1.0,197.7548065185547,234.8350067138672,1.0,210.33822631835938,235.70872497558594,1.0,173.05809020996094,273.8423767089844,1.0,141.05567932128906,282.6130676269531,1.0,202.2263946533203,282.9468078613281,1.0
629,178.34556579589844,220.76480102539062,1.0,178.85218811035156,249.40029907226562,1.0,149.57916259765625,234.85153198242188,1.0,135.1228485107422,234.0166473388672,1.0,199.92185974121094,235.15452575683594,1.0,212.9344482421875,235.91883850097656,1.0,177.45494079589844,273.1907653808594,1.0,144.26914978027344,283.30316162109375,0.9999998807907104,204.4553985595703,283.2325744628906,1.0
630,180.09022521972656,221.10679626464844,1.0,182.11387634277344,248.62266540527344,1.0,151.80287170410156,234.6048583984375,1.0,137.3193359375,233.8135986328125,1.0,202.0117645263672,235.03468322753906,1.0,214.35438537597656,235.97166442871094,1.0,181.35400390625,273.3868408203125,1.0,146.79359436035156,283.4945983886719,1.0,207.20790100097656,283.7767639160156,1.0
631,183.32742309570312,220.8064727783203,1.0,185.4805450439453,249.36077880859375,1.0,154.12191772460938,233.962646484375,1.0,139.21722412109375,233.37110900878906,1.0,204.23773193359375,234.914306640625,1.0,216.48867797851562,236.5234375,1.0,184.70982360839844,273.86566162109375,1.0,149.09527587890625,283.14276123046875,1.0,209.1013946533203,283.8784484863281,1.0
632,186.034423828125,220.12081909179688,1.0,187.9921417236328,249.02606201171875,1.0,156.26914978027344,233.65623474121094,1.0,140.89602661132812,233.04061889648438,1.0,206.43739318847656,235.46253967285156,1.0,218.30833435058594,237.64146423339844,1.0,187.5353546142578,274.02215576171875,1.0,151.02926635742188,283.3197326660156,1.0,211.75973510742188,283.81427001953125,1.0
633,187.5871124267578,220.39385986328125,1.0,189.95204162597656,248.50759887695312,1.0,157.12486267089844,233.1742706298828,1.0,142.4615020751953,232.41261291503906,1.0,207.17408752441406,235.622802734375,1.0,219.7283172607422,237.6649627685547,1.0,188.9790496826172,273.91998291015625,1.0,152.73562622070312,283.3001403808594,0.9999997615814209,213.03924560546875,284.30084228515625,1.0
634,188.6015625,220.54696655273438,1.0,190.97476196289062,248.8458251953125,1.0,158.44873046875,233.3601531982422,1.0,144.09906005859375,232.3357696533203,1.0,207.7382354736328,235.63882446289062,1.0,220.69869995117188,237.8677520751953,1.0,189.70716857910156,273.13726806640625,1.0,153.40127563476562,282.9217224121094,1.0,214.3511199951172,283.92352294921875,1.0
635,189.7982635498047,220.52891540527344,1.0,192.83001708984375,248.8087158203125,1.0,159.86135864257812,233.3167724609375,1.0,145.51458740234375,231.9573974609375,1.0,208.53163146972656,235.52423095703125,1.0,220.93283081054688,237.9835662841797,1.0,191.6638641357422,273.1274108886719,1.0,155.10740661621094,282.8860778808594,0.9999998807907104,215.469482421875,284.3206787109375,1.0
636,191.49252319335938,219.81591796875,1.0,195.36151123046875,248.2327423095703,1.0,160.9307861328125,233.3803253173828,1.0,146.3451385498047,231.4811553955078,1.0,209.8929901123047,235.4954376220703,1.0,221.81605529785156,238.21495056152344,1.0,193.9591827392578,274.12249755859375,1.0,156.99569702148438,283.6546630859375,0.9999995231628418,217.31417846679688,284.1974182128906,1.0
637,192.34178161621094,219.73696899414062,1.0,196.32565307617188,248.13006591796875,1.0,161.69354248046875,233.29978942871094,1.0,146.98179626464844,231.36863708496094,1.0,211.09793090820312,235.56434631347656,1.0,222.78558349609375,238.16925048828125,1.0,195.15878295898438,274.1584777832031,1.0,157.50770568847656,283.6269226074219,0.9999996423721313,218.43373107910156,284.1372375488281,1.0
638,192.86753845214844,219.94622802734375,1.0,196.97267150878906,248.12698364257812,1.0,161.98348999023438,233.31854248046875,1.0,147.1700439453125,231.35659790039062,1.0,211.5423126220703,235.5417938232422,1.0,222.8294677734375,238.31430053710938,1.0,195.6152801513672,274.13446044921875,1.0,157.6855010986328,283.3224792480469,0.9999996423721313,218.76356506347656,284.0498962402344,1.0
639,193.2649688720703,219.94129943847656,1.0,197.45472717285156,248.50344848632812,1.0,162.3804168701172,233.44300842285156,1.0,147.570556640625,231.43731689453125,1.0,211.76303100585938,235.73829650878906,1.0,222.9370880126953,238.6201629638672,1.0,196.12408447265625,274.1846008300781,1.0,158.30587768554688,283.7701110839844,0.9999996423721313,219.10690307617188,284.18670654296875,1.0
640,193.94017028808594,219.86956787109375,1.0,197.76541137695312,248.29837036132812,1.0,162.7895050048828,233.41015625,1.0,148.12185668945312,231.2542724609375,1.0,212.22427368164062,235.9953155517578,1.0,222.94981384277344,238.543212890625,1.0,196.77978515625,273.877197265625,1.0,158.89817810058594,283.6625671386719,0.9999997615814209,219.3433074951172,284.3916015625,1.0
641,194.33273315429688,220.02114868164062,1.0,198.15264892578125,248.6112823486328,1.0,163.27992248535156,233.37908935546875,1.0,148.77589416503906,231.21871948242188,1.0,212.3883514404297,236.10882568359375,1.0,222.98609924316406,238.60777282714844,1.0,196.92552185058594,274.05206298828125,1.0,158.91966247558594,283.3407897949219,0.9999998807907104,219.5383758544922,284.2883605957031,1.0
642,194.4361114501953,220.24526977539062,1.0,198.202880859375,248.601806640625,1.0,163.4105987548828,233.26182556152344,1.0,148.89303588867188,231.08966064453125,1.0,212.4403533935547,236.20932006835938,1.0,223.09181213378906,238.5639190673828,1.0,197.11741638183594,273.9916687011719,1.0,158.829345703125,283.48468017578125,0.9999997615814209,219.6282958984375,284.0059509277344,1.0
643,194.6029510498047,220.08181762695312,1.0,198.2378387451172,248.67372131347656,1.0,163.41416931152344,233.4129638671875,1.0,149.1575927734375,231.10279846191406,1.0,212.71221923828125,236.31231689453125,1.0,223.20802307128906,238.5605926513672,1.0,197.15536499023438,274.2745056152344,1.0,158.93441772460938,283.5635681152344,0.9999997615814209,219.8086700439453,284.0968017578125,1.0
644,194.69659423828125,220.15492248535156,1.0,198.37057495117188,248.8207550048828,1.0,163.53741455078125,233.39649963378906,1.0,149.13502502441406,231.11866760253906,1.0,212.66180419921875,236.27706909179688,1.0,223.25729370117188,238.7096710205078,1.0,197.18377685546875,274.1784362792969,1.0,159.0542755126953,283.3445129394531,0.9999998807907104,220.06695556640625,284.0315856933594,1.0
645,194.85914611816406,220.2140655517578,1.0,198.4722900390625,248.83343505859375,1.0,163.843017578125,233.49313354492188,1.0,149.1688995361328,231.11610412597656,1.0,212.782958984375,236.36280822753906,1.0,223.29808044433594,238.67709350585938,1.0,197.26168823242188,274.4292297363281,1.0,159.1566619873047,283.6796569824219,0.9999997615814209,220.03475952148438,284.27294921875,1.0
646,194.8899383544922,220.06472778320312,1.0,198.75135803222656,248.84561157226562,1.0,163.8643341064453,233.39306640625,1.0,149.38868713378906,231.2449493408203,1.0,212.97998046875,236.41656494140625,1.0,223.46707153320312,238.733642578125,1.0,197.6370849609375,274.45452880859375,1.0,159.69151306152344,284.0456848144531,0.9999997615814209,220.2073974609375,284.4590148925781,1.0
647,194.86795043945312,220.09861755371094,1.0,198.82510375976562,248.75881958007812,1.0,164.0277557373047,233.5884246826172,1.0,149.5594482421875,231.128173828125,1.0,212.92880249023438,236.42311096191406,1.0,223.44790649414062,238.7489013671875,1.0,197.65403747558594,274.4697570800781,1.0,159.97750854492188,283.810791015625,0.9999998807907104,220.3672332763672,284.44525146484375,1.0
648,195.3613739013672,221.31764221191406,1.0,199.51992797851562,249.34344482421875,1.0,164.08494567871094,233.58309936523438,1.0,149.30027770996094,231.2476043701172,1.0,213.1746063232422,236.76121520996094,1.0,223.72589111328125,239.10568237304688,1.0,198.109130859375,274.9307556152344,1.0,160.43540954589844,283.917724609375,0.9999998807907104,220.69358825683594,285.0468444824219,1.0
649,195.4298095703125,221.47097778320312,1.0,199.56712341308594,249.24176025390625,1.0,164.23062133789062,233.71133422851562,1.0,149.56468200683594,231.17689514160156,1.0,213.28086853027344,236.7911834716797,1.0,223.85191345214844,239.0374755859375,1.0,198.21725463867188,274.6910095214844,1.0,161.34603881835938,283.6944274902344,1.0,221.15365600585938,284.7087707519531,1.0
650,195.43214416503906,221.37222290039062,1.0,199.66131591796875,248.9294891357422,1.0,164.421142578125,233.61830139160156,1.0,149.4147491455078,231.1898651123047,1.0,213.34707641601562,236.5511016845703,1.0,223.97653198242188,239.02725219726562,1.0,198.18460083007812,274.7864074707031,1.0,161.48788452148438,283.7135009765625,1.0,221.37448120117188,284.3402099609375,1.0
651,195.45556640625,221.2315216064453,1.0,199.62034606933594,249.0918426513672,1.0,164.3681640625,233.4354705810547,1.0,149.50454711914062,231.092529296875,1.0,213.43307495117188,236.6290283203125,1.0,224.22265625,239.25067138671875,1.0,198.22850036621094,274.6493835449219,1.0,161.3759765625,283.5340270996094,1.0,221.28384399414062,284.3725891113281,1.0
652,195.4986114501953,220.953125,1.0,199.95159912109375,248.371826171875,1.0,164.64581298828125,233.0159912109375,1.0,149.68768310546875,231.46115112304688,1.0,213.53932189941406,236.46644592285156,1.0,224.31137084960938,238.94015502929688,1.0,198.85757446289062,274.4874572753906,1.0,162.0050506591797,283.7721862792969,1.0,221.3074188232422,284.5086669921875,1.0
653,195.87745666503906,220.99098205566406,1.0,200.7118682861328,248.69479370117188,1.0,164.89007568359375,233.13934326171875,1.0,150.20802307128906,231.34664916992188,1.0,213.95289611816406,236.52651977539062,1.0,224.76707458496094,239.17515563964844,1.0,199.3375244140625,274.8124694824219,1.0,162.38421630859375,283.2704772949219,1.0,221.64166259765625,284.4545593261719,1.0
654,196.10635375976562,221.12779235839844,1.0,200.95362854003906,248.98243713378906,1.0,165.5820770263672,232.96925354003906,1.0,150.5565948486328,231.24862670898438,1.0,214.09283447265625,236.72402954101562,1.0,225.15867614746094,239.04811096191406,1.0,199.60812377929688,274.7982177734375,1.0,162.86122131347656,283.2987365722656,1.0,222.30308532714844,284.41400146484375,1.0
655,197.10108947753906,221.0626983642578,1.0,201.4711151123047,249.06680297851562,1.0,166.47015380859375,232.8139190673828,1.0,151.81324768066406,230.72694396972656,1.0,215.23435974121094,236.587158203125,1.0,225.9976348876953,238.7059783935547,1.0,200.12734985351562,274.6350402832031,1.0,162.99929809570312,282.93182373046875,1.0,222.8996124267578,284.3717346191406,1.0
656,198.169189453125,220.93096923828125,1.0,202.21058654785156,249.2305908203125,1.0,167.1005859375,233.07113647460938,1.0,152.3147735595703,230.75411987304688,1.0,215.73435974121094,236.47442626953125,1.0,226.14471435546875,238.72239685058594,1.0,201.3166046142578,274.4873046875,1.0,163.17242431640625,282.78631591796875,1.0,223.1267547607422,284.4042663574219,1.0
657,198.6259307861328,220.72500610351562,1.0,203.02317810058594,249.19178771972656,1.0,167.57119750976562,232.68386840820312,1.0,152.74166870117188,230.92929077148438,1.0,216.1165008544922,236.56878662109375,1.0,226.1878662109375,238.62832641601562,1.0,201.9715118408203,274.6130676269531,1.0,163.6849365234375,282.4884338378906,1.0,223.25711059570312,284.3978576660156,1.0
658,198.97129821777344,220.3668670654297,1.0,203.45179748535156,248.7845001220703,1.0,167.79058837890625,232.73446655273438,1.0,152.9148712158203,230.95376586914062,1.0,216.4993896484375,236.50462341308594,1.0,226.51385498046875,238.75634765625,1.0,202.6206512451172,274.2951354980469,1.0,164.1648406982422,282.742919921875,1.0,223.7721710205078,284.2706604003906,1.0
659,199.26275634765625,220.32325744628906,1.0,204.04165649414062,248.6525421142578,1.0,168.1744842529297,232.6659393310547,1.0,152.84786987304688,230.88978576660156,1.0,216.5839385986328,236.59817504882812,1.0,226.6686553955078,239.0923614501953,1.0,203.16883850097656,274.3444519042969,1.0,164.44534301757812,282.9882507324219,1.0,224.02980041503906,284.221923828125,1.0
660,200.10745239257812,220.4882049560547,1.0,204.1333770751953,249.0552520751953,1.0,168.53846740722656,232.82444763183594,1.0,153.31649780273438,231.135986328125,1.0,217.01736450195312,236.99310302734375,1.0,226.95790100097656,239.40992736816406,1.0,203.41937255859375,274.38824462890625,1.0,164.40187072753906,282.60107421875,1.0,224.34060668945312,284.2183532714844,1.0
661,200.4161376953125,220.59922790527344,1.0,204.5201416015625,248.97918701171875,1.0,168.7967529296875,232.7559356689453,1.0,153.40211486816406,231.1764373779297,1.0,217.20535278320312,237.32260131835938,1.0,227.12962341308594,239.5717315673828,1.0,203.76535034179688,273.8739318847656,1.0,164.59034729003906,282.6598815917969,1.0,224.66244506835938,284.151611328125,1.0
662,200.43368530273438,220.3997802734375,1.0,204.89462280273438,248.94883728027344,1.0,169.2953338623047,232.78314208984375,1.0,153.71856689453125,231.12440490722656,1.0,217.4248046875,237.43820190429688,1.0,227.2970733642578,239.4993438720703,1.0,203.94650268554688,274.0452575683594,1.0,164.91004943847656,282.6810607910156,1.0,224.8175811767578,284.1629333496094,1.0
663,200.82595825195312,220.4168701171875,1.0,205.08261108398438,248.90492248535156,1.0,169.42161560058594,232.72203063964844,1.0,153.89349365234375,231.17684936523438,1.0,217.84071350097656,237.35906982421875,1.0,227.76820373535156,239.596923828125,1.0,203.69496154785156,273.888427734375,1.0,164.94305419921875,282.75079345703125,1.0,224.74424743652344,284.2594299316406,1.0
664,201.41879272460938,220.42056274414062,1.0,205.79061889648438,248.98382568359375,1.0,169.7064208984375,232.81195068359375,1.0,154.25146484375,231.3157958984375,1.0,218.4620361328125,237.29466247558594,1.0,228.78746032714844,239.68296813964844,1.0,204.2411346435547,273.4785461425781,1.0,165.1893310546875,282.58294677734375,1.0,224.929443359375,284.4115905761719,1.0
665,202.432861328125,220.73143005371094,1.0,206.76905822753906,248.90072631835938,1.0,171.50714111328125,233.28338623046875,1.0,156.26849365234375,231.40293884277344,1.0,219.44158935546875,237.89663696289062,1.0,229.3401641845703,239.88417053222656,1.0,205.34133911132812,273.7365417480469,1.0,166.0640106201172,283.1095886230469,1.0,226.2100067138672,284.7406005859375,1.0
666,204.3026123046875,221.23492431640625,1.0,208.63536071777344,248.931884765625,1.0,172.55471801757812,233.0418243408203,1.0,157.841064453125,230.97763061523438,1.0,220.77061462402344,238.4855499267578,1.0,230.62889099121094,240.50473022460938,1.0,206.94737243652344,273.2388000488281,1.0,166.83384704589844,283.2109680175781,0.9999998807907104,227.36756896972656,284.6163024902344,1.0
667,204.89918518066406,221.47128295898438,1.0,209.44775390625,250.30044555664062,1.0,173.14569091796875,233.0960235595703,1.0,158.22598266601562,230.75367736816406,1.0,221.1671905517578,239.08164978027344,1.0,231.21975708007812,241.35104370117188,1.0,207.60400390625,274.492919921875,1.0,167.44888305664062,283.2761535644531,1.0,227.81422424316406,284.9486999511719,1.0
668,205.2598876953125,221.31150817871094,1.0,210.01675415039062,249.98109436035156,1.0,173.48110961914062,232.73684692382812,1.0,158.75018310546875,230.8861846923828,1.0,221.44654846191406,239.0459442138672,1.0,231.64666748046875,241.57054138183594,1.0,207.82579040527344,274.2122802734375,1.0,167.88401794433594,283.5832824707031,0.9999998807907104,228.21981811523438,284.7773742675781,1.0
669,207.15969848632812,223.9113311767578,1.0,210.9564666748047,250.5326690673828,1.0,176.7239532470703,236.65550231933594,1.0,161.89649963378906,232.18101501464844,1.0,221.91273498535156,243.3120574951172,1.0,230.35055541992188,242.55123901367188,1.0,208.9229278564453,275.289306640625,1.0,167.9315185546875,283.9828796386719,1.0,228.27052307128906,285.377197265625,1.0
670,209.66819763183594,223.961669921875,1.0,212.5961456298828,250.19276428222656,1.0,181.49490356445312,240.48587036132812,0.0011316135060042143,167.09385681152344,235.56338500976562,1.0,222.7435760498047,244.43386840820312,0.9922521710395813,230.1224365234375,243.98825073242188,1.0,210.400390625,275.68475341796875,1.0,169.4294891357422,283.4776611328125,0.9999997615814209,229.7269287109375,286.10198974609375,1.0
671,211.62525939941406,224.22470092773438,1.0,214.3311309814453,251.15989685058594,1.0,183.4621124267578,241.55262756347656,0.009952343069016933,168.135986328125,235.6980743408203,1.0,224.2567138671875,244.6786346435547,0.9910674691200256,231.41976928710938,244.57679748535156,0.9999996423721313,212.33541870117188,277.27276611328125,1.0,170.3811492919922,284.74139404296875,0.9999996423721313,230.36549377441406,286.93560791015625,1.0
672,211.28933715820312,224.30703735351562,1.0,214.96231079101562,250.23696899414062,1.0,179.9540557861328,237.7092742919922,1.0,165.07618713378906,233.9934539794922,1.0,224.4988555908203,244.05331420898438,1.0,233.1509246826172,245.18109130859375,1.0,213.08013916015625,278.3440856933594,1.0,171.20388793945312,285.03204345703125,0.9999998807907104,232.34808349609375,286.7926330566406,0.9999998807907104
673,211.62074279785156,224.57691955566406,1.0,214.38671875,251.25148010253906,1.0,179.6146240234375,235.7073974609375,1.0,164.89418029785156,232.71327209472656,1.0,225.3242950439453,242.51490783691406,1.0,233.86376953125,244.26893615722656,1.0,213.02450561523438,278.10955810546875,1.0,171.2056427001953,284.4070739746094,0.9999997615814209,231.9932861328125,286.25213623046875,0.9999998807907104
674,211.455078125,224.3146209716797,1.0,214.53390502929688,251.4051055908203,1.0,178.98519897460938,234.94973754882812,1.0,164.65328979492188,232.04873657226562,1.0,225.05770874023438,241.608154296875,1.0,233.74989318847656,244.28414916992188,1.0,213.1480712890625,277.6197509765625,1.0,171.013916015625,284.4596252441406,0.9999997615814209,232.32708740234375,286.2810974121094,0.9999998807907104
675,211.64060974121094,224.0323028564453,1.0,214.77989196777344,251.36692810058594,1.0,178.64141845703125,234.4755859375,1.0,164.7273406982422,231.5495147705078,1.0,225.3868408203125,241.46009826660156,1.0,234.1753692626953,244.20925903320312,1.0,213.1386260986328,277.5151672363281,1.0,171.01390075683594,284.2685852050781,0.9999996423721313,232.11868286132812,285.9589538574219,0.9999998807907104
676,211.5811309814453,223.87789916992188,1.0,214.9319610595703,251.53614807128906,1.0,178.44444274902344,234.24322509765625,1.0,164.55592346191406,231.49266052246094,1.0,225.2648468017578,241.34254455566406,1.0,234.316162109375,244.0401611328125,1.0,213.30747985839844,277.4171142578125,1.0,170.92074584960938,284.2841796875,0.9999995231628418,232.4744873046875,286.1128234863281,0.9999998807907104
677,211.5076446533203,224.0433349609375,1.0,214.8094024658203,251.47891235351562,1.0,178.4081573486328,234.10354614257812,1.0,164.25425720214844,231.50282287597656,1.0,225.27529907226562,241.42236328125,1.0,234.15805053710938,244.1337432861328,1.0,213.16346740722656,277.35333251953125,1.0,170.80043029785156,284.074951171875,0.9999996423721313,232.189697265625,286.12908935546875,0.9999998807907104
678,211.69618225097656,223.94485473632812,1.0,214.91343688964844,251.40762329101562,1.0,178.3974609375,234.10060119628906,1.0,164.25613403320312,231.396728515625,1.0,225.20301818847656,241.51820373535156,1.0,234.1851043701172,244.30372619628906,1.0,213.21044921875,277.4456481933594,1.0,170.83291625976562,284.1618347167969,0.9999996423721313,232.33396911621094,286.26397705078125,0.9999998807907104
679,211.65545654296875,224.0569305419922,1.0,214.88629150390625,251.4469757080078,1.0,178.43994140625,234.2544403076172,1.0,164.3148193359375,231.52349853515625,1.0,225.3141326904297,241.57376098632812,1.0,234.29098510742188,244.32159423828125,1.0,213.1650390625,277.4913635253906,1.0,171.23110961914062,284.362548828125,0.9999996423721313,232.3241424560547,286.1605529785156,0.9999998807907104
680,211.72222900390625,224.00718688964844,1.0,214.8206329345703,251.51394653320312,1.0,178.56362915039062,234.38026428222656,1.0,164.46986389160156,231.60723876953125,1.0,225.31869506835938,241.66566467285156,1.0,234.40631103515625,244.4359130859375,1.0,213.15867614746094,277.4984130859375,1.0,171.1852569580078,284.4129943847656,0.9999996423721313,232.35816955566406,286.1163330078125,0.9999998807907104
681,211.7234344482422,224.2925567626953,1.0,214.84283447265625,251.39662170410156,1.0,178.5487518310547,234.33453369140625,1.0,164.63401794433594,231.48263549804688,1.0,225.39859008789062,241.81793212890625,1.0,234.37562561035156,244.508056640625,1.0,213.1481475830078,277.46685791015625,1.0,170.90528869628906,284.47271728515625,0.9999996423721313,232.25794982910156,286.1896057128906,0.9999998807907104
682,211.59669494628906,224.3388214111328,1.0,214.67135620117188,251.3192138671875,1.0,178.55331420898438,234.41552734375,1.0,164.8536376953125,231.465576171875,1.0,225.35801696777344,241.7976837158203,1.0,233.67355346679688,244.6653594970703,1.0,212.95806884765625,277.47711181640625,1.0,170.76756286621094,284.45233154296875,0.9999997615814209,231.7503204345703,286.1480712890625,0.9999998807907104
683,212.0071563720703,224.30198669433594,1.0,214.9331817626953,251.45152282714844,1.0,178.72828674316406,234.24365234375,1.0,164.8416748046875,231.45606994628906,1.0,225.4698944091797,241.86146545410156,1.0,234.2111053466797,244.6778106689453,1.0,213.25384521484375,277.2976989746094,1.0,171.2384796142578,284.657958984375,0.9999996423721313,232.0060577392578,286.17401123046875,1.0
684,211.98793029785156,224.4596405029297,1.0,215.08505249023438,251.90049743652344,1.0,178.61228942871094,234.37579345703125,1.0,164.44508361816406,231.4828338623047,1.0,225.59490966796875,242.0068817138672,1.0,234.52537536621094,244.56675720214844,1.0,213.46421813964844,277.7965393066406,1.0,171.01321411132812,284.60968017578125,0.9999995231628418,232.555908203125,286.2917175292969,0.9999998807907104
685,212.12989807128906,224.4599609375,1.0,215.12611389160156,251.9832763671875,1.0,178.70697021484375,234.28346252441406,1.0,164.69534301757812,231.51077270507812,1.0,225.6680908203125,242.14820861816406,1.0,234.96974182128906,244.48056030273438,1.0,213.4862518310547,277.7578430175781,1.0,170.9977264404297,284.5416259765625,0.9999995231628418,232.8764190673828,286.242431640625,1.0
686,212.03457641601562,224.35484313964844,1.0,215.119140625,252.0166473388672,1.0,178.5361785888672,234.4258270263672,1.0,164.68411254882812,231.54164123535156,1.0,225.5868682861328,242.09251403808594,1.0,234.8282470703125,244.56951904296875,1.0,213.68446350097656,277.7174377441406,1.0,171.01417541503906,284.576171875,0.9999994039535522,232.72828674316406,286.2818603515625,0.9999998807907104
687,212.02401733398438,224.396240234375,1.0,215.10560607910156,252.13290405273438,1.0,178.52735900878906,234.5068817138672,1.0,164.72076416015625,231.62896728515625,1.0,225.5968475341797,242.05770874023438,1.0,234.78189086914062,244.60772705078125,1.0,213.72372436523438,277.9615173339844,1.0,171.05447387695312,284.63116455078125,0.9999995231628418,232.79893493652344,286.3112487792969,0.9999998807907104
688,212.2024688720703,224.37486267089844,1.0,215.23721313476562,252.1208038330078,1.0,178.48875427246094,234.38250732421875,1.0,164.60992431640625,231.5020751953125,1.0,225.67666625976562,242.11119079589844,1.0,234.8668212890625,244.6819610595703,1.0,213.84642028808594,277.8805236816406,1.0,170.94456481933594,284.7109680175781,0.9999994039535522,232.8055419921875,286.2522277832031,0.9999998807907104
689,212.0216827392578,224.50181579589844,1.0,215.0886993408203,251.94200134277344,1.0,178.37173461914062,234.39356994628906,1.0,164.58656311035156,231.55010986328125,1.0,225.4789581298828,242.15359497070312,1.0,234.7850799560547,244.75103759765625,1.0,213.724365234375,277.7369079589844,1.0,170.83135986328125,284.722900390625,0.9999994039535522,232.99798583984375,286.28814697265625,1.0
690,211.8714141845703,224.4971923828125,1.0,215.00784301757812,252.06703186035156,1.0,178.31228637695312,234.3637237548828,1.0,164.43861389160156,231.59791564941406,1.0,225.49176025390625,242.17864990234375,1.0,234.77362060546875,244.766845703125,1.0,213.571044921875,277.63067626953125,1.0,170.5147247314453,284.6888732910156,0.9999995231628418,232.89723205566406,286.2602233886719,1.0
691,211.6385040283203,224.4117889404297,1.0,214.61033630371094,251.86334228515625,1.0,178.18048095703125,234.43710327148438,1.0,164.2431640625,231.85617065429688,1.0,225.29876708984375,242.11672973632812,1.0,234.4835205078125,244.87445068359375,1.0,212.90087890625,277.7132263183594,1.0,170.35772705078125,284.5463562011719,0.9999996423721313,232.47119140625,286.6300964355469,0.9999998807907104
692,211.3619384765625,224.2103729248047,1.0,214.4697723388672,252.08628845214844,1.0,177.9010009765625,234.52317810058594,1.0,163.80242919921875,231.90347290039062,1.0,225.1800994873047,242.16604614257812,1.0,234.47698974609375,244.98550415039062,1.0,212.68316650390625,278.18170166015625,1.0,170.12994384765625,284.7313232421875,0.9999996423721313,232.03289794921875,286.7126159667969,0.9999998807907104
693,210.59420776367188,224.1628875732422,1.0,213.94052124023438,252.15919494628906,1.0,177.40841674804688,234.81240844726562,1.0,163.411376953125,231.89906311035156,1.0,224.77706909179688,242.2535400390625,1.0,234.2500457763672,244.97833251953125,1.0,212.2282257080078,278.08770751953125,1.0,169.8290252685547,284.64752197265625,0.9999996423721313,231.93531799316406,286.66351318359375,0.9999998807907104
694,210.31768798828125,224.29405212402344,1.0,213.82699584960938,252.0366668701172,1.0,177.00656127929688,234.612548828125,1.0,163.00225830078125,231.88063049316406,1.0,224.79336547851562,242.2469940185547,1.0,234.05963134765625,245.06396484375,1.0,211.9450225830078,278.07861328125,1.0,169.49708557128906,284.6674499511719,0.9999996423721313,231.50538635253906,286.65032958984375,1.0
695,210.28858947753906,224.20762634277344,1.0,213.26699829101562,251.91726684570312,1.0,176.5254364013672,234.69546508789062,1.0,162.46871948242188,232.0250244140625,1.0,224.537353515625,242.33766174316406,1.0,233.9029083251953,245.07667541503906,1.0,211.17684936523438,277.9739685058594,1.0,169.53887939453125,284.7248229980469,0.9999996423721313,231.07386779785156,286.416748046875,1.0
696,210.1252899169922,224.02920532226562,1.0,213.0970001220703,252.187255859375,1.0,176.5052490234375,234.845703125,1.0,162.14691162109375,231.93618774414062,1.0,224.41650390625,242.34091186523438,1.0,234.00790405273438,244.83688354492188,1.0,211.1929168701172,278.223876953125,1.0,169.3690643310547,284.87835693359375,0.9999996423721313,230.95498657226562,286.1667785644531,1.0
697,210.1273651123047,223.93856811523438,1.0,213.1234588623047,252.21617126464844,1.0,176.33116149902344,234.9095916748047,1.0,162.117431640625,232.13877868652344,1.0,224.37440490722656,242.32130432128906,1.0,233.87026977539062,244.84104919433594,1.0,211.06829833984375,278.2466125488281,1.0,169.1106719970703,284.80450439453125,0.9999997615814209,230.76942443847656,286.366455078125,1.0
698,210.00946044921875,224.0825653076172,1.0,212.821533203125,252.3600311279297,1.0,176.3392791748047,234.9204864501953,1.0,161.99899291992188,232.07736206054688,1.0,224.2504119873047,242.3981475830078,1.0,233.7917938232422,244.83335876464844,1.0,210.7383270263672,278.2905578613281,1.0,168.99803161621094,285.20318603515625,0.9999995231628418,230.56768798828125,286.0998229980469,1.0
699,209.6315460205078,224.1933135986328,1.0,212.49520874023438,252.239013671875,1.0,176.30641174316406,234.85020446777344,1.0,161.94320678710938,232.11566162109375,1.0,224.12796020507812,242.5224609375,1.0,233.73016357421875,244.84613037109375,1.0,210.57896423339844,278.1961364746094,1.0,168.8072052001953,285.1038818359375,0.9999995231628418,230.6835174560547,286.1863098144531,1.0
700,209.3803253173828,224.08108520507812,1.0,212.487548828125,252.30052185058594,1.0,175.93846130371094,234.82041931152344,1.0,161.74693298339844,232.05706787109375,1.0,224.00086975097656,242.50741577148438,1.0,233.62449645996094,244.87509155273438,1.0,210.5222930908203,278.3938293457031,1.0,168.52696228027344,285.18780517578125,0.9999996423721313,230.60125732421875,286.1669006347656,1.0
701,209.25912475585938,224.2300262451172,1.0,212.3658447265625,252.25440979003906,1.0,175.77635192871094,234.86260986328125,1.0,161.52120971679688,232.0406494140625,1.0,223.9931182861328,242.39857482910156,1.0,233.38937377929688,244.8519744873047,1.0,210.43284606933594,278.4443359375,1.0,168.4616241455078,285.3172302246094,0.9999996423721313,230.28614807128906,286.321533203125,1.0
702,209.43276977539062,224.3289794921875,1.0,212.02903747558594,252.33175659179688,1.0,175.8643035888672,234.81504821777344,1.0,161.64151000976562,232.01776123046875,1.0,224.0204620361328,242.2701416015625,1.0,233.2966766357422,244.8802947998047,1.0,210.40072631835938,278.4542236328125,1.0,168.535400390625,285.2489318847656,0.9999996423721313,230.45291137695312,286.26495361328125,1.0
703,209.22032165527344,224.4722900390625,1.0,211.77352905273438,252.3272247314453,1.0,175.71084594726562,234.91168212890625,1.0,161.35948181152344,232.09471130371094,1.0,223.98497009277344,242.2629852294922,1.0,233.2967529296875,244.73660278320312,1.0,210.07278442382812,278.4004821777344,1.0,168.28018188476562,285.3360595703125,0.9999996423721313,230.02627563476562,286.3208312988281,1.0
704,208.97390747070312,224.55526733398438,1.0,211.6027069091797,252.4490203857422,1.0,175.48760986328125,234.93313598632812,1.0,161.36019897460938,232.18992614746094,1.0,223.90182495117188,242.2321014404297,1.0,233.08348083496094,244.75933837890625,1.0,209.9540557861328,278.3861083984375,1.0,168.38943481445312,285.2217102050781,0.9999995231628418,229.87144470214844,286.2340393066406,1.0
705,209.12832641601562,224.57322692871094,1.0,211.65695190429688,252.45907592773438,1.0,175.5055389404297,235.01907348632812,1.0,161.3406982421875,232.26431274414062,1.0,223.92825317382812,242.29107666015625,1.0,233.1422576904297,244.80084228515625,1.0,209.9529571533203,278.40252685546875,1.0,168.44190979003906,285.17449951171875,0.9999996423721313,229.77774047851562,286.2418518066406,1.0
706,209.16468811035156,224.393798828125,1.0,211.7867889404297,251.95529174804688,1.0,175.45794677734375,234.83175659179688,1.0,161.0947723388672,232.24729919433594,1.0,223.90020751953125,242.25469970703125,1.0,233.23553466796875,244.88328552246094,1.0,209.99368286132812,278.3221435546875,1.0,168.482421875,285.1806945800781,0.9999995231628418,229.75604248046875,286.26739501953125,1.0
707,208.98638916015625,224.36505126953125,1.0,211.6479949951172,251.56968688964844,1.0,175.31614685058594,234.6790313720703,1.0,161.0166778564453,232.25856018066406,1.0,223.8347930908203,242.29232788085938,1.0,232.9832000732422,244.83486938476562,1.0,209.69407653808594,278.18017578125,1.0,168.41746520996094,285.2084655761719,0.9999995231628418,229.53134155273438,286.29791259765625,1.0
708,208.8406524658203,224.2103271484375,1.0,211.46746826171875,252.20965576171875,1.0,175.4563751220703,234.72547912597656,1.0,160.92091369628906,232.19757080078125,1.0,223.66250610351562,242.38616943359375,1.0,232.8994598388672,244.7645263671875,1.0,209.55865478515625,278.10821533203125,1.0,168.02862548828125,285.33294677734375,0.9999997615814209,229.49827575683594,286.3770446777344,1.0
709,208.9622802734375,224.1953125,1.0,211.6698760986328,252.181884765625,1.0,175.53701782226562,234.7724609375,1.0,161.10443115234375,232.23216247558594,1.0,223.5989227294922,242.4131622314453,1.0,233.09031677246094,244.7323455810547,1.0,209.72958374023438,277.8332214355469,1.0,167.8384246826172,285.2521057128906,0.9999997615814209,229.73318481445312,286.2311096191406,1.0
710,208.92514038085938,224.306640625,1.0,211.3845672607422,252.16612243652344,1.0,175.4818878173828,234.76556396484375,1.0,161.13760375976562,232.22817993164062,1.0,223.53814697265625,242.31358337402344,1.0,233.0567169189453,244.7660675048828,1.0,209.63511657714844,277.7726745605469,1.0,167.97584533691406,285.0738525390625,0.9999997615814209,229.4625701904297,286.4529724121094,1.0
711,208.3907012939453,224.2618865966797,1.0,211.19190979003906,252.0564422607422,1.0,175.40562438964844,234.6923065185547,1.0,161.022705078125,232.2367401123047,1.0,223.34017944335938,242.54380798339844,1.0,232.70474243164062,244.88796997070312,1.0,209.4658203125,277.8270568847656,1.0,167.8710479736328,285.19000244140625,0.9999997615814209,229.3856964111328,286.4564514160156,1.0
712,210.1219482421875,225.12429809570312,1.0,212.60496520996094,252.85623168945312,1.0,176.80331420898438,237.05352783203125,1.0,161.59059143066406,232.8486785888672,1.0,223.76400756835938,247.70663452148438,0.9999839067459106,231.8367462158203,245.91551208496094,1.0,210.12588500976562,277.7180480957031,1.0,167.5440673828125,285.5677795410156,0.9999998807907104,228.71913146972656,287.2580871582031,1.0
713,209.85545349121094,225.3299102783203,1.0,211.93702697753906,252.22621154785156,1.0,181.31361389160156,243.1498565673828,0.00020519814279396087,165.32122802734375,236.00865173339844,1.0,223.92819213867188,246.1826934814453,0.9398117065429688,230.16481018066406,245.29464721679688,1.0,210.1379852294922,277.2242736816406,1.0,167.2410430908203,285.4186706542969,0.9999998807907104,228.5892791748047,287.2534484863281,1.0
714,210.14822387695312,225.97589111328125,1.0,211.96792602539062,252.30657958984375,1.0,181.4287567138672,243.06903076171875,0.0005107360193505883,165.6327362060547,236.08782958984375,1.0,223.64610290527344,246.32232666015625,0.9768672585487366,230.2625274658203,245.87933349609375,1.0,209.62791442871094,277.4276428222656,1.0,167.3358917236328,285.4124450683594,0.9999998807907104,228.62808227539062,287.2869567871094,1.0
715,209.6297607421875,225.79551696777344,1.0,211.73670959472656,252.344970703125,1.0,179.25169372558594,242.39195251464844,0.461752712726593,163.72276306152344,235.2967529296875,1.0,223.295166015625,247.72576904296875,0.9985709190368652,230.59722900390625,245.78184509277344,1.0,209.47923278808594,277.3340148925781,1.0,166.9451904296875,285.0937805175781,0.9999998807907104,228.4990692138672,287.2520751953125,1.0
716,208.61300659179688,225.75927734375,1.0,211.25314331054688,251.40029907226562,1.0,177.29922485351562,239.22108459472656,0.9999998807907104,162.18263244628906,234.2539825439453,1.0,222.62057495117188,245.81964111328125,1.0,231.63003540039062,246.04644775390625,1.0,209.6697998046875,277.6558532714844,1.0,167.40977478027344,285.3453369140625,0.9999998807907104,228.66314697265625,286.6043395996094,1.0
717,208.44932556152344,226.26658630371094,1.0,211.09951782226562,251.60943603515625,1.0,175.65457153320312,237.00067138671875,1.0,161.5668487548828,233.4055633544922,1.0,223.3170623779297,243.84075927734375,1.0,232.34710693359375,245.2550506591797,1.0,209.73817443847656,277.6036682128906,1.0,167.7635955810547,285.2533264160156,0.9999998807907104,228.89451599121094,286.508056640625,1.0
718,208.324951171875,225.6520233154297,1.0,210.5966796875,251.73452758789062,1.0,175.46206665039062,236.20033264160156,1.0,160.9370574951172,233.09811401367188,1.0,222.593994140625,243.0472412109375,1.0,232.27928161621094,245.11891174316406,1.0,209.1470184326172,277.6104736328125,1.0,167.7259521484375,285.08447265625,0.9999998807907104,228.93746948242188,286.42657470703125,1.0
719,208.41281127929688,225.0521697998047,1.0,210.87046813964844,251.873046875,1.0,175.24610900878906,235.7543487548828,1.0,160.6570587158203,232.97764587402344,1.0,222.67005920410156,242.5177764892578,1.0,232.51304626464844,245.2335968017578,1.0,209.3790283203125,277.3346252441406,1.0,167.71841430664062,285.0992126464844,0.9999997615814209,229.28125,286.34405517578125,1.0
720,208.45999145507812,225.3027801513672,1.0,210.7760772705078,252.09828186035156,1.0,175.07469177246094,235.58831787109375,1.0,160.5682830810547,233.08058166503906,1.0,222.5614471435547,242.52935791015625,1.0,232.02142333984375,244.3340606689453,1.0,209.40011596679688,277.36944580078125,1.0,167.7705535888672,285.15789794921875,0.9999997615814209,228.97227478027344,286.0871276855469,1.0
721,208.36978149414062,225.1293182373047,1.0,210.94371032714844,252.0222930908203,1.0,174.8793182373047,235.53677368164062,1.0,160.4436492919922,233.1219940185547,1.0,222.685791015625,242.44296264648438,1.0,232.643798828125,245.16793823242188,1.0,209.3118133544922,277.298095703125,1.0,167.8945770263672,285.03973388671875,0.9999997615814209,229.15869140625,286.1010437011719,1.0
722,208.4302520751953,225.006591796875,1.0,210.8397216796875,252.24488830566406,1.0,175.3196258544922,235.29998779296875,1.0,160.47695922851562,232.91082763671875,1.0,222.75914001464844,242.54864501953125,1.0,232.1815185546875,244.38238525390625,1.0,209.19485473632812,277.1907958984375,1.0,167.72743225097656,284.87554931640625,0.9999997615814209,229.0367431640625,285.96392822265625,1.0
723,208.55101013183594,224.65065002441406,1.0,210.71591186523438,252.2380828857422,1.0,175.70372009277344,234.5115966796875,1.0,160.63851928710938,232.59185791015625,1.0,222.80801391601562,242.45018005371094,1.0,232.23654174804688,244.41004943847656,1.0,209.13365173339844,277.11614990234375,1.0,167.79421997070312,284.9187316894531,0.9999997615814209,228.916748046875,285.8960876464844,1.0
724,208.773681640625,224.59375,1.0,211.03150939941406,251.8415985107422,1.0,175.55792236328125,234.20355224609375,1.0,160.71067810058594,232.50379943847656,1.0,222.96087646484375,242.15037536621094,1.0,232.5044403076172,244.32339477539062,1.0,209.17446899414062,277.31451416015625,1.0,167.86338806152344,285.0068054199219,0.9999997615814209,228.9355926513672,285.9448547363281,1.0
725,208.6475372314453,224.81500244140625,1.0,210.88717651367188,252.05445861816406,1.0,175.6217803955078,234.189208984375,1.0,160.68650817871094,232.34732055664062,1.0,222.97047424316406,242.28585815429688,1.0,232.679443359375,244.32000732421875,1.0,209.19461059570312,277.1140441894531,1.0,167.86605834960938,284.87518310546875,0.9999996423721313,228.91336059570312,285.876953125,1.0
726,208.73924255371094,224.65081787109375,1.0,210.9716339111328,251.91026306152344,1.0,175.54638671875,233.97665405273438,1.0,160.6652069091797,232.26943969726562,1.0,222.96640014648438,242.04676818847656,1.0,232.76358032226562,244.3044891357422,1.0,209.1073760986328,277.1009826660156,1.0,167.87208557128906,284.69158935546875,0.9999997615814209,228.90977478027344,285.822509765625,1.0
727,208.8371124267578,224.8483123779297,1.0,210.97174072265625,252.01023864746094,1.0,175.90383911132812,234.11312866210938,1.0,160.84152221679688,232.397216796875,1.0,223.05191040039062,242.10049438476562,1.0,232.8538055419922,244.44515991210938,1.0,209.2273406982422,277.1207580566406,1.0,167.8204803466797,284.8990783691406,0.9999997615814209,228.98934936523438,285.9335632324219,1.0
728,208.96986389160156,226.02545166015625,1.0,211.19456481933594,251.93368530273438,1.0,178.31988525390625,235.53216552734375,1.0,162.5557861328125,233.13232421875,1.0,224.08563232421875,243.1337890625,1.0,232.94894409179688,244.6329345703125,1.0,209.72593688964844,276.54754638671875,1.0,168.9555206298828,284.367919921875,0.9999997615814209,229.94480895996094,285.6112060546875,1.0
729,212.09329223632812,226.36444091796875,1.0,214.09950256347656,253.68780517578125,1.0,180.8616943359375,236.41732788085938,1.0,165.2256317138672,233.4131622314453,1.0,225.4425506591797,243.3772735595703,1.0,234.520751953125,245.82371520996094,1.0,212.25732421875,279.3485412597656,1.0,171.022705078125,284.4439392089844,0.9999996423721313,232.116943359375,286.26580810546875,0.9999997615814209
730,214.2895050048828,226.61660766601562,1.0,216.29893493652344,254.2703857421875,1.0,181.88653564453125,236.61968994140625,1.0,166.62261962890625,234.06210327148438,1.0,226.4220428466797,244.11709594726562,1.0,235.2339630126953,246.6122283935547,1.0,214.76478576660156,278.9154052734375,1.0,171.53897094726562,284.4537353515625,0.9999997615814209,234.1378631591797,286.37091064453125,0.9999996423721313
731,215.24136352539062,227.029541015625,1.0,217.18711853027344,254.15237426757812,1.0,182.62918090820312,236.4591064453125,1.0,166.8131103515625,233.84678649902344,1.0,227.05453491210938,244.07858276367188,1.0,235.91893005371094,246.53273010253906,1.0,215.94015502929688,278.8501281738281,1.0,172.2019500732422,284.7743225097656,0.9999996423721313,234.86940002441406,286.9772644042969,0.9999990463256836
732,215.66647338867188,226.72451782226562,1.0,218.3137969970703,253.96510314941406,1.0,183.13055419921875,236.56982421875,1.0,167.11740112304688,233.62127685546875,1.0,227.73284912109375,244.13577270507812,1.0,236.28466796875,246.44244384765625,1.0,216.755615234375,278.7234191894531,1.0,172.36000061035156,285.0350036621094,0.9999997615814209,235.92193603515625,287.492431640625,0.9999970197677612
733,216.39321899414062,227.31675720214844,1.0,218.72848510742188,254.25413513183594,1.0,183.72113037109375,236.92636108398438,1.0,167.98910522460938,233.8484649658203,1.0,227.86744689941406,244.30174255371094,1.0,236.51296997070312,246.64443969726562,1.0,217.2718505859375,278.7876281738281,1.0,173.26806640625,284.8996887207031,0.9999997615814209,235.9523468017578,287.7037048339844,0.9999992847442627
734,218.33497619628906,229.05059814453125,1.0,221.48159790039062,255.88075256347656,1.0,186.24533081054688,237.80699157714844,1.0,170.68392944335938,234.67454528808594,1.0,229.43072509765625,245.7108612060547,1.0,236.60079956054688,247.27943420410156,1.0,220.21475219726562,279.55572509765625,1.0,176.51092529296875,283.9253234863281,0.9999997615814209,237.53292846679688,288.38616943359375,0.999962568283081
735,221.05242919921875,229.7380828857422,1.0,225.39280700683594,257.5273132324219,1.0,188.63047790527344,238.110595703125,1.0,173.89923095703125,234.96856689453125,1.0,230.553466796875,246.9019012451172,1.0,237.82904052734375,248.7947235107422,1.0,223.16983032226562,280.1010437011719,1.0,178.52951049804688,283.7041320800781,0.9999998807907104,238.76480102539062,287.92718505859375,0.991378664970398
736,221.34674072265625,229.8972625732422,1.0,226.85284423828125,257.9031982421875,1.0,190.1959686279297,238.81712341308594,1.0,174.90272521972656,235.35150146484375,1.0,231.50010681152344,247.68812561035156,1.0,238.81251525878906,249.7062225341797,1.0,224.73548889160156,280.3223571777344,1.0,179.44964599609375,284.2577819824219,0.9999997615814209,240.13661193847656,288.0292053222656,0.8329991698265076
737,222.1313934326172,229.70164489746094,1.0,227.47476196289062,257.7289733886719,1.0,190.6930694580078,238.9423370361328,1.0,175.47622680664062,235.3481903076172,1.0,232.01190185546875,247.35052490234375,1.0,239.50599670410156,249.30767822265625,1.0,225.5158233642578,280.6419982910156,1.0,179.93276977539062,284.6731872558594,0.9999997615814209,240.93028259277344,287.8323974609375,0.7530475854873657
738,221.93443298339844,229.6790008544922,1.0,227.53131103515625,257.6698913574219,1.0,190.4492645263672,239.00425720214844,1.0,175.3588409423828,235.37466430664062,1.0,232.0968475341797,247.44883728027344,1.0,239.73777770996094,249.72457885742188,1.0,225.69447326660156,280.4392395019531,1.0,180.03956604003906,284.53240966796875,0.9999995231628418,241.26783752441406,287.8315124511719,0.7099366784095764
739,222.48727416992188,229.72781372070312,1.0,227.9615478515625,257.6268310546875,1.0,190.7305450439453,238.90969848632812,1.0,175.38856506347656,235.29486083984375,1.0,232.30313110351562,247.40773010253906,1.0,239.81796264648438,249.89471435546875,1.0,225.9407501220703,280.5052795410156,1.0,180.08721923828125,284.6891174316406,0.9999995231628418,241.54237365722656,288.0667419433594,0.7463492155075073
740,223.19764709472656,229.7715606689453,1.0,228.2823028564453,257.8616943359375,1.0,191.0898895263672,238.99090576171875,1.0,175.501708984375,235.4154815673828,1.0,232.62835693359375,247.5537872314453,1.0,239.94198608398438,249.53302001953125,1.0,226.33599853515625,280.6830749511719,1.0,180.34695434570312,284.495849609375,0.9999997615814209,241.81304931640625,288.2384033203125,0.6195529103279114
741,224.57127380371094,230.309326171875,1.0,229.41014099121094,258.0926513671875,1.0,192.87350463867188,239.65841674804688,1.0,177.3223114013672,236.09872436523438,1.0,233.66561889648438,248.74314880371094,1.0,240.33978271484375,250.55361938476562,1.0,227.19268798828125,281.1960754394531,1.0,180.93701171875,284.7138671875,0.9999997615814209,242.61021423339844,288.6671142578125,0.4618350863456726
742,226.93309020996094,230.50816345214844,1.0,231.36109924316406,258.88739013671875,1.0,194.58193969726562,239.55577087402344,1.0,179.72926330566406,235.75259399414062,1.0,234.71713256835938,249.44915771484375,1.0,241.43394470214844,251.92857360839844,0.9999998807907104,229.5748748779297,282.26434326171875,1.0,182.3722381591797,284.10772705078125,0.9999998807907104,243.02928161621094,289.00775146484375,0.022744715213775635
743,228.46095275878906,231.4901885986328,1.0,232.97283935546875,259.1110534667969,1.0,195.8406524658203,240.16578674316406,1.0,181.34024047851562,236.20970153808594,1.0,235.92369079589844,249.8434600830078,1.0,242.450439453125,253.0558624267578,1.0,231.08375549316406,282.1134948730469,1.0,183.44741821289062,285.2276916503906,0.9999972581863403,244.4148406982422,289.0545349121094,0.019006794318556786
744,228.30442810058594,231.45083618164062,1.0,232.93927001953125,259.3048400878906,1.0,196.6160888671875,240.5987548828125,1.0,182.36524963378906,236.1915283203125,1.0,236.31263732910156,250.1711883544922,1.0,242.62271118164062,253.341796875,1.0,231.4053192138672,281.8997802734375,1.0,184.79193115234375,285.15771484375,0.999992847442627,244.294189453125,289.2213439941406,0.010026545263826847
745,229.0963134765625,231.599609375,1.0,233.76756286621094,259.42095947265625,1.0,196.8608856201172,240.72903442382812,1.0,182.5093994140625,236.28904724121094,1.0,236.60301208496094,250.24288940429688,1.0,242.9501953125,253.31304931640625,1.0,232.03466796875,282.0617370605469,1.0,184.91339111328125,285.1858825683594,0.9999943971633911,245.08236694335938,289.3522644042969,0.01214424055069685
746,229.40708923339844,231.462890625,1.0,234.06817626953125,259.3014831542969,1.0,197.35186767578125,240.79995727539062,1.0,183.12289428710938,236.40225219726562,1.0,236.73367309570312,250.27456665039062,1.0,243.24476623535156,253.34107971191406,1.0,232.28887939453125,281.9674987792969,0.9999998807907104,185.62298583984375,285.1991882324219,0.9999971389770508,245.3058624267578,289.5970764160156,0.007689098361879587
747,230.05343627929688,231.5672149658203,1.0,235.38023376464844,259.2209167480469,1.0,197.7314910888672,240.75975036621094,1.0,183.89260864257812,236.69100952148438,1.0,237.3080596923828,250.15216064453125,1.0,243.5609588623047,253.44561767578125,0.9999998807907104,233.94564819335938,282.3790283203125,1.0,186.41067504882812,285.1810302734375,0.9999982118606567,246.63504028320312,289.8035583496094,0.019308049231767654
748,230.95135498046875,231.65444946289062,1.0,236.55865478515625,258.97296142578125,1.0,198.69064331054688,240.67498779296875,1.0,184.91871643066406,236.77288818359375,1.0,237.81436157226562,250.20504760742188,1.0,244.0784912109375,253.54884338378906,0.9999996423721313,234.5261993408203,281.953125,1.0,187.32510375976562,284.8005676269531,0.9999990463256836,246.22726440429688,289.7425537109375,0.004857691936194897
749,232.03868103027344,231.70272827148438,1.0,237.2381591796875,259.07147216796875,1.0,199.5251007080078,240.8858184814453,1.0,186.4263153076172,236.40599060058594,1.0,238.4476318359375,250.26780700683594,1.0,244.6507110595703,253.00010681152344,0.999996542930603,235.2758331298828,281.52685546875,1.0,188.8038787841797,284.7812805175781,0.9999979734420776,246.36317443847656,288.2917175292969,0.0011668107472360134
750,232.89151000976562,231.84548950195312,1.0,237.80274963378906,258.97760009765625,1.0,200.39315795898438,240.8219451904297,1.0,187.31170654296875,236.7921905517578,1.0,239.0300750732422,250.32127380371094,1.0,244.9340057373047,252.81748962402344,0.9999814033508301,235.7792205810547,281.7340087890625,1.0,189.9893798828125,284.7041320800781,0.9999979734420776,246.75897216796875,289.6642150878906,0.0018295488553121686
751,233.13882446289062,232.22344970703125,1.0,238.19195556640625,259.2180480957031,1.0,200.8904266357422,240.84963989257812,1.0,187.60784912109375,236.69444274902344,1.0,239.3231658935547,250.61349487304688,1.0,244.86923217773438,253.50296020507812,0.999980092048645,235.76156616210938,281.62542724609375,1.0,189.898193359375,284.4704895019531,0.9999980926513672,246.6614227294922,289.4606018066406,0.002786159748211503
752,233.122314453125,232.29917907714844,1.0,238.51853942871094,259.4989318847656,1.0,201.23110961914062,240.80287170410156,1.0,187.951904296875,236.66114807128906,1.0,239.2820281982422,250.69113159179688,1.0,244.76596069335938,253.4834442138672,0.999966025352478,236.1666717529297,281.945068359375,1.0,190.62496948242188,284.6997375488281,0.999996542930603,246.8454132080078,289.5856018066406,0.002858934924006462
753,233.4696807861328,232.44422912597656,1.0,238.9085235595703,259.5123291015625,1.0,201.42431640625,240.8985137939453,1.0,188.2841033935547,236.7278289794922,1.0,239.50852966308594,250.68765258789062,0.9999998807907104,244.99581909179688,253.46347045898438,0.9999620914459229,236.53021240234375,281.95892333984375,1.0,190.6688232421875,284.6656799316406,0.9999970197677612,247.07412719726562,289.64410400390625,0.0028113655280321836
754,233.3486328125,232.04588317871094,1.0,238.97340393066406,259.587158203125,1.0,201.58810424804688,241.02806091308594,1.0,188.51925659179688,236.82534790039062,1.0,239.51637268066406,250.6300506591797,0.9999997615814209,245.0543212890625,253.4134979248047,0.9999289512634277,236.5225830078125,282.19781494140625,1.0,190.8662567138672,284.849609375,0.9999977350234985,247.03282165527344,289.83282470703125,0.00215713563375175
755,233.5685577392578,231.95901489257812,1.0,239.1796875,259.558349609375,1.0,201.70094299316406,240.6188507080078,1.0,188.47628784179688,236.60511779785156,1.0,239.828857421875,250.74562072753906,0.9999992847442627,245.37904357910156,253.4401092529297,0.9998507499694824,236.4956817626953,282.14031982421875,1.0,190.82200622558594,284.6562805175781,0.9999982118606567,246.905029296875,289.7384948730469,0.0022023040801286697
756,234.53631591796875,231.24989318847656,1.0,240.07998657226562,258.87884521484375,1.0,200.50808715820312,238.5136260986328,1.0,186.3363494873047,235.70582580566406,1.0,240.45407104492188,249.33428955078125,0.9999995231628418,245.5772247314453,251.63800048828125,0.9995074272155762,238.1063995361328,281.2596740722656,0.9999998807907104,191.4417724609375,284.271240234375,0.9999949932098389,247.89260864257812,289.3216552734375,0.002093775663524866
757,234.8125762939453,230.71109008789062,1.0,240.37615966796875,257.9860534667969,1.0,199.81106567382812,237.07608032226562,1.0,185.66090393066406,234.6101837158203,1.0,241.5332489013672,248.3566131591797,0.9999998807907104,246.7965850830078,251.30410766601562,0.9998353719711304,238.49835205078125,280.6676025390625,0.9999998807907104,190.920166015625,284.1856994628906,0.9999902248382568,248.4737091064453,289.09088134765625,0.002022301545366645
758,234.7179412841797,230.31951904296875,1.0,240.17759704589844,258.00048828125,1.0,199.58364868164062,236.30255126953125,1.0,185.27108764648438,234.08084106445312,1.0,240.81703186035156,247.86953735351562,0.9999998807907104,246.4659881591797,251.42086791992188,0.9997599720954895,238.3296661376953,280.64141845703125,0.9999998807907104,190.94850158691406,284.21649169921875,0.9999837875366211,248.25799560546875,289.1350402832031,0.001729313051328063
759,234.65264892578125,230.33677673339844,1.0,240.1466064453125,257.8315734863281,1.0,199.2314910888672,236.1979217529297,1.0,185.04666137695312,233.98226928710938,1.0,240.90115356445312,247.7560577392578,1.0,246.13890075683594,251.175048828125,0.9999834299087524,238.45713806152344,280.5786437988281,0.9999998807907104,190.86203002929688,284.25042724609375,0.9999803304672241,248.75657653808594,289.0390625,0.0017544658621773124
760,233.8170928955078,229.68849182128906,1.0,239.517333984375,257.8008117675781,1.0,198.94773864746094,236.17697143554688,1.0,184.56373596191406,233.83029174804688,1.0,240.2334747314453,247.1309814453125,1.0,245.63246154785156,250.8246612548828,0.9999958276748657,238.41464233398438,280.7052001953125,0.9999998807907104,190.9014434814453,284.5443115234375,0.9999791383743286,248.677978515625,288.9632263183594,0.0018164969515055418
761,233.3760986328125,229.30491638183594,1.0,238.99652099609375,257.44573974609375,1.0,198.5611572265625,236.27125549316406,1.0,184.1539764404297,233.98208618164062,1.0,239.90621948242188,246.91253662109375,1.0,245.4832763671875,250.6008758544922,0.9999932050704956,237.5002899169922,281.3274230957031,1.0,190.5190887451172,284.7852783203125,0.9999904632568359,248.47586059570312,289.150390625,0.0032951117027550936
762,232.8558349609375,228.7890625,1.0,238.66844177246094,257.1091003417969,1.0,197.95294189453125,235.74551391601562,1.0,183.6579132080078,233.62376403808594,1.0,239.50506591796875,246.34458923339844,1.0,245.3665771484375,250.07772827148438,0.9999979734420776,238.2561492919922,280.55181884765625,0.9999998807907104,190.0948486328125,284.5821533203125,0.9999945163726807,248.28213500976562,288.9429016113281,0.003377673216164112
763,232.50149536132812,228.8777618408203,1.0,238.26284790039062,257.1934509277344,1.0,197.3170623779297,235.77040100097656,1.0,183.04129028320312,233.51759338378906,1.0,239.05384826660156,246.3287811279297,1.0,245.0920867919922,250.110107421875,0.9999983310699463,237.01023864746094,281.0839538574219,1.0,190.6415557861328,284.87530517578125,0.9999938011169434,248.0937957763672,288.82318115234375,0.003407165640965104
764,232.090576171875,228.79429626464844,1.0,238.20700073242188,257.0809020996094,1.0,197.16665649414062,235.9990234375,1.0,182.91981506347656,233.56475830078125,1.0,238.7779083251953,246.43836975097656,1.0,244.95294189453125,250.19772338867188,0.999998927116394,236.7849578857422,281.17681884765625,1.0,190.5634307861328,284.9898681640625,0.9999914169311523,248.03134155273438,288.8238525390625,0.002859506057575345
765,232.04074096679688,228.9078369140625,1.0,237.951904296875,257.21746826171875,1.0,196.9980926513672,235.92068481445312,1.0,182.4987335205078,233.70938110351562,1.0,238.5463409423828,246.6320037841797,1.0,244.6086883544922,250.5658416748047,0.9999995231628418,236.6900634765625,281.28753662109375,1.0,190.2359619140625,284.9489440917969,0.9999935626983643,248.13148498535156,288.78411865234375,0.006128941662609577
766,231.68836975097656,228.9834747314453,1.0,237.7596435546875,257.20703125,1.0,196.8285675048828,236.057861328125,1.0,182.48599243164062,233.8165283203125,1.0,238.31979370117188,246.6260528564453,1.0,244.51742553710938,250.69528198242188,0.9999994039535522,236.53677368164062,281.4171142578125,1.0,189.78164672851562,284.8627624511719,0.9999909400939941,247.90679931640625,289.156494140625,0.00418116943910718
767,231.65126037597656,228.9972686767578,1.0,237.5746307373047,257.2200012207031,1.0,196.6090545654297,236.04981994628906,1.0,182.23622131347656,233.73953247070312,1.0,238.2747802734375,246.5533447265625,1.0,244.4764862060547,250.5868377685547,0.9999997615814209,236.267333984375,281.394287109375,1.0,189.28640747070312,285.0577087402344,0.9999908208847046,247.73587036132812,288.8801574707031,0.003920632880181074
768,231.69735717773438,229.12120056152344,1.0,237.1995086669922,257.11328125,1.0,196.85980224609375,236.54232788085938,1.0,182.3320770263672,233.80201721191406,1.0,238.33877563476562,246.50904846191406,1.0,244.65985107421875,250.21939086914062,0.9999992847442627,236.5825653076172,280.84344482421875,1.0,189.9720458984375,285.1424560546875,0.9999958276748657,247.5152587890625,288.6412658691406,0.006001598201692104
769,231.78884887695312,229.06927490234375,1.0,237.27163696289062,257.2608642578125,1.0,196.8906707763672,236.43667602539062,1.0,182.4091033935547,233.8056640625,1.0,238.3980255126953,246.70057678222656,1.0,244.6298370361328,250.57659912109375,0.999998927116394,236.51174926757812,280.9004821777344,1.0,189.53167724609375,284.96026611328125,0.9999969005584717,247.33966064453125,288.7108154296875,0.005538294557482004
770,231.89625549316406,229.1694793701172,1.0,237.29627990722656,257.20635986328125,1.0,196.70286560058594,236.4764862060547,1.0,182.27944946289062,233.83860778808594,1.0,238.53445434570312,246.67633056640625,1.0,244.651611328125,250.58021545410156,0.9999990463256836,236.71424865722656,280.8828430175781,1.0,189.5640106201172,284.8824768066406,0.9999972581863403,247.63079833984375,288.7020263671875,0.006136038806289434
771,231.8994903564453,229.1524200439453,1.0,237.25238037109375,257.1966552734375,1.0,196.7412109375,236.35267639160156,1.0,182.10801696777344,233.66058349609375,1.0,238.3934783935547,246.69786071777344,1.0,244.5674591064453,250.6554412841797,0.9999990463256836,236.733154296875,281.0693054199219,1.0,189.52992248535156,284.9096374511719,0.9999971389770508,247.76885986328125,288.9394836425781,0.0042764111422002316
772,231.63131713867188,228.94972229003906,1.0,237.2008056640625,257.12152099609375,1.0,196.59622192382812,236.3460693359375,1.0,182.1412353515625,233.7471466064453,1.0,238.2743377685547,246.6122589111328,1.0,244.49766540527344,250.7652587890625,0.9999986886978149,236.89794921875,281.10845947265625,1.0,189.5674285888672,285.1009521484375,0.9999963045120239,248.0443572998047,289.0745544433594,0.003407674143090844
773,231.67567443847656,229.03843688964844,1.0,237.29368591308594,257.18524169921875,1.0,196.62266540527344,236.38641357421875,1.0,182.04385375976562,233.8203125,1.0,238.24058532714844,246.61373901367188,1.0,244.46168518066406,250.81886291503906,0.9999988079071045,237.04132080078125,280.98614501953125,1.0,189.1386260986328,285.0721435546875,0.9999964237213135,248.08969116210938,289.1319580078125,0.002471641404554248
774,231.49493408203125,229.060791015625,1.0,237.15867614746094,257.2502746582031,1.0,196.49917602539062,236.46609497070312,1.0,182.02674865722656,233.7426300048828,1.0,238.08120727539062,246.6754913330078,1.0,244.2906036376953,250.88397216796875,0.9999994039535522,236.96961975097656,280.9552307128906,1.0,188.90911865234375,284.9835205078125,0.9999977350234985,247.9948272705078,288.9703369140625,0.0034473962150514126
775,231.46571350097656,228.99485778808594,1.0,237.11331176757812,257.244384765625,1.0,196.2424774169922,236.51611328125,1.0,181.82179260253906,233.86004638671875,1.0,238.02450561523438,246.74388122558594,1.0,244.23387145996094,251.0218048095703,0.9999980926513672,236.8839569091797,280.9466857910156,1.0,188.77810668945312,284.93499755859375,0.9999964237213135,247.97589111328125,289.0242614746094,0.0028290394693613052
776,231.36485290527344,229.2261505126953,1.0,236.92404174804688,257.2590026855469,1.0,196.0959930419922,236.67584228515625,1.0,181.74737548828125,233.84469604492188,1.0,237.8283233642578,246.91732788085938,1.0,244.171630859375,251.2261962890625,0.9999977350234985,236.88145446777344,280.8459167480469,1.0,189.0743865966797,285.0125732421875,0.9999972581863403,247.9711456298828,289.0737609863281,0.003058084286749363
777,231.18307495117188,229.44764709472656,1.0,236.8518829345703,257.1749267578125,1.0,196.13526916503906,236.4828338623047,1.0,181.64126586914062,233.79539489746094,1.0,237.84793090820312,246.85238647460938,1.0,244.1628875732422,251.14321899414062,0.9999990463256836,236.93450927734375,280.9657897949219,1.0,188.97116088867188,284.9844970703125,0.9999946355819702,248.0537567138672,288.99871826171875,0.0035655146930366755
778,231.147216796875,229.42098999023438,1.0,236.78787231445312,257.3937072753906,1.0,196.21595764160156,236.72032165527344,1.0,181.7919464111328,233.80569458007812,1.0,237.82240295410156,247.14895629882812,1.0,244.11009216308594,250.67681884765625,0.9999992847442627,236.8365478515625,281.1147766113281,1.0,188.86627197265625,284.9872131347656,0.9999963045120239,248.9857635498047,289.2308654785156,0.004441806115210056
779,230.97760009765625,229.4324493408203,1.0,236.71728515625,257.519775390625,1.0,196.2054443359375,236.81719970703125,1.0,181.6529541015625,233.97659301757812,1.0,237.64340209960938,247.1227569580078,1.0,244.0894012451172,250.76129150390625,0.9999994039535522,236.07659912109375,281.53070068359375,1.0,188.76544189453125,284.99432373046875,0.9999973773956299,249.07376098632812,289.2013244628906,0.004967446438968182
780,230.6235809326172,228.99618530273438,1.0,236.22512817382812,257.4786071777344,1.0,196.0618438720703,236.8107452392578,1.0,181.52565002441406,233.87782287597656,1.0,237.24256896972656,246.9834442138672,1.0,243.62484741210938,250.47796630859375,0.9999992847442627,236.22743225097656,281.06903076171875,1.0,189.01307678222656,284.9766540527344,0.9999977350234985,247.3476104736328,289.08837890625,0.006580688059329987
781,230.5463104248047,229.1447296142578,1.0,236.28057861328125,257.4493408203125,1.0,196.05137634277344,236.7828826904297,1.0,181.43777465820312,233.90863037109375,1.0,237.2471160888672,247.0022430419922,1.0,243.66363525390625,250.4295654296875,0.9999994039535522,236.4561309814453,281.0843811035156,1.0,189.03038024902344,285.0268249511719,0.9999973773956299,247.86227416992188,289.08428955078125,0.007337754126638174
782,230.56700134277344,229.27903747558594,1.0,236.27760314941406,257.5547180175781,1.0,196.10214233398438,237.02838134765625,1.0,181.52005004882812,234.0334014892578,1.0,237.2584991455078,247.13034057617188,1.0,243.71334838867188,250.51205444335938,0.9999991655349731,236.33824157714844,281.21087646484375,1.0,188.5790557861328,285.0925598144531,0.9999980926513672,247.64776611328125,289.0436096191406,0.008795692585408688
783,230.59779357910156,229.3304443359375,1.0,236.295166015625,257.61175537109375,1.0,195.9918670654297,237.0379638671875,1.0,181.50595092773438,234.0696258544922,1.0,237.22442626953125,247.12289428710938,1.0,243.62408447265625,251.28079223632812,0.9999990463256836,236.42189025878906,281.37506103515625,1.0,188.55398559570312,285.141357421875,0.9999979734420776,247.77149963378906,289.103759765625,0.0073776571080088615
784,230.54783630371094,229.3163604736328,1.0,236.21434020996094,257.5279846191406,1.0,195.93809509277344,237.03565979003906,1.0,181.3782196044922,234.1787872314453,1.0,237.1806182861328,247.15383911132812,1.0,243.55833435058594,251.2126922607422,0.9999992847442627,236.27804565429688,281.2247009277344,1.0,188.5111541748047,285.05810546875,0.999997615814209,247.7279510498047,289.0701599121094,0.008251462131738663
785,230.80560302734375,229.44366455078125,1.0,236.29226684570312,257.5927429199219,1.0,196.06846618652344,237.09217834472656,1.0,181.4420928955078,234.19839477539062,1.0,237.3448028564453,247.24853515625,1.0,243.63510131835938,251.26925659179688,0.9999990463256836,236.4459686279297,281.27044677734375,1.0,188.5364532470703,284.95440673828125,0.9999978542327881,247.87515258789062,289.10748291015625,0.0074005406349897385
786,230.80435180664062,229.35281372070312,1.0,236.2423095703125,257.5550231933594,1.0,196.101318359375,237.0348358154297,1.0,181.41697692871094,234.2205352783203,1.0,237.3941650390625,247.23495483398438,1.0,243.6745147705078,251.28408813476562,0.9999985694885254,236.42092895507812,281.179931640625,1.0,188.5716094970703,284.9657287597656,0.999997615814209,247.88449096679688,289.04766845703125,0.0069954791106283665
787,230.6255645751953,229.2644500732422,1.0,236.23341369628906,257.5417785644531,1.0,196.06895446777344,237.00942993164062,1.0,181.6110382080078,234.3028564453125,1.0,237.36941528320312,247.23805236816406,1.0,243.69613647460938,251.24847412109375,0.999998927116394,236.4429473876953,281.04290771484375,1.0,188.58840942382812,285.04150390625,0.9999977350234985,247.90383911132812,289.01226806640625,0.007280060555785894
788,230.52706909179688,229.44937133789062,1.0,236.14935302734375,257.63641357421875,1.0,196.33956909179688,236.95571899414062,1.0,181.589599609375,234.26370239257812,1.0,237.38209533691406,247.37600708007812,1.0,243.73704528808594,250.60739135742188,0.9999995231628418,236.4144744873047,280.9924621582031,1.0,188.67910766601562,285.20965576171875,0.9999985694885254,248.00518798828125,289.0001525878906,0.007897092960774899
789,230.38485717773438,229.4041748046875,1.0,236.1902618408203,257.7218933105469,1.0,196.33493041992188,236.89625549316406,1.0,181.72512817382812,234.3384246826172,1.0,237.39552307128906,247.40025329589844,1.0,243.81700134277344,251.29638671875,0.9999992847442627,236.58255004882812,281.0492858886719,1.0,188.43785095214844,285.1880187988281,0.9999986886978149,248.15199279785156,289.0824279785156,0.005658854264765978
790,230.0950927734375,229.5803985595703,1.0,236.21017456054688,257.70733642578125,1.0,196.4932098388672,236.98776245117188,1.0,181.60507202148438,234.43272399902344,1.0,237.37144470214844,247.4087677001953,1.0,243.6035919189453,251.4591827392578,0.9999996423721313,236.46604919433594,281.0744323730469,1.0,188.3514404296875,285.1897277832031,0.9999984502792358,247.8932647705078,289.095947265625,0.007296754978597164
791,230.09603881835938,229.4665985107422,1.0,236.1300811767578,257.6861267089844,1.0,196.58767700195312,236.89718627929688,1.0,181.56626892089844,234.30918884277344,1.0,237.3382568359375,247.44363403320312,1.0,243.603759765625,251.4036865234375,0.9999996423721313,236.52484130859375,281.090576171875,1.0,188.4935760498047,285.3161315917969,0.9999979734420776,248.05126953125,289.0736083984375,0.00648914510384202
792,230.57962036132812,229.73800659179688,1.0,236.35897827148438,257.6024475097656,1.0,196.99508666992188,236.6829376220703,1.0,181.974853515625,234.0529022216797,1.0,237.53829956054688,247.3181915283203,1.0,243.76181030273438,250.59774780273438,0.9999997615814209,235.80665588378906,281.3932800292969,1.0,188.88548278808594,285.32305908203125,0.999996542930603,247.80349731445312,288.8759765625,0.007456347346305847
793,230.77517700195312,229.69561767578125,1.0,236.56298828125,257.43475341796875,1.0,196.9796600341797,236.57492065429688,1.0,181.80648803710938,234.16395568847656,1.0,237.73960876464844,247.1728515625,1.0,243.92474365234375,251.198974609375,0.9999996423721313,236.6792755126953,280.9995422363281,1.0,188.95211791992188,285.3668518066406,0.999996542930603,247.88223266601562,288.9001770019531,0.005561524536460638
794,230.72055053710938,229.59600830078125,1.0,236.5745086669922,257.41162109375,1.0,196.96690368652344,236.59654235839844,1.0,181.72218322753906,234.01576232910156,1.0,237.76272583007812,247.08070373535156,1.0,243.9504852294922,251.17037963867188,0.9999996423721313,235.8872833251953,281.169921875,1.0,188.80821228027344,285.34716796875,0.9999955892562866,247.9219512939453,288.9184265136719,0.0046171704307198524
795,230.47024536132812,229.5480499267578,1.0,236.328857421875,257.4991455078125,1.0,196.30166625976562,236.42733764648438,1.0,181.48257446289062,233.84140014648438,1.0,237.60177612304688,247.17880249023438,1.0,243.7830047607422,251.14637756347656,0.9999997615814209,236.6283416748047,280.983642578125,1.0,188.70578002929688,285.3625183105469,0.9999966621398926,247.7128143310547,288.8570251464844,0.006765301804989576
796,228.2398223876953,228.81983947753906,1.0,234.48544311523438,257.1861572265625,1.0,192.4355010986328,237.14149475097656,1.0,179.42742919921875,234.2800750732422,1.0,236.31871032714844,247.21072387695312,1.0,243.3579864501953,250.3267059326172,0.9999998807907104,235.73951721191406,281.6272277832031,1.0,187.1903076171875,285.5542297363281,0.9999953508377075,248.44737243652344,288.5001220703125,0.05244060605764389
797,224.78485107421875,227.7521209716797,1.0,231.0228729248047,255.96221923828125,1.0,189.92347717285156,236.44102478027344,1.0,176.25057983398438,234.1927032470703,1.0,233.7779083251953,245.53273010253906,1.0,241.00840759277344,248.53172302246094,1.0,230.23849487304688,280.2812194824219,1.0,184.3716278076172,285.2373046875,0.9999897480010986,245.76266479492188,287.0245361328125,0.9279404878616333
798,222.94363403320312,227.89747619628906,1.0,228.9451141357422,255.19827270507812,1.0,187.49359130859375,236.57444763183594,1.0,174.3131561279297,233.9835662841797,1.0,232.04815673828125,245.16122436523438,1.0,239.87063598632812,248.1781005859375,1.0,228.27955627441406,279.91058349609375,1.0,183.1913299560547,285.6942443847656,0.9999853372573853,243.42686462402344,287.44647216796875,0.9995487332344055
799,219.55918884277344,226.97262573242188,1.0,225.59381103515625,254.8570098876953,1.0,184.45994567871094,236.016357421875,1.0,170.88145446777344,234.01072692871094,1.0,230.4864044189453,244.88734436035156,1.0,237.94259643554688,247.26724243164062,1.0,224.8190155029297,279.0723876953125,1.0,180.61927795410156,286.2188415527344,0.9999641180038452,240.4573974609375,287.7689514160156,0.9999911785125732
800,215.1185302734375,226.44798278808594,1.0,219.91549682617188,253.88914489746094,1.0,180.67694091796875,236.38388061523438,1.0,165.9529571533203,234.4039764404297,1.0,226.92274475097656,242.7406768798828,1.0,235.80665588378906,246.035400390625,1.0,220.11474609375,278.48675537109375,1.0,176.49459838867188,285.463623046875,0.999996542930603,237.10476684570312,287.14019775390625,0.9999998807907104
801,211.50791931152344,226.45860290527344,1.0,216.1307373046875,252.81802368164062,1.0,178.65731811523438,236.59608459472656,1.0,163.9909210205078,234.54270935058594,1.0,224.77044677734375,242.81381225585938,1.0,234.10382080078125,246.46966552734375,1.0,215.7982177734375,278.01458740234375,1.0,172.95741271972656,286.3230285644531,0.9999867677688599,234.76954650878906,286.5842590332031,0.9999998807907104
802,209.0125274658203,226.4686279296875,1.0,213.5572967529297,252.7480926513672,1.0,175.9267578125,236.35926818847656,1.0,162.07080078125,234.1659698486328,1.0,223.09725952148438,242.44805908203125,1.0,233.14952087402344,245.6778564453125,1.0,212.99298095703125,277.9151916503906,1.0,172.07395935058594,286.44256591796875,0.999995231628418,232.96527099609375,286.31439208984375,0.9999998807907104
803,208.10231018066406,225.35281372070312,1.0,211.57057189941406,252.66561889648438,1.0,174.72853088378906,236.29873657226562,1.0,160.56214904785156,233.71371459960938,1.0,222.54148864746094,242.23428344726562,1.0,232.78927612304688,245.4978790283203,1.0,210.3710174560547,277.5763244628906,1.0,170.48890686035156,286.2236328125,0.999997615814209,230.8151092529297,286.0069274902344,1.0
804,206.38861083984375,224.9527130126953,1.0,210.5944061279297,252.42422485351562,1.0,173.56295776367188,236.16754150390625,1.0,159.11907958984375,233.88645935058594,1.0,221.76919555664062,241.9691925048828,1.0,232.0931396484375,245.35702514648438,1.0,209.2737579345703,278.0284423828125,1.0,169.09632873535156,286.4874572753906,0.9999978542327881,229.30087280273438,286.1605529785156,1.0
805,205.99241638183594,225.16964721679688,1.0,209.91802978515625,251.67002868652344,1.0,173.01649475097656,236.13414001464844,1.0,158.09274291992188,233.57571411132812,1.0,221.50997924804688,241.96438598632812,1.0,231.8669891357422,245.23114013671875,1.0,208.77000427246094,277.4376525878906,1.0,168.2239227294922,286.44970703125,0.9999969005584717,228.6763153076172,285.9073486328125,1.0
806,205.0067138671875,225.08140563964844,1.0,209.045654296875,251.54331970214844,1.0,172.73562622070312,235.9782257080078,1.0,157.65560913085938,233.55194091796875,1.0,220.9081573486328,241.68258666992188,1.0,231.79122924804688,244.92413330078125,1.0,208.04495239257812,277.19769287109375,1.0,167.50794982910156,286.1102600097656,0.999997615814209,228.24354553222656,285.6732482910156,1.0
807,204.57229614257812,224.85110473632812,1.0,208.0953369140625,251.47544860839844,1.0,172.43650817871094,236.09140014648438,1.0,157.18997192382812,233.38687133789062,1.0,220.50926208496094,241.8121795654297,1.0,231.5574188232422,244.91714477539062,1.0,207.09228515625,276.9270324707031,1.0,167.2576904296875,285.99102783203125,0.9999958276748657,227.68759155273438,285.6062927246094,1.0
808,203.28004455566406,224.97459411621094,1.0,207.41226196289062,251.78895568847656,1.0,171.7628173828125,236.02569580078125,1.0,156.39871215820312,233.5316619873047,1.0,219.8997039794922,241.62098693847656,1.0,231.35897827148438,244.99856567382812,1.0,206.25869750976562,276.3600769042969,1.0,166.6032257080078,285.55780029296875,0.9999969005584717,227.04762268066406,285.70599365234375,1.0
809,203.13299560546875,224.29071044921875,1.0,207.17007446289062,251.744873046875,1.0,170.9375762939453,235.76034545898438,1.0,155.56016540527344,233.44532775878906,1.0,219.84417724609375,241.4688720703125,1.0,230.8357696533203,244.61285400390625,1.0,205.7554473876953,276.22991943359375,1.0,166.38397216796875,285.3011474609375,0.9999986886978149,226.2093963623047,285.79998779296875,1.0
810,202.9932861328125,223.92820739746094,1.0,206.77731323242188,251.75799560546875,1.0,170.59971618652344,235.35421752929688,1.0,155.33436584472656,233.6514129638672,1.0,219.58499145507812,241.25144958496094,1.0,230.49224853515625,244.36732482910156,1.0,205.3651580810547,275.98895263671875,1.0,166.2751007080078,285.3846740722656,0.9999985694885254,226.07559204101562,285.9070129394531,1.0
811,202.636962890625,224.33546447753906,1.0,206.3852996826172,251.52732849121094,1.0,170.60865783691406,235.49224853515625,1.0,155.09219360351562,233.7137451171875,1.0,219.30612182617188,241.00546264648438,1.0,230.38272094726562,243.91238403320312,1.0,205.08143615722656,275.8161926269531,1.0,165.62709045410156,284.99169921875,0.9999995231628418,226.0258331298828,285.9432373046875,1.0
812,202.17808532714844,223.59681701660156,1.0,206.26800537109375,251.31509399414062,1.0,170.56515502929688,235.14920043945312,1.0,154.96214294433594,233.4058074951172,1.0,219.1721649169922,240.85025024414062,1.0,230.17648315429688,243.67227172851562,1.0,204.9210662841797,275.767822265625,1.0,165.73867797851562,284.99853515625,0.9999994039535522,225.975341796875,285.8379821777344,1.0
813,201.8449249267578,223.258056640625,1.0,205.9824981689453,251.37718200683594,1.0,170.6056365966797,235.27890014648438,1.0,154.81723022460938,233.2720489501953,1.0,219.08380126953125,240.78274536132812,1.0,229.957275390625,243.52146911621094,1.0,204.64248657226562,275.92083740234375,1.0,165.3963165283203,284.82647705078125,0.9999995231628418,225.77096557617188,285.8902893066406,1.0
814,201.55032348632812,223.262939453125,1.0,205.38711547851562,251.53916931152344,1.0,170.25486755371094,235.349609375,1.0,154.57530212402344,233.03750610351562,1.0,218.88043212890625,240.8385772705078,1.0,229.60476684570312,243.3903350830078,1.0,204.06362915039062,276.06689453125,1.0,165.15289306640625,284.82525634765625,0.9999995231628418,225.4640655517578,285.9647216796875,1.0
815,201.31703186035156,223.06057739257812,1.0,205.11415100097656,251.1647186279297,1.0,170.0618438720703,235.1307830810547,1.0,154.2982177734375,232.8726806640625,1.0,218.6603546142578,240.5872039794922,1.0,229.46884155273438,243.4453582763672,1.0,204.0208282470703,275.9960021972656,1.0,165.45919799804688,284.8144226074219,0.9999994039535522,225.35951232910156,285.9119873046875,1.0
816,201.71949768066406,222.44134521484375,1.0,205.18418884277344,250.67913818359375,1.0,170.31375122070312,234.07037353515625,1.0,154.3621368408203,232.3121337890625,1.0,218.61265563964844,240.32733154296875,1.0,229.1004180908203,243.24827575683594,1.0,203.7890625,275.577392578125,1.0,164.98448181152344,284.4472961425781,0.9999998807907104,224.99830627441406,285.76165771484375,1.0
817,201.95468139648438,221.84190368652344,1.0,205.00144958496094,249.6201629638672,1.0,169.58644104003906,233.44122314453125,1.0,154.27630615234375,232.2695770263672,1.0,218.35992431640625,239.92031860351562,1.0,228.7205810546875,243.22344970703125,1.0,203.83937072753906,275.43353271484375,1.0,164.76593017578125,284.49383544921875,0.9999997615814209,225.08969116210938,285.0372619628906,1.0
818,201.6608428955078,221.8292236328125,1.0,204.71176147460938,249.25392150878906,1.0,169.52870178222656,233.05502319335938,1.0,153.97274780273438,231.93038940429688,1.0,218.1028594970703,239.74195861816406,1.0,228.47616577148438,242.93727111816406,1.0,203.59716796875,275.2222595214844,1.0,164.59884643554688,284.2789001464844,0.9999998807907104,224.92555236816406,285.0125732421875,1.0
819,201.5487823486328,221.72520446777344,1.0,204.82603454589844,249.3359832763672,1.0,169.46615600585938,233.11837768554688,1.0,153.91195678710938,231.87120056152344,1.0,218.16970825195312,239.65475463867188,1.0,228.69810485839844,242.95132446289062,1.0,203.5258331298828,275.0946044921875,1.0,164.78314208984375,284.18511962890625,0.9999998807907104,224.6022491455078,284.7648620605469,1.0
820,201.4151153564453,221.48248291015625,1.0,204.9766082763672,249.2396240234375,1.0,169.28057861328125,233.07608032226562,1.0,153.79953002929688,231.92974853515625,1.0,218.15774536132812,239.2858428955078,1.0,228.5515594482422,242.75343322753906,1.0,203.5922088623047,274.95892333984375,1.0,164.6474609375,284.1028747558594,0.9999998807907104,224.72189331054688,284.7935485839844,1.0
821,201.46786499023438,221.59535217285156,1.0,205.00613403320312,249.48696899414062,1.0,169.60818481445312,233.00254821777344,1.0,153.83099365234375,231.8896942138672,1.0,218.08175659179688,239.48611450195312,1.0,228.52960205078125,242.60769653320312,1.0,203.6552734375,274.92791748046875,1.0,164.49118041992188,284.06011962890625,0.9999998807907104,224.55776977539062,284.81085205078125,1.0
822,201.41159057617188,221.71278381347656,1.0,205.12017822265625,249.29193115234375,1.0,169.54063415527344,233.17845153808594,1.0,153.86187744140625,232.0257110595703,1.0,218.18675231933594,239.3852081298828,1.0,228.6805419921875,242.60987854003906,1.0,203.7174072265625,274.9241027832031,1.0,164.5703887939453,284.0439453125,0.9999998807907104,224.63890075683594,284.91259765625,1.0
823,201.51939392089844,221.68115234375,1.0,205.1277618408203,249.4026641845703,1.0,169.52406311035156,233.29071044921875,1.0,153.87350463867188,232.01644897460938,1.0,218.05303955078125,239.28726196289062,1.0,228.50970458984375,242.44314575195312,1.0,203.73837280273438,274.8710021972656,1.0,164.58950805664062,283.9583435058594,0.9999998807907104,224.56459045410156,284.8915710449219,1.0
824,201.5696258544922,221.7979736328125,1.0,205.12326049804688,249.53514099121094,1.0,169.5154266357422,233.51243591308594,1.0,153.8728485107422,232.13040161132812,1.0,218.06954956054688,239.32821655273438,1.0,228.48150634765625,242.44271850585938,1.0,203.8872833251953,274.8028869628906,1.0,164.7404327392578,284.2269287109375,0.9999998807907104,224.92079162597656,284.7437744140625,1.0
825,201.79615783691406,221.60633850097656,1.0,205.1607666015625,249.91436767578125,1.0,169.7178497314453,233.7038116455078,1.0,153.98699951171875,232.21783447265625,1.0,218.1270751953125,239.31204223632812,1.0,228.57984924316406,242.39210510253906,1.0,204.01312255859375,274.5516357421875,1.0,164.85604858398438,284.1690979003906,0.9999998807907104,225.2122344970703,284.7672424316406,1.0
826,201.9762725830078,221.72503662109375,1.0,205.42288208007812,250.0406036376953,1.0,170.0518035888672,233.6530303955078,1.0,153.7901153564453,232.1184539794922,1.0,218.2803192138672,239.32797241210938,1.0,228.80711364746094,242.15548706054688,1.0,204.29049682617188,274.82708740234375,1.0,165.13087463378906,284.1657409667969,0.9999998807907104,225.8125,285.3603515625,1.0
827,202.40928649902344,221.8291473388672,1.0,205.6356201171875,249.9509735107422,1.0,170.36033630371094,233.718505859375,1.0,154.06175231933594,232.0657196044922,1.0,218.446533203125,239.33291625976562,1.0,228.70858764648438,242.0118408203125,1.0,204.47218322753906,274.6064147949219,1.0,165.3711700439453,283.83489990234375,0.9999998807907104,225.86993408203125,284.9996643066406,1.0
828,202.4755401611328,221.75563049316406,1.0,205.8261260986328,249.59295654296875,1.0,170.50942993164062,233.6281280517578,1.0,154.3182830810547,232.2759552001953,1.0,218.46157836914062,239.3459014892578,1.0,228.7434844970703,241.99745178222656,1.0,204.76580810546875,274.4308166503906,1.0,165.7300567626953,284.3570556640625,0.9999998807907104,226.16134643554688,285.1103515625,1.0
829,202.62815856933594,221.9027099609375,1.0,205.8427734375,249.57041931152344,1.0,170.72134399414062,233.68612670898438,1.0,154.834716796875,232.1085205078125,1.0,218.4242401123047,239.3896942138672,1.0,228.7233123779297,242.0586700439453,1.0,204.67079162597656,274.3446044921875,1.0,165.7971954345703,284.4033508300781,0.9999998807907104,226.1569061279297,285.2763671875,1.0
830,202.88597106933594,222.14793395996094,1.0,205.84454345703125,249.88270568847656,1.0,171.40451049804688,233.78384399414062,1.0,155.2169952392578,232.15635681152344,1.0,218.6292724609375,239.7386474609375,1.0,229.0504150390625,241.99371337890625,1.0,204.68215942382812,274.3827209472656,1.0,165.75079345703125,284.1628723144531,0.9999998807907104,226.32730102539062,285.3290710449219,1.0
831,202.95895385742188,222.34388732910156,1.0,206.08250427246094,250.0133819580078,1.0,171.39796447753906,233.86875915527344,1.0,155.2550048828125,231.94247436523438,1.0,219.09088134765625,239.78805541992188,1.0,229.39170837402344,241.99542236328125,1.0,204.73182678222656,274.6481628417969,1.0,165.58395385742188,284.0343017578125,0.9999998807907104,226.2919464111328,285.334228515625,1.0
832,203.14328002929688,222.10972595214844,1.0,206.284912109375,250.29470825195312,1.0,171.67489624023438,233.87339782714844,1.0,155.3841552734375,231.9866485595703,1.0,219.20843505859375,239.8015899658203,1.0,229.56150817871094,242.04559326171875,1.0,204.89633178710938,274.8797607421875,1.0,165.50863647460938,284.16302490234375,0.9999998807907104,226.3489990234375,285.3614196777344,1.0
833,203.2917938232422,222.2086944580078,1.0,206.33836364746094,250.4047393798828,1.0,171.91220092773438,234.03407287597656,1.0,156.17376708984375,231.79710388183594,1.0,219.24781799316406,239.97421264648438,1.0,229.68824768066406,242.21351623535156,1.0,204.80438232421875,274.8668212890625,1.0,165.4155731201172,283.9495544433594,0.9999998807907104,226.33631896972656,285.4279479980469,1.0
834,203.7813720703125,222.5023956298828,1.0,206.5267333984375,250.1985321044922,1.0,172.0779571533203,233.9300079345703,1.0,156.69529724121094,231.48643493652344,1.0,219.48287963867188,239.9757843017578,1.0,230.1321563720703,242.29440307617188,1.0,204.95680236816406,274.65966796875,1.0,165.3119354248047,283.8390808105469,0.9999998807907104,226.425537109375,285.3626708984375,1.0
835,203.76719665527344,222.20822143554688,1.0,206.38584899902344,250.03018188476562,1.0,172.2291717529297,233.42324829101562,1.0,156.410888671875,231.1564178466797,1.0,219.644775390625,239.9810333251953,1.0,230.48594665527344,242.55995178222656,1.0,204.7915802001953,274.8091735839844,1.0,165.07168579101562,283.7502746582031,0.9999998807907104,226.301513671875,285.57696533203125,1.0
836,204.00283813476562,221.98672485351562,1.0,206.38804626464844,250.20993041992188,1.0,172.407470703125,233.3416748046875,1.0,156.8121337890625,231.19451904296875,1.0,219.73184204101562,240.1102752685547,1.0,230.5645294189453,242.8603515625,1.0,204.83242797851562,274.8228454589844,1.0,165.17315673828125,283.5854187011719,0.9999998807907104,226.175537109375,285.59039306640625,1.0
837,204.17758178710938,222.12445068359375,1.0,206.46092224121094,250.3092041015625,1.0,172.4910430908203,233.1792449951172,1.0,157.0225830078125,231.0309295654297,1.0,219.92274475097656,240.1841278076172,1.0,230.77098083496094,242.95025634765625,1.0,204.7987518310547,274.83172607421875,1.0,165.0618133544922,283.302978515625,0.9999998807907104,226.20001220703125,285.6434326171875,1.0
838,204.2625274658203,222.064453125,1.0,206.6882781982422,250.0986328125,1.0,172.6074676513672,233.00933837890625,1.0,157.056884765625,230.9763946533203,1.0,220.07379150390625,240.1405029296875,1.0,230.70980834960938,242.75999450683594,1.0,204.9171905517578,275.01763916015625,1.0,165.1504669189453,283.2634582519531,1.0,226.32925415039062,285.7596740722656,1.0
839,204.21044921875,221.7480010986328,1.0,206.80517578125,250.001953125,1.0,172.6988983154297,232.9785919189453,1.0,157.2354278564453,230.90948486328125,1.0,220.2935028076172,240.11854553222656,1.0,230.94036865234375,243.00167846679688,1.0,204.79641723632812,275.0469970703125,1.0,165.0872039794922,283.1221923828125,1.0,226.13258361816406,285.8086242675781,1.0
840,204.76658630371094,221.80421447753906,1.0,206.9036407470703,249.9202423095703,1.0,172.9661102294922,232.40138244628906,1.0,157.2251739501953,230.70448303222656,1.0,220.36766052246094,240.1027374267578,1.0,231.24951171875,243.4643096923828,1.0,204.9792938232422,274.6471862792969,1.0,165.1055908203125,283.2649841308594,1.0,226.2611083984375,285.284912109375,1.0
841,204.8577423095703,221.57647705078125,1.0,207.12026977539062,250.11680603027344,1.0,172.90997314453125,232.419189453125,1.0,157.2694854736328,230.53025817871094,1.0,220.46401977539062,240.1670684814453,1.0,231.24801635742188,243.3511505126953,1.0,204.8448944091797,274.3677673339844,1.0,165.09561157226562,282.9611511230469,1.0,226.263671875,285.20404052734375,1.0
842,205.0362091064453,221.4981689453125,1.0,207.0766143798828,250.35621643066406,1.0,173.0658721923828,232.4179229736328,1.0,157.40235900878906,230.40444946289062,1.0,220.650146484375,240.22073364257812,1.0,231.3705291748047,243.35595703125,1.0,204.6171417236328,274.6483459472656,1.0,165.20077514648438,282.6796569824219,1.0,226.03256225585938,285.5285949707031,1.0
843,205.438232421875,221.43495178222656,1.0,206.9817352294922,250.28353881835938,1.0,173.34703063964844,232.40823364257812,1.0,157.57830810546875,229.80137634277344,1.0,220.86624145507812,240.2971954345703,1.0,231.5989532470703,243.83529663085938,1.0,204.18719482421875,274.4580078125,1.0,164.96263122558594,282.4810791015625,1.0,225.4744873046875,285.5828552246094,1.0
844,205.42848205566406,221.38916015625,1.0,206.96145629882812,250.42544555664062,1.0,173.1313018798828,232.2704315185547,1.0,157.6584930419922,229.60850524902344,1.0,220.80661010742188,240.49896240234375,1.0,231.57203674316406,243.90354919433594,1.0,204.02047729492188,274.8086242675781,1.0,164.23648071289062,281.962158203125,1.0,224.89524841308594,285.4683837890625,1.0
845,205.475830078125,221.31861877441406,1.0,206.8960723876953,250.3942108154297,1.0,173.09786987304688,232.0945587158203,1.0,157.85360717773438,229.33653259277344,1.0,220.8413543701172,240.52325439453125,1.0,231.7369842529297,243.9309539794922,1.0,203.7713165283203,274.73016357421875,1.0,163.97816467285156,281.68292236328125,1.0,224.96603393554688,285.6298828125,1.0
846,205.3455352783203,221.44790649414062,1.0,206.71633911132812,250.24102783203125,1.0,173.1194305419922,232.0410919189453,1.0,157.9107208251953,229.3863067626953,1.0,220.85804748535156,240.4144744873047,1.0,231.85272216796875,243.93894958496094,1.0,203.49937438964844,274.7465515136719,1.0,163.72991943359375,281.8629150390625,1.0,224.76422119140625,285.6366882324219,1.0
847,205.2372589111328,221.44952392578125,1.0,206.42242431640625,249.85330200195312,1.0,172.9835968017578,232.00770568847656,1.0,157.9801025390625,229.10189819335938,1.0,220.7871856689453,240.4170379638672,1.0,231.79991149902344,243.9798583984375,1.0,203.14105224609375,274.32574462890625,1.0,163.06854248046875,281.331298828125,1.0,224.62176513671875,285.8145751953125,1.0
848,205.13278198242188,221.6852264404297,1.0,205.424560546875,249.8692626953125,1.0,172.4862823486328,231.9033966064453,1.0,157.0939178466797,229.4715118408203,1.0,220.5432891845703,240.5398712158203,1.0,231.7159881591797,244.13833618164062,1.0,201.27980041503906,274.2240295410156,1.0,161.24356079101562,281.16241455078125,1.0,223.84054565429688,286.0904235839844,1.0
849,204.93911743164062,221.68997192382812,1.0,204.64784240722656,249.8557891845703,1.0,172.73707580566406,231.52163696289062,1.0,156.43307495117188,228.55996704101562,1.0,220.37631225585938,240.56460571289062,1.0,231.9127197265625,244.4285888671875,1.0,200.4214630126953,273.6494445800781,1.0,160.57737731933594,280.6139221191406,1.0,223.35890197753906,285.89080810546875,1.0
850,204.9808349609375,221.68116760253906,1.0,204.36550903320312,249.86009216308594,1.0,172.5530242919922,231.44436645507812,1.0,156.6146240234375,228.72056579589844,1.0,220.3502960205078,240.61268615722656,1.0,231.7211151123047,244.42437744140625,1.0,200.14019775390625,273.63385009765625,1.0,160.4262237548828,280.5832824707031,1.0,223.34481811523438,286.1508483886719,1.0
851,204.91368103027344,221.78128051757812,1.0,204.0038299560547,250.34934997558594,1.0,172.42886352539062,231.38975524902344,1.0,156.46588134765625,228.6255645751953,1.0,220.31344604492188,240.7455291748047,1.0,231.84288024902344,244.43600463867188,1.0,199.94151306152344,273.70343017578125,1.0,160.28330993652344,280.58953857421875,1.0,223.43850708007812,286.11767578125,1.0
852,204.498046875,221.4786834716797,1.0,203.6248321533203,250.05001831054688,1.0,172.4235076904297,231.498779296875,1.0,156.09078979492188,228.7112274169922,1.0,220.34548950195312,240.75022888183594,1.0,231.7159423828125,244.37274169921875,1.0,199.4239501953125,274.3319396972656,1.0,160.38937377929688,280.7131042480469,1.0,223.1918182373047,285.7861328125,1.0
853,204.669677734375,221.36851501464844,1.0,203.80593872070312,250.08621215820312,1.0,172.48211669921875,231.35606384277344,1.0,156.2890167236328,228.54803466796875,1.0,220.51832580566406,240.87762451171875,1.0,231.8704071044922,244.54660034179688,1.0,199.56076049804688,274.5830993652344,1.0,160.04647827148438,280.56036376953125,1.0,223.340087890625,285.97607421875,1.0
854,204.57916259765625,221.44908142089844,1.0,203.7524871826172,250.1937713623047,1.0,172.57774353027344,231.32647705078125,1.0,156.26222229003906,228.49671936035156,1.0,220.46078491210938,240.8731231689453,1.0,231.80148315429688,244.80197143554688,1.0,199.5092010498047,274.4700622558594,1.0,160.1924285888672,280.6288146972656,1.0,223.4822235107422,286.002197265625,1.0
855,204.10752868652344,221.55368041992188,1.0,203.38499450683594,250.32025146484375,1.0,172.1555633544922,230.9807891845703,1.0,156.02964782714844,228.5019073486328,1.0,220.33216857910156,240.88327026367188,1.0,231.7091827392578,244.6494598388672,1.0,198.83241271972656,274.619873046875,1.0,159.86521911621094,280.3202209472656,1.0,222.9004364013672,285.8741149902344,1.0
856,204.07615661621094,221.39219665527344,1.0,203.3023681640625,250.12049865722656,1.0,171.7606201171875,230.54945373535156,1.0,155.76239013671875,228.11439514160156,1.0,220.1629180908203,240.7814483642578,1.0,231.6103973388672,244.67437744140625,1.0,198.62677001953125,274.4575500488281,1.0,159.63583374023438,280.04327392578125,1.0,222.3151092529297,285.9166564941406,1.0
857,204.07916259765625,221.19363403320312,1.0,202.9833526611328,249.97647094726562,1.0,171.77943420410156,229.93324279785156,1.0,155.49725341796875,227.51844787597656,1.0,220.04269409179688,240.81398010253906,1.0,231.3209228515625,244.76675415039062,1.0,198.26084899902344,274.176025390625,1.0,159.31040954589844,279.7267761230469,1.0,221.62693786621094,285.72528076171875,1.0
858,203.82809448242188,221.4215850830078,1.0,202.7694854736328,250.1665802001953,1.0,171.52340698242188,230.06533813476562,1.0,154.64605712890625,227.68951416015625,1.0,220.10935974121094,240.8794403076172,1.0,231.32984924316406,244.87161254882812,1.0,198.01406860351562,273.9744567871094,1.0,159.13113403320312,279.40447998046875,1.0,221.4507598876953,285.65093994140625,1.0
859,203.57696533203125,221.1696319580078,1.0,202.20042419433594,249.56570434570312,1.0,171.38414001464844,229.7607879638672,1.0,154.62867736816406,227.00448608398438,1.0,219.90122985839844,240.6564483642578,1.0,231.11671447753906,244.84832763671875,1.0,197.6138458251953,273.2637634277344,1.0,158.37452697753906,279.2747497558594,1.0,220.4971923828125,285.0987243652344,1.0
860,202.8599090576172,220.2535858154297,1.0,201.6227569580078,249.07296752929688,1.0,170.8596649169922,229.74661254882812,1.0,154.27279663085938,226.97134399414062,1.0,219.63783264160156,240.4973602294922,1.0,231.00010681152344,244.67556762695312,1.0,196.5703582763672,273.0144958496094,1.0,157.77565002441406,278.9330749511719,1.0,219.5802764892578,284.8686218261719,1.0
861,202.45388793945312,219.520263671875,1.0,201.08306884765625,248.94418334960938,1.0,170.4042510986328,229.5822296142578,1.0,153.84521484375,226.88232421875,1.0,218.6861114501953,240.18728637695312,1.0,230.15721130371094,244.08921813964844,1.0,195.97598266601562,272.7879638671875,1.0,157.80731201171875,278.87408447265625,1.0,218.76748657226562,284.8151550292969,1.0
862,199.07705688476562,218.05084228515625,1.0,197.97352600097656,247.11160278320312,1.0,166.3850555419922,229.135986328125,1.0,150.9564971923828,226.20594787597656,1.0,216.2882080078125,238.29263305664062,1.0,227.24176025390625,242.1945037841797,1.0,191.70968627929688,271.2255859375,1.0,155.51644897460938,277.6632385253906,1.0,216.06082153320312,284.0086669921875,1.0
863,196.21083068847656,216.34671020507812,1.0,193.83383178710938,244.9187469482422,1.0,164.25306701660156,228.0793914794922,1.0,148.14471435546875,225.00755310058594,1.0,212.83773803710938,237.19277954101562,1.0,224.33216857910156,240.96945190429688,1.0,189.34512329101562,269.197265625,1.0,152.9988250732422,275.5997009277344,1.0,213.32859802246094,283.22296142578125,1.0
864,193.8246612548828,216.35655212402344,1.0,192.5596923828125,244.14312744140625,1.0,162.277099609375,227.5127716064453,1.0,146.75381469726562,225.1042938232422,1.0,210.75152587890625,236.61598205566406,1.0,223.16400146484375,240.69924926757812,1.0,187.97496032714844,268.29840087890625,1.0,151.26925659179688,275.643310546875,1.0,211.57882690429688,282.9708557128906,1.0
865,192.74847412109375,215.38388061523438,1.0,190.94586181640625,242.87648010253906,1.0,161.11129760742188,227.12191772460938,1.0,145.41419982910156,224.61578369140625,1.0,210.08761596679688,235.94427490234375,1.0,222.6720428466797,240.0277557373047,1.0,185.98121643066406,267.9801025390625,1.0,150.3400421142578,275.09100341796875,1.0,210.01922607421875,282.3237609863281,1.0
866,191.8783416748047,215.14633178710938,1.0,189.92288208007812,242.53565979003906,1.0,160.61541748046875,227.30604553222656,1.0,145.34483337402344,224.6878204345703,1.0,209.6009979248047,236.25765991210938,1.0,222.1234588623047,239.495849609375,1.0,185.2250213623047,268.0835876464844,1.0,149.65130615234375,275.04888916015625,1.0,209.13241577148438,282.17486572265625,1.0
867,190.36119079589844,215.38894653320312,1.0,188.4328155517578,242.20037841796875,1.0,159.01397705078125,227.9482879638672,1.0,144.51071166992188,224.73443603515625,1.0,208.61068725585938,236.13877868652344,1.0,220.83541870117188,239.4824981689453,1.0,183.6649932861328,267.92657470703125,1.0,148.3992156982422,275.474365234375,1.0,207.80307006835938,282.2430725097656,1.0
868,186.28076171875,216.49102783203125,1.0,184.23951721191406,242.97203063964844,1.0,156.08409118652344,229.79541015625,1.0,141.42044067382812,226.98573303222656,1.0,205.62249755859375,236.51104736328125,1.0,218.26406860351562,239.46932983398438,1.0,181.07052612304688,268.1402893066406,1.0,146.10914611816406,276.7187194824219,1.0,206.10548400878906,281.62127685546875,1.0
869,183.06100463867188,216.2061004638672,1.0,180.52577209472656,242.83082580566406,1.0,152.79754638671875,229.06964111328125,1.0,139.34046936035156,227.11911010742188,1.0,202.46685791015625,235.33627319335938,1.0,216.043701171875,238.03179931640625,1.0,177.25741577148438,267.93572998046875,1.0,144.25022888183594,276.5432434082031,1.0,204.03221130371094,280.9202880859375,1.0
870,180.83734130859375,216.0590362548828,1.0,178.0107879638672,243.3631134033203,1.0,151.69134521484375,229.4173126220703,1.0,137.5909423828125,226.3865203857422,1.0,201.10614013671875,235.29299926757812,1.0,214.94171142578125,237.1553497314453,1.0,174.32861328125,268.1969909667969,1.0,142.11376953125,276.46710205078125,1.0,202.2089385986328,280.7576599121094,1.0
871,179.12351989746094,215.6527557373047,1.0,176.9324493408203,243.48948669433594,1.0,150.24459838867188,229.85951232910156,1.0,136.5553741455078,227.94908142089844,1.0,198.97903442382812,235.18545532226562,1.0,212.5443572998047,237.72483825683594,1.0,172.90614318847656,268.3798828125,1.0,139.93408203125,276.4614562988281,1.0,200.28111267089844,281.4562072753906,1.0
872,177.94651794433594,217.37432861328125,1.0,175.4871826171875,244.62193298339844,1.0,150.13197326660156,232.01014709472656,1.0,135.89804077148438,229.8421630859375,1.0,198.61329650878906,237.59471130371094,1.0,212.6837615966797,238.39976501464844,1.0,171.86131286621094,269.3084716796875,1.0,139.31607055664062,277.84033203125,1.0,199.24729919433594,282.7867736816406,1.0
873,178.3732452392578,220.1947784423828,1.0,175.39071655273438,247.2863311767578,1.0,151.2968292236328,233.6936798095703,1.0,136.1728057861328,231.52149963378906,1.0,199.38111877441406,239.3287353515625,1.0,213.31222534179688,239.81170654296875,1.0,171.9969024658203,271.9560241699219,1.0,139.6918182373047,279.84075927734375,1.0,200.04373168945312,283.978271484375,1.0
874,178.2625732421875,220.60272216796875,1.0,175.5867156982422,248.2975616455078,1.0,151.25741577148438,234.6846160888672,1.0,136.39492797851562,231.4961700439453,1.0,198.72418212890625,240.29513549804688,1.0,213.44482421875,240.01870727539062,1.0,172.05487060546875,272.8765869140625,1.0,139.30470275878906,280.1407165527344,1.0,200.83920288085938,283.69622802734375,1.0
875,178.60226440429688,220.77674865722656,1.0,175.717041015625,248.5763702392578,1.0,151.1861572265625,234.77719116210938,1.0,136.544921875,231.54476928710938,1.0,198.99172973632812,240.4573211669922,1.0,213.54759216308594,240.261474609375,1.0,172.13890075683594,272.7491760253906,1.0,139.18661499023438,280.3231201171875,1.0,201.04257202148438,283.93048095703125,1.0
876,178.33889770507812,221.08615112304688,1.0,175.673828125,248.3465118408203,1.0,150.99583435058594,234.7818603515625,1.0,136.29478454589844,231.69039916992188,1.0,198.7836151123047,240.43202209472656,1.0,213.70347595214844,240.3280487060547,1.0,171.84780883789062,272.677001953125,1.0,139.30474853515625,279.98089599609375,1.0,201.19589233398438,284.21893310546875,1.0
877,177.47390747070312,221.2607879638672,1.0,175.3484344482422,248.75494384765625,1.0,150.19705200195312,235.48887634277344,1.0,135.61671447753906,231.62875366210938,1.0,198.1405792236328,240.74456787109375,1.0,213.30398559570312,240.2457275390625,1.0,171.84622192382812,272.747802734375,1.0,139.19554138183594,280.63482666015625,1.0,201.34629821777344,284.1505126953125,1.0
878,176.85145568847656,221.4130859375,1.0,174.70030212402344,249.05039978027344,1.0,149.2954864501953,235.53591918945312,1.0,135.0847930908203,231.758544921875,1.0,197.4998779296875,241.16148376464844,1.0,212.30397033691406,240.60157775878906,1.0,171.12847900390625,273.3705139160156,1.0,137.56019592285156,281.0700378417969,1.0,200.34848022460938,284.6678771972656,1.0
879,175.73048400878906,221.43455505371094,1.0,173.6942901611328,248.5005645751953,1.0,148.4359588623047,235.80471801757812,1.0,134.05287170410156,231.899658203125,1.0,196.36985778808594,240.90151977539062,1.0,210.9840087890625,240.0796661376953,1.0,170.33139038085938,273.83917236328125,1.0,136.9481964111328,281.3504638671875,1.0,199.330810546875,284.7044677734375,1.0
880,174.68133544921875,221.29820251464844,1.0,172.6195831298828,249.24359130859375,1.0,147.7289276123047,235.96180725097656,1.0,133.1374053955078,231.80996704101562,1.0,195.45997619628906,240.7166748046875,1.0,210.85423278808594,239.9303436279297,1.0,169.710205078125,273.85211181640625,1.0,136.6658172607422,281.573974609375,1.0,198.71435546875,284.6361999511719,1.0
881,173.79446411132812,221.56716918945312,1.0,171.97352600097656,249.11021423339844,1.0,146.97140502929688,236.0008544921875,1.0,132.83871459960938,231.7871551513672,1.0,195.03189086914062,240.1405029296875,1.0,210.31890869140625,239.27455139160156,1.0,169.0518341064453,273.9224853515625,1.0,136.56105041503906,281.7017517089844,1.0,198.7225341796875,284.6462707519531,1.0
882,170.08273315429688,220.7935333251953,1.0,167.63540649414062,247.71070861816406,1.0,142.51820373535156,233.56748962402344,1.0,129.5970916748047,231.60882568359375,1.0,191.54342651367188,236.90306091308594,1.0,206.86207580566406,237.1962890625,1.0,165.69253540039062,273.32379150390625,1.0,134.47030639648438,281.25506591796875,1.0,195.7918701171875,283.6621398925781,1.0
883,164.32833862304688,218.79458618164062,1.0,161.04702758789062,247.2022247314453,1.0,138.11529541015625,232.81382751464844,1.0,125.51607513427734,231.34181213378906,1.0,186.49342346191406,235.4328155517578,1.0,201.60125732421875,235.7598114013672,1.0,158.271728515625,272.73858642578125,1.0,129.04928588867188,280.4800109863281,1.0,191.0286102294922,282.6275329589844,1.0
884,161.83316040039062,217.84197998046875,1.0,157.48866271972656,247.24365234375,1.0,135.87713623046875,232.83120727539062,1.0,122.94303894042969,231.43081665039062,1.0,184.2012939453125,235.1048583984375,1.0,199.4209442138672,235.3376007080078,1.0,154.95889282226562,272.3297424316406,1.0,126.12213134765625,280.0630798339844,1.0,188.6847686767578,282.2147216796875,1.0
885,158.68692016601562,217.14454650878906,1.0,154.0592041015625,246.91493225097656,1.0,133.23599243164062,233.0863800048828,1.0,120.24787902832031,232.37652587890625,1.0,180.96112060546875,234.64508056640625,1.0,197.03521728515625,234.7064666748047,1.0,152.10076904296875,271.5694885253906,1.0,123.74324798583984,280.5823974609375,1.0,186.6586151123047,281.636474609375,1.0
886,152.70504760742188,216.88333129882812,1.0,147.1766357421875,246.9356689453125,1.0,128.7156524658203,233.37982177734375,1.0,117.16759490966797,231.39414978027344,1.0,176.41139221191406,233.6566162109375,1.0,191.98985290527344,233.85693359375,1.0,146.12249755859375,271.34033203125,1.0,120.39844512939453,279.86279296875,1.0,181.83792114257812,280.43023681640625,1.0
887,149.35531616210938,216.24485778808594,1.0,142.8804931640625,246.6398162841797,1.0,126.1781997680664,232.99005126953125,1.0,114.6558609008789,231.90005493164062,1.0,174.20883178710938,233.2139892578125,1.0,189.7968292236328,233.21487426757812,1.0,141.59625244140625,271.20550537109375,1.0,117.11431884765625,280.419921875,1.0,179.09188842773438,279.998046875,1.0
888,147.18751525878906,215.8759307861328,1.0,139.59400939941406,247.1409912109375,1.0,124.5589599609375,232.89389038085938,1.0,112.49745178222656,232.42422485351562,1.0,171.73049926757812,232.93223571777344,1.0,187.24095153808594,232.27474975585938,1.0,139.15512084960938,271.4964294433594,1.0,114.67948913574219,281.0335388183594,1.0,177.26747131347656,279.8204040527344,1.0
889,144.90478515625,216.21209716796875,1.0,136.8467254638672,247.41175842285156,1.0,123.37537384033203,232.849365234375,1.0,111.36003112792969,232.08399963378906,1.0,169.7494354248047,233.1959686279297,1.0,185.22262573242188,232.16925048828125,1.0,135.2254638671875,269.7875061035156,1.0,112.03890228271484,280.4041748046875,1.0,174.77716064453125,278.55218505859375,1.0
890,143.50155639648438,216.01605224609375,1.0,134.52517700195312,247.89280700683594,1.0,122.53581237792969,233.0201873779297,1.0,110.36737823486328,232.59066772460938,1.0,167.88006591796875,233.3068084716797,1.0,183.99012756347656,232.38699340820312,1.0,132.61996459960938,270.0118713378906,1.0,110.52159881591797,280.8670959472656,1.0,173.4738311767578,278.4768981933594,1.0
891,142.63543701171875,216.11073303222656,1.0,133.02134704589844,248.30740356445312,1.0,122.00883483886719,233.22235107421875,1.0,109.75871276855469,232.66773986816406,1.0,166.8810272216797,233.38816833496094,1.0,182.4949188232422,232.0775604248047,1.0,130.87570190429688,270.2751770019531,1.0,109.14436340332031,281.2983703613281,1.0,172.05052185058594,278.3572082519531,1.0
892,141.5538787841797,216.5282745361328,1.0,131.84327697753906,248.9226837158203,1.0,121.13514709472656,233.23028564453125,1.0,108.80778503417969,232.7291717529297,1.0,165.7427520751953,233.52891540527344,1.0,181.85919189453125,232.4026641845703,1.0,129.45217895507812,271.01776123046875,1.0,107.68101501464844,280.8867492675781,1.0,170.50523376464844,278.53753662109375,1.0
893,140.531494140625,216.26455688476562,1.0,130.67459106445312,249.02264404296875,1.0,120.42259979248047,233.30322265625,1.0,108.60517883300781,232.30322265625,1.0,164.9752960205078,233.3944091796875,1.0,181.0603790283203,232.24566650390625,1.0,128.6280517578125,271.3160705566406,1.0,107.26581573486328,281.17645263671875,1.0,169.21194458007812,278.9285583496094,1.0
894,139.32237243652344,216.34176635742188,1.0,129.77281188964844,248.6756591796875,1.0,119.4162826538086,233.5382843017578,1.0,108.45152282714844,232.23876953125,1.0,163.8392333984375,232.82809448242188,1.0,180.31398010253906,232.02145385742188,1.0,127.90668487548828,271.4596252441406,1.0,106.76313781738281,281.2389221191406,1.0,169.50054931640625,278.58599853515625,1.0
895,138.75790405273438,216.58265686035156,1.0,129.2900390625,248.42991638183594,1.0,119.09020233154297,233.70504760742188,1.0,107.71886444091797,232.44375610351562,1.0,163.7571563720703,232.80075073242188,1.0,180.2257537841797,232.16522216796875,1.0,127.39908599853516,271.2318420410156,1.0,106.46630859375,280.93865966796875,1.0,169.50436401367188,278.475830078125,1.0
896,138.39622497558594,216.66827392578125,1.0,129.09967041015625,248.5162353515625,1.0,119.11153411865234,233.75779724121094,1.0,107.57612609863281,232.5805206298828,1.0,163.7256622314453,232.62208557128906,1.0,180.31480407714844,231.9627685546875,1.0,127.61641693115234,271.3757629394531,1.0,106.2977066040039,281.0926208496094,1.0,169.35238647460938,278.3614501953125,1.0
897,138.3805694580078,216.95703125,1.0,129.18075561523438,248.7283477783203,1.0,119.19007110595703,233.78819274902344,1.0,107.49891662597656,232.67660522460938,1.0,163.49880981445312,232.94361877441406,1.0,179.99742126464844,231.93365478515625,1.0,127.41249084472656,271.427490234375,1.0,106.3420639038086,281.1558837890625,1.0,169.291015625,278.53570556640625,1.0
898,138.30105590820312,216.94361877441406,1.0,129.24835205078125,248.78199768066406,1.0,119.09745025634766,233.6943817138672,1.0,107.33184051513672,232.73114013671875,1.0,163.57293701171875,232.9049530029297,1.0,180.10914611816406,231.9375,1.0,127.50929260253906,271.48944091796875,1.0,106.2712631225586,281.23138427734375,1.0,169.18966674804688,278.482421875,1.0
899,138.31385803222656,216.88140869140625,1.0,129.32749938964844,248.76112365722656,1.0,118.9194107055664,233.72549438476562,1.0,107.17594146728516,232.6728515625,1.0,163.54136657714844,232.88507080078125,1.0,180.00601196289062,232.06875610351562,1.0,127.37419891357422,271.5676574707031,1.0,106.21597290039062,281.2499084472656,1.0,169.39451599121094,278.4316101074219,1.0
900,138.26280212402344,216.9258575439453,1.0,129.07470703125,248.6488494873047,1.0,118.95691680908203,233.8054962158203,1.0,107.10743713378906,232.67697143554688,1.0,163.5924835205078,233.01646423339844,1.0,180.14935302734375,232.14923095703125,1.0,127.10923767089844,271.2286682128906,1.0,106.19529724121094,281.2152099609375,1.0,169.04811096191406,278.7748718261719,1.0
901,138.0552215576172,216.8861541748047,1.0,128.85003662109375,248.3995819091797,1.0,118.9836196899414,233.9371337890625,1.0,107.00657653808594,232.87286376953125,1.0,163.55288696289062,232.9615936279297,1.0,180.1122589111328,232.11837768554688,1.0,127.16828918457031,271.1294250488281,1.0,106.22753143310547,281.3363342285156,1.0,169.08642578125,278.8506774902344,1.0
902,138.06842041015625,216.99099731445312,1.0,128.97386169433594,248.4676055908203,1.0,118.98027801513672,233.93577575683594,1.0,106.95966339111328,232.9107666015625,1.0,163.558837890625,233.12147521972656,1.0,180.16705322265625,232.14285278320312,1.0,127.3113784790039,271.10028076171875,1.0,106.25306701660156,281.3517761230469,1.0,169.03404235839844,278.9634094238281,1.0
903,138.04161071777344,217.15675354003906,1.0,129.07386779785156,248.49020385742188,1.0,118.94121551513672,233.89492797851562,1.0,106.85709381103516,232.89071655273438,1.0,163.49493408203125,233.1719970703125,1.0,180.31192016601562,232.23428344726562,1.0,127.07492065429688,271.1041259765625,1.0,106.26338195800781,281.245849609375,1.0,169.1266326904297,278.77581787109375,1.0
904,137.9969482421875,217.26284790039062,1.0,128.96327209472656,248.59307861328125,1.0,118.7363510131836,233.8574981689453,1.0,106.8177261352539,232.73866271972656,1.0,163.50607299804688,233.21559143066406,1.0,180.3487091064453,232.17332458496094,1.0,127.05464172363281,271.04486083984375,1.0,106.3727035522461,281.2728576660156,1.0,169.1264190673828,278.6875915527344,1.0
905,138.05157470703125,217.21304321289062,1.0,128.98321533203125,248.62771606445312,1.0,118.62268829345703,233.84597778320312,1.0,106.61820220947266,232.79714965820312,1.0,163.62539672851562,233.18836975097656,1.0,180.4352264404297,232.22142028808594,1.0,127.06299591064453,270.9914245605469,1.0,106.31097412109375,281.23828125,1.0,169.23162841796875,278.72760009765625,1.0
906,138.06427001953125,217.2755889892578,1.0,128.98092651367188,248.65750122070312,1.0,118.80021667480469,234.0912322998047,1.0,106.58599090576172,232.89901733398438,1.0,163.72036743164062,233.10939025878906,1.0,180.62388610839844,232.22161865234375,1.0,127.24998474121094,271.1963195800781,1.0,106.5329818725586,281.41339111328125,1.0,169.4436798095703,278.688232421875,1.0
907,138.21133422851562,217.27963256835938,1.0,129.0402069091797,248.56796264648438,1.0,118.7601547241211,233.98300170898438,1.0,106.3590316772461,232.85018920898438,1.0,163.6709747314453,233.17984008789062,1.0,180.7057342529297,232.15005493164062,1.0,127.384033203125,271.07379150390625,1.0,106.84677124023438,281.36309814453125,1.0,169.35794067382812,278.7879333496094,1.0
908,138.34996032714844,217.23129272460938,1.0,129.2998046875,248.5222625732422,1.0,118.8307876586914,233.94155883789062,1.0,106.46601104736328,232.8490447998047,1.0,163.68190002441406,233.25120544433594,1.0,180.7133331298828,232.2305450439453,1.0,127.50204467773438,271.06829833984375,1.0,106.75892639160156,281.4095153808594,1.0,169.4147491455078,278.8695373535156,1.0
909,138.36807250976562,217.2682647705078,1.0,129.47508239746094,248.71820068359375,1.0,118.84058380126953,234.0031280517578,1.0,106.5553970336914,232.9018096923828,1.0,163.73724365234375,233.17428588867188,1.0,180.85057067871094,232.0994873046875,1.0,127.45787048339844,271.4729919433594,1.0,107.0234375,281.62176513671875,1.0,169.87136840820312,278.7650146484375,1.0
910,138.84474182128906,217.27047729492188,1.0,129.65989685058594,248.81190490722656,1.0,118.94450378417969,234.08688354492188,1.0,106.59697723388672,232.65017700195312,1.0,164.35511779785156,233.3877716064453,1.0,181.0051727294922,232.0687713623047,1.0,127.88782501220703,271.45989990234375,1.0,107.15365600585938,281.68072509765625,1.0,169.833251953125,278.7188415527344,1.0
911,139.0939483642578,217.30844116210938,1.0,129.7545623779297,249.21722412109375,1.0,119.05628967285156,234.16871643066406,1.0,106.54635620117188,232.77880859375,1.0,164.69198608398438,233.38638305664062,1.0,181.5236053466797,232.08729553222656,1.0,127.8687515258789,271.5765075683594,1.0,107.22063446044922,281.70843505859375,1.0,169.9250030517578,278.8037414550781,1.0
912,139.142333984375,217.54481506347656,1.0,129.64501953125,249.3681182861328,1.0,119.07173156738281,234.1793212890625,1.0,106.50248718261719,233.0414581298828,1.0,164.87564086914062,233.27427673339844,1.0,181.41384887695312,231.998779296875,1.0,127.57089233398438,271.52392578125,1.0,107.04058837890625,281.72259521484375,1.0,170.222900390625,278.6104736328125,1.0
913,139.38702392578125,217.4647979736328,1.0,129.6437530517578,249.227294921875,1.0,119.11290740966797,234.06312561035156,1.0,106.46617889404297,232.86892700195312,1.0,164.95016479492188,233.38934326171875,1.0,181.37701416015625,232.02886962890625,1.0,127.6562271118164,271.4638366699219,1.0,107.03447723388672,281.6641845703125,1.0,170.33346557617188,278.54278564453125,1.0
914,139.44032287597656,217.36973571777344,1.0,129.6964111328125,248.7666778564453,1.0,119.12834167480469,234.0901336669922,1.0,106.5799789428711,232.8973388671875,1.0,165.0155792236328,233.4528045654297,1.0,181.31808471679688,231.9976806640625,1.0,127.98399353027344,271.52435302734375,1.0,107.36173248291016,281.7795104980469,1.0,170.2335968017578,278.66998291015625,1.0
915,139.557373046875,217.50186157226562,1.0,129.9512939453125,249.27542114257812,1.0,119.16370391845703,234.16453552246094,1.0,106.74090576171875,233.17027282714844,1.0,165.111572265625,233.48643493652344,1.0,181.32638549804688,232.17926025390625,1.0,128.1811065673828,271.356201171875,1.0,107.1409912109375,281.72332763671875,1.0,170.3616180419922,278.7689514160156,1.0
916,139.5823516845703,217.33901977539062,1.0,130.0241241455078,249.33425903320312,1.0,119.26193237304688,233.9229736328125,1.0,106.89823150634766,233.0322265625,1.0,165.18365478515625,233.49539184570312,1.0,181.3799285888672,232.13430786132812,1.0,128.01329040527344,271.4920349121094,1.0,107.17875671386719,281.7041320800781,1.0,170.2180938720703,278.88153076171875,1.0
917,139.80276489257812,217.31939697265625,1.0,130.18092346191406,249.42739868164062,1.0,119.58473205566406,234.0015869140625,1.0,106.89634704589844,232.95127868652344,1.0,165.3074188232422,233.63360595703125,1.0,181.4609375,232.2011260986328,1.0,128.26864624023438,271.5941162109375,1.0,107.18785858154297,281.71978759765625,1.0,170.18162536621094,278.9822082519531,1.0
918,139.8776092529297,217.34925842285156,1.0,130.1983642578125,249.34780883789062,1.0,119.62483978271484,234.01483154296875,1.0,106.9478759765625,232.8753662109375,1.0,165.3117218017578,233.63369750976562,1.0,181.52499389648438,232.2345428466797,1.0,128.191650390625,271.5577087402344,1.0,107.27365112304688,281.665771484375,1.0,170.1067352294922,279.0471496582031,1.0
919,139.30508422851562,217.37828063964844,1.0,129.87559509277344,249.30352783203125,1.0,119.42833709716797,234.3374786376953,1.0,106.97745513916016,232.7413330078125,1.0,164.8021240234375,234.36734008789062,1.0,181.0277099609375,232.6680450439453,1.0,128.25201416015625,271.6709899902344,1.0,107.35443878173828,281.9609069824219,1.0,170.029296875,279.02691650390625,1.0
920,138.1910858154297,217.89569091796875,1.0,129.3800506591797,249.18289184570312,1.0,118.94881439208984,235.10194396972656,1.0,106.54378509521484,232.68682861328125,1.0,164.0157012939453,235.1341094970703,1.0,179.91958618164062,232.88113403320312,1.0,128.31613159179688,271.65447998046875,1.0,106.90087127685547,282.1875305175781,1.0,169.79403686523438,279.2123718261719,1.0
921,137.7689208984375,217.6600799560547,1.0,128.87179565429688,249.38621520996094,1.0,119.16329193115234,235.22264099121094,1.0,106.8579330444336,232.7116241455078,1.0,163.70126342773438,235.28565979003906,1.0,179.51934814453125,233.0774688720703,1.0,128.05426025390625,271.6693420410156,1.0,106.73714447021484,282.29815673828125,1.0,169.19212341308594,279.3743591308594,1.0
922,137.5957489013672,217.73477172851562,1.0,128.6195068359375,249.39373779296875,1.0,119.07440948486328,235.39398193359375,1.0,106.76226806640625,232.744140625,1.0,163.61744689941406,235.38381958007812,1.0,179.60435485839844,233.2867431640625,1.0,127.71089935302734,271.3194885253906,1.0,106.4334487915039,282.0459899902344,1.0,168.88461303710938,279.27154541015625,1.0
923,137.2099151611328,217.6027069091797,1.0,128.28880310058594,249.4125213623047,1.0,118.83055877685547,235.5655517578125,1.0,106.56808471679688,232.81228637695312,1.0,163.03919982910156,235.7574920654297,1.0,178.8468017578125,233.40562438964844,1.0,127.29488372802734,271.840576171875,1.0,105.8468246459961,282.10540771484375,1.0,168.3121795654297,279.8418884277344,1.0
924,136.59217834472656,217.41773986816406,1.0,127.07319641113281,249.70437622070312,1.0,117.82120513916016,235.78598022460938,1.0,106.20387268066406,232.8834991455078,1.0,161.7980499267578,235.9244384765625,1.0,177.8114013671875,233.84474182128906,1.0,125.95146942138672,271.8039245605469,1.0,104.8539047241211,281.8508605957031,1.0,166.71360778808594,280.2279052734375,1.0
925,136.58187866210938,217.74806213378906,1.0,126.4842758178711,249.8625946044922,1.0,117.80017852783203,235.70103454589844,1.0,106.20674133300781,232.7878875732422,1.0,161.46722412109375,236.0548858642578,1.0,178.19024658203125,234.00399780273438,1.0,125.3253173828125,271.6601867675781,1.0,104.58981323242188,282.3930969238281,1.0,166.2592010498047,280.2906799316406,1.0
926,136.19577026367188,217.90757751464844,1.0,126.1600341796875,250.02369689941406,1.0,117.63961791992188,235.96392822265625,1.0,105.93608856201172,232.9180908203125,1.0,161.37110900878906,236.3225860595703,1.0,177.75967407226562,233.9390106201172,1.0,124.90898895263672,271.78411865234375,1.0,104.75257873535156,282.6493225097656,1.0,165.866455078125,280.6112976074219,1.0
927,135.90814208984375,218.09426879882812,1.0,126.06535339355469,250.0358123779297,1.0,117.25554656982422,235.95339965820312,1.0,105.6717758178711,232.7933807373047,1.0,161.2265625,236.26124572753906,1.0,177.7098388671875,233.89906311035156,1.0,124.5895004272461,272.0351867675781,1.0,104.62828063964844,282.51885986328125,1.0,165.9805450439453,280.5749816894531,1.0
928,135.3468475341797,217.85243225097656,1.0,125.3666000366211,249.8368682861328,1.0,116.95659637451172,235.98631286621094,1.0,105.4012222290039,233.08651733398438,1.0,161.5044403076172,236.64369201660156,1.0,177.53369140625,234.055419921875,1.0,123.73056030273438,271.660400390625,1.0,104.18618774414062,282.5473937988281,1.0,165.3148193359375,280.673828125,1.0
929,135.77008056640625,218.2283935546875,1.0,125.12098693847656,249.88177490234375,1.0,117.21517944335938,236.21987915039062,1.0,105.52405548095703,233.13833618164062,1.0,162.36541748046875,237.1775665283203,1.0,178.03135681152344,234.38711547851562,1.0,123.41417694091797,271.6176452636719,1.0,104.30397033691406,282.55810546875,1.0,165.06246948242188,280.8935241699219,1.0
930,135.7982177734375,218.6462860107422,1.0,125.29871368408203,249.77174377441406,1.0,117.43045043945312,236.2669677734375,1.0,105.5244369506836,233.41746520996094,1.0,162.8402862548828,237.05999755859375,1.0,179.05331420898438,234.48736572265625,1.0,123.73609161376953,271.7568054199219,1.0,104.41840362548828,282.7366943359375,1.0,165.8297119140625,280.81842041015625,1.0
931,136.02024841308594,218.6737823486328,1.0,125.5989761352539,250.1305389404297,1.0,117.52540588378906,236.29405212402344,1.0,105.6200942993164,233.03256225585938,1.0,162.82272338867188,237.3223876953125,1.0,179.02276611328125,234.63194274902344,1.0,124.08607482910156,272.05059814453125,1.0,104.33631896972656,282.7253723144531,1.0,165.7287139892578,281.15234375,1.0
932,135.75424194335938,219.066650390625,1.0,125.84768676757812,250.48080444335938,1.0,117.4477767944336,236.46188354492188,1.0,105.40943908691406,233.41348266601562,1.0,162.74179077148438,237.23690795898438,1.0,179.01869201660156,234.58120727539062,1.0,124.4492416381836,272.4023132324219,1.0,104.55009460449219,283.05938720703125,1.0,165.90261840820312,281.29888916015625,1.0
933,136.0952911376953,219.09085083007812,1.0,126.03177642822266,250.77427673339844,1.0,117.53168487548828,236.5764617919922,1.0,105.42152404785156,233.45327758789062,1.0,162.7991180419922,237.27064514160156,1.0,179.1204376220703,234.6251220703125,1.0,124.56881713867188,272.4319152832031,1.0,104.7259292602539,283.014892578125,1.0,165.73973083496094,281.50213623046875,1.0
934,136.15679931640625,219.2871551513672,1.0,125.96556854248047,250.63705444335938,1.0,117.69683074951172,236.5984649658203,1.0,105.38896942138672,233.3619384765625,1.0,163.13577270507812,237.3558349609375,1.0,179.26634216308594,234.57159423828125,1.0,124.93097686767578,272.73809814453125,1.0,104.80123901367188,283.16033935546875,1.0,165.81143188476562,281.6169128417969,1.0
935,136.38031005859375,219.5428466796875,1.0,126.09475708007812,250.7677764892578,1.0,117.6478500366211,236.6121368408203,1.0,105.42054748535156,233.16204833984375,1.0,163.1244354248047,237.35678100585938,1.0,179.4922637939453,234.71275329589844,1.0,124.9410400390625,272.6867980957031,1.0,104.9010009765625,283.1059265136719,1.0,165.8999786376953,281.67828369140625,1.0
936,136.402587890625,219.39942932128906,1.0,126.5681381225586,250.94647216796875,1.0,117.75782775878906,236.70077514648438,1.0,105.18295288085938,233.84019470214844,1.0,163.2595672607422,237.41741943359375,1.0,179.705810546875,234.75363159179688,1.0,125.14035034179688,273.0505676269531,1.0,104.75743103027344,283.395751953125,1.0,166.5435333251953,281.67742919921875,1.0
937,136.4058074951172,219.3490447998047,1.0,126.60001373291016,251.10183715820312,1.0,117.6482162475586,236.58078002929688,1.0,105.19227600097656,233.47230529785156,1.0,163.28366088867188,237.4165802001953,1.0,179.6361541748047,234.6853790283203,1.0,125.21830749511719,273.1683044433594,1.0,104.92304992675781,283.42364501953125,1.0,166.07273864746094,281.8020324707031,1.0
938,136.46270751953125,219.46829223632812,1.0,126.67153930664062,250.94068908691406,1.0,117.605712890625,236.61776733398438,1.0,105.24632263183594,233.49270629882812,1.0,163.3282012939453,237.41854858398438,1.0,179.7194366455078,234.60916137695312,1.0,125.37007141113281,273.28271484375,1.0,104.93985748291016,283.4322814941406,1.0,166.503662109375,281.60162353515625,1.0
939,135.0523223876953,218.87979125976562,1.0,125.4301528930664,251.84967041015625,1.0,117.0419692993164,236.78890991210938,1.0,104.90171813964844,233.59683227539062,1.0,160.93505859375,237.9186553955078,1.0,177.00094604492188,234.98974609375,1.0,124.3768310546875,273.5101318359375,1.0,104.13284301757812,283.657470703125,1.0,164.61630249023438,281.91033935546875,1.0
940,132.710205078125,218.31979370117188,1.0,122.44583892822266,252.49415588378906,1.0,113.9481201171875,237.30303955078125,1.0,103.69602966308594,233.02059936523438,1.0,158.8445281982422,236.74505615234375,1.0,175.0503692626953,234.76919555664062,1.0,120.27079772949219,274.08538818359375,1.0,101.96791076660156,283.4840087890625,1.0,163.244873046875,281.9037780761719,1.0
941,130.22950744628906,218.63650512695312,1.0,120.04348754882812,252.0706024169922,1.0,112.41902160644531,236.81222534179688,1.0,101.1927490234375,233.65521240234375,1.0,157.59461975097656,236.7256317138672,1.0,173.79624938964844,234.4927978515625,1.0,118.39801788330078,274.3473815917969,1.0,100.80313873291016,283.4711608886719,1.0,162.12088012695312,282.096435546875,1.0
942,129.23699951171875,218.80093383789062,1.0,118.32152557373047,252.25192260742188,1.0,111.50833129882812,236.6714630126953,1.0,100.92300415039062,233.1357421875,1.0,156.81423950195312,236.58497619628906,1.0,172.62255859375,234.37030029296875,1.0,116.68663787841797,274.4691467285156,1.0,98.94818878173828,283.2019348144531,1.0,161.3687286376953,281.52685546875,1.0
943,128.45628356933594,219.05833435058594,1.0,117.64701843261719,252.4915771484375,1.0,111.18917846679688,236.48886108398438,1.0,100.64580535888672,233.07997131347656,1.0,156.0653076171875,236.70867919921875,1.0,171.7372589111328,234.09678649902344,1.0,115.47032165527344,274.5069580078125,1.0,98.21852111816406,283.404541015625,1.0,160.52020263671875,281.7507629394531,0.9999998807907104
944,128.0135040283203,219.18846130371094,1.0,117.31991577148438,252.63943481445312,1.0,111.11408996582031,236.58303833007812,1.0,100.60343933105469,233.2123565673828,1.0,155.8385467529297,236.80567932128906,1.0,171.4484100341797,233.97030639648438,1.0,115.529296875,274.97216796875,1.0,98.01671600341797,283.81640625,1.0,160.24855041503906,281.7323913574219,0.9999998807907104
945,128.02879333496094,219.37396240234375,1.0,117.28717041015625,252.91006469726562,1.0,111.1920166015625,236.74203491210938,1.0,100.73274230957031,233.2783660888672,1.0,156.0778045654297,237.0891876220703,1.0,171.65200805664062,234.0904541015625,1.0,115.45813751220703,275.3536071777344,1.0,98.09049224853516,283.6800537109375,1.0,160.15081787109375,281.7837219238281,0.9999998807907104
946,128.04273986816406,219.4051513671875,1.0,117.20599365234375,253.0203857421875,1.0,111.38607788085938,237.04421997070312,1.0,100.65741729736328,233.84483337402344,1.0,156.2548370361328,237.37037658691406,1.0,171.7713623046875,234.30569458007812,1.0,115.50857543945312,274.4955749511719,1.0,98.1414566040039,283.73614501953125,1.0,160.26316833496094,282.1230163574219,0.9999998807907104
947,127.9111557006836,219.6631622314453,1.0,117.34443664550781,253.2535858154297,1.0,111.48653411865234,237.24850463867188,1.0,100.62483215332031,234.05653381347656,1.0,156.29672241210938,237.42359924316406,1.0,171.7639923095703,234.34927368164062,1.0,115.66252136230469,274.6472473144531,1.0,98.32382202148438,283.81298828125,1.0,160.30274963378906,282.10076904296875,1.0
948,127.53971099853516,219.6674346923828,1.0,117.38658142089844,253.37380981445312,1.0,111.43344116210938,237.38211059570312,1.0,100.32756042480469,234.0824432373047,1.0,156.74961853027344,237.5275115966797,1.0,172.03216552734375,234.24407958984375,1.0,115.41800689697266,275.9329528808594,1.0,98.09224700927734,283.8069152832031,1.0,160.1205596923828,282.3690185546875,1.0
949,127.90361785888672,219.87466430664062,1.0,117.58450317382812,253.4534149169922,1.0,111.5008773803711,237.43087768554688,1.0,100.3620376586914,233.9281005859375,1.0,157.3162384033203,238.13113403320312,1.0,172.35987854003906,234.18368530273438,1.0,115.52588653564453,276.0050354003906,1.0,97.99029541015625,283.7332763671875,1.0,160.15924072265625,282.4417724609375,1.0
950,128.5592498779297,220.1230926513672,1.0,118.10122680664062,253.19241333007812,1.0,111.64488220214844,237.379638671875,1.0,100.60883331298828,233.81309509277344,1.0,158.76524353027344,237.91737365722656,1.0,173.98831176757812,234.50332641601562,1.0,116.13358306884766,275.05401611328125,1.0,99.00485229492188,283.69873046875,1.0,161.5294189453125,282.4014587402344,1.0
951,129.381103515625,219.92361450195312,1.0,119.26516723632812,253.7285614013672,1.0,111.8540267944336,237.43646240234375,1.0,100.7204360961914,233.74868774414062,1.0,159.49862670898438,238.14712524414062,1.0,175.0632781982422,235.02645874023438,1.0,118.08251190185547,275.3431396484375,1.0,99.83543395996094,283.6870422363281,1.0,162.65870666503906,282.4503173828125,1.0
952,129.685302734375,220.43994140625,1.0,120.36286926269531,253.86013793945312,1.0,112.18907165527344,237.60772705078125,1.0,101.2616195678711,233.19769287109375,1.0,159.77537536621094,238.02598571777344,1.0,175.69781494140625,235.1667022705078,1.0,118.90634155273438,275.9693298339844,1.0,100.5154037475586,284.04876708984375,1.0,163.3069305419922,282.3294372558594,1.0
953,130.79188537597656,220.49261474609375,1.0,121.04891204833984,253.48240661621094,1.0,113.20909118652344,237.7604217529297,1.0,101.7671127319336,233.69810485839844,1.0,160.2160186767578,238.32843017578125,1.0,176.19143676757812,235.355224609375,1.0,119.09850311279297,275.63995361328125,1.0,100.85125732421875,283.7519836425781,1.0,163.72988891601562,282.2459411621094,1.0
954,131.46351623535156,220.02999877929688,1.0,121.59557342529297,253.44830322265625,1.0,113.42767333984375,237.4657440185547,1.0,102.00340270996094,233.95443725585938,1.0,160.6891326904297,238.31259155273438,1.0,176.45790100097656,235.41580200195312,1.0,119.45201873779297,275.6243896484375,1.0,101.21393585205078,283.9073181152344,1.0,164.31907653808594,282.2575988769531,1.0
955,132.06134033203125,220.19015502929688,1.0,122.1926498413086,253.8423309326172,1.0,114.01532745361328,237.40940856933594,1.0,102.55111694335938,233.7603759765625,1.0,160.9285888671875,238.3492431640625,1.0,176.6226043701172,235.39154052734375,1.0,120.18488311767578,275.77386474609375,1.0,101.20333099365234,283.98211669921875,1.0,164.34828186035156,282.4855651855469,1.0
956,132.5588836669922,220.24571228027344,1.0,122.33377075195312,253.8162384033203,1.0,114.5767822265625,236.87925720214844,1.0,102.77405548095703,233.71261596679688,1.0,160.8240966796875,238.47061157226562,1.0,176.5012969970703,235.27769470214844,1.0,119.88653564453125,275.4444274902344,1.0,101.70112609863281,283.96856689453125,1.0,164.33961486816406,282.4040832519531,1.0
957,133.05914306640625,220.16969299316406,1.0,122.58161163330078,253.9908447265625,1.0,115.07154846191406,236.82623291015625,1.0,103.14404296875,233.64173889160156,1.0,160.98388671875,238.53236389160156,1.0,176.67066955566406,235.34524536132812,1.0,120.00630950927734,275.5127258300781,1.0,101.59767150878906,283.64324951171875,1.0,164.4036865234375,282.52618408203125,1.0
958,133.14479064941406,220.0321044921875,1.0,122.84539031982422,254.02854919433594,1.0,115.2540512084961,236.73974609375,1.0,103.39170837402344,233.78099060058594,1.0,161.08261108398438,238.59011840820312,1.0,176.80081176757812,235.23883056640625,1.0,120.27368927001953,275.60552978515625,1.0,101.66732025146484,283.7084655761719,1.0,164.6678466796875,282.34423828125,1.0
959,134.40782165527344,220.0270233154297,1.0,123.7063980102539,253.6543731689453,1.0,115.95406341552734,236.56283569335938,1.0,103.62863159179688,233.38096618652344,1.0,162.10504150390625,238.8183135986328,1.0,178.13522338867188,235.23907470703125,1.0,120.78499603271484,275.5789489746094,1.0,102.16791534423828,283.550537109375,1.0,165.77426147460938,282.3357849121094,1.0
960,135.72714233398438,220.1195526123047,1.0,124.6186752319336,252.45606994628906,1.0,116.96646118164062,236.35220336914062,1.0,104.27824401855469,233.50262451171875,1.0,164.2459716796875,238.427001953125,1.0,180.44932556152344,235.61566162109375,1.0,122.55558776855469,275.66375732421875,1.0,103.33805847167969,283.8218688964844,1.0,167.1647491455078,282.46240234375,1.0
961,136.88560485839844,220.3080596923828,1.0,125.61346435546875,252.3399658203125,1.0,117.52200317382812,235.89608764648438,1.0,104.92198181152344,232.67698669433594,1.0,164.30691528320312,238.4534912109375,1.0,180.4990234375,235.5818328857422,1.0,123.21749114990234,276.150634765625,1.0,103.94734191894531,283.7161865234375,1.0,167.29354858398438,282.72283935546875,1.0
962,136.7894287109375,220.36532592773438,1.0,125.97986602783203,252.4185333251953,1.0,117.63685607910156,236.02615356445312,1.0,105.19696807861328,232.59059143066406,1.0,164.1893310546875,238.38661193847656,1.0,180.37742614746094,235.45834350585938,1.0,123.89593505859375,275.8938293457031,1.0,104.33634185791016,283.4893493652344,1.0,167.97329711914062,281.9820861816406,0.9999998807907104
963,137.11546325683594,220.4570770263672,1.0,126.57225799560547,252.54710388183594,1.0,117.77694702148438,236.0028839111328,1.0,105.40291595458984,232.71995544433594,1.0,164.30746459960938,238.38055419921875,1.0,180.78680419921875,235.54727172851562,1.0,124.69044494628906,275.93988037109375,1.0,104.76626586914062,283.32818603515625,1.0,168.3735809326172,282.04779052734375,0.9999998807907104
964,139.86077880859375,219.94493103027344,1.0,129.70033264160156,252.5183868408203,1.0,119.7738265991211,234.6646270751953,1.0,106.90562438964844,231.8101348876953,1.0,166.3273468017578,236.353759765625,1.0,183.2371368408203,234.57020568847656,1.0,127.03732299804688,275.7532653808594,1.0,106.45759582519531,282.98406982421875,1.0,169.84881591796875,282.7044677734375,0.9999997615814209
965,143.16485595703125,218.70921325683594,1.0,132.2949981689453,252.3325958251953,1.0,121.63985443115234,233.47454833984375,1.0,109.25626373291016,231.32861328125,1.0,168.73118591308594,235.44003295898438,1.0,184.77081298828125,234.58204650878906,1.0,129.3794708251953,275.3807678222656,1.0,107.4646224975586,282.51910400390625,1.0,171.5299530029297,282.3025207519531,0.9999998807907104
966,144.48263549804688,218.14244079589844,1.0,134.1007080078125,252.23245239257812,1.0,123.00216674804688,233.271728515625,1.0,110.64250183105469,231.88514709472656,1.0,169.7894744873047,235.34475708007812,1.0,185.45144653320312,234.34278869628906,1.0,131.26646423339844,275.9180908203125,1.0,108.37944030761719,282.2962951660156,1.0,173.53396606445312,282.7621154785156,0.9999998807907104
967,146.42263793945312,217.81527709960938,1.0,135.99716186523438,251.9736328125,1.0,124.46894836425781,232.86572265625,1.0,111.96414184570312,231.9015350341797,1.0,172.3138427734375,235.35211181640625,1.0,187.7149658203125,234.1283721923828,1.0,133.29908752441406,275.3129577636719,1.0,109.91275024414062,282.40765380859375,1.0,175.38755798339844,282.5567626953125,1.0
968,151.62368774414062,218.10523986816406,1.0,142.32705688476562,251.45494079589844,1.0,128.14540100097656,232.0272216796875,1.0,115.58101654052734,230.77566528320312,1.0,176.8622283935547,235.03175354003906,1.0,192.57144165039062,234.24472045898438,1.0,140.57627868652344,275.3099365234375,1.0,115.39813995361328,281.5028991699219,1.0,178.7736358642578,282.7923583984375,1.0
969,155.8854522705078,218.48162841796875,1.0,148.18399047851562,250.92620849609375,1.0,131.6387481689453,232.43170166015625,1.0,117.76073455810547,230.5124053955078,1.0,180.35671997070312,234.9342498779297,1.0,195.62887573242188,234.133056640625,1.0,144.84580993652344,274.9571228027344,1.0,119.01504516601562,281.30712890625,1.0,182.11106872558594,283.2478942871094,1.0
970,157.46646118164062,218.3063201904297,1.0,150.30648803710938,250.7964630126953,1.0,132.86956787109375,231.72140502929688,1.0,119.33177947998047,230.4744873046875,1.0,181.5404815673828,234.71742248535156,1.0,196.90943908691406,233.9838409423828,1.0,148.58021545410156,274.4209289550781,1.0,120.50595092773438,281.45233154296875,1.0,184.35433959960938,282.73583984375,1.0
971,158.66549682617188,218.3087615966797,1.0,151.3152313232422,250.25733947753906,1.0,133.87030029296875,231.99989318847656,1.0,119.79826354980469,230.5141143798828,1.0,182.86451721191406,235.11422729492188,1.0,198.25222778320312,234.04647827148438,1.0,149.4566650390625,273.90887451171875,1.0,121.16837310791016,280.9384460449219,1.0,185.1492462158203,282.99090576171875,1.0
972,160.21153259277344,218.01565551757812,1.0,152.81895446777344,250.1974334716797,1.0,134.78018188476562,231.6253204345703,1.0,120.36429595947266,230.7996826171875,1.0,184.37449645996094,235.17892456054688,1.0,199.80038452148438,234.5545196533203,1.0,150.50985717773438,273.6190185546875,1.0,122.15189361572266,280.8299560546875,1.0,186.90415954589844,282.7375793457031,1.0
973,161.8744659423828,217.7550048828125,1.0,156.0850830078125,250.40670776367188,1.0,136.29660034179688,232.21131896972656,1.0,122.41851043701172,231.2907257080078,1.0,185.46351623535156,235.1618194580078,1.0,200.74847412109375,234.7888946533203,1.0,152.8871612548828,274.53656005859375,1.0,124.18192291259766,280.7545471191406,1.0,188.87567138671875,282.8729248046875,1.0
974,164.3814239501953,218.21568298339844,1.0,159.8207244873047,248.560302734375,1.0,139.12869262695312,232.34986877441406,1.0,124.37250518798828,230.75877380371094,1.0,187.85899353027344,234.8168182373047,1.0,203.1518096923828,234.9919891357422,1.0,157.1111602783203,273.9750061035156,1.0,127.48397064208984,280.8401794433594,1.0,190.46649169921875,283.28338623046875,1.0
975,168.7353515625,219.2119903564453,1.0,164.18197631835938,248.0045928955078,1.0,141.63241577148438,232.45372009277344,1.0,127.0448989868164,230.29275512695312,1.0,191.9447021484375,234.92562866210938,1.0,205.90049743652344,235.41775512695312,1.0,162.3162384033203,273.22393798828125,1.0,131.41268920898438,281.24224853515625,1.0,193.04345703125,283.6376647949219,1.0
976,169.9342498779297,218.69993591308594,1.0,166.52516174316406,247.6249237060547,1.0,141.8351593017578,232.1713104248047,1.0,128.06466674804688,230.72616577148438,1.0,192.286376953125,234.91932678222656,1.0,206.89723205566406,235.74513244628906,1.0,164.53587341308594,272.9647216796875,1.0,133.05287170410156,281.39886474609375,1.0,194.3888702392578,284.38372802734375,1.0
977,171.98739624023438,219.6139678955078,1.0,168.27928161621094,247.9862518310547,1.0,144.70819091796875,231.84410095214844,1.0,130.3733673095703,229.9243621826172,1.0,194.9315185546875,234.8848114013672,1.0,209.3999786376953,235.453125,1.0,165.6283721923828,272.4856872558594,1.0,133.926513671875,280.3679504394531,1.0,195.88038635253906,283.5047912597656,1.0
978,178.3336181640625,218.9733123779297,1.0,175.80947875976562,248.7890167236328,1.0,150.1709442138672,231.54913330078125,1.0,135.22299194335938,230.21376037597656,1.0,200.3844757080078,234.93882751464844,1.0,213.76853942871094,236.15858459472656,1.0,171.8475799560547,273.1846008300781,1.0,138.66688537597656,279.86578369140625,1.0,200.83633422851562,283.4491882324219,1.0
979,182.7333526611328,218.60107421875,1.0,182.3402099609375,247.74447631835938,1.0,153.8056640625,231.55917358398438,1.0,138.3638458251953,230.14646911621094,1.0,204.08746337890625,234.77406311035156,1.0,216.85061645507812,236.413330078125,1.0,179.48312377929688,273.2608642578125,1.0,144.09744262695312,280.787109375,1.0,205.94993591308594,283.9304504394531,1.0
980,186.20944213867188,219.08787536621094,1.0,186.2764892578125,248.26490783691406,1.0,156.51669311523438,231.7279510498047,1.0,141.75538635253906,229.81080627441406,1.0,206.6019287109375,235.50901794433594,1.0,219.83738708496094,238.17730712890625,1.0,183.8336639404297,272.8623962402344,1.0,147.80320739746094,281.855224609375,1.0,208.83102416992188,284.3539123535156,1.0
981,188.71278381347656,219.2853240966797,1.0,189.4886016845703,248.1083526611328,1.0,158.16421508789062,231.30062866210938,1.0,143.3434600830078,229.32675170898438,1.0,208.14085388183594,235.77761840820312,1.0,220.4583282470703,238.73167419433594,1.0,186.69357299804688,273.0986022949219,1.0,150.3788604736328,280.9346008300781,1.0,211.55856323242188,284.3625793457031,1.0
982,190.17359924316406,218.5232696533203,1.0,192.246337890625,247.86508178710938,1.0,160.5555419921875,231.58743286132812,1.0,145.72695922851562,229.3110809326172,1.0,210.12985229492188,235.86373901367188,1.0,222.2032928466797,238.84947204589844,1.0,189.43226623535156,272.5414733886719,1.0,152.3473358154297,280.9250793457031,1.0,213.865478515625,283.87933349609375,1.0
983,192.3470916748047,219.08529663085938,1.0,195.21205139160156,248.16529846191406,1.0,161.63088989257812,231.90182495117188,1.0,146.68234252929688,228.86204528808594,1.0,211.40830993652344,235.99134826660156,1.0,222.9103546142578,238.68295288085938,1.0,191.59963989257812,272.0050048828125,1.0,153.76341247558594,281.4560546875,0.9999998807907104,215.50457763671875,283.93914794921875,1.0
984,192.9140625,218.903564453125,1.0,195.5667266845703,248.0847625732422,1.0,163.06048583984375,231.80897521972656,1.0,147.8760223388672,229.07579040527344,1.0,211.86338806152344,235.9268798828125,1.0,223.1626739501953,238.78829956054688,1.0,192.7722625732422,272.6556701660156,1.0,155.204345703125,280.88397216796875,1.0,215.97738647460938,284.3221435546875,1.0
985,193.49256896972656,219.06161499023438,1.0,196.254150390625,247.85870361328125,1.0,163.30679321289062,231.58665466308594,1.0,148.0546417236328,229.12074279785156,1.0,212.27120971679688,235.9477081298828,1.0,223.47511291503906,238.65673828125,1.0,193.48095703125,272.68511962890625,1.0,155.4872589111328,280.8443298339844,1.0,216.576904296875,284.17095947265625,1.0
986,193.93038940429688,219.50582885742188,1.0,196.97779846191406,247.95777893066406,1.0,164.1501007080078,231.93116760253906,1.0,148.44236755371094,229.44956970214844,1.0,212.54837036132812,236.1482696533203,1.0,223.4767608642578,238.5205841064453,1.0,194.4326934814453,272.5658874511719,1.0,156.79991149902344,281.17333984375,1.0,217.62368774414062,283.95648193359375,1.0
987,194.69606018066406,219.35633850097656,1.0,198.03366088867188,248.27828979492188,1.0,164.89073181152344,232.1778564453125,1.0,149.8660888671875,230.40728759765625,1.0,213.2057647705078,236.26181030273438,1.0,223.76483154296875,238.4491424560547,1.0,195.77508544921875,273.7421875,1.0,158.3147430419922,281.233154296875,1.0,219.11859130859375,284.37432861328125,1.0
988,195.09405517578125,219.77647399902344,1.0,198.4219970703125,248.25869750976562,1.0,164.7416534423828,232.22923278808594,1.0,149.799560546875,230.62753295898438,1.0,213.3372344970703,236.1472625732422,1.0,223.84471130371094,238.39761352539062,1.0,196.7261199951172,273.6184387207031,1.0,159.04930114746094,281.662353515625,0.9999998807907104,219.37242126464844,284.5348205566406,1.0
989,195.2871856689453,219.63856506347656,1.0,198.621337890625,248.2969970703125,1.0,164.81170654296875,232.13526916503906,1.0,149.88681030273438,230.64927673339844,1.0,213.52017211914062,236.12342834472656,1.0,224.11207580566406,238.51914978027344,1.0,196.96969604492188,273.91546630859375,1.0,159.439453125,281.93975830078125,0.9999998807907104,219.92977905273438,284.62408447265625,1.0
990,195.83163452148438,219.93756103515625,1.0,198.89999389648438,248.72100830078125,1.0,164.89976501464844,232.10708618164062,1.0,150.08270263671875,230.59072875976562,1.0,213.55108642578125,236.1273956298828,1.0,224.20074462890625,238.67144775390625,1.0,197.28012084960938,274.13885498046875,1.0,159.51583862304688,282.0517883300781,0.9999998807907104,220.33895874023438,284.6962890625,1.0
991,196.30392456054688,219.9132080078125,1.0,199.23760986328125,248.57723999023438,1.0,165.26797485351562,232.25498962402344,1.0,150.3999481201172,230.8631134033203,1.0,214.1681671142578,236.32862854003906,1.0,224.56890869140625,238.8172607421875,1.0,197.8238525390625,274.4576416015625,1.0,160.59991455078125,282.53265380859375,1.0,220.8957061767578,284.5787658691406,1.0
992,196.8234405517578,220.0469207763672,1.0,200.0542755126953,249.0567169189453,1.0,166.1746368408203,232.94090270996094,1.0,151.2179718017578,231.39297485351562,1.0,214.54209899902344,236.366943359375,1.0,224.8855438232422,239.00653076171875,1.0,198.86573791503906,274.59063720703125,1.0,161.1751708984375,282.47430419921875,1.0,221.8316650390625,284.7242736816406,1.0
993,197.65286254882812,221.01531982421875,1.0,200.88711547851562,249.7888946533203,1.0,166.8652801513672,233.04348754882812,1.0,151.78346252441406,232.0251922607422,1.0,215.524169921875,236.67333984375,1.0,226.57376098632812,240.05856323242188,1.0,199.73760986328125,275.4088439941406,1.0,162.22177124023438,282.6644592285156,1.0,222.8633270263672,285.4740295410156,1.0
994,198.36273193359375,220.8977508544922,1.0,201.1697540283203,250.3241424560547,1.0,167.13076782226562,233.12200927734375,1.0,151.74891662597656,231.88490295410156,1.0,216.12730407714844,236.6368408203125,1.0,226.9212646484375,240.20443725585938,1.0,200.30271911621094,275.3582763671875,1.0,162.7504425048828,282.9841613769531,1.0,223.4624786376953,285.4469299316406,1.0
995,198.87229919433594,220.9825439453125,1.0,201.72586059570312,250.36094665527344,1.0,168.17327880859375,232.93841552734375,1.0,152.25938415527344,231.8633270263672,1.0,216.36509704589844,236.91339111328125,1.0,227.25286865234375,239.88294982910156,1.0,200.6931610107422,275.4844665527344,1.0,162.90164184570312,282.7894592285156,1.0,223.74334716796875,285.3951416015625,1.0
996,204.00230407714844,220.84983825683594,1.0,207.30567932128906,250.13165283203125,1.0,173.52200317382812,232.99322509765625,1.0,157.457275390625,231.08482360839844,1.0,221.22048950195312,238.25045776367188,1.0,230.15956115722656,239.45169067382812,1.0,206.439453125,275.80908203125,1.0,165.9973602294922,283.6819152832031,0.9999998807907104,226.07656860351562,285.6395568847656,1.0
997,207.66796875,221.99697875976562,1.0,212.6981201171875,251.01089477539062,1.0,175.84559631347656,233.51333618164062,1.0,160.78445434570312,231.81011962890625,1.0,223.0167999267578,239.0839080810547,1.0,232.91650390625,240.85902404785156,1.0,210.6842498779297,277.0853576660156,1.0,169.12896728515625,285.00933837890625,0.9999994039535522,230.05482482910156,285.54052734375,1.0
998,210.24542236328125,222.19720458984375,1.0,214.62425231933594,251.12571716308594,1.0,177.72775268554688,233.00173950195312,1.0,163.1273193359375,231.64401245117188,1.0,224.9253387451172,239.61170959472656,1.0,234.39657592773438,242.16290283203125,1.0,213.70819091796875,277.7710876464844,1.0,170.82945251464844,284.61260986328125,0.9999992847442627,232.7406005859375,285.2769470214844,0.9999998807907104
999,211.4252166748047,222.81088256835938,1.0,215.98411560058594,251.54217529296875,1.0,178.98297119140625,233.4970245361328,1.0,163.92239379882812,231.69320678710938,1.0,225.657958984375,239.96575927734375,1.0,234.42823791503906,242.369873046875,1.0,215.1834716796875,277.28887939453125,1.0,171.51107788085938,284.1535949707031,0.9999991655349731,233.4810028076172,285.7413635253906,1.0
1000,211.9651641845703,222.69766235351562,1.0,216.5514678955078,251.79949951171875,1.0,179.4983673095703,233.7387237548828,1.0,164.59640502929688,231.77017211914062,1.0,226.07472229003906,240.11019897460938,1.0,234.2993621826172,242.2893524169922,1.0,215.958740234375,277.6823425292969,1.0,172.23886108398438,285.1114501953125,0.9999984502792358,233.9204559326172,285.91375732421875,1.0
1001,212.5585174560547,223.0928955078125,1.0,217.01536560058594,251.9519500732422,1.0,180.2200164794922,233.85923767089844,1.0,165.22303771972656,231.92678833007812,1.0,226.22772216796875,240.5054931640625,1.0,234.4842529296875,242.55026245117188,1.0,216.68560791015625,277.4618835449219,1.0,172.74624633789062,284.8797607421875,0.9999986886978149,234.18099975585938,286.14471435546875,1.0
1002,213.6352996826172,223.7229461669922,1.0,217.95498657226562,252.99290466308594,1.0,181.1931915283203,234.51344299316406,1.0,165.52197265625,232.69879150390625,1.0,226.5233154296875,241.11318969726562,1.0,234.51307678222656,243.56784057617188,1.0,217.71661376953125,277.8822937011719,1.0,173.4263916015625,285.0439147949219,0.9999991655349731,235.1011199951172,286.9783630371094,0.9999995231628418
1003,215.64039611816406,223.7672882080078,1.0,219.47174072265625,253.97805786132812,1.0,182.15304565429688,234.89585876464844,1.0,166.8263702392578,233.30743408203125,1.0,227.43360900878906,241.6544647216797,1.0,235.22503662109375,243.56024169921875,1.0,219.21896362304688,278.77362060546875,1.0,174.9923553466797,284.78466796875,0.9999982118606567,236.5272216796875,287.2616882324219,0.9999983310699463
1004,218.74862670898438,226.2611541748047,1.0,223.9629669189453,253.94107055664062,1.0,186.49502563476562,240.78494262695312,0.9867066740989685,171.60116577148438,235.97781372070312,1.0,230.45346069335938,246.71133422851562,0.9998161196708679,236.3362274169922,247.56224060058594,0.9999942779541016,221.72122192382812,280.16131591796875,1.0,176.59228515625,285.2214050292969,0.9999994039535522,238.24380493164062,287.82659912109375,0.9946721196174622
1005,220.8145751953125,228.11302185058594,1.0,225.1068572998047,254.69918823242188,1.0,190.21827697753906,243.07562255859375,0.4865204989910126,174.74447631835938,237.029296875,1.0,231.41891479492188,247.7782745361328,0.9987474679946899,237.13021850585938,248.7606964111328,0.9999979734420776,223.29269409179688,280.7731018066406,0.9999998807907104,178.64572143554688,285.2850036621094,0.9999998807907104,238.94979858398438,288.48602294921875,0.9906346201896667
1006,220.65396118164062,228.34283447265625,1.0,226.6402587890625,255.00177001953125,1.0,189.39324951171875,239.8740997314453,1.0,174.57850646972656,236.16717529296875,1.0,231.9973602294922,247.40274047851562,1.0,238.5551300048828,249.1002197265625,1.0,225.0289306640625,280.89483642578125,1.0,180.05030822753906,284.9853210449219,0.9999998807907104,240.36886596679688,288.2392272949219,0.9658945798873901
1007,222.62527465820312,228.5528564453125,1.0,228.1666717529297,255.2183380126953,1.0,190.5858917236328,238.59719848632812,1.0,175.8361358642578,235.25112915039062,1.0,233.17953491210938,246.5855712890625,1.0,240.4450225830078,247.67120361328125,1.0,226.61248779296875,280.8134460449219,1.0,180.99668884277344,284.4272766113281,0.9999997615814209,241.6970977783203,288.168701171875,0.9803928732872009
1008,225.66278076171875,229.12425231933594,1.0,231.13101196289062,256.39715576171875,1.0,192.27664184570312,237.5915985107422,1.0,177.66995239257812,234.5729217529297,1.0,234.67221069335938,245.8942413330078,1.0,241.57440185546875,247.9599151611328,1.0,229.05487060546875,281.2200012207031,1.0,182.70333862304688,284.49652099609375,0.9999997615814209,243.34280395507812,287.88726806640625,0.5071551203727722
1009,227.020263671875,228.2234649658203,1.0,233.26708984375,256.28338623046875,1.0,194.1175079345703,236.73851013183594,1.0,178.8371124267578,234.34291076660156,1.0,235.62197875976562,245.5490264892578,1.0,242.41209411621094,248.17478942871094,1.0,232.63426208496094,281.2369079589844,1.0,185.0415496826172,284.3732604980469,0.9999992847442627,245.3540802001953,287.822509765625,0.09902272373437881
1010,228.10806274414062,228.5691680908203,1.0,234.80294799804688,256.8023376464844,1.0,194.91482543945312,236.7671661376953,1.0,179.86575317382812,234.4217987060547,1.0,236.03387451171875,246.46835327148438,1.0,243.0159454345703,249.48770141601562,0.9999998807907104,234.0887908935547,281.0009765625,1.0,186.0664825439453,284.21923828125,0.9999991655349731,245.73648071289062,288.3177185058594,0.01175536960363388
1011,229.1859130859375,228.5406036376953,1.0,235.60684204101562,256.8193054199219,1.0,196.32785034179688,236.8394012451172,1.0,180.99693298339844,234.58677673339844,1.0,236.81430053710938,246.1813507080078,1.0,243.63467407226562,249.3345947265625,0.9999997615814209,235.32040405273438,280.6709899902344,1.0,188.03695678710938,283.7676086425781,0.9999988079071045,246.26834106445312,288.288818359375,0.0051948679611086845
1012,231.49627685546875,228.79078674316406,1.0,237.12753295898438,257.1624755859375,1.0,198.77487182617188,237.0516357421875,1.0,184.58773803710938,235.0115966796875,1.0,238.107177734375,247.03640747070312,1.0,244.7874298095703,250.0554656982422,0.9999891519546509,236.8606414794922,280.85614013671875,1.0,190.42945861816406,284.2975769042969,0.999998927116394,247.25584411621094,288.3902282714844,0.007851568050682545
1013,233.10208129882812,228.47012329101562,1.0,238.85641479492188,257.26983642578125,1.0,199.8689422607422,237.14422607421875,1.0,186.61741638183594,234.96900939941406,1.0,239.4969024658203,246.82029724121094,0.9999998807907104,246.56875610351562,249.1726531982422,0.9912751913070679,238.22596740722656,280.3807373046875,0.9999998807907104,192.29177856445312,283.5763854980469,0.9999985694885254,246.9433135986328,288.5497131347656,0.0016506228130310774
1014,234.1219482421875,227.50167846679688,1.0,240.20770263671875,256.8288269042969,1.0,200.56985473632812,236.8916778564453,1.0,187.75204467773438,234.6735382080078,1.0,241.1720733642578,246.75518798828125,0.9999990463256836,248.15980529785156,248.6177215576172,0.6000617742538452,239.54788208007812,279.82208251953125,0.9999997615814209,193.47564697265625,282.9488220214844,0.9999990463256836,247.98902893066406,287.16192626953125,0.0006383403670042753
1015,236.4199676513672,226.27012634277344,1.0,242.023193359375,257.0284423828125,1.0,202.87417602539062,237.23110961914062,1.0,189.79537963867188,234.55294799804688,1.0,245.32852172851562,246.77099609375,0.9290124177932739,250.7916259765625,248.21640014648438,0.009310337714850903,242.711181640625,278.6051025390625,1.0,195.3076934814453,282.8767395019531,0.9999995231628418,249.1320037841797,288.35797119140625,0.001225512009114027
1016,240.41244506835938,226.39488220214844,1.0,244.6302490234375,256.5859069824219,1.0,208.6540069580078,237.78074645996094,1.0,194.5035400390625,234.93833923339844,1.0,250.628173828125,248.15757751464844,0.0006094684358686209,262.37884521484375,246.62310791015625,0.0004995865165255964,246.98577880859375,278.7510681152344,1.0,198.92002868652344,283.1205139160156,0.9999994039535522,209.4563751220703,282.18243408203125,0.00020557768584694713
1017,242.2069091796875,225.25245666503906,1.0,248.15614318847656,255.40475463867188,1.0,211.1800994873047,237.8746795654297,1.0,197.61404418945312,235.40818786621094,1.0,252.04824829101562,245.92335510253906,0.0022157770581543446,265.1584167480469,244.9428253173828,0.0008010677411220968,250.87161254882812,278.2938232421875,1.0,204.0795440673828,283.30596923828125,0.9999991655349731,205.02496337890625,281.76153564453125,0.0001729495998006314
1018,243.87034606933594,225.8121337890625,1.0,250.08197021484375,254.2801055908203,1.0,213.30569458007812,238.2995147705078,1.0,200.31637573242188,235.3095703125,1.0,253.0011444091797,246.53663635253906,0.0015815556980669498,277.8758239746094,239.97518920898438,0.0008238742593675852,255.00054931640625,278.3341369628906,1.0,207.24264526367188,283.2939758300781,0.9999994039535522,202.68907165527344,281.1822204589844,0.00012054108083248138
1019,246.6053009033203,226.0206298828125,1.0,251.73330688476562,254.68173217773438,1.0,215.35926818847656,238.44003295898438,1.0,202.83294677734375,235.09555053710938,1.0,254.40846252441406,245.38121032714844,0.0006451599183492362,278.27569580078125,239.77029418945312,0.0008546309545636177,257.27130126953125,277.6543273925781,1.0,210.0084991455078,282.5831298828125,0.9999997615814209,200.9966278076172,280.453125,9.045264596352354e-05
1020,247.55545043945312,225.72694396972656,1.0,252.8776397705078,254.66871643066406,1.0,216.8883819580078,238.85826110839844,1.0,205.2484588623047,235.55203247070312,1.0,255.03298950195312,244.80615234375,0.0007660993724130094,277.9059753417969,240.33267211914062,0.0008257951121777296,258.86920166015625,277.7682189941406,1.0,211.952880859375,282.73760986328125,0.9999998807907104,228.98992919921875,290.58233642578125,0.0001407018571626395
1021,248.323486328125,226.26568603515625,1.0,253.50205993652344,254.89886474609375,1.0,219.25755310058594,239.11387634277344,1.0,207.8876495361328,235.48013305664062,1.0,260.70538330078125,244.29254150390625,0.002428923500701785,278.06640625,240.6820526123047,0.000980838667601347,260.9103698730469,277.8456726074219,1.0,213.55654907226562,282.3641662597656,0.9999997615814209,228.33499145507812,290.19256591796875,0.00015825865557417274
1022,249.22691345214844,226.3614044189453,1.0,254.68800354003906,255.04542541503906,1.0,219.88827514648438,240.0635223388672,1.0,209.2605438232422,236.47715759277344,1.0,262.0346984863281,243.82974243164062,0.0012188368709757924,278.3828125,240.88894653320312,0.0007373049156740308,262.59002685546875,278.3397521972656,1.0,216.27438354492188,283.0356140136719,0.9999995231628418,226.9525146484375,290.0344543457031,0.00015475967666134238
1023,249.2162322998047,225.7893524169922,1.0,255.0290985107422,255.2490234375,1.0,220.8214569091797,240.08193969726562,1.0,209.86752319335938,236.465576171875,1.0,262.2167663574219,243.50457763671875,0.0010616659419611096,278.384033203125,240.82675170898438,0.0009646964608691633,263.2790832519531,278.8640441894531,0.9999998807907104,217.32357788085938,283.4095764160156,0.9999935626983643,228.4176483154297,286.6732482910156,0.00011116397945443168
1024,249.62283325195312,225.74085998535156,1.0,255.1837158203125,255.11973571777344,1.0,221.00485229492188,239.95738220214844,1.0,210.1309356689453,236.42205810546875,1.0,262.3452453613281,243.57601928710938,0.0017734160646796227,278.2809143066406,240.82786560058594,0.000781776150688529,263.2398681640625,278.70721435546875,1.0,218.16944885253906,283.34307861328125,0.9999861717224121,223.60479736328125,282.160400390625,7.89513360359706e-05
1025,249.82318115234375,226.05172729492188,1.0,255.42208862304688,255.22079467773438,1.0,221.2904510498047,239.96139526367188,1.0,210.2611083984375,236.6625213623047,1.0,262.46722412109375,243.69895935058594,0.001671045320108533,278.29095458984375,241.10617065429688,0.0006633647135458887,263.524658203125,278.7439270019531,1.0,218.4321746826172,283.1420593261719,0.9999876022338867,223.0071258544922,281.9122009277344,9.098874579649419e-05
1026,249.72311401367188,226.11859130859375,1.0,255.15773010253906,255.19766235351562,1.0,221.29327392578125,240.1631622314453,1.0,210.3553009033203,236.62060546875,1.0,262.2307434082031,243.72486877441406,0.002384436782449484,278.1389465332031,241.07533264160156,0.0007480846252292395,263.36077880859375,278.86553955078125,1.0,217.53501892089844,283.5964050292969,0.9999929666519165,223.0087127685547,282.10736083984375,8.657019498059526e-05
1027,249.81527709960938,226.2576141357422,1.0,255.47952270507812,255.28526306152344,1.0,221.58541870117188,240.19174194335938,1.0,210.49412536621094,236.59483337402344,1.0,262.6007385253906,243.62689208984375,0.0014793629525229335,278.3224792480469,241.00758361816406,0.0008414142648689449,263.8804931640625,278.9986267089844,0.9999998807907104,218.56167602539062,283.18731689453125,0.9999709129333496,227.1692352294922,286.2886962890625,6.010293509461917e-05
1028,250.32566833496094,226.06008911132812,1.0,256.1592712402344,255.11636352539062,1.0,222.17236328125,240.13038635253906,1.0,210.79818725585938,236.5581512451172,1.0,263.2220458984375,243.36729431152344,0.0007940877112559974,278.456787109375,241.11668395996094,0.0006330445758067071,264.2864685058594,278.850341796875,0.9999998807907104,218.13031005859375,283.462646484375,0.9999896287918091,222.63580322265625,281.8421325683594,8.789991261437535e-05
1029,250.33656311035156,225.76068115234375,1.0,256.36474609375,255.03590393066406,1.0,222.0926513671875,240.18325805664062,1.0,211.04876708984375,236.62994384765625,1.0,263.32373046875,243.0176239013672,0.0007845400250516832,278.2548828125,240.80252075195312,0.0006046131020411849,264.5539855957031,278.6850280761719,0.9999998807907104,218.3577423095703,283.5533142089844,0.9999837875366211,222.52561950683594,281.8959655761719,6.616277823923156e-05
1030,250.20965576171875,225.59304809570312,1.0,256.298583984375,255.16061401367188,1.0,222.59678649902344,240.30726623535156,1.0,211.31333923339844,236.71697998046875,1.0,263.35137939453125,243.103515625,0.0010067687835544348,278.36602783203125,240.8555450439453,0.0007623178535141051,264.6208801269531,278.9690246582031,0.9999998807907104,218.66053771972656,283.8889465332031,0.9999945163726807,221.97669982910156,282.2853698730469,8.446109131909907e-05
1031,250.49331665039062,226.2056884765625,1.0,256.7162170410156,255.36550903320312,1.0,223.01634216308594,240.1065673828125,1.0,211.44012451171875,236.67642211914062,1.0,263.763916015625,243.2327117919922,0.0007307470077648759,278.442626953125,241.11305236816406,0.0006456159753724933,265.1568908691406,278.5523986816406,0.9999998807907104,219.28176879882812,283.8348083496094,0.999990701675415,221.6730194091797,282.0159912109375,6.784545257687569e-05
1032,250.89517211914062,226.5946807861328,1.0,256.45770263671875,255.6002197265625,1.0,222.79843139648438,240.13218688964844,1.0,211.67877197265625,236.89208984375,1.0,263.36456298828125,243.55592346191406,0.0009302075486630201,279.0879821777344,241.60853576660156,0.0008096486562862992,265.1668395996094,278.860595703125,0.9999998807907104,219.630859375,284.44915771484375,0.9999758005142212,219.7216796875,223.53050231933594,7.281266880454496e-05
1033,251.43360900878906,225.98358154296875,1.0,257.4857482910156,255.57362365722656,1.0,223.74276733398438,239.71426391601562,1.0,211.9951629638672,236.88589477539062,1.0,264.6892395019531,243.20181274414062,0.0003089159436058253,279.1502685546875,241.55062866210938,0.0007408620440401137,265.3899841308594,278.67132568359375,0.9999998807907104,220.6913604736328,284.1212463378906,0.9999536275863647,218.99978637695312,222.6143798828125,6.979505269555375e-05
1034,251.79698181152344,226.3905792236328,1.0,257.8836364746094,255.4415283203125,1.0,224.08888244628906,240.05767822265625,1.0,212.82728576660156,236.8167724609375,1.0,264.5697326660156,242.92486572265625,0.0005123963346704841,279.0653076171875,241.1685791015625,0.0006232475279830396,265.98150634765625,278.37811279296875,0.9999998807907104,221.14959716796875,284.1997985839844,0.9999926090240479,219.17816162109375,223.39076232910156,7.147352152969688e-05
1035,251.977294921875,226.4209747314453,1.0,258.2373046875,255.63426208496094,1.0,224.26087951660156,240.34056091308594,1.0,213.63995361328125,236.87979125976562,1.0,264.5812683105469,242.9399871826172,0.000615028606262058,279.24090576171875,241.1735382080078,0.0006173906731419265,266.5660705566406,278.6712341308594,1.0,221.691650390625,284.2249755859375,0.9999912977218628,219.05316162109375,223.51722717285156,7.56665613153018e-05
1036,251.89317321777344,226.63589477539062,1.0,258.2533264160156,255.54522705078125,1.0,224.3905487060547,240.04505920410156,1.0,213.57757568359375,236.7516326904297,1.0,264.67144775390625,242.90267944335938,0.0005941862473264337,279.1611022949219,241.37738037109375,0.0005954615189693868,266.5960998535156,278.6326904296875,1.0,222.0211944580078,284.2950744628906,0.9999890327453613,218.8363037109375,223.32261657714844,7.239538535941392e-05
1037,251.83145141601562,226.68638610839844,1.0,258.6357727050781,255.6394500732422,1.0,224.58253479003906,240.1287384033203,1.0,213.7411346435547,236.77711486816406,1.0,265.0495300292969,242.9401397705078,0.0003944379568565637,279.0970458984375,241.53285217285156,0.0005436145002022386,266.73419189453125,278.65625,1.0,222.30958557128906,284.2858581542969,0.9999890327453613,282.648193359375,274.9181823730469,8.165267354343086e-05
1038,252.15415954589844,226.51119995117188,1.0,259.2873229980469,255.3480224609375,1.0,224.76544189453125,240.13824462890625,1.0,213.93557739257812,236.52293395996094,1.0,265.51220703125,242.88754272460938,0.0002056713856291026,295.26055908203125,239.32814025878906,0.0004769075894728303,267.2259216308594,278.57745361328125,1.0,222.33407592773438,284.200927734375,0.9999786615371704,282.87371826171875,275.01025390625,8.629194780951366e-05
1039,252.01597595214844,226.3673095703125,1.0,259.51202392578125,255.33285522460938,1.0,224.8883819580078,240.20635986328125,1.0,214.03305053710938,236.74948120117188,1.0,265.7576599121094,242.90574645996094,0.0001948200078913942,279.24761962890625,241.60995483398438,0.0005011867033317685,267.3826904296875,278.5738830566406,1.0,222.1332550048828,284.0923767089844,0.9999878406524658,282.85467529296875,274.9556884765625,9.586562373442575e-05
1040,251.95408630371094,226.72125244140625,1.0,259.4571228027344,255.2840576171875,1.0,225.71847534179688,241.04791259765625,1.0,214.1376190185547,236.72996520996094,1.0,265.4302062988281,243.05914306640625,0.00020953455532435328,279.3070068359375,241.82373046875,0.0004694828239735216,267.66998291015625,278.5653991699219,1.0,222.04139709472656,284.4203796386719,0.9999960660934448,282.946533203125,274.98858642578125,0.00011976861424045637
1041,251.99391174316406,226.6409454345703,1.0,259.4346008300781,255.32762145996094,1.0,225.9449920654297,241.21029663085938,1.0,214.35877990722656,237.04344177246094,1.0,265.5405578613281,243.1261749267578,0.00022653221094515175,279.3389587402344,241.9202423095703,0.0004892337019555271,267.6001892089844,278.6226501464844,1.0,222.18101501464844,284.3700866699219,0.9999978542327881,282.9875793457031,275.1495056152344,0.00011812910088337958
1042,252.21575927734375,226.90525817871094,1.0,259.5980224609375,255.21405029296875,1.0,225.92648315429688,241.39654541015625,1.0,214.29286193847656,237.15325927734375,1.0,270.1028137207031,241.68975830078125,0.00019244976283516735,279.3233947753906,241.88681030273438,0.00044811906991526484,267.8371887207031,278.51153564453125,1.0,222.1610870361328,284.5416564941406,0.9999983310699463,283.06402587890625,275.10186767578125,0.00010846040822798386
1043,252.53367614746094,227.0379638671875,1.0,259.7615966796875,255.2909393310547,1.0,225.94361877441406,241.59915161132812,1.0,214.24862670898438,237.26217651367188,1.0,270.2185363769531,241.72486877441406,0.00018399742839392275,295.3175048828125,239.8926544189453,0.00042426917934790254,267.8435974121094,278.465087890625,1.0,222.6083984375,284.6667175292969,0.9999983310699463,283.03790283203125,275.08856201171875,9.87669627647847e-05
1044,251.955322265625,227.06805419921875,1.0,259.4498291015625,255.73599243164062,1.0,225.8028564453125,241.63978576660156,1.0,214.51588439941406,237.291259765625,1.0,265.03094482421875,243.29681396484375,0.00043808631016872823,295.3885498046875,239.88067626953125,0.0004868541727773845,267.5992736816406,278.9114990234375,1.0,222.75094604492188,285.0186767578125,0.9999929666519165,282.9386901855469,275.3259582519531,8.516438538208604e-05
1045,251.70266723632812,227.0040283203125,1.0,259.43157958984375,255.79141235351562,1.0,225.6389923095703,241.7236328125,1.0,214.56674194335938,237.2581329345703,1.0,264.85455322265625,243.4196014404297,0.0005835226038470864,279.30389404296875,242.0557098388672,0.00045180864981375635,267.5805358886719,278.85028076171875,1.0,222.47450256347656,284.9246520996094,0.999995231628418,217.8797607421875,238.48348999023438,6.782475975342095e-05
1046,252.0850830078125,227.31610107421875,1.0,259.7306823730469,255.66204833984375,1.0,226.06565856933594,241.82113647460938,1.0,214.7307586669922,237.42129516601562,1.0,264.8357238769531,243.6324920654297,0.0005721216439269483,279.3515625,242.15599060058594,0.00037434708792716265,267.6966552734375,278.5797424316406,1.0,223.30323791503906,284.406005859375,0.9999979734420776,283.0533447265625,275.28564453125,8.417283970629796e-05
1047,252.12905883789062,227.33973693847656,1.0,260.06060791015625,255.58631896972656,1.0,225.9031524658203,241.70962524414062,1.0,214.7503662109375,237.53125,1.0,264.9058837890625,243.642822265625,0.0006498270086012781,277.4669189453125,242.2949676513672,0.00033538800198584795,268.0277099609375,278.5702209472656,1.0,223.7626190185547,284.4779357910156,0.9999978542327881,283.1163024902344,275.43798828125,0.00010274624219164252
1048,252.2785186767578,226.9794464111328,1.0,260.2362976074219,255.46627807617188,1.0,226.4482421875,241.5769805908203,1.0,215.1362762451172,237.239501953125,1.0,265.3143615722656,243.48243713378906,0.0005090504419058561,277.28326416015625,242.363037109375,0.00039207935333251953,268.1680908203125,278.5902099609375,1.0,224.56361389160156,284.01104736328125,0.9999973773956299,282.9660949707031,275.401611328125,0.00012835483357775956
1049,253.35850524902344,227.35934448242188,1.0,261.1819152832031,255.55551147460938,1.0,227.58717346191406,241.7489776611328,1.0,216.31582641601562,237.28924560546875,1.0,265.576904296875,245.48313903808594,0.0003721319662872702,277.6478576660156,242.68734741210938,0.0006892514647915959,269.15887451171875,278.4921875,0.9999998807907104,225.26585388183594,283.8838806152344,0.9999985694885254,283.4508361816406,275.6747741699219,0.00021440043929032981
1050,253.89993286132812,227.8623809814453,1.0,261.7974548339844,255.95420837402344,1.0,229.40411376953125,242.07008361816406,1.0,219.1713104248047,237.72792053222656,1.0,265.80218505859375,245.8818359375,0.0011895076604560018,278.107421875,243.05126953125,0.0008204467594623566,269.53961181640625,278.973876953125,0.9999998807907104,226.51925659179688,283.97601318359375,0.9999980926513672,283.87933349609375,276.0589294433594,0.00015899434220045805
1051,254.56166076660156,228.21298217773438,1.0,262.6751403808594,255.19960021972656,1.0,230.88998413085938,242.2983856201172,1.0,220.65301513671875,238.2203826904297,1.0,266.2266845703125,245.56915283203125,0.0015419628471136093,278.81304931640625,243.08119201660156,0.0007711425423622131,270.74212646484375,278.3983459472656,0.9999998807907104,228.11819458007812,283.5583190917969,0.9999996423721313,284.3935546875,276.2901916503906,0.00030808476731181145
1052,254.8349609375,227.4927520751953,1.0,263.4028015136719,255.48162841796875,1.0,232.28427124023438,242.96197509765625,1.0,221.5546875,239.00473022460938,1.0,264.5345764160156,245.94552612304688,0.002504439791664481,279.30047607421875,242.95889282226562,0.0005507352179847658,271.6598205566406,278.4779968261719,0.9999997615814209,229.914794921875,283.861083984375,0.9999741315841675,285.86029052734375,276.1319885253906,0.00043164752423763275
1053,255.79293823242188,228.1694793701172,1.0,264.4552001953125,255.7822723388672,1.0,233.04666137695312,243.262939453125,1.0,222.8669891357422,238.979248046875,1.0,266.95330810546875,245.8380126953125,0.0023467366117984056,279.4779357910156,245.6367950439453,0.00046170951100066304,272.34466552734375,278.9773254394531,0.9999997615814209,230.5808563232422,283.52447509765625,0.9998729228973389,286.3071594238281,276.4457092285156,0.0003700045635923743
1054,256.6210021972656,228.346435546875,1.0,264.9581604003906,255.8978271484375,1.0,233.73878479003906,243.24942016601562,1.0,223.97979736328125,238.9741668701172,1.0,267.47052001953125,246.19757080078125,0.0023964368738234043,279.638671875,245.88845825195312,0.0003749903989955783,272.19598388671875,279.0571594238281,0.9999996423721313,231.36070251464844,283.44342041015625,0.9999420642852783,286.0694274902344,276.6959228515625,0.000283785950159654
1055,258.5091247558594,229.56031799316406,1.0,266.01519775390625,257.33587646484375,1.0,236.4212646484375,243.365234375,1.0,227.34666442871094,239.58116149902344,1.0,265.0378112792969,246.14901733398438,0.0019007836235687137,295.2658386230469,238.44493103027344,0.0003991207922808826,273.2494201660156,279.8979187011719,0.9999997615814209,234.0310516357422,283.4697570800781,0.99980229139328,286.0583190917969,277.22369384765625,0.0004703336744569242
1056,259.5088806152344,230.3657684326172,1.0,266.4743957519531,257.5882263183594,1.0,237.52113342285156,244.1410675048828,1.0,228.84161376953125,239.1194305419922,1.0,269.4248962402344,246.22930908203125,0.002600274980068207,295.4125671386719,239.2566680908203,0.0005213440163061023,273.5506286621094,279.701904296875,0.9999998807907104,235.9786376953125,284.54833984375,0.999771773815155,286.6612854003906,277.4365234375,0.0008852416649460793
1057,260.54998779296875,230.52633666992188,1.0,267.1009826660156,257.90191650390625,1.0,238.11318969726562,244.56558227539062,1.0,229.61170959472656,239.60580444335938,1.0,269.8800354003906,246.49774169921875,0.0027963491156697273,295.5723571777344,239.3631591796875,0.0004797479195985943,273.4862976074219,279.6631774902344,0.9999997615814209,236.61154174804688,284.9651184082031,0.998384952545166,286.9769287109375,277.6664123535156,0.0006160056218504906
1058,260.99383544921875,230.8600616455078,1.0,267.5860900878906,258.1283264160156,1.0,238.49908447265625,244.591552734375,1.0,230.05128479003906,239.57064819335938,1.0,270.1778869628906,246.61663818359375,0.002280019223690033,295.6633605957031,239.46214294433594,0.0003094949061051011,273.7509765625,279.72100830078125,0.9999997615814209,237.1656951904297,285.11224365234375,0.996147632598877,287.21075439453125,277.599853515625,0.0005595668917521834
1059,260.79241943359375,230.93417358398438,1.0,267.43756103515625,258.1015930175781,1.0,238.4755401611328,244.65606689453125,1.0,230.22067260742188,239.6752166748047,1.0,270.1203308105469,246.55621337890625,0.0028001468162983656,295.5932312011719,239.4593963623047,0.0003116439620498568,273.73431396484375,279.6126708984375,0.9999997615814209,237.51321411132812,285.3510437011719,0.9970721006393433,287.3236389160156,277.7485046386719,0.000540874432772398
1060,261.00128173828125,230.66537475585938,1.0,268.0499267578125,258.3301696777344,1.0,239.3090362548828,244.73377990722656,1.0,230.9866485595703,240.03125,1.0,270.205078125,246.6155548095703,0.0021115357521921396,295.899169921875,239.72206115722656,0.0002703752543311566,274.5639343261719,279.90692138671875,0.9999997615814209,239.10211181640625,285.3573303222656,0.9980402588844299,287.48516845703125,277.76446533203125,0.0006186771206557751
1061,261.5627746582031,231.25845336914062,1.0,268.2681579589844,258.5848083496094,1.0,240.48484802246094,244.81504821777344,1.0,231.71571350097656,240.5179443359375,1.0,270.5894470214844,247.07203674316406,0.0021203970536589622,295.8074951171875,240.05239868164062,0.00030306295957416296,275.3170471191406,280.3789978027344,0.9999997615814209,240.4752197265625,284.5791015625,0.9991820454597473,287.59283447265625,277.8055419921875,0.0006101892213337123
1062,262.1426696777344,231.58154296875,1.0,269.0745849609375,259.0911560058594,1.0,241.6154327392578,245.0541534423828,1.0,233.24996948242188,240.66307067871094,1.0,271.1252746582031,247.35816955566406,0.0010367018403485417,295.86029052734375,240.33164978027344,0.00027451172354631126,275.47613525390625,280.1775817871094,0.9999997615814209,241.98622131347656,284.83551025390625,0.9844807386398315,287.8471984863281,277.97467041015625,0.000603117048740387
1063,262.85406494140625,231.8655548095703,1.0,269.4409484863281,259.35516357421875,1.0,242.5593719482422,244.9500732421875,1.0,233.87608337402344,240.74485778808594,1.0,271.2789611816406,253.66171264648438,0.0006734410999342799,295.64471435546875,240.2909393310547,0.00026047087158076465,276.03857421875,280.44940185546875,0.9999997615814209,243.3384552001953,284.9940185546875,0.8184080719947815,288.11297607421875,277.96282958984375,0.0006170318811200559
1064,262.907958984375,231.8875274658203,1.0,269.4804992675781,259.409423828125,1.0,242.70533752441406,245.0236358642578,1.0,234.06439208984375,240.90045166015625,1.0,271.14312744140625,253.6769561767578,0.0005820730584673584,295.77423095703125,240.56166076660156,0.0002586832852102816,276.0108642578125,280.3253173828125,0.9999997615814209,241.92926025390625,284.42218017578125,0.7577018141746521,287.8009948730469,278.13690185546875,0.0006656496552750468
1065,262.883544921875,231.9148712158203,1.0,269.9467468261719,259.7452697753906,1.0,243.27084350585938,245.03466796875,1.0,234.45767211914062,240.92776489257812,1.0,271.36566162109375,254.00350952148438,0.000666133884806186,276.1453857421875,254.95960998535156,0.00027989776572212577,276.27886962890625,280.6747131347656,0.9999997615814209,242.4518280029297,284.4807434082031,0.513759195804596,287.9889831542969,278.1551818847656,0.0006970130489207804
1066,262.9253234863281,231.89846801757812,1.0,270.29254150390625,260.0563659667969,1.0,243.55581665039062,244.53179931640625,1.0,235.03858947753906,241.05349731445312,1.0,271.38433837890625,254.21685791015625,0.0007126405253075063,276.0052795410156,255.2035675048828,0.00029919558437541127,276.5047302246094,280.81103515625,0.9999997615814209,243.09210205078125,284.6192932128906,0.40070444345474243,287.9637756347656,278.2423095703125,0.0006694652838632464
1067,263.4457092285156,231.72732543945312,1.0,270.4408874511719,260.1980895996094,1.0,242.87847900390625,243.52720642089844,1.0,235.531494140625,239.60458374023438,1.0,275.4975280761719,247.62521362304688,0.00080865592462942,276.36962890625,255.29917907714844,0.00031912903068587184,276.6641845703125,281.064697265625,0.9999997615814209,242.61578369140625,284.5472106933594,0.43416932225227356,288.201171875,278.1225280761719,0.00047599291428923607
1068,262.8266296386719,230.95933532714844,1.0,270.25396728515625,260.12750244140625,1.0,242.57188415527344,243.53375244140625,1.0,234.7523956298828,240.2819366455078,1.0,271.7712097167969,254.2132110595703,0.0005379486829042435,295.9933166503906,240.54176330566406,0.00038068226422183216,277.32403564453125,281.36602783203125,0.9999998807907104,242.7523651123047,285.06292724609375,0.3472738265991211,288.5292053222656,278.2093505859375,0.0006428444758057594
1069,262.7955627441406,230.90040588378906,1.0,270.0587463378906,260.0984191894531,1.0,242.3253936767578,243.610595703125,1.0,234.7115020751953,240.27203369140625,1.0,271.5059509277344,247.34217834472656,0.0007602974073961377,295.95404052734375,240.67758178710938,0.0003651667502708733,276.99005126953125,281.1146545410156,0.9999998807907104,242.85658264160156,284.9425354003906,0.2137518674135208,288.35614013671875,278.2080078125,0.0005450259195640683
1070,262.270263671875,230.6746063232422,1.0,269.86767578125,259.8243408203125,1.0,241.8922576904297,243.4317626953125,1.0,234.0757293701172,240.11624145507812,1.0,271.3762512207031,247.0146942138672,0.0007504323148168623,295.70416259765625,240.36288452148438,0.00045754178427159786,276.95623779296875,280.9049377441406,0.9999998807907104,242.3517608642578,284.7845458984375,0.5886168479919434,288.3123779296875,278.08953857421875,0.0006954564014449716
1071,262.0194396972656,230.1900177001953,1.0,269.2689208984375,259.6902160644531,1.0,241.38084411621094,243.1941375732422,1.0,233.3365020751953,239.82723999023438,1.0,271.1335144042969,247.08456420898438,0.0012455875985324383,295.89361572265625,240.3185272216797,0.0004105089174117893,276.5886535644531,280.7530212402344,0.9999998807907104,243.83314514160156,285.5422058105469,0.7236658930778503,288.13555908203125,278.03594970703125,0.0006296935025602579
1072,261.8397521972656,230.2755126953125,1.0,269.5495910644531,259.5337829589844,1.0,241.34536743164062,243.3542022705078,1.0,233.23989868164062,239.6034698486328,1.0,271.0084533691406,246.95529174804688,0.001187029993161559,295.782470703125,240.0957794189453,0.0005763496737927198,276.91949462890625,280.67962646484375,0.9999998807907104,241.76217651367188,284.2939453125,0.6085885167121887,288.3059997558594,277.83935546875,0.0006484804907813668
1073,261.9383544921875,230.2672119140625,1.0,269.37158203125,259.5390930175781,1.0,241.2947540283203,243.35690307617188,1.0,233.4199981689453,239.488525390625,1.0,270.9396057128906,247.0292205810547,0.0011181931477040052,295.685791015625,240.01548767089844,0.0004725831386167556,276.78533935546875,280.76519775390625,0.9999998807907104,241.71109008789062,284.39483642578125,0.56076580286026,288.3274230957031,277.65765380859375,0.0004994619521312416
1074,261.9280700683594,230.06692504882812,1.0,269.2996520996094,259.5659484863281,1.0,241.41275024414062,243.24151611328125,1.0,233.70880126953125,239.2147216796875,1.0,270.939453125,246.87127685546875,0.000841849367134273,295.60064697265625,240.09288024902344,0.0005288248066790402,276.7335510253906,280.6943054199219,0.9999998807907104,241.58694458007812,284.46173095703125,0.4993981122970581,288.2660217285156,277.62310791015625,0.0004933375748805702
1075,261.9619140625,230.0089569091797,1.0,269.3467102050781,259.14691162109375,1.0,241.4385528564453,243.0347900390625,1.0,233.76504516601562,239.14649963378906,1.0,271.0348815917969,246.75343322753906,0.000732099637389183,295.46044921875,239.87240600585938,0.000654956849757582,276.8554992675781,280.489013671875,0.9999997615814209,241.8631134033203,284.6361999511719,0.5214300751686096,288.30108642578125,277.6708068847656,0.0004983258550055325
1076,261.4364929199219,229.9813232421875,1.0,269.3202209472656,259.1868591308594,1.0,241.23387145996094,243.31304931640625,1.0,233.748291015625,239.26144409179688,1.0,270.9065246582031,246.70272827148438,0.0009123228956013918,295.4644775390625,239.77711486816406,0.0005665529752150178,276.8851623535156,280.6957702636719,0.9999997615814209,242.40383911132812,285.00457763671875,0.40741682052612305,288.4017028808594,277.3752136230469,0.0004643389256671071
1077,261.2608947753906,229.54559326171875,1.0,269.6039123535156,258.7496643066406,1.0,241.5382080078125,243.2318572998047,1.0,233.93321228027344,239.13894653320312,1.0,264.01556396484375,245.2908935546875,0.0005839187069796026,295.698974609375,239.5021514892578,0.0005987863405607641,276.9705810546875,280.3525390625,0.9999997615814209,243.03602600097656,284.8079833984375,0.4457581639289856,288.3141784667969,277.2312316894531,0.0005283350474201143
1078,260.657958984375,229.3233184814453,1.0,269.2516174316406,258.6470947265625,1.0,241.34140014648438,243.27369689941406,1.0,233.96615600585938,239.54269409179688,1.0,263.6497802734375,245.08189392089844,0.0006217221962288022,295.752197265625,239.16986083984375,0.0005382859380915761,276.8155517578125,280.5143737792969,0.9999997615814209,244.1840362548828,284.9631652832031,0.24297092854976654,288.4260559082031,277.3489990234375,0.0006258147186599672
1079,260.44537353515625,229.04481506347656,1.0,269.7810363769531,258.1788330078125,1.0,241.79800415039062,243.03082275390625,1.0,234.23216247558594,239.49874877929688,1.0,263.3479919433594,244.57147216796875,0.0005447875591926277,295.8891296386719,239.00440979003906,0.0006994385039433837,277.3014221191406,280.4013977050781,0.9999996423721313,245.2425994873047,285.1933898925781,0.04703224450349808,288.6907958984375,277.01690673828125,0.0010263377334922552
1080,260.1756591796875,229.49810791015625,1.0,269.67266845703125,257.6872863769531,1.0,241.89651489257812,243.23204040527344,1.0,234.86729431152344,239.2501220703125,1.0,263.4112243652344,244.66033935546875,0.0003601968055590987,296.1719055175781,238.94500732421875,0.0005474474746733904,277.5888366699219,280.2625427246094,0.9999996423721313,245.93409729003906,285.588623046875,0.05014284327626228,289.04144287109375,277.20068359375,0.001517902361229062
1081,259.850341796875,229.35328674316406,1.0,269.2260437011719,257.0643615722656,0.9999998807907104,242.22744750976562,242.62286376953125,1.0,235.4818878173828,238.74496459960938,1.0,275.23370361328125,243.38853454589844,0.0003533907583914697,295.812744140625,238.27723693847656,0.00047434985754080117,277.3006591796875,279.8192443847656,0.9999992847442627,246.78030395507812,284.9356384277344,0.09808849543333054,288.8615417480469,276.7058410644531,0.0024059938732534647
1082,259.4165954589844,229.06085205078125,1.0,269.17169189453125,256.60205078125,0.9999998807907104,242.73870849609375,241.9345703125,1.0,236.04214477539062,238.19528198242188,1.0,274.83074951171875,242.9668426513672,0.0004789971571881324,295.4754943847656,237.9769287109375,0.0005389446159824729,277.04595947265625,279.4930114746094,0.999998927116394,247.1098175048828,284.3177795410156,0.30458882451057434,288.6551208496094,276.62255859375,0.0023986161686480045
1083,259.7128601074219,229.33668518066406,1.0,268.86639404296875,256.3544616699219,0.9999998807907104,243.31080627441406,241.8245391845703,1.0,236.83370971679688,237.96530151367188,1.0,274.8069763183594,243.04006958007812,0.0005221377359703183,295.5133972167969,237.67259216308594,0.0005309934495016932,276.9693603515625,279.28082275390625,0.9999983310699463,248.5512237548828,284.9591369628906,0.2116704136133194,288.57012939453125,276.4981689453125,0.0020470309536904097
1084,259.4872131347656,229.1747283935547,1.0,268.948486328125,256.30615234375,0.9999998807907104,243.4796905517578,242.1612091064453,1.0,237.38694763183594,238.47256469726562,1.0,274.6781921386719,242.98544311523438,0.0004760979791171849,295.3459167480469,237.63966369628906,0.0005137206753715873,277.0594482421875,279.31097412109375,0.9999974966049194,248.16441345214844,284.69012451171875,0.0178974699229002,288.71099853515625,276.1556701660156,0.002413856564089656
1085,259.90093994140625,229.37890625,1.0,269.3109436035156,256.1668701171875,0.9999997615814209,243.8656463623047,242.28904724121094,1.0,238.21029663085938,238.73699951171875,1.0,275.0041809082031,243.20791625976562,0.00032548949820920825,280.767822265625,246.08741760253906,0.0004733290697913617,277.3961181640625,279.2152099609375,0.9999966621398926,249.14041137695312,285.1416320800781,0.05297240987420082,288.8945617675781,276.2604675292969,0.0029597750399261713
1086,260.2263488769531,230.00308227539062,1.0,269.1318359375,256.6033630371094,0.9999998807907104,244.27598571777344,242.58729553222656,1.0,238.93411254882812,238.8937225341797,1.0,275.0173034667969,245.2505645751953,0.00022536069445777684,281.089599609375,246.52218627929688,0.00033551338128745556,277.3038024902344,279.3527526855469,0.9999970197677612,249.5652313232422,285.2291259765625,0.34356313943862915,288.8400573730469,276.56292724609375,0.0032520138192921877
1087,259.9465026855469,230.28756713867188,1.0,268.8972473144531,256.71099853515625,0.9999998807907104,244.11871337890625,243.0643310546875,1.0,238.85435485839844,239.25244140625,1.0,275.0178527832031,243.64476013183594,0.0002691268746275455,280.7896423339844,246.46998596191406,0.0003899111761711538,277.05596923828125,279.2872314453125,0.999997615814209,249.5493927001953,285.4071960449219,0.3549656569957733,288.7384338378906,276.4515380859375,0.003103264607489109
1088,260.076171875,230.46035766601562,1.0,268.5266418457031,256.5528869628906,0.9999998807907104,244.2205047607422,242.86256408691406,1.0,239.052734375,239.1527862548828,1.0,274.6341857910156,243.43125915527344,0.0003107757947873324,280.66693115234375,246.2857208251953,0.00043066832586191595,276.7159423828125,279.1494140625,0.9999973773956299,249.34927368164062,285.3194274902344,0.20964184403419495,288.6741638183594,276.26922607421875,0.003328530117869377
1089,259.60009765625,230.15953063964844,1.0,268.1597595214844,256.84930419921875,0.9999998807907104,245.38072204589844,242.54898071289062,1.0,239.24014282226562,239.18894958496094,1.0,274.43487548828125,243.47999572753906,0.0003827597829513252,280.4754333496094,246.17391967773438,0.0005586183397099376,276.58880615234375,279.1026916503906,0.9999973773956299,250.04141235351562,285.41583251953125,0.11830823123455048,288.659423828125,276.2410583496094,0.003217825200408697
1090,259.1314392089844,229.79562377929688,1.0,268.039306640625,255.85614013671875,0.9999996423721313,246.5338134765625,241.85220336914062,1.0,241.46456909179688,237.824951171875,0.9999998807907104,274.01483154296875,242.8258514404297,0.00038591146585531533,295.5091552734375,237.6348114013672,0.0003693624457810074,276.7361755371094,278.0311279296875,0.9999967813491821,251.2836151123047,284.58197021484375,0.05579110234975815,288.919677734375,275.37298583984375,0.0047672404907643795
1091,257.780029296875,228.46005249023438,1.0,267.655517578125,255.79615783691406,0.9999988079071045,245.9896240234375,241.2150115966797,0.9999991655349731,241.7411651611328,237.38070678710938,0.9999984502792358,273.6325378417969,242.2008514404297,0.00019562900706660002,295.3964538574219,237.77542114257812,0.00044756647548638284,276.6372985839844,277.07965087890625,0.9999938011169434,253.92892456054688,284.43621826171875,0.010049905627965927,288.80029296875,274.1728210449219,0.003871514229103923
1092,255.77328491210938,226.61793518066406,1.0,266.9977111816406,255.37042236328125,0.9999982118606567,245.38253784179688,241.17779541015625,0.9999994039535522,240.9745330810547,237.9973907470703,0.9999995231628418,273.0768737792969,241.62469482421875,0.00017501329421065748,296.15472412109375,237.9228515625,0.0003048058715648949,275.8500061035156,275.7067565917969,0.9999825954437256,254.32179260253906,284.4308166503906,0.012373710982501507,287.42401123046875,273.5093994140625,0.0034242235124111176
1093,254.60264587402344,225.6788787841797,1.0,265.8572692871094,254.37548828125,0.9999920129776001,245.2462921142578,240.18502807617188,0.9999985694885254,240.76516723632812,237.24046325683594,0.9999982118606567,285.70709228515625,241.9219207763672,0.00012336656800471246,296.2560729980469,238.0797882080078,0.0003838009724859148,274.4950256347656,274.5503234863281,0.9997780919075012,255.38821411132812,284.1286926269531,0.002658757148310542,286.0257873535156,272.1670837402344,0.0012951542157679796
1094,252.95701599121094,224.95059204101562,0.9999998807907104,265.6582336425781,251.88619995117188,0.9999891519546509,245.2431182861328,239.74398803710938,0.9999943971633911,241.2681121826172,237.06076049804688,0.9999942779541016,271.8126220703125,239.6290283203125,7.079592614900321e-05,263.4725646972656,244.5297088623047,0.0002664364583324641,274.2803649902344,272.5703125,0.9999140501022339,255.55563354492188,279.0077209472656,0.018425779417157173,285.8527526855469,271.2934875488281,0.0022117977496236563
1095,250.52859497070312,223.67617797851562,0.9999892711639404,263.8974609375,251.27088928222656,0.999943733215332,243.13694763183594,238.5620880126953,0.997984766960144,240.04347229003906,237.1520538330078,0.994305431842804,242.89508056640625,236.4244842529297,0.0002292049175594002,297.1855773925781,238.24679565429688,0.00019340708968229592,274.38531494140625,270.0373840332031,0.9995597004890442,256.7667541503906,276.3707275390625,0.04971415922045708,284.7475280761719,269.6787414550781,0.0007417913875542581
1096,248.8974609375,220.4305419921875,0.9999995231628418,262.08282470703125,248.2639923095703,0.9999983310699463,239.98590087890625,238.13064575195312,0.9999477863311768,235.21401977539062,235.1503448486328,0.9999815225601196,269.470703125,230.7489776611328,9.210361167788506e-05,233.6299591064453,243.78317260742188,0.0006485976045951247,273.1043395996094,269.2192687988281,0.9994744658470154,254.14366149902344,277.40185546875,0.051287103444337845,283.8643493652344,268.8564758300781,0.0007185831782408059
1097,247.401123046875,219.38531494140625,0.9999996423721313,260.2917785644531,247.4314422607422,0.999995231628418,239.692626953125,236.09390258789062,0.9998152852058411,235.22903442382812,234.23057556152344,0.9999358654022217,262.1994934082031,241.52789306640625,7.863905921112746e-05,260.7209167480469,242.65505981445312,0.0005927277961745858,272.9867858886719,268.791259765625,0.9982321858406067,255.56170654296875,275.9127197265625,0.029041072353720665,283.575439453125,267.9112854003906,0.00033453459036536515
1098,246.63446044921875,218.86036682128906,0.9999992847442627,259.4112548828125,246.07142639160156,0.9999953508377075,239.70449829101562,236.24232482910156,0.9997835755348206,235.18759155273438,234.4366455078125,0.9998154044151306,269.33184814453125,229.038818359375,6.364953151205555e-05,260.736328125,242.6223602294922,0.0003913657274097204,272.7443542480469,268.001708984375,0.9990272521972656,254.21775817871094,273.4149475097656,0.05012026056647301,271.2943115234375,265.6562194824219,0.0003029644431080669
1099,244.57371520996094,218.37232971191406,0.9999934434890747,258.9035339355469,245.58763122558594,0.9999254941940308,239.28271484375,236.4478302001953,0.995870053768158,236.0421600341797,234.31932067871094,0.9938364624977112,241.40158081054688,239.63864135742188,6.726713763782755e-05,232.2928924560547,244.3710479736328,0.000406085659051314,270.65643310546875,264.0024719238281,0.9949342608451843,257.3717041015625,274.6144104003906,0.021687500178813934,270.0220031738281,264.5621643066406,0.0002556178951635957
1100,244.79759216308594,217.2166748046875,0.9999969005584717,258.1781921386719,244.73995971679688,0.9999396800994873,239.25668334960938,235.9077606201172,0.992424726486206,236.1413116455078,233.70562744140625,0.9864456057548523,243.9989776611328,235.06307983398438,6.93591427989304e-05,232.62368774414062,244.40171813964844,0.00026935123605653644,270.6344909667969,263.1576843261719,0.9986841082572937,255.43280029296875,272.18829345703125,0.03899376839399338,270.6776428222656,263.5972595214844,0.00030697445617988706
1101,243.46876525878906,217.20559692382812,0.9999890327453613,257.0748291015625,242.76898193359375,0.9996540546417236,238.3842315673828,233.30784606933594,0.8732273578643799,237.17578125,233.57644653320312,0.9351800680160522,243.02223205566406,226.1160888671875,3.483548425720073e-05,231.52386474609375,244.7916259765625,0.00012176042946521193,271.07977294921875,262.4187316894531,0.9970983266830444,255.6869354248047,270.809326171875,0.08224901556968689,269.71746826171875,262.8966369628906,0.0001899728231364861
1102,242.65208435058594,216.40931701660156,0.9997794032096863,256.7904968261719,242.96510314941406,0.986647367477417,239.60177612304688,232.1669464111328,0.3431364595890045,238.42942810058594,231.54518127441406,0.312485009431839,242.3719024658203,230.24429321289062,2.7047110052080825e-05,230.95986938476562,246.30332946777344,8.510009502060711e-05,271.2092590332031,261.0300598144531,0.9416484236717224,256.0543518066406,269.8865661621094,0.16648779809474945,229.27053833007812,254.41842651367188,0.0001309880753979087
1103,242.2772979736328,216.3765106201172,0.9998077750205994,256.4642333984375,242.9929962158203,0.9933823347091675,239.37510681152344,232.00027465820312,0.1557740420103073,238.458251953125,231.43670654296875,0.19989968836307526,241.91212463378906,230.17098999023438,3.495561395538971e-05,231.43374633789062,246.1865692138672,8.54375321068801e-05,270.7835998535156,261.0937194824219,0.9858906269073486,255.64028930664062,269.91229248046875,0.17461411654949188,229.60321044921875,254.81210327148438,0.00012600631453096867
1104,241.780029296875,216.61874389648438,0.9999393224716187,255.70013427734375,242.57579040527344,0.9948602318763733,239.2227783203125,231.75350952148438,0.3737506866455078,238.7934112548828,231.5128173828125,0.43143343925476074,241.11618041992188,230.09225463867188,8.600565342931077e-05,233.4411163330078,235.31869506835938,0.00017212406964972615,269.9410400390625,261.0286865234375,0.9851251840591431,255.91737365722656,270.2431335449219,0.1600029170513153,214.75074768066406,221.0971221923828,0.00011944505968131125
1105,241.7149200439453,216.7787628173828,0.9999817609786987,253.2052764892578,241.16989135742188,0.9980373978614807,238.619384765625,231.54507446289062,0.8794134855270386,237.85316467285156,231.00657653808594,0.88004070520401,242.06240844726562,230.18540954589844,7.796213321853429e-05,233.5686492919922,234.64662170410156,0.00023153207439463586,269.2898864746094,260.7760009765625,0.9864357113838196,255.82269287109375,270.61553955078125,0.169838085770607,214.38055419921875,221.4504852294922,9.514262637821957e-05
1106,240.8132781982422,216.9384307861328,0.5660858750343323,251.32827758789062,239.82781982421875,0.20021477341651917,240.97413635253906,231.5116729736328,0.002168612089008093,242.02000427246094,230.63906860351562,0.02079615741968155,238.42776489257812,231.9355010986328,9.877964657789562e-06,232.02903747558594,234.58493041992188,9.669854625826702e-05,268.30181884765625,256.4820861816406,0.007929204031825066,259.5345458984375,270.0671691894531,0.010527506470680237,229.05674743652344,241.1121368408203,4.351537427282892e-05
1107,240.5984649658203,222.31954956054688,0.2165815681219101,251.4232177734375,240.03280639648438,0.181367889046669,241.400390625,231.72877502441406,0.0004300601140130311,242.97340393066406,230.60342407226562,0.0051091392524540424,298.2847595214844,235.57911682128906,1.0059186024591327e-05,231.3826904296875,234.4067840576172,8.046440780162811e-05,267.617919921875,259.56658935546875,0.0061136274598538876,259.71392822265625,270.4140319824219,0.004487396217882633,228.71702575683594,241.80227661132812,9.899713040795177e-05
1108,240.96249389648438,222.07183837890625,0.34035006165504456,251.62860107421875,240.2069549560547,0.3919829726219177,241.07749938964844,231.91310119628906,0.0011192737147212029,242.71730041503906,230.88067626953125,0.007780750282108784,298.24530029296875,235.4927978515625,1.2976563084521331e-05,232.01663208007812,234.9075927734375,4.821456241188571e-05,267.57598876953125,259.5100402832031,0.0078773507848382,259.5839538574219,271.184814453125,0.004604217130690813,228.99005126953125,241.91213989257812,6.396984099410474e-05
1109,240.90789794921875,223.899658203125,0.015189770609140396,251.8567657470703,240.4178924560547,0.029716726392507553,257.2303161621094,244.42532348632812,4.836676816921681e-05,244.92613220214844,231.9229278564453,0.0005879589007236063,298.5080261230469,235.61363220214844,7.326626928261248e-06,230.3776092529297,235.17929077148438,2.9530552637879737e-05,267.8650207519531,257.6656188964844,0.001326120225712657,260.41259765625,271.0089111328125,0.0012910664081573486,228.8150177001953,241.50648498535156,5.4252464906312525e-05
1110,240.2880096435547,224.01731872558594,0.0058466363698244095,251.56900024414062,239.17977905273438,0.008906427770853043,257.8616943359375,244.50564575195312,1.6223992133745924e-05,256.3389892578125,243.0160369873047,0.00021546547941397876,2.3312625885009766,282.7237243652344,3.9535593714390416e-06,230.30206298828125,235.5410919189453,1.4343959264806472e-05,267.6796875,257.0288391113281,0.00019731535576283932,260.6593322753906,270.917724609375,0.0006657152553088963,228.76760864257812,240.9983367919922,1.799489291443024e-05
1111,234.4763641357422,226.56936645507812,8.039161912165582e-05,250.7010040283203,238.32131958007812,4.338555663707666e-05,-2.466841220855713,267.3268737792969,4.966967480868334e-06,256.7219543457031,244.2532196044922,1.2742383660224732e-05,1.7000885009765625,267.3677978515625,4.032893684779992e-06,190.5516357421875,311.5032958984375,8.535276720067486e-06,1.8602499961853027,266.7331848144531,1.9290750060463324e-05,261.2186279296875,254.8427734375,2.469317041686736e-05,227.06382751464844,254.60057067871094,4.0708587221161e-06
1112,234.03892517089844,227.8367462158203,2.6249779693898745e-05,249.93817138671875,237.64625549316406,3.08845460494922e-06,-2.5425796508789062,267.32232666015625,4.073479885846609e-06,0.0361027717590332,285.06329345703125,4.761513991979882e-06,2.4350478649139404,282.6793212890625,3.0166747819748707e-06,190.45396423339844,311.1503601074219,1.6989277355605736e-05,1.7551331520080566,266.7216491699219,1.4095624464971479e-05,262.2477111816406,253.28125,1.7512309113953961e-06,-2.2411141395568848,250.06201171875,2.6954849090543576e-06
1113,107.63351440429688,309.5034484863281,1.3864370885130484e-05,0.37119579315185547,269.0188903808594,1.3061359140920104e-06,-2.5572805404663086,267.4277038574219,3.974851551902248e-06,0.10770082473754883,285.0174560546875,5.331185548129724e-06,2.3896052837371826,282.68658447265625,3.470134060989949e-06,190.4515838623047,311.2939453125,1.313736447627889e-05,1.7193207740783691,266.8114013671875,1.3362583558773622e-05,261.8117980957031,268.3834228515625,1.1239213790759095e-06,313.4886169433594,234.4683837890625,2.6704049105319427e-06
1114,107.81143951416016,309.2247314453125,1.6836600480019115e-05,106.85607147216797,299.67230224609375,1.0592333410386345e-06,-2.6063404083251953,267.4911804199219,2.7362721084500663e-06,0.06308269500732422,284.98309326171875,4.282433565094834e-06,2.2275238037109375,250.10894775390625,2.647305109348963e-06,190.53646850585938,311.6742858886719,1.645085467316676e-05,1.4325368404388428,266.83087158203125,8.588300261180848e-06,164.96466064453125,203.68093872070312,7.363475447164092e-07,313.8490905761719,218.4417266845703,2.2662275114271324e-06
1115,107.90084838867188,309.40008544921875,1.3036796190135647e-05,233.26266479492188,251.96971130371094,1.6743528021834209e-06,-2.4969329833984375,267.30035400390625,2.745981419138843e-06,0.12632369995117188,285.08612060546875,4.614081262843683e-06,2.34708571434021,282.77960205078125,3.083848469032091e-06,190.65887451171875,311.6389465332031,1.6770962247392163e-05,1.4797861576080322,266.7969970703125,8.672399417264387e-06,165.1336669921875,203.5145721435547,1.3646307479575626e-06,228.6625213623047,251.69821166992188,2.582608885859372e-06
1116,108.11280822753906,309.5943603515625,9.621127901482396e-06,315.5527648925781,253.4852752685547,1.8270384316565469e-06,-2.4781394004821777,267.140625,4.580008408083813e-06,0.3166079521179199,285.0737609863281,5.144854185346048e-06,2.1867878437042236,282.63580322265625,3.885033947881311e-06,190.86683654785156,311.6347351074219,2.8317319447523914e-05,1.9259824752807617,266.60321044921875,1.7909806047100574e-05,263.2071838378906,253.2562713623047,1.6379547105316306e-06,313.05712890625,234.45785522460938,3.7168606468185317e-06
1117,108.19551086425781,309.5636291503906,1.3005404980503954e-05,315.5188293457031,253.2927703857422,1.429831513632962e-06,-2.4751367568969727,267.2978210449219,3.7186759982432704e-06,0.1560521125793457,285.0708923339844,3.984863724326715e-06,2.233149290084839,282.7890625,2.9612460821226705e-06,190.7761993408203,311.5331726074219,2.948274413938634e-05,1.7125084400177002,266.8754577636719,1.4382380868482869e-05,263.5897521972656,253.19190979003906,9.199243891089282e-07,312.8646240234375,234.35791015625,2.795911086650449e-06
1118,108.06568145751953,309.36572265625,1.0088160706800409e-05,233.9253387451172,251.58872985839844,1.2079161706424202e-06,-2.485323905944824,267.1667175292969,3.17134617944248e-06,0.13835573196411133,285.17877197265625,3.7449945011758246e-06,2.222837448120117,282.7996520996094,2.7364917514205445e-06,190.58126831054688,311.4140625,2.3291351681109518e-05,1.5952718257904053,266.8734130859375,1.1009548870788421e-05,263.5194396972656,253.00546264648438,2.497437662896118e-06,133.88922119140625,204.21853637695312,8.395917575398926e-06
1119,108.28388977050781,309.53765869140625,9.842307918006554e-06,0.39638328552246094,268.98638916015625,1.3473246553985518e-06,-2.4514126777648926,267.2216491699219,3.2770710731711006e-06,0.20329999923706055,285.1794128417969,4.337262453191215e-06,2.1770801544189453,282.78466796875,3.0759240416955436e-06,190.55755615234375,311.35687255859375,2.163887802453246e-05,1.6007556915283203,266.90875244140625,1.2196618627058342e-05,165.36279296875,202.8900909423828,7.212922355392948e-06,133.84222412109375,204.80581665039062,9.99351505015511e-06
1120,108.32627868652344,309.42327880859375,1.5240056200127583e-05,0.3487112522125244,268.9677734375,1.0883430832109298e-06,-2.475679874420166,267.2023620605469,2.4471366941725137e-06,0.2229769229888916,285.08953857421875,4.218377853248967e-06,2.064450263977051,282.7884521484375,3.018240022356622e-06,190.6726837158203,311.46722412109375,1.9393513866816647e-05,1.498849630355835,266.8809509277344,8.471859473502263e-06,164.751953125,202.5728302001953,1.818111923057586e-05,133.63011169433594,204.82843017578125,1.3146011951903347e-05
1121,108.4486083984375,309.34454345703125,2.0080226022400893e-05,0.3232250213623047,268.9273681640625,1.134943431679858e-06,-2.4897799491882324,267.14947509765625,2.8007975743093994e-06,0.21027231216430664,285.0630187988281,3.965442374465056e-06,2.031252861022949,282.7550964355469,3.062874839088181e-06,190.64208984375,311.90484619140625,1.5003543012426235e-05,1.571794033050537,266.79656982421875,9.518030310573522e-06,165.97557067871094,202.64927673339844,1.3210345059633255e-05,133.29750061035156,204.6933135986328,9.965239769371692e-06
1122,108.68220520019531,309.3780212402344,1.6846317521412857e-05,315.6297302246094,253.55813598632812,1.0647114550010883e-06,-2.501429557800293,267.18621826171875,2.4252765342680505e-06,0.243988037109375,285.06402587890625,3.820814072241774e-06,2.0724000930786133,282.7253112792969,2.6888915272138547e-06,190.82949829101562,311.9542236328125,1.7820120774558745e-05,1.5202090740203857,266.7761535644531,8.196650924219284e-06,165.95716857910156,202.6287841796875,1.239033827005187e-05,133.46380615234375,205.06080627441406,8.128173249133397e-06
1123,108.64038848876953,309.381591796875,2.0332796339062043e-05,107.13200378417969,299.5088806152344,1.1928431149499374e-06,-2.5094218254089355,267.1995849609375,2.2677711513097165e-06,164.56639099121094,208.7193145751953,5.415846317191608e-06,2.1883597373962402,282.65301513671875,2.9630311928485753e-06,190.87696838378906,311.90289306640625,1.6338892237399705e-05,1.510587215423584,266.8016052246094,7.19207537258626e-06,166.4276580810547,203.20130920410156,2.208062505815178e-05,133.67498779296875,204.69517517089844,5.8820564845518675e-06
1124,108.53214263916016,309.49188232421875,1.9726392565644346e-05,107.12874603271484,299.4837646484375,1.1896190699189901e-06,237.091552734375,316.3500671386719,2.3716879695712123e-06,165.21420288085938,208.7743377685547,9.892613888951018e-06,2.1319727897644043,282.6445007324219,2.490630322427023e-06,127.828125,220.2047882080078,2.2147305571706966e-05,1.5667994022369385,266.8293762207031,6.051174750609789e-06,166.03707885742188,203.52345275878906,1.4203278624336235e-05,133.4889373779297,204.6051788330078,3.4046197470161133e-06
1125,108.39414978027344,309.5056457519531,2.0200441213091835e-05,107.14539337158203,299.71527099609375,1.2179566510894801e-06,-2.565821647644043,267.2566223144531,2.4991768441395834e-06,165.3424835205078,208.73812866210938,7.430387540807715e-06,2.2075865268707275,282.6949157714844,2.7831868010252947e-06,127.94293975830078,220.59332275390625,1.5762450857437216e-05,1.6639378070831299,266.74420166015625,7.855193871364463e-06,166.50160217285156,203.80458068847656,1.5673473171773367e-05,133.77064514160156,204.2458953857422,2.917455503848032e-06
1126,108.55562591552734,309.6790771484375,2.1449570340337232e-05,233.93655395507812,251.73675537109375,1.424614424649917e-06,236.98147583007812,316.2544860839844,2.565939666965278e-06,165.7668914794922,208.52516174316406,1.8488517525838688e-05,2.1579434871673584,282.7032470703125,3.855789145745803e-06,130.5315399169922,213.72891235351562,3.258854121668264e-05,1.740318775177002,266.72003173828125,9.041917110153008e-06,166.4632110595703,204.15606689453125,7.22042341294582e-06,132.90769958496094,219.89381408691406,6.391080660250736e-06
1127,108.7084732055664,309.7478942871094,2.3408301785821095e-05,233.58250427246094,252.0072479248047,1.7259609421671485e-06,237.05499267578125,316.3169250488281,2.751769443420926e-06,165.90635681152344,208.22390747070312,1.0877798558794893e-05,2.1820731163024902,282.7052917480469,3.1848242088017287e-06,128.42979431152344,221.3546905517578,1.1860760423587635e-05,1.7505106925964355,266.74932861328125,8.293151040561497e-06,166.68075561523438,204.27601623535156,4.148259904468432e-06,133.36480712890625,219.2909698486328,4.0805603020999115e-06
1128,108.76934051513672,309.7172546386719,1.4153169104247354e-05,233.64247131347656,252.22743225097656,1.0153773928323062e-06,-2.4830822944641113,267.1058654785156,2.5760316475498257e-06,165.7947998046875,208.61978149414062,6.6873258219857235e-06,2.4197959899902344,250.0885467529297,2.610907358757686e-06,190.76991271972656,312.1125793457031,8.36853087093914e-06,1.8150310516357422,266.5630187988281,9.01463226909982e-06,167.03099060058594,204.04217529296875,4.691262802225538e-06,312.4441223144531,249.83514404296875,2.5762576569832163e-06
1129,108.70504760742188,309.6731872558594,1.651769707677886e-05,233.73316955566406,252.14584350585938,1.4601976090489188e-06,237.0585174560547,316.4376220703125,2.761388486760552e-06,165.2407989501953,208.38107299804688,6.188443876453675e-06,2.2962851524353027,250.0566864013672,2.416178404018865e-06,190.64151000976562,312.0281677246094,1.0244590157526545e-05,1.746988296508789,266.630126953125,7.946490768517833e-06,167.10121154785156,203.4959716796875,6.975927590247011e-06,133.4999237060547,219.0892333984375,3.285899310867535e-06
1130,108.6763687133789,309.67437744140625,1.72205654962454e-05,233.95437622070312,252.1167755126953,1.7122616782216937e-06,-2.5635781288146973,267.2658386230469,2.9508266834454844e-06,165.00262451171875,208.66253662109375,6.0222746469662525e-06,2.197990894317627,282.7548828125,2.465212673996575e-06,190.6555633544922,311.9737548828125,1.1727163837349508e-05,1.7208664417266846,266.6829833984375,1.0172683687414974e-05,166.43931579589844,203.61422729492188,9.40522295422852e-06,229.86990356445312,265.0926208496094,3.2274806471832562e-06
1131,108.56451416015625,309.6256408691406,1.7039805243257433e-05,233.53590393066406,252.4748077392578,1.7501741922387737e-06,-2.5450119972229004,267.1743469238281,2.8311246751400176e-06,164.8007354736328,208.46221923828125,6.420127647288609e-06,2.2315518856048584,282.7242126464844,2.706932946239249e-06,190.67196655273438,312.0137634277344,9.380598385178018e-06,1.8458127975463867,266.6651916503906,1.093853006750578e-05,166.5075225830078,203.6004638671875,1.0422394552733749e-05,230.42250061035156,250.173095703125,4.3212639866396785e-06
1132,108.45680236816406,309.61737060546875,1.7130087144323625e-05,233.7283477783203,252.6717987060547,2.3649643026146805e-06,-2.5509839057922363,267.2745361328125,3.0460550988209434e-06,165.24928283691406,208.6128387451172,6.412270977307344e-06,2.2661449909210205,282.78277587890625,2.726106458794675e-06,190.4074249267578,311.9933776855469,1.0007192031480372e-05,1.7531142234802246,266.8292541503906,1.047308887791587e-05,166.8332977294922,203.5237579345703,3.821794052782934e-06,230.92108154296875,250.10671997070312,5.305571903591044e-06
1133,108.57772827148438,309.5990905761719,2.2493602955364622e-05,233.89996337890625,252.72914123535156,1.9612180039985105e-06,-2.557152271270752,267.2596130371094,2.3119409888749942e-06,164.86183166503906,208.69593811035156,5.4211641327128746e-06,2.2458529472351074,282.8279724121094,2.210350885434309e-06,190.44496154785156,312.120849609375,1.0631665645632893e-05,1.6223597526550293,266.9005126953125,7.652693966520019e-06,166.49916076660156,203.54733276367188,5.787700501969084e-06,231.04022216796875,250.43283081054688,4.2248998397553805e-06
1134,108.64893341064453,309.59716796875,2.51684250542894e-05,107.13865661621094,299.856689453125,1.5251482636813307e-06,-2.4947872161865234,267.20135498046875,2.243900325993309e-06,165.00198364257812,208.6524658203125,4.533886567514855e-06,2.207517385482788,282.7332763671875,1.8570386828287155e-06,190.43885803222656,312.0718994140625,1.0624834430927876e-05,1.5972485542297363,266.7697448730469,6.7989017225045245e-06,166.9427490234375,203.4005889892578,4.967710992787033e-06,312.047119140625,249.82632446289062,2.5372721665917197e-06
1135,108.65321350097656,309.7256774902344,2.2234858988667838e-05,107.1233139038086,299.8180236816406,1.4031846831130679e-06,-2.5671019554138184,267.2314453125,2.3502261683461256e-06,0.03166508674621582,285.0445251464844,2.824657485689386e-06,2.191606283187866,250.07069396972656,1.989795464396593e-06,190.2977752685547,312.1061096191406,1.0851419574464671e-05,1.719069242477417,266.6713562011719,7.858107892388944e-06,166.8696746826172,203.3046112060547,4.2315368773415685e-06,311.7972412109375,249.66114807128906,3.1328181648859754e-06
1136,108.76127624511719,309.70184326171875,2.517341636121273e-05,107.100341796875,299.962158203125,1.5700135236329515e-06,-2.6547489166259766,267.25152587890625,2.4078560727502918e-06,0.17117547988891602,285.03900146484375,3.60993726644665e-06,2.1527457237243652,282.7772216796875,2.163594444937189e-06,190.4008331298828,311.9693298339844,9.9360031526885e-06,1.7841999530792236,266.72369384765625,8.214562512876e-06,166.9306182861328,203.04103088378906,3.923593794752378e-06,312.1263122558594,249.81748962402344,2.7603061880654423e-06
1137,108.7315444946289,309.76861572265625,2.2837533833808266e-05,107.11153411865234,299.9105224609375,1.3952345625511953e-06,-2.655613422393799,267.2923278808594,2.412722324152128e-06,0.029391765594482422,285.05902099609375,3.309631210868247e-06,2.2903873920440674,282.8276672363281,2.0208428850310156e-06,190.4798583984375,311.80328369140625,8.20436889625853e-06,1.7395567893981934,266.8023681640625,7.701660251768772e-06,167.26104736328125,203.10792541503906,3.7374484236352146e-06,312.0264892578125,249.5269317626953,3.9131341509346385e-06
1138,108.4778823852539,309.60357666015625,2.0834169845329598e-05,107.02778625488281,299.7471618652344,1.1587019344005967e-06,-2.746744155883789,267.4367370605469,2.4399455469392706e-06,0.01607656478881836,285.0836486816406,2.8066560844308697e-06,2.045100688934326,250.2015838623047,2.7346600290911738e-06,190.50318908691406,311.8802490234375,7.214256584120449e-06,1.781869888305664,266.60748291015625,8.092949428828433e-06,167.15948486328125,202.8926544189453,4.302369234210346e-06,312.265869140625,249.9332733154297,2.6051543500216212e-06
1139,108.33981323242188,309.721923828125,1.889050872705411e-05,315.82757568359375,254.3434295654297,1.038426944433013e-06,-2.6747608184814453,267.33624267578125,2.6461691504664486e-06,0.0848546028137207,285.0964660644531,2.69338556790899e-06,2.782980442047119,234.67752075195312,2.5415877189516323e-06,190.6097412109375,311.7899169921875,8.190844710043166e-06,1.7719166278839111,266.6713562011719,7.652840395167004e-06,166.95809936523438,202.9563751220703,5.065907316748053e-06,312.5517883300781,249.8860626220703,4.267687018000288e-06
1140,108.30596923828125,309.2406921386719,2.2193842596607283e-05,106.77342987060547,299.59228515625,1.2537612974483636e-06,-2.598301410675049,267.2876281738281,1.8502363445804804e-06,239.67616271972656,269.665771484375,2.8100253075535875e-06,2.326827049255371,250.3209228515625,1.8952697473650915e-06,133.2328643798828,219.45632934570312,2.2689115212415345e-05,1.6012022495269775,266.65057373046875,5.82850680075353e-06,167.06785583496094,202.7664794921875,3.769920340346289e-06,230.63739013671875,264.8554382324219,4.615806119545596e-06
1141,108.27835083007812,309.1883544921875,2.0126910385442898e-05,106.87155151367188,299.4600830078125,1.326604547102761e-06,-2.4056344032287598,267.2271423339844,2.432023620713153e-06,165.31497192382812,208.14463806152344,4.786363206221722e-06,2.4717557430267334,282.60211181640625,1.8381922473054146e-06,133.3193817138672,218.7948455810547,2.5932760763680562e-05,1.6007204055786133,266.8367919921875,7.5297280091035645e-06,166.558837890625,203.48849487304688,1.0124264008481987e-05,313.0061950683594,250.0716094970703,4.115612682653591e-06
1142,108.34221649169922,309.264892578125,2.150922045984771e-05,106.86688995361328,299.4919128417969,1.6045681832110859e-06,-2.4881949424743652,267.0548095703125,2.0898964976368006e-06,165.31544494628906,208.01321411132812,3.1898673569230596e-06,2.141331434249878,250.08323669433594,1.8835341961676022e-06,133.66976928710938,219.23782348632812,1.811061883927323e-05,1.6527519226074219,266.8014221191406,6.575378392881248e-06,166.72569274902344,203.4057159423828,9.221535037795547e-06,312.9895935058594,250.23170471191406,2.9093064313201467e-06
1143,108.32791137695312,309.30584716796875,2.2373047613655217e-05,106.90746307373047,299.50201416015625,1.538498963782331e-06,-2.585097312927246,267.0086975097656,2.194237822550349e-06,239.01792907714844,269.873046875,4.865545633947477e-06,2.8075711727142334,234.75132751464844,1.8114428712578956e-06,133.59112548828125,219.40899658203125,1.545117083878722e-05,1.7708978652954102,266.70947265625,6.482419394160388e-06,167.2537384033203,203.03749084472656,7.815180651959963e-06,312.68438720703125,249.85557556152344,6.1653404372918885e-06
1144,108.39249420166016,309.26214599609375,2.279473665112164e-05,106.93130493164062,299.5093994140625,1.5294567674573045e-06,-2.588099956512451,267.1805725097656,1.8011056681643822e-06,239.17105102539062,270.5327453613281,4.945716227666708e-06,2.161853790283203,250.1895751953125,1.7208413964908686e-06,133.3326416015625,220.333740234375,9.54996266955277e-06,1.6097314357757568,266.8076477050781,4.958907538821222e-06,167.28102111816406,203.18643188476562,1.2898302884423174e-05,312.4374084472656,249.49588012695312,5.886344297323376e-06
1145,108.4387435913086,309.452880859375,1.973774124053307e-05,106.92621612548828,299.5290222167969,1.4294812444859417e-06,-2.5855913162231445,267.15960693359375,2.029650204349309e-06,165.93019104003906,208.35720825195312,3.883937097270973e-06,2.3636879920959473,250.18894958496094,1.757595555318403e-06,133.2455596923828,221.3141632080078,1.042913572746329e-05,252.0134735107422,251.96473693847656,2.17908982449444e-05,245.05404663085938,251.58448791503906,1.519363377155969e-05,312.3816223144531,249.70907592773438,5.583938218478579e-06
1146,108.61994934082031,309.73907470703125,1.5410863852594048e-05,107.15213012695312,299.5423889160156,1.0486614883120637e-06,-2.6238865852355957,267.1980895996094,2.0786460481758695e-06,239.18771362304688,271.5657958984375,3.6075250591238728e-06,2.0411243438720703,250.1420135498047,2.427018898742972e-06,190.6182403564453,311.7071838378906,8.197604984161444e-06,252.4126434326172,252.57350158691406,6.881787157908548e-06,244.03640747070312,251.1890411376953,7.781090062053408e-06,-2.286881446838379,249.85397338867188,2.2548751985596027e-06
1147,333.93292236328125,211.91131591796875,2.0322870113886893e-05,107.14873504638672,299.9025573730469,9.143205943473731e-07,-2.5349717140197754,267.2507629394531,2.3868362859502668e-06,-0.07926750183105469,285.00677490234375,2.882352646338404e-06,2.120457887649536,250.05349731445312,2.4364110231545055e-06,132.7909698486328,220.6443634033203,7.721700967522338e-06,1.7321038246154785,266.7216491699219,7.507255759264808e-06,167.73287963867188,203.71005249023438,1.0767343155748677e-05,-2.1652112007141113,249.71566772460938,2.2939889277040493e-06
1148,334.1388854980469,211.7558135986328,1.6325451724696904e-05,107.1037368774414,299.9748840332031,9.009922337099852e-07,-2.5342702865600586,267.19940185546875,1.972946165551548e-06,165.61685180664062,208.5270538330078,5.217836132942466e-06,2.1003966331481934,250.08609008789062,2.661331336639705e-06,190.26504516601562,311.6279602050781,6.487646260211477e-06,1.6885180473327637,266.86138916015625,5.824506388307782e-06,167.70672607421875,203.71337890625,7.701220056333113e-06,328.6213073730469,235.84986877441406,2.5921410724549787e-06
1149,108.46060943603516,309.95953369140625,1.8559851014288142e-05,107.06208038330078,299.9324645996094,1.044552277562616e-06,-2.5502843856811523,267.14794921875,2.2092867766332347e-06,166.008056640625,208.7733154296875,8.240393071901053e-06,2.045480251312256,250.1751708984375,2.601938831503503e-06,190.12942504882812,311.6898193359375,8.541074748791289e-06,1.6638493537902832,266.7723083496094,5.986240466882009e-06,169.9039764404297,205.5902099609375,1.0226201084151398e-05,328.7525634765625,235.9084014892578,3.841233592538629e-06
1150,108.3684310913086,309.9041442871094,1.6966479961411096e-05,106.9058837890625,299.9006652832031,8.867284009284049e-07,-2.4910593032836914,267.1369934082031,2.2085937416704837e-06,166.26358032226562,208.98501586914062,1.0100231520482339e-05,2.075519561767578,250.15771484375,1.9831138615700183e-06,189.55191040039062,311.7802734375,8.42819190438604e-06,1.6686897277832031,266.7862243652344,5.633855380438035e-06,169.7561492919922,205.35670471191406,1.0341404959035572e-05,150.50155639648438,204.4218292236328,2.933491941803368e-06
1151,108.4495620727539,309.884765625,1.4467354048974812e-05,0.4581010341644287,268.8536682128906,7.762092764096451e-07,-2.5595879554748535,267.1214294433594,2.360205598961329e-06,169.4129638671875,210.14268493652344,3.642441242845962e-06,2.2656540870666504,250.21139526367188,1.9526330561348004e-06,189.42544555664062,311.75738525390625,1.2073324796801899e-05,1.703540325164795,266.80322265625,6.4974537963280454e-06,169.5709686279297,205.54278564453125,1.3283769476402085e-05,150.1956024169922,204.26280212402344,3.217357743778848e-06
1152,108.13423156738281,309.8990478515625,1.0446246960782446e-05,0.5282127857208252,268.7388000488281,9.305684329774522e-07,-2.415191173553467,267.2253112792969,2.8062306682841154e-06,177.93576049804688,210.3062286376953,9.179252629110124e-06,2.1968231201171875,282.6120300292969,2.555938408477232e-06,189.37130737304688,311.9967346191406,9.080050404008944e-06,1.725050449371338,266.75775146484375,7.837048542569391e-06,169.8463592529297,205.5293731689453,8.703900675754994e-06,169.25807189941406,204.75726318359375,3.6743783766723936e-06
1153,334.4351501464844,212.12547302246094,1.0940074389509391e-05,0.40949201583862305,268.7797546386719,7.966895054778433e-07,-2.481198310852051,267.31695556640625,2.946687118310365e-06,177.6982879638672,210.2540740966797,1.5816658560652286e-05,2.1481895446777344,250.32003784179688,2.3166951450548368e-06,189.63555908203125,312.2200927734375,4.939329301123507e-06,1.7601919174194336,266.84710693359375,6.800146366003901e-06,178.24725341796875,203.11541748046875,9.029930879478343e-06,328.9737548828125,236.12838745117188,2.233686245745048e-06
1154,108.14907836914062,309.43756103515625,1.0204866157437209e-05,0.4595491886138916,268.85845947265625,8.415095749114698e-07,-2.6362524032592773,267.3692321777344,2.861095254047541e-06,178.0395050048828,210.06619262695312,2.1851248675375246e-05,2.3554816246032715,282.6224060058594,2.4090918486763258e-06,189.62428283691406,312.2945861816406,7.0988758125167806e-06,1.7891075611114502,266.9742736816406,7.271504273376195e-06,178.45330810546875,203.21763610839844,9.077331924345344e-06,169.00399780273438,204.68292236328125,4.571063072944526e-06
1155,107.8219223022461,309.42840576171875,1.1745844858523924e-05,0.5349726676940918,268.8823547363281,9.847328783507692e-07,-2.543013095855713,267.3504943847656,3.0462003905995516e-06,178.27334594726562,210.30133056640625,9.965639947040472e-06,2.1075191497802734,250.48870849609375,2.9416471534204902e-06,189.98785400390625,312.0215759277344,8.6447043941007e-06,1.7568461894989014,267.00701904296875,6.5837680267577525e-06,179.2371368408203,202.92723083496094,3.8596708691329695e-06,-2.4124855995178223,249.8192596435547,1.9050154378419393e-06
1156,333.9285888671875,212.00303649902344,9.239395694748964e-06,0.5166294574737549,268.80462646484375,9.783788073036703e-07,-2.570004940032959,267.2903137207031,2.8370895961415954e-06,178.42808532714844,210.9093017578125,1.6971967852441594e-05,2.162088394165039,250.46006774902344,2.590858230178128e-06,190.00193786621094,311.8798828125,7.400537015200825e-06,1.727602481842041,267.0283508300781,7.03117621014826e-06,178.9437713623047,203.17599487304688,3.971104433730943e-06,57.65238571166992,202.1989288330078,2.0297723040130222e-06
1157,108.0267333984375,309.281982421875,1.0064337402582169e-05,58.840232849121094,208.1985321044922,1.1655645266728243e-06,-2.5201163291931152,267.25408935546875,2.9783780064462917e-06,178.82615661621094,210.6781768798828,8.97352128959028e-06,2.159459352493286,250.57568359375,4.073472155141644e-06,190.09022521972656,311.89056396484375,6.03441594648757e-06,1.7138822078704834,267.0567932128906,7.600711796840187e-06,179.3294677734375,203.07241821289062,3.7939626054139808e-06,57.722694396972656,202.3031463623047,2.518105475246557e-06
1158,333.7151184082031,212.18955993652344,9.138009772868827e-06,0.3799605369567871,268.9641418457031,1.1768431704695104e-06,-2.5889649391174316,267.2258605957031,3.0746098218514817e-06,0.28712964057922363,284.96661376953125,4.330381216277601e-06,2.080622673034668,250.60350036621094,4.8085066737257876e-06,189.9512939453125,311.9288330078125,5.9446874729474075e-06,1.615506887435913,267.0467224121094,7.211732281575678e-06,179.5552520751953,202.78065490722656,2.1173264030949213e-06,-2.1583075523376465,249.76641845703125,2.2498379621538334e-06
1159,333.8245849609375,212.11349487304688,8.48543641041033e-06,58.847618103027344,208.1121063232422,1.168981953014736e-06,-2.634599208831787,267.1987609863281,3.3112698929471662e-06,179.5839080810547,214.4770965576172,1.2084509762644302e-05,1.8483929634094238,250.5481414794922,5.246652108326089e-06,201.00411987304688,252.2733612060547,7.101693427102873e-06,1.7445623874664307,266.88494873046875,8.150894245773088e-06,179.3302764892578,202.5760498046875,2.1811522401549155e-06,-2.059999942779541,249.8164520263672,3.2910643312789034e-06
1160,333.76361083984375,212.04176330566406,7.554391231678892e-06,58.72468566894531,207.99220275878906,1.3916318266637973e-06,-2.7142014503479004,267.2850036621094,3.296945124020567e-06,181.00636291503906,214.7037811279297,2.0165143723716028e-05,1.6661689281463623,250.51577758789062,3.967905286117457e-06,200.7298583984375,251.78256225585938,8.88482463778928e-06,1.9465210437774658,266.76275634765625,8.574837920605205e-06,65.83187103271484,202.94017028808594,1.8048453966912348e-06,-2.082584857940674,250.00856018066406,2.9250750230858102e-06
1161,334.0473937988281,212.1157989501953,1.0016844498750288e-05,58.4841194152832,208.0784912109375,1.0089131592394551e-06,-1.926194190979004,250.79916381835938,3.029715117008891e-06,180.52569580078125,214.3502960205078,1.2296367458475288e-05,1.7419185638427734,250.61715698242188,4.513119165494572e-06,200.81385803222656,251.80230712890625,6.984567789913854e-06,1.5185778141021729,252.53390502929688,7.197674221970374e-06,179.90927124023438,202.5187530517578,1.8179847529609106e-06,-2.0844483375549316,249.97927856445312,3.309025487396866e-06
1162,334.1953430175781,211.9617156982422,1.5343846825999208e-05,58.337677001953125,208.17413330078125,1.4381120081452536e-06,-1.8396806716918945,250.73524475097656,3.6827379972237395e-06,180.2191925048828,214.54043579101562,1.2163049177615903e-05,1.5956501960754395,250.61854553222656,6.117466455179965e-06,189.82244873046875,311.8206787109375,1.0610151548462454e-05,1.8291993141174316,266.89080810546875,1.0963834938593209e-05,65.6727066040039,203.2527618408203,2.0711840988951735e-06,-2.0096774101257324,250.04788208007812,3.943200681533199e-06
1163,334.33966064453125,212.30113220214844,1.2576206245284993e-05,58.44562530517578,208.50582885742188,1.5740765775262844e-06,-2.6714415550231934,267.22186279296875,4.07520883527468e-06,180.34925842285156,214.38174438476562,7.148510576371336e-06,1.615002155303955,250.6275177001953,6.6341831370664295e-06,189.98736572265625,311.6730041503906,1.2122704902139958e-05,1.9582335948944092,266.84613037109375,1.3205457435105927e-05,65.67412567138672,203.32095336914062,1.963855083886301e-06,-1.8410124778747559,249.86007690429688,4.0852482925402e-06
1164,334.2259216308594,212.2595977783203,7.332443146879086e-06,0.45589160919189453,269.0002746582031,1.5949141243254417e-06,-2.54534912109375,267.1331787109375,4.23074243371957e-06,0.07542181015014648,284.92138671875,5.088747911941027e-06,1.638688087463379,250.54237365722656,4.833509137824876e-06,190.17469787597656,311.7142028808594,1.1119211194454692e-05,1.8856842517852783,266.90509033203125,1.4215351257007569e-05,180.34750366210938,201.66151428222656,3.5391703931964003e-06,-2.1041150093078613,249.69186401367188,3.466456064415979e-06
1165,334.2810363769531,212.59353637695312,1.0169774213864002e-05,0.6326439380645752,268.9466247558594,1.5169930520642083e-06,-2.3928632736206055,267.1309509277344,4.591339347825851e-06,0.16989493370056152,284.8686218261719,6.3803381635807455e-06,2.36557674407959,282.61370849609375,5.1571696531027555e-06,190.13839721679688,312.0855407714844,1.1543107575562317e-05,2.16090726852417,266.75457763671875,1.785443237167783e-05,192.98660278320312,201.06759643554688,6.255463631532621e-06,57.63151550292969,202.3599090576172,4.181396889180178e-06
1166,334.322998046875,212.77764892578125,9.862339538813103e-06,58.63346481323242,208.36325073242188,1.9766621335293166e-06,-2.4974656105041504,267.06494140625,4.591242941387463e-06,0.1777181625366211,284.8898620605469,6.725816092512105e-06,2.3436648845672607,282.5819091796875,4.995036761101801e-06,190.239501953125,311.9800720214844,1.0892425052588806e-05,2.212319850921631,266.68597412109375,1.806137697712984e-05,181.0071258544922,201.5398406982422,9.060838237928692e-06,57.40107727050781,202.42803955078125,6.674137694062665e-06
1167,334.3926086425781,212.86590576171875,8.60113595990697e-06,58.62394714355469,208.1278839111328,2.18877244151372e-06,-2.4108052253723145,266.99371337890625,5.444525413622614e-06,0.1670374870300293,284.81463623046875,7.337024726439267e-06,2.4183969497680664,282.60601806640625,5.856247753399657e-06,190.20132446289062,311.96868896484375,8.46199327497743e-06,2.2607359886169434,266.6628723144531,2.0176126781734638e-05,180.5599365234375,201.1945037841797,1.142343353421893e-05,57.45380783081055,202.38145446777344,7.339039711951045e-06
1168,2.2682454586029053,270.7438659667969,5.542946837522322e-06,58.40341567993164,208.4268798828125,2.31286730922875e-06,-2.5244383811950684,266.9671630859375,6.05159584665671e-06,0.22934293746948242,284.8794250488281,6.6134953158325516e-06,2.323577642440796,282.59600830078125,5.738002528232755e-06,190.24583435058594,311.9285583496094,9.0768990048673e-06,2.363510847091675,266.671875,2.2873695343150757e-05,180.78553771972656,201.1649932861328,1.0114486940437928e-05,57.37522888183594,202.46981811523438,4.197549969831016e-06
1169,2.101057291030884,270.7882385253906,5.159471584192943e-06,58.24494171142578,208.3935089111328,2.577041414042469e-06,-2.448176860809326,267.002197265625,5.1929650908277836e-06,0.22495079040527344,284.7861633300781,5.9803628573718015e-06,1.4580113887786865,250.60072326660156,5.348617378331255e-06,190.30213928222656,311.8675231933594,1.0652877790562343e-05,2.2892565727233887,266.72607421875,2.2321517462842166e-05,180.37623596191406,200.81195068359375,1.194043034047354e-05,57.51451873779297,202.25125122070312,4.681868631450925e-06
1170,1.3922529220581055,286.2862548828125,5.6512899391236715e-06,0.7012383937835693,269.0348205566406,2.0090787984372582e-06,-2.3443498611450195,266.9518127441406,4.549986897472991e-06,0.21265769004821777,284.7550048828125,6.866970579721965e-06,2.378520965576172,282.6260986328125,5.160387445357628e-06,190.24102783203125,311.8053894042969,1.0800716154335532e-05,2.3361258506774902,266.7962951660156,1.945026269822847e-05,192.90269470214844,200.41595458984375,6.85140912537463e-06,-2.241457939147949,249.78834533691406,2.9214481855888152e-06
1171,1.3035008907318115,286.34124755859375,4.3062359509349335e-06,58.148563385009766,208.51950073242188,1.8462229718352319e-06,-2.454437255859375,266.9656677246094,3.300059461253113e-06,0.16531777381896973,284.864990234375,5.0064058996213134e-06,1.4592530727386475,250.59527587890625,4.780628842127044e-06,190.4724578857422,311.8471984863281,7.3021501520997845e-06,2.2912302017211914,266.7220764160156,1.332996180281043e-05,192.61729431152344,199.65428161621094,4.1189257899532095e-05,57.4734992980957,202.1405792236328,4.531076683633728e-06
1172,189.77200317382812,207.659423828125,1.0255861525365617e-05,58.28718566894531,208.54249572753906,1.50718301483721e-06,-2.4537439346313477,266.8641662597656,3.0351607165357564e-06,0.18512654304504395,284.9095153808594,4.845795047003776e-06,1.5301251411437988,250.55447387695312,4.281788278603926e-06,190.358642578125,311.9348449707031,8.054574209381826e-06,2.146244525909424,266.79608154296875,1.1151685612276196e-05,192.51133728027344,200.020263671875,2.416949973849114e-05,-2.3460865020751953,249.8409881591797,3.4759766549541382e-06
1173,189.0113067626953,206.95147705078125,1.2015742868243251e-05,58.279319763183594,208.34027099609375,1.4536728940583998e-06,-2.4687204360961914,266.8921813964844,3.3772842016333016e-06,0.23808026313781738,284.9239501953125,4.801436716661556e-06,1.622037649154663,250.53567504882812,4.370805072539952e-06,217.0231475830078,252.03712463378906,1.1876504686370026e-05,2.2138471603393555,266.80322265625,1.3542044143832754e-05,193.086669921875,200.0531768798828,0.00013555787154473364,57.776885986328125,202.15353393554688,4.690891728387214e-06
1174,189.54417419433594,206.4764404296875,1.0596995707601309e-05,58.31804275512695,208.52500915527344,1.8689763692236738e-06,-2.4908480644226074,266.87054443359375,4.4461216930358205e-06,0.20293927192687988,284.84332275390625,4.611045824276516e-06,1.4794321060180664,250.5206756591797,5.806198714708444e-06,217.1499786376953,251.8036346435547,1.8358432498644106e-05,2.4088010787963867,266.7015075683594,1.8530987290432677e-05,193.12310791015625,200.21548461914062,0.00013382326869759709,57.834564208984375,202.4871063232422,6.147046406113077e-06
1175,190.22328186035156,206.3086395263672,1.24817170217284e-05,0.7177212238311768,268.902587890625,1.4449774425884243e-06,-2.425882339477539,266.903076171875,3.9562069105159026e-06,191.24705505371094,208.3469696044922,5.917238013353199e-06,1.4638376235961914,250.5838623046875,5.889224667043891e-06,217.11990356445312,251.88519287109375,3.830238711088896e-05,2.2311668395996094,266.5491638183594,1.3089766980556305e-05,192.90196228027344,200.56228637695312,0.00022590107982978225,-2.2392492294311523,249.89950561523438,5.153949132363778e-06
1176,204.20477294921875,323.34930419921875,6.0565321291505825e-06,0.7157211303710938,268.9544982910156,1.0620565262797754e-06,-2.4451847076416016,267.0483703613281,3.5117018342134543e-06,186.65908813476562,212.3817901611328,6.395554919436108e-06,1.6683814525604248,250.62615966796875,4.454728696146049e-06,217.65834045410156,252.12997436523438,1.5480183719773777e-05,2.2000865936279297,266.55224609375,1.1905352948815562e-05,193.4048614501953,200.8970184326172,4.8323196097044274e-05,57.652530670166016,202.00250244140625,4.559156423056265e-06
1177,204.1156768798828,323.5152587890625,5.793748186988523e-06,0.7581384181976318,268.91473388671875,1.022300352815364e-06,-2.5470309257507324,266.8929443359375,3.071617811656324e-06,186.23583984375,212.4542694091797,1.0631189070409164e-05,1.8621513843536377,250.60133361816406,3.257764319641865e-06,217.46875,252.17300415039062,2.512480023142416e-05,2.214350700378418,266.72528076171875,9.549361493554898e-06,193.0206298828125,200.98171997070312,0.00011033380724256858,57.437232971191406,201.9588165283203,3.537610837156535e-06
1178,204.20407104492188,323.6455078125,4.714351234724745e-06,0.8231141567230225,268.8211975097656,1.2768811075147823e-06,-2.4098634719848633,266.84771728515625,3.4744023196253693e-06,192.746826171875,212.496337890625,1.1123443073302042e-05,1.6886675357818604,267.2434387207031,3.509478801788646e-06,217.6192169189453,252.52931213378906,2.6079360395669937e-05,2.179126262664795,266.6812438964844,1.2718818652501795e-05,193.55154418945312,201.1773223876953,7.594400085508823e-05,57.37329864501953,202.25051879882812,3.946661763620796e-06
1179,204.27166748046875,323.7874450683594,3.9586302591487765e-06,218.3612518310547,252.00193786621094,1.1291598411844461e-06,-2.4453601837158203,266.91534423828125,2.869768877644674e-06,192.9603729248047,212.7858428955078,1.2672351658693515e-05,1.6377580165863037,267.1587829589844,2.3774807687004795e-06,217.37037658691406,252.55821228027344,2.9151415219530463e-05,2.2275919914245605,266.5701904296875,1.1553790500329342e-05,193.5843963623047,201.22938537597656,8.187980711227283e-05,57.523231506347656,201.99560546875,3.0737890028831316e-06
1180,204.28616333007812,323.74053955078125,4.036441168864258e-06,218.7724609375,252.62147521972656,1.677701447988511e-06,-2.4801383018493652,266.7676086425781,2.619184442664846e-06,194.83258056640625,213.59780883789062,1.0980105798807926e-05,1.764087438583374,267.1436767578125,2.472216920068604e-06,217.35919189453125,252.77639770507812,4.356490899226628e-05,2.244720935821533,266.80816650390625,1.0523529454076197e-05,194.40240478515625,202.02244567871094,1.2840901945310179e-05,216.84011840820312,247.82347106933594,5.781323579867603e-06
1181,204.2626495361328,323.81103515625,4.176737547822995e-06,0.47293925285339355,268.85235595703125,8.544981824343267e-07,-2.632233142852783,267.0439147949219,2.161159272873192e-06,194.1239776611328,210.30587768554688,1.0795639354910236e-05,2.146730422973633,250.4591522216797,2.5440128865739098e-06,217.6066131591797,253.14390563964844,2.755605055426713e-05,1.8744373321533203,266.85693359375,7.414772426272975e-06,194.49099731445312,203.02076721191406,1.78330246853875e-05,217.56434631347656,247.5366668701172,2.483986008883221e-06
1182,204.02023315429688,323.7514953613281,6.125516847532708e-06,155.73312377929688,251.6238250732422,1.0400871133242617e-06,-2.640017509460449,267.1092224121094,1.9889075701939873e-06,164.36328125,244.71194458007812,9.945777492248453e-06,2.1228647232055664,250.25094604492188,1.9547087504179217e-06,217.3595428466797,252.9698944091797,3.310295142000541e-05,1.8830070495605469,266.89251708984375,5.862629677721998e-06,195.10850524902344,202.93365478515625,2.4992148610181175e-05,184.911376953125,205.5872344970703,2.8232004751771456e-06
1183,204.16030883789062,323.5917053222656,9.04426269698888e-06,155.71261596679688,252.47193908691406,1.2381917713355506e-06,-2.5470590591430664,267.07061767578125,2.1323294276953675e-06,163.9298858642578,244.77330017089844,1.4147420188237447e-05,1.9128153324127197,250.06849670410156,2.6825625809578924e-06,161.44313049316406,215.2476806640625,8.153744420269504e-05,1.8302991390228271,266.72845458984375,5.878450792806689e-06,196.59178161621094,204.04454040527344,1.9612552932812832e-06,165.3957061767578,222.95338439941406,9.056872841028962e-06
1184,204.1949005126953,323.33734130859375,1.0966993613692466e-05,58.95255661010742,208.21255493164062,1.0062111641673255e-06,-2.5891599655151367,267.20751953125,1.95901952793065e-06,164.53121948242188,244.84396362304688,3.739837211469421e-06,2.218684196472168,250.36422729492188,2.5754591206350597e-06,201.61822509765625,254.05990600585938,2.533849692554213e-05,1.757859230041504,267.06060791015625,6.761160420865053e-06,197.3714599609375,204.4027099609375,2.6986074317392195e-06,165.24449157714844,222.3306884765625,5.166286427993327e-06
1185,203.90052795410156,323.208251953125,8.213763976527844e-06,89.87813568115234,268.8525695800781,9.231656008523714e-07,-2.576784610748291,267.27581787109375,2.192096189901349e-06,0.5708463191986084,254.21974182128906,1.6375283848901745e-06,2.1095833778381348,250.28677368164062,2.8597776235983474e-06,161.24514770507812,214.65257263183594,2.112466791004408e-05,1.8447625637054443,266.9428405761719,7.2348643698205706e-06,148.70301818847656,203.34291076660156,1.690350245553418e-06,164.95326232910156,222.52444458007812,2.029954885074403e-05
1186,203.79611206054688,323.1497802734375,7.642286618647631e-06,0.3720266819000244,268.875,6.833757311142108e-07,-2.5806188583374023,267.2911682128906,1.7297689964834717e-06,0.5611934661865234,254.0899200439453,1.6507775626450893e-06,5.428396701812744,243.77658081054688,2.813846776916762e-06,201.5441436767578,253.67318725585938,3.3979227737290785e-05,1.7463934421539307,266.92828369140625,5.504796718014404e-06,197.7153778076172,204.49099731445312,2.0179948023724137e-06,164.91749572753906,222.83982849121094,2.8528251277748495e-05
1187,203.9559326171875,323.1622619628906,7.378325335594127e-06,154.81292724609375,218.41928100585938,8.134657605296525e-07,-2.553907871246338,267.25299072265625,1.9394358332647244e-06,0.002666950225830078,285.0395202636719,1.70522025655373e-06,1.8234047889709473,250.12936401367188,3.076454731854028e-06,162.2046661376953,214.42010498046875,2.814136132656131e-05,1.8137247562408447,266.85986328125,6.888616553624161e-06,211.5786590576172,172.14700317382812,1.927309085658635e-06,165.3505096435547,223.00311279296875,9.406999197381083e-06
1188,204.353759765625,323.547119140625,7.680162525502965e-06,90.01219177246094,269.4461364746094,7.797936518727511e-07,-2.5649189949035645,267.30194091796875,2.0527097603917355e-06,-0.8024096488952637,238.74525451660156,1.6712626802473096e-06,2.629944086074829,234.7431640625,3.402045422262745e-06,162.5190887451172,213.873046875,2.6416373657411896e-05,1.721684455871582,266.90545654296875,6.440892775572138e-06,148.63670349121094,203.57534790039062,1.5699522464274196e-06,165.53103637695312,222.96951293945312,2.1695203031413257e-05
1189,334.3259582519531,212.63865661621094,8.80817879078677e-06,154.69361877441406,218.56712341308594,1.514314590167487e-06,-2.705676555633545,267.3179626464844,1.8323149788557203e-06,164.92868041992188,238.90243530273438,2.478749365764088e-06,2.039003610610962,250.31973266601562,2.7619387310551247e-06,162.47216796875,213.98175048828125,2.2297688701655716e-05,1.5940144062042236,266.98370361328125,5.133728791406611e-06,197.95745849609375,204.38369750976562,1.6135419400598039e-06,165.90411376953125,223.63162231445312,1.0778829164337367e-05
1190,334.5924072265625,212.8307342529297,1.1801817890955135e-05,155.14060974121094,219.61192321777344,9.202665864904702e-07,-2.650413990020752,267.2578430175781,1.9447218164714286e-06,165.5402374267578,238.9097137451172,2.082308583339909e-06,2.1533007621765137,250.3557891845703,2.7867247354151914e-06,162.3257293701172,214.7960205078125,2.655351818248164e-05,1.6227049827575684,266.9883117675781,5.569643235503463e-06,197.8278350830078,204.26235961914062,1.2497526995502994e-06,165.46238708496094,223.11395263671875,1.2462948689062614e-05
1191,334.62847900390625,212.74427795410156,7.16870363248745e-06,331.7535705566406,253.9436492919922,8.242996045737527e-07,-2.578446865081787,267.2967224121094,1.849483055593737e-06,-0.06284523010253906,285.17303466796875,1.7327195109828608e-06,1.9960062503814697,250.2407989501953,3.209114538549329e-06,162.37696838378906,214.8853302001953,1.270018947252538e-05,1.5634043216705322,266.9087219238281,5.81856511416845e-06,197.90908813476562,204.28521728515625,2.1513135379791493e-06,165.80838012695312,222.97314453125,7.031135737634031e-06
1192,204.61558532714844,323.6243591308594,6.781275260436814e-06,0.16472411155700684,268.8964538574219,6.885030074954557e-07,-2.5616769790649414,267.3160400390625,1.732286591504817e-06,-0.012009143829345703,285.1346740722656,2.4681203285581432e-06,2.1364219188690186,250.2909698486328,2.879671228583902e-06,189.60939025878906,311.6610107421875,8.58294606587151e-06,1.5006051063537598,266.9300537109375,5.48577281733742e-06,197.42691040039062,204.4452362060547,4.864366474066628e-06,165.77732849121094,222.92648315429688,1.4768361324968282e-05
1193,204.49009704589844,323.6529541015625,6.3719949139340315e-06,0.1387500762939453,268.89727783203125,6.526534548356722e-07,-1.90087890625,250.91334533691406,1.7483140481999726e-06,0.5149824619293213,254.3264617919922,2.410958131804364e-06,1.9582936763763428,250.35150146484375,4.326042926550144e-06,201.21998596191406,253.5455322265625,1.772013638401404e-05,1.5320274829864502,266.9015808105469,5.674853582604555e-06,197.59808349609375,204.10577392578125,1.8632778164828778e-06,166.07237243652344,222.88812255859375,2.8444495910662226e-05
1194,204.45834350585938,323.6647644042969,6.86347448208835e-06,0.2690095901489258,268.8973083496094,7.021655505923263e-07,-1.837327003479004,250.8257293701172,1.8730553392742877e-06,0.48807525634765625,254.2352294921875,2.6768454972625477e-06,2.0368404388427734,250.21990966796875,4.303395144233946e-06,162.41839599609375,215.02391052246094,1.6534813767066225e-05,1.5212509632110596,266.9198303222656,6.002532700222218e-06,148.79197692871094,203.4608154296875,1.1228489711356815e-06,166.2169647216797,222.81471252441406,1.5289333532564342e-05
1195,139.5447998046875,310.0173034667969,6.467081675509689e-06,154.699462890625,217.98117065429688,1.0103728982358007e-06,-2.5652265548706055,267.2276916503906,1.9026151676371228e-06,-0.00020647048950195312,285.1702880859375,2.3031273030937882e-06,2.1364479064941406,250.1440887451172,3.92634456147789e-06,162.53663635253906,214.92022705078125,3.321514668641612e-05,1.5347464084625244,266.9267883300781,5.0994449338759296e-06,197.88729858398438,204.14698791503906,8.927725616558746e-07,166.6075439453125,223.2249755859375,1.1227440154470969e-05
1196,204.44918823242188,323.8158264160156,7.2209058998851106e-06,155.50437927246094,218.59146118164062,9.249615686712787e-07,-2.6284985542297363,267.25909423828125,1.7018214748532046e-06,164.79209899902344,238.8475341796875,2.6532750325714005e-06,2.0320472717285156,250.3431396484375,3.929494596377481e-06,189.60324096679688,311.54058837890625,1.213230370922247e-05,1.3656253814697266,252.41632080078125,4.606663424056023e-06,197.75816345214844,204.50527954101562,1.5561727195745334e-06,166.44873046875,222.4591522216797,8.080347470240667e-06
1197,204.44212341308594,323.77197265625,7.949045539135113e-06,155.50192260742188,218.54278564453125,8.360700576304225e-07,-2.0954904556274414,250.83761596679688,1.9663043531181756e-06,0.45514559745788574,254.10125732421875,2.40768849835149e-06,2.2019710540771484,250.40353393554688,4.9200589273823425e-06,200.80670166015625,253.7298583984375,1.3449814105115365e-05,1.3624703884124756,252.2245635986328,4.292999619792681e-06,148.58583068847656,203.34458923339844,7.357943445640558e-07,-2.100686550140381,249.97291564941406,2.967490900118719e-06
1198,204.35269165039062,323.7471923828125,8.175291441148147e-06,0.25761985778808594,269.01263427734375,6.284765845521179e-07,-2.6243104934692383,267.236572265625,2.024488821916748e-06,0.5454554557800293,253.96731567382812,2.467560534569202e-06,1.954394817352295,250.1896514892578,4.568666099658003e-06,189.60133361816406,311.6552734375,1.3414677596301772e-05,1.4191713333129883,252.4354248046875,5.038939434598433e-06,148.7830810546875,203.44161987304688,6.869059916425613e-07,-2.348630428314209,250.12351989746094,3.2122286484081997e-06
1199,334.1461486816406,212.6896209716797,9.17500801733695e-06,0.290069580078125,268.9206237792969,5.816318093820882e-07,-1.6493701934814453,250.61920166015625,2.0943377876392333e-06,0.1152200698852539,285.08209228515625,2.6228215119772358e-06,2.0969085693359375,250.09109497070312,4.8095844249473885e-06,189.38092041015625,311.80584716796875,1.1507276212796569e-05,1.477776288986206,252.35987854003906,6.185570327943424e-06,149.03463745117188,203.01222229003906,6.240908874133311e-07,-2.2525925636291504,250.02789306640625,3.7405293369374704e-06
1200,334.4438781738281,212.87255859375,9.58688269747654e-06,331.5437927246094,254.26025390625,6.711583182550385e-07,-2.5362772941589355,267.21783447265625,1.9283277197246207e-06,198.11349487304688,214.4672393798828,2.2748108676751144e-06,2.1137125492095947,249.97091674804688,2.9835462100891164e-06,189.90074157714844,311.8462219238281,1.2845861419918947e-05,1.52559494972229,266.907470703125,5.6408762247883715e-06,198.7513885498047,217.94273376464844,6.741792731190799e-06,-2.412158489227295,250.07179260253906,2.8033123271598015e-06
1201,124.14669799804688,323.6267395019531,7.759792424621992e-06,331.6276550292969,254.5184783935547,7.887155106800492e-07,-2.461941719055176,267.2308654785156,2.319347913726233e-06,0.5214993953704834,254.04788208007812,2.498809863027418e-06,2.1346044540405273,249.94754028320312,3.5306882182339905e-06,189.86126708984375,311.7186279296875,1.481758135923883e-05,1.4791936874389648,267.00164794921875,6.388764631992672e-06,247.88671875,267.2508239746094,1.041736027218576e-06,-2.281308174133301,250.15377807617188,3.301179731352022e-06
1202,334.38861083984375,212.59707641601562,7.945961442601401e-06,331.64892578125,254.31065368652344,8.299696219182806e-07,-2.4207096099853516,267.1894226074219,2.270584673169651e-06,0.1175692081451416,285.2287902832031,2.432686869724421e-06,2.2023937702178955,249.98350524902344,3.0378164410649333e-06,189.88787841796875,311.7033996582031,1.4775376257603057e-05,1.3983123302459717,267.1073913574219,6.270993708312744e-06,199.04495239257812,218.9483642578125,2.4818266410875367e-06,328.0210876464844,249.45436096191406,2.885116600737092e-06
1203,124.10679626464844,323.7792053222656,9.864061212283559e-06,331.4988098144531,254.25973510742188,1.0158084933209466e-06,-2.3638381958007812,267.2159423828125,2.326603180335951e-06,0.15045976638793945,285.12371826171875,2.7145174499310087e-06,2.2207422256469727,250.07362365722656,2.537635054977727e-06,189.83331298828125,311.6438293457031,1.4699550774821546e-05,1.4661047458648682,266.979248046875,6.840075457148487e-06,198.9973602294922,218.92337036132812,1.782116441972903e-06,327.9723205566406,249.40760803222656,3.083157480432419e-06
1204,204.31973266601562,323.6750793457031,9.358082024846226e-06,331.442138671875,254.1267852783203,9.126531494985102e-07,-2.386793613433838,267.23663330078125,2.336600346097839e-06,198.59449768066406,220.67083740234375,2.3068291739036795e-06,2.3428287506103516,250.061767578125,2.3791367311787326e-06,164.444091796875,213.39056396484375,2.001390566874761e-05,1.4321560859680176,267.01812744140625,6.47898332317709e-06,198.6682891845703,218.57308959960938,4.4246294237382244e-06,180.51254272460938,222.13218688964844,3.3429230370529694e-06
1205,204.33895874023438,323.7591552734375,8.203524885175284e-06,200.35855102539062,234.63804626464844,1.1712785408235504e-06,-2.3915762901306152,267.2886047363281,2.412798266959726e-06,0.7475235462188721,270.4844970703125,2.020621423071134e-06,2.2103004455566406,250.05221557617188,2.602785343697178e-06,164.0613250732422,212.88182067871094,4.3329699110472575e-05,1.4591388702392578,267.0897216796875,6.444708105846075e-06,163.45272827148438,187.58392333984375,1.1123208878416335e-06,328.0935974121094,249.19337463378906,2.128800360878813e-06
1206,204.488525390625,323.7665710449219,7.045714937703451e-06,0.30792903900146484,269.0696716308594,7.47640171994135e-07,-2.399637222290039,267.2473449707031,2.257569121866254e-06,0.06756949424743652,285.1310729980469,2.3065322238835506e-06,2.8149397373199463,234.70204162597656,2.5930412448360585e-06,164.3491668701172,213.1348114013672,9.472411329625174e-05,1.4207844734191895,267.15106201171875,5.828450866829371e-06,199.3502655029297,203.2071990966797,1.6730741663195658e-06,328.1688537597656,249.24856567382812,2.151623220925103e-06
1207,334.75213623046875,212.8534698486328,9.68301173998043e-06,331.61114501953125,254.10757446289062,8.153625117301999e-07,-2.609719753265381,267.162353515625,2.4065498109848704e-06,0.1788949966430664,285.13482666015625,2.2347985577653162e-06,2.0298261642456055,250.19981384277344,3.3979956697294256e-06,164.99171447753906,212.75030517578125,0.00021032079530414194,1.4656050205230713,266.83367919921875,5.806210083392216e-06,163.1235809326172,187.77003479003906,1.2576954304677201e-06,-2.2931971549987793,250.03921508789062,2.5873866889014607e-06
1208,334.75250244140625,212.93804931640625,7.970056685735472e-06,331.8265686035156,254.09100341796875,1.181662241833692e-06,-2.5887389183044434,267.1121826171875,2.260358769490267e-06,0.14020133018493652,285.1038513183594,2.1756077330792323e-06,2.2089128494262695,250.1639862060547,3.1967681479727617e-06,164.76060485839844,212.7803955078125,5.3359934099717066e-05,1.4857332706451416,266.9153747558594,5.20378216606332e-06,247.64999389648438,267.3265075683594,5.819830448672292e-07,328.2658386230469,249.37326049804688,2.711368779273471e-06
1209,334.6719055175781,212.8541259765625,8.521897143509705e-06,331.7200622558594,253.7389373779297,1.005397848530265e-06,-2.548888683319092,267.158203125,2.1567509520536987e-06,0.1471996307373047,285.0353088378906,2.3788982161931926e-06,2.1000053882598877,250.15579223632812,3.068488013013848e-06,164.9632110595703,213.01498413085938,4.61051422462333e-05,1.4193930625915527,267.0152893066406,5.060214789409656e-06,199.20053100585938,203.740966796875,5.093541517453559e-07,328.400634765625,248.96084594726562,2.6665013592719333e-06
1210,334.6737060546875,212.78439331054688,1.1951858141401317e-05,331.7596130371094,253.74960327148438,1.0088342605740763e-06,-2.558711528778076,267.2230529785156,2.1137632302270504e-06,162.3990020751953,222.8960723876953,2.39628980125417e-06,1.9020459651947021,250.1339569091797,2.765159479167778e-06,166.19775390625,212.74072265625,6.47023698547855e-05,1.6202027797698975,266.8540344238281,6.103137366153533e-06,199.32325744628906,204.18804931640625,5.170004442334175e-07,-2.3750405311584473,250.13507080078125,2.649280077093863e-06
1211,334.5425109863281,212.5555877685547,1.2230011634528637e-05,331.80462646484375,253.63172912597656,9.723642051540082e-07,-2.4434080123901367,267.2458190917969,1.9066201275563799e-06,0.1637260913848877,285.0506286621094,2.2216636352823116e-06,1.9665346145629883,249.93470764160156,2.5090062081289943e-06,166.94024658203125,212.87884521484375,2.913949174399022e-05,1.467825174331665,266.86456298828125,5.90866648053634e-06,213.5614471435547,219.98397827148438,5.828606504110212e-07,328.4018859863281,248.89987182617188,2.528069671825506e-06
1212,334.7016906738281,212.10525512695312,1.8528196960687637e-05,155.14988708496094,219.01129150390625,1.2892912764073117e-06,-2.372518539428711,267.0679016113281,1.9370552308828337e-06,161.877685546875,222.48899841308594,2.8787183055101195e-06,3.080305576324463,234.68736267089844,2.428056177450344e-06,167.47201538085938,212.79742431640625,7.781944441376254e-05,1.5724618434906006,266.8506774902344,5.464517016662285e-06,212.0821075439453,173.23858642578125,7.060770030875574e-07,328.3581237792969,248.81394958496094,2.421181534373318e-06
1213,334.2084655761719,212.17359924316406,1.3445609511109069e-05,331.5213317871094,253.62844848632812,1.3044615343460464e-06,156.7007598876953,316.45654296875,1.6678297924954677e-06,162.34288024902344,223.0175018310547,3.2317554996552644e-06,3.0389130115509033,234.6746826171875,2.829542836479959e-06,167.7857208251953,212.73023986816406,8.415999764110893e-05,1.4715831279754639,266.8836669921875,4.530588739726227e-06,248.05201721191406,266.5055236816406,1.0805142665049061e-06,328.4637451171875,248.6746368408203,3.5685411603481043e-06
1214,334.5096130371094,212.37619018554688,1.3598508303402923e-05,331.6209716796875,253.83058166503906,1.3346677860681666e-06,156.79293823242188,316.2832946777344,1.603174723641132e-06,162.40179443359375,222.86767578125,2.754542038019281e-06,2.1370043754577637,250.0928955078125,3.139329237455968e-06,168.3649139404297,212.40699768066406,6.721564568579197e-05,1.4606707096099854,266.76312255859375,3.946785909647588e-06,248.09535217285156,266.31414794921875,1.0325354651286034e-06,328.4327392578125,248.81536865234375,2.856539367712685e-06
1215,334.0501708984375,212.56307983398438,9.181678251479752e-06,138.29440307617188,252.80210876464844,1.3881816585126217e-06,156.66671752929688,316.17620849609375,1.8948486513181706e-06,163.17401123046875,223.8350372314453,3.0284124932222767e-06,2.822237730026245,234.6912841796875,2.0043214590259595e-06,168.65980529785156,212.42762756347656,5.2663319365819916e-05,1.465564250946045,266.8769226074219,4.602812623488717e-06,248.30445861816406,265.7846374511719,7.820174232620047e-07,328.685546875,249.00466918945312,3.0489934488286963e-06
1216,334.3032531738281,212.6313018798828,7.872359674365725e-06,138.29869079589844,252.61378479003906,1.5809411024747533e-06,156.64248657226562,316.18646240234375,1.7771859575077542e-06,0.1178898811340332,284.9559326171875,1.8574478417576756e-06,2.6531052589416504,234.61256408691406,2.381686044827802e-06,168.6690673828125,212.77268981933594,3.4680659155128524e-05,1.468653917312622,266.81781005859375,4.348615220806096e-06,248.30999755859375,265.911865234375,1.0113194548466709e-06,328.5105895996094,248.6942596435547,3.0748708468308905e-06
1217,333.96575927734375,212.41378784179688,9.150175173999742e-06,331.46722412109375,253.64015197753906,1.2247098766238196e-06,156.69239807128906,316.178955078125,1.7057456034308416e-06,162.98715209960938,223.80406188964844,1.988858230106416e-06,2.893557071685791,234.66842651367188,2.38390612139483e-06,168.53433227539062,212.29371643066406,4.199724207865074e-05,1.42437744140625,266.8099060058594,4.542694568954175e-06,177.9388427734375,189.82650756835938,1.319836883340031e-06,328.5760803222656,248.73818969726562,3.2317525437974837e-06
1218,168.46046447753906,200.65292358398438,8.603482456237543e-06,155.08717346191406,219.34263610839844,1.4461865021075937e-06,156.6131134033203,316.0987243652344,1.8039163478533737e-06,162.6063690185547,223.6570281982422,3.0620949473814107e-06,2.1210556030273438,250.2534637451172,3.1375452635984402e-06,168.77685546875,212.155029296875,4.3012081732740626e-05,1.3749890327453613,266.83453369140625,4.519119102042168e-06,177.8602294921875,189.9983673095703,1.3399592262430815e-06,-2.322390556335449,250.11984252929688,2.563733460192452e-06
1219,168.26495361328125,199.7545928955078,4.359304875833914e-05,154.83584594726562,219.42025756835938,1.9729161522263894e-06,156.66416931152344,316.11297607421875,2.015196514548734e-06,162.6626739501953,223.5884552001953,2.705291535676224e-06,2.746194362640381,234.70556640625,2.7711705570254708e-06,169.8507843017578,212.28759765625,4.597281804308295e-05,1.454253911972046,266.8093566894531,4.652124061976792e-06,177.42822265625,190.36480712890625,3.984252089139773e-06,166.34454345703125,220.10079956054688,2.9718921723542735e-06
1220,168.74533081054688,200.3585662841797,1.8429511328577064e-05,137.90269470214844,252.73516845703125,9.114336876336893e-07,156.63818359375,316.3077392578125,1.8180975303039304e-06,0.2691528797149658,254.35166931152344,2.0605923509720014e-06,2.0835442543029785,250.2156524658203,3.348516429468873e-06,190.23614501953125,311.78814697265625,2.33322789426893e-05,1.4476890563964844,266.80560302734375,5.844169209012762e-06,177.51841735839844,190.1368865966797,1.861931309576903e-06,-2.2810182571411133,250.2354278564453,3.0972619242675137e-06
1221,168.55564880371094,199.59996032714844,2.674516690603923e-05,154.71287536621094,202.039306640625,1.2433995379979024e-06,156.6531219482422,316.311767578125,1.8326138615520904e-06,0.10355520248413086,285.1779479980469,1.9030742350878427e-06,2.1108851432800293,250.08987426757812,3.0279763905127766e-06,170.6423797607422,212.2885284423828,1.7535488950670697e-05,1.4826231002807617,266.81011962890625,5.273238002700964e-06,177.35911560058594,189.96763610839844,2.820541794790188e-06,-2.2807717323303223,250.22702026367188,2.8165932235424407e-06
1222,168.968505859375,198.64793395996094,1.745601730362978e-05,154.06398010253906,201.4636688232422,1.3340327313926537e-06,156.8579559326172,316.3184814453125,1.799984374883934e-06,162.41928100585938,222.78968811035156,2.4986979951791e-06,2.098672866821289,250.12428283691406,2.8048764306731755e-06,169.2857208251953,211.36624145507812,2.4418599423370324e-05,1.382136344909668,266.8143005371094,5.51713719687541e-06,177.17991638183594,190.30067443847656,3.092781525992905e-06,-2.393125534057617,250.22425842285156,2.6328257263230626e-06
1223,170.1549072265625,198.88539123535156,3.679276051116176e-05,155.28988647460938,201.86659240722656,1.7002884078465286e-06,156.6920166015625,316.09661865234375,1.6781717704361654e-06,161.9663848876953,223.0574951171875,6.5853942032845225e-06,2.141216993331909,250.1471710205078,3.496466888464056e-06,177.27615356445312,206.6053924560547,4.3670232116710395e-05,1.3824191093444824,266.9197082519531,3.964928509958554e-06,176.4300537109375,190.176025390625,2.2655879092781106e-06,-2.404107093811035,250.25009155273438,2.8139861569798086e-06
1224,170.02235412597656,199.1350555419922,2.6829853595700115e-05,200.67074584960938,236.16038513183594,1.513354504822928e-06,156.7139892578125,316.408447265625,1.8912252244263072e-06,160.92161560058594,222.66468811035156,6.010592187521979e-06,2.0733819007873535,250.1077117919922,2.7061146283813287e-06,177.20840454101562,205.95928955078125,6.834115629317239e-05,1.3880314826965332,266.82598876953125,5.547918135562213e-06,176.2506561279297,189.3085479736328,1.2620328107004752e-06,-2.371342182159424,250.30902099609375,3.0166434044076595e-06
1225,169.97589111328125,197.38009643554688,2.619114275148604e-05,139.24908447265625,254.41464233398438,1.908382728288416e-06,156.68467712402344,316.2187805175781,1.7372780121149844e-06,161.4529266357422,222.7772216796875,9.399413102073595e-06,2.2782742977142334,250.1883544921875,2.3508155209128745e-06,179.4423065185547,200.74253845214844,0.00038302369648590684,1.514768123626709,266.8120422363281,6.474413112300681e-06,175.01182556152344,189.5809326171875,1.948278622876387e-06,154.34095764160156,217.98789978027344,2.894870476666256e-06
1226,169.46961975097656,196.52354431152344,2.7099444196210243e-05,201.09722900390625,236.6960906982422,1.8019509298028424e-06,156.6948699951172,316.2089538574219,2.073729774565436e-06,161.30296325683594,222.40379333496094,7.0657679316354915e-06,2.138077974319458,249.9763946533203,3.088660832872847e-06,179.54019165039062,201.00926208496094,0.00017280702013522387,1.5057716369628906,266.6695556640625,7.013141384959454e-06,175.05812072753906,189.8321075439453,1.709163598206942e-06,198.44122314453125,236.1671600341797,5.9548892750171944e-06
1227,167.57159423828125,192.19703674316406,2.313795266672969e-05,153.7766571044922,201.14828491210938,1.6847544657139224e-06,156.57106018066406,316.1775207519531,2.1565906536125112e-06,161.72862243652344,221.95733642578125,9.126434633799363e-06,2.1155333518981934,249.78175354003906,2.893769078582409e-06,179.63401794433594,200.26817321777344,0.0006602099165320396,1.524531602859497,266.71148681640625,7.641237061761785e-06,213.9888458251953,205.64698791503906,4.593288394971751e-06,161.0556182861328,212.31663513183594,7.34041168470867e-06
1228,168.28121948242188,191.60952758789062,8.136051474139094e-05,168.94305419921875,200.6475067138672,4.987311058357591e-06,156.67230224609375,316.1698303222656,2.166474814657704e-06,161.265380859375,221.71502685546875,1.1227160939597525e-05,2.2782397270202637,249.81886291503906,2.4175612907129107e-06,181.59304809570312,200.1483917236328,0.003982769325375557,1.328031301498413,266.73028564453125,6.378950729413191e-06,213.82421875,205.3625946044922,2.830907942552585e-05,182.23033142089844,210.66477966308594,7.189565167209366e-06
1229,170.18502807617188,195.0887451171875,3.2567448215559125e-05,168.98004150390625,200.15846252441406,7.5776315497932956e-06,156.49928283691406,316.27838134765625,2.4502612632204546e-06,161.9637451171875,223.0030975341797,4.906026333628688e-06,2.3352465629577637,249.9423065185547,3.1656140890845563e-06,181.44989013671875,199.78013610839844,0.0016749923815950751,1.4105525016784668,266.75164794921875,8.09670837043086e-06,214.0586395263672,205.42718505859375,3.4418229915900156e-05,181.97183227539062,209.46347045898438,4.570348210108932e-06
1230,169.03758239746094,191.9727783203125,3.092870974796824e-05,169.8842315673828,200.31893920898438,1.1342549441906158e-05,156.52304077148438,316.07208251953125,2.9949321742606116e-06,162.4351348876953,223.21807861328125,4.5846977627661545e-06,2.236245632171631,250.0360870361328,2.283017465742887e-06,181.94422912597656,199.64413452148438,0.0003411353100091219,1.486520528793335,266.7933654785156,6.630014922848204e-06,213.3625946044922,205.3719940185547,4.215646185912192e-05,160.61557006835938,211.5028533935547,3.1990184652386233e-06
1231,169.65199279785156,192.29856872558594,2.1935156837571412e-05,170.17926025390625,200.28721618652344,1.306699232372921e-05,156.4267120361328,316.0287170410156,3.527558192217839e-06,162.52137756347656,223.0419464111328,2.395261844867491e-06,155.5272216796875,317.4635009765625,2.3213724489323795e-06,182.51048278808594,199.271728515625,0.0004155963833909482,1.4340500831604004,266.6542663574219,6.984294941503322e-06,213.75607299804688,205.53054809570312,1.756980418576859e-05,172.57669067382812,206.21682739257812,3.893743269145489e-06
1232,334.4822692871094,212.15591430664062,1.746289308357518e-05,169.9772491455078,200.91876220703125,5.783226242783712e-06,156.435546875,316.04345703125,4.095253643754404e-06,0.1342942714691162,285.00445556640625,2.505453039702843e-06,155.55694580078125,317.4015808105469,2.786371169349877e-06,181.94525146484375,198.70240783691406,0.0005728601827286184,1.4866433143615723,266.6487731933594,7.747657946310937e-06,213.66806030273438,205.146484375,5.397684435592964e-05,182.38168334960938,208.73220825195312,3.411005764064612e-06
1233,169.19869995117188,191.58511352539062,1.6043193681980483e-05,170.19589233398438,200.47572326660156,6.991551799728768e-06,156.4049072265625,315.8913269042969,4.46553303845576e-06,162.30633544921875,223.21173095703125,2.903153699662653e-06,155.54205322265625,317.3581237792969,3.000692686327966e-06,181.984130859375,198.88565063476562,0.0009414267260581255,1.4545774459838867,266.58013916015625,7.638650458829943e-06,213.93516540527344,205.0599365234375,1.767099638527725e-05,182.12147521972656,208.54647827148438,5.220663751970278e-06
1234,169.0825958251953,191.82537841796875,1.4427081623580307e-05,169.62478637695312,200.9384002685547,6.262369879550533e-06,156.5504608154297,316.0804138183594,3.852900135825621e-06,161.86074829101562,222.27212524414062,6.097738150856458e-06,2.165821075439453,250.03482055664062,2.7768692234531045e-06,182.29029846191406,199.3817901611328,0.001810718677006662,1.4229485988616943,266.6051330566406,6.069935807317961e-06,214.03628540039062,205.37696838378906,1.5778603483340703e-05,181.46803283691406,209.0736846923828,1.3337999007489998e-05
1235,334.78179931640625,212.26773071289062,9.324986422143411e-06,169.5497283935547,201.39781188964844,2.9443385756167118e-06,156.5728759765625,316.08294677734375,3.3873091069835937e-06,161.5660858154297,222.5167694091797,3.870965429086937e-06,2.6872057914733887,234.61697387695312,2.7886624138773186e-06,181.5570068359375,199.28274536132812,0.0016715872334316373,1.5563929080963135,266.4297180175781,7.906397513579577e-06,214.00819396972656,204.98265075683594,1.1777082363551017e-05,181.47169494628906,209.00401306152344,1.826551124395337e-05
1236,334.5147705078125,212.334716796875,9.03490035852883e-06,169.79945373535156,201.2700958251953,4.061733761773212e-06,156.45352172851562,316.3736877441406,4.0771915337245446e-06,-1.4056391716003418,223.24371337890625,2.9594557418022305e-06,2.7386345863342285,234.64321899414062,4.198667284072144e-06,179.9594268798828,198.94288635253906,0.0004240910639055073,1.5377812385559082,266.6880187988281,9.299178600485902e-06,213.7928009033203,204.55255126953125,9.992648301704321e-06,181.524658203125,208.6121368408203,8.419330697506666e-06
1237,334.3683166503906,212.2975311279297,9.722922186483629e-06,168.94622802734375,201.62094116210938,6.510125331260497e-06,156.36561584472656,316.2574768066406,6.0520460465340875e-06,161.70654296875,221.3128204345703,3.011081389558967e-06,2.9349372386932373,234.5879364013672,3.2973191537166713e-06,179.70193481445312,199.00938415527344,0.0007710452191531658,1.5124731063842773,266.61407470703125,7.771983291604556e-06,213.61534118652344,204.84629821777344,4.528328645392321e-05,180.76580810546875,210.03338623046875,9.00182294572005e-06
1238,168.5282440185547,191.66293334960938,1.6055531887104735e-05,168.30581665039062,201.187255859375,7.017089046712499e-06,156.291015625,316.03814697265625,6.6801799221138936e-06,162.3923797607422,221.8861846923828,4.039001851197099e-06,155.38560485839844,317.4013671875,3.828703484032303e-06,178.97657775878906,200.00575256347656,0.0026503317058086395,1.5704331398010254,266.6139831542969,1.1004247426171787e-05,213.4684295654297,204.25559997558594,0.00013073401350993663,180.9661865234375,210.04583740234375,1.1088967767136637e-05
1239,334.4600830078125,212.19696044921875,1.5921019439701922e-05,167.98240661621094,201.00245666503906,6.161343662824947e-06,156.30978393554688,316.0375671386719,5.481589141709264e-06,161.48245239257812,221.6575164794922,6.2963422351458576e-06,2.8693346977233887,234.50738525390625,3.7376264572230866e-06,179.92340087890625,199.6656494140625,0.0033302325755357742,1.644514560699463,266.75750732421875,9.874959687294904e-06,213.95086669921875,204.43731689453125,7.796108548063785e-05,180.68402099609375,209.96409606933594,2.178211070713587e-05
1240,334.3014221191406,212.15406799316406,2.8383203243720345e-05,167.67083740234375,201.33079528808594,6.296648734860355e-06,156.2547149658203,316.1203308105469,6.68009079163312e-06,161.95298767089844,221.65020751953125,4.772670763486531e-06,2.9252796173095703,234.58396911621094,4.743317731481511e-06,179.786865234375,199.91604614257812,0.0035029493737965822,1.4438042640686035,266.67010498046875,6.977104931138456e-06,214.21719360351562,204.2083740234375,7.325582555495203e-05,180.6450958251953,210.10447692871094,1.5092746252776124e-05
1241,165.80206298828125,193.7727508544922,2.6083114789798856e-05,167.09425354003906,201.16380310058594,5.151545792614343e-06,156.37789916992188,316.0836181640625,5.917633188801119e-06,162.27903747558594,221.8762664794922,3.2745751923357602e-06,2.7471601963043213,234.659423828125,4.265254119673045e-06,179.3837127685547,200.277587890625,0.0029307170771062374,1.502624273300171,266.6483154296875,7.647725396964233e-06,214.18417358398438,204.4783477783203,3.823575025307946e-05,180.7883758544922,210.25965881347656,4.853171958529856e-06
1242,334.5138854980469,211.96751403808594,1.9518791305017658e-05,167.42086791992188,201.6172332763672,3.4240356399095617e-06,156.24575805664062,316.1234436035156,6.438589480239898e-06,162.0230712890625,221.4652557373047,3.3916078336915234e-06,155.49769592285156,317.4956970214844,3.7913653159193927e-06,179.53807067871094,200.22093200683594,0.0012201216304674745,1.520822286605835,266.8082580566406,8.678967788000591e-06,213.86468505859375,204.3250732421875,3.2956453651422635e-05,180.67062377929688,209.86785888671875,6.869289336464135e-06
1243,334.6907653808594,212.20059204101562,1.9371829694136977e-05,167.63328552246094,201.7654571533203,2.568476020314847e-06,156.27294921875,316.0355224609375,5.257200427877251e-06,0.06558680534362793,285.0440673828125,2.4125704385369318e-06,1.9506807327270508,250.00411987304688,3.678228040371323e-06,179.63336181640625,200.3087158203125,0.0010453221620991826,1.4931092262268066,266.62823486328125,7.836166332708672e-06,213.79827880859375,204.43423461914062,8.516340130881872e-06,180.9326934814453,209.81857299804688,5.333041826816043e-06
1244,334.4634704589844,212.0974578857422,2.4481250875396654e-05,167.67750549316406,201.61483764648438,1.7782219856599113e-06,156.11309814453125,315.9180603027344,6.100804512243485e-06,162.552490234375,221.90725708007812,2.5530030143272597e-06,155.44992065429688,317.34234619140625,4.35283436672762e-06,179.75048828125,200.4876708984375,0.0006518090958707035,1.4421172142028809,266.5769348144531,7.505229859816609e-06,213.7322235107422,204.1634521484375,1.5849500414333306e-05,181.2270050048828,209.18505859375,3.3805222301452886e-06
1245,334.5581359863281,212.01318359375,2.3550461264676414e-05,167.8919219970703,201.40562438964844,2.133725047315238e-06,156.1609344482422,315.845458984375,5.10770451001008e-06,-1.4689736366271973,223.1327667236328,2.5126337277470157e-06,155.37530517578125,317.4910888671875,3.501622359181056e-06,179.73072814941406,200.6009979248047,0.0005069136386737227,1.3183798789978027,266.7166748046875,7.433690370817203e-06,213.50836181640625,204.20672607421875,3.943463980249362e-06,181.29246520996094,208.8893585205078,3.4301801861147396e-06
1246,334.537841796875,211.98739624023438,1.4472846487478819e-05,167.51882934570312,201.50234985351562,1.178085199171619e-06,156.30157470703125,315.74267578125,6.379090791597264e-06,162.10198974609375,221.9207763671875,3.924884367734194e-06,155.30783081054688,317.39556884765625,3.7289782994776033e-06,179.65240478515625,200.9383544921875,0.0003517642617225647,1.249779462814331,266.68902587890625,8.072222044575028e-06,213.57485961914062,204.43174743652344,2.6611612611304736e-06,181.31358337402344,209.4064483642578,2.7874025363416877e-06
1247,334.4146728515625,211.8951416015625,2.2020754840923473e-05,154.18983459472656,200.428955078125,1.9915876237064367e-06,156.30865478515625,315.9077453613281,4.999187694920693e-06,162.33436584472656,222.24607849121094,4.134894425078528e-06,2.096128225326538,250.15264892578125,3.434239260968752e-06,177.48980712890625,200.3721466064453,0.0003264254773966968,1.2907001972198486,266.67144775390625,8.00663201516727e-06,212.99755859375,205.1071319580078,2.0771142317244085e-06,171.4750518798828,206.80238342285156,3.965779342252063e-06
1248,166.94015502929688,191.88644409179688,1.188261103379773e-05,156.0233154296875,218.76783752441406,2.073227506116382e-06,156.23171997070312,316.0274353027344,4.869853000855073e-06,161.10308837890625,222.21694946289062,3.4573436096252408e-06,2.043429374694824,250.29806518554688,2.8984120490349596e-06,177.8273162841797,200.34613037109375,0.0003818202530965209,1.361670732498169,266.6240539550781,7.563618055428378e-06,196.8743896484375,205.2021942138672,2.1483876935235457e-06,170.77915954589844,207.0546112060547,1.2040277397318278e-05
1249,108.55564880371094,324.2686462402344,8.511801752320025e-06,168.20916748046875,201.91220092773438,1.0602470865705982e-06,156.4376220703125,316.0615539550781,4.623450422513997e-06,0.04192614555358887,284.8685302734375,2.9518455448851455e-06,155.35887145996094,317.8239440917969,2.6253690066369018e-06,177.2073974609375,199.8671112060547,0.00024242668587248772,1.35551118850708,266.6209411621094,7.256769094965421e-06,197.7301483154297,204.9926300048828,2.4828161713230656e-06,170.137939453125,206.974609375,2.9421178624033928e-05
1250,204.51956176757812,323.40606689453125,1.098666325560771e-05,153.5862274169922,200.7128143310547,1.7940051293408033e-06,156.43724060058594,316.4329833984375,3.194534201611532e-06,196.35047912597656,204.2465057373047,5.34905575477751e-06,2.073561668395996,250.03855895996094,3.294411953902454e-06,176.75572204589844,200.15045166015625,0.00018055229156743735,1.3756542205810547,266.6689758300781,7.321926659642486e-06,197.6388702392578,204.86065673828125,1.7883316104416735e-05,181.3968048095703,209.55975341796875,7.958732567203697e-06
1251,108.3573226928711,309.82379150390625,9.439477253181394e-06,0.21561264991760254,268.8319396972656,9.96149651655287e-07,156.325927734375,316.6310729980469,2.6848942979995627e-06,0.01799297332763672,285.00836181640625,3.1237905204761773e-06,2.065337657928467,249.97669982910156,3.1763674996909685e-06,168.37550354003906,203.81954956054688,6.251154991332442e-05,1.4456102848052979,266.6455078125,9.05513752513798e-06,197.6400909423828,204.6783905029297,3.1354811653727666e-06,170.02740478515625,206.60067749023438,5.497829079104122e-06
1252,108.55317687988281,324.25738525390625,1.019112369249342e-05,168.31471252441406,203.8662109375,9.72840098256711e-07,156.28456115722656,316.74566650390625,2.718043333516107e-06,0.11095094680786133,284.8378601074219,3.1415754619956715e-06,2.309056043624878,250.18528747558594,2.6520583560341038e-06,167.42532348632812,203.93577575683594,0.000232928097830154,1.3451106548309326,266.5746765136719,8.065342626650818e-06,197.38961791992188,204.01243591308594,4.715169779956341e-06,169.24880981445312,206.2688446044922,1.4293476851889864e-05
1253,107.9860610961914,309.8902587890625,1.257754865946481e-05,168.05528259277344,203.9864044189453,1.4955010101402877e-06,156.18521118164062,316.63818359375,2.8328881853667554e-06,0.028107166290283203,284.8546142578125,3.2110399388329824e-06,2.2495412826538086,250.274169921875,2.4101971121126553e-06,166.58718872070312,204.15451049804688,0.000389290158636868,1.43184232711792,266.6593017578125,8.741908459342085e-06,197.21920776367188,203.602783203125,1.88641351996921e-05,168.71189880371094,206.8506317138672,7.509773422498256e-05
1254,258.0108642578125,248.79086303710938,8.730663103051484e-05,154.1884765625,201.43638610839844,4.434159563970752e-06,255.91720581054688,254.57159423828125,5.581899586104555e-06,255.98724365234375,255.1660919189453,2.9859213100280613e-05,2.264439105987549,250.194580078125,2.3400079953717068e-06,165.19039916992188,202.967041015625,0.0025265589356422424,1.5385105609893799,266.5830383300781,7.435342467942974e-06,197.56182861328125,203.34400939941406,6.261243834160268e-05,167.2789764404297,207.8267364501953,8.761596836848184e-05
1255,259.47052001953125,248.3347930908203,0.017910197377204895,264.67547607421875,268.3326721191406,5.075717854197137e-05,256.62567138671875,255.536376953125,0.00020894446060992777,255.828857421875,255.32827758789062,0.0008907383307814598,251.1056365966797,254.5528106689453,1.3945033970230725e-05,165.8628692626953,199.95309448242188,0.00037532299757003784,1.5834193229675293,266.6380310058594,9.279609002987854e-06,197.22312927246094,204.28822326660156,2.8831867894041352e-05,245.26190185546875,252.07264709472656,2.986396793858148e-05
1256,260.8426513671875,249.14353942871094,0.720977783203125,264.82257080078125,269.8795166015625,0.15246938169002533,256.09759521484375,256.3853454589844,0.063454769551754,254.3951416015625,255.45948791503906,0.06697879731655121,255.2179718017578,254.2133026123047,4.182043267064728e-05,162.7239532470703,200.2801513671875,0.0002800945076160133,252.34535217285156,240.0347137451172,2.155349102395121e-05,181.95367431640625,203.7161407470703,1.0457440112077165e-05,247.7906951904297,254.3120574951172,5.644149496220052e-05
1257,259.029052734375,248.8214111328125,0.011635192669928074,265.2251892089844,269.7398986816406,0.0006877384730614722,256.0357360839844,254.7183380126953,0.0004396979056764394,255.3575897216797,254.70103454589844,0.0011061644181609154,251.9180450439453,254.1810302734375,1.23789650388062e-05,199.85992431640625,252.9299774169922,4.154536145506427e-05,251.14524841308594,254.85939025878906,8.738757969695143e-06,181.66583251953125,203.10299682617188,4.1384091673535295e-06,246.86874389648438,252.85243225097656,2.237588523712475e-05
1258,259.0586242675781,248.86947631835938,0.0049014827236533165,265.0396423339844,269.91461181640625,0.00020738696912303567,256.6854553222656,254.63726806640625,0.0003144745423924178,256.21246337890625,254.6014862060547,0.0006669933791272342,251.34767150878906,254.2201385498047,9.106577635975555e-06,200.4966278076172,253.1502227783203,5.2447263442445546e-05,251.354248046875,254.76763916015625,1.0252058018522803e-05,181.19544982910156,203.8308563232422,8.743918442633003e-06,247.18983459472656,252.8634796142578,3.29833674186375e-05
1259,258.2503662109375,247.302001953125,0.000851692573633045,265.3492431640625,269.15399169921875,1.2892817721876781e-05,257.2168273925781,252.7396697998047,2.1098896468174644e-05,256.9334716796875,249.88111877441406,9.984573989640921e-05,249.615478515625,254.04571533203125,7.847518645576201e-06,200.75643920898438,253.01478576660156,3.990716140833683e-05,1.7228960990905762,266.389892578125,7.892935173003934e-06,181.232177734375,204.2887420654297,1.1906749932677485e-05,246.2752227783203,252.0701141357422,9.599965778761543e-06
1260,260.4512634277344,247.24049377441406,0.1066906601190567,266.3630676269531,269.3542175292969,0.0008262517512775958,257.2503967285156,253.5211944580078,0.0005462517729029059,256.04241943359375,250.51416015625,0.0007058954215608537,251.7821807861328,253.90113830566406,2.5703193387016654e-05,250.18218994140625,254.205322265625,6.340955587802455e-05,251.7559814453125,239.17552185058594,1.4973539691709448e-05,181.9364776611328,202.9952392578125,9.67595860856818e-06,248.8927001953125,236.83294677734375,2.0971592675778084e-05
1261,259.53167724609375,248.42587280273438,0.0004457388713490218,265.8750915527344,269.8897399902344,6.69760920573026e-05,257.738037109375,252.99974060058594,1.4010936865815893e-05,257.3334655761719,250.45387268066406,1.693898047960829e-05,200.15782165527344,251.46873474121094,1.0415846190880984e-05,201.64227294921875,251.97720336914062,6.07871261308901e-05,1.4996402263641357,266.5879211425781,7.1133313213067595e-06,181.24510192871094,203.49143981933594,1.0726726941356901e-05,200.22320556640625,248.0170440673828,6.875817689433461e-06
1262,259.9021301269531,248.45169067382812,0.0005549388588406146,266.56597900390625,269.73809814453125,0.00022578395146410912,256.9186096191406,253.15887451171875,7.335571717703715e-05,256.5585021972656,250.58004760742188,3.5956738429376855e-05,199.75502014160156,252.1336669921875,8.229288141592406e-06,201.34783935546875,252.4523468017578,8.919891115510836e-05,1.5522894859313965,266.571533203125,6.249465513974428e-06,181.37185668945312,203.7394256591797,1.0227634447801393e-05,200.55677795410156,248.01385498046875,5.5027808230079245e-06
1263,260.03155517578125,248.20773315429688,0.002324563218280673,266.9223327636719,270.037841796875,0.0009031585068441927,256.2900695800781,253.17774963378906,0.0006732412148267031,255.76925659179688,250.40220642089844,0.00016792087990324944,200.0800018310547,251.31414794921875,8.435726158495527e-06,201.34530639648438,251.5009765625,0.0001506942353444174,1.6363458633422852,266.50531005859375,6.526492597913602e-06,181.0618896484375,202.5460205078125,1.782343679224141e-05,246.72467041015625,252.39877319335938,5.610478183371015e-06
1264,259.56781005859375,247.56256103515625,0.00048362615052610636,266.5251770019531,268.9687805175781,7.294610259123147e-05,256.20440673828125,252.68191528320312,0.00019767408957704902,256.28558349609375,249.761474609375,7.045466918498278e-05,199.43496704101562,251.92723083496094,5.134409093443537e-06,200.69879150390625,252.2791748046875,0.00012805324513465166,1.5035996437072754,266.5592956542969,5.593243713519769e-06,180.8360595703125,203.23744201660156,1.6814792616060004e-05,153.21841430664062,204.38211059570312,7.474237918358995e-06
1265,259.377197265625,247.58389282226562,0.0002828658907674253,266.67523193359375,268.9705505371094,3.517286677379161e-05,256.3741149902344,252.95230102539062,6.730364839313552e-05,256.1475524902344,249.8980255126953,2.8517697501229122e-05,199.55662536621094,251.65585327148438,6.610840955545427e-06,200.72544860839844,252.0078887939453,0.00014795255265198648,1.4965183734893799,266.56805419921875,5.845847226737533e-06,181.1312713623047,203.4717254638672,1.1321886631776579e-05,199.6581268310547,248.3991241455078,4.109533620066941e-06
1266,259.8653564453125,247.65794372558594,0.0022285114973783493,266.9614562988281,269.02191162109375,0.00024920853320509195,255.56935119628906,253.40919494628906,0.0004983919207006693,255.2816162109375,250.22882080078125,0.00012346920266281813,251.6980438232422,253.4202423095703,6.01200827077264e-06,201.14016723632812,252.11477661132812,0.00013398760347627103,1.4885122776031494,266.5760192871094,7.863452992751263e-06,181.03457641601562,203.56369018554688,1.0836764886335004e-05,246.65383911132812,251.37498474121094,4.9698483053362e-06
1267,260.2113342285156,246.69639587402344,0.012332445941865444,267.07708740234375,268.4600830078125,0.0006913903052918613,256.2050476074219,252.5438690185547,0.0010524066165089607,255.18115234375,249.57681274414062,0.00040466777863912284,251.9445343017578,253.36917114257812,1.1410662409616634e-05,201.66635131835938,252.01234436035156,0.00014302865019999444,1.5030806064605713,266.6498107910156,6.483829565695487e-06,180.47802734375,203.34393310546875,1.8451282812748104e-05,246.31546020507812,251.90103149414062,6.778876013413537e-06
1268,261.8204040527344,247.11184692382812,0.5656958222389221,268.15606689453125,270.0136413574219,0.2506770193576813,256.46234130859375,253.9286651611328,0.0983664020895958,254.48739624023438,252.36477661132812,0.008992020972073078,254.76673889160156,253.040771484375,5.197193968342617e-05,200.99232482910156,252.33834838867188,0.0001851891865953803,271.8605651855469,277.8660888671875,1.9253000573371537e-05,259.3534851074219,254.4969024658203,1.0259295777359512e-05,247.56564331054688,252.96022033691406,4.5830638555344194e-05
1269,262.1070556640625,246.22976684570312,0.675530195236206,267.9992980957031,269.3105773925781,0.3901284635066986,256.24859619140625,253.13450622558594,0.0513751320540905,254.3905029296875,250.09356689453125,0.008073462173342705,254.83860778808594,252.60914611816406,4.839361645281315e-05,200.71925354003906,252.17420959472656,0.00037975635495968163,271.465576171875,277.0607604980469,2.301372842339333e-05,259.6202392578125,254.614013671875,7.5743796514871065e-06,249.99765014648438,241.97482299804688,3.052862302865833e-05
1270,263.5312194824219,245.0034942626953,0.9985034465789795,269.2506103515625,269.07098388671875,0.9879677295684814,255.26974487304688,254.07420349121094,0.6386343836784363,253.02996826171875,250.2596435546875,0.12752790749073029,257.9540100097656,252.9029541015625,9.399438567925245e-05,200.4756317138672,252.2868194580078,0.0005201356252655387,276.8996276855469,277.76708984375,0.00025180040393024683,261.1015625,240.8002166748047,1.5784653442096896e-05,252.06060791015625,243.06683349609375,8.640097075840458e-05
1271,264.0993957519531,244.10983276367188,0.9995068311691284,270.1541442871094,269.028076171875,0.9887160658836365,255.352294921875,253.22897338867188,0.7088034749031067,253.20785522460938,249.2311248779297,0.3598614037036896,258.1856384277344,252.404541015625,0.0001604122226126492,201.0319366455078,252.2879180908203,0.000523833092302084,277.1441955566406,277.9608459472656,0.0005766617832705379,261.2345275878906,241.29568481445312,3.097797525697388e-05,252.4624786376953,243.7858123779297,8.459916716674343e-05
1272,263.2594909667969,243.2428436279297,0.9950807094573975,270.1089172363281,268.60015869140625,0.9035123586654663,253.98008728027344,250.21885681152344,0.4125652313232422,253.39361572265625,248.3441162109375,0.29877161979675293,257.826904296875,252.19668579101562,9.40229874686338e-05,200.5541534423828,252.58863830566406,0.0002853453916031867,277.4699401855469,277.6569519042969,6.981688784435391e-05,261.4405212402344,240.63961791992188,1.6954607417574152e-05,252.66180419921875,243.78343200683594,6.422999285859987e-05
1273,263.2823791503906,242.80630493164062,0.9983593821525574,270.5866394042969,268.47998046875,0.9480894207954407,253.9893035888672,250.29624938964844,0.6207298040390015,253.23255920410156,247.9081573486328,0.4422330856323242,258.1606140136719,252.94424438476562,0.00013259638217277825,254.096923828125,251.67564392089844,0.0001811284018913284,277.9188232421875,277.5859680175781,0.00011173753591720015,271.5245666503906,239.833740234375,2.0099443645449355e-05,252.83460998535156,243.8760986328125,6.880964065203443e-05
1274,263.7010803222656,242.4731903076172,0.9986536502838135,271.3214416503906,267.57550048828125,0.9855309724807739,256.4286193847656,252.30255126953125,0.8582161664962769,253.0327606201172,247.47142028808594,0.7594456672668457,258.6066589355469,251.8734130859375,8.558708941563964e-05,254.16690063476562,250.99237060546875,0.00020270729146432132,278.1058349609375,277.1755676269531,0.0007851319387555122,261.2071838378906,241.77880859375,2.3491851607104763e-05,252.4110565185547,243.9350128173828,0.0001410831173416227
1275,264.1047058105469,240.3436279296875,0.9999966621398926,271.4389343261719,267.00201416015625,0.9998196959495544,254.50547790527344,249.65591430664062,0.9998910427093506,251.30880737304688,245.9627227783203,0.9997425675392151,261.528076171875,250.02549743652344,6.352757918648422e-05,256.16168212890625,249.22987365722656,0.00020373775623738766,276.4665832519531,278.48675537109375,0.04751186817884445,269.5096435546875,240.29005432128906,8.107975008897483e-05,253.38925170898438,244.62794494628906,0.00013037212193012238
1276,264.1272277832031,241.3851318359375,0.99997878074646,271.0084228515625,267.34393310546875,0.9995784163475037,254.15960693359375,249.5177001953125,0.9988958835601807,251.5966033935547,245.87338256835938,0.9970362186431885,260.73016357421875,250.3920440673828,7.292092050192878e-05,255.95050048828125,249.5084991455078,0.00031425245106220245,277.0179138183594,278.1809997558594,0.021566081792116165,261.6177978515625,242.88307189941406,6.233564636204392e-05,253.27806091308594,244.94618225097656,0.00011731256381608546
1277,263.71649169921875,241.2096405029297,0.9995703101158142,269.60675048828125,267.15338134765625,0.954725980758667,254.17420959472656,248.03472900390625,0.9749116897583008,252.22628784179688,245.17633056640625,0.9221401214599609,258.4427490234375,250.64125061035156,4.725302642327733e-05,254.77284240722656,249.58152770996094,0.0003746657457668334,277.41119384765625,276.96771240234375,0.00010183209087699652,261.6119384765625,242.06724548339844,3.9728769479552284e-05,252.70298767089844,244.67063903808594,8.515391527907923e-05
1278,264.8008728027344,238.96841430664062,0.9999973773956299,270.65673828125,265.6339416503906,0.999722421169281,252.70556640625,247.67367553710938,0.9999722242355347,250.79367065429688,244.0303497314453,0.999756395816803,262.0655212402344,249.84754943847656,0.00015443918528035283,269.4076232910156,260.4775085449219,0.0003548356471583247,276.1751403808594,277.6514892578125,0.006614969577640295,269.2169189453125,239.69593811035156,9.662177035352215e-05,252.53204345703125,228.98902893066406,0.00020312945707701147
1279,264.09539794921875,239.02247619628906,0.9999994039535522,272.2240295410156,267.03173828125,0.9999799728393555,251.5282440185547,248.4236602783203,0.999992847442627,249.57623291015625,244.25653076171875,0.9999181032180786,262.9251403808594,250.0062255859375,0.00018188469402957708,265.75103759765625,256.33624267578125,0.0004124012484680861,275.8435363769531,278.17987060546875,0.2509780824184418,268.6697082519531,239.9005126953125,8.789958519628271e-05,252.5071258544922,228.42918395996094,0.00026517920196056366
1280,265.51849365234375,238.35926818847656,0.9999996423721313,272.19415283203125,267.2966003417969,0.999993085861206,251.87049865722656,248.76376342773438,0.9999912977218628,249.319091796875,244.6671600341797,0.9999274015426636,263.1255798339844,249.3022003173828,8.410777081735432e-05,276.78912353515625,260.7003173828125,0.00033196655567735434,276.10980224609375,278.9591064453125,0.3465103209018707,268.5094299316406,239.89283752441406,9.694414620753378e-05,252.6259002685547,228.5237579345703,0.00032247003400698304
1281,266.158447265625,238.12449645996094,0.9999995231628418,272.7552795410156,268.0096740722656,0.999998927116394,252.19760131835938,249.45936584472656,0.99996018409729,249.13247680664062,244.834716796875,0.9998624324798584,276.984130859375,259.8988037109375,8.876295032678172e-05,277.64691162109375,260.883056640625,0.00028834378463216126,276.3712463378906,282.189453125,0.9556326866149902,268.3863220214844,239.85382080078125,0.00012981043255422264,253.0909423828125,228.7165069580078,0.0004092638264410198
1282,265.21319580078125,235.92153930664062,1.0,272.2820739746094,267.5054016113281,0.9999994039535522,249.7819366455078,249.29518127441406,0.9999850988388062,248.25460815429688,245.04067993164062,0.9999988079071045,285.6513671875,246.30502319335938,0.00021487113554030657,281.1837463378906,262.15106201171875,0.00019025016808882356,275.9153747558594,283.2584533691406,0.9950382113456726,267.6980285644531,238.42575073242188,0.00013061874778941274,253.65249633789062,228.5910186767578,0.000338285492034629
1283,265.2196960449219,236.05706787109375,1.0,272.1143798828125,267.098876953125,0.9999997615814209,248.92333984375,249.88356018066406,0.9999967813491821,245.26657104492188,245.55792236328125,1.0,284.8525695800781,246.5735626220703,0.00034334565862081945,280.91851806640625,261.6820983886719,0.0002856066857930273,277.1932373046875,283.0484313964844,0.9991872906684875,267.0648193359375,237.99551391601562,0.00017130051855929196,253.67352294921875,228.73081970214844,0.00029349143733270466
1284,264.6461181640625,235.865234375,1.0,271.9341735839844,264.0234375,0.9999997615814209,249.76339721679688,248.4031982421875,0.9999916553497314,243.51268005371094,245.0265655517578,1.0,275.7604675292969,256.4930725097656,0.0002481694973539561,280.5473937988281,259.77215576171875,0.0003083739138673991,277.2087097167969,283.4493408203125,0.999969482421875,246.7976531982422,287.38201904296875,0.0004883905639871955,254.33663940429688,229.28041076660156,0.0002740436466410756
1285,264.54180908203125,236.16162109375,1.0,271.3552551269531,263.8295593261719,0.9999998807907104,247.69178771972656,249.7302703857422,0.9999979734420776,242.8217315673828,245.6731719970703,1.0,275.4682922363281,256.4317626953125,0.00035060051595792174,276.85919189453125,258.0450744628906,0.0002954144438263029,277.3609924316406,283.7205505371094,0.9999852180480957,246.65234375,287.2091369628906,0.00036275203456170857,254.66009521484375,228.99954223632812,0.00021754256158601493
1286,264.3612365722656,235.87222290039062,1.0,270.6492004394531,263.497314453125,1.0,248.41246032714844,249.26795959472656,0.9999996423721313,242.7958221435547,246.289306640625,1.0,274.5614318847656,256.07373046875,0.0006274741608649492,276.2531433105469,257.9856262207031,0.0005184146575629711,276.9633483886719,283.63739013671875,0.9999932050704956,246.42398071289062,286.73883056640625,0.0004260295245330781,232.9904022216797,237.72621154785156,0.00015949041699059308
1287,264.3691711425781,235.9812469482422,1.0,270.5516662597656,263.27630615234375,1.0,247.88290405273438,249.0207061767578,0.9999998807907104,241.9667510986328,246.0619354248047,1.0,274.6394348144531,256.1123352050781,0.0006049373769201338,276.4375305175781,257.90106201171875,0.00042477971874177456,277.1414794921875,283.6011962890625,0.9999947547912598,246.0822296142578,286.6803283691406,0.0004946527187712491,233.23287963867188,237.74717712402344,0.00021459862182382494
1288,263.5642395019531,235.2859649658203,1.0,270.8202819824219,263.13787841796875,1.0,246.0894012451172,248.4107208251953,1.0,239.7667999267578,245.6118621826172,1.0,274.9580383300781,255.9195098876953,0.0005025716382078826,276.7327880859375,257.8448791503906,0.0003372528008185327,277.0923156738281,283.8912353515625,0.9999959468841553,244.95228576660156,286.615478515625,0.00044479890493676066,233.72938537597656,237.72776794433594,0.0002298029576195404
1289,263.3445129394531,235.00877380371094,1.0,270.75140380859375,262.9289245605469,1.0,245.04747009277344,247.946044921875,1.0,239.06654357910156,245.3623046875,1.0,284.5919189453125,244.7493896484375,0.0004099206125829369,291.7839050292969,249.67193603515625,0.0003225496329832822,277.0646057128906,283.374267578125,0.9999977350234985,244.77093505859375,286.2959899902344,0.0003290516324341297,233.8814697265625,237.7801513671875,0.0002999550197273493
1290,263.2657470703125,234.89515686035156,1.0,270.79681396484375,262.9747314453125,1.0,245.07803344726562,248.10520935058594,1.0,239.0518798828125,245.48342895507812,1.0,274.9986877441406,255.94830322265625,0.0003811604983638972,276.6307678222656,257.87530517578125,0.000251588731771335,276.73333740234375,283.758544921875,0.9999978542327881,244.86366271972656,286.4484558105469,0.00039391469908878207,233.92623901367188,238.0408172607422,0.00040294326026923954
1291,263.7533874511719,234.56741333007812,1.0,270.6880187988281,262.7303466796875,1.0,244.80747985839844,248.24667358398438,1.0,238.46803283691406,245.64610290527344,1.0,284.29937744140625,244.73854064941406,0.0005154786631464958,293.6283264160156,243.2928009033203,0.00030167060322128236,276.7720947265625,283.8629150390625,0.9999974966049194,244.64291381835938,286.3125915527344,0.00030466297175735235,234.0113525390625,237.88882446289062,0.0003324812278151512
1292,263.7751159667969,234.35215759277344,1.0,270.1288757324219,262.6567687988281,1.0,244.23085021972656,248.00059509277344,1.0,237.68344116210938,245.37376403808594,1.0,274.53118896484375,255.53927612304688,0.0004687034524977207,276.3337707519531,257.5179443359375,0.00028284190921112895,276.0677795410156,283.80615234375,0.9999985694885254,244.02099609375,285.80047607421875,0.0004926233668811619,234.13046264648438,237.9585723876953,0.00031340093119069934
1293,262.0674133300781,232.9365692138672,1.0,268.9808349609375,261.5933532714844,1.0,243.10699462890625,247.23483276367188,1.0,236.4716339111328,244.4439697265625,1.0,284.24053955078125,243.8903045654297,0.0004468372790142894,296.421875,239.2942657470703,0.00031754327937960625,275.77423095703125,283.307861328125,0.9999988079071045,243.0704345703125,285.62127685546875,0.0006436233525164425,234.43165588378906,238.725341796875,0.0003095642605330795
1294,260.0616455078125,231.52713012695312,1.0,267.183349609375,260.6177978515625,1.0,240.25552368164062,245.63084411621094,1.0,233.55075073242188,243.3894805908203,1.0,284.4794921875,243.66412353515625,0.00047519479994662106,296.78131103515625,238.9538116455078,0.0005382141098380089,274.3958435058594,282.4339904785156,0.9999991655349731,239.82421875,285.467041015625,0.015013739466667175,287.9393310546875,277.1004333496094,0.00031357011175714433
1295,258.5899353027344,229.80531311035156,1.0,265.3590393066406,258.9320983886719,1.0,237.89224243164062,244.93112182617188,1.0,230.37277221679688,242.8318634033203,1.0,268.8753356933594,246.5062713623047,0.0006930725066922605,296.2482604980469,238.29928588867188,0.001177474157884717,273.1707458496094,281.65386962890625,0.9999992847442627,238.67532348632812,285.2463073730469,0.03758525475859642,287.276611328125,276.4419860839844,0.0004541464149951935
1296,258.47381591796875,229.1831512451172,1.0,264.24017333984375,257.171630859375,0.9999998807907104,235.67318725585938,244.70387268066406,1.0,228.68011474609375,242.71131896972656,1.0,268.0318908691406,245.92344665527344,0.0011326126987114549,296.084716796875,237.70046997070312,0.0007175406790338457,272.3557434082031,279.41497802734375,0.9999990463256836,235.77757263183594,285.9977722167969,0.09504224359989166,285.0046691894531,278.9183349609375,0.0004400748875923455
1297,257.60186767578125,228.7954864501953,1.0,265.30169677734375,257.47955322265625,1.0,235.16920471191406,245.00015258789062,1.0,226.96917724609375,241.81410217285156,1.0,267.34967041015625,245.9022979736328,0.0016016298905014992,279.73931884765625,243.75051879882812,0.0008273949497379363,272.32330322265625,279.5158386230469,0.9999995231628418,237.1353759765625,284.05596923828125,0.23843112587928772,284.5732421875,278.8526306152344,0.0004876074963249266
1298,256.6995544433594,228.30197143554688,1.0,264.69000244140625,256.3143310546875,1.0,233.82533264160156,244.90322875976562,1.0,226.1903076171875,242.61416625976562,1.0,267.1636657714844,245.88116455078125,0.0014997078105807304,279.2304992675781,243.635986328125,0.0010023090289905667,272.1320495605469,279.365478515625,0.9999996423721313,235.98934936523438,283.78424072265625,0.25340840220451355,284.5257263183594,278.5760192871094,0.00041010172571986914
1299,256.5467529296875,228.30422973632812,1.0,265.0334777832031,256.58111572265625,1.0,233.1440887451172,244.98309326171875,1.0,224.94847106933594,242.44056701660156,1.0,267.331787109375,246.1873779296875,0.0009557737503200769,279.0734558105469,243.53123474121094,0.0008030915632843971,272.52105712890625,279.5101318359375,0.9999996423721313,233.2445068359375,284.84442138671875,0.12363728880882263,284.4043273925781,278.551513671875,0.0002794356842059642
1300,256.1094665527344,228.28565979003906,1.0,264.85906982421875,256.51708984375,1.0,232.64735412597656,244.79727172851562,1.0,223.8515625,241.79017639160156,1.0,267.01116943359375,246.13714599609375,0.0011821306543424726,278.69879150390625,243.50704956054688,0.0008637711871415377,272.3423156738281,279.42156982421875,0.9999996423721313,232.61627197265625,284.8763427734375,0.16348427534103394,284.2696533203125,278.39471435546875,0.0002584399771876633
1301,256.1440124511719,228.6090545654297,1.0,265.02911376953125,256.7489013671875,1.0,232.33238220214844,245.00025939941406,1.0,222.86416625976562,241.60543823242188,1.0,267.2635803222656,246.2252655029297,0.0008112156065180898,278.75823974609375,243.61605834960938,0.0009284791303798556,272.7104797363281,279.5751647949219,0.9999996423721313,233.27020263671875,284.619873046875,0.4782402813434601,284.3800964355469,278.5466613769531,0.00023847506963647902
1302,256.3526611328125,228.67417907714844,1.0,264.7371520996094,256.7913513183594,1.0,232.23861694335938,245.0759735107422,1.0,222.76083374023438,241.7371368408203,1.0,267.1051330566406,246.36448669433594,0.0008133957162499428,278.7140197753906,243.70066833496094,0.0008873613551259041,272.1183166503906,279.68414306640625,0.9999995231628418,232.85452270507812,284.3515319824219,0.5546948909759521,284.0400695800781,278.5870056152344,0.00020570511696860194
1303,256.0008850097656,228.6049041748047,1.0,264.6291809082031,256.7933044433594,1.0,231.7388916015625,245.09925842285156,1.0,222.119140625,241.66241455078125,1.0,271.2867126464844,243.35763549804688,0.0005304446094669402,278.5379943847656,243.65557861328125,0.0009042266174219549,272.2058410644531,279.5992126464844,0.9999996423721313,231.80267333984375,284.2676086425781,0.8433752059936523,283.991455078125,278.5413513183594,0.000219570763874799
1304,255.3819122314453,228.36109924316406,1.0,264.06536865234375,256.522705078125,1.0,231.3533477783203,245.25860595703125,1.0,221.58497619628906,241.76390075683594,1.0,270.9825744628906,242.92198181152344,0.00046538689639419317,278.3109130859375,243.2145233154297,0.0008028636802919209,272.0724792480469,279.3880615234375,0.9999996423721313,231.08395385742188,284.1314392089844,0.9765247106552124,284.0550231933594,278.2541809082031,0.00021495945111382753
1305,254.73617553710938,227.48080444335938,1.0,263.3879699707031,256.0881652832031,1.0,230.57083129882812,243.53297424316406,1.0,220.1821746826172,240.46853637695312,1.0,271.24505615234375,242.51345825195312,0.0006471367087215185,278.09820556640625,242.82835388183594,0.0008832027669996023,271.9336853027344,279.2106018066406,0.9999996423721313,231.3160400390625,284.05157470703125,0.9139295220375061,284.01104736328125,278.11956787109375,0.00025247206212952733
1306,254.12576293945312,226.91709899902344,1.0,263.14483642578125,256.1005859375,1.0,230.10301208496094,243.21719360351562,1.0,219.66477966308594,240.33853149414062,1.0,271.27276611328125,242.3882293701172,0.0006829342455603182,277.8413391113281,242.5939483642578,0.0007625554571859539,271.660888671875,279.2748718261719,0.9999994039535522,230.85205078125,284.4356384277344,0.9770300388336182,283.8625793457031,278.18243408203125,0.00020618957933038473
1307,253.91380310058594,226.70286560058594,1.0,262.9608459472656,255.93701171875,1.0,229.46539306640625,242.734130859375,1.0,218.87384033203125,240.27615356445312,1.0,271.0933837890625,242.29270935058594,0.0005531125352717936,277.9369201660156,242.56605529785156,0.0007574697956442833,271.2242736816406,279.8643493652344,0.9999994039535522,230.2160186767578,284.2608642578125,0.9889907836914062,283.53094482421875,278.4472961425781,0.00019745012104976922
1308,253.03738403320312,226.546875,1.0,262.084716796875,255.82745361328125,1.0,227.992431640625,242.47845458984375,1.0,217.08827209472656,240.23635864257812,1.0,265.90771484375,243.62429809570312,0.000673052913043648,295.1768493652344,238.15835571289062,0.0008299141190946102,270.7591247558594,279.7273864746094,0.9999996423721313,228.63836669921875,283.97576904296875,0.999876856803894,282.9773254394531,278.3507995605469,0.00020405210671015084
1309,252.78199768066406,226.04461669921875,1.0,261.3400573730469,255.77001953125,1.0,227.37615966796875,242.674072265625,1.0,216.60214233398438,239.93695068359375,1.0,270.2080993652344,241.6536407470703,0.0003347856691107154,295.1246337890625,238.31430053710938,0.0007022476638667285,269.2920227050781,280.0503845214844,0.9999996423721313,227.27239990234375,284.4080810546875,0.9993215799331665,282.2394104003906,278.15936279296875,0.000207341683562845
1310,251.54676818847656,225.6997528076172,1.0,259.70843505859375,255.42828369140625,1.0,225.36390686035156,243.03201293945312,1.0,214.79234313964844,240.5016632080078,1.0,264.7701110839844,242.86390686035156,0.0007361482130363584,193.73724365234375,246.95809936523438,0.0007748245843686163,268.46954345703125,279.7979736328125,0.9999996423721313,226.176025390625,284.9336853027344,0.9963907599449158,281.4061279296875,277.9933776855469,0.00011160253052366897
1311,250.18495178222656,225.43429565429688,1.0,258.6605224609375,255.27688598632812,1.0,224.69400024414062,242.554443359375,1.0,214.1222686767578,240.0488739013672,1.0,263.8540954589844,242.69618225097656,0.0010784643236547709,278.81195068359375,241.09375,0.0005935169174335897,267.8270568847656,279.4501953125,0.9999997615814209,224.29095458984375,285.26837158203125,0.9955413937568665,218.35479736328125,238.50621032714844,0.00010460600606165826
1312,250.15274047851562,225.7036895751953,1.0,257.70147705078125,254.88259887695312,1.0,224.124755859375,242.61981201171875,1.0,213.40086364746094,239.96629333496094,1.0,263.858154296875,242.71987915039062,0.0005455162608996034,278.6041259765625,240.61920166015625,0.000858648563735187,267.032470703125,278.8897705078125,0.9999998807907104,223.79310607910156,284.494140625,0.9999715089797974,218.61305236816406,238.56190490722656,0.00011047898442484438
1313,249.6763458251953,225.3668212890625,1.0,257.2036437988281,254.7864990234375,1.0,223.74234008789062,242.61029052734375,1.0,212.9712371826172,240.05267333984375,1.0,263.45361328125,242.6557159423828,0.0008284125942736864,278.4790954589844,240.42489624023438,0.0009054055553860962,267.07666015625,278.9201965332031,0.9999998807907104,222.88021850585938,284.65179443359375,0.9999852180480957,218.82093811035156,238.61351013183594,0.00010347047646064311
1314,249.05552673339844,225.03900146484375,1.0,256.78350830078125,254.45082092285156,1.0,222.72802734375,242.78390502929688,1.0,212.59344482421875,239.89537048339844,1.0,263.278564453125,242.40182495117188,0.00038075668271631,278.2749328613281,240.13449096679688,0.0008648887742310762,266.95806884765625,279.0377197265625,0.9999998807907104,222.436279296875,284.93292236328125,0.9999337196350098,218.97674560546875,238.7670135498047,8.448783773928881e-05
1315,249.28964233398438,225.39361572265625,1.0,256.285888671875,254.46881103515625,1.0,222.3668670654297,243.0393829345703,1.0,211.17575073242188,239.6698760986328,1.0,256.7510986328125,244.43809509277344,0.0004256023094058037,278.3453674316406,240.30938720703125,0.0007957477937452495,266.7509765625,278.82568359375,0.9999998807907104,221.97361755371094,284.8272705078125,0.9999675750732422,219.32643127441406,238.8110809326172,8.141119178617373e-05
1316,248.36041259765625,225.18226623535156,1.0,256.0216369628906,254.31198120117188,1.0,221.69638061523438,242.96319580078125,1.0,210.5235595703125,239.72972106933594,1.0,256.48150634765625,244.4441375732422,0.0005068211467005312,278.00787353515625,239.626708984375,0.0009241575025953352,266.48651123046875,278.5954895019531,0.9999997615814209,221.534912109375,284.67913818359375,0.9998912811279297,219.61903381347656,238.8105926513672,7.307127816602588e-05
1317,248.2581329345703,225.14927673339844,1.0,255.56533813476562,254.38192749023438,1.0,221.2577667236328,242.67491149902344,1.0,210.40927124023438,239.40823364257812,1.0,256.3026428222656,244.50465393066406,0.0007770360098220408,277.7906188964844,239.7982635498047,0.0013853426789864898,265.87451171875,278.7162780761719,0.9999998807907104,221.11692810058594,284.32305908203125,0.9997721314430237,219.83563232421875,238.8993377685547,5.9065019740955904e-05
1318,248.36219787597656,225.04067993164062,1.0,255.046630859375,254.40850830078125,1.0,220.671875,242.0376434326172,1.0,209.70924377441406,238.76449584960938,1.0,256.4120178222656,244.66429138183594,0.0005316584138199687,277.7863464355469,239.71835327148438,0.001401809393428266,265.42742919921875,278.1729736328125,0.9999998807907104,220.15411376953125,284.25347900390625,0.9997418522834778,274.0735168457031,278.5758056640625,5.504395448951982e-05
1319,248.35501098632812,225.09494018554688,1.0,255.36569213867188,254.6661376953125,1.0,220.66983032226562,241.97265625,1.0,209.26707458496094,238.79916381835938,1.0,256.5488586425781,244.8172607421875,0.00044568299199454486,277.8075256347656,239.98121643066406,0.0013342095771804452,265.31414794921875,278.0003356933594,0.9999998807907104,220.39805603027344,284.2618713378906,0.9995473027229309,274.05291748046875,278.47900390625,6.294224294833839e-05
1320,248.11083984375,225.0060577392578,1.0,254.94879150390625,254.74473571777344,1.0,220.21279907226562,242.08982849121094,1.0,209.18235778808594,238.58267211914062,1.0,256.370361328125,244.8073272705078,0.0008529050392098725,277.6513977050781,239.4742431640625,0.0016790502704679966,265.1783447265625,278.29400634765625,0.9999998807907104,219.775634765625,284.2803039550781,0.9983425140380859,273.88177490234375,278.4908142089844,6.191466673044488e-05
1321,248.33822631835938,225.19415283203125,1.0,254.78773498535156,255.02935791015625,1.0,219.6823272705078,241.7509765625,1.0,207.8970947265625,238.2040252685547,1.0,256.2157897949219,244.9665985107422,0.0011414753971621394,278.0273132324219,240.2286834716797,0.0016768170753493905,264.99005126953125,278.6966857910156,0.9999998807907104,218.73681640625,284.30059814453125,0.9977706670761108,273.8509216308594,278.843994140625,5.7898367231246084e-05
1322,247.22125244140625,224.71380615234375,1.0,253.5889892578125,254.45965576171875,1.0,218.60658264160156,241.51309204101562,1.0,207.09765625,238.29161071777344,1.0,255.2373046875,244.74349975585938,0.0013426878722384572,277.54327392578125,239.27627563476562,0.001274110865779221,264.36419677734375,277.8594970703125,0.9999998807907104,217.95094299316406,283.9305114746094,0.9901605844497681,273.73822021484375,278.3803405761719,5.901075201109052e-05
1323,246.4964141845703,224.65184020996094,1.0,252.75485229492188,253.739501953125,1.0,217.22132873535156,241.31861877441406,1.0,206.5188446044922,238.21180725097656,1.0,254.40237426757812,244.5857696533203,0.0035627204924821854,199.02171325683594,245.51467895507812,0.000978923519141972,261.6583251953125,277.8909912109375,0.9999998807907104,218.57623291015625,284.2794189453125,0.9954814910888672,266.2470703125,284.5078125,0.00013921847858000547
1324,245.85443115234375,224.46731567382812,1.0,252.32374572753906,253.5084991455078,1.0,217.16311645507812,241.1938018798828,1.0,205.6857147216797,238.37326049804688,1.0,254.1461181640625,244.51715087890625,0.003317042952403426,199.55043029785156,245.46853637695312,0.0011524639558047056,260.9567565917969,277.7589111328125,0.9999998807907104,216.97520446777344,284.3131408691406,0.9997678399085999,266.0451354980469,284.86572265625,0.00013283759471960366
1325,245.5093994140625,224.4867401123047,1.0,252.18663024902344,253.7457275390625,1.0,216.3018341064453,241.59620666503906,1.0,204.91246032714844,238.45692443847656,1.0,253.77761840820312,244.63363647460938,0.0024834931828081608,277.353515625,238.4462127685547,0.0010982779785990715,260.2045593261719,277.9924011230469,0.9999998807907104,215.77066040039062,284.5754089355469,0.999958872795105,265.9339294433594,285.4907531738281,0.0001354970154352486
1326,245.19659423828125,224.7310028076172,1.0,251.7738494873047,253.3292236328125,1.0,215.51193237304688,241.07586669921875,1.0,204.05369567871094,238.25967407226562,1.0,253.36326599121094,245.00070190429688,0.0011050443863496184,200.96786499023438,245.30555725097656,0.0009291914757341146,259.377685546875,277.4518127441406,1.0,214.7588653564453,283.970458984375,0.999990701675415,227.45828247070312,290.48779296875,0.00016686679737176746
1327,244.58543395996094,224.13168334960938,1.0,251.3506317138672,253.5944061279297,1.0,214.65504455566406,240.56459045410156,1.0,202.36703491210938,238.1651611328125,1.0,253.28912353515625,244.86798095703125,0.0006721231038682163,201.43331909179688,245.2359619140625,0.0010173696791753173,257.8147888183594,277.48272705078125,1.0,213.13572692871094,283.3384704589844,0.9999988079071045,269.88629150390625,279.2215270996094,0.00013708625920116901
1328,243.822509765625,224.26023864746094,1.0,249.8937225341797,253.61746215820312,1.0,213.4605255126953,240.19711303710938,1.0,200.53111267089844,238.01019287109375,1.0,252.7729949951172,245.2073974609375,0.000737239548470825,201.9698028564453,245.2215118408203,0.0007170324679464102,256.6116027832031,277.4638977050781,1.0,211.8663787841797,282.8343505859375,0.9999997615814209,269.3981018066406,279.6162109375,0.00019709103798959404
1329,241.08351135253906,223.98545837402344,1.0,248.169189453125,252.89149475097656,1.0,210.36305236816406,240.6572723388672,1.0,197.32225036621094,238.37733459472656,1.0,251.53759765625,244.6010284423828,0.00031481048790737987,264.29241943359375,242.1121063232422,0.0005325926467776299,255.1854248046875,277.07696533203125,1.0,209.5917205810547,283.72601318359375,0.9999980926513672,268.4402770996094,279.5084228515625,0.00010550690058153123
1330,238.68521118164062,223.1223602294922,1.0,245.05670166015625,252.31480407714844,1.0,207.4402313232422,240.12913513183594,1.0,193.66134643554688,237.7915802001953,1.0,249.67715454101562,243.3641815185547,0.00019528160919435322,180.70680236816406,244.92465209960938,0.0008923770510591567,252.1559295654297,276.6904296875,1.0,207.1502685546875,284.1307373046875,0.9998230338096619,260.7754211425781,279.1734313964844,8.093853830359876e-05
1331,237.4685516357422,222.4261474609375,1.0,243.45651245117188,252.2809295654297,1.0,204.41485595703125,238.89837646484375,1.0,190.27304077148438,237.0823974609375,1.0,259.9267578125,234.37295532226562,0.0001784370979294181,182.76382446289062,244.489990234375,0.0014393279561772943,249.97650146484375,277.10150146484375,1.0,205.67401123046875,284.39691162109375,0.9997274279594421,259.0584716796875,279.4312744140625,9.007409971673042e-05
1332,235.5758514404297,221.5754852294922,1.0,242.307373046875,252.63890075683594,1.0,201.07225036621094,238.91693115234375,1.0,188.02597045898438,236.93838500976562,1.0,256.710693359375,238.73138427734375,0.0003181020147167146,184.93603515625,244.25035095214844,0.0022868032101541758,248.66590881347656,278.0218811035156,1.0,202.53355407714844,284.8260192871094,0.9999390840530396,257.5597839355469,279.48382568359375,0.00011205743794562295
1333,233.77523803710938,221.52378845214844,1.0,240.96945190429688,252.57537841796875,1.0,200.07188415527344,238.18946838378906,1.0,186.9076690673828,236.85470581054688,1.0,256.6727294921875,237.77186584472656,0.00027110602241009474,185.2664337158203,243.9764862060547,0.00202277977950871,247.95367431640625,277.75225830078125,1.0,200.971923828125,283.9734191894531,0.9998887777328491,257.4349670410156,278.805419921875,9.717719512991607e-05
1334,232.4413604736328,222.292724609375,1.0,239.47657775878906,251.39263916015625,1.0,197.47866821289062,238.5510711669922,1.0,183.52255249023438,236.94236755371094,1.0,246.51490783691406,241.87310791015625,0.00032790141995064914,187.0467987060547,244.12266540527344,0.0009213027078658342,245.3992919921875,277.3240661621094,1.0,198.29818725585938,284.04925537109375,0.9999980926513672,255.48866271972656,279.70855712890625,0.00012868313933722675
1335,229.42185974121094,223.65455627441406,1.0,235.990234375,252.84091186523438,1.0,194.40664672851562,238.70391845703125,1.0,181.42947387695312,237.4967803955078,1.0,239.3130340576172,242.3846435546875,0.9953254461288452,243.7447052001953,244.47076416015625,0.10754719376564026,240.22666931152344,278.1792907714844,1.0,196.7147674560547,283.7627868652344,0.9999891519546509,253.1090087890625,281.86767578125,0.002917816396802664
1336,227.02822875976562,224.38827514648438,1.0,234.40516662597656,254.49313354492188,1.0,191.93472290039062,239.14077758789062,1.0,179.0038604736328,237.07106018066406,1.0,234.48362731933594,242.54611206054688,0.9999973773956299,241.7150421142578,243.86196899414062,0.989797830581665,238.05923461914062,279.47161865234375,1.0,194.7747344970703,284.4512634277344,0.9999040365219116,252.4075469970703,284.79425048828125,0.01320918370038271
1337,226.01565551757812,225.13442993164062,1.0,234.0037841796875,254.16343688964844,1.0,191.106689453125,238.5509490966797,1.0,177.8501739501953,236.7158203125,1.0,233.4783935546875,241.29302978515625,1.0,239.52792358398438,244.15481567382812,0.9999204874038696,237.2820587158203,279.12518310546875,1.0,193.26583862304688,285.19903564453125,0.9998881816864014,249.93846130371094,284.02374267578125,0.05450354143977165
1338,225.26902770996094,224.91278076171875,1.0,232.772705078125,254.40353393554688,1.0,189.9219970703125,237.855712890625,1.0,176.4179229736328,236.1065673828125,1.0,232.55091857910156,241.79620361328125,1.0,238.31459045410156,244.67506408691406,0.9998127818107605,234.61741638183594,280.4513854980469,1.0,191.9854736328125,285.5639343261719,0.9998944997787476,247.72940063476562,285.12298583984375,0.07235158979892731
1339,221.8306121826172,224.44252014160156,1.0,229.0157928466797,253.15069580078125,1.0,186.16989135742188,237.98953247070312,1.0,173.40322875976562,235.93313598632812,1.0,230.7288360595703,242.23483276367188,1.0,236.62081909179688,244.6499481201172,0.9999740123748779,231.4929656982422,281.0084533691406,1.0,186.878173828125,285.7568054199219,0.9999678134918213,244.8044891357422,286.4006652832031,0.07263683527708054
1340,217.68247985839844,225.30816650390625,1.0,225.34353637695312,253.64244079589844,1.0,182.8003387451172,238.49745178222656,1.0,169.07394409179688,235.90838623046875,1.0,227.45046997070312,242.79336547851562,1.0,235.15065002441406,243.56869506835938,0.9999998807907104,226.11697387695312,280.60040283203125,1.0,183.4048614501953,286.740966796875,0.9999628067016602,240.5855712890625,286.92529296875,0.9642705321311951
1341,215.3530731201172,225.03309631347656,1.0,221.05030822753906,253.08607482910156,1.0,180.99143981933594,238.30613708496094,1.0,167.10594177246094,235.6759033203125,1.0,225.49693298339844,242.36676025390625,1.0,233.9271697998047,244.2499542236328,1.0,222.34127807617188,279.7096252441406,1.0,180.0158233642578,287.52215576171875,0.9999674558639526,238.43812561035156,286.9081726074219,0.9999599456787109
1342,212.40989685058594,224.55136108398438,1.0,218.23724365234375,252.52267456054688,1.0,179.2498016357422,238.19056701660156,1.0,165.1083221435547,235.3468017578125,1.0,224.34951782226562,242.098388671875,1.0,232.9968719482422,244.85743713378906,1.0,219.19760131835938,278.20831298828125,1.0,178.30465698242188,287.2190856933594,0.9999833106994629,236.25994873046875,286.8131103515625,0.9999996423721313
1343,209.76133728027344,224.0216064453125,1.0,215.40121459960938,251.94300842285156,1.0,176.53433227539062,238.21536254882812,1.0,163.1769561767578,235.35928344726562,1.0,222.81654357910156,241.36439514160156,1.0,232.1998748779297,244.3600311279297,1.0,216.18348693847656,278.29949951171875,1.0,177.0794677734375,286.6793518066406,0.9999911785125732,234.14418029785156,285.87774658203125,1.0
1344,206.39590454101562,223.92140197753906,1.0,211.36122131347656,251.5469207763672,1.0,173.9370574951172,238.1608428955078,1.0,160.14825439453125,234.4416961669922,1.0,220.4016571044922,241.00531005859375,1.0,230.27169799804688,242.91912841796875,1.0,211.3922119140625,277.69384765625,1.0,171.9234161376953,286.4884338378906,0.9999830722808838,229.97183227539062,285.416259765625,1.0
1345,200.52919006347656,223.0125274658203,1.0,206.31491088867188,251.0403289794922,1.0,168.0831298828125,237.76776123046875,1.0,154.3153076171875,234.49620056152344,1.0,217.1712646484375,240.07638549804688,1.0,226.6659698486328,242.21644592285156,1.0,206.16091918945312,275.7376708984375,1.0,167.9421844482422,286.77374267578125,0.9999966621398926,225.87901306152344,285.7693176269531,1.0
1346,195.79269409179688,222.9482879638672,1.0,200.94366455078125,249.73007202148438,1.0,164.56234741210938,238.626220703125,1.0,150.264404296875,234.64752197265625,1.0,213.72210693359375,238.68402099609375,1.0,224.5115203857422,240.17669677734375,1.0,201.66172790527344,275.89361572265625,1.0,164.3400115966797,286.83447265625,0.9999904632568359,223.77410888671875,285.07769775390625,1.0
1347,192.3043975830078,221.93521118164062,1.0,197.6162109375,249.5513916015625,1.0,160.88424682617188,238.11558532714844,1.0,147.60595703125,235.11260986328125,1.0,210.392578125,238.32664489746094,1.0,221.8043212890625,239.04005432128906,1.0,197.81141662597656,275.4241027832031,1.0,160.36878967285156,285.2936096191406,0.9999951124191284,220.60150146484375,284.80499267578125,1.0
1348,186.51318359375,222.46112060546875,1.0,190.6287841796875,249.34478759765625,1.0,156.7191925048828,238.12942504882812,1.0,143.55853271484375,234.34414672851562,1.0,205.91539001464844,237.63365173339844,1.0,217.86019897460938,237.9051055908203,1.0,191.18148803710938,274.8740539550781,1.0,154.80918884277344,284.4652404785156,0.9999991655349731,215.01710510253906,283.4957275390625,1.0
1349,182.65081787109375,221.4683380126953,1.0,186.30288696289062,247.6163787841797,1.0,153.80917358398438,237.21328735351562,1.0,139.73919677734375,233.85618591308594,1.0,203.09547424316406,236.8432159423828,1.0,215.33688354492188,237.03919982910156,1.0,187.3560028076172,274.0920104980469,1.0,151.76161193847656,284.4121398925781,0.9999995231628418,211.43417358398438,283.8437194824219,1.0
1350,181.40853881835938,221.1432342529297,1.0,184.60691833496094,247.83291625976562,1.0,152.82130432128906,237.0564727783203,1.0,137.95606994628906,233.39175415039062,1.0,201.84933471679688,236.76553344726562,1.0,214.75392150878906,236.62330627441406,1.0,184.5471649169922,275.0282287597656,1.0,150.9441375732422,284.5772705078125,0.9999994039535522,209.1007080078125,283.8460388183594,1.0
1351,182.43988037109375,221.02783203125,1.0,185.06654357910156,248.06643676757812,1.0,154.28590393066406,235.3498077392578,1.0,138.6242218017578,233.26011657714844,1.0,203.01011657714844,235.9132080078125,1.0,215.9905242919922,236.4785614013672,1.0,185.1339874267578,274.7410888671875,1.0,150.39109802246094,283.50872802734375,0.9999998807907104,209.76223754882812,283.65399169921875,1.0
1352,183.5176544189453,221.17300415039062,1.0,185.95602416992188,249.10365295410156,1.0,154.69300842285156,235.163330078125,1.0,140.70550537109375,233.1681365966797,1.0,203.7594451904297,235.75094604492188,1.0,216.7950439453125,236.626953125,1.0,185.81512451171875,274.5199279785156,1.0,151.42320251464844,283.5990295410156,0.9999998807907104,211.1784210205078,284.0049133300781,1.0
1353,185.00634765625,220.81536865234375,1.0,187.0854034423828,249.40194702148438,1.0,155.53286743164062,235.04725646972656,1.0,141.22723388671875,232.89935302734375,1.0,204.99705505371094,235.6825408935547,1.0,216.8531951904297,236.67083740234375,1.0,187.15924072265625,274.5546875,1.0,152.59532165527344,283.4530944824219,0.9999997615814209,212.37033081054688,283.8464660644531,1.0
1354,186.02603149414062,220.79161071777344,1.0,188.1004638671875,249.2279052734375,1.0,156.46726989746094,234.9866485595703,1.0,142.1161346435547,232.93341064453125,1.0,205.71487426757812,235.56173706054688,1.0,217.84393310546875,237.3485107421875,1.0,188.25259399414062,274.6494140625,1.0,152.856201171875,283.9989318847656,0.9999997615814209,212.83712768554688,284.17718505859375,1.0
1355,186.3662567138672,221.39308166503906,1.0,188.32501220703125,249.26754760742188,1.0,157.1230010986328,235.06924438476562,1.0,142.85458374023438,232.9888916015625,1.0,206.0131072998047,235.58029174804688,1.0,218.38848876953125,237.36090087890625,1.0,188.70870971679688,274.6969299316406,1.0,153.69215393066406,283.5894470214844,0.9999998807907104,213.82110595703125,284.0502014160156,1.0
1356,188.29025268554688,221.0015869140625,1.0,190.88140869140625,249.48919677734375,1.0,158.14317321777344,235.0714111328125,1.0,144.04383850097656,233.08370971679688,1.0,207.6425323486328,235.67617797851562,1.0,219.88441467285156,237.88442993164062,1.0,190.31903076171875,274.8503723144531,1.0,154.1417694091797,283.8428649902344,0.9999996423721313,214.9595947265625,283.85986328125,1.0
1357,188.56678771972656,221.0178680419922,1.0,191.30014038085938,249.8560333251953,1.0,158.24679565429688,234.96646118164062,1.0,144.27700805664062,232.9243927001953,1.0,207.6610870361328,235.9690704345703,1.0,220.01358032226562,238.119384765625,1.0,190.53416442871094,274.66717529296875,1.0,154.2860565185547,284.0939025878906,0.9999996423721313,215.40916442871094,283.8797302246094,1.0
1358,188.61886596679688,220.99851989746094,1.0,191.55938720703125,249.87200927734375,1.0,158.3178253173828,234.99581909179688,1.0,144.3767547607422,232.96539306640625,1.0,207.51873779296875,236.05458068847656,1.0,219.88934326171875,238.296142578125,1.0,190.92227172851562,274.4492492675781,1.0,154.51402282714844,283.9866027832031,0.9999995231628418,215.38723754882812,283.87213134765625,1.0
1359,188.85308837890625,220.7527618408203,1.0,191.63690185546875,249.97592163085938,1.0,158.61282348632812,235.00453186035156,1.0,144.86190795898438,232.8193817138672,1.0,207.80136108398438,236.15896606445312,1.0,220.07740783691406,238.27684020996094,1.0,190.9573974609375,274.8742980957031,1.0,154.5654296875,283.8977966308594,0.9999995231628418,215.69955444335938,284.008544921875,1.0
1360,189.46714782714844,220.94869995117188,1.0,192.4679718017578,250.00758361816406,1.0,159.41734313964844,235.1076202392578,1.0,145.3339080810547,233.08592224121094,1.0,208.22299194335938,236.3388671875,1.0,220.61636352539062,238.4414825439453,1.0,192.38194274902344,274.8910827636719,1.0,156.0105438232422,283.9046936035156,0.9999991655349731,216.9644012451172,284.2635803222656,0.9999998807907104
1361,190.40325927734375,220.74986267089844,1.0,194.03619384765625,250.22430419921875,1.0,160.60882568359375,234.8583221435547,1.0,146.24630737304688,232.6842498779297,1.0,208.4464874267578,236.5986785888672,1.0,220.82107543945312,238.51589965820312,1.0,193.47425842285156,275.7196044921875,1.0,157.29896545410156,284.0750732421875,0.9999988079071045,217.3572540283203,284.4267883300781,1.0
1362,191.0933074951172,220.4123992919922,1.0,195.47987365722656,250.3547821044922,1.0,160.9433135986328,234.7405242919922,1.0,146.75584411621094,232.51312255859375,1.0,209.1837158203125,236.49998474121094,1.0,220.79205322265625,238.3417205810547,1.0,195.29534912109375,276.5013122558594,1.0,157.6503448486328,283.9593505859375,0.9999990463256836,218.5318145751953,284.4314270019531,1.0
1363,191.7568817138672,220.40066528320312,1.0,196.1459197998047,250.26254272460938,1.0,161.51235961914062,235.0830841064453,1.0,147.41375732421875,232.3751678466797,1.0,209.7341766357422,236.59022521972656,1.0,221.07362365722656,238.51226806640625,1.0,195.90916442871094,276.5339050292969,1.0,158.41314697265625,284.1834411621094,0.9999990463256836,219.15036010742188,284.5771179199219,1.0
1364,192.17654418945312,220.70574951171875,1.0,196.36102294921875,250.23959350585938,1.0,161.6497039794922,234.9989471435547,1.0,147.38145446777344,232.3731231689453,1.0,210.4178009033203,236.92117309570312,1.0,221.9272918701172,238.88302612304688,1.0,196.0738525390625,276.5602722167969,1.0,158.9652862548828,284.3630065917969,0.9999985694885254,219.5081329345703,284.92901611328125,1.0
1365,192.322265625,220.7549591064453,1.0,196.8252716064453,250.0946044921875,1.0,161.98863220214844,234.9479217529297,1.0,147.59442138671875,232.35789489746094,1.0,210.9893035888672,236.9717559814453,1.0,222.30288696289062,238.89279174804688,1.0,196.32740783691406,276.5538024902344,1.0,158.878662109375,284.25335693359375,0.999998927116394,219.43783569335938,284.96600341796875,1.0
1366,192.94186401367188,221.083740234375,1.0,197.18775939941406,249.85691833496094,1.0,162.48904418945312,234.86868286132812,1.0,148.02682495117188,232.53598022460938,1.0,211.13133239746094,236.99346923828125,1.0,222.3457794189453,238.76991271972656,1.0,197.02743530273438,276.09283447265625,1.0,159.65576171875,284.081298828125,0.9999995231628418,220.10787963867188,285.0771789550781,1.0
1367,193.37661743164062,221.24905395507812,1.0,197.81573486328125,249.9763641357422,1.0,163.3031768798828,235.0880584716797,1.0,149.06619262695312,232.55979919433594,1.0,211.75607299804688,237.19488525390625,1.0,222.93896484375,238.8151397705078,1.0,197.80677795410156,276.1991271972656,1.0,160.33053588867188,284.04339599609375,0.9999992847442627,220.7982940673828,285.4497985839844,1.0
1368,194.5111541748047,221.20602416992188,1.0,198.88072204589844,250.53590393066406,1.0,163.91629028320312,235.2403564453125,1.0,149.15647888183594,232.17727661132812,1.0,212.31419372558594,237.33493041992188,1.0,222.90203857421875,238.7958984375,1.0,198.47845458984375,276.57861328125,1.0,160.53150939941406,284.347412109375,0.9999974966049194,221.9300994873047,285.5897216796875,1.0
1369,194.55569458007812,221.02581787109375,1.0,198.6641387939453,250.53875732421875,1.0,164.26153564453125,235.06954956054688,1.0,149.50503540039062,232.68748474121094,1.0,212.65316772460938,237.4712371826172,1.0,223.72531127929688,239.55435180664062,1.0,198.91494750976562,276.7878723144531,1.0,160.67657470703125,284.37335205078125,0.9999988079071045,222.09544372558594,285.96795654296875,1.0
1370,195.01693725585938,221.27493286132812,1.0,199.02513122558594,250.7051544189453,1.0,164.51052856445312,235.21829223632812,1.0,149.71217346191406,232.6632080078125,1.0,212.90943908691406,237.6061248779297,1.0,223.937744140625,239.860595703125,1.0,199.279541015625,276.8928527832031,1.0,161.42503356933594,284.65350341796875,0.9999988079071045,222.26919555664062,285.9465026855469,1.0
1371,195.5319366455078,221.48439025878906,1.0,199.41680908203125,250.91583251953125,1.0,165.09523010253906,235.26397705078125,1.0,150.01416015625,232.65847778320312,1.0,213.225830078125,237.67601013183594,1.0,224.14675903320312,239.8763885498047,1.0,199.8886260986328,276.9410400390625,1.0,161.67660522460938,284.7626953125,0.9999986886978149,222.81640625,285.85687255859375,1.0
1372,195.9872589111328,221.79505920410156,1.0,199.7324676513672,250.97337341308594,1.0,165.40069580078125,235.42807006835938,1.0,150.2320098876953,232.75790405273438,1.0,213.68128967285156,237.76458740234375,1.0,224.65638732910156,240.09893798828125,1.0,200.22341918945312,276.7726135253906,1.0,161.99269104003906,284.78277587890625,0.999998927116394,223.1761932373047,285.87200927734375,1.0
1373,196.19601440429688,222.01206970214844,1.0,200.1759490966797,250.82919311523438,1.0,165.74517822265625,235.3486328125,1.0,150.37818908691406,232.92596435546875,1.0,213.98890686035156,237.70404052734375,1.0,224.91172790527344,239.81800842285156,1.0,200.4389190673828,276.88580322265625,1.0,162.0077362060547,284.9109802246094,0.999998927116394,223.24276733398438,286.0716857910156,1.0
1374,196.5780029296875,221.6971893310547,1.0,200.56163024902344,250.8251495361328,1.0,166.20211791992188,235.1696014404297,1.0,150.54969787597656,233.00308227539062,1.0,214.48397827148438,237.7078399658203,1.0,225.20309448242188,240.0389404296875,1.0,200.61962890625,277.0652160644531,1.0,162.01312255859375,284.74688720703125,0.9999990463256836,223.36134338378906,285.98846435546875,1.0
1375,196.7928466796875,222.3119659423828,1.0,201.2200164794922,250.9892578125,1.0,166.71946716308594,235.63095092773438,1.0,150.33804321289062,232.88540649414062,1.0,214.82237243652344,238.59951782226562,1.0,225.39224243164062,240.0087890625,1.0,200.978515625,276.9280700683594,1.0,162.0083465576172,284.654296875,0.9999991655349731,223.25599670410156,286.0807800292969,1.0
1376,197.9044189453125,222.06080627441406,1.0,201.7528839111328,251.14906311035156,1.0,167.51644897460938,236.1709747314453,1.0,151.35829162597656,233.21343994140625,1.0,215.6869659423828,239.36805725097656,1.0,226.2592315673828,240.80966186523438,1.0,201.4423370361328,277.08941650390625,1.0,162.266845703125,284.81890869140625,0.9999988079071045,224.0038299560547,286.2622375488281,1.0
1377,198.39840698242188,222.1253204345703,1.0,201.87539672851562,251.73294067382812,1.0,167.5067596435547,236.25390625,1.0,151.31053161621094,233.24583435058594,1.0,215.66127014160156,239.5474090576172,1.0,226.44570922851562,240.60693359375,1.0,201.6664581298828,277.46221923828125,1.0,162.67042541503906,285.1565246582031,0.999998927116394,223.97743225097656,286.2815246582031,1.0
1378,198.04051208496094,222.2311553955078,1.0,201.9463653564453,251.7901153564453,1.0,167.53590393066406,236.5625457763672,1.0,151.27474975585938,233.26641845703125,1.0,215.66867065429688,239.46995544433594,1.0,226.50418090820312,240.5349884033203,1.0,201.90072631835938,277.5819091796875,1.0,162.90478515625,285.3333435058594,0.9999988079071045,224.1734161376953,286.1439514160156,0.9999998807907104
1379,197.9711456298828,222.707763671875,1.0,202.05860900878906,251.81796264648438,1.0,167.43653869628906,236.51959228515625,1.0,151.40386962890625,233.27099609375,1.0,215.6983642578125,239.6569366455078,1.0,226.59410095214844,240.56478881835938,1.0,201.83087158203125,277.7072448730469,1.0,162.6571807861328,285.095947265625,0.9999992847442627,224.1806640625,286.1961669921875,0.9999998807907104
1380,198.1145782470703,223.25784301757812,1.0,202.75436401367188,251.93167114257812,1.0,167.30128479003906,237.04739379882812,1.0,151.0452423095703,233.1521759033203,1.0,216.16380310058594,240.0302276611328,1.0,226.45538330078125,240.87646484375,1.0,202.35760498046875,277.259033203125,1.0,163.02186584472656,285.1742858886719,0.9999992847442627,223.9571533203125,286.78912353515625,1.0
1381,200.95803833007812,225.4401397705078,1.0,203.64697265625,250.8105010986328,1.0,169.39608764648438,241.95693969726562,0.0009509387891739607,154.66954040527344,235.5130157470703,1.0,216.5529022216797,243.72576904296875,0.9587901830673218,224.229736328125,240.95790100097656,0.9999998807907104,203.06382751464844,276.7722473144531,1.0,162.87974548339844,285.04876708984375,0.9999996423721313,223.71292114257812,287.2886657714844,0.9999997615814209
1382,199.0117950439453,224.9034881591797,1.0,202.70584106445312,251.83273315429688,1.0,213.5915069580078,298.4616394042969,0.00046908334479667246,155.77955627441406,236.8193817138672,0.9999997615814209,213.084228515625,244.099853515625,0.7388478517532349,222.7156524658203,242.10264587402344,0.9999998807907104,202.724853515625,276.417236328125,1.0,162.56626892089844,284.7694396972656,0.9999995231628418,223.84268188476562,287.1839904785156,0.9999998807907104
1383,198.85086059570312,224.64849853515625,1.0,202.8689422607422,251.24078369140625,1.0,213.3536834716797,298.31573486328125,0.000420447118813172,155.63479614257812,236.3850555419922,0.9999998807907104,214.599853515625,242.8881072998047,0.5615453124046326,223.64215087890625,240.60958862304688,0.9999998807907104,202.48631286621094,276.7095031738281,1.0,162.53114318847656,284.5473327636719,0.9999996423721313,223.88893127441406,286.8642272949219,0.9999998807907104
1384,198.17849731445312,224.10076904296875,1.0,203.46139526367188,249.80809020996094,1.0,168.53956604003906,241.24867248535156,0.7339595556259155,153.66360473632812,235.5706787109375,1.0,215.09693908691406,242.6505889892578,0.9999905824661255,223.95498657226562,240.94131469726562,1.0,202.80853271484375,277.5329284667969,1.0,163.1532745361328,285.52581787109375,0.9999997615814209,223.18096923828125,286.8378601074219,0.9999998807907104
1385,196.7321319580078,224.36424255371094,1.0,201.9437713623047,250.58367919921875,1.0,165.6971435546875,238.24932861328125,1.0,150.63771057128906,234.26876831054688,1.0,214.75942993164062,240.07159423828125,1.0,225.11062622070312,240.19740295410156,1.0,201.06072998046875,277.5877380371094,1.0,161.86642456054688,285.7898864746094,0.9999988079071045,222.81031799316406,286.37725830078125,1.0
1386,195.86558532714844,223.88775634765625,1.0,199.72421264648438,250.816162109375,1.0,164.43931579589844,237.3691864013672,1.0,149.7516326904297,234.1633758544922,1.0,213.52398681640625,238.89076232910156,1.0,224.38348388671875,239.78688049316406,1.0,199.7794952392578,277.5096130371094,1.0,160.8884735107422,285.5591125488281,0.9999978542327881,222.0719451904297,285.986572265625,1.0
1387,195.3454132080078,223.79930114746094,1.0,198.7328643798828,250.88829040527344,1.0,163.87986755371094,236.53892517089844,1.0,149.062255859375,233.9000701904297,1.0,212.912841796875,238.53018188476562,1.0,224.05455017089844,239.8001251220703,1.0,198.52406311035156,276.5161437988281,1.0,160.74212646484375,285.1813659667969,0.9999973773956299,221.1363067626953,285.41412353515625,1.0
1388,193.66659545898438,222.7528533935547,1.0,198.18820190429688,250.6018524169922,1.0,162.2613525390625,236.46975708007812,1.0,147.713134765625,233.33258056640625,1.0,212.0354461669922,238.88446044921875,1.0,223.6013946533203,239.98008728027344,1.0,197.45339965820312,276.4939270019531,1.0,159.72900390625,285.1889343261719,0.9999947547912598,219.87442016601562,284.9677429199219,1.0
1389,191.73187255859375,222.41815185546875,1.0,195.66421508789062,250.39669799804688,1.0,160.1628875732422,237.28384399414062,1.0,146.787109375,233.77041625976562,1.0,210.12828063964844,239.28981018066406,1.0,222.04656982421875,239.7069091796875,1.0,194.35272216796875,276.1719970703125,1.0,157.0438995361328,285.4416198730469,0.9999972581863403,217.80804443359375,285.008544921875,1.0
1390,189.6326446533203,222.57275390625,1.0,192.55117797851562,249.80186462402344,1.0,158.76788330078125,237.3485107421875,1.0,144.69786071777344,233.29859924316406,1.0,208.196533203125,238.94149780273438,1.0,220.8460235595703,239.2582244873047,1.0,191.8074493408203,274.6639099121094,1.0,154.8138427734375,285.39898681640625,0.999998927116394,215.6806182861328,284.5002136230469,1.0
1391,188.68890380859375,222.44894409179688,1.0,191.37049865722656,249.28680419921875,1.0,158.65768432617188,237.05848693847656,1.0,143.3911590576172,233.397705078125,1.0,207.7296905517578,238.71421813964844,1.0,220.52630615234375,239.20457458496094,1.0,190.3330535888672,275.1820068359375,1.0,153.62713623046875,284.6208190917969,0.9999996423721313,214.7267608642578,284.6140441894531,1.0
1392,188.4495391845703,222.59458923339844,1.0,190.90977478027344,249.8224639892578,1.0,158.41358947753906,237.42587280273438,1.0,143.26661682128906,233.4517364501953,1.0,207.63641357421875,239.2335968017578,1.0,220.56082153320312,239.61170959472656,1.0,189.37559509277344,275.1372375488281,1.0,152.7906951904297,283.60894775390625,0.9999997615814209,213.46243286132812,284.9355773925781,1.0
1393,188.16734313964844,222.5430908203125,1.0,190.50579833984375,249.69149780273438,1.0,158.22579956054688,237.2359161376953,1.0,142.82308959960938,233.41505432128906,1.0,207.28199768066406,239.1294708251953,1.0,220.7317352294922,239.70228576660156,1.0,189.00604248046875,274.9255065917969,1.0,152.2199249267578,283.65875244140625,0.9999998807907104,213.00303649902344,284.861572265625,1.0
1394,188.03549194335938,222.4641876220703,1.0,190.21209716796875,249.84527587890625,1.0,158.29339599609375,237.18002319335938,1.0,142.62774658203125,233.5023956298828,1.0,207.3649139404297,239.17166137695312,1.0,220.75779724121094,239.7682342529297,1.0,188.710205078125,274.9820556640625,1.0,152.2870635986328,283.6261901855469,0.9999998807907104,213.0624542236328,284.7840881347656,1.0
1395,188.01742553710938,222.4965057373047,1.0,190.1271209716797,249.90591430664062,1.0,158.30020141601562,237.29901123046875,1.0,142.6143341064453,233.42855834960938,1.0,207.44049072265625,239.1425018310547,1.0,220.77230834960938,239.83871459960938,1.0,188.69818115234375,275.2670593261719,1.0,152.04432678222656,283.6655578613281,0.9999998807907104,213.06214904785156,284.7305603027344,1.0
1396,187.96995544433594,222.62969970703125,1.0,190.08262634277344,249.96481323242188,1.0,158.49754333496094,237.18621826171875,1.0,142.8731231689453,233.29879760742188,1.0,207.37249755859375,239.25559997558594,1.0,220.7200927734375,239.89340209960938,1.0,188.57618713378906,275.4330139160156,1.0,152.0100860595703,283.6183166503906,0.9999998807907104,212.98150634765625,284.6479187011719,1.0
1397,187.96107482910156,222.60215759277344,1.0,190.12469482421875,250.04322814941406,1.0,158.554443359375,237.08018493652344,1.0,142.7246856689453,233.33053588867188,1.0,207.35089111328125,239.33145141601562,1.0,220.69906616210938,239.8710479736328,1.0,188.51393127441406,275.4770812988281,1.0,151.93504333496094,283.5022888183594,0.9999998807907104,212.88784790039062,284.97222900390625,1.0
1398,187.9984893798828,222.48985290527344,1.0,190.15185546875,250.27737426757812,1.0,158.32540893554688,237.07733154296875,1.0,142.75331115722656,233.3065643310547,1.0,207.39048767089844,239.42115783691406,1.0,220.7249755859375,239.8509521484375,1.0,188.5249786376953,275.4186096191406,1.0,151.99111938476562,283.6322326660156,0.9999998807907104,212.80474853515625,285.0889587402344,1.0
1399,188.0882568359375,222.48260498046875,1.0,190.1423797607422,250.29803466796875,1.0,158.37408447265625,237.10072326660156,1.0,142.6236114501953,233.33395385742188,1.0,207.3964080810547,239.345947265625,1.0,220.70968627929688,239.7925567626953,1.0,188.4678192138672,275.259765625,1.0,151.85818481445312,283.6286315917969,0.9999998807907104,212.7725067138672,285.07086181640625,1.0
1400,188.0368194580078,222.71946716308594,1.0,189.96983337402344,250.1554412841797,1.0,158.35263061523438,237.11033630371094,1.0,142.66439819335938,233.3335418701172,1.0,207.32493591308594,239.4403076171875,1.0,220.6533203125,239.6801300048828,1.0,188.4086456298828,275.2813415527344,1.0,151.86709594726562,283.5506591796875,0.9999998807907104,212.69338989257812,284.9546203613281,1.0
1401,188.01820373535156,222.78370666503906,1.0,189.9409942626953,250.3439483642578,1.0,158.43475341796875,237.0521697998047,1.0,142.4967041015625,233.2877655029297,1.0,207.2383270263672,239.41114807128906,1.0,220.5963134765625,239.59677124023438,1.0,188.37567138671875,275.2981872558594,1.0,151.72799682617188,283.514892578125,1.0,212.64047241210938,285.0132751464844,1.0
1402,187.98204040527344,222.7101287841797,1.0,189.79212951660156,250.45997619628906,1.0,158.45225524902344,237.1270751953125,1.0,142.51206970214844,233.228515625,1.0,207.275390625,239.31869506835938,1.0,220.6591033935547,239.65635681152344,1.0,188.32603454589844,275.1724548339844,1.0,151.755126953125,283.7047424316406,0.9999998807907104,212.71441650390625,284.98797607421875,1.0
1403,188.08644104003906,222.7547149658203,1.0,189.81015014648438,250.4386749267578,1.0,158.46812438964844,237.0955810546875,1.0,142.5907745361328,233.14739990234375,1.0,207.2665557861328,239.3683624267578,1.0,220.66928100585938,239.71009826660156,1.0,188.31240844726562,275.1462097167969,1.0,151.7867889404297,283.6949462890625,0.9999998807907104,212.589599609375,285.08258056640625,1.0
1404,188.05859375,222.28355407714844,1.0,189.7142333984375,250.36007690429688,1.0,158.44203186035156,237.0740203857422,1.0,142.54354858398438,233.3834991455078,1.0,207.28538513183594,239.5400390625,1.0,220.82394409179688,239.89593505859375,1.0,188.22726440429688,275.04095458984375,1.0,152.03294372558594,283.8186950683594,0.9999998807907104,212.776123046875,285.2147216796875,1.0
1405,188.12611389160156,222.49765014648438,1.0,189.73294067382812,250.43548583984375,1.0,158.4298858642578,237.15664672851562,1.0,142.2657470703125,233.34426879882812,1.0,207.3131561279297,239.63133239746094,1.0,220.3397216796875,239.46449279785156,1.0,188.20013427734375,275.3067626953125,1.0,151.85511779785156,283.79937744140625,0.9999998807907104,212.70252990722656,285.2529602050781,1.0
1406,187.9492645263672,222.69493103027344,1.0,189.54336547851562,250.42005920410156,1.0,158.28079223632812,237.0549774169922,1.0,142.27337646484375,233.3825225830078,1.0,207.1808319091797,239.4468231201172,1.0,220.71401977539062,239.80963134765625,1.0,188.04539489746094,275.0989990234375,1.0,151.654296875,283.45166015625,0.9999998807907104,212.64939880371094,285.1478271484375,1.0
1407,187.61427307128906,222.7406463623047,1.0,189.31703186035156,250.55844116210938,1.0,158.024169921875,237.3564453125,1.0,142.2534637451172,233.3582000732422,1.0,206.9844512939453,239.5510711669922,1.0,220.5926055908203,239.8843536376953,1.0,187.7869110107422,275.476318359375,1.0,150.84925842285156,283.38092041015625,1.0,212.05545043945312,285.2467956542969,1.0
1408,187.2661895751953,223.14512634277344,1.0,189.08718872070312,250.74237060546875,1.0,157.8445587158203,237.3304901123047,1.0,141.94529724121094,233.24444580078125,1.0,206.82601928710938,239.38095092773438,1.0,220.53546142578125,239.77334594726562,1.0,187.3802032470703,275.2320556640625,1.0,150.53892517089844,283.1393737792969,1.0,211.9029083251953,285.2169189453125,1.0
1409,187.10595703125,223.2067108154297,1.0,189.00218200683594,250.50494384765625,1.0,157.51495361328125,237.26922607421875,1.0,141.24510192871094,233.02825927734375,1.0,206.70680236816406,239.31890869140625,1.0,220.38504028320312,239.74435424804688,1.0,187.23379516601562,275.09906005859375,1.0,150.3785858154297,283.1300354003906,1.0,211.88743591308594,285.1714172363281,1.0
1410,187.0330352783203,222.90805053710938,1.0,188.81800842285156,250.4981231689453,1.0,157.29299926757812,236.92645263671875,1.0,141.35572814941406,232.84085083007812,1.0,206.43418884277344,239.2052459716797,1.0,220.2967071533203,239.44554138183594,1.0,187.0480499267578,275.302734375,1.0,150.24041748046875,283.32757568359375,1.0,211.8937225341797,285.3152160644531,1.0
1411,186.63916015625,223.1253204345703,1.0,188.51007080078125,250.72398376464844,1.0,157.1693572998047,236.93638610839844,1.0,141.21437072753906,232.70681762695312,1.0,206.35850524902344,239.12283325195312,1.0,220.23751831054688,239.32598876953125,1.0,186.89747619628906,275.14898681640625,1.0,150.0925750732422,283.3302001953125,1.0,211.7455291748047,285.1290283203125,1.0
1412,185.8894500732422,223.22967529296875,1.0,187.92239379882812,250.7356414794922,1.0,156.46182250976562,237.00709533691406,1.0,140.9101104736328,232.7222900390625,1.0,205.80035400390625,239.00958251953125,1.0,219.64120483398438,238.86270141601562,1.0,186.04312133789062,275.20928955078125,1.0,149.83038330078125,283.14508056640625,1.0,211.0253143310547,284.89141845703125,1.0
1413,183.91677856445312,222.8629150390625,1.0,185.8840789794922,250.3028106689453,1.0,154.10125732421875,236.8212890625,1.0,138.83502197265625,231.99191284179688,1.0,204.9157257080078,238.074462890625,1.0,218.53855895996094,237.84934997558594,1.0,183.87188720703125,275.0201721191406,1.0,148.89117431640625,283.7435302734375,0.9999998807907104,209.20452880859375,284.7943420410156,1.0
1414,182.33599853515625,221.7574920654297,1.0,183.38340759277344,248.51480102539062,1.0,153.52850341796875,236.10305786132812,1.0,138.4794464111328,231.88705444335938,1.0,202.94656372070312,237.22901916503906,1.0,216.5959014892578,237.2735595703125,1.0,182.17091369628906,274.47821044921875,1.0,148.21731567382812,284.02056884765625,0.9999998807907104,208.12171936035156,284.527099609375,1.0
1415,181.87730407714844,221.86550903320312,1.0,183.26495361328125,249.2925567626953,1.0,152.7174072265625,236.36386108398438,1.0,137.7523956298828,231.8080291748047,1.0,202.3152618408203,237.44390869140625,1.0,215.88333129882812,236.98060607910156,1.0,181.77435302734375,274.6893615722656,1.0,147.53628540039062,283.4554138183594,1.0,207.87705993652344,284.623291015625,1.0
1416,181.83868408203125,221.79095458984375,1.0,182.9378204345703,248.8701629638672,1.0,152.93399047851562,236.42477416992188,1.0,137.92176818847656,231.7833709716797,1.0,202.12249755859375,237.3377227783203,1.0,215.7509765625,237.09376525878906,1.0,181.45809936523438,274.11773681640625,1.0,147.2324676513672,283.2125244140625,1.0,207.67459106445312,284.440673828125,1.0
1417,181.83131408691406,221.87384033203125,1.0,182.67105102539062,248.99203491210938,1.0,152.87294006347656,236.56077575683594,1.0,137.96185302734375,231.897705078125,1.0,201.96334838867188,237.3101043701172,1.0,215.71900939941406,237.08746337890625,1.0,181.32720947265625,274.1569519042969,1.0,147.04051208496094,283.0536804199219,1.0,207.37452697753906,284.6615905761719,1.0
1418,181.32275390625,221.53489685058594,1.0,182.3643035888672,249.3065948486328,1.0,152.2398681640625,236.49551391601562,1.0,137.26393127441406,231.9692840576172,1.0,201.65225219726562,237.3896026611328,1.0,215.27882385253906,237.09521484375,1.0,180.40933227539062,274.3919372558594,1.0,146.06643676757812,283.18365478515625,1.0,206.84585571289062,284.701416015625,1.0
1419,179.65870666503906,220.88763427734375,1.0,181.4395751953125,249.5245361328125,1.0,151.57398986816406,236.67971801757812,1.0,136.59068298339844,232.18406677246094,1.0,200.42161560058594,236.94076538085938,1.0,214.58334350585938,236.5127716064453,1.0,178.68026733398438,275.2019348144531,1.0,145.0750274658203,282.4935302734375,1.0,205.787109375,284.53997802734375,1.0
1420,179.28509521484375,220.63897705078125,1.0,180.65402221679688,249.5687255859375,1.0,150.87660217285156,236.21185302734375,1.0,135.6939697265625,231.7923126220703,1.0,199.790283203125,237.33563232421875,1.0,213.49147033691406,236.2491455078125,1.0,177.9683074951172,275.190673828125,1.0,143.90020751953125,281.7765197753906,1.0,204.80809020996094,284.3018493652344,1.0
1421,177.97039794921875,220.16738891601562,1.0,178.89559936523438,248.86000061035156,1.0,149.7063751220703,235.54364013671875,1.0,135.154296875,231.4199981689453,1.0,199.08001708984375,237.35411071777344,1.0,213.1278533935547,235.919921875,1.0,176.50099182128906,275.0781555175781,1.0,143.17794799804688,282.00408935546875,0.9999998807907104,203.89404296875,284.23809814453125,1.0
1422,177.12994384765625,220.0875244140625,1.0,177.63772583007812,248.8916015625,1.0,149.0237274169922,235.46746826171875,1.0,134.59683227539062,231.6223602294922,1.0,198.28286743164062,237.30494689941406,1.0,212.3944549560547,236.0742645263672,1.0,176.0282745361328,274.44287109375,1.0,142.422119140625,281.9583435058594,0.9999998807907104,203.1388702392578,284.0885009765625,1.0
1423,176.67881774902344,219.9685516357422,1.0,177.2504119873047,248.3373260498047,1.0,148.90065002441406,235.5025177001953,1.0,134.15899658203125,231.47923278808594,1.0,198.09266662597656,237.24620056152344,1.0,212.18496704101562,235.87820434570312,1.0,175.55921936035156,274.2243957519531,1.0,141.57955932617188,282.0585021972656,0.9999998807907104,202.39663696289062,283.9849853515625,1.0
1424,175.08172607421875,219.84567260742188,1.0,175.2891082763672,249.04891967773438,1.0,147.32717895507812,235.5269317626953,1.0,133.5784149169922,231.47616577148438,1.0,196.35531616210938,236.6632843017578,1.0,210.95840454101562,234.8531494140625,1.0,173.2903594970703,274.5183410644531,1.0,140.9830780029297,282.3353271484375,0.9999998807907104,201.82284545898438,283.4579772949219,1.0
1425,172.47671508789062,219.7511444091797,1.0,172.7435760498047,249.53402709960938,1.0,145.67262268066406,235.73776245117188,1.0,131.43807983398438,231.24595642089844,1.0,194.1768798828125,236.1988067626953,1.0,208.49032592773438,234.98634338378906,1.0,171.17031860351562,275.2854309082031,1.0,138.83303833007812,282.6217956542969,0.9999998807907104,199.74993896484375,284.13470458984375,1.0
1426,171.7359161376953,220.41696166992188,1.0,171.39479064941406,249.26011657714844,1.0,144.91973876953125,235.824951171875,1.0,131.13722229003906,231.23297119140625,1.0,193.80947875976562,236.90464782714844,1.0,208.1035919189453,234.98745727539062,1.0,169.63157653808594,274.8782653808594,1.0,138.18386840820312,281.9989318847656,1.0,198.63734436035156,283.8515319824219,1.0
1427,171.86618041992188,221.78871154785156,1.0,171.35281372070312,248.88482666015625,1.0,149.55747985839844,240.49195861816406,0.11212785542011261,133.57679748535156,232.3829803466797,1.0,195.38636779785156,240.46070861816406,0.014397944323718548,206.7407989501953,235.5016326904297,1.0,168.87051391601562,273.61590576171875,1.0,136.79910278320312,281.52587890625,1.0,198.30764770507812,283.6598815917969,1.0
1428,170.80540466308594,221.20443725585938,1.0,171.42689514160156,248.52560424804688,1.0,148.88555908203125,239.68661499023438,0.9970036149024963,133.3460693359375,232.70675659179688,1.0,195.0921173095703,240.91519165039062,0.4291050434112549,206.38943481445312,235.91781616210938,1.0,168.7886962890625,274.3247375488281,1.0,136.87490844726562,281.8230895996094,1.0,198.03091430664062,284.2945861816406,1.0
1429,170.57232666015625,221.21348571777344,1.0,170.2574005126953,248.73458862304688,1.0,146.23670959472656,236.91265869140625,1.0,131.77725219726562,231.31764221191406,1.0,193.94952392578125,238.45672607421875,1.0,206.55218505859375,234.76625061035156,1.0,168.67227172851562,274.6097717285156,1.0,137.11854553222656,281.840087890625,1.0,197.69091796875,284.1620178222656,1.0
1430,170.872802734375,220.40902709960938,1.0,170.4304962158203,248.92156982421875,1.0,144.54783630371094,235.80528259277344,1.0,130.78285217285156,230.83880615234375,1.0,193.82522583007812,236.68646240234375,1.0,207.1307373046875,234.41851806640625,1.0,168.70132446289062,274.6839904785156,1.0,137.13986206054688,281.6927795410156,1.0,197.85243225097656,284.0452575683594,1.0
1431,170.42764282226562,220.10336303710938,1.0,169.84780883789062,249.12046813964844,1.0,143.74456787109375,234.64346313476562,1.0,129.56625366210938,230.89576721191406,1.0,193.0012664794922,236.4672088623047,1.0,206.9022674560547,234.5435333251953,1.0,167.9362335205078,274.69781494140625,1.0,136.52088928222656,281.62823486328125,0.9999998807907104,197.23733520507812,284.38385009765625,1.0
1432,169.4362030029297,219.8688201904297,1.0,168.37493896484375,248.98635864257812,1.0,142.7532501220703,234.2254638671875,1.0,128.5458526611328,231.06179809570312,1.0,191.87942504882812,236.07847595214844,1.0,205.8791961669922,234.5034637451172,1.0,166.72341918945312,274.7320251464844,1.0,135.73626708984375,281.547119140625,1.0,196.05284118652344,284.0072021484375,1.0
1433,169.26783752441406,219.79449462890625,1.0,167.81300354003906,248.9268035888672,1.0,142.2371368408203,233.9070587158203,1.0,128.25132751464844,231.02769470214844,1.0,191.5000762939453,235.84210205078125,1.0,205.5296173095703,234.6762237548828,1.0,165.74542236328125,274.902587890625,1.0,134.71282958984375,281.38262939453125,1.0,195.4094696044922,284.28094482421875,1.0
1434,168.93434143066406,219.6824188232422,1.0,167.63986206054688,249.2686767578125,1.0,141.8704833984375,233.6485595703125,1.0,127.8821792602539,230.71022033691406,1.0,191.3275146484375,235.6649932861328,1.0,205.4400177001953,234.7491912841797,1.0,165.47048950195312,274.7776184082031,1.0,134.5834503173828,281.3692321777344,1.0,195.62403869628906,283.2703857421875,1.0
1435,166.28868103027344,219.0493927001953,1.0,163.93862915039062,248.59181213378906,1.0,139.43658447265625,233.87451171875,1.0,126.46003723144531,230.82418823242188,1.0,189.53013610839844,235.65353393554688,1.0,203.93051147460938,234.55319213867188,1.0,163.40684509277344,274.6083068847656,1.0,132.7710723876953,281.6312561035156,1.0,193.88467407226562,282.8611145019531,1.0
1436,163.73663330078125,218.2308349609375,1.0,160.60353088378906,248.79656982421875,1.0,137.34481811523438,233.6487274169922,1.0,125.07998657226562,230.59214782714844,1.0,187.41775512695312,235.38204956054688,1.0,202.0234832763672,233.89239501953125,1.0,160.60678100585938,274.5409851074219,1.0,131.06748962402344,281.597900390625,1.0,192.23536682128906,282.98431396484375,1.0
1437,162.408203125,218.6221923828125,1.0,159.62689208984375,249.8881378173828,1.0,136.3335418701172,233.66616821289062,1.0,123.47177124023438,230.294189453125,1.0,186.14306640625,235.5264434814453,1.0,200.86483764648438,233.59490966796875,1.0,159.2423095703125,273.43682861328125,1.0,129.43521118164062,281.1763610839844,1.0,191.22373962402344,282.6221618652344,1.0
1438,161.99183654785156,218.90274047851562,1.0,159.15097045898438,249.71543884277344,1.0,135.55715942382812,233.82769775390625,1.0,123.04276275634766,230.59922790527344,1.0,185.17018127441406,235.55174255371094,1.0,200.17935180664062,233.80419921875,1.0,157.75177001953125,273.4250793457031,1.0,128.2877197265625,281.1777038574219,1.0,190.11656188964844,282.5481872558594,1.0
1439,161.6228790283203,218.70103454589844,1.0,158.73753356933594,249.29180908203125,1.0,134.8803253173828,233.872314453125,1.0,121.3115234375,230.96981811523438,1.0,184.77767944335938,235.79989624023438,1.0,199.75743103027344,233.9535675048828,1.0,156.79502868652344,273.75067138671875,1.0,126.64371490478516,281.22247314453125,1.0,189.9288787841797,282.93701171875,1.0
1440,161.60105895996094,218.63375854492188,1.0,158.3779754638672,249.16659545898438,1.0,134.9978790283203,233.781005859375,1.0,121.66297912597656,231.16513061523438,1.0,184.6667022705078,235.7203826904297,1.0,199.4682159423828,233.86158752441406,1.0,155.54652404785156,274.3496398925781,1.0,126.3861083984375,281.3206481933594,1.0,188.94874572753906,282.37054443359375,1.0
1441,161.0277557373047,218.52845764160156,1.0,157.5380859375,249.13262939453125,1.0,134.83531188964844,234.01234436035156,1.0,121.62004089355469,231.23387145996094,1.0,183.84083557128906,235.84471130371094,1.0,198.9088592529297,234.322021484375,1.0,155.15469360351562,273.7819519042969,1.0,125.9032974243164,281.3249206542969,1.0,188.35708618164062,282.385498046875,1.0
1442,160.15069580078125,218.87818908691406,1.0,156.50840759277344,248.90296936035156,1.0,134.32745361328125,234.04429626464844,1.0,121.136474609375,231.0315704345703,1.0,183.0036163330078,236.12716674804688,1.0,198.10354614257812,234.02125549316406,1.0,154.19793701171875,273.8470764160156,1.0,125.18597412109375,281.46563720703125,1.0,187.5729217529297,281.9287414550781,1.0
1443,158.76287841796875,218.15785217285156,1.0,155.48501586914062,248.70501708984375,1.0,133.8712158203125,234.06614685058594,1.0,120.6081771850586,231.28582763671875,1.0,182.10498046875,235.93313598632812,1.0,197.3809814453125,233.88983154296875,1.0,153.3475799560547,273.7105712890625,1.0,125.3338851928711,281.885986328125,1.0,187.02110290527344,281.6295166015625,1.0
1444,158.55628967285156,217.94703674316406,1.0,155.25160217285156,248.53280639648438,1.0,133.68748474121094,234.16148376464844,1.0,120.4536361694336,231.32693481445312,1.0,181.98594665527344,235.9659881591797,1.0,197.25970458984375,233.826171875,1.0,153.20663452148438,273.8700256347656,1.0,125.10750579833984,281.9028625488281,1.0,186.4895782470703,281.99127197265625,1.0
1445,158.50283813476562,218.0834197998047,1.0,155.03199768066406,248.49884033203125,1.0,133.8106689453125,234.08709716796875,1.0,120.49501037597656,231.24371337890625,1.0,181.91647338867188,235.90716552734375,1.0,197.18675231933594,233.93495178222656,1.0,152.68820190429688,273.7698974609375,1.0,125.05917358398438,281.8598937988281,1.0,186.46583557128906,281.9187927246094,1.0
1446,158.3740997314453,218.19744873046875,1.0,154.84426879882812,248.6992645263672,1.0,133.68170166015625,234.1197967529297,1.0,120.37447357177734,231.29139709472656,1.0,181.83352661132812,236.01699829101562,1.0,197.16265869140625,233.9551239013672,1.0,152.6070098876953,273.7773132324219,1.0,124.91545104980469,281.8424987792969,1.0,186.51905822753906,281.9324035644531,1.0
1447,158.4936981201172,218.0735321044922,1.0,154.74703979492188,248.70790100097656,1.0,133.3824920654297,234.02879333496094,1.0,120.26213836669922,231.3894805908203,1.0,181.71340942382812,236.04656982421875,1.0,196.94418334960938,233.82525634765625,1.0,152.7904510498047,274.1105041503906,1.0,125.05590057373047,282.09527587890625,1.0,186.64706420898438,281.9576110839844,1.0
1448,158.31512451171875,217.95191955566406,1.0,154.7705078125,248.64987182617188,1.0,133.15386962890625,233.96926879882812,1.0,120.0208969116211,231.4154052734375,1.0,181.32196044921875,235.95816040039062,1.0,196.89239501953125,233.85272216796875,1.0,152.79322814941406,274.22784423828125,1.0,125.03414154052734,282.1754455566406,1.0,186.59527587890625,282.07476806640625,1.0
1449,158.06761169433594,217.73248291015625,1.0,154.56520080566406,248.6570587158203,1.0,133.20359802246094,233.84115600585938,1.0,119.96878814697266,231.2716064453125,1.0,181.1375274658203,235.89047241210938,1.0,196.70843505859375,233.90744018554688,1.0,152.72021484375,274.272705078125,1.0,124.49815368652344,282.11920166015625,1.0,186.48825073242188,281.8704833984375,1.0
1450,157.62318420410156,217.59161376953125,1.0,154.1968536376953,248.50904846191406,1.0,132.97796630859375,233.8893280029297,1.0,119.94183349609375,231.2802276611328,1.0,180.921142578125,235.96868896484375,1.0,196.4648895263672,233.70877075195312,1.0,152.52560424804688,274.23193359375,1.0,124.45978546142578,282.1973571777344,1.0,186.2904815673828,281.8582458496094,1.0
1451,157.61761474609375,217.58987426757812,1.0,154.1089324951172,248.390625,1.0,132.80596923828125,233.8961181640625,1.0,119.66400146484375,231.09117126464844,1.0,180.94140625,235.76611328125,1.0,196.7582244873047,233.79074096679688,1.0,152.24583435058594,274.25811767578125,1.0,124.50120544433594,282.21282958984375,1.0,186.348876953125,282.00323486328125,1.0
1452,158.40719604492188,218.09674072265625,1.0,154.61285400390625,248.77230834960938,1.0,133.4962921142578,233.8790283203125,1.0,119.48358917236328,231.2174530029297,1.0,182.28109741210938,235.4617919921875,1.0,197.43624877929688,233.4402618408203,1.0,152.633056640625,274.45294189453125,1.0,125.06790161132812,282.52081298828125,1.0,186.44154357910156,281.70880126953125,1.0
1453,159.38104248046875,218.13658142089844,1.0,154.9279022216797,248.9476318359375,1.0,134.6919403076172,233.74136352539062,1.0,120.11897277832031,231.39395141601562,1.0,183.25491333007812,235.43275451660156,1.0,198.3037567138672,233.86485290527344,1.0,152.5078125,274.2579040527344,1.0,125.64400482177734,282.2661437988281,1.0,186.85415649414062,281.53955078125,1.0
1454,159.6245880126953,218.27622985839844,1.0,155.18055725097656,248.87673950195312,1.0,134.8984375,233.47418212890625,1.0,120.42415618896484,231.04701232910156,1.0,183.66757202148438,235.50099182128906,1.0,198.894287109375,234.00613403320312,1.0,152.50717163085938,274.3501281738281,1.0,125.78570556640625,282.0762023925781,1.0,187.44879150390625,281.9493408203125,1.0
1455,159.73519897460938,218.16558837890625,1.0,155.2555694580078,248.87953186035156,1.0,135.017578125,233.50816345214844,1.0,120.81765747070312,231.20790100097656,1.0,183.81199645996094,235.55511474609375,1.0,199.11453247070312,234.1386260986328,1.0,152.91444396972656,274.3753662109375,1.0,125.86984252929688,282.0549011230469,1.0,187.8309326171875,282.185546875,1.0
1456,160.06396484375,218.35914611816406,1.0,155.3856658935547,248.95423889160156,1.0,134.98614501953125,233.55345153808594,1.0,121.17791748046875,231.3792266845703,1.0,184.2017364501953,235.66836547851562,1.0,199.30831909179688,234.21282958984375,1.0,153.13992309570312,274.4139404296875,1.0,126.01310729980469,282.13104248046875,1.0,187.8987579345703,282.2430114746094,1.0
1457,160.56568908691406,218.47482299804688,1.0,155.58511352539062,249.16636657714844,1.0,135.24032592773438,233.5641632080078,1.0,121.2696304321289,231.3667755126953,1.0,184.31809997558594,235.75657653808594,1.0,199.34889221191406,234.34107971191406,1.0,153.16102600097656,274.55096435546875,1.0,126.11617279052734,282.13409423828125,1.0,187.79959106445312,282.4221496582031,1.0
1458,160.78375244140625,218.44717407226562,1.0,155.86094665527344,249.11009216308594,1.0,135.46578979492188,233.53062438964844,1.0,121.54995727539062,231.51364135742188,1.0,184.4159393310547,235.928955078125,1.0,199.4471893310547,234.33775329589844,1.0,153.52005004882812,274.6376647949219,1.0,126.27179718017578,282.0671081542969,1.0,187.90806579589844,282.63177490234375,1.0
1459,160.6690216064453,218.58529663085938,1.0,155.8887939453125,249.05526733398438,1.0,135.53912353515625,233.6280975341797,1.0,121.4306411743164,231.6014404296875,1.0,184.5906524658203,235.8745880126953,1.0,199.5862274169922,234.2746124267578,1.0,153.7808380126953,274.4740295410156,1.0,126.38593292236328,281.9158935546875,1.0,188.05270385742188,282.3165283203125,1.0
1460,160.8589630126953,218.5812225341797,1.0,155.9580841064453,249.3000946044922,1.0,135.46714782714844,233.64151000976562,1.0,121.39663696289062,231.50209045410156,1.0,184.8438720703125,235.85113525390625,1.0,199.61595153808594,234.35073852539062,1.0,153.85171508789062,274.488525390625,1.0,126.47743225097656,282.0087890625,1.0,187.9251708984375,282.4637451171875,1.0
1461,160.7806396484375,218.41616821289062,1.0,156.02293395996094,249.3616485595703,1.0,135.36428833007812,233.7175750732422,1.0,121.28173828125,231.43270874023438,1.0,184.7060546875,235.9238739013672,1.0,199.62513732910156,234.43869018554688,1.0,153.96429443359375,274.56793212890625,1.0,126.39688110351562,282.08905029296875,1.0,188.1417999267578,282.6978759765625,1.0
1462,160.83175659179688,218.49481201171875,1.0,156.0427703857422,249.6234588623047,1.0,135.27926635742188,233.78109741210938,1.0,121.38887023925781,231.53622436523438,1.0,184.76669311523438,236.0948028564453,1.0,199.82968139648438,234.56826782226562,1.0,154.22715759277344,274.64556884765625,1.0,126.82011413574219,281.6941833496094,1.0,188.32107543945312,282.6501159667969,1.0
1463,161.11605834960938,218.72000122070312,1.0,156.3558349609375,249.7816925048828,1.0,135.66403198242188,233.84869384765625,1.0,121.75228881835938,231.34030151367188,1.0,184.9505615234375,236.75936889648438,1.0,199.95082092285156,234.63079833984375,1.0,154.43780517578125,274.67449951171875,1.0,126.43436431884766,282.12042236328125,1.0,188.38035583496094,282.50140380859375,1.0
1464,160.99301147460938,218.94436645507812,1.0,156.01589965820312,249.8035430908203,1.0,136.11546325683594,233.98023986816406,1.0,122.46163940429688,231.33460998535156,1.0,185.27769470214844,236.84288024902344,1.0,199.97152709960938,234.6864471435547,1.0,154.47268676757812,274.8724365234375,1.0,126.53108215332031,281.9539489746094,1.0,188.09234619140625,282.981689453125,1.0
1465,160.8822479248047,219.15003967285156,1.0,156.06280517578125,249.65133666992188,1.0,136.1157684326172,233.89151000976562,1.0,122.35370635986328,231.2276611328125,1.0,185.37588500976562,236.8118438720703,1.0,200.11241149902344,234.83412170410156,1.0,154.44631958007812,274.8284606933594,1.0,126.32730102539062,281.8216857910156,1.0,188.2301025390625,282.98614501953125,1.0
1466,161.0073699951172,219.0217742919922,1.0,156.06423950195312,249.55555725097656,1.0,136.39894104003906,233.98159790039062,1.0,122.77667236328125,231.3952178955078,1.0,185.44241333007812,236.70188903808594,1.0,200.25193786621094,234.6996612548828,1.0,154.61146545410156,274.8525390625,1.0,126.37373352050781,281.82452392578125,1.0,188.42762756347656,283.0857849121094,1.0
1467,161.40597534179688,218.78810119628906,1.0,156.19223022460938,249.4241943359375,1.0,136.5193634033203,233.98716735839844,1.0,122.75330352783203,231.1520538330078,1.0,185.45277404785156,236.42214965820312,1.0,200.139892578125,234.6697998046875,1.0,154.73403930664062,274.8068542480469,1.0,126.43966674804688,281.89019775390625,1.0,188.34414672851562,283.0522155761719,1.0
1468,161.56881713867188,218.27203369140625,1.0,156.64137268066406,249.53814697265625,1.0,135.78245544433594,232.80857849121094,1.0,122.4489974975586,231.20013427734375,1.0,184.37359619140625,235.0443115234375,1.0,200.10015869140625,234.90887451171875,1.0,154.7205047607422,274.7790832519531,1.0,126.54014587402344,282.0125732421875,1.0,188.9090118408203,282.8478698730469,1.0
1469,160.66693115234375,217.8912353515625,1.0,156.44337463378906,249.28924560546875,1.0,135.07586669921875,232.5696258544922,1.0,122.07879638671875,231.08189392089844,1.0,183.10023498535156,234.49969482421875,1.0,199.06222534179688,234.43576049804688,1.0,154.6620635986328,274.876220703125,1.0,125.95496368408203,281.99957275390625,1.0,189.21743774414062,282.8141174316406,1.0
1470,160.0928955078125,217.3917694091797,1.0,156.2808837890625,249.2416534423828,1.0,134.38487243652344,232.3037872314453,1.0,121.59590911865234,230.63633728027344,1.0,182.56495666503906,234.54330444335938,1.0,198.2911834716797,234.20245361328125,1.0,154.400390625,274.7778625488281,1.0,125.31410217285156,281.93023681640625,1.0,188.32582092285156,282.62158203125,1.0
1471,159.8601531982422,217.30921936035156,1.0,155.6861572265625,248.87181091308594,1.0,133.84812927246094,232.30589294433594,1.0,120.79714965820312,230.47592163085938,1.0,182.04347229003906,234.5848846435547,1.0,197.7901611328125,233.7212371826172,1.0,153.38230895996094,274.439697265625,1.0,124.67417907714844,281.7658386230469,1.0,187.29417419433594,282.45989990234375,1.0
1472,159.6299285888672,217.36056518554688,1.0,155.0345458984375,248.439697265625,1.0,133.92495727539062,232.19544982910156,1.0,120.79739379882812,230.4941864013672,1.0,182.17686462402344,234.57559204101562,1.0,197.62747192382812,233.50900268554688,1.0,152.2563018798828,274.3176574707031,1.0,124.322021484375,281.9108581542969,1.0,186.92068481445312,282.40875244140625,1.0
1473,159.67198181152344,217.1151123046875,1.0,155.150634765625,248.4021759033203,1.0,133.93051147460938,232.1549835205078,1.0,120.75081634521484,230.47215270996094,1.0,182.16357421875,234.55491638183594,1.0,197.64353942871094,233.46617126464844,1.0,152.50927734375,274.4012756347656,1.0,124.49088287353516,281.9549560546875,1.0,186.9251251220703,282.33880615234375,1.0
1474,162.51113891601562,216.8935546875,1.0,157.01473999023438,248.2476348876953,1.0,136.5034942626953,231.89515686035156,1.0,121.80635833740234,230.94947814941406,1.0,185.88717651367188,233.5240478515625,1.0,200.14854431152344,233.37290954589844,1.0,154.33456420898438,274.0344543457031,1.0,125.65000915527344,281.301513671875,1.0,188.15003967285156,282.00616455078125,1.0
1475,165.1007080078125,217.5741729736328,1.0,160.962890625,248.1493377685547,1.0,139.5784454345703,231.53793334960938,1.0,124.94609069824219,229.93179321289062,1.0,188.8181915283203,233.5535125732422,1.0,203.02281188964844,233.9544677734375,1.0,158.6646728515625,273.57257080078125,1.0,128.66839599609375,280.7428283691406,1.0,190.5609893798828,283.10345458984375,1.0
1476,167.6544189453125,217.9728240966797,1.0,163.7721710205078,248.45228576660156,1.0,141.06700134277344,232.05862426757812,1.0,126.68867492675781,230.5609588623047,1.0,190.794677734375,234.29730224609375,1.0,204.89573669433594,235.0380859375,1.0,161.6443634033203,273.7451477050781,1.0,131.3333740234375,281.35479736328125,1.0,193.0970458984375,283.6920471191406,1.0
1477,168.48968505859375,218.25979614257812,1.0,164.23348999023438,248.2371826171875,1.0,141.69058227539062,232.0654754638672,1.0,127.62451934814453,230.41734313964844,1.0,191.92800903320312,234.1804656982422,1.0,206.298828125,235.59947204589844,1.0,162.75799560546875,273.689208984375,1.0,133.0037841796875,281.64990234375,1.0,194.48597717285156,283.97418212890625,1.0
1478,169.92010498046875,218.10643005371094,1.0,166.53341674804688,248.51422119140625,1.0,142.03028869628906,232.08497619628906,1.0,128.32781982421875,230.49224853515625,1.0,192.2376251220703,234.55511474609375,1.0,206.72117614746094,235.40005493164062,1.0,165.31626892089844,274.358642578125,1.0,133.94679260253906,281.9091796875,1.0,194.95249938964844,284.1179504394531,1.0
1479,169.69163513183594,218.60040283203125,1.0,167.23126220703125,248.33119201660156,1.0,142.1595001220703,232.05581665039062,1.0,128.65545654296875,230.4354248046875,1.0,192.5677947998047,234.58692932128906,1.0,207.32620239257812,235.6427764892578,1.0,165.95811462402344,274.4918518066406,1.0,134.71018981933594,282.1495666503906,1.0,195.8414306640625,284.5125427246094,1.0
1480,169.3629913330078,218.5753936767578,1.0,166.93429565429688,248.26625061035156,1.0,141.9640350341797,232.58544921875,1.0,128.372314453125,230.49266052246094,1.0,191.65040588378906,235.32400512695312,1.0,206.52212524414062,235.5537872314453,1.0,166.06539916992188,274.20440673828125,1.0,134.39349365234375,282.32708740234375,1.0,195.7567901611328,284.5166931152344,1.0
1481,168.36407470703125,218.5526123046875,1.0,166.09800720214844,248.58221435546875,1.0,141.4774169921875,232.91738891601562,1.0,128.3423614501953,230.86289978027344,1.0,190.91746520996094,235.94529724121094,1.0,205.5384979248047,235.47425842285156,1.0,165.60227966308594,274.531005859375,1.0,134.10418701171875,282.44384765625,1.0,195.43890380859375,284.48876953125,1.0
1482,168.05596923828125,218.65492248535156,1.0,165.6783905029297,248.7167205810547,1.0,141.73593139648438,233.50640869140625,1.0,128.13719177246094,230.9485321044922,1.0,191.13284301757812,235.88177490234375,1.0,205.47164916992188,235.6780548095703,1.0,165.13345336914062,274.5767517089844,1.0,133.35476684570312,282.65643310546875,1.0,194.6410675048828,284.50274658203125,1.0
1483,167.69570922851562,219.01708984375,1.0,164.96202087402344,249.02085876464844,1.0,141.17514038085938,233.53878784179688,1.0,127.74681091308594,231.1819610595703,1.0,190.99069213867188,236.01339721679688,1.0,205.04917907714844,235.65533447265625,1.0,164.51889038085938,274.9659729003906,1.0,133.45199584960938,282.22412109375,1.0,194.3129425048828,284.4360046386719,1.0
1484,167.38186645507812,218.61546325683594,1.0,164.3406982421875,249.1322479248047,1.0,140.91531372070312,233.47947692871094,1.0,127.62608337402344,231.26931762695312,1.0,190.67697143554688,235.90170288085938,1.0,204.9938507080078,235.6422576904297,1.0,163.83518981933594,275.4902038574219,1.0,132.9398193359375,282.2505798339844,1.0,193.9928436279297,284.3676452636719,1.0
1485,167.17222595214844,218.86813354492188,1.0,163.63995361328125,249.2010498046875,1.0,140.68780517578125,233.7191619873047,1.0,127.34269714355469,231.24786376953125,1.0,190.5834197998047,236.05735778808594,1.0,204.85626220703125,235.64683532714844,1.0,162.52589416503906,275.6724548339844,1.0,132.57339477539062,282.3226623535156,1.0,193.8374481201172,284.292724609375,1.0
1486,166.99905395507812,218.9801788330078,1.0,163.6952362060547,249.00897216796875,1.0,140.34906005859375,233.693115234375,1.0,127.2175521850586,231.3258514404297,1.0,190.5127410888672,236.0186004638672,1.0,204.74557495117188,235.69183349609375,1.0,162.5816192626953,275.4612731933594,1.0,132.52267456054688,282.2184143066406,1.0,193.76084899902344,284.25201416015625,1.0
1487,167.1898651123047,218.7799530029297,1.0,163.41416931152344,248.7989044189453,1.0,140.551513671875,232.47686767578125,1.0,127.24068450927734,231.16403198242188,1.0,190.25364685058594,234.8971405029297,1.0,204.4952850341797,235.90115356445312,1.0,162.34893798828125,275.1409606933594,1.0,131.9333953857422,282.6304016113281,1.0,193.8750457763672,284.05596923828125,1.0
1488,166.61228942871094,218.13064575195312,1.0,162.65103149414062,248.6599578857422,1.0,139.38546752929688,232.4065399169922,1.0,126.2181396484375,230.92417907714844,1.0,190.00205993652344,234.3544921875,1.0,204.35693359375,235.34475708007812,1.0,161.4601287841797,274.88165283203125,1.0,131.43844604492188,281.9725646972656,1.0,193.76290893554688,283.87493896484375,1.0
1489,166.67892456054688,218.01980590820312,1.0,162.73162841796875,248.54750061035156,1.0,139.47998046875,232.44692993164062,1.0,126.07684326171875,230.9457244873047,1.0,190.00668334960938,234.40292358398438,1.0,204.4788818359375,235.29544067382812,1.0,161.481201171875,275.0237731933594,1.0,131.53355407714844,282.15960693359375,1.0,193.84388732910156,283.9761962890625,1.0
1490,166.84193420410156,218.34849548339844,1.0,162.70484924316406,248.89219665527344,1.0,139.7299346923828,232.46221923828125,1.0,126.04663848876953,230.9968719482422,1.0,189.99124145507812,234.35626220703125,1.0,204.36997985839844,235.14141845703125,1.0,161.3950958251953,275.0968322753906,1.0,131.3646697998047,282.0251159667969,1.0,193.61480712890625,283.89349365234375,1.0
1491,166.88099670410156,218.23617553710938,1.0,162.6378936767578,249.21304321289062,1.0,139.72984313964844,232.46615600585938,1.0,126.10104370117188,230.99302673339844,1.0,190.0077362060547,234.48654174804688,1.0,204.37265014648438,235.17347717285156,1.0,161.37948608398438,275.03411865234375,1.0,131.41629028320312,282.14581298828125,1.0,193.4532012939453,283.7475280761719,1.0
1492,166.92462158203125,218.54502868652344,1.0,162.60183715820312,249.08688354492188,1.0,139.5596466064453,232.61732482910156,1.0,126.12012481689453,230.98936462402344,1.0,189.95155334472656,234.4470672607422,1.0,204.2864990234375,235.15196228027344,1.0,161.2717742919922,275.03216552734375,1.0,131.44281005859375,282.1406555175781,1.0,193.36302185058594,284.00445556640625,1.0
1493,166.95713806152344,218.62916564941406,1.0,162.66879272460938,248.83816528320312,1.0,139.64993286132812,232.64584350585938,1.0,126.06590270996094,230.96339416503906,1.0,190.0240936279297,234.4471435546875,1.0,204.26113891601562,235.15774536132812,1.0,161.3697052001953,275.0069885253906,1.0,131.50732421875,282.0723876953125,1.0,193.13479614257812,283.89996337890625,1.0
1494,166.919921875,218.42506408691406,1.0,162.4182891845703,248.80775451660156,1.0,139.7939453125,232.4718475341797,1.0,126.03517150878906,231.02960205078125,1.0,190.07017517089844,234.42628479003906,1.0,204.331298828125,235.10369873046875,1.0,161.07620239257812,274.9518737792969,1.0,131.4535369873047,281.92657470703125,1.0,192.9946746826172,283.96630859375,1.0
1495,166.73007202148438,218.46739196777344,1.0,162.25067138671875,249.10435485839844,1.0,139.72727966308594,232.3966064453125,1.0,125.98342895507812,230.92355346679688,1.0,190.0008544921875,234.4895477294922,1.0,204.45391845703125,235.12164306640625,1.0,160.87026977539062,275.0115051269531,1.0,131.48895263671875,281.9131774902344,1.0,193.031494140625,283.96197509765625,1.0
1496,166.75665283203125,218.2913818359375,1.0,162.09571838378906,248.67303466796875,1.0,139.65567016601562,232.4798126220703,1.0,125.87478637695312,230.93275451660156,1.0,189.78334045410156,234.5679473876953,1.0,204.3426513671875,235.00100708007812,1.0,160.82476806640625,274.635498046875,1.0,131.5589141845703,281.77777099609375,1.0,192.3509521484375,283.7505798339844,1.0
1497,166.55360412597656,217.8910369873047,1.0,161.9149169921875,248.21530151367188,1.0,139.71817016601562,232.43455505371094,1.0,125.95216369628906,231.0235595703125,1.0,189.71389770507812,234.46124267578125,1.0,204.2174835205078,234.96788024902344,1.0,160.4072265625,274.3408203125,1.0,131.51654052734375,281.6901550292969,1.0,191.94195556640625,283.51641845703125,1.0
1498,166.5395050048828,217.83084106445312,1.0,162.15130615234375,247.85760498046875,1.0,139.48789978027344,232.55484008789062,1.0,125.86754608154297,230.86563110351562,1.0,189.6355438232422,234.54156494140625,1.0,204.2075958251953,234.8726806640625,1.0,160.7107696533203,274.18975830078125,1.0,131.32081604003906,281.5155334472656,1.0,191.927734375,283.33575439453125,1.0
1499,166.41632080078125,217.86720275878906,1.0,162.05445861816406,247.9661865234375,1.0,139.48516845703125,232.43174743652344,1.0,125.83560943603516,230.9674835205078,1.0,189.55213928222656,234.495849609375,1.0,204.2238311767578,234.90817260742188,1.0,160.7173309326172,274.126220703125,1.0,131.27642822265625,281.55816650390625,1.0,191.8809051513672,283.3350830078125,1.0
1500,166.26449584960938,217.97401428222656,1.0,162.44798278808594,248.20028686523438,1.0,139.49807739257812,232.33966064453125,1.0,125.82877349853516,230.56588745117188,1.0,189.39544677734375,234.40884399414062,1.0,203.99691772460938,234.81594848632812,1.0,160.7291259765625,274.0549621582031,1.0,131.21783447265625,281.6009521484375,1.0,191.78880310058594,283.3769836425781,1.0
1501,166.31695556640625,217.8848419189453,1.0,162.43792724609375,248.07452392578125,1.0,139.39376831054688,232.34814453125,1.0,125.77681732177734,230.59739685058594,1.0,189.4128875732422,234.36041259765625,1.0,203.95339965820312,234.73114013671875,1.0,160.57510375976562,273.92120361328125,1.0,131.17327880859375,281.55322265625,1.0,191.9323272705078,283.3527526855469,1.0
1502,166.37591552734375,217.903076171875,1.0,162.16392517089844,248.2700958251953,1.0,139.50328063964844,232.23013305664062,1.0,125.84129333496094,230.67849731445312,1.0,189.33990478515625,234.44122314453125,1.0,203.87742614746094,234.71043395996094,1.0,160.34535217285156,273.9147644042969,1.0,131.05093383789062,281.5147399902344,1.0,191.9305877685547,283.3892517089844,1.0
1503,166.28414916992188,217.97348022460938,1.0,162.3002471923828,248.35025024414062,1.0,139.47476196289062,232.336181640625,1.0,125.8287124633789,230.70298767089844,1.0,189.322021484375,234.42776489257812,1.0,203.9442138671875,234.74937438964844,1.0,160.65061950683594,273.8574523925781,1.0,130.933349609375,281.50225830078125,1.0,191.90916442871094,283.3434753417969,1.0
1504,166.29281616210938,217.73426818847656,1.0,162.09898376464844,248.3783721923828,1.0,139.45086669921875,232.25186157226562,1.0,125.69246673583984,230.7216796875,1.0,189.25827026367188,234.51544189453125,1.0,203.97708129882812,234.83444213867188,1.0,160.3423614501953,273.7951965332031,1.0,131.02352905273438,281.5829162597656,1.0,191.93150329589844,283.49749755859375,1.0
1505,166.1823272705078,217.76495361328125,1.0,161.99850463867188,248.3563995361328,1.0,139.453857421875,232.1737060546875,1.0,125.71852111816406,230.6462860107422,1.0,189.26405334472656,234.39051818847656,1.0,203.9569549560547,234.77903747558594,1.0,160.39846801757812,273.8505859375,1.0,130.84832763671875,281.5660400390625,1.0,191.85987854003906,283.42816162109375,1.0
1506,166.3663787841797,217.64015197753906,1.0,162.13238525390625,248.43890380859375,1.0,139.34107971191406,232.2496795654297,1.0,125.75259399414062,230.62869262695312,1.0,189.2335205078125,234.43295288085938,1.0,203.99697875976562,234.8402862548828,1.0,160.2786102294922,273.987548828125,1.0,130.89414978027344,281.5912780761719,1.0,191.7322540283203,283.5934753417969,1.0
1507,166.29995727539062,217.8173065185547,1.0,162.09144592285156,248.39678955078125,1.0,139.34381103515625,232.16708374023438,1.0,125.70027923583984,230.56610107421875,1.0,189.25942993164062,234.38433837890625,1.0,204.00064086914062,234.93399047851562,1.0,160.0874786376953,273.873291015625,1.0,130.7904815673828,281.4906005859375,1.0,191.86306762695312,283.4587707519531,1.0
1508,166.2891082763672,217.72256469726562,1.0,162.0157928466797,248.36036682128906,1.0,139.32228088378906,232.16856384277344,1.0,125.68700408935547,230.50515747070312,1.0,189.24368286132812,234.476806640625,1.0,203.9875030517578,234.91127014160156,1.0,160.12124633789062,273.7546691894531,1.0,130.85565185546875,281.4082946777344,1.0,191.76046752929688,283.5794372558594,1.0
1509,166.3331756591797,218.03988647460938,1.0,162.14634704589844,248.33297729492188,1.0,139.54278564453125,232.1606903076172,1.0,125.74668884277344,230.63226318359375,1.0,189.08641052246094,234.56680297851562,1.0,203.99200439453125,234.95851135253906,1.0,160.19625854492188,273.925048828125,1.0,130.85057067871094,281.4466247558594,1.0,191.83985900878906,283.60333251953125,1.0
1510,166.24180603027344,218.10777282714844,1.0,162.0078125,248.17840576171875,1.0,139.47911071777344,232.1883087158203,1.0,125.64970397949219,230.5042266845703,1.0,189.1749725341797,234.73492431640625,1.0,204.02268981933594,234.96182250976562,1.0,160.17709350585938,273.8821716308594,1.0,130.66712951660156,281.3091735839844,1.0,191.74098205566406,283.6750793457031,1.0
1511,166.25637817382812,218.06504821777344,1.0,161.90576171875,247.9584197998047,1.0,139.57681274414062,232.42799377441406,1.0,125.75920867919922,230.5443572998047,1.0,189.09429931640625,234.57748413085938,1.0,203.9163360595703,234.88601684570312,1.0,160.3104248046875,273.7955627441406,1.0,130.59481811523438,281.3019714355469,1.0,191.69639587402344,283.516357421875,1.0
1512,166.1290740966797,217.99691772460938,1.0,161.7799072265625,247.9921112060547,1.0,139.5144805908203,232.44239807128906,1.0,125.69368743896484,230.64312744140625,1.0,189.23757934570312,234.83436584472656,1.0,204.10194396972656,234.7159423828125,1.0,160.3477325439453,273.45635986328125,1.0,130.4977264404297,281.23388671875,1.0,191.69252014160156,283.7926025390625,1.0
1513,165.97845458984375,218.38206481933594,1.0,161.5325927734375,248.30279541015625,1.0,139.9890899658203,233.47235107421875,1.0,125.82914733886719,230.1597137451172,1.0,189.08265686035156,236.20811462402344,1.0,203.7634735107422,234.7257843017578,1.0,160.18911743164062,273.6669616699219,1.0,130.30258178710938,281.1925048828125,1.0,191.39456176757812,283.8479309082031,1.0
1514,165.7991943359375,218.53790283203125,1.0,161.42776489257812,248.44227600097656,1.0,140.25514221191406,233.98507690429688,1.0,126.09871673583984,230.64578247070312,1.0,188.8262939453125,236.59454345703125,1.0,203.56265258789062,234.91552734375,1.0,160.262939453125,273.7329406738281,1.0,130.3892822265625,281.3385925292969,1.0,191.22328186035156,283.9183654785156,1.0
1515,166.09918212890625,218.4807586669922,1.0,161.63694763183594,248.1099853515625,1.0,140.2155303955078,233.97634887695312,1.0,126.50224304199219,230.70236206054688,1.0,188.9399871826172,236.64010620117188,1.0,203.4138946533203,235.23216247558594,1.0,160.01156616210938,273.8923034667969,1.0,130.39620971679688,281.295166015625,1.0,191.29725646972656,283.9128112792969,1.0
1516,166.13851928710938,218.6918182373047,1.0,161.75743103027344,248.21163940429688,1.0,140.3247528076172,233.9613037109375,1.0,126.45144653320312,230.7503204345703,1.0,188.97378540039062,236.75303649902344,1.0,203.41416931152344,235.4183349609375,1.0,160.30279541015625,273.8488464355469,1.0,130.3915252685547,281.348388671875,1.0,191.33160400390625,283.8998718261719,1.0
1517,166.1463623046875,219.0192413330078,1.0,161.86956787109375,248.3267364501953,1.0,140.47207641601562,233.98997497558594,1.0,126.41635131835938,230.85255432128906,1.0,189.1110076904297,236.86929321289062,1.0,203.57623291015625,235.58192443847656,1.0,160.37258911132812,273.9294738769531,1.0,130.5299835205078,281.540283203125,1.0,191.3116455078125,283.9407043457031,1.0
1518,166.12937927246094,219.0880889892578,1.0,161.89454650878906,248.52354431152344,1.0,140.3450164794922,234.0902862548828,1.0,126.48146057128906,230.8994598388672,1.0,189.35491943359375,237.0992889404297,1.0,203.51988220214844,235.66757202148438,1.0,160.2947235107422,273.9371337890625,1.0,130.5789794921875,281.5766296386719,1.0,191.37100219726562,283.95135498046875,1.0
1519,166.0720977783203,219.0973663330078,1.0,162.04507446289062,248.4866180419922,1.0,140.1748046875,234.1969451904297,1.0,126.47154235839844,230.94027709960938,1.0,189.5178680419922,237.1532440185547,1.0,203.5444793701172,235.7826385498047,1.0,160.41578674316406,273.91375732421875,1.0,130.69204711914062,281.613525390625,1.0,191.3934326171875,284.0133361816406,1.0
1520,166.1832733154297,219.0919952392578,1.0,161.86709594726562,248.373779296875,1.0,140.22293090820312,234.2559051513672,1.0,126.365234375,230.87020874023438,1.0,189.67123413085938,237.37625122070312,1.0,203.7886505126953,235.91012573242188,1.0,160.20217895507812,274.1260681152344,1.0,130.68600463867188,281.62744140625,1.0,191.3588409423828,284.07733154296875,1.0
1521,166.2030792236328,219.190673828125,1.0,161.9182586669922,248.3782501220703,1.0,140.4398651123047,234.3461151123047,1.0,126.39140319824219,230.99349975585938,1.0,189.79579162597656,237.67755126953125,1.0,203.74737548828125,236.08673095703125,1.0,160.44091796875,273.9945983886719,1.0,130.6064453125,281.6551513671875,1.0,191.45651245117188,284.1208801269531,1.0
1522,166.18345642089844,219.376708984375,1.0,161.94859313964844,248.54486083984375,1.0,140.4984588623047,234.34201049804688,1.0,126.41842651367188,230.92637634277344,1.0,189.8177490234375,237.71417236328125,1.0,203.81675720214844,236.12261962890625,1.0,160.4165802001953,274.0482177734375,1.0,130.5130157470703,281.6594543457031,1.0,191.45806884765625,284.2677001953125,1.0
1523,166.23580932617188,219.3430633544922,1.0,161.81072998046875,248.64288330078125,1.0,140.471435546875,234.28221130371094,1.0,126.43017578125,230.99774169921875,1.0,189.87217712402344,237.803955078125,1.0,203.9627685546875,236.2445068359375,1.0,160.41136169433594,274.2539978027344,1.0,130.6591033935547,281.6831970214844,1.0,191.491455078125,284.3757019042969,1.0
1524,165.71456909179688,219.68295288085938,1.0,161.6328582763672,248.83544921875,1.0,140.46539306640625,234.61370849609375,1.0,126.192626953125,230.92068481445312,1.0,190.10560607910156,237.97732543945312,1.0,203.76171875,235.93215942382812,1.0,160.41763305664062,274.3603820800781,1.0,130.4368896484375,281.9714660644531,1.0,191.52203369140625,284.247314453125,1.0
1525,165.7741241455078,219.81011962890625,1.0,161.43222045898438,249.2127685546875,1.0,140.45462036132812,234.58261108398438,1.0,126.17186737060547,230.9702606201172,1.0,190.10452270507812,237.95437622070312,1.0,203.85780334472656,235.85089111328125,1.0,160.1998748779297,274.4977111816406,1.0,129.99166870117188,281.9663391113281,1.0,191.62022399902344,284.2199401855469,1.0
1526,165.7770538330078,219.73374938964844,1.0,161.44300842285156,249.0341033935547,1.0,140.47178649902344,234.47531127929688,1.0,126.24622344970703,230.9394989013672,1.0,190.24388122558594,238.06019592285156,1.0,203.87403869628906,235.94740295410156,1.0,160.2647247314453,274.76007080078125,1.0,129.8232421875,282.1525573730469,1.0,191.48605346679688,284.3331604003906,1.0
1527,165.6914825439453,219.825439453125,1.0,161.33807373046875,248.94053649902344,1.0,140.39950561523438,234.49990844726562,1.0,126.26592254638672,230.9407196044922,1.0,190.1932830810547,237.98611450195312,1.0,203.81541442871094,235.9551239013672,1.0,160.0436553955078,274.7599792480469,1.0,129.7126922607422,282.0185852050781,1.0,191.536865234375,284.5749206542969,1.0
1528,165.65045166015625,219.99807739257812,1.0,161.25039672851562,249.16041564941406,1.0,140.37136840820312,234.65350341796875,1.0,126.2325439453125,230.9191436767578,1.0,190.1517791748047,237.9854278564453,1.0,203.78404235839844,235.9329071044922,1.0,159.97610473632812,274.67352294921875,1.0,129.7842254638672,282.07342529296875,1.0,191.4628143310547,284.4521179199219,1.0
1529,165.5488739013672,219.8468475341797,1.0,161.12033081054688,248.64967346191406,1.0,140.19369506835938,233.6736297607422,1.0,125.78965759277344,230.6915283203125,1.0,189.00575256347656,236.856689453125,1.0,203.4209747314453,236.1145477294922,1.0,159.7589874267578,274.6792907714844,1.0,129.57015991210938,281.7281799316406,1.0,191.41061401367188,284.4344482421875,1.0
1530,166.24874877929688,219.04824829101562,1.0,161.71092224121094,248.2493133544922,1.0,139.79067993164062,231.4905548095703,1.0,125.76831817626953,230.1480255126953,1.0,188.30526733398438,234.8805694580078,1.0,203.28729248046875,235.46258544921875,1.0,159.51492309570312,274.23809814453125,1.0,129.0980987548828,281.1485900878906,1.0,191.86627197265625,284.17034912109375,1.0
1531,165.8484649658203,218.5052947998047,1.0,161.4620819091797,248.45208740234375,1.0,139.385498046875,231.62954711914062,1.0,125.73606872558594,230.28236389160156,1.0,188.41262817382812,234.48794555664062,1.0,203.3246307373047,235.32473754882812,1.0,159.49485778808594,274.72198486328125,1.0,129.32315063476562,281.5323791503906,1.0,191.80953979492188,284.1696472167969,1.0
1532,165.69638061523438,218.4183807373047,1.0,161.45948791503906,248.50576782226562,1.0,139.13412475585938,231.84742736816406,1.0,125.29501342773438,229.93405151367188,1.0,188.49627685546875,234.52529907226562,1.0,203.35292053222656,235.2556610107422,1.0,159.4053192138672,274.4529113769531,1.0,129.2525634765625,281.3922424316406,1.0,191.77040100097656,284.2587890625,1.0
1533,165.617431640625,218.2709503173828,1.0,161.20875549316406,248.50881958007812,1.0,139.2113800048828,231.96031188964844,1.0,125.49507904052734,230.1405487060547,1.0,188.3647918701172,234.43763732910156,1.0,203.45819091796875,235.2145233154297,1.0,159.2128143310547,274.2360534667969,1.0,129.19354248046875,281.3290100097656,1.0,191.67784118652344,284.1686706542969,1.0
1534,165.55198669433594,218.12118530273438,1.0,161.1577911376953,248.70245361328125,1.0,139.1034698486328,231.93826293945312,1.0,125.51063537597656,230.12045288085938,1.0,188.30740356445312,234.50634765625,1.0,203.3778533935547,235.3285369873047,1.0,158.9360809326172,274.4176025390625,1.0,129.1820068359375,281.3518981933594,1.0,191.60665893554688,284.08209228515625,1.0
1535,165.6655731201172,218.22755432128906,1.0,161.4921417236328,248.7367706298828,1.0,139.38180541992188,232.19610595703125,1.0,125.58434295654297,230.08970642089844,1.0,188.5364532470703,234.63101196289062,1.0,203.47186279296875,235.33937072753906,1.0,158.85528564453125,274.541259765625,1.0,129.18270874023438,281.3580017089844,1.0,191.5281982421875,284.2401123046875,1.0
1536,164.298095703125,220.56143188476562,1.0,160.74717712402344,248.0760955810547,1.0,141.70782470703125,238.7506561279297,0.6274928450584412,126.46318054199219,231.66351318359375,1.0,189.94432067871094,239.8386993408203,0.9999964237213135,202.35670471191406,235.8182373046875,1.0,158.88438415527344,274.2486877441406,1.0,130.03407287597656,282.2904968261719,1.0,190.8934326171875,284.19561767578125,1.0
1537,166.31236267089844,221.8870391845703,1.0,161.4388427734375,249.02479553222656,1.0,143.17193603515625,239.5016632080078,0.004013929050415754,130.20933532714844,232.30422973632812,1.0,192.00070190429688,240.69805908203125,0.011827272363007069,202.45533752441406,238.48568725585938,1.0,160.09808349609375,272.38580322265625,1.0,131.1895294189453,281.5911865234375,1.0,192.77685546875,284.7291259765625,1.0
1538,168.06080627441406,220.95606994628906,1.0,165.3645477294922,248.35302734375,1.0,145.6350860595703,238.964111328125,0.9944133162498474,131.48544311523438,231.83319091796875,1.0,193.29241943359375,240.3299102783203,0.9997223019599915,204.71580505371094,237.49159240722656,1.0,164.24037170410156,273.43756103515625,1.0,133.4657440185547,281.88323974609375,1.0,193.94033813476562,284.76446533203125,1.0
1539,172.7589569091797,220.68946838378906,1.0,169.98731994628906,248.39251708984375,1.0,147.1010284423828,234.8052215576172,1.0,133.65304565429688,231.53172302246094,1.0,196.5675811767578,238.2964324951172,1.0,210.21009826660156,237.0470428466797,1.0,168.230224609375,273.9429626464844,1.0,135.9708251953125,281.1197204589844,1.0,197.69480895996094,284.6841735839844,1.0
1540,176.47679138183594,220.2796173095703,1.0,173.66165161132812,247.39706420898438,1.0,149.45066833496094,233.2447967529297,1.0,134.8149871826172,230.63021850585938,1.0,199.37213134765625,237.43594360351562,1.0,212.58973693847656,237.9069061279297,1.0,170.54052734375,273.3956604003906,1.0,137.96917724609375,279.964599609375,1.0,200.13381958007812,284.3331298828125,1.0
1541,180.4634246826172,220.77745056152344,1.0,177.38746643066406,248.86895751953125,1.0,153.00393676757812,232.1497344970703,1.0,137.58584594726562,230.05386352539062,1.0,202.37063598632812,236.5081787109375,1.0,215.22389221191406,238.11599731445312,1.0,174.0586395263672,273.36578369140625,1.0,140.76052856445312,280.2625732421875,1.0,202.8580780029297,284.4334716796875,1.0
1542,184.57545471191406,220.63262939453125,1.0,182.9188690185547,248.7548370361328,1.0,155.8247528076172,232.55714416503906,1.0,140.4595489501953,229.92477416992188,1.0,205.359375,236.6808624267578,1.0,217.62100219726562,238.62109375,1.0,180.05699157714844,273.3235168457031,1.0,144.1830596923828,280.85040283203125,1.0,206.2140655517578,285.4505615234375,1.0
1543,186.86080932617188,220.85011291503906,1.0,185.58493041992188,249.52674865722656,1.0,158.248291015625,232.51844787597656,1.0,142.94810485839844,229.9628448486328,1.0,207.3201904296875,237.1612548828125,1.0,219.7748260498047,239.5758819580078,1.0,182.2320098876953,274.5165100097656,1.0,146.64791870117188,281.3023986816406,1.0,208.9412841796875,285.56695556640625,1.0
1544,188.6581573486328,220.69544982910156,1.0,187.54281616210938,249.50308227539062,1.0,159.1359405517578,232.08131408691406,1.0,144.44398498535156,229.71173095703125,1.0,208.0849609375,237.2556915283203,1.0,220.59840393066406,240.16940307617188,1.0,184.95091247558594,274.1406555175781,1.0,148.3373260498047,280.593505859375,1.0,210.84127807617188,285.3383483886719,1.0
1545,190.20533752441406,220.27340698242188,1.0,190.06365966796875,248.4327392578125,1.0,160.47674560546875,232.0158233642578,1.0,145.8984375,229.59664916992188,1.0,209.64303588867188,237.17752075195312,1.0,221.50352478027344,239.85122680664062,1.0,187.00767517089844,274.2816467285156,1.0,150.3488311767578,280.76947021484375,1.0,212.4167938232422,285.1303405761719,1.0
1546,191.97598266601562,220.16680908203125,1.0,191.92880249023438,248.30252075195312,1.0,161.9358673095703,232.0091552734375,1.0,147.15464782714844,229.43861389160156,1.0,210.9803924560547,237.16339111328125,1.0,222.3599853515625,239.87451171875,1.0,188.73301696777344,273.93896484375,1.0,151.58302307128906,280.69329833984375,1.0,213.27561950683594,285.1161804199219,1.0
1547,192.70486450195312,219.89276123046875,1.0,194.06600952148438,248.18824768066406,1.0,162.63499450683594,231.88792419433594,1.0,147.2168426513672,229.52151489257812,1.0,211.77001953125,237.23953247070312,1.0,223.19732666015625,239.6278839111328,1.0,190.15267944335938,273.1408386230469,1.0,152.70437622070312,280.5609130859375,0.9999998807907104,214.33827209472656,285.0758972167969,1.0
1548,193.980712890625,220.04904174804688,1.0,195.01194763183594,249.00564575195312,1.0,163.4095001220703,231.73497009277344,1.0,147.94253540039062,229.56044006347656,1.0,212.44520568847656,237.25978088378906,1.0,223.55775451660156,239.71237182617188,1.0,191.06680297851562,273.9228515625,1.0,153.31837463378906,280.9947509765625,0.9999991655349731,215.77391052246094,285.15185546875,1.0
1549,194.35108947753906,219.99697875976562,1.0,195.6536865234375,249.198974609375,1.0,163.9643096923828,231.65020751953125,1.0,148.3538360595703,229.59463500976562,1.0,212.77671813964844,237.2681884765625,1.0,224.24929809570312,240.12937927246094,1.0,191.82052612304688,273.73797607421875,1.0,154.87835693359375,281.76263427734375,0.9999996423721313,216.61279296875,284.8836364746094,1.0
1550,195.5970001220703,220.2967987060547,1.0,196.81024169921875,249.49215698242188,1.0,164.73809814453125,231.85238647460938,1.0,148.9598846435547,229.63784790039062,1.0,213.8041229248047,237.8035125732422,1.0,225.0137481689453,240.45074462890625,1.0,193.50997924804688,273.9009704589844,1.0,155.5994110107422,281.4627380371094,0.9999997615814209,217.8915252685547,285.019775390625,1.0
1551,198.9625701904297,221.07864379882812,1.0,200.45150756835938,249.26524353027344,1.0,168.77565002441406,232.5194854736328,1.0,152.0548095703125,230.3321075439453,1.0,217.23757934570312,239.42196655273438,1.0,226.3243865966797,240.48228454589844,1.0,197.07994079589844,275.1474304199219,1.0,157.2455596923828,281.0372009277344,0.9999997615814209,219.53439331054688,285.5988464355469,1.0
1552,203.7906036376953,221.1395721435547,1.0,205.51341247558594,249.8271026611328,1.0,173.07228088378906,232.2987823486328,1.0,157.54066467285156,229.5829620361328,1.0,220.48182678222656,240.0586700439453,1.0,230.6580047607422,241.8914031982422,1.0,202.2390899658203,275.6148986816406,1.0,161.50892639160156,279.6139221191406,0.9999998807907104,223.6947021484375,286.14581298828125,0.9999998807907104
1553,206.17930603027344,221.40277099609375,1.0,208.59686279296875,250.48597717285156,1.0,175.69821166992188,232.41134643554688,1.0,160.26693725585938,229.45077514648438,1.0,222.16055297851562,239.8232421875,1.0,232.55068969726562,242.69033813476562,1.0,206.1695098876953,275.3101501464844,1.0,165.0936279296875,281.31134033203125,0.9999983310699463,226.69088745117188,285.6605529785156,1.0
1554,208.49462890625,221.87347412109375,1.0,212.50567626953125,250.83551025390625,1.0,177.0670928955078,231.94845581054688,1.0,161.9786376953125,229.7646942138672,1.0,223.8599090576172,240.6621551513672,1.0,233.46731567382812,243.42298889160156,1.0,209.13877868652344,275.53778076171875,1.0,167.60476684570312,281.9307861328125,0.9999990463256836,228.92477416992188,285.7091979980469,1.0
1555,209.91192626953125,222.345947265625,1.0,213.71099853515625,250.72865295410156,1.0,178.36557006835938,232.24957275390625,1.0,163.56080627441406,229.7645263671875,1.0,224.28614807128906,240.70428466796875,1.0,233.2587127685547,243.6619873046875,1.0,210.48989868164062,275.9495849609375,1.0,168.3733673095703,282.19927978515625,0.999998927116394,230.18463134765625,285.83251953125,1.0
1556,210.42648315429688,222.76426696777344,1.0,214.30117797851562,250.72488403320312,1.0,178.7410125732422,232.23155212402344,1.0,163.9152069091797,229.98431396484375,1.0,224.8704833984375,241.0968780517578,1.0,233.72433471679688,243.91940307617188,1.0,211.38192749023438,276.88922119140625,1.0,169.17599487304688,282.39251708984375,0.9999988079071045,230.85110473632812,285.8211364746094,1.0
1557,210.49168395996094,223.22032165527344,1.0,214.83303833007812,250.88099670410156,1.0,178.76889038085938,232.25973510742188,1.0,163.86773681640625,230.16571044921875,1.0,225.06069946289062,241.20339965820312,1.0,233.83924865722656,244.1513671875,1.0,211.59271240234375,277.349365234375,1.0,169.21987915039062,282.6932678222656,0.9999982118606567,230.89976501464844,286.1732482910156,1.0
1558,210.94970703125,223.33729553222656,1.0,215.04644775390625,251.0552978515625,1.0,178.6532745361328,232.19606018066406,1.0,163.73846435546875,230.19036865234375,1.0,225.43731689453125,241.4281768798828,1.0,234.01544189453125,244.4923553466797,1.0,211.90267944335938,277.6007080078125,1.0,169.5536346435547,283.01641845703125,0.9999983310699463,231.10069274902344,286.07037353515625,1.0
1559,211.61231994628906,223.6319580078125,1.0,214.67845153808594,250.8516845703125,1.0,179.1017303466797,232.43682861328125,1.0,163.93655395507812,230.4476776123047,1.0,225.8668670654297,241.6973419189453,1.0,234.76927185058594,245.29248046875,1.0,212.15476989746094,277.5653991699219,1.0,170.15451049804688,283.2507629394531,0.9999986886978149,231.6337890625,286.1332092285156,0.9999998807907104
1560,211.70628356933594,223.13734436035156,1.0,214.50930786132812,251.12777709960938,1.0,179.73049926757812,232.71435546875,1.0,164.30526733398438,230.8350830078125,1.0,225.6348419189453,241.42457580566406,1.0,234.40164184570312,243.96481323242188,1.0,212.55003356933594,277.2222595214844,1.0,171.26675415039062,283.12469482421875,0.999998927116394,232.41192626953125,286.05767822265625,0.9999997615814209
1561,212.68638610839844,223.25192260742188,1.0,215.28013610839844,251.48976135253906,1.0,180.47137451171875,232.44439697265625,1.0,164.45477294921875,230.75863647460938,1.0,226.12510681152344,241.461181640625,1.0,234.99777221679688,244.0982208251953,1.0,213.56568908691406,277.3245849609375,1.0,171.96981811523438,283.0901184082031,0.9999990463256836,233.2593231201172,286.25347900390625,0.9999998807907104
1562,213.52737426757812,222.94802856445312,1.0,216.37741088867188,251.7808380126953,1.0,181.13011169433594,232.39797973632812,1.0,165.0005340576172,230.0607147216797,1.0,226.66368103027344,241.38687133789062,1.0,235.4167938232422,243.84478759765625,1.0,214.39979553222656,277.6610107421875,1.0,172.4860382080078,282.4335021972656,0.9999990463256836,233.59764099121094,286.3765563964844,0.9999998807907104
1563,214.60316467285156,222.61428833007812,1.0,217.9474334716797,251.92236328125,1.0,181.6636199951172,231.8833770751953,1.0,166.42355346679688,230.48944091796875,1.0,227.19349670410156,241.42855834960938,1.0,235.55484008789062,244.3113555908203,1.0,215.1472625732422,277.6375427246094,1.0,173.71340942382812,282.583251953125,0.9999995231628418,233.70872497558594,286.29180908203125,0.9999998807907104
1564,214.88265991210938,222.5275115966797,1.0,218.3365936279297,251.8193359375,1.0,181.90858459472656,231.81158447265625,1.0,166.57237243652344,230.2533721923828,1.0,227.1904754638672,241.35215759277344,1.0,235.56491088867188,244.22300720214844,1.0,215.6638641357422,277.417236328125,1.0,174.0106658935547,282.8358154296875,0.9999996423721313,233.93521118164062,286.1963195800781,0.9999998807907104
1565,214.8699951171875,222.51499938964844,1.0,218.64759826660156,251.6826629638672,1.0,182.05361938476562,231.7958221435547,1.0,166.79148864746094,230.2111053466797,1.0,227.27334594726562,241.34323120117188,1.0,235.60142517089844,244.2264862060547,1.0,216.09974670410156,277.0940856933594,1.0,174.00157165527344,282.8907775878906,0.9999996423721313,234.1658172607422,286.4244689941406,0.9999998807907104
1566,214.9501495361328,222.28567504882812,1.0,218.72999572753906,251.57327270507812,1.0,182.15489196777344,231.80044555664062,1.0,166.6851043701172,230.09539794921875,1.0,227.29290771484375,241.41751098632812,1.0,235.65208435058594,244.3571319580078,1.0,216.2069854736328,276.8396911621094,1.0,173.9112548828125,282.72967529296875,0.9999996423721313,234.33238220214844,286.2973327636719,1.0
1567,215.21981811523438,222.0306854248047,1.0,218.8895263671875,251.8139190673828,1.0,182.64016723632812,231.65684509277344,1.0,166.93601989746094,230.24327087402344,1.0,227.43333435058594,240.98931884765625,1.0,235.7020263671875,244.077880859375,1.0,216.50453186035156,277.0552673339844,1.0,174.5989532470703,282.7658386230469,0.9999997615814209,234.29901123046875,286.43756103515625,0.9999998807907104
1568,215.08526611328125,219.7492218017578,1.0,219.50711059570312,250.37428283691406,1.0,182.5008087158203,229.60360717773438,1.0,166.37681579589844,229.4095458984375,1.0,227.31277465820312,239.85565185546875,1.0,235.30833435058594,243.3550262451172,1.0,217.26251220703125,275.59564208984375,1.0,175.141357421875,281.75653076171875,0.9999978542327881,234.47137451171875,286.0400695800781,0.9999998807907104
1569,215.43829345703125,218.68496704101562,1.0,219.6394805908203,248.8412628173828,1.0,182.3919677734375,228.80789184570312,1.0,166.56834411621094,227.90736389160156,1.0,226.94839477539062,238.1415557861328,1.0,235.14427185058594,242.480224609375,1.0,218.23414611816406,272.1581726074219,1.0,175.82357788085938,280.5962829589844,0.9999996423721313,233.69949340820312,284.8193054199219,1.0
1570,215.8502197265625,218.4784393310547,1.0,220.1193084716797,247.872802734375,1.0,182.44183349609375,228.2240753173828,1.0,167.0768280029297,226.96817016601562,1.0,227.153076171875,237.75758361816406,1.0,235.41041564941406,241.76588439941406,1.0,218.30462646484375,271.4957580566406,1.0,176.04025268554688,280.134033203125,0.9999998807907104,233.52684020996094,284.3932800292969,1.0
1571,216.26390075683594,217.55885314941406,1.0,220.47755432128906,246.87957763671875,1.0,182.28810119628906,227.6673126220703,1.0,167.1177978515625,226.36033630371094,1.0,227.31275939941406,237.4946746826172,1.0,235.46070861816406,241.5267333984375,1.0,218.77853393554688,270.98199462890625,1.0,175.97976684570312,279.6814880371094,0.9999998807907104,233.5301971435547,284.1438293457031,1.0
1572,215.66615295410156,217.1487274169922,1.0,220.12567138671875,246.93902587890625,1.0,181.98703002929688,227.0821533203125,1.0,166.68453979492188,225.47715759277344,1.0,226.9733123779297,237.30462646484375,1.0,235.3796844482422,241.71798706054688,1.0,218.65591430664062,270.625244140625,1.0,176.29896545410156,279.3648681640625,1.0,233.63693237304688,283.6790466308594,1.0
1573,215.87237548828125,217.265380859375,1.0,220.12225341796875,246.84214782714844,1.0,182.32591247558594,227.2135009765625,1.0,166.87252807617188,225.4106903076172,1.0,227.0752410888672,237.2938995361328,1.0,235.34527587890625,241.59716796875,1.0,218.55531311035156,270.4375,1.0,176.50424194335938,279.2541809082031,1.0,233.37791442871094,283.6434326171875,1.0
1574,215.90780639648438,216.41604614257812,1.0,220.47499084472656,246.44546508789062,1.0,182.39051818847656,226.69117736816406,1.0,166.91357421875,224.84823608398438,1.0,227.1127166748047,237.15501403808594,1.0,235.25161743164062,241.56394958496094,1.0,219.40809631347656,269.4232482910156,1.0,177.04754638671875,278.95806884765625,1.0,233.70816040039062,283.4583740234375,1.0
1575,216.4119873046875,215.7350616455078,1.0,221.10943603515625,245.20103454589844,1.0,182.56016540527344,226.0186767578125,1.0,167.0768585205078,224.57046508789062,1.0,227.4904022216797,236.55477905273438,1.0,235.36387634277344,241.0555419921875,1.0,220.06336975097656,268.35931396484375,1.0,177.23707580566406,278.3509521484375,1.0,233.83656311035156,283.2992248535156,1.0
1576,216.16322326660156,213.06497192382812,1.0,219.9257049560547,241.2010955810547,1.0,181.67037963867188,223.80979919433594,1.0,166.66282653808594,222.1266632080078,1.0,227.45594787597656,234.1015167236328,1.0,235.1906280517578,238.71115112304688,1.0,218.37612915039062,264.7804870605469,1.0,177.49928283691406,275.2892150878906,1.0,232.62220764160156,281.4089050292969,0.9999997615814209
1577,215.21405029296875,210.49208068847656,1.0,219.45462036132812,237.34390258789062,1.0,181.11346435546875,221.97215270996094,1.0,165.46646118164062,220.65235900878906,1.0,226.36138916015625,232.0487060546875,1.0,233.82989501953125,237.06100463867188,1.0,217.48898315429688,261.9320373535156,1.0,176.96929931640625,272.9580078125,0.9999998807907104,231.75685119628906,279.2154846191406,1.0
1578,213.9545440673828,209.11285400390625,1.0,219.0023651123047,235.80844116210938,1.0,180.52699279785156,220.68052673339844,1.0,164.30960083007812,218.81781005859375,1.0,225.73504638671875,231.54872131347656,1.0,233.61790466308594,236.00918579101562,1.0,216.90386962890625,260.1877136230469,1.0,176.89268493652344,271.523681640625,0.9999998807907104,231.25173950195312,277.779052734375,1.0
1579,213.21971130371094,207.72958374023438,1.0,218.6330108642578,233.69287109375,1.0,180.0286407470703,219.61203002929688,1.0,163.83567810058594,217.85772705078125,1.0,225.012939453125,230.02479553222656,1.0,233.1868438720703,234.7924346923828,1.0,216.12583923339844,258.3023681640625,1.0,177.0774688720703,270.8244323730469,0.9999998807907104,231.18849182128906,275.8731994628906,1.0
1580,212.65997314453125,206.1783447265625,1.0,218.1173095703125,231.72218322753906,1.0,179.84947204589844,218.7760772705078,1.0,163.870849609375,217.2943572998047,1.0,225.1378173828125,229.249267578125,1.0,233.36949157714844,233.5514678955078,1.0,215.7973175048828,255.96929931640625,1.0,176.26986694335938,269.0267333984375,1.0,230.9904327392578,274.1654968261719,1.0
1581,212.41268920898438,205.63536071777344,1.0,217.92442321777344,230.7589569091797,1.0,178.59649658203125,218.06480407714844,1.0,163.4096221923828,217.17971801757812,1.0,224.72402954101562,228.03614807128906,1.0,233.4349365234375,232.9033966064453,1.0,215.84552001953125,255.1425323486328,1.0,176.70152282714844,268.34088134765625,1.0,230.9705047607422,273.331298828125,1.0
1582,212.02891540527344,205.6359100341797,1.0,217.56382751464844,230.20204162597656,1.0,178.373779296875,218.0157470703125,1.0,163.12245178222656,216.98745727539062,1.0,224.30340576171875,227.64974975585938,1.0,233.12924194335938,232.6085968017578,1.0,215.8460693359375,254.67648315429688,1.0,176.36416625976562,267.9104919433594,0.9999998807907104,230.8997344970703,272.8224792480469,1.0
1583,212.13162231445312,205.72756958007812,1.0,217.5096435546875,229.86412048339844,1.0,178.41566467285156,218.01641845703125,1.0,163.31878662109375,216.7820281982422,1.0,224.19424438476562,227.40570068359375,1.0,233.3138885498047,232.49176025390625,1.0,215.92747497558594,254.20779418945312,1.0,176.28196716308594,267.79644775390625,1.0,230.9805450439453,272.2800598144531,1.0
1584,212.0925750732422,205.67803955078125,1.0,217.41856384277344,229.66294860839844,1.0,178.4722442626953,217.73001098632812,1.0,162.90711975097656,216.50286865234375,1.0,223.95518493652344,227.2353973388672,1.0,233.13287353515625,232.34844970703125,1.0,215.835693359375,253.7349090576172,1.0,175.96063232421875,267.66998291015625,0.9999998807907104,230.69155883789062,272.2178649902344,1.0
1585,211.96356201171875,205.67257690429688,1.0,217.34225463867188,229.6952667236328,1.0,178.4263153076172,217.62298583984375,1.0,163.1151885986328,216.26580810546875,1.0,223.96286010742188,227.14633178710938,1.0,233.09097290039062,232.2893524169922,1.0,215.7888946533203,253.67808532714844,1.0,175.75025939941406,266.81170654296875,0.9999998807907104,230.59388732910156,271.860107421875,1.0
1586,211.7662353515625,205.3578338623047,1.0,217.3208770751953,229.49996948242188,1.0,178.25762939453125,217.43841552734375,1.0,162.9418487548828,216.1700897216797,1.0,223.9755859375,227.1085205078125,1.0,233.15658569335938,232.34947204589844,1.0,215.82666015625,253.40615844726562,1.0,175.6185302734375,266.68817138671875,0.9999998807907104,230.6855926513672,271.6346435546875,1.0
1587,211.61798095703125,205.14370727539062,1.0,217.336181640625,229.32696533203125,1.0,177.96507263183594,217.14697265625,1.0,163.0000457763672,216.25523376464844,1.0,224.6824188232422,227.4728546142578,1.0,232.9495086669922,232.1427764892578,1.0,215.81068420410156,253.1835479736328,1.0,175.36195373535156,266.5035095214844,0.9999998807907104,230.7283172607422,271.036865234375,1.0
1588,211.23902893066406,205.06455993652344,1.0,217.11029052734375,229.01670837402344,1.0,177.6931610107422,217.20472717285156,1.0,163.00340270996094,216.48756408691406,1.0,224.47549438476562,227.17483520507812,1.0,232.83856201171875,232.0373077392578,1.0,215.71820068359375,253.06805419921875,1.0,175.6649169921875,266.6560363769531,0.9999998807907104,230.8947296142578,269.9354248046875,1.0
1589,211.4320068359375,204.92909240722656,1.0,217.07347106933594,228.70436096191406,1.0,177.617919921875,217.37586975097656,1.0,163.0801544189453,216.35186767578125,1.0,224.41934204101562,227.1453094482422,1.0,232.73719787597656,231.94619750976562,1.0,215.75904846191406,252.81529235839844,1.0,175.38470458984375,266.3606872558594,0.9999998807907104,230.6461181640625,269.6705627441406,1.0
1590,211.1391143798828,204.6565704345703,1.0,216.9866180419922,228.44215393066406,1.0,177.4628143310547,217.10047912597656,1.0,162.65647888183594,215.78726196289062,1.0,224.3408660888672,226.89450073242188,1.0,232.67417907714844,231.74191284179688,1.0,215.7015838623047,252.66787719726562,1.0,175.2537078857422,265.9316101074219,0.9999997615814209,230.47079467773438,269.4671325683594,1.0
1591,211.08726501464844,204.6646270751953,1.0,216.5807647705078,227.8995361328125,1.0,177.1900177001953,217.09010314941406,1.0,162.41586303710938,215.64195251464844,1.0,224.1211395263672,227.09022521972656,1.0,232.4926300048828,231.65933227539062,1.0,215.05189514160156,252.66989135742188,1.0,175.09164428710938,265.7631530761719,0.9999997615814209,230.44549560546875,269.3325500488281,1.0
1592,210.15907287597656,203.54165649414062,1.0,215.58236694335938,226.43739318847656,1.0,176.89541625976562,217.04287719726562,1.0,161.76365661621094,215.24595642089844,1.0,223.44442749023438,226.4400634765625,1.0,232.10789489746094,230.9685516357422,1.0,214.41224670410156,251.3787384033203,1.0,173.75555419921875,264.12213134765625,1.0,229.78224182128906,268.13519287109375,1.0
1593,208.94564819335938,203.40013122558594,1.0,214.4029083251953,225.60687255859375,1.0,174.97312927246094,216.12252807617188,1.0,159.59486389160156,215.384521484375,1.0,222.20729064941406,225.87811279296875,1.0,231.3234405517578,230.58453369140625,1.0,213.02041625976562,250.30267333984375,1.0,172.03648376464844,262.4277038574219,1.0,228.85301208496094,267.30194091796875,1.0
1594,207.3126678466797,203.11407470703125,1.0,213.21347045898438,225.5555877685547,1.0,173.447265625,216.53128051757812,1.0,158.2820281982422,215.6736297607422,1.0,221.01132202148438,224.901123046875,1.0,229.94784545898438,229.10902404785156,1.0,211.51734924316406,250.75009155273438,1.0,170.6087646484375,263.10540771484375,1.0,227.78591918945312,267.1827087402344,1.0
1595,206.74563598632812,202.96315002441406,1.0,211.93040466308594,225.44100952148438,1.0,172.5098114013672,216.3935546875,1.0,157.77195739746094,215.9911651611328,1.0,219.98341369628906,224.57093811035156,1.0,228.80496215820312,228.6485137939453,1.0,210.63226318359375,250.14971923828125,1.0,170.26414489746094,263.720458984375,1.0,227.62600708007812,267.10748291015625,1.0
1596,206.2595977783203,203.62738037109375,1.0,211.3168182373047,226.5431671142578,1.0,171.93930053710938,216.75390625,1.0,157.42431640625,216.1814727783203,1.0,219.37840270996094,225.5685577392578,1.0,228.37901306152344,229.9428253173828,1.0,210.19981384277344,250.20233154296875,1.0,169.38723754882812,263.8568115234375,1.0,226.11378479003906,267.6183776855469,1.0
1597,205.53018188476562,203.55099487304688,1.0,210.508056640625,226.56373596191406,1.0,171.2109375,216.88046264648438,1.0,156.83590698242188,216.0502166748047,1.0,218.33331298828125,225.17283630371094,1.0,227.54531860351562,229.42083740234375,1.0,209.33973693847656,250.32957458496094,1.0,168.53607177734375,264.3561706542969,0.9999998807907104,225.63504028320312,267.5521240234375,1.0
1598,203.29147338867188,203.03555297851562,1.0,209.00282287597656,226.76043701171875,1.0,169.27801513671875,216.5685577392578,1.0,154.2358856201172,216.79054260253906,1.0,217.53546142578125,224.7181854248047,1.0,226.99278259277344,228.9073028564453,1.0,208.09207153320312,250.43341064453125,1.0,167.32777404785156,263.2178955078125,1.0,224.7167510986328,267.2100524902344,1.0
1599,202.44265747070312,203.26351928710938,1.0,207.06590270996094,226.5576629638672,1.0,168.50347900390625,217.29229736328125,1.0,153.1004180908203,217.95370483398438,1.0,216.0914764404297,225.1199951171875,1.0,225.14393615722656,230.04127502441406,1.0,206.6903839111328,250.30885314941406,1.0,167.03842163085938,263.2713623046875,1.0,223.9706268310547,267.1300048828125,1.0
1600,200.12008666992188,204.57763671875,1.0,205.00465393066406,227.4131317138672,1.0,167.85406494140625,220.35972595214844,1.0,152.74609375,220.5041046142578,1.0,215.2108612060547,225.92025756835938,1.0,224.39755249023438,230.2447052001953,1.0,205.51065063476562,251.9207763671875,1.0,166.60055541992188,266.88946533203125,1.0,223.48426818847656,268.95733642578125,1.0
1601,200.21302795410156,207.11167907714844,1.0,205.56382751464844,230.8036346435547,1.0,167.6644744873047,222.4633026123047,1.0,152.5452117919922,221.57598876953125,1.0,215.2217254638672,227.3665008544922,1.0,223.9846954345703,231.45423889160156,1.0,204.2883758544922,255.29425048828125,1.0,166.62741088867188,270.5284729003906,1.0,222.075927734375,272.7366943359375,1.0
1602,199.44390869140625,208.5511932373047,1.0,204.93443298339844,233.46173095703125,1.0,167.1280517578125,223.57290649414062,1.0,152.01150512695312,222.14932250976562,1.0,215.3368377685547,228.72691345214844,1.0,223.92662048339844,232.10626220703125,1.0,203.0640106201172,257.8489990234375,1.0,166.11520385742188,271.67413330078125,0.9999998807907104,222.226806640625,274.16082763671875,1.0
1603,199.3443145751953,210.20216369628906,1.0,204.12106323242188,234.937255859375,1.0,167.76708984375,224.87103271484375,1.0,152.3753204345703,223.40072631835938,1.0,214.53961181640625,230.07261657714844,1.0,223.87290954589844,233.19773864746094,1.0,203.22918701171875,259.8720703125,1.0,165.28675842285156,273.5647277832031,1.0,221.54795837402344,275.4683532714844,1.0
1604,199.14739990234375,212.30650329589844,1.0,203.20481872558594,236.55734252929688,1.0,167.33059692382812,225.89495849609375,1.0,151.40415954589844,224.11007690429688,1.0,214.4991912841797,230.8306121826172,1.0,223.56129455566406,233.84591674804688,1.0,202.47940063476562,261.1485900878906,1.0,164.89207458496094,275.02374267578125,1.0,221.19607543945312,276.73681640625,1.0
1605,198.82000732421875,212.89620971679688,1.0,202.66380310058594,237.5895233154297,1.0,167.10276794433594,226.806884765625,1.0,151.249755859375,224.8231658935547,1.0,214.61578369140625,231.11276245117188,1.0,223.7157440185547,234.2710723876953,1.0,202.2947998046875,263.1169738769531,1.0,164.50672912597656,275.8499755859375,1.0,220.8310546875,277.5936584472656,1.0
1606,198.50411987304688,212.98143005371094,1.0,202.49075317382812,237.68954467773438,1.0,166.9099578857422,226.90176391601562,1.0,151.50328063964844,225.16600036621094,1.0,214.57012939453125,231.35476684570312,1.0,223.78897094726562,234.5182342529297,1.0,202.10374450683594,263.0880126953125,1.0,164.55337524414062,275.7225036621094,1.0,220.95645141601562,277.60986328125,1.0
1607,198.5265655517578,213.21958923339844,1.0,202.53878784179688,237.7613067626953,1.0,166.82327270507812,227.5806121826172,1.0,151.216552734375,225.86038208007812,1.0,214.66758728027344,231.7991485595703,1.0,223.9142608642578,234.8057098388672,1.0,202.0343475341797,263.3838806152344,1.0,164.45462036132812,275.8785705566406,1.0,220.7352294921875,278.1311950683594,1.0
1608,198.46307373046875,213.9916534423828,1.0,202.45455932617188,238.0583038330078,1.0,166.7054901123047,228.600341796875,1.0,152.06893920898438,225.78472900390625,1.0,215.0183868408203,233.21316528320312,1.0,224.1556854248047,234.86294555664062,1.0,201.74447631835938,263.7956848144531,1.0,163.43260192871094,276.66162109375,1.0,220.5618438720703,278.4517517089844,1.0
1609,196.95436096191406,217.1085968017578,1.0,199.43882751464844,240.56051635742188,1.0,166.42208862304688,234.07217407226562,0.005695471540093422,150.93243408203125,228.30355834960938,1.0,211.809326171875,236.44187927246094,0.9981167316436768,220.5945281982422,234.697998046875,1.0,198.4617156982422,263.3865051269531,1.0,160.9100799560547,277.01702880859375,1.0,218.482177734375,278.64312744140625,1.0
1610,193.7000732421875,217.46482849121094,1.0,195.53358459472656,240.59840393066406,1.0,165.06814575195312,234.89549255371094,0.0015471994411200285,150.10397338867188,229.77232360839844,1.0,208.94512939453125,235.7264862060547,0.9827365875244141,216.81069946289062,234.17906188964844,1.0,195.63800048828125,263.7424011230469,1.0,158.8248748779297,277.2998046875,1.0,216.06239318847656,278.10943603515625,1.0
1611,189.27798461914062,216.51190185546875,1.0,192.2434539794922,240.12828063964844,1.0,161.12786865234375,233.5091094970703,0.9997466206550598,145.16526794433594,229.12255859375,1.0,208.00833129882812,234.1039276123047,0.999997615814209,216.75157165527344,233.576416015625,1.0,192.26022338867188,264.8300476074219,1.0,156.0731964111328,277.0039978027344,1.0,213.754150390625,277.775146484375,1.0
1612,183.76101684570312,215.21218872070312,1.0,186.994140625,238.64817810058594,1.0,154.4558868408203,231.2505645751953,1.0,139.92320251464844,228.6621551513672,1.0,203.62489318847656,231.17115783691406,1.0,214.24900817871094,232.4936981201172,1.0,187.3164825439453,264.479248046875,1.0,151.6071319580078,276.773681640625,1.0,210.1609649658203,276.4790344238281,1.0
1613,179.20680236816406,214.1683807373047,1.0,182.0328826904297,239.11843872070312,1.0,150.2894744873047,230.16783142089844,1.0,136.03173828125,228.6034698486328,1.0,200.34657287597656,230.25192260742188,1.0,211.88893127441406,232.18893432617188,1.0,182.10215759277344,264.146240234375,1.0,148.26461791992188,276.5499572753906,1.0,205.76895141601562,277.5141906738281,1.0
1614,174.68870544433594,213.91412353515625,1.0,177.64234924316406,240.5022735595703,1.0,147.48077392578125,230.7184600830078,1.0,133.92263793945312,229.60980224609375,1.0,197.81527709960938,230.14157104492188,1.0,209.16717529296875,232.1112518310547,1.0,178.6713104248047,265.0770568847656,1.0,145.29507446289062,277.6302185058594,1.0,203.8582305908203,276.52392578125,1.0
1615,172.4573974609375,214.9756317138672,1.0,174.91348266601562,241.98355102539062,1.0,145.3243865966797,233.04916381835938,1.0,132.35989379882812,231.63673400878906,1.0,195.40440368652344,232.77105712890625,1.0,207.82208251953125,233.29840087890625,1.0,175.60789489746094,266.6017150878906,1.0,143.62954711914062,280.52099609375,0.9999998807907104,202.10269165039062,279.0081787109375,1.0
1616,172.63421630859375,218.18099975585938,1.0,175.08148193359375,244.37213134765625,1.0,145.28103637695312,235.64230346679688,1.0,131.7662811279297,233.3858184814453,1.0,194.65245056152344,235.58230590820312,1.0,207.9245147705078,234.91029357910156,1.0,174.4615936279297,269.7622985839844,1.0,142.00718688964844,281.28131103515625,0.9999998807907104,201.63311767578125,281.16424560546875,1.0
1617,173.02357482910156,220.09767150878906,1.0,174.66653442382812,245.55946350097656,1.0,145.119873046875,236.00892639160156,1.0,131.5585174560547,233.8393096923828,1.0,194.53001403808594,235.91477966308594,1.0,208.16241455078125,235.20875549316406,1.0,173.95831298828125,270.7972412109375,1.0,141.52691650390625,281.75970458984375,0.9999998807907104,201.34580993652344,281.8324890136719,1.0
1618,172.27865600585938,220.2367706298828,1.0,174.25791931152344,246.1539764404297,1.0,144.65878295898438,236.10816955566406,1.0,131.24118041992188,233.6836395263672,1.0,194.2427520751953,236.0616455078125,1.0,208.25917053222656,235.30181884765625,1.0,173.443603515625,271.5851745605469,1.0,141.6708984375,282.25634765625,0.9999998807907104,201.55145263671875,282.114990234375,1.0
1619,170.9510498046875,220.40829467773438,1.0,173.13636779785156,246.3458709716797,1.0,143.84446716308594,236.87631225585938,1.0,130.4675750732422,234.19351196289062,1.0,193.4838409423828,236.71612548828125,1.0,207.2877655029297,235.26744079589844,1.0,172.85655212402344,271.7847900390625,1.0,140.6221160888672,282.7436218261719,0.9999998807907104,200.9412384033203,282.4954833984375,1.0
1620,170.25022888183594,221.23699951171875,1.0,171.4757843017578,247.71458435058594,1.0,143.37747192382812,237.679443359375,1.0,130.28976440429688,234.3114776611328,1.0,193.08790588378906,237.2561492919922,1.0,206.23806762695312,236.11749267578125,1.0,172.1309051513672,273.45831298828125,1.0,139.05804443359375,283.32073974609375,0.9999998807907104,199.64186096191406,283.2489929199219,1.0
1621,168.43099975585938,220.8616180419922,1.0,169.31491088867188,247.3384552001953,1.0,142.55487060546875,237.90231323242188,1.0,129.43870544433594,234.78424072265625,1.0,192.06788635253906,237.2514190673828,1.0,205.29962158203125,235.92752075195312,1.0,170.32102966308594,273.74029541015625,1.0,138.5588836669922,283.51287841796875,0.9999998807907104,198.27230834960938,282.8820495605469,1.0
1622,167.95977783203125,220.876220703125,1.0,168.6558837890625,247.22691345214844,1.0,141.8818359375,237.6842498779297,1.0,128.64736938476562,234.97732543945312,1.0,191.64231872558594,237.22348022460938,1.0,205.14222717285156,236.00125122070312,1.0,169.29531860351562,273.51019287109375,1.0,137.5706329345703,283.1626892089844,0.9999997615814209,197.7613983154297,283.09466552734375,1.0
1623,167.51588439941406,220.88339233398438,1.0,168.1914825439453,247.41673278808594,1.0,141.6648712158203,237.6406707763672,1.0,128.62200927734375,234.9822540283203,1.0,191.23385620117188,237.11866760253906,1.0,204.96339416503906,235.71612548828125,1.0,169.16021728515625,273.5787048339844,1.0,137.03475952148438,283.17767333984375,0.9999998807907104,197.49488830566406,283.10498046875,1.0
1624,167.7982635498047,220.7266082763672,1.0,167.8901824951172,247.0626220703125,1.0,141.33534240722656,236.3603515625,1.0,128.27467346191406,235.03770446777344,1.0,191.04530334472656,235.79150390625,1.0,205.31488037109375,236.05657958984375,1.0,168.73828125,273.4090270996094,1.0,137.1219482421875,283.0708312988281,0.9999997615814209,197.8331298828125,283.14892578125,1.0
1625,168.10289001464844,220.4681854248047,1.0,168.29588317871094,247.90660095214844,1.0,141.3930206298828,235.26268005371094,1.0,127.8002700805664,234.1807861328125,1.0,191.0868682861328,234.67843627929688,1.0,205.31976318359375,235.2410888671875,1.0,168.91075134277344,273.6287841796875,1.0,137.02938842773438,283.1908874511719,0.9999997615814209,197.89385986328125,283.1062927246094,1.0
1626,167.95921325683594,219.578369140625,1.0,168.29339599609375,247.63783264160156,1.0,141.6110382080078,234.92543029785156,1.0,128.13819885253906,234.4160614013672,1.0,190.9590301513672,234.32498168945312,1.0,204.8321075439453,235.160888671875,1.0,168.60125732421875,273.6430358886719,1.0,136.825927734375,283.04656982421875,0.9999998807907104,197.9656524658203,282.7919921875,1.0
1627,167.8077850341797,219.37579345703125,1.0,168.19664001464844,247.78076171875,1.0,141.35023498535156,234.5244903564453,1.0,127.88174438476562,234.26417541503906,1.0,190.93504333496094,234.3776397705078,1.0,204.86822509765625,235.27162170410156,1.0,168.707275390625,273.6954650878906,1.0,137.419921875,283.37677001953125,0.9999997615814209,198.01405334472656,282.8580627441406,1.0
1628,167.8382568359375,219.33753967285156,1.0,168.35345458984375,247.98509216308594,1.0,141.2130126953125,234.64956665039062,1.0,127.7398681640625,234.2261505126953,1.0,190.9761505126953,234.4190673828125,1.0,205.03421020507812,235.3251953125,1.0,168.67642211914062,273.71221923828125,1.0,137.2793426513672,283.3235778808594,0.9999998807907104,197.8334503173828,282.9931335449219,1.0
1629,167.9285888671875,219.63267517089844,1.0,168.36865234375,247.91526794433594,1.0,141.32708740234375,234.89328002929688,1.0,127.6575927734375,234.2997589111328,1.0,191.0653533935547,234.54534912109375,1.0,204.92098999023438,235.37669372558594,1.0,168.58509826660156,273.556640625,1.0,137.3527069091797,283.2079162597656,0.9999998807907104,197.7179718017578,283.0829772949219,1.0
1630,167.9727783203125,219.51808166503906,1.0,168.37327575683594,248.09219360351562,1.0,141.36488342285156,234.96420288085938,1.0,127.76939392089844,234.45681762695312,1.0,190.97265625,234.69989013671875,1.0,204.8103790283203,235.44703674316406,1.0,168.72879028320312,273.6487731933594,1.0,137.26205444335938,283.1883850097656,0.9999998807907104,197.699951171875,283.0660400390625,1.0
1631,167.6865692138672,219.635986328125,1.0,168.10470581054688,248.10890197753906,1.0,141.18408203125,234.90110778808594,1.0,127.7730941772461,234.58692932128906,1.0,190.9470977783203,234.70465087890625,1.0,204.90977478027344,235.42059326171875,1.0,168.595703125,273.72259521484375,1.0,137.1219940185547,283.1239318847656,0.9999998807907104,197.6872100830078,283.0052490234375,1.0
1632,167.87432861328125,219.53781127929688,1.0,168.32423400878906,248.09494018554688,1.0,141.0665283203125,234.58181762695312,1.0,127.53580474853516,234.24842834472656,1.0,190.89981079101562,234.64186096191406,1.0,204.974853515625,235.46336364746094,1.0,168.59742736816406,273.8484191894531,1.0,137.5620574951172,283.5435485839844,0.9999998807907104,197.54913330078125,283.2580871582031,1.0
1633,167.665283203125,219.38209533691406,1.0,168.22120666503906,248.1709442138672,1.0,140.7878875732422,234.6526336669922,1.0,127.41290283203125,234.15220642089844,1.0,190.66807556152344,234.42091369628906,1.0,204.8583984375,235.35671997070312,1.0,168.44161987304688,273.851318359375,1.0,137.353515625,283.3445739746094,0.9999998807907104,197.5406951904297,283.19927978515625,1.0
1634,167.61329650878906,219.36013793945312,1.0,168.18109130859375,247.86917114257812,1.0,140.2324676513672,234.3439483642578,1.0,126.83964538574219,233.66744995117188,1.0,190.6956024169922,234.3475799560547,1.0,205.0620574951172,235.47799682617188,1.0,168.18638610839844,273.6014099121094,1.0,136.7211151123047,283.08917236328125,0.9999998807907104,196.85093688964844,283.1990966796875,1.0
1635,167.26499938964844,219.3861541748047,1.0,167.5348358154297,247.7439422607422,1.0,140.06539916992188,234.51568603515625,1.0,126.77536010742188,233.90972900390625,1.0,190.52586364746094,234.15890502929688,1.0,204.87353515625,235.3975067138672,1.0,167.5234375,273.8954162597656,1.0,136.00111389160156,283.1177978515625,1.0,196.11337280273438,283.10400390625,1.0
1636,166.43063354492188,219.4104461669922,1.0,166.06040954589844,247.60592651367188,1.0,139.7915496826172,234.60287475585938,1.0,126.52851867675781,234.0205841064453,1.0,189.90853881835938,233.93392944335938,1.0,204.3175048828125,234.85411071777344,1.0,165.73751831054688,273.5413818359375,1.0,135.48719787597656,283.3077087402344,1.0,195.73345947265625,283.3468933105469,1.0
1637,164.7089080810547,219.34840393066406,1.0,163.99789428710938,248.02682495117188,1.0,138.80699157714844,234.78623962402344,1.0,125.9875717163086,234.36776733398438,1.0,188.3048095703125,233.37623596191406,1.0,202.79052734375,234.83705139160156,1.0,164.88189697265625,273.3979187011719,1.0,134.0373077392578,283.1546325683594,1.0,194.85043334960938,282.4658203125,1.0
1638,160.4180908203125,219.33241271972656,1.0,159.13412475585938,247.75437927246094,1.0,135.0067901611328,236.00411987304688,1.0,123.019287109375,235.14596557617188,1.0,183.99847412109375,234.4260711669922,1.0,199.09011840820312,234.04031372070312,1.0,159.9695281982422,274.115478515625,1.0,131.4449462890625,283.27764892578125,1.0,192.16978454589844,281.9837646484375,1.0
1639,157.63262939453125,218.4394989013672,1.0,155.74868774414062,247.57440185546875,1.0,132.3542938232422,236.4423370361328,1.0,120.75865173339844,235.2091827392578,1.0,180.53565979003906,234.60882568359375,1.0,196.2301025390625,233.74122619628906,1.0,156.6343536376953,274.8622741699219,1.0,128.2166748046875,282.7631530761719,1.0,189.50938415527344,282.1793212890625,1.0
1640,155.5036163330078,218.16653442382812,1.0,153.5852508544922,247.32064819335938,1.0,131.0249481201172,236.3707275390625,1.0,119.2658462524414,235.4065704345703,1.0,179.2178497314453,234.73751831054688,1.0,194.7593536376953,233.77114868164062,1.0,153.58416748046875,273.94366455078125,1.0,126.38291931152344,282.5632629394531,1.0,187.30593872070312,281.4568176269531,1.0
1641,154.42250061035156,218.02505493164062,1.0,152.36231994628906,247.75914001464844,1.0,130.5559844970703,236.23362731933594,1.0,118.6716537475586,235.80177307128906,1.0,178.3972930908203,234.57260131835938,1.0,193.9022979736328,233.61778259277344,1.0,151.4922332763672,274.08343505859375,1.0,125.5804672241211,282.5975646972656,1.0,186.48155212402344,281.74774169921875,1.0
1642,152.6202850341797,218.5524444580078,1.0,149.79379272460938,247.7604522705078,1.0,128.2793426513672,236.37451171875,1.0,116.99842071533203,235.80630493164062,1.0,176.37449645996094,234.5702362060547,1.0,191.3169708251953,233.8816680908203,1.0,148.20101928710938,274.1834411621094,1.0,122.44986724853516,282.8159484863281,1.0,183.17767333984375,282.0442810058594,1.0
1643,149.5467071533203,218.40994262695312,1.0,145.77967834472656,248.60446166992188,1.0,125.70764923095703,235.99107360839844,1.0,114.61427307128906,235.86729431152344,1.0,174.15684509277344,234.05450439453125,1.0,189.80966186523438,233.48245239257812,1.0,144.52096557617188,273.716796875,1.0,120.27722930908203,282.4320068359375,1.0,181.44407653808594,280.8645324707031,1.0
1644,146.90573120117188,217.78619384765625,1.0,141.98878479003906,249.3087615966797,1.0,124.23241424560547,235.60169982910156,1.0,113.8207778930664,235.8594207763672,1.0,172.63204956054688,233.87986755371094,1.0,188.05731201171875,232.43531799316406,1.0,141.8699188232422,273.4787292480469,1.0,118.3802261352539,282.83404541015625,1.0,179.32106018066406,280.66748046875,1.0
1645,146.1086883544922,217.707763671875,1.0,140.2694854736328,249.2374267578125,1.0,123.36012268066406,235.37973022460938,1.0,113.17622375488281,235.56439208984375,1.0,171.29537963867188,234.27659606933594,1.0,186.7576446533203,232.74205017089844,1.0,140.2898406982422,274.433837890625,1.0,116.92359161376953,283.00897216796875,1.0,178.4351806640625,280.90655517578125,1.0
1646,145.2964630126953,217.9020538330078,1.0,138.67373657226562,249.4380645751953,1.0,122.3947982788086,235.49090576171875,1.0,112.35713195800781,235.2969207763672,1.0,169.455078125,234.4311981201172,1.0,184.89450073242188,232.32022094726562,1.0,138.3415985107422,274.40582275390625,1.0,114.84271240234375,282.8390197753906,1.0,177.3412628173828,279.8819580078125,1.0
1647,144.28834533691406,217.88775634765625,1.0,137.0245819091797,249.64212036132812,1.0,122.42703247070312,235.76210021972656,1.0,111.00354766845703,235.63600158691406,1.0,168.35015869140625,233.92979431152344,1.0,184.19296264648438,232.6575927734375,1.0,135.78359985351562,272.9479064941406,1.0,112.73294830322266,282.5376281738281,1.0,175.65237426757812,279.6015930175781,1.0
1648,142.0249786376953,217.70750427246094,1.0,134.1632080078125,249.86241149902344,1.0,120.56187438964844,235.7947235107422,1.0,109.39891052246094,235.0024871826172,1.0,166.50277709960938,233.81141662597656,1.0,182.12371826171875,232.2230224609375,1.0,133.1193389892578,272.2510986328125,1.0,111.72026062011719,282.3634033203125,1.0,173.84617614746094,278.7823791503906,1.0
1649,140.23587036132812,218.03842163085938,1.0,132.13949584960938,250.14154052734375,1.0,119.57482147216797,235.52407836914062,1.0,107.9947280883789,234.4544677734375,1.0,164.84683227539062,233.64427185058594,1.0,180.332763671875,231.976806640625,1.0,131.40045166015625,273.0153503417969,1.0,110.18085479736328,282.69610595703125,1.0,172.068603515625,279.0525817871094,1.0
1650,139.1317596435547,217.14857482910156,1.0,130.8062744140625,249.82907104492188,1.0,118.97936248779297,235.62326049804688,1.0,107.23820495605469,234.75875854492188,1.0,164.02239990234375,233.46002197265625,1.0,180.06088256835938,231.8958282470703,1.0,129.9903106689453,272.66436767578125,1.0,109.23175048828125,282.8485107421875,1.0,170.8280029296875,279.2533874511719,1.0
1651,138.5579071044922,217.5688018798828,1.0,130.39071655273438,250.0720977783203,1.0,118.71125793457031,235.8716583251953,1.0,106.83619689941406,235.21302795410156,1.0,163.96080017089844,233.20530700683594,1.0,180.07382202148438,231.7677764892578,1.0,129.31008911132812,272.87744140625,1.0,108.36683654785156,282.70672607421875,1.0,170.5217742919922,278.99298095703125,1.0
1652,137.99400329589844,217.66372680664062,1.0,129.7177276611328,250.0085906982422,1.0,118.31172180175781,235.3768310546875,1.0,106.52092742919922,235.1244354248047,1.0,163.15382385253906,233.10848999023438,1.0,179.44187927246094,231.640625,1.0,127.93177795410156,273.309814453125,1.0,107.50200653076172,282.7532653808594,1.0,169.40646362304688,278.97283935546875,1.0
1653,137.29563903808594,217.52989196777344,1.0,128.3183135986328,249.93748474121094,1.0,117.70337677001953,235.56422424316406,1.0,105.71814727783203,234.8582000732422,1.0,162.42007446289062,233.20126342773438,1.0,178.39404296875,231.5279541015625,1.0,127.10888671875,272.21466064453125,1.0,106.5523452758789,282.5699462890625,1.0,168.1365966796875,279.0592956542969,1.0
1654,136.58998107910156,217.42681884765625,1.0,127.08812713623047,249.4298553466797,1.0,117.07650756835938,235.24876403808594,1.0,105.10699462890625,234.43838500976562,1.0,161.9678192138672,232.88320922851562,1.0,177.46524047851562,230.48065185546875,1.0,126.22118377685547,271.884765625,1.0,105.86100769042969,282.9506530761719,1.0,167.32186889648438,278.72265625,1.0
1655,136.16714477539062,217.34056091308594,1.0,126.65333557128906,249.25416564941406,1.0,116.73360443115234,235.29763793945312,1.0,104.78630065917969,234.59475708007812,1.0,161.63894653320312,232.85450744628906,1.0,177.0182647705078,230.51425170898438,1.0,125.79362487792969,271.6297302246094,1.0,105.29401397705078,282.7633361816406,1.0,166.76763916015625,278.898193359375,1.0
1656,136.0706329345703,217.47250366210938,1.0,126.95252227783203,249.3359832763672,1.0,116.67549896240234,235.00318908691406,1.0,105.03398132324219,234.05255126953125,1.0,161.31195068359375,232.6872100830078,1.0,177.01771545410156,230.79647827148438,1.0,125.67935943603516,271.7066955566406,1.0,105.37572479248047,282.5988464355469,1.0,167.16587829589844,278.4864501953125,1.0
1657,136.06576538085938,217.18812561035156,1.0,126.90753936767578,249.0752410888672,1.0,116.67045593261719,235.0624542236328,1.0,104.88640594482422,234.12191772460938,1.0,161.2712860107422,232.84678649902344,1.0,176.99179077148438,230.8169403076172,1.0,125.79728698730469,271.4723815917969,1.0,105.27801513671875,282.7076416015625,1.0,167.3245391845703,278.5464782714844,1.0
1658,135.94479370117188,217.0887451171875,1.0,126.8127212524414,249.14910888671875,1.0,116.51266479492188,235.047607421875,1.0,104.80945587158203,233.98397827148438,1.0,161.19595336914062,232.86807250976562,1.0,176.96234130859375,230.80409240722656,1.0,125.76335906982422,271.62060546875,1.0,105.08914947509766,282.6332092285156,1.0,167.26458740234375,278.6839294433594,1.0
1659,135.97869873046875,217.0357208251953,1.0,126.75178527832031,249.18260192871094,1.0,116.43106842041016,235.00172424316406,1.0,104.83617401123047,234.18243408203125,1.0,161.19595336914062,232.89637756347656,1.0,177.15895080566406,230.88845825195312,1.0,125.6692123413086,271.35968017578125,1.0,105.23741912841797,282.63665771484375,1.0,167.19725036621094,278.76275634765625,1.0
1660,135.97715759277344,217.10806274414062,1.0,126.79676818847656,249.1930694580078,1.0,116.40303039550781,235.06057739257812,1.0,104.62356567382812,234.35108947753906,1.0,161.1527099609375,232.80064392089844,1.0,177.09710693359375,230.9131622314453,1.0,125.62837219238281,271.3751525878906,1.0,105.42877960205078,282.7703552246094,1.0,167.11614990234375,278.84307861328125,1.0
1661,135.86387634277344,217.19776916503906,1.0,126.62459564208984,249.02000427246094,1.0,116.34227752685547,235.07981872558594,1.0,104.32979583740234,234.3888397216797,1.0,161.1140899658203,232.79522705078125,1.0,177.13096618652344,230.8931427001953,1.0,125.5275650024414,271.44830322265625,1.0,105.50643920898438,282.866455078125,1.0,167.17657470703125,278.7776184082031,1.0
1662,135.720703125,217.00259399414062,1.0,126.50033569335938,249.06253051757812,1.0,116.27281188964844,235.16278076171875,1.0,104.24481964111328,234.3619842529297,1.0,161.03140258789062,232.87899780273438,1.0,177.19725036621094,231.0303192138672,1.0,125.5184097290039,271.5999755859375,1.0,105.4975357055664,282.9080505371094,1.0,167.1045379638672,278.86846923828125,1.0
1663,133.76895141601562,216.62979125976562,1.0,124.61592864990234,248.7510528564453,1.0,114.84933471679688,235.20848083496094,1.0,103.12232208251953,233.56295776367188,1.0,158.7740478515625,232.24710083007812,1.0,174.81065368652344,230.26693725585938,1.0,124.3574447631836,272.0501708984375,1.0,104.79055786132812,282.6482238769531,1.0,166.11029052734375,278.552001953125,1.0
1664,131.05197143554688,215.85879516601562,1.0,121.10830688476562,248.7998504638672,1.0,111.54780578613281,234.6910858154297,1.0,101.81787109375,233.1419219970703,1.0,157.37550354003906,231.2115020751953,1.0,173.2342529296875,228.95689392089844,1.0,120.25211334228516,271.09979248046875,1.0,102.69490814208984,282.7322998046875,1.0,163.9601593017578,277.5773620605469,1.0
1665,130.48635864257812,215.15122985839844,1.0,119.95223999023438,248.21983337402344,1.0,111.70308685302734,234.25660705566406,1.0,101.84008026123047,233.0871124267578,1.0,156.52651977539062,230.62933349609375,1.0,171.59063720703125,229.19134521484375,1.0,118.34822082519531,270.0843200683594,1.0,101.97711181640625,282.27886962890625,1.0,162.9018096923828,277.12872314453125,1.0
1666,130.52284240722656,215.5834503173828,1.0,120.12743377685547,248.11582946777344,1.0,111.50154876708984,234.24285888671875,1.0,101.69019317626953,233.2135009765625,1.0,156.21456909179688,230.73812866210938,1.0,171.51158142089844,229.54014587402344,1.0,118.32894897460938,270.0086669921875,1.0,101.80128479003906,282.0274658203125,1.0,162.7100372314453,277.17132568359375,1.0
1667,130.51834106445312,215.5321807861328,1.0,120.32149505615234,247.83956909179688,1.0,111.8306884765625,233.83152770996094,1.0,101.606201171875,233.0122833251953,1.0,156.73223876953125,230.415771484375,1.0,172.0455780029297,229.42462158203125,1.0,118.09442901611328,269.7984924316406,1.0,101.78849792480469,281.8586120605469,1.0,162.79502868652344,277.2042541503906,1.0
1668,131.08860778808594,216.06675720214844,1.0,121.21820068359375,247.8953857421875,1.0,113.21223449707031,234.173095703125,1.0,102.19776916503906,233.25344848632812,1.0,159.13584899902344,231.00450134277344,1.0,174.54644775390625,229.8407440185547,1.0,118.55245971679688,269.8973693847656,1.0,102.65352630615234,281.9842224121094,1.0,163.83544921875,277.39801025390625,1.0
1669,132.5692901611328,216.301025390625,1.0,121.6305160522461,248.49562072753906,1.0,115.02764129638672,234.07400512695312,1.0,103.7115707397461,233.37557983398438,1.0,159.95657348632812,231.43601989746094,1.0,175.66297912597656,230.13006591796875,1.0,119.94510650634766,269.83660888671875,1.0,103.40973663330078,281.81304931640625,1.0,164.9105987548828,278.0330505371094,1.0
1670,133.2481231689453,216.68807983398438,1.0,122.90109252929688,248.70187377929688,1.0,115.46194458007812,234.22250366210938,1.0,103.84088897705078,233.52005004882812,1.0,160.49951171875,231.85177612304688,1.0,176.48126220703125,230.38888549804688,1.0,121.64986419677734,270.9165954589844,1.0,103.78714752197266,282.30120849609375,1.0,165.41580200195312,278.0928649902344,1.0
1671,133.64356994628906,216.3654022216797,1.0,123.16753387451172,248.6713409423828,1.0,115.62835693359375,234.14694213867188,1.0,103.89956665039062,233.55035400390625,1.0,160.66357421875,232.0162353515625,1.0,176.4840545654297,230.3456268310547,1.0,121.9013442993164,270.6009216308594,1.0,104.35699462890625,282.4789123535156,1.0,165.73756408691406,277.9903869628906,1.0
1672,133.84304809570312,216.5572967529297,1.0,123.43242645263672,248.4345245361328,1.0,115.76383209228516,234.0934295654297,1.0,104.08575439453125,233.69522094726562,1.0,160.7189178466797,232.0701141357422,1.0,176.83888244628906,230.50611877441406,1.0,121.92672729492188,270.41693115234375,1.0,104.2838363647461,282.2763366699219,1.0,165.69525146484375,277.9727478027344,1.0
1673,134.14266967773438,216.44346618652344,1.0,123.48045349121094,248.53140258789062,1.0,115.69422149658203,234.2301483154297,1.0,104.03626251220703,234.0154571533203,1.0,160.93296813964844,232.17544555664062,1.0,177.02333068847656,230.70098876953125,1.0,122.2187728881836,270.2558898925781,1.0,104.50245666503906,282.3490905761719,1.0,165.81610107421875,278.0683898925781,1.0
1674,134.75189208984375,216.38833618164062,1.0,124.06306457519531,248.83563232421875,1.0,115.95450592041016,234.368408203125,1.0,104.4719009399414,233.88609313964844,1.0,161.42401123046875,232.29466247558594,1.0,177.29586791992188,230.8106231689453,1.0,123.05426025390625,270.49200439453125,1.0,104.95762634277344,282.3727111816406,1.0,166.6506805419922,278.1767272949219,1.0
1675,134.95291137695312,216.86741638183594,1.0,124.38163757324219,248.7886505126953,1.0,116.32903289794922,234.48947143554688,1.0,104.31024932861328,233.55328369140625,1.0,161.87673950195312,232.47352600097656,1.0,177.77987670898438,231.1201171875,1.0,123.58068084716797,270.8937683105469,1.0,105.45917510986328,282.5191650390625,1.0,167.10037231445312,278.36871337890625,1.0
1676,135.28550720214844,217.11256408691406,1.0,124.64673614501953,248.63381958007812,1.0,116.33924102783203,234.7310791015625,1.0,104.34573364257812,233.59063720703125,1.0,162.02867126464844,232.83311462402344,1.0,178.1459197998047,231.17079162597656,1.0,123.6964340209961,270.6524963378906,1.0,105.6396484375,282.5557556152344,1.0,166.98861694335938,278.8424377441406,1.0
1677,135.4625701904297,217.07650756835938,1.0,124.91754150390625,249.0286102294922,1.0,116.44744110107422,234.8985137939453,1.0,104.48640441894531,233.73568725585938,1.0,162.02943420410156,233.02427673339844,1.0,178.3631591796875,231.37405395507812,1.0,124.0760726928711,270.88604736328125,1.0,105.74076080322266,282.6476745605469,1.0,166.98025512695312,278.9269714355469,1.0
1678,135.89028930664062,217.44088745117188,1.0,125.27082824707031,249.1466522216797,1.0,116.5181655883789,235.03887939453125,1.0,104.7890853881836,233.9242706298828,1.0,162.31210327148438,232.96482849121094,1.0,178.708740234375,231.666015625,1.0,124.2613296508789,271.0400085449219,1.0,105.94120025634766,282.766845703125,1.0,167.1841583251953,279.0644836425781,1.0
1679,136.19923400878906,217.73861694335938,1.0,125.79763793945312,249.3758087158203,1.0,116.78527069091797,235.10963439941406,1.0,104.95701599121094,233.8841094970703,1.0,162.5193634033203,233.19244384765625,1.0,178.9868927001953,232.0110626220703,1.0,124.76126861572266,271.2663879394531,1.0,105.98655700683594,282.79541015625,1.0,167.8975067138672,279.01611328125,1.0
1680,136.68203735351562,217.98431396484375,1.0,126.61289978027344,249.63584899902344,1.0,117.31754302978516,235.05844116210938,1.0,105.0912094116211,233.8861846923828,1.0,163.09494018554688,233.25555419921875,1.0,179.8599395751953,231.982666015625,1.0,125.63980865478516,272.07568359375,1.0,107.08763122558594,282.9689025878906,1.0,168.3276824951172,279.380126953125,1.0
1681,141.35635375976562,217.20697021484375,1.0,130.9452362060547,249.85231018066406,1.0,121.04668426513672,233.91310119628906,1.0,108.46533203125,232.3174591064453,1.0,167.661865234375,232.9878387451172,1.0,183.08352661132812,231.49087524414062,1.0,127.16229248046875,272.8418884277344,1.0,108.25743865966797,282.06610107421875,1.0,169.6775665283203,279.8804016113281,0.9999998807907104
1682,146.3285675048828,216.84564208984375,1.0,137.32333374023438,249.38255310058594,1.0,124.07967376708984,233.30860900878906,1.0,112.80854797363281,232.73538208007812,1.0,172.24545288085938,233.1267547607422,1.0,186.93202209472656,231.52108764648438,1.0,134.76669311523438,273.2460021972656,1.0,113.05616760253906,281.7792053222656,1.0,174.90951538085938,280.1822509765625,1.0
1683,148.8522186279297,216.27294921875,1.0,140.1336669921875,248.59881591796875,1.0,126.84921264648438,233.1174774169922,1.0,114.91043090820312,232.6564483642578,1.0,175.01602172851562,233.30520629882812,1.0,190.13504028320312,232.50665283203125,1.0,139.26806640625,272.8708190917969,1.0,115.98253631591797,282.0460205078125,1.0,177.70291137695312,280.8194885253906,1.0
1684,152.46324157714844,217.0100555419922,1.0,144.33389282226562,248.1989288330078,1.0,129.864013671875,233.73208618164062,1.0,116.7955551147461,232.695556640625,1.0,178.23663330078125,233.06240844726562,1.0,193.73944091796875,233.07794189453125,1.0,142.63734436035156,271.0572204589844,1.0,118.83477020263672,281.17742919921875,1.0,180.27305603027344,280.631591796875,1.0
1685,156.20407104492188,216.97625732421875,1.0,150.73313903808594,247.58364868164062,1.0,133.52273559570312,232.69190979003906,1.0,119.54751586914062,232.27650451660156,1.0,181.04183959960938,234.2263946533203,1.0,196.22125244140625,233.47799682617188,1.0,148.20748901367188,272.6098327636719,1.0,121.500244140625,280.50640869140625,1.0,183.4451141357422,281.2126770019531,1.0
1686,158.1693115234375,217.20884704589844,1.0,152.8505859375,247.48915100097656,1.0,134.87960815429688,233.37362670898438,1.0,120.87085723876953,232.38525390625,1.0,182.4411163330078,234.52976989746094,1.0,197.23812866210938,233.8736114501953,1.0,150.16769409179688,273.20269775390625,1.0,122.3532943725586,281.10986328125,1.0,184.54689025878906,281.91259765625,1.0
1687,158.94635009765625,217.19532775878906,1.0,154.12657165527344,246.8542022705078,1.0,135.4021759033203,233.23219299316406,1.0,121.553466796875,232.12498474121094,1.0,183.2896270751953,234.67918395996094,1.0,198.13632202148438,233.97845458984375,1.0,151.32147216796875,272.9576416015625,1.0,123.77633666992188,281.3224792480469,1.0,185.97406005859375,281.57135009765625,1.0
1688,159.4501953125,217.161376953125,1.0,154.6603240966797,247.11854553222656,1.0,135.74844360351562,233.3661346435547,1.0,121.91236114501953,232.16680908203125,1.0,183.66796875,234.62271118164062,1.0,198.66571044921875,234.19650268554688,1.0,151.8273162841797,272.9571838378906,1.0,124.72711181640625,281.34521484375,1.0,186.8516387939453,281.52069091796875,1.0
1689,159.6873321533203,217.3379364013672,1.0,155.0102081298828,247.3989715576172,1.0,135.9076385498047,233.28431701660156,1.0,122.10259246826172,232.40115356445312,1.0,184.2061309814453,234.80828857421875,1.0,199.04454040527344,234.3357696533203,1.0,152.49472045898438,273.35089111328125,1.0,124.8894271850586,281.3894958496094,1.0,187.07530212402344,281.6678771972656,1.0
1690,159.6770477294922,217.4818115234375,1.0,154.90951538085938,247.3335418701172,1.0,135.93980407714844,233.38095092773438,1.0,122.0492935180664,232.50340270996094,1.0,184.1807403564453,234.8794403076172,1.0,199.09585571289062,234.32044982910156,1.0,152.21603393554688,273.01824951171875,1.0,124.702392578125,281.4283752441406,1.0,186.64639282226562,281.5574035644531,1.0
1691,159.59190368652344,217.42991638183594,1.0,154.92520141601562,247.2590789794922,1.0,135.8432159423828,233.60745239257812,1.0,122.00975036621094,232.76153564453125,1.0,184.18768310546875,234.90818786621094,1.0,198.99668884277344,234.37673950195312,1.0,152.56773376464844,273.17742919921875,1.0,125.04183197021484,281.78948974609375,1.0,186.5848388671875,281.59619140625,1.0
1692,159.89468383789062,217.93923950195312,1.0,155.30674743652344,248.3313751220703,1.0,136.025634765625,233.54541015625,1.0,122.1940689086914,232.883056640625,1.0,184.55250549316406,235.0231475830078,1.0,199.35768127441406,234.43724060058594,1.0,153.0546417236328,273.17340087890625,1.0,126.0946273803711,281.9506530761719,1.0,187.13821411132812,281.5552062988281,1.0
1693,160.03726196289062,217.64700317382812,1.0,155.69679260253906,248.22296142578125,1.0,136.4318389892578,233.75418090820312,1.0,123.1067886352539,232.8482666015625,1.0,184.940673828125,235.16256713867188,1.0,199.830810546875,234.51210021972656,1.0,154.01133728027344,273.7402648925781,1.0,126.68473815917969,282.0733642578125,1.0,187.69216918945312,282.07208251953125,1.0
1694,160.44052124023438,217.8915557861328,1.0,155.97044372558594,248.0432586669922,1.0,136.87838745117188,233.83489990234375,1.0,123.34944915771484,232.69602966308594,1.0,185.2379913330078,235.40151977539062,1.0,199.9715576171875,234.46133422851562,1.0,153.94569396972656,274.20953369140625,1.0,127.26193237304688,281.9282531738281,1.0,188.17555236816406,282.2098693847656,1.0
1695,160.8042755126953,218.29904174804688,1.0,156.15032958984375,248.21514892578125,1.0,136.9956817626953,234.0655517578125,1.0,123.643798828125,232.59947204589844,1.0,185.41650390625,235.3876953125,1.0,200.0005340576172,234.8211212158203,1.0,154.20291137695312,274.55877685546875,1.0,127.2332763671875,282.0284423828125,1.0,188.25180053710938,282.1407165527344,1.0
1696,160.47637939453125,218.19813537597656,1.0,156.03558349609375,248.40530395507812,1.0,137.01922607421875,234.46363830566406,1.0,123.49026489257812,232.78091430664062,1.0,185.3302764892578,235.5591278076172,1.0,199.9443359375,234.95248413085938,1.0,154.1156005859375,274.8189697265625,1.0,127.56096649169922,282.07012939453125,1.0,188.21856689453125,282.2889709472656,1.0
1697,160.78009033203125,218.21011352539062,1.0,156.0475311279297,248.43690490722656,1.0,137.04847717285156,234.28387451171875,1.0,123.71749114990234,232.8348388671875,1.0,185.2832794189453,235.62704467773438,1.0,200.23789978027344,235.22012329101562,1.0,154.2991180419922,274.98468017578125,1.0,127.60942077636719,282.19720458984375,1.0,188.37059020996094,282.5144348144531,1.0
1698,161.11244201660156,218.21578979492188,1.0,156.0992889404297,248.25804138183594,1.0,137.1235809326172,234.3357391357422,1.0,124.13430786132812,233.06541442871094,1.0,185.5491943359375,235.65992736816406,1.0,200.3437957763672,235.08975219726562,1.0,154.48951721191406,274.93267822265625,1.0,127.9369125366211,282.3662109375,1.0,189.038330078125,282.5318908691406,1.0
1699,161.7571258544922,218.84158325195312,1.0,156.9710693359375,248.29563903808594,1.0,137.51983642578125,234.24237060546875,1.0,124.26101684570312,232.86849975585938,1.0,186.73397827148438,235.54917907714844,1.0,201.37301635742188,235.6338653564453,1.0,155.187255859375,274.8450622558594,1.0,128.00674438476562,282.2385559082031,1.0,189.5704803466797,282.65765380859375,1.0
1700,161.84226989746094,218.7559356689453,1.0,157.01974487304688,248.3818817138672,1.0,137.45069885253906,234.4141845703125,1.0,124.11132049560547,233.08677673339844,1.0,186.8955841064453,235.4687042236328,1.0,201.7962188720703,235.82252502441406,1.0,155.74386596679688,274.64080810546875,1.0,128.29409790039062,282.58251953125,1.0,189.98719787597656,283.02081298828125,1.0
1701,161.76174926757812,219.01210021972656,1.0,157.14292907714844,248.73208618164062,1.0,137.51022338867188,234.55055236816406,1.0,124.27305603027344,233.1386260986328,1.0,186.6842803955078,235.61859130859375,1.0,201.4905242919922,235.69300842285156,1.0,156.0589141845703,274.7708435058594,1.0,128.32647705078125,282.2987060546875,1.0,189.95152282714844,282.92462158203125,1.0
1702,161.99440002441406,218.91253662109375,1.0,157.14881896972656,248.77667236328125,1.0,137.69805908203125,234.3938446044922,1.0,124.31094360351562,233.39410400390625,1.0,186.70973205566406,235.50900268554688,1.0,201.4709930419922,235.50042724609375,1.0,156.10035705566406,275.1605224609375,1.0,128.4672088623047,282.3004455566406,1.0,190.0425262451172,282.87908935546875,1.0
1703,162.26205444335938,219.2171630859375,1.0,157.4070587158203,249.01626586914062,1.0,137.81607055664062,234.49774169921875,1.0,124.52227020263672,233.21839904785156,1.0,187.08554077148438,235.6556854248047,1.0,201.71104431152344,235.51866149902344,1.0,156.14857482910156,275.1253967285156,1.0,128.77462768554688,282.50225830078125,1.0,189.86798095703125,283.19287109375,1.0
1704,162.36097717285156,220.05018615722656,1.0,157.3399200439453,249.4353485107422,1.0,138.19012451171875,234.59576416015625,1.0,124.35536193847656,233.39688110351562,1.0,187.26605224609375,235.8297576904297,1.0,201.83518981933594,235.64442443847656,1.0,156.19491577148438,274.99609375,1.0,128.5666046142578,282.27215576171875,1.0,190.097412109375,283.0885925292969,1.0
1705,162.54347229003906,220.1525115966797,1.0,157.34327697753906,249.45545959472656,1.0,138.23797607421875,234.57847595214844,1.0,124.38712310791016,233.23805236816406,1.0,187.32064819335938,235.9561004638672,1.0,201.98361206054688,235.87599182128906,1.0,156.0219268798828,274.91766357421875,1.0,128.6584014892578,282.2142028808594,1.0,190.20462036132812,282.9924621582031,1.0
1706,162.59716796875,220.16159057617188,1.0,157.4884796142578,249.3655548095703,1.0,138.2250518798828,234.52093505859375,1.0,124.36870574951172,233.29905700683594,1.0,187.3019256591797,235.9988555908203,1.0,202.1895294189453,235.9066162109375,1.0,156.3072509765625,274.9546203613281,1.0,128.63983154296875,282.13494873046875,1.0,190.2550506591797,283.1876220703125,1.0
1707,162.888916015625,220.1498565673828,1.0,157.6123046875,249.55673217773438,1.0,138.35879516601562,234.58876037597656,1.0,124.53011322021484,233.38067626953125,1.0,187.51052856445312,235.95155334472656,1.0,202.44505310058594,236.02392578125,1.0,156.32562255859375,274.8309020996094,1.0,128.63076782226562,282.1221008300781,1.0,190.3831024169922,283.024658203125,1.0
1708,162.8386993408203,220.25979614257812,1.0,157.74234008789062,249.6259765625,1.0,138.30670166015625,234.66461181640625,1.0,124.57524871826172,233.4274139404297,1.0,187.5770721435547,236.00234985351562,1.0,202.37368774414062,235.9922637939453,1.0,156.3838653564453,275.2584228515625,1.0,128.6859893798828,282.1903076171875,1.0,190.31280517578125,283.3735656738281,1.0
1709,163.01626586914062,220.4773406982422,1.0,158.08541870117188,249.79263305664062,1.0,138.63401794433594,234.92178344726562,1.0,124.95323944091797,233.53842163085938,1.0,187.64178466796875,236.0110626220703,1.0,202.3766326904297,235.99159240722656,1.0,156.89610290527344,274.7895202636719,1.0,129.69639587402344,282.1483459472656,1.0,190.83851623535156,283.3144226074219,1.0
1710,163.5074462890625,220.33567810058594,1.0,158.54107666015625,249.5735626220703,1.0,139.2720489501953,234.82667541503906,1.0,125.27056884765625,233.32525634765625,1.0,187.70452880859375,236.04090881347656,1.0,202.4252471923828,236.04380798339844,1.0,157.40521240234375,274.9135437011719,1.0,130.29151916503906,282.1382751464844,1.0,191.38621520996094,283.4065856933594,1.0
1711,164.49716186523438,220.43910217285156,1.0,159.2635955810547,249.791259765625,1.0,139.57017517089844,234.58340454101562,1.0,126.83948516845703,233.7163543701172,1.0,188.41571044921875,236.19229125976562,1.0,203.19960021972656,236.03158569335938,1.0,158.0865020751953,274.9663391113281,1.0,131.0525665283203,281.9317321777344,1.0,191.55992126464844,283.7358093261719,1.0
1712,165.30609130859375,220.59161376953125,1.0,159.91070556640625,249.88668823242188,1.0,139.95875549316406,234.7206268310547,1.0,127.28838348388672,233.9168243408203,1.0,189.2610321044922,236.14862060546875,1.0,204.47288513183594,236.6679229736328,1.0,158.5783233642578,274.5865478515625,1.0,131.13375854492188,282.1437072753906,1.0,192.14273071289062,283.54693603515625,1.0
1713,165.158447265625,220.51222229003906,1.0,160.18601989746094,249.85377502441406,1.0,139.8718719482422,234.8181610107422,1.0,127.02426147460938,234.02279663085938,1.0,189.2538299560547,236.15618896484375,1.0,204.37106323242188,236.43670654296875,1.0,158.89187622070312,274.81011962890625,1.0,131.25314331054688,282.289306640625,1.0,192.107666015625,283.6473388671875,1.0
1714,165.3207550048828,220.47767639160156,1.0,160.54910278320312,249.83815002441406,1.0,139.93409729003906,234.71376037597656,1.0,127.00010681152344,233.88848876953125,1.0,189.3207550048828,236.12615966796875,1.0,204.353271484375,236.4073944091797,1.0,159.04164123535156,274.7509765625,1.0,131.4390106201172,282.34326171875,1.0,192.07810974121094,283.7548522949219,1.0
1715,165.59478759765625,220.2187042236328,1.0,160.90834045410156,249.81126403808594,1.0,139.94847106933594,234.6674346923828,1.0,127.13761138916016,234.01190185546875,1.0,189.35699462890625,236.06398010253906,1.0,204.43727111816406,236.47988891601562,1.0,159.2631378173828,274.7240295410156,1.0,131.34397888183594,282.3601379394531,1.0,192.24412536621094,283.5950622558594,1.0
1716,165.37030029296875,220.08462524414062,1.0,160.3986053466797,250.04087829589844,1.0,139.95191955566406,234.79403686523438,1.0,127.08906555175781,234.20408630371094,1.0,189.46240234375,236.0905303955078,1.0,204.13796997070312,236.60264587402344,1.0,159.34112548828125,274.7948303222656,1.0,131.73883056640625,282.88275146484375,1.0,192.29893493652344,283.5147705078125,1.0
1717,165.25010681152344,220.23013305664062,1.0,160.46002197265625,249.92306518554688,1.0,139.98175048828125,234.79168701171875,1.0,127.16492462158203,234.07664489746094,1.0,189.39308166503906,236.11412048339844,1.0,204.14169311523438,236.50926208496094,1.0,159.62142944335938,274.6954345703125,1.0,131.69847106933594,282.73284912109375,1.0,192.25967407226562,283.5667419433594,1.0
1718,165.4853057861328,220.74917602539062,1.0,160.6433868408203,249.96669006347656,1.0,140.0034942626953,234.8398895263672,1.0,126.93824768066406,233.8321990966797,1.0,189.81822204589844,236.0226593017578,1.0,204.2854461669922,236.60546875,1.0,159.49090576171875,274.79486083984375,1.0,131.55258178710938,282.5859069824219,1.0,192.23594665527344,283.66943359375,1.0
1719,171.01625061035156,221.25550842285156,1.0,168.3331298828125,249.52127075195312,1.0,145.8694305419922,234.98577880859375,1.0,131.64434814453125,232.6739044189453,1.0,195.075439453125,237.00408935546875,1.0,209.22650146484375,236.86199951171875,1.0,166.47586059570312,274.5008239746094,1.0,135.57675170898438,281.1694030761719,1.0,196.77081298828125,284.38323974609375,1.0
1720,176.45993041992188,221.23394775390625,1.0,174.7938690185547,249.4880828857422,1.0,149.8850555419922,234.7396240234375,1.0,134.884765625,233.264892578125,1.0,199.59738159179688,237.15086364746094,1.0,213.13787841796875,238.41004943847656,1.0,172.68807983398438,274.31048583984375,1.0,139.88780212402344,281.6860046386719,1.0,201.4210205078125,284.3162536621094,1.0
1721,180.57125854492188,221.91036987304688,1.0,179.5547332763672,249.42076110839844,1.0,152.23272705078125,234.0003662109375,1.0,136.8811798095703,232.6540069580078,1.0,201.94943237304688,236.9723663330078,1.0,215.416259765625,238.61288452148438,1.0,177.3701934814453,273.3841552734375,1.0,143.3157958984375,281.8306884765625,0.9999998807907104,204.66712951660156,284.84332275390625,1.0
1722,183.43142700195312,222.0013427734375,1.0,182.6913299560547,249.24331665039062,1.0,155.1250457763672,233.9207000732422,1.0,139.65614318847656,232.1732940673828,1.0,205.11245727539062,237.92874145507812,1.0,217.69068908691406,239.7759246826172,1.0,181.0169677734375,273.4752197265625,1.0,146.4110870361328,282.1470642089844,1.0,206.77081298828125,285.8945007324219,1.0
1723,186.2657470703125,222.50689697265625,1.0,186.22531127929688,250.74581909179688,1.0,157.5655975341797,233.83973693847656,1.0,142.5117950439453,231.92266845703125,1.0,206.84324645996094,238.02101135253906,1.0,220.16041564941406,240.4810028076172,1.0,183.9205322265625,274.49530029296875,1.0,148.4296875,282.42486572265625,1.0,209.52272033691406,285.9761657714844,1.0
1724,188.7017059326172,221.98709106445312,1.0,189.65435791015625,249.15647888183594,1.0,159.4017791748047,233.5626220703125,1.0,144.40965270996094,231.8113250732422,1.0,208.23695373535156,238.37496948242188,1.0,220.7500457763672,241.11302185058594,1.0,187.2963409423828,275.4521484375,1.0,150.84596252441406,282.0389099121094,1.0,212.61163330078125,285.3086242675781,1.0
1725,189.89645385742188,222.5895538330078,1.0,191.31497192382812,249.2445526123047,1.0,160.51661682128906,234.00872802734375,1.0,146.13504028320312,231.9051971435547,1.0,208.98861694335938,238.73008728027344,1.0,221.56045532226562,241.09361267089844,1.0,188.68951416015625,274.87884521484375,1.0,151.81454467773438,282.6328430175781,0.9999998807907104,213.74742126464844,285.4078063964844,1.0
1726,190.60140991210938,222.1531219482422,1.0,192.0439453125,249.5896759033203,1.0,160.5787353515625,233.9442138671875,1.0,146.1688232421875,232.0894317626953,1.0,209.49658203125,239.01719665527344,1.0,222.03903198242188,241.0603790283203,1.0,189.6424560546875,274.6093444824219,1.0,152.41651916503906,282.31060791015625,0.9999998807907104,214.44357299804688,285.47418212890625,1.0
1727,191.17196655273438,222.2278594970703,1.0,192.67137145996094,249.28074645996094,1.0,160.93490600585938,234.0155487060547,1.0,146.37448120117188,231.97801208496094,1.0,209.9622344970703,239.03457641601562,1.0,222.28977966308594,241.0799560546875,1.0,189.89132690429688,274.6265869140625,1.0,152.9519500732422,281.9868469238281,0.9999998807907104,214.92318725585938,285.3953552246094,1.0
1728,191.63865661621094,222.01559448242188,1.0,192.18429565429688,249.91371154785156,1.0,161.52560424804688,234.04641723632812,1.0,146.42604064941406,232.2364501953125,1.0,210.5247039794922,239.85552978515625,1.0,222.74855041503906,241.17823791503906,1.0,190.1767120361328,274.6855773925781,1.0,153.20553588867188,282.7640075683594,0.9999998807907104,215.25657653808594,285.45220947265625,1.0
1729,191.7141571044922,221.94622802734375,1.0,192.6802215576172,250.16412353515625,1.0,161.6240997314453,234.06954956054688,1.0,146.86248779296875,232.24050903320312,1.0,210.61953735351562,239.9610137939453,1.0,222.75485229492188,241.26853942871094,1.0,190.2814483642578,274.7225341796875,1.0,153.7308807373047,282.3763122558594,0.9999998807907104,215.28936767578125,285.2673645019531,1.0
1730,192.09080505371094,221.93663024902344,1.0,192.9981231689453,250.25877380371094,1.0,161.96139526367188,234.35580444335938,1.0,147.158447265625,232.3441162109375,1.0,211.13133239746094,240.18856811523438,1.0,223.15182495117188,241.19509887695312,1.0,190.53671264648438,274.9600524902344,1.0,153.7008056640625,283.0937194824219,0.9999998807907104,215.77806091308594,285.45147705078125,1.0
1731,192.13446044921875,222.23312377929688,1.0,193.6720733642578,250.43890380859375,1.0,162.12985229492188,234.59994506835938,1.0,147.46817016601562,232.3939208984375,1.0,211.4574432373047,240.40298461914062,1.0,223.2919921875,241.0314178466797,1.0,190.90695190429688,275.063720703125,1.0,153.9044647216797,283.11175537109375,0.9999998807907104,215.76504516601562,285.446533203125,1.0
1732,192.5171356201172,223.22166442871094,1.0,193.98011779785156,250.22618103027344,1.0,162.90289306640625,235.9377899169922,1.0,147.40121459960938,232.69822692871094,1.0,212.23072814941406,240.34033203125,1.0,223.51698303222656,241.12379455566406,1.0,191.4257049560547,275.2825927734375,1.0,153.89212036132812,283.38885498046875,0.9999998807907104,215.74273681640625,285.4395751953125,1.0
1733,192.88424682617188,226.023193359375,1.0,194.0410919189453,251.89195251464844,1.0,164.98687744140625,242.6636199951172,0.002970531117171049,148.79124450683594,235.8668670654297,1.0,211.05702209472656,245.9843292236328,0.9417084455490112,220.28390502929688,241.91893005371094,1.0,192.5724334716797,273.815185546875,1.0,153.50765991210938,283.93646240234375,0.9999998807907104,215.48731994628906,285.76800537109375,1.0
1734,192.2072296142578,227.26318359375,1.0,193.26345825195312,252.30642700195312,1.0,165.66249084472656,244.1558074951172,0.0007114645559340715,149.9427032470703,236.57882690429688,1.0,211.17086791992188,247.33152770996094,0.9380374550819397,220.30099487304688,242.87681579589844,1.0,192.63015747070312,273.7716369628906,1.0,153.8218536376953,284.1937255859375,0.9999998807907104,215.6203155517578,285.5965881347656,1.0
1735,192.73785400390625,226.36093139648438,1.0,193.92906188964844,251.91995239257812,1.0,164.7401885986328,241.93092346191406,0.9951240420341492,148.51756286621094,235.28221130371094,1.0,211.3535614013672,244.88401794433594,0.999854326248169,221.76312255859375,242.33937072753906,1.0,192.60696411132812,274.81005859375,1.0,153.9381866455078,284.22119140625,0.9999998807907104,215.50852966308594,285.65625,1.0
1736,192.422607421875,225.5782470703125,1.0,194.08534240722656,250.9141082763672,1.0,162.5409698486328,238.5692138671875,1.0,147.83819580078125,233.87669372558594,1.0,211.5019989013672,242.0243377685547,1.0,222.6637420654297,241.68252563476562,1.0,192.41656494140625,275.932373046875,1.0,154.6958770751953,284.2771911621094,0.9999998807907104,215.83966064453125,285.5806884765625,1.0
1737,192.152587890625,224.25509643554688,1.0,194.3071746826172,250.83372497558594,1.0,161.9699249267578,236.08187866210938,1.0,147.81724548339844,233.5339813232422,1.0,211.24696350097656,241.7376708984375,1.0,222.99208068847656,241.88705444335938,1.0,191.97271728515625,275.79339599609375,1.0,154.46707153320312,283.8414001464844,0.9999998807907104,216.25181579589844,285.478759765625,1.0
1738,191.68472290039062,223.77166748046875,1.0,194.12098693847656,251.11083984375,1.0,162.04139709472656,235.44024658203125,1.0,147.6624755859375,232.99224853515625,1.0,210.75682067871094,240.81529235839844,1.0,222.70481872558594,241.93740844726562,1.0,191.89695739746094,275.89935302734375,1.0,154.50433349609375,283.7793884277344,0.9999997615814209,216.35658264160156,285.4542541503906,1.0
1739,191.70469665527344,223.60516357421875,1.0,194.12908935546875,251.11669921875,1.0,161.86988830566406,235.6955108642578,1.0,147.6474151611328,233.22549438476562,1.0,210.84230041503906,240.50765991210938,1.0,222.7840576171875,241.88368225097656,1.0,191.97491455078125,276.088134765625,1.0,154.6297607421875,283.87506103515625,0.9999997615814209,216.5795440673828,285.380126953125,1.0
1740,191.71958923339844,223.80844116210938,1.0,194.0124969482422,251.14456176757812,1.0,161.7107391357422,235.58790588378906,1.0,147.42140197753906,233.0836639404297,1.0,210.844970703125,240.60093688964844,1.0,223.03897094726562,242.13949584960938,1.0,192.0662841796875,275.8192443847656,1.0,154.85426330566406,284.0165100097656,0.9999997615814209,216.84024047851562,285.3011169433594,1.0
1741,191.75030517578125,223.65220642089844,1.0,193.97119140625,251.33985900878906,1.0,161.5587615966797,235.63323974609375,1.0,147.30496215820312,233.2014923095703,1.0,210.87857055664062,240.7621307373047,1.0,223.01373291015625,242.11068725585938,1.0,192.0226593017578,275.8343811035156,1.0,154.9916534423828,284.11334228515625,0.9999997615814209,216.76661682128906,285.35675048828125,1.0
1742,191.79525756835938,223.5272979736328,1.0,194.0977020263672,251.1654052734375,1.0,161.58290100097656,235.68069458007812,1.0,147.05010986328125,233.32601928710938,1.0,210.87435913085938,240.78868103027344,1.0,223.0946807861328,242.08868408203125,1.0,192.05804443359375,275.8294677734375,1.0,155.00271606445312,284.1516418457031,0.9999997615814209,216.7741241455078,285.3236083984375,1.0
1743,191.9098663330078,223.70401000976562,1.0,194.2451934814453,251.1004638671875,1.0,161.75413513183594,235.67108154296875,1.0,147.26077270507812,233.41502380371094,1.0,211.15684509277344,240.93185424804688,1.0,223.2366943359375,242.2838592529297,1.0,192.02679443359375,275.7931823730469,1.0,155.1221160888672,284.0180358886719,0.9999998807907104,216.7023468017578,285.17730712890625,1.0
1744,191.94003295898438,223.70777893066406,1.0,194.174072265625,251.05941772460938,1.0,162.01358032226562,235.60275268554688,1.0,147.32347106933594,233.37875366210938,1.0,211.23573303222656,241.0277862548828,1.0,223.36737060546875,242.32443237304688,1.0,191.90997314453125,275.87060546875,1.0,155.1754608154297,284.0626525878906,0.9999997615814209,216.75399780273438,285.2502136230469,1.0
1745,192.0572967529297,223.7919158935547,1.0,194.8272705078125,251.44525146484375,1.0,162.0552978515625,235.6907501220703,1.0,147.40476989746094,233.35601806640625,1.0,211.2769775390625,240.9462127685547,1.0,223.5587921142578,242.39906311035156,1.0,191.9007110595703,275.98114013671875,1.0,155.14866638183594,284.091552734375,0.9999997615814209,216.73240661621094,285.23822021484375,1.0
1746,192.23904418945312,223.94525146484375,1.0,194.8985595703125,251.38812255859375,1.0,162.15652465820312,235.7747039794922,1.0,147.52796936035156,233.3640899658203,1.0,211.34121704101562,241.03097534179688,1.0,223.606689453125,242.51712036132812,1.0,192.08848571777344,275.8262023925781,1.0,155.2041473388672,284.1804504394531,0.9999997615814209,216.81715393066406,285.281005859375,1.0
1747,192.40333557128906,223.8216552734375,1.0,194.9897003173828,251.46217346191406,1.0,162.30319213867188,235.86590576171875,1.0,147.6523895263672,233.4296112060547,1.0,211.4494171142578,240.9849090576172,1.0,223.48550415039062,242.5076904296875,1.0,192.1858367919922,275.7992248535156,1.0,155.3577117919922,284.1689453125,0.9999996423721313,216.94198608398438,285.213134765625,1.0
1748,192.35488891601562,223.8616943359375,1.0,195.2631378173828,251.38059997558594,1.0,162.1381378173828,236.00778198242188,1.0,147.7548065185547,233.54750061035156,1.0,211.57327270507812,241.01217651367188,1.0,223.6625213623047,242.57350158691406,1.0,192.46009826660156,275.6766662597656,1.0,155.43824768066406,284.3198547363281,0.9999996423721313,217.04583740234375,285.2070007324219,1.0
1749,192.61642456054688,223.7170867919922,1.0,195.5462188720703,251.6202850341797,1.0,162.10855102539062,236.04043579101562,1.0,147.60296630859375,233.6075897216797,1.0,211.609619140625,241.1168212890625,1.0,223.53965759277344,242.57455444335938,1.0,192.8878936767578,275.9090881347656,1.0,155.5603790283203,284.4476318359375,0.9999995231628418,217.34036254882812,285.2715148925781,1.0
1750,192.67559814453125,223.86898803710938,1.0,194.98536682128906,251.51324462890625,1.0,162.25938415527344,235.99635314941406,1.0,147.60850524902344,233.66961669921875,1.0,211.6914520263672,241.3282928466797,1.0,223.5810089111328,242.57318115234375,1.0,193.01455688476562,276.1429138183594,1.0,155.6441192626953,284.7499084472656,0.9999992847442627,217.46339416503906,285.672119140625,1.0
1751,192.97116088867188,224.0631866455078,1.0,194.99224853515625,251.4505615234375,1.0,162.54205322265625,236.0592041015625,1.0,147.6314239501953,233.60067749023438,1.0,211.83358764648438,241.32676696777344,1.0,223.68858337402344,242.51707458496094,1.0,193.14236450195312,276.2791748046875,1.0,155.598876953125,284.8114929199219,0.9999992847442627,217.89886474609375,285.52752685546875,1.0
1752,192.9940185546875,223.89422607421875,1.0,195.0075225830078,251.91387939453125,1.0,162.65945434570312,236.12051391601562,1.0,147.91822814941406,233.5527801513672,1.0,211.92027282714844,241.32958984375,1.0,223.64877319335938,242.43988037109375,1.0,193.51036071777344,276.4787292480469,1.0,155.73651123046875,284.8525085449219,0.9999990463256836,218.15065002441406,285.7135314941406,1.0
1753,193.18991088867188,224.21542358398438,1.0,195.1525421142578,251.94100952148438,1.0,162.96707153320312,236.3221435546875,1.0,148.02304077148438,233.59925842285156,1.0,212.1728057861328,240.7600555419922,1.0,223.8201446533203,242.4080810546875,1.0,193.5452880859375,276.61810302734375,1.0,155.74815368652344,284.9743347167969,0.9999992847442627,217.9024658203125,285.6441345214844,1.0
1754,193.17803955078125,227.0916748046875,1.0,195.2313995361328,251.75704956054688,1.0,163.20358276367188,238.94956970214844,1.0,148.511962890625,234.92941284179688,1.0,213.0159454345703,242.21189880371094,1.0,224.00869750976562,241.98895263671875,1.0,193.7903289794922,276.6808776855469,1.0,155.37998962402344,285.3436279296875,0.9999996423721313,217.9648895263672,285.5061950683594,1.0
1755,193.47312927246094,227.027587890625,1.0,194.78756713867188,251.67445373535156,1.0,163.3258056640625,239.76858520507812,1.0,149.07275390625,235.22750854492188,1.0,212.05380249023438,243.5009765625,1.0,222.7682647705078,242.13771057128906,1.0,194.0836181640625,276.49749755859375,1.0,155.5106964111328,285.74139404296875,0.9999996423721313,217.59591674804688,285.6783447265625,1.0
1756,193.0841827392578,227.1645050048828,1.0,194.8077850341797,251.62237548828125,1.0,163.1743927001953,239.38624572753906,1.0,148.71630859375,235.18466186523438,1.0,212.06336975097656,242.65553283691406,1.0,223.07220458984375,242.13345336914062,1.0,193.88914489746094,276.2567138671875,1.0,155.32998657226562,285.512939453125,0.9999996423721313,217.79159545898438,285.51190185546875,1.0
1757,193.093994140625,226.81198120117188,1.0,195.48333740234375,251.77769470214844,1.0,162.59910583496094,238.6101531982422,1.0,148.47940063476562,235.17266845703125,1.0,212.39186096191406,241.74940490722656,1.0,223.5297393798828,242.15982055664062,1.0,193.93707275390625,276.15966796875,1.0,155.80043029785156,285.0873718261719,0.9999995231628418,217.87823486328125,285.4773864746094,1.0
1758,192.8837890625,226.34767150878906,1.0,195.75250244140625,251.9182891845703,1.0,162.52725219726562,237.61328125,1.0,147.78634643554688,234.49777221679688,1.0,212.0855255126953,241.41893005371094,1.0,223.34164428710938,242.2815399169922,1.0,193.8738250732422,276.470947265625,1.0,155.8558807373047,284.94537353515625,0.9999995231628418,218.0276641845703,285.44256591796875,1.0
1759,193.13446044921875,225.4530029296875,1.0,195.83692932128906,252.1040802001953,1.0,162.695556640625,237.4846954345703,1.0,147.87521362304688,234.48350524902344,1.0,211.79641723632812,241.3294219970703,1.0,223.50389099121094,242.57034301757812,1.0,193.93894958496094,276.437255859375,1.0,156.0782012939453,285.14837646484375,0.9999995231628418,218.17962646484375,285.5399475097656,1.0
1760,192.92015075683594,225.433837890625,1.0,195.24819946289062,252.00885009765625,1.0,162.61329650878906,237.50094604492188,1.0,147.9342498779297,234.56809997558594,1.0,211.7513427734375,241.29885864257812,1.0,223.5291290283203,242.57261657714844,1.0,193.94992065429688,276.5694580078125,1.0,156.06219482421875,285.18402099609375,0.9999995231628418,218.0592803955078,285.58416748046875,1.0
1761,192.6810302734375,225.32754516601562,1.0,195.25869750976562,252.02947998046875,1.0,162.5404510498047,237.4955291748047,1.0,147.6812286376953,234.51466369628906,1.0,211.68182373046875,241.31126403808594,1.0,223.49569702148438,242.63162231445312,1.0,193.99266052246094,276.4047546386719,1.0,156.04269409179688,285.0953063964844,0.9999995231628418,218.1196746826172,285.66748046875,1.0
1762,192.57339477539062,225.4038543701172,1.0,195.3540496826172,252.08848571777344,1.0,162.54759216308594,237.4493865966797,1.0,147.82827758789062,234.632080078125,1.0,211.62103271484375,241.23179626464844,1.0,223.449462890625,242.7532958984375,1.0,194.13272094726562,276.5636291503906,1.0,156.3582763671875,285.2174377441406,0.9999994039535522,218.23143005371094,285.7734069824219,1.0
1763,192.4611053466797,225.37782287597656,1.0,195.35037231445312,252.02232360839844,1.0,161.8760223388672,238.0050048828125,1.0,147.58999633789062,234.83775329589844,1.0,211.38720703125,241.2720184326172,1.0,223.44287109375,242.6796875,1.0,194.2078857421875,276.39453125,1.0,156.62400817871094,285.49505615234375,0.9999991655349731,218.26678466796875,285.7997131347656,1.0
1764,192.61680603027344,225.27566528320312,1.0,195.37252807617188,251.67010498046875,1.0,161.14816284179688,238.18698120117188,1.0,147.66920471191406,234.94180297851562,1.0,211.2635498046875,242.19171142578125,1.0,223.2311248779297,242.8825225830078,1.0,194.1170196533203,276.0888977050781,1.0,156.33837890625,285.26068115234375,0.9999991655349731,218.15928649902344,285.6076965332031,1.0
1765,192.48678588867188,225.4718475341797,1.0,195.2483673095703,251.93438720703125,1.0,161.06297302246094,238.39126586914062,1.0,147.41099548339844,235.31051635742188,1.0,211.27552795410156,242.3687744140625,1.0,223.229248046875,242.82962036132812,1.0,194.12933349609375,276.27923583984375,1.0,156.38385009765625,285.4535827636719,0.9999991655349731,218.1014404296875,285.63885498046875,1.0
1766,191.86965942382812,225.4729461669922,1.0,195.0920867919922,251.93055725097656,1.0,160.77825927734375,238.5204620361328,1.0,146.88075256347656,235.6942901611328,1.0,211.341796875,242.37078857421875,1.0,223.12860107421875,242.70773315429688,1.0,194.22216796875,276.5078125,1.0,156.70481872558594,285.6314697265625,0.9999988079071045,218.28904724121094,285.57391357421875,1.0
1767,191.46197509765625,225.36117553710938,1.0,195.0252227783203,252.0656280517578,1.0,160.72840881347656,238.53231811523438,1.0,146.76239013671875,235.77072143554688,1.0,211.16091918945312,242.44761657714844,1.0,222.9375762939453,242.60108947753906,1.0,194.20281982421875,276.1191101074219,1.0,156.1024932861328,285.8547668457031,0.9999979734420776,218.3977813720703,285.5853576660156,1.0
1768,190.90884399414062,225.22433471679688,1.0,194.83383178710938,252.0181121826172,1.0,160.22549438476562,238.68777465820312,1.0,146.3097686767578,235.9318084716797,1.0,210.6583709716797,242.3204803466797,1.0,222.6405029296875,242.39773559570312,1.0,194.10064697265625,276.2162780761719,1.0,156.08152770996094,286.04095458984375,0.9999972581863403,217.9701690673828,285.6897888183594,1.0
1769,190.36032104492188,225.41873168945312,1.0,194.5263214111328,252.06753540039062,1.0,159.59225463867188,238.78475952148438,1.0,145.55215454101562,236.35919189453125,1.0,209.94070434570312,241.84429931640625,1.0,222.01528930664062,241.6584014892578,1.0,194.0492706298828,276.2811279296875,1.0,156.28892517089844,286.1795349121094,0.9999945163726807,217.5647430419922,285.30145263671875,1.0
1770,189.56533813476562,225.3302459716797,1.0,193.734619140625,252.19998168945312,1.0,159.1153564453125,238.72911071777344,1.0,145.27354431152344,236.70849609375,1.0,209.56613159179688,241.5531768798828,1.0,221.9759521484375,241.67169189453125,1.0,193.62127685546875,276.3436584472656,1.0,156.21270751953125,286.1781005859375,0.999995231628418,217.30076599121094,285.4600830078125,1.0
1771,189.6763916015625,226.2372283935547,1.0,193.29806518554688,252.75303649902344,1.0,160.723876953125,240.45899963378906,1.0,145.3411407470703,237.21853637695312,1.0,210.3668670654297,242.82852172851562,1.0,221.9355010986328,241.30372619628906,1.0,193.753173828125,276.4592590332031,1.0,156.319580078125,286.1103820800781,0.9999918937683105,217.53887939453125,285.457763671875,0.9999998807907104
1772,189.99917602539062,226.5327606201172,1.0,193.1046600341797,252.7063446044922,1.0,161.67543029785156,240.9605255126953,1.0,145.62167358398438,237.17880249023438,1.0,210.54193115234375,243.41896057128906,1.0,221.8502655029297,241.6296844482422,1.0,193.58877563476562,276.56005859375,1.0,155.73672485351562,286.2421875,0.9999960660934448,217.35406494140625,285.4561462402344,0.9999998807907104
1773,190.0933837890625,226.65245056152344,1.0,192.92300415039062,253.1463165283203,1.0,161.77459716796875,241.25808715820312,1.0,145.61004638671875,237.22781372070312,1.0,210.30526733398438,243.2220458984375,1.0,221.72286987304688,241.41444396972656,1.0,193.67213439941406,276.3529052734375,1.0,155.87074279785156,286.0785217285156,0.9999958276748657,217.5736083984375,285.4832458496094,0.9999998807907104
1774,190.14590454101562,227.32223510742188,1.0,193.01820373535156,253.48374938964844,1.0,161.3058319091797,241.5580291748047,1.0,146.0040740966797,237.5291748046875,1.0,209.88369750976562,242.48403930664062,1.0,221.57957458496094,241.4355010986328,1.0,193.79978942871094,276.24810791015625,1.0,155.9022979736328,286.09466552734375,0.9999934434890747,216.87684631347656,285.8625183105469,0.9999998807907104
1775,190.21290588378906,227.71627807617188,1.0,193.1853790283203,253.6915283203125,1.0,161.41653442382812,241.63894653320312,1.0,146.2290496826172,237.52696228027344,1.0,210.18214416503906,242.6913604736328,1.0,221.69757080078125,241.78469848632812,1.0,193.73092651367188,276.7344055175781,1.0,155.6997833251953,286.0600280761719,0.9999970197677612,216.83969116210938,285.93316650390625,0.9999998807907104
1776,190.6927947998047,227.65040588378906,1.0,193.40969848632812,253.8779296875,1.0,161.48361206054688,242.02603149414062,1.0,146.41827392578125,237.46591186523438,1.0,210.1125030517578,242.6596221923828,1.0,221.79324340820312,241.6593780517578,1.0,194.15902709960938,276.67913818359375,1.0,156.4453887939453,286.5502624511719,0.9999899864196777,217.26034545898438,286.2474670410156,0.9999998807907104
1777,190.77047729492188,227.9438018798828,1.0,193.5736083984375,253.91720581054688,1.0,161.5612335205078,242.007080078125,1.0,146.6477813720703,237.4376983642578,1.0,210.13223266601562,242.7231903076172,1.0,221.9225616455078,241.5944061279297,1.0,194.24981689453125,276.86932373046875,1.0,156.17547607421875,286.3032531738281,0.9999892711639404,217.3444366455078,286.2490539550781,0.9999998807907104
1778,191.88169860839844,228.08511352539062,1.0,194.1629180908203,253.865234375,1.0,162.97349548339844,241.62106323242188,1.0,147.1099090576172,237.1220245361328,1.0,211.24205017089844,242.67178344726562,1.0,222.5943145751953,241.5757598876953,1.0,194.3238983154297,277.44537353515625,1.0,155.9072723388672,286.3568420410156,0.9999915361404419,217.63124084472656,286.6618347167969,0.9999998807907104
1779,193.20799255371094,228.04226684570312,1.0,195.78184509277344,254.41770935058594,1.0,164.3961639404297,241.3437957763672,1.0,148.67735290527344,236.8443145751953,1.0,212.3959503173828,242.989501953125,1.0,224.59246826171875,242.52577209472656,1.0,194.9867401123047,277.42291259765625,1.0,156.68716430664062,285.9876403808594,0.9999940395355225,218.28550720214844,286.56298828125,0.9999992847442627
1780,194.19163513183594,227.94931030273438,1.0,197.245361328125,254.64170837402344,1.0,165.07052612304688,241.55072021484375,1.0,148.99072265625,236.50900268554688,1.0,214.2685089111328,243.05776977539062,1.0,225.49554443359375,242.98837280273438,1.0,196.39450073242188,278.66815185546875,1.0,157.89990234375,286.343505859375,0.999994158744812,219.22425842285156,286.67919921875,0.9999963045120239
1781,196.39727783203125,227.84593200683594,1.0,198.8065643310547,255.1950225830078,1.0,165.95516967773438,241.283935546875,1.0,149.90960693359375,236.43316650390625,1.0,215.00392150878906,243.08721923828125,1.0,225.86459350585938,243.44410705566406,1.0,197.87957763671875,279.2615051269531,1.0,159.7650909423828,286.3058166503906,0.9999959468841553,221.67813110351562,286.5093994140625,0.9999496936798096
1782,197.28004455566406,227.98617553710938,1.0,200.5215606689453,255.21994018554688,1.0,166.6596221923828,241.0655975341797,1.0,150.269287109375,236.3827667236328,1.0,215.60321044921875,242.984130859375,1.0,226.35958862304688,243.25489807128906,1.0,199.42506408691406,279.32855224609375,1.0,160.59117126464844,286.1846923828125,0.9999942779541016,222.82598876953125,286.57086181640625,0.9999163150787354
1783,197.62673950195312,228.44766235351562,1.0,202.0775909423828,255.20065307617188,1.0,166.6566619873047,241.4748077392578,1.0,150.8096923828125,236.46560668945312,1.0,215.84024047851562,243.15469360351562,1.0,226.37576293945312,242.93023681640625,1.0,200.884033203125,279.9122009277344,1.0,161.38072204589844,286.6466064453125,0.9999914169311523,223.59454345703125,286.9896545410156,0.9999574422836304
1784,197.68882751464844,228.49485778808594,1.0,202.1457977294922,256.02874755859375,1.0,166.7413330078125,241.94126892089844,1.0,151.1619110107422,236.62872314453125,1.0,215.82022094726562,243.36801147460938,1.0,226.42568969726562,242.5108184814453,1.0,201.05535888671875,279.9746398925781,1.0,161.93603515625,286.8221740722656,0.9999911785125732,223.56423950195312,286.75,0.9999284744262695
1785,197.6973114013672,228.75799560546875,1.0,202.4207305908203,256.7048034667969,1.0,166.7100067138672,242.02061462402344,1.0,151.11715698242188,236.60943603515625,1.0,215.72154235839844,243.32266235351562,1.0,226.63865661621094,242.4796600341797,1.0,201.18214416503906,279.9117431640625,1.0,161.87335205078125,286.40234375,0.9999955892562866,223.40875244140625,286.4529113769531,0.9998453855514526
1786,197.3652801513672,228.27146911621094,1.0,202.34170532226562,256.6435852050781,1.0,166.5362548828125,242.2763671875,1.0,150.76174926757812,236.47296142578125,1.0,215.7469940185547,243.37454223632812,1.0,226.74929809570312,241.8902130126953,1.0,201.3433380126953,280.0634460449219,1.0,162.0441131591797,286.9755554199219,0.9999911785125732,223.21658325195312,286.9692077636719,0.9999771118164062
1787,197.6590576171875,228.0159149169922,1.0,202.54759216308594,256.3168640136719,1.0,166.8615264892578,241.8579864501953,1.0,150.67063903808594,236.4109344482422,1.0,215.9738006591797,243.0159149169922,1.0,226.76295471191406,241.68324279785156,1.0,201.5928497314453,280.0074462890625,1.0,162.22560119628906,286.9123229980469,0.9999932050704956,223.51319885253906,287.06622314453125,0.9999862909317017
1788,198.58668518066406,227.1250762939453,1.0,202.37997436523438,256.0644836425781,1.0,167.3751220703125,240.44529724121094,1.0,151.14952087402344,235.99636840820312,1.0,216.6024169921875,242.42991638183594,1.0,226.98431396484375,241.35850524902344,1.0,201.9622802734375,279.9233703613281,1.0,162.5389404296875,286.77105712890625,0.9999880790710449,223.20040893554688,287.245849609375,0.9999951124191284
1789,198.63705444335938,226.5335693359375,1.0,202.60882568359375,255.7949676513672,1.0,168.20545959472656,239.49024963378906,1.0,151.86160278320312,235.82191467285156,1.0,216.6725616455078,242.29998779296875,1.0,227.1085968017578,241.49769592285156,1.0,202.1032257080078,279.7519836425781,1.0,162.8147735595703,286.346435546875,0.9999959468841553,223.1811981201172,287.3789978027344,0.9999972581863403
1790,198.62307739257812,226.5937957763672,1.0,202.96690368652344,255.87782287597656,1.0,168.4966583251953,239.628662109375,1.0,152.2554168701172,235.7403564453125,1.0,216.67662048339844,242.19293212890625,1.0,227.1510467529297,241.24658203125,1.0,202.46449279785156,279.4316711425781,1.0,163.62327575683594,286.2358703613281,0.9999964237213135,224.2794647216797,287.31951904296875,0.9999969005584717
1791,198.71278381347656,226.313720703125,1.0,202.85516357421875,255.15145874023438,1.0,168.68870544433594,239.58798217773438,1.0,152.77911376953125,235.59645080566406,1.0,216.99493408203125,241.99195861816406,1.0,227.2590789794922,241.13925170898438,1.0,202.8532257080078,279.6816711425781,1.0,164.50132751464844,286.3463134765625,0.9999960660934448,223.3826904296875,287.59393310546875,0.9999974966049194
1792,198.94097900390625,226.49212646484375,1.0,203.37289428710938,255.16708374023438,1.0,168.50929260253906,240.5477752685547,1.0,152.74510192871094,235.8284912109375,1.0,217.02557373046875,242.06187438964844,1.0,227.2306671142578,241.0277099609375,1.0,203.390625,279.7192687988281,1.0,164.6920928955078,286.2754821777344,0.9999959468841553,223.71559143066406,287.6515808105469,0.9999967813491821
1793,198.6783905029297,226.2783966064453,1.0,203.38868713378906,254.94338989257812,1.0,168.32078552246094,240.9396514892578,1.0,152.97735595703125,236.0369415283203,1.0,217.047119140625,242.06381225585938,1.0,227.2646484375,240.884033203125,1.0,203.47276306152344,279.6300964355469,1.0,164.5701141357422,286.554443359375,0.999997615814209,223.8499298095703,287.601318359375,0.9999980926513672
1794,198.8450927734375,225.85552978515625,1.0,203.49024963378906,254.78114318847656,1.0,168.63262939453125,240.88894653320312,1.0,153.19866943359375,235.9140167236328,1.0,217.060546875,242.0300750732422,1.0,227.31356811523438,240.83006286621094,1.0,203.57723999023438,279.66998291015625,1.0,164.67959594726562,286.6720275878906,0.9999971389770508,223.98574829101562,287.47967529296875,0.9999990463256836
1795,199.05970764160156,225.80545043945312,1.0,203.57810974121094,254.94830322265625,1.0,168.6878204345703,241.02073669433594,1.0,153.02174377441406,235.9499053955078,1.0,217.07481384277344,242.0829315185547,1.0,227.3209991455078,241.0132598876953,1.0,203.71990966796875,279.6343078613281,1.0,164.85244750976562,286.45855712890625,0.9999957084655762,223.96966552734375,287.6510925292969,0.9999990463256836
1796,199.6526641845703,225.1222381591797,1.0,203.931884765625,254.65501403808594,1.0,169.0841827392578,240.6731414794922,1.0,153.11863708496094,235.63186645507812,1.0,217.44725036621094,242.239501953125,1.0,227.4620361328125,241.04286193847656,1.0,203.83018493652344,279.8179626464844,1.0,164.62977600097656,286.2719421386719,0.9999966621398926,224.1190185546875,287.6370544433594,0.9999992847442627
1797,200.66488647460938,226.15447998046875,1.0,204.5678253173828,254.70587158203125,1.0,171.36956787109375,238.206787109375,1.0,155.15109252929688,235.0234832763672,1.0,218.0108184814453,241.60411071777344,1.0,228.30564880371094,240.01419067382812,1.0,204.40965270996094,279.2974548339844,1.0,164.8467254638672,285.8489685058594,0.9999991655349731,225.52194213867188,287.40972900390625,0.9999992847442627
1798,203.06304931640625,224.81121826171875,1.0,206.44485473632812,253.83834838867188,1.0,173.2787628173828,237.9693145751953,1.0,157.02772521972656,234.6634979248047,1.0,219.90219116210938,241.20703125,1.0,229.76461791992188,240.5171356201172,1.0,206.4186248779297,279.02801513671875,1.0,165.994384765625,286.0255126953125,0.9999995231628418,226.75640869140625,287.1834716796875,1.0
1799,204.9344940185547,224.04286193847656,1.0,209.84738159179688,252.60433959960938,1.0,174.16372680664062,237.97552490234375,1.0,158.2320556640625,234.27723693847656,1.0,220.88296508789062,240.65203857421875,1.0,230.38262939453125,240.31349182128906,1.0,209.3386993408203,278.5401916503906,1.0,167.56793212890625,285.9111022949219,0.999998927116394,228.1511688232422,286.7760925292969,1.0
1800,205.4744110107422,223.72837829589844,1.0,211.38389587402344,252.6404571533203,1.0,174.826171875,237.86293029785156,1.0,158.43064880371094,234.07969665527344,1.0,220.65274047851562,240.7432861328125,1.0,230.46372985839844,239.96524047851562,1.0,211.0804443359375,278.923828125,1.0,169.5738067626953,286.5080871582031,0.9999974966049194,229.5285186767578,286.37713623046875,1.0
1801,206.70896911621094,223.3984375,1.0,212.11666870117188,252.3834228515625,1.0,176.61151123046875,238.765380859375,1.0,159.73129272460938,234.60589599609375,1.0,221.12078857421875,240.84805297851562,1.0,230.79820251464844,239.94830322265625,1.0,212.409423828125,279.07415771484375,1.0,170.65109252929688,286.67425537109375,0.9999982118606567,230.49874877929688,286.45098876953125,0.9999998807907104
1802,207.7339630126953,224.22378540039062,1.0,213.33226013183594,252.91873168945312,1.0,177.4417724609375,238.65731811523438,1.0,161.229736328125,234.541259765625,1.0,221.9090576171875,241.2098388671875,1.0,231.6068115234375,240.25514221191406,1.0,213.8117218017578,279.38446044921875,1.0,171.571044921875,286.7120666503906,0.9999986886978149,231.91860961914062,286.6277160644531,0.9999994039535522
1803,208.27171325683594,224.0470428466797,1.0,214.06155395507812,253.1590576171875,1.0,178.0028533935547,238.91282653808594,1.0,161.82688903808594,234.88729858398438,1.0,222.19973754882812,241.119384765625,1.0,231.74835205078125,240.024169921875,1.0,214.92263793945312,279.08123779296875,1.0,172.36900329589844,286.6986389160156,0.9999979734420776,232.54302978515625,286.4558410644531,0.9999994039535522
1804,208.8541717529297,223.85003662109375,1.0,214.74020385742188,252.95291137695312,1.0,178.2025909423828,238.88583374023438,1.0,161.9471435546875,235.0143585205078,1.0,222.36715698242188,240.8787384033203,1.0,231.76646423339844,239.97344970703125,1.0,215.4615478515625,279.40509033203125,1.0,173.3570556640625,286.6942138671875,0.9999973773956299,232.3744659423828,286.5634460449219,0.9999996423721313
1805,209.04710388183594,223.84092712402344,1.0,215.28530883789062,253.0740966796875,1.0,178.35968017578125,239.08065795898438,1.0,161.98968505859375,235.03091430664062,1.0,222.7692108154297,240.88931274414062,1.0,231.85134887695312,240.1196746826172,1.0,216.11122131347656,279.56585693359375,1.0,173.4674835205078,287.07574462890625,0.9999958276748657,233.07969665527344,286.7709045410156,0.9999997615814209
1806,209.24330139160156,224.13941955566406,1.0,215.61793518066406,253.01998901367188,1.0,178.23106384277344,239.312744140625,1.0,162.2711944580078,235.23968505859375,1.0,222.90231323242188,240.88836669921875,1.0,231.88302612304688,240.16883850097656,1.0,216.43768310546875,279.5335388183594,1.0,173.54861450195312,286.98870849609375,0.9999951124191284,233.06829833984375,286.9063720703125,0.9999996423721313
1807,209.3185272216797,224.3312225341797,1.0,215.67083740234375,252.69883728027344,1.0,177.5975341796875,239.6933135986328,1.0,161.9373016357422,235.39434814453125,1.0,222.93638610839844,240.91049194335938,1.0,231.88623046875,240.03848266601562,1.0,216.50985717773438,279.5931091308594,1.0,173.6739501953125,287.1473083496094,0.9999969005584717,233.27395629882812,286.91607666015625,0.9999996423721313
1808,209.32261657714844,224.17140197753906,1.0,215.77374267578125,252.99618530273438,1.0,177.75555419921875,239.63047790527344,1.0,161.97286987304688,235.39810180664062,1.0,222.92080688476562,240.91384887695312,1.0,231.84027099609375,240.05361938476562,1.0,216.4986572265625,279.6044921875,1.0,173.5001678466797,287.16192626953125,0.9999955892562866,233.142333984375,287.0040283203125,0.9999996423721313
1809,209.36801147460938,224.42518615722656,1.0,215.78819274902344,253.26019287109375,1.0,177.6184844970703,239.7008514404297,1.0,161.8992919921875,235.38067626953125,1.0,222.8725128173828,241.07125854492188,1.0,231.80104064941406,240.1042938232422,1.0,216.61842346191406,279.7557067871094,1.0,173.73919677734375,286.9671325683594,0.9999964237213135,233.20407104492188,287.1671142578125,0.9999995231628418
1810,209.35923767089844,224.31272888183594,1.0,215.8218994140625,252.99935913085938,1.0,177.552978515625,239.58596801757812,1.0,161.91221618652344,235.4735107421875,1.0,222.86573791503906,240.98245239257812,1.0,231.80935668945312,239.93833923339844,1.0,216.5681610107422,279.79705810546875,1.0,174.07992553710938,287.297607421875,0.9999955892562866,233.33987426757812,287.27569580078125,0.9999995231628418
1811,209.27122497558594,224.5071563720703,1.0,215.7890167236328,253.11293029785156,1.0,176.96484375,239.24942016601562,1.0,161.94708251953125,235.43983459472656,1.0,222.8156280517578,241.06570434570312,1.0,231.7765350341797,239.9509735107422,1.0,216.50787353515625,279.7179870605469,1.0,174.02210998535156,287.3204345703125,0.9999947547912598,233.25863647460938,287.28143310546875,0.9999996423721313
1812,209.36166381835938,225.0740966796875,1.0,215.9438934326172,253.2598419189453,1.0,176.99322509765625,239.4195098876953,1.0,161.82872009277344,235.4872589111328,1.0,222.94577026367188,241.16253662109375,1.0,232.01121520996094,240.74188232421875,1.0,216.6656494140625,279.9320068359375,1.0,174.30075073242188,287.4033203125,0.9999935626983643,233.6903076171875,287.5482482910156,0.9999997615814209
1813,209.31094360351562,224.97779846191406,1.0,215.98536682128906,253.2828369140625,1.0,177.11968994140625,239.22854614257812,1.0,161.9454803466797,235.31271362304688,1.0,222.9921417236328,241.23910522460938,1.0,231.99169921875,240.85299682617188,1.0,216.6617431640625,279.9634094238281,1.0,173.9292755126953,287.3484802246094,0.9999923706054688,233.5501708984375,287.51824951171875,0.9999997615814209
1814,209.2407684326172,224.7945556640625,1.0,215.9261474609375,253.37521362304688,1.0,176.72276306152344,239.2055206298828,1.0,161.6407012939453,235.44366455078125,1.0,222.88961791992188,241.15736389160156,1.0,231.90060424804688,240.76609802246094,1.0,216.4892578125,280.1778259277344,1.0,173.68141174316406,287.2416076660156,0.9999915361404419,233.29298400878906,287.5345153808594,0.9999997615814209
1815,209.03990173339844,224.15293884277344,1.0,215.54852294921875,253.36862182617188,1.0,175.61337280273438,238.50048828125,1.0,161.1464385986328,235.0924072265625,1.0,222.57606506347656,240.55641174316406,1.0,231.82553100585938,241.17237854003906,1.0,216.2443389892578,279.9781188964844,1.0,173.6282196044922,287.15966796875,0.9999861717224121,233.15362548828125,287.3001403808594,0.9999997615814209
1816,209.14376831054688,224.09194946289062,1.0,215.69754028320312,253.2725067138672,1.0,175.52052307128906,238.22830200195312,1.0,160.8474578857422,234.93875122070312,1.0,222.51536560058594,240.23638916015625,1.0,231.88101196289062,241.03720092773438,1.0,216.23974609375,280.2196044921875,1.0,173.31228637695312,286.9013977050781,0.9999852180480957,233.42030334472656,287.03375244140625,0.9999998807907104
1817,208.5833740234375,224.10971069335938,1.0,215.25442504882812,253.19667053222656,1.0,175.70846557617188,238.21507263183594,1.0,160.6832275390625,234.93359375,1.0,222.325927734375,240.0184326171875,1.0,231.8795928955078,240.91757202148438,1.0,215.80528259277344,279.8873596191406,1.0,173.03761291503906,287.07354736328125,0.9999823570251465,232.92063903808594,287.158203125,0.9999997615814209
1818,208.49024963378906,224.13172912597656,1.0,215.27415466308594,253.351318359375,1.0,175.6072998046875,238.19418334960938,1.0,160.5185089111328,234.9005126953125,1.0,222.2625274658203,240.0394287109375,1.0,231.75167846679688,240.7603302001953,1.0,215.92222595214844,279.9947814941406,1.0,173.03878784179688,287.0355529785156,0.9999884366989136,233.1728057861328,287.2546081542969,0.9999997615814209
1819,208.34194946289062,223.8257598876953,1.0,214.892822265625,253.26531982421875,1.0,175.46144104003906,237.5552215576172,1.0,160.26470947265625,234.6451416015625,1.0,222.47509765625,239.76524353027344,1.0,232.136962890625,240.73548889160156,1.0,215.6355438232422,280.0428771972656,1.0,173.02003479003906,287.23858642578125,0.9999756813049316,233.10818481445312,286.9879455566406,0.9999998807907104
1820,208.55604553222656,223.6681365966797,1.0,214.8433380126953,252.92005920410156,1.0,175.9036407470703,236.51190185546875,1.0,160.6617889404297,234.04908752441406,1.0,222.5002899169922,239.55752563476562,1.0,232.29135131835938,240.5390167236328,1.0,215.63433837890625,279.8134460449219,1.0,172.86798095703125,287.1411437988281,0.9999799728393555,233.0206298828125,286.67608642578125,0.9999998807907104
1821,208.77207946777344,223.51101684570312,1.0,214.99215698242188,252.8437042236328,1.0,176.36648559570312,235.45187377929688,1.0,160.93067932128906,233.77891540527344,1.0,222.7758331298828,239.42483520507812,1.0,232.31915283203125,240.05764770507812,1.0,215.52491760253906,279.8070983886719,1.0,172.53834533691406,286.80633544921875,0.999990701675415,232.83648681640625,286.5356140136719,0.9999998807907104
1822,208.85130310058594,223.30213928222656,1.0,215.03598022460938,252.63107299804688,1.0,176.3614959716797,235.33065795898438,1.0,161.23226928710938,233.73570251464844,1.0,222.869873046875,239.2699737548828,1.0,232.483642578125,240.16726684570312,1.0,215.7171173095703,279.7334899902344,1.0,172.6876678466797,286.7584228515625,0.9999860525131226,233.0880889892578,286.6648254394531,0.9999998807907104
1823,209.08302307128906,223.3003387451172,1.0,214.9864044189453,252.861572265625,1.0,176.5950469970703,235.29092407226562,1.0,161.70257568359375,233.4664306640625,1.0,222.92005920410156,239.26536560058594,1.0,232.55984497070312,240.29095458984375,1.0,215.5669708251953,279.7025451660156,1.0,172.60922241210938,286.49884033203125,0.9999880790710449,233.0945587158203,286.668212890625,0.9999998807907104
1824,209.22860717773438,223.23524475097656,1.0,215.09059143066406,252.71922302246094,1.0,176.91748046875,235.57232666015625,1.0,161.918701171875,233.64988708496094,1.0,223.16282653808594,238.96731567382812,1.0,232.77845764160156,240.42489624023438,1.0,215.68988037109375,279.23321533203125,1.0,172.5321807861328,286.6267395019531,0.9999924898147583,233.32936096191406,286.37689208984375,0.9999998807907104
1825,209.08985900878906,223.39637756347656,1.0,214.99899291992188,252.750244140625,1.0,176.8163604736328,235.5908203125,1.0,161.9330291748047,233.7194366455078,1.0,223.15182495117188,239.03672790527344,1.0,232.77874755859375,240.24839782714844,1.0,215.54287719726562,279.20953369140625,1.0,172.46041870117188,286.5812683105469,0.9999936819076538,233.11180114746094,286.4205322265625,0.9999998807907104
1826,209.0618133544922,223.560546875,1.0,214.99014282226562,252.80662536621094,1.0,176.87188720703125,235.72201538085938,1.0,162.00775146484375,233.8237762451172,1.0,223.0905303955078,239.06935119628906,1.0,232.7985382080078,240.1834716796875,1.0,215.6588134765625,279.12554931640625,1.0,172.7515869140625,286.6318054199219,0.999992847442627,232.99331665039062,286.5234375,0.9999998807907104
1827,209.16282653808594,223.575927734375,1.0,215.1385498046875,252.6894073486328,1.0,176.91905212402344,235.6653289794922,1.0,162.10304260253906,233.78488159179688,1.0,223.16986083984375,238.89822387695312,1.0,232.94784545898438,240.16165161132812,1.0,215.73680114746094,279.2164306640625,1.0,172.80294799804688,286.6842346191406,0.9999920129776001,233.21932983398438,286.597412109375,0.9999998807907104
1828,209.20030212402344,223.6320037841797,1.0,215.23870849609375,252.8463134765625,1.0,177.33656311035156,236.11582946777344,1.0,162.293701171875,233.91586303710938,1.0,223.2364501953125,239.0338134765625,1.0,232.8919219970703,240.0518341064453,1.0,215.81800842285156,279.197998046875,1.0,172.900146484375,286.5170593261719,0.999993085861206,233.369384765625,286.63543701171875,0.9999998807907104
1829,209.26304626464844,223.50755310058594,1.0,215.28953552246094,252.87039184570312,1.0,177.47389221191406,235.97027587890625,1.0,162.2371063232422,233.91444396972656,1.0,223.3313446044922,239.02090454101562,1.0,232.9940948486328,240.107666015625,1.0,215.884765625,279.26922607421875,1.0,172.761962890625,286.596435546875,0.9999918937683105,233.453369140625,286.7572937011719,0.9999998807907104
1830,209.203125,222.73550415039062,1.0,215.43492126464844,252.2538299560547,1.0,176.09869384765625,234.0089111328125,1.0,161.25462341308594,233.2200927734375,1.0,223.1496124267578,238.36746215820312,1.0,232.99551391601562,240.4746551513672,1.0,215.67974853515625,279.0791931152344,1.0,172.6361541748047,286.0196533203125,0.9999810457229614,233.58189392089844,286.6109924316406,0.9999998807907104
1831,208.29718017578125,221.8516387939453,1.0,215.53529357910156,251.16143798828125,1.0,174.77613830566406,233.59698486328125,1.0,160.25962829589844,232.58267211914062,1.0,222.3012237548828,236.8411865234375,1.0,232.38250732421875,239.9558563232422,1.0,215.54917907714844,278.8504943847656,1.0,172.49896240234375,285.9079895019531,0.9999755620956421,233.59967041015625,286.3034973144531,0.9999998807907104
1832,207.8444366455078,221.73297119140625,1.0,215.4787139892578,251.30126953125,1.0,174.4906463623047,233.79263305664062,1.0,159.9097900390625,232.739990234375,1.0,221.90249633789062,236.930419921875,1.0,232.09556579589844,240.2825164794922,1.0,215.50086975097656,278.9836120605469,1.0,172.52081298828125,286.1052551269531,0.9999738931655884,233.28713989257812,286.3163146972656,0.9999998807907104
1833,207.48541259765625,221.64141845703125,1.0,215.08670043945312,251.247314453125,1.0,173.96051025390625,233.8951416015625,1.0,159.58140563964844,232.85885620117188,1.0,221.72787475585938,236.94801330566406,1.0,232.0520477294922,240.4170379638672,1.0,214.99130249023438,278.7883605957031,1.0,172.36898803710938,286.3612365722656,0.9999793767929077,232.73526000976562,286.4227600097656,0.9999998807907104
1834,206.9667205810547,221.72581481933594,1.0,214.6244354248047,251.14678955078125,1.0,173.68020629882812,234.02452087402344,1.0,159.21302795410156,232.9394989013672,1.0,221.36631774902344,237.13758850097656,1.0,231.9349365234375,240.63290405273438,1.0,214.53854370117188,278.69415283203125,1.0,171.88031005859375,286.31170654296875,0.9999862909317017,232.4370880126953,285.8735046386719,0.9999998807907104
