scorer,DLC_resnet50_facial_directionDec27shuffle1_500000,DLC_resnet50_facial_directionDec27shuffle1_500000,DLC_resnet50_facial_directionDec27shuffle1_500000,DLC_resnet50_facial_directionDec27shuffle1_500000,DLC_resnet50_facial_directionDec27shuffle1_500000,DLC_resnet50_facial_directionDec27shuffle1_500000,DLC_resnet50_facial_directionDec27shuffle1_500000,DLC_resnet50_facial_directionDec27shuffle1_500000,DLC_resnet50_facial_directionDec27shuffle1_500000,DLC_resnet50_facial_directionDec27shuffle1_500000,DLC_resnet50_facial_directionDec27shuffle1_500000,DLC_resnet50_facial_directionDec27shuffle1_500000,DLC_resnet50_facial_directionDec27shuffle1_500000,DLC_resnet50_facial_directionDec27shuffle1_500000,DLC_resnet50_facial_directionDec27shuffle1_500000,DLC_resnet50_facial_directionDec27shuffle1_500000,DLC_resnet50_facial_directionDec27shuffle1_500000,DLC_resnet50_facial_directionDec27shuffle1_500000,DLC_resnet50_facial_directionDec27shuffle1_500000,DLC_resnet50_facial_directionDec27shuffle1_500000,DLC_resnet50_facial_directionDec27shuffle1_500000,DLC_resnet50_facial_directionDec27shuffle1_500000,DLC_resnet50_facial_directionDec27shuffle1_500000,DLC_resnet50_facial_directionDec27shuffle1_500000,DLC_resnet50_facial_directionDec27shuffle1_500000,DLC_resnet50_facial_directionDec27shuffle1_500000,DLC_resnet50_facial_directionDec27shuffle1_500000
bodyparts,Amount,Amount,Amount,Nose,Nose,Nose,Right eye,Right eye,Right eye,Right corner of eye,Right corner of eye,Right corner of eye,Left eye,Left eye,Left eye,Left corner of eye,Left corner of eye,Left corner of eye,Mouth,Mouth,Mouth,Right corner of mouth,Right corner of mouth,Right corner of mouth,Left corner of mouth,Left corner of mouth,Left corner of mouth
coords,x,y,likelihood,x,y,likelihood,x,y,likelihood,x,y,likelihood,x,y,likelihood,x,y,likelihood,x,y,likelihood,x,y,likelihood,x,y,likelihood
0,189.86154174804688,203.30357360839844,1.0,186.40390014648438,223.9232177734375,1.0,158.71835327148438,217.9196319580078,1.0,144.57489013671875,218.1290283203125,1.0,210.90040588378906,229.19931030273438,1.0,224.0858612060547,235.6886749267578,1.0,182.8343963623047,241.7216339111328,1.0,145.3847198486328,257.280517578125,1.0,206.42674255371094,269.6233825683594,1.0
1,191.83837890625,203.78445434570312,1.0,189.24412536621094,224.01104736328125,1.0,160.0378875732422,217.95993041992188,1.0,145.1027374267578,217.50344848632812,1.0,212.7875213623047,229.69139099121094,1.0,224.92762756347656,236.04110717773438,1.0,184.9644012451172,241.635009765625,1.0,146.2913055419922,256.269287109375,1.0,208.72003173828125,269.59320068359375,1.0
2,192.94174194335938,203.9034881591797,1.0,190.10226440429688,224.1851806640625,1.0,161.2916717529297,218.1724395751953,1.0,146.54981994628906,217.55238342285156,1.0,213.1159210205078,229.6382293701172,1.0,226.18582153320312,236.05908203125,1.0,185.84197998046875,241.51455688476562,1.0,147.55259704589844,256.4410400390625,1.0,209.24005126953125,269.87469482421875,1.0
3,193.5278778076172,203.98904418945312,1.0,190.67855834960938,224.2106475830078,1.0,161.4673614501953,218.0271759033203,1.0,147.2095489501953,217.9191436767578,1.0,213.39462280273438,229.57498168945312,1.0,226.4639892578125,236.09805297851562,1.0,186.3965606689453,241.5436553955078,1.0,148.1958465576172,256.1007080078125,1.0,209.61135864257812,270.08251953125,1.0
4,193.63209533691406,204.0665740966797,1.0,190.77061462402344,224.17926025390625,1.0,161.48513793945312,218.0709991455078,1.0,147.34315490722656,217.84840393066406,1.0,213.44044494628906,229.54049682617188,1.0,226.48294067382812,235.7992401123047,1.0,186.60166931152344,241.44497680664062,1.0,148.53807067871094,256.302734375,1.0,209.86322021484375,270.1202392578125,1.0
5,194.12734985351562,204.09738159179688,1.0,191.00320434570312,224.41651916503906,1.0,161.7865447998047,217.921630859375,1.0,147.5419464111328,217.74105834960938,1.0,213.76568603515625,229.51666259765625,1.0,226.54153442382812,235.91285705566406,1.0,185.86329650878906,241.19419860839844,1.0,148.5668182373047,256.55072021484375,1.0,210.35667419433594,270.2658996582031,1.0
6,195.53114318847656,204.0977325439453,1.0,192.37013244628906,224.69638061523438,1.0,163.11204528808594,217.77432250976562,1.0,148.58309936523438,216.9805145263672,1.0,215.22100830078125,229.68222045898438,1.0,228.06094360351562,235.5641632080078,1.0,187.72398376464844,240.93772888183594,1.0,150.223876953125,256.3352355957031,1.0,212.12643432617188,269.52252197265625,1.0
7,196.05117797851562,203.7964324951172,1.0,193.3828582763672,224.1140899658203,1.0,164.2475128173828,217.54100036621094,1.0,148.86996459960938,216.63523864746094,1.0,216.38145446777344,230.11158752441406,1.0,228.8712615966797,235.81663513183594,1.0,189.42518615722656,240.51455688476562,1.0,150.4677276611328,256.1116638183594,1.0,212.50091552734375,269.69378662109375,1.0
8,196.50454711914062,204.0402069091797,1.0,193.494384765625,224.02517700195312,1.0,165.00613403320312,217.4366455078125,1.0,149.76583862304688,216.5153350830078,1.0,216.35122680664062,229.9587860107422,1.0,228.69749450683594,235.84127807617188,1.0,189.92601013183594,240.60598754882812,1.0,151.12493896484375,255.85716247558594,1.0,212.56649780273438,269.8082580566406,1.0
9,196.49371337890625,203.95489501953125,1.0,193.57473754882812,224.10801696777344,1.0,164.9411163330078,217.35340881347656,1.0,149.87725830078125,216.20469665527344,1.0,216.39794921875,229.95989990234375,1.0,228.772705078125,235.9683074951172,1.0,190.1398468017578,240.71002197265625,1.0,151.16139221191406,255.81747436523438,1.0,212.564453125,269.9436340332031,1.0
10,196.66819763183594,204.01922607421875,1.0,193.8935089111328,224.25112915039062,1.0,165.18507385253906,217.3655548095703,1.0,150.05844116210938,216.21153259277344,1.0,216.64390563964844,230.10751342773438,1.0,229.08364868164062,236.1389617919922,1.0,190.41485595703125,240.7487335205078,1.0,151.6738739013672,255.56509399414062,1.0,212.55905151367188,269.98944091796875,1.0
11,196.94436645507812,204.17562866210938,1.0,193.96734619140625,224.1739959716797,1.0,165.27545166015625,217.37461853027344,1.0,150.14381408691406,216.3009796142578,1.0,216.7205810546875,230.05856323242188,1.0,229.21568298339844,236.08253479003906,1.0,190.5069122314453,240.65338134765625,1.0,151.6401824951172,255.80113220214844,1.0,212.90724182128906,269.73779296875,1.0
12,196.6454620361328,204.0699005126953,1.0,194.37767028808594,224.3033447265625,1.0,164.4180145263672,217.60400390625,1.0,149.7797088623047,216.58303833007812,1.0,216.31582641601562,229.99456787109375,1.0,228.7998046875,235.70155334472656,1.0,190.66392517089844,240.5795440673828,1.0,151.14869689941406,255.71347045898438,1.0,212.82066345214844,269.6080322265625,1.0
13,197.05715942382812,204.20928955078125,1.0,194.5331573486328,224.09437561035156,1.0,164.21437072753906,217.6468505859375,1.0,149.8762664794922,216.37120056152344,1.0,216.28367614746094,230.85494995117188,1.0,228.5223388671875,235.87098693847656,1.0,190.84524536132812,239.92514038085938,1.0,151.22183227539062,255.495849609375,1.0,212.72860717773438,269.4996643066406,1.0
14,196.8685760498047,204.13043212890625,1.0,194.34181213378906,224.06414794921875,1.0,163.966796875,217.60977172851562,1.0,149.4407501220703,216.4417266845703,1.0,216.1876983642578,230.95999145507812,1.0,228.37693786621094,236.1709442138672,1.0,190.64984130859375,239.89727783203125,1.0,151.16761779785156,255.5348358154297,1.0,212.67576599121094,269.4353332519531,1.0
15,196.81329345703125,204.18783569335938,1.0,194.18702697753906,223.95542907714844,1.0,163.9915008544922,217.59384155273438,1.0,149.69985961914062,216.384521484375,1.0,216.0293426513672,231.18875122070312,1.0,228.33030700683594,236.28079223632812,1.0,190.5109405517578,239.7265167236328,1.0,151.12100219726562,255.57041931152344,1.0,212.6820068359375,269.5960693359375,1.0
16,196.66043090820312,204.32180786132812,1.0,193.97047424316406,224.4662322998047,1.0,164.11717224121094,217.76954650878906,1.0,149.65953063964844,216.36619567871094,1.0,215.9300994873047,231.19247436523438,1.0,228.1970977783203,236.37596130371094,1.0,190.04025268554688,239.97348022460938,1.0,150.71066284179688,255.61758422851562,1.0,212.55474853515625,269.5403137207031,1.0
17,196.78985595703125,204.36788940429688,1.0,193.906494140625,224.5465087890625,1.0,164.18190002441406,217.7703857421875,1.0,149.55682373046875,216.22015380859375,1.0,215.9595184326172,231.11572265625,1.0,228.43287658691406,236.32476806640625,1.0,189.8681640625,240.0653839111328,1.0,150.68112182617188,255.75807189941406,1.0,212.55523681640625,269.61761474609375,1.0
18,196.47442626953125,204.3881072998047,1.0,193.91461181640625,224.53457641601562,1.0,163.9607696533203,217.94174194335938,1.0,149.22109985351562,216.41993713378906,1.0,216.00582885742188,231.22084045410156,1.0,228.4834442138672,236.4017333984375,1.0,189.89581298828125,240.15908813476562,1.0,150.68292236328125,255.96092224121094,1.0,212.34066772460938,269.7452087402344,1.0
19,196.52967834472656,204.62722778320312,1.0,193.82330322265625,224.7401885986328,1.0,164.15103149414062,218.04800415039062,1.0,149.18141174316406,216.45973205566406,1.0,215.9204864501953,231.36453247070312,1.0,228.4918212890625,236.49041748046875,1.0,189.6972198486328,240.325439453125,1.0,150.40077209472656,256.15777587890625,1.0,212.43978881835938,269.78125,1.0
20,196.4412384033203,204.54994201660156,1.0,193.71632385253906,224.7427215576172,1.0,163.8909912109375,217.89515686035156,1.0,149.1493682861328,216.9238739013672,1.0,215.82366943359375,231.35972595214844,1.0,228.4697723388672,236.55685424804688,1.0,189.38690185546875,240.56719970703125,1.0,150.20372009277344,256.37579345703125,1.0,212.27210998535156,269.9801330566406,1.0
21,196.48165893554688,204.56021118164062,1.0,193.67398071289062,224.84231567382812,1.0,163.94371032714844,217.89761352539062,1.0,149.13986206054688,216.645751953125,1.0,215.68299865722656,231.4136505126953,1.0,228.35926818847656,236.51278686523438,1.0,189.35791015625,240.63922119140625,1.0,150.08934020996094,256.2873840332031,1.0,212.21604919433594,269.9652099609375,1.0
22,196.3950958251953,204.59576416015625,1.0,193.47128295898438,225.07443237304688,1.0,163.9754638671875,218.05250549316406,1.0,149.1866455078125,216.76657104492188,1.0,215.61712646484375,231.4116973876953,1.0,228.212646484375,236.5485076904297,1.0,189.04843139648438,240.6859130859375,1.0,150.1935577392578,256.27716064453125,1.0,212.09634399414062,270.0789794921875,1.0
23,196.47251892089844,204.636474609375,1.0,193.4980010986328,225.09376525878906,1.0,163.9741668701172,218.07846069335938,1.0,148.9862060546875,216.7751007080078,1.0,215.53065490722656,231.41909790039062,1.0,228.0809326171875,236.59451293945312,1.0,189.04905700683594,240.8176727294922,1.0,150.1195831298828,256.6280822753906,1.0,211.9341278076172,270.0829772949219,1.0
24,196.42323303222656,204.6961669921875,1.0,193.36610412597656,225.35472106933594,1.0,164.01687622070312,218.26385498046875,1.0,149.2664794921875,216.79449462890625,1.0,215.64540100097656,231.44264221191406,1.0,228.346435546875,236.6156768798828,1.0,188.90945434570312,241.2736358642578,1.0,150.08663940429688,256.54486083984375,1.0,211.72235107421875,270.165771484375,1.0
25,196.34266662597656,204.63331604003906,1.0,193.3394775390625,225.30032348632812,1.0,163.92982482910156,218.2345733642578,1.0,149.1104736328125,216.98370361328125,1.0,215.64877319335938,231.49359130859375,1.0,228.2886505126953,236.63235473632812,1.0,188.97146606445312,241.15052795410156,1.0,149.72743225097656,256.5066833496094,1.0,211.68922424316406,270.1441345214844,1.0
26,196.54791259765625,204.66061401367188,1.0,193.29278564453125,225.33734130859375,1.0,164.1531524658203,218.34719848632812,1.0,149.06536865234375,216.93495178222656,1.0,215.75071716308594,231.54026794433594,1.0,228.4837646484375,236.5712890625,1.0,189.09457397460938,241.17822265625,1.0,149.609375,256.89715576171875,1.0,211.72775268554688,270.1233825683594,1.0
27,196.51031494140625,204.719970703125,1.0,193.2307891845703,225.3089599609375,1.0,164.2300262451172,218.466796875,1.0,149.14889526367188,216.9844512939453,1.0,215.7366485595703,231.65811157226562,1.0,228.56231689453125,236.67987060546875,1.0,188.96287536621094,241.15670776367188,1.0,149.69044494628906,256.8657531738281,1.0,211.60491943359375,270.2750549316406,1.0
28,196.25927734375,204.80911254882812,1.0,193.25546264648438,225.51666259765625,1.0,164.2228546142578,218.5637664794922,1.0,149.1224365234375,216.9630889892578,1.0,215.48255920410156,231.6277313232422,1.0,228.43324279785156,236.60394287109375,1.0,188.96151733398438,241.17555236816406,1.0,149.49281311035156,256.88116455078125,1.0,211.6363525390625,270.2585144042969,1.0
29,196.1693878173828,204.79324340820312,1.0,193.19732666015625,225.46348571777344,1.0,163.81336975097656,218.56935119628906,1.0,148.84986877441406,217.38543701171875,1.0,215.3645782470703,231.56185913085938,1.0,228.39122009277344,236.58023071289062,1.0,188.89578247070312,241.229248046875,1.0,149.52096557617188,256.7959899902344,1.0,211.57664489746094,270.2529602050781,1.0
30,196.38479614257812,204.82469177246094,1.0,193.289306640625,225.48057556152344,1.0,164.0001983642578,218.56398010253906,1.0,148.8846893310547,217.16543579101562,1.0,215.51947021484375,231.69808959960938,1.0,228.55694580078125,236.7547607421875,1.0,188.83631896972656,241.28965759277344,1.0,149.4908905029297,256.9228515625,1.0,211.55050659179688,270.29156494140625,1.0
31,196.4502410888672,204.8680419921875,1.0,193.21495056152344,225.4420166015625,1.0,163.99932861328125,218.5487823486328,1.0,148.9423065185547,217.2953338623047,1.0,215.55812072753906,231.67575073242188,1.0,228.48582458496094,236.74365234375,1.0,188.83995056152344,241.32229614257812,1.0,149.3666229248047,257.0354309082031,1.0,211.42857360839844,270.27313232421875,1.0
32,196.2195587158203,204.84051513671875,1.0,193.17225646972656,225.69418334960938,1.0,164.06695556640625,218.53732299804688,1.0,149.00949096679688,217.0303497314453,1.0,215.45419311523438,231.6409912109375,1.0,228.37850952148438,236.89163208007812,1.0,188.7130889892578,241.54234313964844,1.0,149.240966796875,257.1561279296875,1.0,211.29129028320312,270.12542724609375,1.0
33,196.1988525390625,204.760986328125,1.0,193.0563507080078,225.55813598632812,1.0,163.87548828125,218.5611572265625,1.0,149.00875854492188,217.04713439941406,1.0,215.3267364501953,231.54612731933594,1.0,228.0819854736328,236.7158966064453,1.0,188.4457550048828,241.59585571289062,1.0,148.4774932861328,257.8083801269531,1.0,211.2475128173828,270.17840576171875,1.0
34,196.1549072265625,204.68714904785156,1.0,193.03521728515625,225.47743225097656,1.0,163.9140625,218.49960327148438,1.0,149.0086669921875,217.22251892089844,1.0,215.20693969726562,231.57369995117188,1.0,227.99911499023438,236.82859802246094,1.0,188.40420532226562,241.638671875,1.0,148.79721069335938,257.87945556640625,1.0,211.1802978515625,270.2109069824219,1.0
35,196.0266571044922,204.79664611816406,1.0,192.99571228027344,225.52593994140625,1.0,163.77395629882812,218.67901611328125,1.0,148.70068359375,217.3352813720703,1.0,215.15689086914062,231.69375610351562,1.0,228.0896759033203,236.7893524169922,1.0,188.4492645263672,241.61819458007812,1.0,148.91107177734375,257.9255676269531,1.0,211.15789794921875,270.1830139160156,1.0
36,195.52967834472656,204.92088317871094,1.0,192.85720825195312,225.5759735107422,1.0,163.2003631591797,218.98162841796875,1.0,148.01107788085938,217.9869384765625,1.0,215.09242248535156,231.6007537841797,1.0,228.03932189941406,237.09686279296875,1.0,188.39378356933594,241.5422821044922,1.0,149.86492919921875,257.1625061035156,1.0,211.38192749023438,270.24945068359375,1.0
37,195.57911682128906,204.82302856445312,1.0,192.92596435546875,225.7003936767578,1.0,163.27606201171875,218.9608612060547,1.0,148.17819213867188,218.01039123535156,1.0,215.0924835205078,231.7983856201172,1.0,227.9668731689453,237.3424530029297,1.0,188.41688537597656,241.60498046875,1.0,148.84786987304688,257.6108093261719,1.0,211.4330291748047,270.1860046386719,1.0
38,194.82838439941406,205.1640167236328,1.0,192.38038635253906,225.46865844726562,1.0,161.13282775878906,220.057373046875,1.0,147.45774841308594,217.8306427001953,1.0,214.1900634765625,232.33607482910156,1.0,225.3928680419922,236.30679321289062,1.0,187.6030731201172,241.05865478515625,1.0,148.58700561523438,257.3892822265625,1.0,210.86325073242188,270.3863220214844,1.0
39,194.70654296875,204.89544677734375,1.0,191.4451904296875,224.93576049804688,1.0,160.9986572265625,220.72430419921875,1.0,146.80686950683594,218.02267456054688,1.0,213.57083129882812,232.54856872558594,1.0,224.86849975585938,236.3402099609375,1.0,186.904541015625,240.6751708984375,1.0,147.23782348632812,258.9972229003906,1.0,209.97703552246094,270.315673828125,1.0
40,193.25108337402344,205.18370056152344,1.0,191.00253295898438,226.16636657714844,1.0,160.8796844482422,220.8925018310547,1.0,147.29129028320312,218.1182861328125,1.0,212.56187438964844,232.66522216796875,1.0,224.45875549316406,236.3289794921875,1.0,186.03257751464844,241.14088439941406,1.0,146.9912109375,258.9528503417969,1.0,209.31362915039062,270.4750671386719,1.0
41,192.50460815429688,204.9524383544922,1.0,190.61801147460938,226.33058166503906,1.0,160.82786560058594,220.78433227539062,1.0,147.5165252685547,218.1378936767578,1.0,212.11341857910156,232.52252197265625,1.0,224.56280517578125,236.3677215576172,1.0,185.5582275390625,241.7822265625,1.0,146.5918731689453,259.1549072265625,1.0,208.84471130371094,270.842041015625,1.0
42,192.20358276367188,205.01107788085938,1.0,190.3216094970703,226.45242309570312,1.0,160.43930053710938,220.64483642578125,1.0,147.30899047851562,218.08206176757812,1.0,212.10011291503906,232.62265014648438,1.0,224.76388549804688,236.9272918701172,1.0,185.13372802734375,242.22732543945312,1.0,146.29808044433594,259.08154296875,1.0,208.72109985351562,270.7090148925781,1.0
43,191.314208984375,205.01805114746094,1.0,189.24497985839844,226.22174072265625,1.0,159.50531005859375,220.64083862304688,1.0,146.24485778808594,218.7548065185547,1.0,211.6862335205078,232.5955047607422,1.0,224.38336181640625,237.05223083496094,1.0,184.8000946044922,243.03213500976562,1.0,144.48516845703125,260.0196838378906,1.0,208.04220581054688,270.8813781738281,1.0
44,189.09097290039062,205.10511779785156,1.0,186.49649047851562,226.27366638183594,1.0,158.31399536132812,220.9109649658203,1.0,144.6868438720703,219.56924438476562,1.0,211.2073516845703,232.39173889160156,1.0,223.7895050048828,236.91127014160156,1.0,183.03109741210938,243.70460510253906,1.0,143.6645965576172,260.9081726074219,1.0,206.60008239746094,271.1240234375,1.0
45,186.86770629882812,204.97476196289062,1.0,183.63504028320312,226.8791046142578,1.0,157.89259338378906,221.7861328125,1.0,143.4414520263672,219.45095825195312,1.0,209.670166015625,232.1747283935547,1.0,222.6484832763672,236.0832977294922,1.0,181.097900390625,244.20172119140625,1.0,142.99038696289062,261.1581115722656,1.0,206.14259338378906,271.5005798339844,1.0
46,186.01409912109375,204.9036865234375,1.0,182.39334106445312,227.0022430419922,1.0,157.19534301757812,222.4834747314453,1.0,142.68089294433594,219.70391845703125,1.0,208.47109985351562,232.04966735839844,1.0,222.4969482421875,235.7743377685547,1.0,180.1389923095703,244.37513732910156,1.0,141.84616088867188,261.44561767578125,1.0,205.68124389648438,271.51763916015625,1.0
47,185.42745971679688,204.9388885498047,1.0,181.23789978027344,227.21363830566406,1.0,156.80726623535156,222.2903594970703,1.0,142.45042419433594,219.0885467529297,1.0,207.83584594726562,231.68287658691406,1.0,222.37948608398438,235.66195678710938,1.0,179.18499755859375,245.71380615234375,1.0,141.00437927246094,261.357421875,1.0,204.72076416015625,271.5304260253906,1.0
48,184.77989196777344,205.17874145507812,1.0,180.5665740966797,227.62957763671875,1.0,155.7941436767578,222.4849395751953,1.0,141.54490661621094,219.36952209472656,1.0,207.05001831054688,231.542236328125,1.0,222.04725646972656,235.70504760742188,1.0,178.71983337402344,246.267578125,1.0,140.47833251953125,262.0540466308594,1.0,204.1573486328125,271.44610595703125,1.0
49,184.4722442626953,205.00819396972656,1.0,180.1455078125,227.431884765625,1.0,155.24061584472656,222.0350799560547,1.0,141.7019500732422,219.30238342285156,1.0,206.69308471679688,231.617431640625,1.0,221.75814819335938,235.51657104492188,1.0,178.3948974609375,246.47259521484375,1.0,140.1945343017578,261.9518127441406,1.0,203.85276794433594,271.6957702636719,1.0
50,184.07907104492188,204.8734893798828,1.0,179.66795349121094,227.50003051757812,1.0,154.9846649169922,222.23179626464844,1.0,141.162353515625,219.60687255859375,1.0,206.52783203125,231.5023956298828,1.0,221.13739013671875,235.2462615966797,1.0,178.02467346191406,246.71630859375,1.0,139.55288696289062,262.36309814453125,1.0,203.61534118652344,271.8294982910156,1.0
51,183.9537811279297,204.8826141357422,1.0,179.62429809570312,227.6302490234375,1.0,155.15676879882812,221.87435913085938,1.0,141.2581024169922,219.66665649414062,1.0,206.4476776123047,231.4234619140625,1.0,221.03211975097656,235.1568603515625,1.0,177.87522888183594,246.8565673828125,1.0,139.5644989013672,262.5519714355469,1.0,203.24143981933594,271.9902038574219,1.0
52,183.8389434814453,205.09423828125,1.0,179.57415771484375,227.90060424804688,1.0,155.04144287109375,221.9905242919922,1.0,141.24790954589844,219.6866455078125,1.0,206.0558319091797,231.45265197753906,1.0,220.8250274658203,234.99758911132812,1.0,177.52911376953125,246.9365234375,1.0,139.27638244628906,262.642822265625,1.0,203.2316436767578,272.0528564453125,1.0
53,183.7718505859375,205.07444763183594,1.0,179.38113403320312,227.90309143066406,1.0,155.0985565185547,221.84564208984375,1.0,141.210205078125,220.01614379882812,1.0,206.0942840576172,231.37863159179688,1.0,220.9148712158203,235.07772827148438,1.0,177.39007568359375,247.10372924804688,1.0,139.19091796875,262.88525390625,1.0,203.07403564453125,272.10772705078125,1.0
54,183.76675415039062,205.04425048828125,1.0,179.4066619873047,228.1097869873047,1.0,155.0272216796875,221.9532470703125,1.0,140.75228881835938,219.9798583984375,1.0,206.39047241210938,231.40765380859375,1.0,220.9210205078125,235.3080596923828,1.0,177.35903930664062,247.22900390625,1.0,139.3000030517578,262.7107238769531,1.0,203.00291442871094,272.18145751953125,1.0
55,183.4981231689453,204.99295043945312,1.0,178.8368682861328,228.00877380371094,1.0,154.77157592773438,221.9642333984375,1.0,140.54342651367188,219.97825622558594,1.0,205.8500213623047,231.37765502929688,1.0,220.1759033203125,235.26321411132812,1.0,176.76348876953125,247.64169311523438,1.0,138.7705535888672,262.9659729003906,1.0,202.53439331054688,272.2005920410156,1.0
56,178.94241333007812,204.92222595214844,1.0,174.48202514648438,228.61972045898438,1.0,151.49818420410156,222.97393798828125,1.0,137.99075317382812,220.3935546875,1.0,202.73666381835938,230.42987060546875,1.0,217.54481506347656,233.70460510253906,1.0,172.91064453125,247.30096435546875,1.0,135.2982177734375,264.7740478515625,1.0,200.0269317626953,271.7388916015625,1.0
57,175.38438415527344,204.6874237060547,1.0,170.14146423339844,229.43994140625,1.0,148.0096893310547,223.4752655029297,1.0,134.85174560546875,220.61756896972656,1.0,199.21827697753906,230.40200805664062,1.0,215.06668090820312,233.309326171875,1.0,167.80020141601562,247.40499877929688,1.0,132.20062255859375,265.6746520996094,1.0,197.331298828125,272.4225158691406,1.0
58,173.76589965820312,204.97486877441406,1.0,168.0029296875,229.13687133789062,1.0,145.73818969726562,223.8988494873047,1.0,133.73423767089844,221.36817932128906,1.0,198.0994415283203,229.99267578125,1.0,214.23281860351562,233.2489471435547,1.0,166.1053466796875,247.5346221923828,1.0,131.23794555664062,265.89239501953125,1.0,195.89796447753906,272.567626953125,1.0
59,172.50123596191406,205.12757873535156,1.0,166.05723571777344,229.2041778564453,1.0,144.7486572265625,224.4286346435547,1.0,132.32012939453125,222.12242126464844,1.0,197.00779724121094,229.73980712890625,1.0,213.2113800048828,233.00595092773438,1.0,164.50836181640625,247.85531616210938,1.0,129.3253173828125,265.8549499511719,1.0,194.40573120117188,272.03851318359375,1.0
60,168.73040771484375,205.58157348632812,1.0,161.1829833984375,230.1646728515625,1.0,143.23219299316406,224.3048858642578,1.0,130.73651123046875,222.43470764160156,1.0,194.74232482910156,229.4582061767578,1.0,210.20745849609375,232.4220428466797,1.0,160.1218719482422,250.412109375,1.0,126.65155029296875,266.5888671875,1.0,191.31044006347656,272.2742614746094,1.0
61,165.51576232910156,205.76089477539062,1.0,158.10690307617188,230.85337829589844,1.0,139.5186004638672,224.72271728515625,1.0,127.946044921875,222.94097900390625,1.0,192.33995056152344,228.1704559326172,1.0,208.35597229003906,231.87744140625,1.0,156.80332946777344,251.3293914794922,1.0,124.1684799194336,266.7557067871094,1.0,188.78012084960938,272.62432861328125,1.0
62,162.9261016845703,206.59011840820312,1.0,154.5720672607422,232.44482421875,1.0,138.49891662597656,224.94667053222656,1.0,125.9674072265625,222.7398681640625,1.0,190.46771240234375,228.21998596191406,1.0,207.1101837158203,231.78001403808594,1.0,152.4970703125,250.6837921142578,1.0,121.14614868164062,267.6502685546875,1.0,186.67811584472656,273.23822021484375,1.0
63,162.3021697998047,206.70974731445312,1.0,151.7379608154297,233.1493682861328,1.0,137.72659301757812,225.09783935546875,1.0,125.30148315429688,223.28282165527344,1.0,188.6920166015625,228.55047607421875,1.0,204.92251586914062,230.9172821044922,1.0,150.1247100830078,251.02828979492188,1.0,118.83760833740234,268.1247863769531,1.0,184.21337890625,273.2060241699219,1.0
64,160.16073608398438,206.8062286376953,1.0,149.1069793701172,233.7635498046875,1.0,136.20355224609375,225.09385681152344,1.0,123.4949951171875,224.03759765625,1.0,187.54808044433594,228.2799072265625,1.0,204.2139129638672,230.28768920898438,1.0,147.34288024902344,252.2557373046875,1.0,117.18301391601562,267.8690490722656,1.0,183.19281005859375,273.2680358886719,1.0
65,158.62583923339844,206.87513732910156,1.0,146.55194091796875,234.0574188232422,1.0,134.78848266601562,225.28004455566406,1.0,122.25688171386719,223.9908905029297,1.0,186.24539184570312,228.0861358642578,1.0,202.91622924804688,230.41488647460938,1.0,144.57943725585938,252.36654663085938,1.0,115.97762298583984,268.1629333496094,1.0,181.1090087890625,273.2894287109375,1.0
66,156.94044494628906,206.29725646972656,1.0,145.83038330078125,234.01211547851562,1.0,133.49075317382812,225.43084716796875,1.0,120.76317596435547,225.0768585205078,1.0,184.43212890625,228.02540588378906,1.0,201.70364379882812,229.92941284179688,1.0,143.937744140625,252.48095703125,1.0,115.0987548828125,268.7004699707031,1.0,179.76138305664062,273.41314697265625,1.0
67,155.73159790039062,206.37705993652344,1.0,144.86512756347656,233.87411499023438,1.0,131.63482666015625,225.48880004882812,1.0,118.92291259765625,225.2975616455078,1.0,183.29917907714844,227.6949462890625,1.0,200.52684020996094,229.24002075195312,1.0,143.55702209472656,252.58204650878906,1.0,114.55918884277344,268.62176513671875,1.0,179.21078491210938,273.33575439453125,1.0
68,155.41864013671875,205.97482299804688,1.0,144.3499298095703,233.4640350341797,1.0,131.22235107421875,224.78453063964844,1.0,118.75251007080078,224.57020568847656,1.0,182.6998748779297,227.64739990234375,1.0,200.06417846679688,228.8499298095703,1.0,143.12005615234375,252.76828002929688,1.0,113.79144287109375,268.74755859375,1.0,178.87710571289062,273.3912658691406,1.0
69,155.15896606445312,205.62420654296875,1.0,144.09568786621094,233.52511596679688,1.0,130.8632354736328,224.6039276123047,1.0,118.31214904785156,223.77296447753906,1.0,182.3933868408203,227.38629150390625,1.0,200.03726196289062,228.97244262695312,1.0,143.10464477539062,252.96563720703125,1.0,113.65836334228516,268.904296875,1.0,178.7272491455078,273.40496826171875,1.0
70,154.2184600830078,205.47999572753906,1.0,143.72438049316406,233.66156005859375,1.0,130.4379425048828,224.4263153076172,1.0,118.04241943359375,223.9493408203125,1.0,182.3406219482422,227.16552734375,1.0,199.85690307617188,228.62124633789062,1.0,142.91635131835938,253.17564392089844,1.0,113.34738159179688,269.1872253417969,1.0,178.63841247558594,273.6387939453125,1.0
71,153.73837280273438,205.44065856933594,1.0,143.07508850097656,233.8503875732422,1.0,130.23866271972656,224.35769653320312,1.0,117.97547149658203,223.9061737060547,1.0,181.56785583496094,227.01654052734375,1.0,199.04385375976562,228.2835235595703,1.0,142.34298706054688,253.7689666748047,1.0,112.55145263671875,269.6102294921875,1.0,178.1407928466797,273.4745788574219,1.0
72,152.77870178222656,205.49954223632812,1.0,141.17376708984375,234.79388427734375,1.0,129.80288696289062,224.5815887451172,1.0,117.85832977294922,223.9696044921875,1.0,179.38633728027344,226.37646484375,1.0,197.17677307128906,227.75747680664062,1.0,140.23135375976562,254.4038848876953,1.0,112.0511703491211,269.12298583984375,1.0,176.8170166015625,273.27020263671875,1.0
73,152.1143035888672,205.2171173095703,1.0,139.2583770751953,235.30723571777344,1.0,129.02162170410156,225.00518798828125,1.0,117.07420349121094,224.03341674804688,1.0,178.74237060546875,226.8373260498047,1.0,196.6414794921875,228.5237579345703,1.0,139.12176513671875,254.25123596191406,1.0,111.66342163085938,268.8975524902344,1.0,176.55474853515625,273.66168212890625,1.0
74,149.4593963623047,205.32615661621094,1.0,137.43434143066406,235.38389587402344,1.0,126.21437072753906,224.9092559814453,1.0,115.33364868164062,223.9097442626953,1.0,176.24807739257812,226.78419494628906,1.0,194.53994750976562,228.01119995117188,1.0,136.94911193847656,253.36668395996094,1.0,109.95082092285156,268.2912292480469,1.0,175.32095336914062,273.15545654296875,1.0
75,146.99978637695312,205.30316162109375,1.0,134.27870178222656,236.2598876953125,1.0,124.76182556152344,225.15354919433594,1.0,113.13529968261719,226.1164093017578,1.0,174.8646697998047,226.13914489746094,1.0,192.0222930908203,228.39498901367188,1.0,132.1409149169922,253.31787109375,1.0,107.459228515625,268.40325927734375,1.0,172.04238891601562,273.21832275390625,1.0
76,144.61334228515625,205.41436767578125,1.0,132.28640747070312,236.2646026611328,1.0,123.22103118896484,225.07142639160156,1.0,111.30675506591797,225.52728271484375,1.0,173.92288208007812,225.6550750732422,1.0,191.1741180419922,227.01014709472656,1.0,130.62612915039062,253.81700134277344,1.0,105.79401397705078,268.9475402832031,1.0,169.95498657226562,274.23187255859375,1.0
77,144.19882202148438,205.9001007080078,1.0,131.10147094726562,236.6298370361328,1.0,122.79012298583984,224.91473388671875,1.0,110.61853790283203,225.886962890625,1.0,173.67196655273438,225.7006072998047,1.0,190.66522216796875,226.7350616455078,1.0,129.76039123535156,253.89593505859375,1.0,104.64065551757812,268.99188232421875,1.0,169.41554260253906,274.10723876953125,1.0
78,143.9569091796875,205.97915649414062,1.0,130.87411499023438,236.36245727539062,1.0,122.78229522705078,224.73220825195312,1.0,110.73846435546875,225.81076049804688,1.0,173.3013458251953,225.7010498046875,1.0,190.78834533691406,226.91024780273438,1.0,129.56153869628906,253.64768981933594,1.0,104.45989227294922,268.93853759765625,1.0,168.99984741210938,273.83673095703125,1.0
79,143.31915283203125,206.0726318359375,1.0,130.2993621826172,236.24754333496094,1.0,122.33058166503906,225.02899169921875,1.0,110.12686157226562,225.982177734375,1.0,172.99603271484375,225.77340698242188,1.0,190.5098419189453,226.87879943847656,1.0,128.98733520507812,253.78761291503906,1.0,104.19829559326172,269.088623046875,1.0,168.44480895996094,273.4233093261719,1.0
80,142.99989318847656,206.11328125,1.0,129.93618774414062,236.59974670410156,1.0,122.31161499023438,225.06248474121094,1.0,110.21898651123047,226.25967407226562,1.0,172.91358947753906,225.80918884277344,1.0,190.4677276611328,227.03030395507812,1.0,128.8144073486328,254.17076110839844,1.0,103.68172454833984,268.97918701171875,1.0,168.284423828125,273.3544616699219,1.0
81,142.90203857421875,206.06275939941406,1.0,129.6187744140625,236.66818237304688,1.0,121.88128662109375,225.1072540283203,1.0,109.67925262451172,226.2464141845703,1.0,172.49240112304688,225.72024536132812,1.0,189.79782104492188,226.59608459472656,1.0,128.3282012939453,254.1478729248047,1.0,103.66178131103516,268.981689453125,1.0,168.26649475097656,273.3900451660156,1.0
82,139.10501098632812,206.30804443359375,1.0,127.12110900878906,235.88156127929688,1.0,119.64765167236328,225.77076721191406,1.0,108.42807006835938,226.9957733154297,1.0,169.156982421875,226.1149139404297,1.0,187.62826538085938,226.24925231933594,1.0,125.6640853881836,254.9578399658203,1.0,101.34017944335938,268.8683166503906,1.0,166.00035095214844,272.97625732421875,1.0
83,136.55384826660156,206.80987548828125,1.0,123.30712890625,236.02731323242188,1.0,117.55736541748047,225.7683563232422,1.0,106.86672973632812,227.6812744140625,1.0,166.06936645507812,225.39442443847656,1.0,185.23532104492188,225.04464721679688,1.0,121.26261138916016,254.0990447998047,1.0,99.244384765625,267.6676025390625,1.0,163.37408447265625,272.8116760253906,1.0
84,135.47406005859375,206.64654541015625,1.0,123.31768035888672,235.63429260253906,1.0,117.19220733642578,225.91439819335938,1.0,106.4918212890625,228.38160705566406,1.0,165.22174072265625,225.25222778320312,1.0,183.8153076171875,225.2015380859375,1.0,118.89653778076172,254.3642578125,1.0,98.79524230957031,268.61859130859375,1.0,161.5891571044922,273.1107177734375,1.0
85,134.8617706298828,207.3338623046875,1.0,122.34127807617188,236.30914306640625,1.0,116.75115203857422,226.6057891845703,1.0,106.18634796142578,228.87008666992188,1.0,164.53807067871094,225.97019958496094,1.0,183.4634552001953,225.11038208007812,1.0,117.97946166992188,254.62452697753906,1.0,98.2978286743164,269.30218505859375,1.0,161.64620971679688,273.1739501953125,1.0
86,133.8444061279297,207.44970703125,1.0,121.35570526123047,236.9691619873047,1.0,116.06332397460938,227.43313598632812,1.0,106.31055450439453,228.85928344726562,1.0,163.5021514892578,226.9319610595703,1.0,182.31024169921875,226.0375518798828,1.0,117.34844207763672,254.97987365722656,1.0,97.2933120727539,269.4344177246094,1.0,160.8247528076172,273.2362976074219,1.0
87,133.30722045898438,207.9676055908203,1.0,120.8136978149414,236.978271484375,1.0,115.7147445678711,227.52792358398438,1.0,106.53388214111328,229.1859588623047,1.0,162.9791259765625,227.29800415039062,1.0,181.74156188964844,226.45498657226562,1.0,116.77161407470703,255.0785675048828,1.0,96.95514678955078,269.6700744628906,1.0,160.29815673828125,273.6182556152344,1.0
88,132.6305389404297,208.6162567138672,1.0,120.17180633544922,237.5628662109375,1.0,115.10034942626953,227.7700653076172,1.0,106.06642150878906,229.37881469726562,1.0,162.92962646484375,227.28573608398438,1.0,181.73660278320312,226.35861206054688,1.0,116.15919494628906,255.40357971191406,1.0,96.51570129394531,269.42266845703125,1.0,159.88412475585938,274.4114685058594,1.0
89,132.7042236328125,208.61566162109375,1.0,119.78658294677734,237.6315460205078,1.0,114.88764190673828,227.67013549804688,1.0,105.84052276611328,229.20945739746094,1.0,162.7934112548828,227.50918579101562,1.0,181.45135498046875,226.42706298828125,1.0,115.67652893066406,255.62730407714844,1.0,95.72859954833984,269.4080505371094,1.0,159.88336181640625,273.5361022949219,1.0
90,132.6439971923828,208.48721313476562,1.0,119.45545959472656,237.98834228515625,1.0,114.64971923828125,227.89979553222656,1.0,105.76564025878906,229.32083129882812,1.0,162.71693420410156,227.66148376464844,1.0,181.09385681152344,226.5386505126953,1.0,115.62779235839844,255.74842834472656,1.0,95.94671630859375,269.62103271484375,1.0,159.87237548828125,273.3385009765625,1.0
91,132.45028686523438,208.5515594482422,1.0,119.24380493164062,238.39744567871094,1.0,114.44629669189453,228.14280700683594,1.0,105.54280090332031,229.80921936035156,1.0,162.55897521972656,227.70367431640625,1.0,181.17251586914062,226.5754852294922,1.0,115.46820068359375,256.0635986328125,1.0,95.87178039550781,269.8174743652344,1.0,159.79153442382812,273.36480712890625,1.0
92,132.52915954589844,208.43994140625,1.0,119.14263153076172,238.5535430908203,1.0,114.59159088134766,228.28172302246094,1.0,105.36949157714844,229.5728759765625,1.0,162.5266571044922,227.79534912109375,1.0,181.15423583984375,226.86378479003906,1.0,115.35101318359375,256.34149169921875,1.0,95.66325378417969,269.8004455566406,1.0,159.39517211914062,274.46661376953125,1.0
93,132.50189208984375,208.63133239746094,1.0,119.2374267578125,238.66058349609375,1.0,114.63092041015625,228.12974548339844,1.0,105.2832260131836,229.26063537597656,1.0,162.4237518310547,227.91403198242188,1.0,181.0239715576172,226.8300018310547,1.0,115.43933868408203,256.3603820800781,1.0,95.61116790771484,269.7386169433594,1.0,159.30352783203125,274.7297668457031,1.0
94,132.43719482421875,208.5788116455078,1.0,118.9406509399414,238.84869384765625,1.0,114.39603424072266,228.46124267578125,1.0,105.28509521484375,229.47393798828125,1.0,161.58551025390625,227.70484924316406,1.0,180.09378051757812,227.0172119140625,1.0,115.24461364746094,256.45086669921875,1.0,95.8092269897461,270.006591796875,1.0,158.92381286621094,274.6798400878906,1.0
95,132.09979248046875,208.69577026367188,1.0,118.70020294189453,239.07562255859375,1.0,114.23448944091797,228.72752380371094,1.0,105.29268646240234,229.2986602783203,1.0,161.3224639892578,228.0652618408203,1.0,179.81765747070312,227.2456512451172,1.0,115.6082763671875,256.4154052734375,1.0,95.70401763916016,269.8836669921875,1.0,158.1800537109375,274.71771240234375,1.0
96,131.90965270996094,208.8957061767578,1.0,118.24708557128906,239.18215942382812,1.0,113.58763122558594,228.427978515625,1.0,104.49143981933594,228.5731964111328,1.0,161.14089965820312,228.18597412109375,1.0,179.30044555664062,227.33358764648438,1.0,114.75484466552734,257.07025146484375,1.0,95.25782775878906,270.1327819824219,1.0,157.94105529785156,275.18475341796875,1.0
97,132.01290893554688,208.83438110351562,1.0,118.1456069946289,239.3446807861328,1.0,113.6689453125,228.62745666503906,1.0,104.60237121582031,228.88697814941406,1.0,161.05233764648438,228.2263641357422,1.0,179.28579711914062,227.279296875,1.0,114.6871109008789,257.1259765625,1.0,95.67774963378906,270.65740966796875,1.0,158.0482940673828,275.19366455078125,1.0
98,131.93328857421875,208.96478271484375,1.0,118.1393814086914,239.17945861816406,1.0,113.70518493652344,228.52703857421875,1.0,104.69766998291016,228.72412109375,1.0,160.92025756835938,228.24398803710938,1.0,179.25965881347656,227.47096252441406,1.0,114.54239654541016,257.1013488769531,1.0,95.40110778808594,270.4164123535156,1.0,157.93775939941406,275.3651123046875,1.0
99,131.84078979492188,209.05384826660156,1.0,117.98310089111328,239.34315490722656,1.0,113.73636627197266,228.61383056640625,1.0,104.66035461425781,228.76116943359375,1.0,160.91632080078125,228.1680908203125,1.0,179.25535583496094,227.25213623046875,1.0,114.504150390625,257.2633056640625,1.0,95.313232421875,270.3919677734375,1.0,157.71951293945312,275.45587158203125,1.0
100,131.68226623535156,209.10147094726562,1.0,117.48377227783203,239.5347900390625,1.0,113.49480438232422,228.75868225097656,1.0,104.65060424804688,229.0127716064453,1.0,160.79678344726562,228.28549194335938,1.0,179.22569274902344,227.38388061523438,1.0,114.12379455566406,257.46630859375,1.0,95.48951721191406,270.4544982910156,1.0,157.46986389160156,275.36907958984375,1.0
101,131.58352661132812,209.2281494140625,1.0,117.35660552978516,239.3970184326172,1.0,113.48925018310547,228.42848205566406,1.0,104.76670837402344,228.6027374267578,1.0,160.5406036376953,228.3037872314453,1.0,178.6497344970703,227.34173583984375,1.0,114.71913146972656,257.0092468261719,1.0,95.27610778808594,270.1855773925781,1.0,157.30126953125,275.4532165527344,1.0
102,131.3377685546875,209.0823974609375,1.0,117.59388732910156,239.2748565673828,1.0,113.77071380615234,227.11907958984375,1.0,104.77974700927734,228.77198791503906,1.0,161.155517578125,228.11390686035156,1.0,179.4254913330078,226.8683319091797,1.0,114.80654907226562,256.9720764160156,1.0,95.38422393798828,270.2813415527344,1.0,157.553466796875,275.345458984375,1.0
103,131.93153381347656,209.00665283203125,1.0,118.14293670654297,239.21665954589844,1.0,114.06878662109375,226.47061157226562,1.0,104.4734878540039,228.10614013671875,1.0,162.35409545898438,228.00157165527344,1.0,180.75433349609375,226.90589904785156,1.0,114.95441436767578,256.8243103027344,1.0,95.40913391113281,270.1993408203125,1.0,157.70657348632812,275.2452087402344,1.0
104,132.31297302246094,208.69876098632812,1.0,118.62171173095703,239.0630645751953,1.0,114.46924591064453,226.2728729248047,1.0,104.9197769165039,227.7611846923828,1.0,162.3328094482422,227.8424072265625,1.0,180.73440551757812,226.93692016601562,1.0,114.14546203613281,257.3337097167969,1.0,95.80231475830078,269.83856201171875,1.0,158.0836181640625,275.22235107421875,1.0
105,132.8656463623047,208.52548217773438,1.0,118.83961486816406,239.02154541015625,1.0,114.80400848388672,226.16432189941406,1.0,105.00028991699219,227.64161682128906,1.0,162.5742950439453,227.7512969970703,1.0,180.6855926513672,226.9319610595703,1.0,114.37094116210938,257.06005859375,1.0,95.9032974243164,269.684814453125,1.0,158.10877990722656,275.31988525390625,1.0
106,133.48214721679688,208.43539428710938,1.0,119.0277328491211,238.87889099121094,1.0,114.84535217285156,226.03858947753906,1.0,104.75003051757812,227.3688201904297,1.0,162.96583557128906,227.93218994140625,1.0,181.4965362548828,226.79986572265625,1.0,114.47518920898438,256.990966796875,1.0,95.92462921142578,269.6257019042969,1.0,158.2191162109375,275.3408508300781,1.0
107,133.9998321533203,208.42994689941406,1.0,119.51358032226562,238.77308654785156,1.0,115.37571716308594,226.1361846923828,1.0,104.92929077148438,227.16171264648438,1.0,163.7659912109375,227.939453125,1.0,181.8118133544922,226.6404266357422,1.0,114.89871978759766,256.9146423339844,1.0,96.17276763916016,269.7488098144531,1.0,158.33363342285156,275.60894775390625,1.0
108,137.06475830078125,207.86578369140625,1.0,122.85469055175781,238.21856689453125,1.0,117.33533477783203,225.3881378173828,1.0,105.86529541015625,226.20970153808594,1.0,166.81590270996094,227.75030517578125,1.0,184.28504943847656,226.9652862548828,1.0,118.96068572998047,257.1259460449219,1.0,97.61605834960938,269.50714111328125,1.0,161.2062225341797,276.1864318847656,1.0
109,138.96226501464844,207.66786193847656,1.0,124.65050506591797,237.7075653076172,1.0,119.45269775390625,224.80389404296875,1.0,107.64337921142578,226.04800415039062,1.0,169.1462860107422,227.87884521484375,1.0,185.88246154785156,227.97669982910156,1.0,121.90141296386719,256.5404357910156,1.0,98.72411346435547,268.928955078125,1.0,162.0805206298828,276.27667236328125,1.0
110,139.7637939453125,207.31756591796875,1.0,125.93274688720703,237.98489379882812,1.0,120.45797729492188,224.72650146484375,1.0,108.44343566894531,225.30563354492188,1.0,169.85671997070312,227.9576873779297,1.0,187.0260467529297,227.8463897705078,1.0,122.92630004882812,256.76806640625,1.0,99.44792175292969,268.5919494628906,1.0,163.88766479492188,275.57354736328125,1.0
111,140.3180389404297,207.10784912109375,1.0,126.41033172607422,237.98805236816406,1.0,120.82862854003906,224.71290588378906,1.0,108.83336639404297,225.21295166015625,1.0,170.4062042236328,227.7356414794922,1.0,187.75062561035156,227.6786651611328,1.0,123.32076263427734,257.1019287109375,1.0,99.9122543334961,268.51568603515625,1.0,164.22166442871094,275.795654296875,1.0
112,140.88624572753906,206.9051971435547,1.0,127.0434341430664,237.838134765625,1.0,121.06779479980469,224.4532928466797,1.0,109.11731719970703,224.89407348632812,1.0,170.86422729492188,227.6483612060547,1.0,187.82769775390625,228.05551147460938,1.0,123.93787384033203,257.317626953125,1.0,100.11483764648438,268.6855163574219,1.0,163.7656707763672,275.2090148925781,1.0
113,141.92877197265625,207.37156677246094,1.0,128.11294555664062,237.80909729003906,1.0,121.54822540283203,224.31063842773438,1.0,109.23956298828125,225.1468963623047,1.0,171.55841064453125,227.64004516601562,1.0,188.34344482421875,227.54408264160156,1.0,125.08283996582031,257.2972106933594,1.0,100.8261489868164,268.9824523925781,1.0,164.34579467773438,275.1670227050781,1.0
114,142.84332275390625,207.2499542236328,1.0,129.10195922851562,237.17652893066406,1.0,122.01161193847656,224.05877685546875,1.0,109.3880615234375,224.76170349121094,1.0,172.43508911132812,227.94129943847656,1.0,189.99668884277344,227.6807098388672,1.0,126.40583038330078,256.4917297363281,1.0,101.5278091430664,269.16375732421875,1.0,166.08395385742188,275.6074523925781,1.0
115,143.8643035888672,206.484375,1.0,130.03900146484375,237.04055786132812,1.0,122.94652557373047,223.83921813964844,1.0,110.14338684082031,223.7357177734375,1.0,172.82936096191406,228.10824584960938,1.0,190.5740509033203,228.08871459960938,1.0,127.43071746826172,256.4275817871094,1.0,102.2375259399414,269.38726806640625,1.0,166.72108459472656,275.6153564453125,1.0
116,143.98947143554688,206.7201385498047,1.0,130.2788848876953,237.0679473876953,1.0,123.06403350830078,224.0474395751953,1.0,110.02760314941406,223.78797912597656,1.0,172.986083984375,228.27784729003906,1.0,190.59658813476562,228.1566162109375,1.0,127.80372619628906,256.4704895019531,1.0,102.1751708984375,269.6607666015625,1.0,166.7971954345703,275.84234619140625,1.0
117,143.7587890625,207.41856384277344,1.0,130.15640258789062,237.3512420654297,1.0,122.87471008300781,225.1048583984375,1.0,110.07180786132812,223.31837463378906,1.0,173.0203094482422,228.72976684570312,1.0,190.2676544189453,228.20956420898438,1.0,127.71248626708984,256.4496765136719,1.0,102.202880859375,269.7994079589844,1.0,166.79360961914062,275.9119567871094,1.0
118,143.51394653320312,207.60841369628906,1.0,130.20362854003906,237.8190155029297,1.0,122.77932739257812,225.72080993652344,1.0,110.36852264404297,223.71258544921875,1.0,172.48390197753906,228.86581420898438,1.0,189.7434844970703,228.8014678955078,1.0,128.01878356933594,256.81219482421875,1.0,102.24038696289062,270.0853576660156,1.0,166.88758850097656,276.0974426269531,1.0
119,143.1898193359375,207.64578247070312,1.0,130.38687133789062,238.26316833496094,1.0,122.71285247802734,225.7046356201172,1.0,110.45111846923828,223.70460510253906,1.0,172.34666442871094,228.94012451171875,1.0,189.65582275390625,228.72776794433594,1.0,128.24134826660156,257.2296447753906,1.0,102.38053131103516,270.377685546875,1.0,167.03305053710938,276.3735656738281,1.0
120,142.8823699951172,207.96377563476562,1.0,130.1124725341797,238.73336791992188,1.0,122.55760192871094,225.97091674804688,1.0,110.36561584472656,224.0677032470703,1.0,172.52569580078125,229.141357421875,1.0,189.46957397460938,228.95565795898438,1.0,128.0030975341797,257.58880615234375,1.0,102.12899017333984,270.5462341308594,1.0,167.11785888671875,276.3897399902344,1.0
121,141.798583984375,208.6077117919922,1.0,129.51602172851562,239.46795654296875,1.0,121.99693298339844,226.664794921875,1.0,110.12947082519531,224.86737060546875,1.0,171.38832092285156,229.57699584960938,1.0,188.50880432128906,228.56900024414062,1.0,127.56486511230469,258.1572570800781,1.0,101.83912658691406,271.0854187011719,1.0,166.66046142578125,276.8205871582031,1.0
122,140.59397888183594,209.14772033691406,1.0,128.3740692138672,240.3794708251953,1.0,121.22654724121094,227.42401123046875,1.0,109.52467346191406,225.10902404785156,1.0,170.70770263671875,229.5281219482422,1.0,188.0712890625,228.55291748046875,1.0,126.74671936035156,259.001220703125,1.0,101.6922378540039,271.68585205078125,1.0,166.76361083984375,276.56683349609375,1.0
123,139.89462280273438,209.30673217773438,1.0,128.06399536132812,240.82273864746094,1.0,120.6221694946289,227.27537536621094,1.0,108.83179473876953,225.2583770751953,1.0,170.45703125,229.61602783203125,1.0,187.81370544433594,228.65802001953125,1.0,125.94062805175781,259.7847900390625,1.0,100.8917007446289,271.4846496582031,1.0,166.71533203125,276.95068359375,1.0
124,138.98919677734375,209.3328399658203,1.0,127.78694152832031,241.32652282714844,1.0,120.08859252929688,227.261474609375,1.0,107.55062103271484,225.26239013671875,1.0,169.91836547851562,229.7974395751953,1.0,187.37918090820312,228.43748474121094,1.0,125.61922454833984,260.3692321777344,1.0,100.72117614746094,271.863525390625,1.0,166.42210388183594,276.8789367675781,1.0
125,138.523193359375,209.50021362304688,1.0,127.25891876220703,241.98233032226562,1.0,119.7559814453125,227.32232666015625,1.0,107.3114013671875,224.09805297851562,1.0,169.41464233398438,229.8019256591797,1.0,186.7494354248047,227.9397430419922,1.0,125.52527618408203,260.5548400878906,1.0,100.55305480957031,272.1015319824219,1.0,166.0809326171875,276.5787658691406,1.0
126,137.74534606933594,209.67294311523438,1.0,126.43768310546875,242.2412567138672,1.0,118.67076873779297,227.70022583007812,1.0,104.99048614501953,225.0275115966797,1.0,168.28175354003906,229.80812072753906,1.0,185.6971893310547,228.03526306152344,1.0,125.183837890625,260.95880126953125,1.0,100.5416030883789,273.2255859375,1.0,165.51815795898438,277.0439758300781,1.0
127,137.0609588623047,209.3950958251953,1.0,125.6092300415039,242.949462890625,1.0,118.00778198242188,227.77389526367188,1.0,104.69659423828125,225.0299530029297,1.0,167.41586303710938,229.9940948486328,1.0,185.3327178955078,227.8386688232422,1.0,125.11894226074219,261.27587890625,1.0,100.20574951171875,273.3201599121094,1.0,165.2061004638672,276.9440002441406,1.0
128,135.34996032714844,209.22459411621094,1.0,124.62429809570312,243.36508178710938,1.0,116.93029022216797,228.62962341308594,1.0,103.87039947509766,225.0643310546875,1.0,166.8000946044922,229.7388916015625,1.0,185.0106201171875,227.3789520263672,1.0,123.8543701171875,262.0347595214844,1.0,99.67105102539062,274.00909423828125,1.0,165.0762481689453,276.76654052734375,1.0
129,133.99017333984375,209.12265014648438,1.0,123.37918090820312,243.9927978515625,1.0,115.66893768310547,228.6696014404297,1.0,102.76139068603516,224.89617919921875,1.0,165.07630920410156,228.7691650390625,1.0,184.0116729736328,226.7418212890625,1.0,122.81957244873047,263.62445068359375,1.0,99.35254669189453,274.7507629394531,1.0,164.3856964111328,276.70330810546875,1.0
130,133.04322814941406,209.4068603515625,1.0,122.78988647460938,243.7370147705078,1.0,114.75130462646484,228.72557067871094,1.0,101.16646575927734,224.3824005126953,1.0,164.00930786132812,228.78378295898438,1.0,182.8241729736328,226.55287170410156,1.0,121.50834655761719,263.9980773925781,1.0,97.8505859375,275.5143127441406,1.0,163.2397003173828,276.8902282714844,1.0
131,132.71795654296875,208.97109985351562,1.0,122.9864730834961,243.8257293701172,1.0,114.47821807861328,228.40345764160156,1.0,100.94453430175781,224.24729919433594,1.0,163.84336853027344,228.6653594970703,1.0,182.4177703857422,226.25418090820312,1.0,121.69550323486328,264.14166259765625,1.0,97.6355972290039,275.5510559082031,1.0,163.0621337890625,276.7662658691406,1.0
132,132.10543823242188,208.9869384765625,1.0,122.60401916503906,243.7091064453125,1.0,114.1784439086914,228.0935516357422,1.0,100.65923309326172,223.7075958251953,1.0,163.22169494628906,228.35537719726562,1.0,181.67628479003906,226.0165252685547,1.0,121.17688751220703,263.8014831542969,1.0,97.23393249511719,275.77490234375,1.0,163.01333618164062,276.6367492675781,1.0
133,131.78309631347656,209.15325927734375,1.0,122.503662109375,244.1088104248047,1.0,114.17063903808594,228.0155792236328,1.0,100.56346130371094,223.87826538085938,1.0,163.52430725097656,228.20057678222656,1.0,181.74008178710938,225.92413330078125,1.0,121.18438720703125,263.9956359863281,1.0,97.22982788085938,275.7535400390625,1.0,162.95314025878906,276.64581298828125,1.0
134,131.94859313964844,209.21820068359375,1.0,122.63435363769531,243.8224639892578,1.0,114.10945892333984,227.81053161621094,1.0,100.59449005126953,223.78797912597656,1.0,163.6886444091797,228.18963623046875,1.0,182.2656707763672,225.89881896972656,1.0,121.06729125976562,263.925048828125,1.0,97.14312744140625,275.8093566894531,1.0,162.9502716064453,276.73291015625,1.0
135,131.73675537109375,209.2649688720703,1.0,122.56803894042969,243.966552734375,1.0,114.39990997314453,227.88072204589844,1.0,100.62265014648438,224.08840942382812,1.0,163.7530059814453,228.19654846191406,1.0,182.35357666015625,226.1902618408203,1.0,121.07991790771484,264.1606750488281,1.0,97.23710632324219,275.9579772949219,1.0,162.85214233398438,276.7729797363281,1.0
136,131.89620971679688,209.2611846923828,1.0,122.67282104492188,243.84779357910156,1.0,114.39373016357422,227.77867126464844,1.0,100.39921569824219,224.3141632080078,1.0,164.184814453125,229.0025177001953,1.0,182.25418090820312,226.16937255859375,1.0,121.22565460205078,264.2432556152344,1.0,97.2887191772461,275.9642639160156,1.0,162.90060424804688,276.80242919921875,1.0
137,132.2086181640625,209.3053436279297,1.0,122.74510955810547,243.68734741210938,1.0,114.72624969482422,227.93580627441406,1.0,100.41966247558594,224.55796813964844,1.0,165.30221557617188,229.12648010253906,1.0,182.82611083984375,226.3361053466797,1.0,121.01795959472656,264.2969970703125,1.0,97.84040832519531,275.8841552734375,1.0,163.90199279785156,276.623779296875,1.0
138,133.5252227783203,209.48904418945312,1.0,124.19512939453125,244.0481719970703,1.0,115.68321228027344,228.04974365234375,1.0,100.62998962402344,224.17071533203125,1.0,167.09744262695312,229.52427673339844,1.0,184.18736267089844,226.7952423095703,1.0,122.24269104003906,264.2041015625,1.0,99.34912109375,274.927001953125,1.0,164.71066284179688,277.1991271972656,1.0
139,134.93968200683594,209.2770538330078,1.0,124.6910400390625,243.68417358398438,1.0,115.82525634765625,227.51429748535156,1.0,101.26348876953125,223.52418518066406,1.0,167.26890563964844,229.508544921875,1.0,184.40322875976562,226.426513671875,1.0,124.00730895996094,264.2198486328125,1.0,99.72660827636719,274.4883728027344,1.0,165.1904296875,277.0956726074219,1.0
140,135.05780029296875,209.44369506835938,1.0,125.16120147705078,243.63104248046875,1.0,116.34353637695312,227.7934112548828,1.0,101.27842712402344,223.83726501464844,1.0,167.32728576660156,229.65261840820312,1.0,184.59471130371094,226.5495147705078,1.0,124.51039123535156,264.74267578125,1.0,100.21580505371094,274.8330383300781,1.0,165.22805786132812,277.39801025390625,1.0
141,135.04830932617188,209.45504760742188,1.0,125.24211883544922,243.8470916748047,1.0,116.3910903930664,227.62484741210938,1.0,101.74099731445312,223.73353576660156,1.0,167.32568359375,229.5,1.0,184.72119140625,226.56271362304688,1.0,124.74173736572266,264.9322509765625,1.0,100.38081359863281,274.9099426269531,1.0,165.29457092285156,277.49267578125,1.0
142,135.44009399414062,209.19029235839844,1.0,125.55944061279297,243.65489196777344,1.0,116.62144470214844,227.32598876953125,1.0,102.03994750976562,223.356689453125,1.0,167.4842529296875,229.39244079589844,1.0,185.11268615722656,226.5244903564453,1.0,125.0788803100586,264.7970275878906,1.0,100.1761474609375,275.60028076171875,1.0,165.5010528564453,277.5186462402344,1.0
143,135.56748962402344,209.1860809326172,1.0,125.69131469726562,243.63291931152344,1.0,116.89690399169922,227.242431640625,1.0,102.31822967529297,223.4786834716797,1.0,167.71121215820312,229.44027709960938,1.0,185.08383178710938,226.43701171875,1.0,125.12042236328125,264.7021789550781,1.0,100.2393798828125,275.5809020996094,1.0,165.7689666748047,277.3526916503906,1.0
144,136.02072143554688,209.33851623535156,1.0,126.02191925048828,243.83432006835938,1.0,117.08928680419922,227.83290100097656,1.0,101.8996353149414,223.87393188476562,1.0,167.6687774658203,229.45309448242188,1.0,185.15065002441406,226.41152954101562,1.0,125.34519958496094,264.4737243652344,1.0,100.6439208984375,276.0736389160156,1.0,166.12954711914062,277.3873291015625,1.0
145,136.14559936523438,209.14015197753906,1.0,126.08143615722656,243.75604248046875,1.0,116.97479248046875,227.76016235351562,1.0,102.0101318359375,223.7761688232422,1.0,167.60504150390625,229.36570739746094,1.0,185.14077758789062,226.45803833007812,1.0,125.38507843017578,264.5309753417969,1.0,100.66365814208984,276.0627136230469,1.0,166.14015197753906,277.2581787109375,1.0
146,136.24661254882812,209.12315368652344,1.0,126.2083969116211,243.83726501464844,1.0,117.07890319824219,227.6898651123047,1.0,102.12106323242188,223.8237762451172,1.0,167.7142791748047,229.37799072265625,1.0,185.23159790039062,226.3388214111328,1.0,125.62946319580078,264.6379089355469,1.0,100.64425659179688,276.17987060546875,1.0,166.25999450683594,277.17083740234375,1.0
147,136.5415802001953,209.057373046875,1.0,126.55838012695312,243.29798889160156,1.0,117.12197875976562,227.0796661376953,1.0,102.30803680419922,223.4654998779297,1.0,168.07334899902344,229.06320190429688,1.0,185.63140869140625,226.36802673339844,1.0,125.84983825683594,264.6197814941406,1.0,100.55018615722656,276.0181884765625,1.0,167.15785217285156,277.0563049316406,1.0
148,137.76266479492188,208.39944458007812,1.0,128.20913696289062,242.46498107910156,1.0,117.33697509765625,225.70736694335938,1.0,102.448974609375,223.2497100830078,1.0,169.38377380371094,227.67117309570312,1.0,187.56634521484375,225.48995971679688,1.0,127.5056381225586,264.2176818847656,1.0,102.28350830078125,274.3623352050781,1.0,168.34544372558594,276.91253662109375,1.0
149,138.57676696777344,208.2467498779297,1.0,129.75210571289062,242.10940551757812,1.0,117.97283935546875,225.31689453125,1.0,103.06135559082031,223.1730499267578,1.0,170.30523681640625,227.36151123046875,1.0,188.4159698486328,225.0937957763672,1.0,128.9739990234375,263.9276123046875,1.0,103.2707290649414,275.4486389160156,1.0,169.5461883544922,276.6485900878906,1.0
150,138.63232421875,208.34375,1.0,130.25982666015625,242.08880615234375,1.0,118.47660064697266,225.44837951660156,1.0,103.27519226074219,223.07540893554688,1.0,170.6938018798828,227.38197326660156,1.0,188.54769897460938,225.03573608398438,1.0,129.5860595703125,264.21136474609375,1.0,103.88676452636719,275.55035400390625,1.0,169.80902099609375,276.6751403808594,1.0
151,139.10647583007812,208.2707977294922,1.0,130.60877990722656,241.85574340820312,1.0,118.89688873291016,225.47360229492188,1.0,103.69114685058594,223.04762268066406,1.0,170.97706604003906,227.668701171875,1.0,188.6477813720703,225.1212615966797,1.0,129.9964141845703,263.9872741699219,1.0,103.92508697509766,275.36627197265625,1.0,169.76441955566406,276.7248229980469,1.0
152,139.61314392089844,208.37484741210938,1.0,130.99761962890625,241.6210479736328,1.0,119.18869018554688,225.20462036132812,1.0,103.8384780883789,223.15696716308594,1.0,171.45220947265625,227.5486602783203,1.0,189.07510375976562,225.15377807617188,1.0,130.36013793945312,263.94219970703125,1.0,104.18771362304688,275.3007507324219,1.0,169.9674530029297,276.8427429199219,1.0
153,140.53221130371094,207.9738006591797,1.0,131.69097900390625,241.60433959960938,1.0,119.36107635498047,225.2997589111328,1.0,104.33031463623047,223.3270721435547,1.0,171.95794677734375,227.63331604003906,1.0,189.39605712890625,225.28472900390625,1.0,130.7874755859375,263.76226806640625,1.0,104.34601593017578,275.2142639160156,1.0,170.4852752685547,276.9156188964844,1.0
154,145.21636962890625,208.027099609375,1.0,137.71359252929688,242.4133758544922,1.0,122.58061981201172,225.50877380371094,1.0,109.01211547851562,221.84942626953125,1.0,175.640380859375,228.0057373046875,1.0,193.5992889404297,226.18312072753906,1.0,135.679443359375,262.53717041015625,1.0,106.6719741821289,274.103515625,1.0,173.95643615722656,276.3018493652344,1.0
155,148.89271545410156,207.6002960205078,1.0,142.08596801757812,241.65321350097656,1.0,125.93180084228516,224.1545867919922,1.0,111.63304138183594,221.4934539794922,1.0,179.22264099121094,228.1486358642578,1.0,196.49771118164062,226.6978302001953,1.0,140.24478149414062,262.3704528808594,1.0,110.26355743408203,273.3274230957031,1.0,177.11483764648438,277.0262756347656,1.0
156,150.95986938476562,207.6495361328125,1.0,143.8595428466797,241.29318237304688,1.0,127.2158432006836,224.07879638671875,1.0,112.28833770751953,221.3474884033203,1.0,180.17440795898438,228.07838439941406,1.0,198.35067749023438,226.71701049804688,1.0,142.10301208496094,260.875244140625,1.0,111.6541976928711,273.17022705078125,1.0,178.30540466308594,277.490966796875,1.0
157,151.69854736328125,207.49542236328125,1.0,144.6779022216797,241.01840209960938,1.0,127.88792419433594,224.2222442626953,1.0,112.88134765625,221.59616088867188,1.0,181.28416442871094,228.30438232421875,1.0,198.86732482910156,226.4541778564453,1.0,143.3478546142578,261.11767578125,1.0,112.58922576904297,273.3714294433594,1.0,179.91476440429688,276.87213134765625,1.0
158,152.40475463867188,207.53834533691406,1.0,145.46923828125,240.8491668701172,1.0,128.38294982910156,224.40151977539062,1.0,113.5326156616211,221.49327087402344,1.0,181.74191284179688,228.24891662597656,1.0,199.32098388671875,226.2882537841797,1.0,143.98837280273438,261.46868896484375,1.0,113.15230560302734,273.43646240234375,1.0,180.45989990234375,277.0242004394531,1.0
159,153.03265380859375,206.98251342773438,1.0,146.27821350097656,240.30551147460938,1.0,128.6766815185547,224.3595733642578,1.0,113.89230346679688,221.64630126953125,1.0,182.65701293945312,228.0927734375,1.0,199.5865020751953,226.30615234375,1.0,144.7056884765625,261.5874328613281,1.0,114.05423736572266,273.564453125,1.0,181.3084259033203,276.9605407714844,1.0
160,158.67880249023438,207.76324462890625,1.0,151.44944763183594,239.98507690429688,1.0,133.58023071289062,224.14332580566406,1.0,118.36151123046875,219.82810974121094,1.0,186.01239013671875,228.51687622070312,1.0,202.7760467529297,226.7555389404297,1.0,149.39834594726562,260.96258544921875,1.0,116.55189514160156,272.4347229003906,1.0,183.81021118164062,277.41064453125,1.0
161,166.865966796875,207.39532470703125,1.0,161.00140380859375,238.86715698242188,1.0,140.06448364257812,223.19065856933594,1.0,125.02106475830078,218.53082275390625,1.0,193.17591857910156,228.45504760742188,1.0,209.26095581054688,228.5408935546875,1.0,158.58819580078125,259.82281494140625,1.0,122.1636734008789,272.25946044921875,1.0,190.15765380859375,276.98455810546875,1.0
162,169.49526977539062,207.2429962158203,1.0,163.28175354003906,238.92776489257812,1.0,143.34898376464844,222.72584533691406,1.0,127.1834716796875,218.6374969482422,1.0,195.50611877441406,228.50794982910156,1.0,211.25416564941406,228.64613342285156,1.0,161.49461364746094,259.4588317871094,1.0,125.34263610839844,271.2937927246094,1.0,192.9384765625,277.4259948730469,1.0
163,170.1246337890625,206.83363342285156,1.0,164.4261016845703,237.55618286132812,1.0,143.5507049560547,222.41490173339844,1.0,127.81796264648438,218.77957153320312,1.0,195.90025329589844,228.87184143066406,1.0,212.06756591796875,228.67724609375,1.0,162.88221740722656,259.7095642089844,1.0,125.40253448486328,272.25701904296875,1.0,194.45924377441406,277.35955810546875,1.0
164,170.83380126953125,207.18556213378906,1.0,165.52413940429688,237.75311279296875,1.0,143.8235626220703,222.40708923339844,1.0,127.74260711669922,218.8151397705078,1.0,196.62615966796875,228.98361206054688,1.0,212.33921813964844,228.55447387695312,1.0,163.44503784179688,260.2633361816406,1.0,126.02925872802734,272.48236083984375,1.0,195.17245483398438,277.3403015136719,1.0
165,172.76585388183594,207.4273681640625,1.0,168.91360473632812,237.10301208496094,1.0,145.2124481201172,222.3816375732422,1.0,129.52606201171875,218.2203369140625,1.0,197.9689178466797,229.0130157470703,1.0,213.99807739257812,228.0814971923828,1.0,166.43191528320312,259.5974426269531,1.0,129.30323791503906,271.9581298828125,1.0,197.34010314941406,276.74969482421875,1.0
166,180.4467010498047,207.64781188964844,1.0,176.6513214111328,237.3175506591797,1.0,151.69259643554688,223.06878662109375,1.0,135.99720764160156,217.80160522460938,1.0,204.5522918701172,230.85678100585938,1.0,218.69935607910156,230.20973205566406,1.0,173.16001892089844,259.6794738769531,1.0,133.59539794921875,270.4571533203125,1.0,201.64649963378906,277.765625,1.0
167,184.19480895996094,208.60035705566406,1.0,180.43548583984375,237.23196411132812,1.0,154.74632263183594,222.9441375732422,1.0,139.19529724121094,218.4110107421875,1.0,207.90652465820312,231.07481384277344,1.0,221.6726531982422,230.8017578125,1.0,177.76881408691406,260.42974853515625,1.0,138.06423950195312,270.1890869140625,1.0,205.49627685546875,277.8623962402344,1.0
168,185.23394775390625,208.3389129638672,1.0,182.68096923828125,237.0441131591797,1.0,155.67050170898438,223.57310485839844,1.0,138.90538024902344,218.67950439453125,1.0,208.45677185058594,230.84922790527344,1.0,222.62173461914062,230.5895538330078,1.0,179.116943359375,260.5845642089844,1.0,139.61634826660156,271.2618103027344,0.9999998807907104,206.8278350830078,277.828857421875,1.0
169,185.25125122070312,208.27110290527344,1.0,183.4750213623047,236.75103759765625,1.0,155.74899291992188,223.57736206054688,1.0,139.01866149902344,218.5386505126953,1.0,208.6456298828125,230.69210815429688,1.0,222.44601440429688,230.28208923339844,1.0,179.5830841064453,260.51727294921875,1.0,140.070556640625,271.3854064941406,0.9999998807907104,207.05587768554688,278.1560363769531,1.0
170,185.3037872314453,208.62779235839844,1.0,183.61390686035156,237.15963745117188,1.0,156.03775024414062,223.53359985351562,1.0,139.3184814453125,218.970458984375,1.0,208.7998046875,230.80377197265625,1.0,222.3129425048828,230.11598205566406,1.0,179.6274871826172,260.8648681640625,1.0,140.20201110839844,271.37347412109375,0.9999998807907104,207.27285766601562,278.18890380859375,1.0
171,185.257568359375,208.67208862304688,1.0,183.28445434570312,237.3512420654297,1.0,156.126953125,223.87782287597656,1.0,138.99789428710938,219.15870666503906,1.0,208.7786102294922,231.11282348632812,1.0,222.47633361816406,230.08316040039062,1.0,179.6632080078125,260.7050476074219,1.0,139.515380859375,272.016845703125,1.0,207.269287109375,278.3898620605469,1.0
172,185.29592895507812,208.65341186523438,1.0,183.19166564941406,237.40940856933594,1.0,155.7737274169922,223.76385498046875,1.0,138.56417846679688,219.129150390625,1.0,208.70997619628906,231.04879760742188,1.0,222.38267517089844,230.16590881347656,1.0,179.47251892089844,260.7560119628906,1.0,139.290771484375,272.167236328125,1.0,207.3529510498047,278.3956298828125,1.0
173,185.12213134765625,208.73513793945312,1.0,183.0547332763672,237.8409881591797,1.0,155.81553649902344,223.86203002929688,1.0,138.5384521484375,219.2049102783203,1.0,208.45925903320312,231.05799865722656,1.0,222.14466857910156,229.9934539794922,1.0,179.3543701171875,260.8674011230469,1.0,139.30873107910156,272.2269287109375,1.0,207.35552978515625,278.533447265625,1.0
174,185.04812622070312,208.6365509033203,1.0,182.86302185058594,237.55470275878906,1.0,155.77713012695312,223.82115173339844,1.0,138.40565490722656,219.12387084960938,1.0,208.39161682128906,230.96144104003906,1.0,222.08489990234375,229.85765075683594,1.0,179.3029327392578,260.91668701171875,1.0,139.1855010986328,272.345703125,1.0,207.182373046875,278.6075134277344,1.0
175,185.00672912597656,208.4384002685547,1.0,182.75408935546875,237.225341796875,1.0,155.9259490966797,223.78675842285156,1.0,138.28306579589844,219.17417907714844,1.0,208.28587341308594,230.8931121826172,1.0,222.12608337402344,229.80950927734375,1.0,179.37741088867188,260.41253662109375,1.0,139.07296752929688,272.42205810546875,1.0,207.30520629882812,278.4865417480469,1.0
176,185.04232788085938,208.29649353027344,1.0,182.8308868408203,237.3910369873047,1.0,155.46900939941406,223.66488647460938,1.0,138.8153076171875,219.1554412841797,1.0,208.1910858154297,230.7250518798828,1.0,222.04742431640625,229.80503845214844,1.0,179.34518432617188,260.6112976074219,1.0,139.008544921875,272.556396484375,1.0,207.25047302246094,278.5185546875,1.0
177,184.9468994140625,208.094970703125,1.0,182.6138153076172,237.6025390625,1.0,155.34686279296875,224.00608825683594,1.0,138.46917724609375,219.10781860351562,1.0,207.90797424316406,230.4267120361328,1.0,221.9008331298828,229.75030517578125,1.0,179.24993896484375,260.90216064453125,1.0,138.78988647460938,272.6740417480469,1.0,207.1774139404297,278.5947570800781,1.0
178,185.0358123779297,208.07504272460938,1.0,182.5294647216797,237.84669494628906,1.0,155.3004608154297,223.70364379882812,1.0,138.73487854003906,219.08663940429688,1.0,208.3082733154297,230.6404571533203,1.0,222.02713012695312,229.80429077148438,1.0,179.1931915283203,260.9792175292969,1.0,138.7249755859375,272.53253173828125,1.0,207.06275939941406,278.55975341796875,1.0
179,190.02371215820312,207.49571228027344,1.0,188.35911560058594,237.46875,1.0,159.3059539794922,221.62298583984375,1.0,142.03492736816406,217.76377868652344,1.0,212.0734405517578,230.59249877929688,1.0,225.55618286132812,229.82568359375,1.0,183.88128662109375,261.5261535644531,1.0,140.96922302246094,271.81610107421875,0.9999998807907104,209.76316833496094,277.6619873046875,1.0
180,194.12933349609375,207.00843811035156,1.0,192.92596435546875,237.92849731445312,1.0,162.3795623779297,221.7213592529297,1.0,146.23764038085938,217.35040283203125,1.0,215.36746215820312,230.07044982910156,1.0,228.25938415527344,230.3272705078125,1.0,189.2798614501953,260.86273193359375,1.0,146.42874145507812,270.2514343261719,1.0,214.6643524169922,277.6012268066406,1.0
181,195.1223907470703,206.92970275878906,1.0,193.72308349609375,237.21133422851562,1.0,163.38638305664062,221.73915100097656,1.0,147.3140869140625,217.42149353027344,1.0,216.07559204101562,230.27688598632812,1.0,228.43528747558594,230.76507568359375,1.0,190.5395965576172,259.6856384277344,1.0,147.31190490722656,269.44140625,1.0,215.87539672851562,277.9456787109375,1.0
182,196.47811889648438,207.10055541992188,1.0,194.96136474609375,237.27870178222656,1.0,164.23281860351562,221.8682098388672,1.0,147.89112854003906,217.29721069335938,1.0,216.8221435546875,229.95339965820312,1.0,229.22906494140625,231.17417907714844,1.0,192.1981658935547,259.3475646972656,1.0,148.26702880859375,269.6948547363281,1.0,216.45880126953125,278.36248779296875,1.0
183,200.94000244140625,207.66082763671875,1.0,201.02244567871094,236.08592224121094,1.0,168.1739044189453,221.64901733398438,1.0,151.34779357910156,217.9735870361328,1.0,220.5915985107422,230.12518310546875,1.0,231.5579833984375,231.4696502685547,1.0,196.8948211669922,260.415771484375,1.0,151.8712158203125,270.0257873535156,0.9999998807907104,219.81881713867188,277.8187561035156,1.0
184,208.7473602294922,207.99557495117188,1.0,209.24681091308594,236.95751953125,1.0,175.13278198242188,220.51126098632812,1.0,158.89205932617188,216.55564880371094,1.0,227.138427734375,232.2688446044922,1.0,237.6277313232422,233.48146057128906,1.0,204.5850830078125,261.0884704589844,1.0,159.5247039794922,268.75823974609375,0.9999997615814209,225.73617553710938,277.90325927734375,1.0
185,212.6355743408203,207.81817626953125,1.0,214.44252014160156,237.30050659179688,1.0,179.11480712890625,221.18019104003906,1.0,162.52972412109375,216.45028686523438,1.0,230.80813598632812,232.03506469726562,1.0,241.27731323242188,234.26206970214844,1.0,210.52099609375,260.5831298828125,1.0,163.3634033203125,268.5797424316406,0.9999998807907104,230.96206665039062,278.87066650390625,1.0
186,215.41839599609375,208.08558654785156,1.0,218.19265747070312,237.1931610107422,1.0,182.18951416015625,220.96240234375,1.0,165.15670776367188,216.69532775878906,1.0,232.5254669189453,231.69068908691406,1.0,241.9912567138672,234.01023864746094,1.0,214.36917114257812,260.7591857910156,1.0,167.34178161621094,270.1135559082031,0.9999998807907104,233.52085876464844,278.91119384765625,1.0
187,217.67169189453125,208.1871337890625,1.0,221.45562744140625,237.2343292236328,1.0,183.8152313232422,221.08189392089844,1.0,166.72808837890625,217.37744140625,1.0,233.7604217529297,231.29214477539062,1.0,243.03773498535156,233.89794921875,1.0,217.302978515625,260.3839416503906,1.0,168.84689331054688,269.791748046875,0.9999998807907104,234.99581909179688,278.5343322753906,1.0
188,217.883544921875,208.544921875,1.0,222.6759033203125,237.23365783691406,1.0,184.1658172607422,221.39031982421875,1.0,166.95489501953125,217.6912078857422,1.0,234.27725219726562,231.23500061035156,1.0,243.47772216796875,233.626708984375,1.0,218.51773071289062,260.5739440917969,1.0,170.4669189453125,269.52435302734375,0.9999997615814209,236.5886688232422,278.19647216796875,1.0
189,218.3876190185547,208.74148559570312,1.0,223.4936065673828,237.37010192871094,1.0,184.44686889648438,221.9847869873047,1.0,167.22044372558594,218.3195037841797,1.0,234.8666534423828,231.43479919433594,1.0,244.15818786621094,233.8833465576172,1.0,219.7141571044922,260.4651794433594,1.0,171.1839141845703,269.86376953125,0.9999997615814209,237.41651916503906,278.6116027832031,1.0
190,218.81109619140625,208.96914672851562,1.0,224.00979614257812,238.17222595214844,1.0,185.35894775390625,222.97825622558594,1.0,168.6444549560547,218.80560302734375,1.0,235.20013427734375,231.64402770996094,1.0,244.4634246826172,234.1232147216797,1.0,220.2831268310547,261.43646240234375,1.0,171.60968017578125,270.50921630859375,0.9999997615814209,238.1973419189453,279.22027587890625,1.0
191,218.9574737548828,209.35301208496094,1.0,224.2252960205078,238.337158203125,1.0,185.758544921875,222.9452362060547,1.0,169.19216918945312,218.9823760986328,1.0,235.447509765625,231.80352783203125,1.0,244.7122344970703,234.08184814453125,1.0,220.44479370117188,261.8028259277344,1.0,171.46873474121094,270.9535827636719,0.9999997615814209,238.3508758544922,278.9753723144531,1.0
192,218.6698760986328,209.3907012939453,1.0,224.46365356445312,238.1224822998047,1.0,185.4471893310547,223.21043395996094,1.0,168.8147430419922,219.35040283203125,1.0,235.474365234375,232.07632446289062,1.0,245.04591369628906,234.2942657470703,1.0,220.6871337890625,261.7103576660156,1.0,170.53334045410156,271.1878356933594,0.9999997615814209,238.16912841796875,279.0517578125,1.0
193,218.42922973632812,209.40769958496094,1.0,224.42762756347656,238.20407104492188,1.0,185.03561401367188,223.19683837890625,1.0,168.4293212890625,219.3709716796875,1.0,235.36566162109375,231.9953155517578,1.0,244.9840545654297,234.09886169433594,1.0,220.61460876464844,261.9158630371094,1.0,169.6729736328125,272.5102844238281,0.9999997615814209,238.1678009033203,279.11920166015625,1.0
194,217.39340209960938,209.1990966796875,1.0,223.49755859375,238.24258422851562,1.0,184.27438354492188,223.43943786621094,1.0,167.9648895263672,219.4368438720703,1.0,235.1280517578125,231.96347045898438,1.0,244.6496124267578,233.8125457763672,1.0,220.14288330078125,261.63604736328125,1.0,169.17164611816406,272.85430908203125,0.9999998807907104,237.39566040039062,278.50665283203125,1.0
195,216.06520080566406,209.0259552001953,1.0,221.06527709960938,237.84971618652344,1.0,182.51144409179688,223.93582153320312,1.0,166.6866912841797,219.7117156982422,1.0,233.60623168945312,231.6686248779297,1.0,243.60885620117188,233.6623992919922,1.0,218.1125030517578,262.3385925292969,1.0,168.0955047607422,273.38446044921875,1.0,236.19041442871094,278.3644714355469,1.0
196,213.51425170898438,208.53404235839844,1.0,218.82838439941406,238.89559936523438,1.0,180.6068572998047,224.48971557617188,1.0,163.82273864746094,220.4635467529297,1.0,231.48202514648438,231.5020294189453,1.0,241.61700439453125,233.2472381591797,1.0,216.18966674804688,262.7178039550781,1.0,167.84889221191406,273.9607238769531,1.0,235.28204345703125,278.39434814453125,1.0
197,212.3590850830078,208.66937255859375,1.0,217.504638671875,238.96852111816406,1.0,179.62545776367188,224.65792846679688,1.0,162.39242553710938,220.25123596191406,1.0,230.6752471923828,231.0966033935547,1.0,240.56356811523438,232.4730224609375,1.0,214.8539581298828,263.23199462890625,1.0,166.93663024902344,273.9278259277344,1.0,234.43849182128906,278.7372741699219,1.0
198,211.98130798339844,208.57659912109375,1.0,216.9989471435547,239.02481079101562,1.0,179.19671630859375,224.5716094970703,1.0,162.00311279296875,220.33798217773438,1.0,230.40771484375,230.943603515625,1.0,240.37489318847656,232.5386962890625,1.0,214.36611938476562,263.2625732421875,1.0,166.40045166015625,273.7772521972656,1.0,233.50062561035156,279.0006408691406,1.0
199,211.563232421875,208.6387939453125,1.0,216.61410522460938,238.826904296875,1.0,178.756103515625,224.60903930664062,1.0,161.20462036132812,220.1759796142578,1.0,230.1855010986328,230.7322540283203,1.0,240.01864624023438,232.4412078857422,1.0,214.17481994628906,263.17755126953125,1.0,166.1255340576172,273.8940734863281,1.0,233.3933563232422,278.8896789550781,1.0
200,210.50057983398438,208.62451171875,1.0,215.65704345703125,238.79840087890625,1.0,176.79759216308594,224.49867248535156,1.0,159.3653564453125,220.10406494140625,1.0,229.59072875976562,230.4989776611328,1.0,239.92578125,232.4102783203125,1.0,213.01675415039062,263.1846008300781,1.0,165.6934814453125,273.793212890625,1.0,232.99481201171875,278.75506591796875,1.0
201,209.0911102294922,208.20703125,1.0,214.679931640625,238.8018798828125,1.0,175.08673095703125,224.4932098388672,1.0,158.258056640625,220.3103485107422,1.0,228.6455078125,229.87486267089844,1.0,239.051025390625,231.83914184570312,1.0,212.33934020996094,263.5058288574219,1.0,164.93394470214844,273.98553466796875,1.0,232.21798706054688,278.7986755371094,1.0
202,209.23947143554688,208.43714904785156,1.0,213.87205505371094,238.56080627441406,1.0,174.8287353515625,224.31185913085938,1.0,158.0532684326172,220.29400634765625,1.0,227.29989624023438,230.23651123046875,1.0,238.37802124023438,231.34127807617188,1.0,211.46371459960938,263.8912658691406,1.0,163.76406860351562,273.9928894042969,1.0,231.66146850585938,278.3289794921875,1.0
203,209.15640258789062,208.367919921875,1.0,213.68125915527344,238.71107482910156,1.0,174.78175354003906,224.14651489257812,1.0,157.9243927001953,220.1886749267578,1.0,227.04791259765625,230.35658264160156,1.0,238.24362182617188,231.318359375,1.0,211.06353759765625,263.7919006347656,1.0,163.36407470703125,274.0555419921875,1.0,231.54673767089844,278.2964782714844,1.0
204,208.41981506347656,208.20257568359375,1.0,213.34994506835938,238.6355438232422,1.0,174.58192443847656,224.37815856933594,1.0,157.88510131835938,220.3614044189453,1.0,226.85647583007812,230.01898193359375,1.0,238.0501708984375,230.79156494140625,1.0,210.82142639160156,263.495849609375,1.0,163.10931396484375,273.9849853515625,1.0,231.7322540283203,277.9200744628906,1.0
205,208.1732940673828,208.13369750976562,1.0,213.1506805419922,238.44650268554688,1.0,173.8304443359375,223.90370178222656,1.0,157.64096069335938,220.1986083984375,1.0,226.62205505371094,230.15396118164062,1.0,237.8341827392578,230.91937255859375,1.0,210.4191131591797,263.63958740234375,1.0,162.9370574951172,273.95880126953125,1.0,230.99551391601562,277.7890930175781,1.0
206,203.75526428222656,205.6956787109375,1.0,209.39024353027344,236.3077392578125,1.0,168.435302734375,222.61940002441406,1.0,152.01329040527344,219.82058715820312,1.0,222.901611328125,227.11056518554688,1.0,235.36395263671875,229.82850646972656,1.0,206.537109375,262.5476989746094,1.0,159.0423126220703,274.03729248046875,1.0,228.7137451171875,276.9895324707031,1.0
207,198.5089569091797,205.52606201171875,1.0,203.29931640625,236.76539611816406,1.0,163.6880340576172,222.57264709472656,1.0,147.9755859375,219.8668212890625,1.0,218.36312866210938,225.21755981445312,1.0,231.18081665039062,228.34014892578125,1.0,200.62478637695312,260.4158935546875,1.0,155.43548583984375,273.5906066894531,1.0,224.06520080566406,275.8056335449219,1.0
208,194.95167541503906,205.1260528564453,1.0,198.6368408203125,236.33111572265625,1.0,161.77012634277344,222.63568115234375,1.0,145.45709228515625,219.96444702148438,1.0,215.5113525390625,224.5651397705078,1.0,229.14637756347656,227.1020965576172,1.0,197.2154083251953,260.4479675292969,1.0,153.5109405517578,273.6871032714844,1.0,221.96072387695312,275.826904296875,1.0
209,193.9022979736328,205.21139526367188,1.0,196.6845703125,236.08897399902344,1.0,160.86370849609375,222.83648681640625,1.0,144.21771240234375,220.46322631835938,1.0,214.2254180908203,224.4838104248047,1.0,228.26112365722656,226.6724395751953,1.0,195.49363708496094,260.4432067871094,1.0,152.33741760253906,274.0356750488281,1.0,221.03892517089844,275.5748596191406,1.0
210,192.59095764160156,205.35948181152344,1.0,195.68394470214844,236.0378875732422,1.0,159.9945068359375,222.55813598632812,1.0,142.68060302734375,220.48825073242188,1.0,213.23846435546875,224.5207061767578,1.0,227.4437255859375,226.85984802246094,1.0,193.85816955566406,260.33758544921875,1.0,151.2091827392578,273.96002197265625,1.0,220.13638305664062,276.1749572753906,1.0
211,189.79617309570312,205.16957092285156,1.0,192.54513549804688,235.5304412841797,1.0,157.94578552246094,222.7212677001953,1.0,141.81410217285156,220.73098754882812,1.0,211.20680236816406,225.38665771484375,1.0,225.60105895996094,226.64292907714844,1.0,191.4971923828125,260.2052917480469,1.0,149.34033203125,274.0478515625,1.0,218.66995239257812,275.21044921875,1.0
212,186.24070739746094,205.61793518066406,1.0,189.8921661376953,235.4520263671875,1.0,155.4114990234375,223.6270751953125,1.0,139.07188415527344,221.47406005859375,1.0,208.88812255859375,225.83619689941406,1.0,224.5646209716797,225.9568328857422,1.0,187.68923950195312,260.7191162109375,1.0,146.9609375,274.4822692871094,1.0,215.7762451171875,274.8360900878906,1.0
213,185.03260803222656,206.1123809814453,1.0,188.70904541015625,235.75900268554688,1.0,153.71580505371094,223.982177734375,1.0,137.2309112548828,221.53329467773438,1.0,207.6997833251953,225.6526641845703,1.0,223.58314514160156,225.8364715576172,1.0,186.28085327148438,260.6103210449219,1.0,144.85313415527344,275.8679504394531,1.0,214.32899475097656,275.54931640625,1.0
214,183.98748779296875,206.113037109375,1.0,187.18446350097656,235.97283935546875,1.0,153.0416717529297,224.0680389404297,1.0,136.9499053955078,221.7434539794922,1.0,206.64207458496094,225.43124389648438,1.0,222.3021240234375,225.3616180419922,1.0,185.31446838378906,260.64581298828125,1.0,143.86558532714844,275.6237487792969,1.0,213.31536865234375,275.649658203125,1.0
215,182.91151428222656,206.2532501220703,1.0,185.36471557617188,235.4336395263672,1.0,152.23756408691406,224.06826782226562,1.0,136.11721801757812,221.47149658203125,1.0,205.85154724121094,224.57647705078125,1.0,222.10694885253906,225.31346130371094,1.0,183.9864501953125,260.77886962890625,1.0,143.163818359375,275.4813537597656,1.0,212.40203857421875,275.5409851074219,1.0
216,180.2267608642578,204.77816772460938,1.0,182.05174255371094,236.0958251953125,1.0,149.1464080810547,221.08236694335938,1.0,133.2579803466797,219.99884033203125,1.0,203.58877563476562,221.61659240722656,1.0,220.61264038085938,223.53782653808594,1.0,181.03945922851562,259.5805358886719,1.0,141.26402282714844,274.8102722167969,1.0,209.87486267089844,275.27545166015625,1.0
217,177.38418579101562,202.92242431640625,1.0,178.64007568359375,233.98509216308594,1.0,147.40139770507812,220.9519500732422,1.0,132.12762451171875,219.5140380859375,1.0,201.87181091308594,221.02117919921875,1.0,218.30966186523438,222.3446807861328,1.0,177.54605102539062,258.0097961425781,1.0,138.87362670898438,273.0740661621094,1.0,208.1058349609375,273.9128112792969,1.0
218,175.38038635253906,203.01040649414062,1.0,176.9451446533203,233.31988525390625,1.0,146.67481994628906,220.9303741455078,1.0,131.47625732421875,220.36776733398438,1.0,199.91952514648438,220.67611694335938,1.0,216.6947021484375,221.91090393066406,1.0,176.01959228515625,257.44110107421875,1.0,137.40945434570312,272.554443359375,1.0,207.18336486816406,273.3115234375,1.0
219,174.34393310546875,202.6248016357422,1.0,175.6637420654297,232.5703125,1.0,146.07908630371094,220.79771423339844,1.0,130.74012756347656,220.04331970214844,1.0,199.10348510742188,219.81161499023438,1.0,215.83763122558594,221.60487365722656,1.0,175.08273315429688,256.4462890625,1.0,136.42489624023438,272.6423034667969,1.0,206.9397735595703,272.6590881347656,1.0
220,172.36221313476562,200.75914001464844,1.0,173.37901306152344,231.25013732910156,1.0,144.21958923339844,218.21652221679688,1.0,128.7051544189453,219.02301025390625,1.0,197.2713623046875,218.1767120361328,1.0,214.53981018066406,220.83636474609375,1.0,172.5065460205078,255.20994567871094,1.0,134.817138671875,272.5821838378906,1.0,204.66574096679688,271.7375183105469,1.0
221,171.12477111816406,200.29470825195312,1.0,170.85992431640625,229.97549438476562,1.0,143.54638671875,218.0319061279297,1.0,128.61647033691406,218.59017944335938,1.0,195.59255981445312,218.16961669921875,1.0,212.44224548339844,220.3039093017578,1.0,170.28726196289062,253.954345703125,1.0,133.55970764160156,271.6553955078125,1.0,202.90625,271.47332763671875,1.0
222,170.4315643310547,199.857666015625,1.0,169.69732666015625,229.61880493164062,1.0,142.98773193359375,218.25241088867188,1.0,128.24063110351562,218.7850799560547,1.0,195.53054809570312,218.47824096679688,1.0,211.98899841308594,220.35714721679688,1.0,169.19873046875,252.9970245361328,1.0,132.73068237304688,271.2712097167969,1.0,201.68310546875,270.8966064453125,1.0
223,170.00714111328125,200.4972686767578,1.0,169.47378540039062,230.22586059570312,1.0,142.8491668701172,219.2307891845703,1.0,127.52568054199219,218.7548828125,1.0,194.8671875,219.70188903808594,1.0,211.97865295410156,220.92129516601562,1.0,168.7397003173828,252.82826232910156,1.0,132.4958038330078,271.12261962890625,1.0,201.269287109375,270.9762878417969,1.0
224,170.5254364013672,201.3106231689453,1.0,169.7034912109375,231.85885620117188,1.0,142.9389190673828,220.33909606933594,1.0,127.87779235839844,218.7837371826172,1.0,196.32493591308594,221.27992248535156,1.0,212.30081176757812,221.332275390625,1.0,168.7427215576172,253.53297424316406,1.0,132.0850830078125,271.1600036621094,1.0,201.72634887695312,271.4961853027344,1.0
225,169.0981903076172,202.39234924316406,1.0,169.46998596191406,232.26902770996094,1.0,143.70132446289062,222.13674926757812,1.0,127.71760559082031,219.42977905273438,1.0,196.28736877441406,222.1912841796875,1.0,212.5086212158203,222.0095672607422,1.0,168.7198486328125,254.56336975097656,1.0,132.43994140625,271.64373779296875,1.0,201.7794952392578,271.8831787109375,1.0
226,169.1729278564453,202.52186584472656,1.0,169.64093017578125,232.88150024414062,1.0,143.34963989257812,222.51820373535156,1.0,127.33831024169922,220.05572509765625,1.0,195.72653198242188,222.6173095703125,1.0,212.28451538085938,222.2537384033203,1.0,169.0841064453125,255.34744262695312,1.0,132.6417694091797,271.9439392089844,1.0,202.05575561523438,271.99090576171875,1.0
227,169.3492889404297,202.5760955810547,1.0,169.709228515625,232.8551025390625,1.0,143.40638732910156,222.47991943359375,1.0,127.2942123413086,220.05857849121094,1.0,195.7582550048828,222.76937866210938,1.0,212.24049377441406,222.30445861816406,1.0,169.0662841796875,255.50816345214844,1.0,132.908935546875,272.5370788574219,1.0,201.93565368652344,272.14459228515625,1.0
228,169.2139129638672,202.6366729736328,1.0,169.77064514160156,232.88961791992188,1.0,143.35653686523438,222.6005859375,1.0,127.63683319091797,220.6572723388672,1.0,195.7261199951172,222.8747100830078,1.0,212.2154083251953,222.54617309570312,1.0,169.383056640625,256.17474365234375,1.0,133.18186950683594,272.7485046386719,1.0,202.16522216796875,272.236328125,1.0
229,169.30702209472656,202.78662109375,1.0,169.87059020996094,232.93972778320312,1.0,143.62783813476562,222.60316467285156,1.0,127.91519165039062,220.74224853515625,1.0,195.65438842773438,223.05226135253906,1.0,212.02980041503906,222.7646942138672,1.0,169.47412109375,256.40704345703125,1.0,132.99581909179688,272.70526123046875,1.0,202.20614624023438,272.4713134765625,1.0
230,169.33688354492188,202.91238403320312,1.0,169.6972198486328,232.97714233398438,1.0,143.46932983398438,222.71438598632812,1.0,127.60270690917969,220.98651123046875,1.0,195.76412963867188,223.07838439941406,1.0,212.20831298828125,222.9706573486328,1.0,169.50990295410156,256.5197448730469,1.0,132.88868713378906,272.87408447265625,1.0,202.07264709472656,272.64959716796875,1.0
231,169.35838317871094,203.23391723632812,1.0,169.80148315429688,233.06890869140625,1.0,143.74935913085938,222.78457641601562,1.0,127.88802337646484,220.99429321289062,1.0,195.9703826904297,223.2534637451172,1.0,212.1466522216797,223.05526733398438,1.0,169.62205505371094,256.97705078125,1.0,132.95164489746094,272.80670166015625,1.0,202.04566955566406,272.64813232421875,1.0
232,169.38861083984375,203.33460998535156,1.0,169.8255615234375,233.22830200195312,1.0,143.69984436035156,222.960205078125,1.0,127.89906311035156,220.96377563476562,1.0,196.033447265625,223.36611938476562,1.0,212.1915283203125,223.09996032714844,1.0,169.63438415527344,256.9092712402344,1.0,133.06529235839844,272.7091369628906,1.0,202.0642547607422,272.68072509765625,1.0
233,169.50140380859375,203.5404815673828,1.0,169.90188598632812,233.2884521484375,1.0,143.75503540039062,222.92193603515625,1.0,128.02798461914062,221.22093200683594,1.0,196.27658081054688,223.48626708984375,1.0,212.3009033203125,223.06964111328125,1.0,169.56443786621094,256.69329833984375,1.0,133.11134338378906,272.794189453125,1.0,202.32211303710938,272.74200439453125,1.0
234,169.50804138183594,203.63877868652344,1.0,169.98155212402344,233.3456268310547,1.0,143.8709716796875,222.95225524902344,1.0,128.20162963867188,221.1007537841797,1.0,196.330322265625,223.53289794921875,1.0,212.3114013671875,223.13404846191406,1.0,169.6274871826172,256.6704406738281,1.0,133.11163330078125,272.84564208984375,1.0,202.31240844726562,272.76617431640625,1.0
235,169.52125549316406,203.54640197753906,1.0,169.94493103027344,233.2416229248047,1.0,144.01260375976562,222.93800354003906,1.0,128.25616455078125,221.2735137939453,1.0,196.5116424560547,223.7068328857422,1.0,212.336181640625,223.2694091796875,1.0,169.56668090820312,256.6736145019531,1.0,133.19403076171875,272.8419189453125,1.0,202.35520935058594,272.8027038574219,1.0
236,169.8429412841797,203.6125030517578,1.0,170.09423828125,233.2643585205078,1.0,144.0554656982422,223.2017822265625,1.0,128.19105529785156,221.27183532714844,1.0,196.44898986816406,223.9199981689453,1.0,212.4134521484375,223.2505645751953,1.0,169.59141540527344,256.6714782714844,1.0,133.1470489501953,273.1651611328125,1.0,202.4448699951172,272.7000427246094,1.0
237,170.09014892578125,203.78857421875,1.0,169.93017578125,233.518798828125,1.0,144.07701110839844,223.1548614501953,1.0,128.1525115966797,221.33642578125,1.0,196.30166625976562,223.97146606445312,1.0,212.21925354003906,223.28819274902344,1.0,169.53561401367188,256.69329833984375,1.0,133.2355194091797,273.0583190917969,1.0,202.3459014892578,272.757080078125,1.0
238,169.9248809814453,203.88330078125,1.0,169.8044891357422,233.5621795654297,1.0,144.02987670898438,223.22665405273438,1.0,128.05633544921875,221.2527618408203,1.0,196.1461639404297,224.00784301757812,1.0,212.2768096923828,223.1754150390625,1.0,169.51992797851562,256.8453674316406,1.0,133.18814086914062,273.06207275390625,1.0,202.4282684326172,272.6906433105469,1.0
239,170.156005859375,203.83544921875,1.0,169.9185333251953,233.42672729492188,1.0,144.13095092773438,223.0885467529297,1.0,127.9896469116211,221.6884765625,1.0,196.1426239013672,224.10321044921875,1.0,212.14593505859375,223.18826293945312,1.0,169.5663604736328,256.68951416015625,1.0,133.1717987060547,273.0962219238281,1.0,202.55409240722656,272.763427734375,1.0
240,168.14959716796875,204.26185607910156,1.0,168.6258087158203,233.7283477783203,1.0,141.68002319335938,223.20835876464844,1.0,127.36234283447266,221.23719787597656,1.0,194.39932250976562,223.47715759277344,1.0,210.61203002929688,223.720703125,1.0,168.4326934814453,256.892578125,1.0,131.5587615966797,272.8510437011719,1.0,201.96554565429688,272.46087646484375,1.0
241,159.99502563476562,203.8201904296875,1.0,158.73095703125,233.9591827392578,1.0,134.81121826171875,224.25350952148438,1.0,121.10025787353516,222.66488647460938,1.0,187.62266540527344,221.48300170898438,1.0,205.87371826171875,221.85671997070312,1.0,159.62721252441406,256.62091064453125,1.0,125.00894927978516,273.2939147949219,1.0,194.8211212158203,272.4124450683594,1.0
242,158.37109375,203.7535858154297,1.0,156.3310546875,234.2490692138672,1.0,133.02293395996094,225.31919860839844,1.0,119.14325714111328,223.07318115234375,1.0,185.8902130126953,222.23558044433594,1.0,203.7978057861328,221.53091430664062,1.0,157.29237365722656,257.04052734375,1.0,124.09185028076172,273.4961242675781,1.0,193.01712036132812,272.6194152832031,1.0
243,156.7403106689453,203.61756896972656,1.0,154.97540283203125,234.36647033691406,1.0,132.14779663085938,225.2942657470703,1.0,118.30809020996094,222.994384765625,1.0,185.39334106445312,222.42471313476562,1.0,203.3326416015625,221.01174926757812,1.0,155.96742248535156,257.8166198730469,1.0,123.68523406982422,274.1602478027344,1.0,192.58607482910156,272.4146728515625,1.0
244,156.43118286132812,203.7214813232422,1.0,154.29083251953125,234.98031616210938,1.0,132.3158721923828,225.47096252441406,1.0,117.91456604003906,223.18218994140625,1.0,185.04222106933594,222.24594116210938,1.0,202.85610961914062,220.9982452392578,1.0,155.75555419921875,257.8980712890625,1.0,123.30894470214844,274.2323303222656,1.0,192.40835571289062,272.4242858886719,1.0
245,155.89950561523438,204.09698486328125,1.0,153.16529846191406,235.48876953125,1.0,131.98512268066406,225.44424438476562,1.0,117.95430755615234,223.39297485351562,1.0,184.8251495361328,222.16323852539062,1.0,202.5030517578125,221.13613891601562,1.0,155.0309600830078,257.9022216796875,1.0,122.26742553710938,274.1530456542969,1.0,191.60516357421875,271.7803039550781,1.0
246,153.8755645751953,204.6844482421875,1.0,150.2082977294922,235.9218292236328,1.0,130.5506591796875,225.3842315673828,1.0,117.1661148071289,223.7142333984375,1.0,182.83859252929688,222.1535186767578,1.0,200.7672576904297,220.96908569335938,1.0,152.40631103515625,257.7370910644531,1.0,120.8818588256836,274.56170654296875,1.0,190.30123901367188,271.553466796875,1.0
247,151.30740356445312,204.32830810546875,1.0,146.6885986328125,235.94972229003906,1.0,128.59677124023438,225.3887939453125,1.0,114.75685119628906,224.59010314941406,1.0,179.54010009765625,221.56414794921875,1.0,197.6116943359375,220.4889373779297,1.0,148.85458374023438,257.54296875,1.0,118.63658905029297,274.57421875,1.0,187.66229248046875,271.4951477050781,1.0
248,149.4627227783203,204.12908935546875,1.0,144.8674774169922,235.50599670410156,1.0,127.14573669433594,225.09263610839844,1.0,113.2166976928711,224.57919311523438,1.0,178.11622619628906,221.35484313964844,1.0,196.20501708984375,220.0507049560547,1.0,146.02767944335938,257.86016845703125,1.0,117.65373992919922,275.07611083984375,1.0,185.03614807128906,272.0023193359375,1.0
249,147.8714599609375,204.38937377929688,1.0,143.67137145996094,235.63595581054688,1.0,125.8288345336914,224.68666076660156,1.0,112.18304443359375,225.31483459472656,1.0,177.2805633544922,221.35964965820312,1.0,195.24761962890625,220.53302001953125,1.0,143.73838806152344,258.3403015136719,1.0,116.50951385498047,274.3529357910156,1.0,183.42372131347656,271.9234619140625,1.0
250,146.3955841064453,204.428466796875,1.0,141.78378295898438,235.99383544921875,1.0,124.68428039550781,225.09713745117188,1.0,111.72791290283203,225.1627197265625,1.0,176.15713500976562,221.24948120117188,1.0,194.6087646484375,220.97055053710938,1.0,142.5236053466797,258.5367431640625,1.0,115.02627563476562,274.1391296386719,1.0,182.5218963623047,271.7389831542969,1.0
251,145.1257781982422,204.34326171875,1.0,140.58755493164062,236.1564483642578,1.0,124.2587661743164,224.94680786132812,1.0,110.89376831054688,224.89706420898438,1.0,174.91600036621094,220.97373962402344,1.0,193.15673828125,220.68736267089844,1.0,141.41448974609375,259.2477111816406,1.0,114.1577377319336,274.3031921386719,1.0,181.6038055419922,272.1037902832031,1.0
252,143.1908721923828,203.63291931152344,1.0,139.04139709472656,236.0132293701172,1.0,123.28681945800781,225.05918884277344,1.0,109.24468994140625,225.9016876220703,1.0,173.66944885253906,220.4119415283203,1.0,191.9391326904297,219.85122680664062,1.0,140.2001190185547,258.8509216308594,1.0,112.52397918701172,275.0994873046875,1.0,180.53018188476562,271.7469177246094,1.0
253,141.71429443359375,203.7060546875,1.0,137.06399536132812,236.78968811035156,1.0,122.22450256347656,225.28167724609375,1.0,108.61863708496094,225.7529754638672,1.0,171.93246459960938,221.03065490722656,1.0,190.26019287109375,218.91738891601562,1.0,138.3695526123047,259.4623107910156,1.0,111.23950958251953,275.9770202636719,1.0,179.0220489501953,271.7584533691406,1.0
254,139.70460510253906,203.39324951171875,1.0,135.30870056152344,237.0005645751953,1.0,121.0555191040039,225.33761596679688,1.0,107.7470932006836,225.6748046875,1.0,171.16824340820312,221.04092407226562,1.0,189.21890258789062,219.0213165283203,1.0,136.7006378173828,259.50946044921875,1.0,110.57025146484375,275.71502685546875,1.0,177.96392822265625,271.9520568847656,1.0
255,138.82994079589844,203.21958923339844,1.0,134.1793975830078,237.05496215820312,1.0,120.22191619873047,225.36070251464844,1.0,106.57610321044922,225.72406005859375,1.0,170.82424926757812,220.8653564453125,1.0,188.9068603515625,218.71151733398438,1.0,135.76129150390625,259.57757568359375,1.0,109.934814453125,275.88836669921875,1.0,177.12232971191406,271.549072265625,1.0
256,138.67465209960938,203.4983367919922,1.0,133.97811889648438,236.89866638183594,1.0,119.36759948730469,225.24078369140625,1.0,105.34366607666016,226.0699462890625,1.0,170.50137329101562,220.9173583984375,1.0,188.6285858154297,218.47451782226562,1.0,135.55117797851562,259.7574768066406,1.0,109.31961822509766,275.6540832519531,1.0,176.79934692382812,271.54876708984375,1.0
257,138.45347595214844,203.46432495117188,1.0,133.6166229248047,236.78810119628906,1.0,119.23481750488281,225.27163696289062,1.0,105.23817443847656,226.32083129882812,1.0,170.63302612304688,220.88941955566406,1.0,188.9759521484375,218.80764770507812,1.0,135.44259643554688,259.5573425292969,1.0,109.273681640625,275.60015869140625,1.0,176.75900268554688,271.52484130859375,1.0
258,138.1386260986328,203.47052001953125,1.0,133.1874237060547,236.77464294433594,1.0,119.02136993408203,225.14808654785156,1.0,104.95932006835938,226.30174255371094,1.0,170.49874877929688,220.91909790039062,1.0,188.7635498046875,218.77178955078125,1.0,134.97157287597656,259.4053039550781,1.0,109.2140884399414,275.6585388183594,1.0,176.619873046875,271.4404296875,1.0
259,137.5868377685547,203.5752410888672,1.0,133.11795043945312,237.003662109375,1.0,118.88607788085938,225.18917846679688,1.0,104.73893737792969,226.36988830566406,1.0,170.22842407226562,220.87594604492188,1.0,188.62881469726562,218.81680297851562,1.0,134.63327026367188,259.58917236328125,1.0,108.6845932006836,275.9411926269531,1.0,176.37579345703125,271.7814636230469,1.0
260,137.60191345214844,203.8969268798828,1.0,132.95361328125,236.9054412841797,1.0,118.77423095703125,225.20098876953125,1.0,104.81011199951172,226.5399932861328,1.0,169.85826110839844,221.04396057128906,1.0,188.09005737304688,219.05287170410156,1.0,134.4053955078125,259.6428527832031,1.0,108.18443298339844,275.9694519042969,1.0,176.30123901367188,271.8692932128906,1.0
261,137.0913543701172,204.00015258789062,1.0,132.41104125976562,237.17147827148438,1.0,118.37659454345703,225.32003784179688,1.0,104.4620590209961,226.74119567871094,1.0,169.68844604492188,221.04505920410156,1.0,188.03750610351562,219.01373291015625,1.0,134.0161895751953,259.783203125,1.0,108.1603012084961,276.11004638671875,1.0,175.8653106689453,271.9293518066406,1.0
262,136.92469787597656,204.2355499267578,1.0,132.30642700195312,237.05545043945312,1.0,118.18106079101562,225.3504180908203,1.0,104.0876235961914,226.6575469970703,1.0,169.43081665039062,220.91159057617188,1.0,187.32101440429688,218.4659881591797,1.0,133.91053771972656,259.617919921875,1.0,107.95987701416016,276.33990478515625,1.0,175.8756103515625,271.686279296875,1.0
263,136.7310791015625,204.2748260498047,1.0,132.13394165039062,236.96722412109375,1.0,118.1160659790039,225.3257598876953,1.0,104.19364166259766,226.58380126953125,1.0,169.14950561523438,220.6795196533203,1.0,187.3934326171875,218.58395385742188,1.0,133.6633758544922,259.7408142089844,1.0,107.87718200683594,276.1851806640625,1.0,176.0808563232422,271.73931884765625,1.0
264,136.56910705566406,204.2534942626953,1.0,131.68067932128906,236.97177124023438,1.0,117.96837615966797,225.43653869628906,1.0,103.95492553710938,226.8438262939453,1.0,168.68917846679688,220.5398406982422,1.0,187.21534729003906,218.18283081054688,1.0,133.36099243164062,259.3667297363281,1.0,107.83177185058594,276.1853332519531,1.0,175.59458923339844,271.96990966796875,1.0
265,136.48492431640625,204.32789611816406,1.0,131.42495727539062,237.11305236816406,1.0,117.47640991210938,225.59812927246094,1.0,103.57672882080078,226.85775756835938,1.0,167.3395538330078,220.4212188720703,1.0,186.56004333496094,217.92538452148438,1.0,133.0743408203125,259.6062927246094,1.0,107.6622085571289,276.0243225097656,1.0,175.47743225097656,271.7867736816406,1.0
266,136.33001708984375,204.48089599609375,1.0,131.0689239501953,237.13534545898438,1.0,117.11151123046875,225.43649291992188,1.0,103.19222259521484,226.99473571777344,1.0,166.8870086669922,220.46817016601562,1.0,185.69322204589844,217.6722412109375,1.0,132.36062622070312,259.5238952636719,1.0,107.22341918945312,275.960205078125,1.0,175.28086853027344,271.7861022949219,1.0
267,135.93983459472656,204.48342895507812,1.0,130.64450073242188,237.030029296875,1.0,116.71102142333984,225.493408203125,1.0,102.78992462158203,227.26211547851562,1.0,166.5308380126953,220.36868286132812,1.0,185.7703094482422,218.00665283203125,1.0,131.98526000976562,259.3979797363281,1.0,106.89009857177734,276.1630554199219,1.0,174.9445037841797,271.9226379394531,1.0
268,135.77670288085938,204.8748779296875,1.0,130.31129455566406,237.294189453125,1.0,116.40042114257812,225.73001098632812,1.0,102.47643280029297,227.2998046875,1.0,166.5629119873047,220.5406036376953,1.0,185.94921875,217.79298400878906,1.0,131.81265258789062,259.3210144042969,1.0,107.0455093383789,276.26873779296875,1.0,174.9548797607422,271.78076171875,1.0
269,135.66883850097656,204.56942749023438,1.0,130.4170684814453,237.18569946289062,1.0,116.31922149658203,225.65740966796875,1.0,102.3599624633789,227.34786987304688,1.0,166.46908569335938,220.42501831054688,1.0,185.88232421875,218.0173797607422,1.0,131.71539306640625,259.3059387207031,1.0,106.96142578125,276.2028503417969,1.0,174.8170623779297,271.859619140625,1.0
270,135.6250762939453,204.53408813476562,1.0,130.17929077148438,237.2201385498047,1.0,116.12239074707031,225.7928009033203,1.0,102.10369873046875,227.4283905029297,1.0,166.2028045654297,220.19992065429688,1.0,185.56272888183594,217.97132873535156,1.0,131.51058959960938,259.1613464355469,1.0,106.97078704833984,276.1496276855469,1.0,174.84132385253906,271.7076721191406,1.0
271,135.5553436279297,204.84002685546875,1.0,130.1187744140625,237.2217559814453,1.0,116.08599853515625,225.90423583984375,1.0,101.9224624633789,227.33154296875,1.0,166.0879364013672,220.21209716796875,1.0,185.4611358642578,217.84115600585938,1.0,131.52540588378906,259.176025390625,1.0,107.0390625,276.08880615234375,1.0,174.8355255126953,271.7633056640625,1.0
272,135.39149475097656,204.96148681640625,1.0,130.19810485839844,237.2674102783203,1.0,116.07428741455078,225.94976806640625,1.0,101.80773162841797,227.5543212890625,1.0,166.1452178955078,220.17092895507812,1.0,185.39044189453125,217.9095458984375,1.0,131.62440490722656,259.24517822265625,1.0,107.09430694580078,276.1261901855469,1.0,175.0062255859375,271.6441345214844,1.0
273,135.23728942871094,204.92568969726562,1.0,130.1737823486328,237.33291625976562,1.0,116.14602661132812,225.9185791015625,1.0,101.89968872070312,227.5535125732422,1.0,166.1223907470703,220.13259887695312,1.0,185.3073272705078,217.80926513671875,1.0,131.63121032714844,259.268798828125,1.0,107.15784454345703,276.0940246582031,1.0,175.04666137695312,271.53619384765625,1.0
274,135.42054748535156,204.69593811035156,1.0,130.24049377441406,237.07188415527344,1.0,116.0292739868164,225.81959533691406,1.0,101.71147918701172,227.5968017578125,1.0,166.13226318359375,220.06500244140625,1.0,185.15838623046875,217.75653076171875,1.0,131.78237915039062,259.2421875,1.0,107.26878356933594,276.06842041015625,1.0,175.17787170410156,271.6136474609375,1.0
275,135.37384033203125,204.65859985351562,1.0,130.10098266601562,237.1271514892578,1.0,115.87234497070312,225.8804473876953,1.0,101.70619201660156,227.4022674560547,1.0,166.1463165283203,220.07583618164062,1.0,185.2176971435547,217.67506408691406,1.0,131.77000427246094,259.2724609375,1.0,107.32630157470703,276.1889343261719,1.0,175.26377868652344,271.4134826660156,1.0
276,135.23245239257812,204.23184204101562,1.0,129.87533569335938,237.54075622558594,1.0,115.86430358886719,225.92520141601562,1.0,101.6674575805664,227.21778869628906,1.0,166.23060607910156,219.88784790039062,1.0,185.13507080078125,217.3705291748047,1.0,131.42709350585938,259.3696594238281,1.0,107.60958862304688,275.88848876953125,1.0,175.5231475830078,270.89654541015625,1.0
277,135.1460723876953,204.1954345703125,1.0,129.9813995361328,237.5110626220703,1.0,115.7708740234375,225.8991241455078,1.0,101.65543365478516,227.2576446533203,1.0,166.30902099609375,219.92733764648438,1.0,185.26751708984375,217.42140197753906,1.0,131.56590270996094,259.4327697753906,1.0,107.5788345336914,276.0896911621094,1.0,175.52369689941406,271.2054443359375,1.0
278,135.05345153808594,204.21669006347656,1.0,130.01219177246094,237.41273498535156,1.0,115.89151000976562,225.78543090820312,1.0,101.7882080078125,227.2795867919922,1.0,166.35540771484375,219.87962341308594,1.0,185.3623809814453,217.3839111328125,1.0,131.53106689453125,259.3448181152344,1.0,107.60977172851562,276.23846435546875,1.0,175.6868896484375,271.16583251953125,1.0
279,135.0622100830078,204.33836364746094,1.0,130.0978546142578,237.33778381347656,1.0,115.99575805664062,225.77999877929688,1.0,101.73006439208984,227.59942626953125,1.0,166.38133239746094,219.71438598632812,1.0,185.16851806640625,217.2069549560547,1.0,131.82945251464844,259.28399658203125,1.0,107.63433074951172,276.3456726074219,1.0,175.83306884765625,271.20147705078125,1.0
280,134.92526245117188,204.43565368652344,1.0,130.00791931152344,237.4456787109375,1.0,115.9127197265625,225.88800048828125,1.0,101.40082550048828,227.64305114746094,1.0,166.48846435546875,219.72792053222656,1.0,185.42445373535156,216.91615295410156,1.0,131.7863311767578,259.43194580078125,1.0,107.73987579345703,276.4174499511719,1.0,175.88426208496094,271.1336364746094,1.0
281,134.87518310546875,204.37408447265625,1.0,130.09024047851562,237.54054260253906,1.0,115.7860107421875,225.9335174560547,1.0,101.38360595703125,227.5676727294922,1.0,166.3775177001953,219.69688415527344,1.0,185.3543243408203,217.0073699951172,1.0,131.9593505859375,259.4491882324219,1.0,107.77688598632812,276.4315490722656,1.0,176.01779174804688,271.1644287109375,1.0
282,134.8900146484375,204.44285583496094,1.0,129.98304748535156,237.46363830566406,1.0,115.7622299194336,226.10556030273438,1.0,101.17874908447266,227.8213653564453,1.0,166.28160095214844,219.75018310546875,1.0,185.07164001464844,217.13601684570312,1.0,132.0443878173828,259.4373474121094,1.0,107.81532287597656,276.6102600097656,1.0,176.04391479492188,271.1801452636719,1.0
283,134.90859985351562,204.44638061523438,1.0,129.9624481201172,237.31710815429688,1.0,115.83365631103516,226.13662719726562,1.0,101.33145141601562,227.88475036621094,1.0,166.44317626953125,219.53201293945312,1.0,185.31234741210938,217.06951904296875,1.0,132.06320190429688,259.2923889160156,1.0,107.91572570800781,276.6721496582031,1.0,176.04330444335938,271.0635070800781,1.0
284,134.77789306640625,204.40672302246094,1.0,129.98385620117188,237.41421508789062,1.0,115.8417739868164,226.11788940429688,1.0,101.3935775756836,227.69061279296875,1.0,166.47372436523438,219.57846069335938,1.0,185.3661651611328,216.96609497070312,1.0,132.11082458496094,259.29815673828125,1.0,107.91902160644531,276.5447692871094,1.0,176.0371856689453,271.1214904785156,1.0
285,134.99986267089844,204.07789611816406,1.0,130.3767547607422,237.5329132080078,1.0,115.90380859375,226.09515380859375,1.0,101.3904800415039,227.46385192871094,1.0,166.35189819335938,219.617431640625,1.0,185.07485961914062,216.80673217773438,1.0,132.6425323486328,259.6114196777344,1.0,108.31729125976562,276.82086181640625,1.0,176.2040252685547,270.9024658203125,1.0
286,135.08779907226562,204.15664672851562,1.0,130.90660095214844,237.4855499267578,1.0,116.05391693115234,226.29092407226562,1.0,101.39381408691406,227.5482177734375,1.0,166.49240112304688,219.6134796142578,1.0,185.1843719482422,216.72267150878906,1.0,133.3354949951172,259.75445556640625,1.0,108.90521240234375,276.7000732421875,1.0,176.7278289794922,270.9882507324219,1.0
287,135.13427734375,204.3170166015625,1.0,131.20982360839844,237.295166015625,1.0,116.11978149414062,226.25628662109375,1.0,101.40237426757812,227.41781616210938,1.0,166.6251678466797,219.681884765625,1.0,185.3274688720703,216.9269561767578,1.0,133.56756591796875,259.64044189453125,1.0,109.12174987792969,276.81878662109375,1.0,176.93594360351562,270.9004821777344,1.0
288,135.2080841064453,204.32550048828125,1.0,131.1260528564453,237.43331909179688,1.0,116.01473236083984,226.41310119628906,1.0,101.51799011230469,227.7440643310547,1.0,166.8760986328125,219.59326171875,1.0,185.37351989746094,216.3382568359375,1.0,133.7128143310547,259.39599609375,1.0,109.05033874511719,276.8861083984375,1.0,176.5992431640625,270.8222351074219,1.0
289,135.19972229003906,204.52366638183594,1.0,131.2483367919922,237.6048583984375,1.0,115.95974731445312,226.50120544433594,1.0,101.48226165771484,227.77285766601562,1.0,166.77801513671875,219.64752197265625,1.0,185.29833984375,216.4187469482422,1.0,133.77993774414062,259.3076171875,1.0,109.14176940917969,276.8974914550781,1.0,176.7520294189453,270.7663269042969,1.0
290,135.34974670410156,204.4918212890625,1.0,131.43023681640625,237.55474853515625,1.0,116.05477905273438,226.62232971191406,1.0,101.4773178100586,227.68344116210938,1.0,166.8382110595703,219.62269592285156,1.0,185.37274169921875,216.41390991210938,1.0,133.9411163330078,259.5477294921875,1.0,109.2411117553711,276.9532470703125,1.0,176.78041076660156,270.94677734375,1.0
291,135.30174255371094,204.52642822265625,1.0,131.5975799560547,237.38978576660156,1.0,116.07706451416016,226.58099365234375,1.0,101.5514144897461,227.5345916748047,1.0,166.97259521484375,219.53497314453125,1.0,185.55880737304688,216.478271484375,1.0,134.0212860107422,259.44122314453125,1.0,109.27738952636719,276.8592834472656,1.0,176.80369567871094,270.99224853515625,1.0
292,135.20315551757812,204.4783477783203,1.0,131.93553161621094,237.3766326904297,1.0,116.13833618164062,226.57785034179688,1.0,101.47775268554688,227.74252319335938,1.0,167.1580352783203,219.4589385986328,1.0,185.6107177734375,216.44613647460938,1.0,134.1330108642578,259.1805419921875,1.0,109.343505859375,276.7081604003906,1.0,176.91790771484375,271.0428466796875,1.0
293,135.51393127441406,204.55731201171875,1.0,131.81814575195312,237.45147705078125,1.0,116.22813415527344,226.4849090576172,1.0,101.67557525634766,227.55369567871094,1.0,167.14559936523438,219.44882202148438,1.0,185.72769165039062,216.3994598388672,1.0,134.23776245117188,259.2781982421875,1.0,109.37789916992188,276.7175598144531,1.0,176.97509765625,270.9142761230469,1.0
294,135.5337371826172,204.29925537109375,1.0,132.01748657226562,237.27740478515625,1.0,116.28759765625,226.42140197753906,1.0,101.77664184570312,227.42051696777344,1.0,167.2890625,219.4698028564453,1.0,185.81617736816406,216.36996459960938,1.0,134.59625244140625,259.3591613769531,1.0,109.49224853515625,276.5898132324219,1.0,177.06137084960938,270.8943786621094,1.0
295,135.61178588867188,204.47378540039062,1.0,132.14794921875,236.91033935546875,1.0,116.3376235961914,226.5032958984375,1.0,101.82452392578125,227.48699951171875,1.0,167.5348358154297,219.4259490966797,1.0,186.2740936279297,216.58509826660156,1.0,134.91453552246094,259.3891296386719,1.0,109.55205535888672,276.6431884765625,1.0,177.2000732421875,270.9876708984375,1.0
296,135.7458038330078,204.4881134033203,1.0,132.25523376464844,236.87738037109375,1.0,116.3196792602539,226.41928100585938,1.0,101.79586029052734,227.449462890625,1.0,167.7968292236328,219.41073608398438,1.0,186.2198486328125,216.295166015625,1.0,134.95936584472656,259.5193176269531,1.0,109.59809112548828,276.6852111816406,1.0,177.35562133789062,271.0860900878906,1.0
297,135.8121795654297,204.64830017089844,1.0,132.29441833496094,237.12612915039062,1.0,116.3907470703125,226.48228454589844,1.0,101.84341430664062,227.4202880859375,1.0,167.5824737548828,219.43272399902344,1.0,186.2691650390625,216.41986083984375,1.0,135.07754516601562,259.3365478515625,1.0,109.5749282836914,276.5960693359375,1.0,177.44622802734375,271.0831604003906,1.0
298,136.0664825439453,204.82241821289062,1.0,132.46705627441406,236.94711303710938,1.0,116.49070739746094,226.44137573242188,1.0,101.89652252197266,227.595947265625,1.0,168.04576110839844,219.3170928955078,1.0,186.58038330078125,216.23965454101562,1.0,135.28746032714844,259.319091796875,1.0,109.8614273071289,276.6536865234375,1.0,177.4729461669922,270.6430358886719,1.0
299,135.98477172851562,204.75132751464844,1.0,132.40255737304688,237.12625122070312,1.0,116.79224395751953,226.63165283203125,1.0,101.88300323486328,227.70620727539062,1.0,168.55154418945312,219.3164520263672,1.0,187.4135284423828,215.7071075439453,1.0,135.2043914794922,258.91180419921875,1.0,110.48272705078125,276.8116455078125,1.0,177.52561950683594,270.4738464355469,1.0
300,136.46804809570312,204.97067260742188,1.0,133.2393798828125,236.84127807617188,1.0,116.99641418457031,226.4207763671875,1.0,102.20600128173828,227.70635986328125,1.0,169.0914306640625,219.39051818847656,1.0,187.85299682617188,216.20269775390625,1.0,135.76832580566406,258.64105224609375,1.0,110.68048095703125,276.5794982910156,1.0,177.73045349121094,270.58453369140625,1.0
301,136.4446563720703,204.7569122314453,1.0,133.59213256835938,236.60629272460938,1.0,116.9638900756836,226.4094696044922,1.0,102.40962219238281,227.7161102294922,1.0,169.1938934326172,219.25418090820312,1.0,188.0677032470703,215.99093627929688,1.0,136.3520050048828,258.95330810546875,1.0,110.8822021484375,276.5804443359375,1.0,178.41368103027344,270.71783447265625,1.0
302,137.08956909179688,204.74859619140625,1.0,134.1426239013672,236.88966369628906,1.0,117.44615936279297,226.6086883544922,1.0,102.59807586669922,227.60760498046875,1.0,169.53627014160156,219.42762756347656,1.0,188.17657470703125,216.14987182617188,1.0,136.97264099121094,259.1061706542969,1.0,111.10077667236328,276.59027099609375,1.0,178.31112670898438,270.7954406738281,1.0
303,137.50103759765625,204.57249450683594,1.0,134.8809051513672,236.4698486328125,1.0,117.68138885498047,226.39283752441406,1.0,102.87815856933594,227.48899841308594,1.0,169.99810791015625,219.33749389648438,1.0,188.48712158203125,216.390625,1.0,137.55064392089844,258.4930114746094,1.0,111.76378631591797,276.08685302734375,1.0,178.4691162109375,270.8567199707031,1.0
304,138.06201171875,203.87026977539062,1.0,135.79684448242188,235.86767578125,1.0,118.25762939453125,226.15463256835938,1.0,103.33289337158203,227.31517028808594,1.0,170.06832885742188,219.01980590820312,1.0,188.44410705566406,216.0856170654297,1.0,137.89398193359375,257.5140075683594,1.0,112.2115478515625,275.42987060546875,1.0,178.5537567138672,270.566650390625,1.0
305,139.154541015625,203.32061767578125,1.0,137.18438720703125,235.06634521484375,1.0,119.13855743408203,225.18154907226562,1.0,104.39315795898438,226.32566833496094,1.0,171.3590545654297,218.8246307373047,1.0,189.55397033691406,215.45350646972656,1.0,138.91522216796875,256.07781982421875,1.0,113.77298736572266,274.416259765625,1.0,178.82159423828125,270.3097229003906,1.0
306,139.34942626953125,202.97381591796875,1.0,137.8607940673828,234.03038024902344,1.0,119.76199340820312,224.5419921875,1.0,105.18537139892578,225.74620056152344,1.0,171.6560516357422,218.18125915527344,1.0,190.1152801513672,215.46031188964844,1.0,139.5189971923828,255.38461303710938,1.0,114.11158752441406,274.339111328125,1.0,178.98150634765625,269.6325988769531,1.0
307,139.08349609375,202.7388458251953,1.0,137.72398376464844,234.12142944335938,1.0,119.43959045410156,224.9813232421875,1.0,104.75420379638672,225.8750457763672,1.0,171.31019592285156,218.25845336914062,1.0,189.59971618652344,215.19869995117188,1.0,139.55885314941406,255.4861602783203,1.0,113.86659240722656,274.1206970214844,1.0,178.86264038085938,269.6496887207031,1.0
308,138.2630615234375,203.20191955566406,1.0,136.25564575195312,235.05255126953125,1.0,118.8073501586914,225.5503387451172,1.0,104.25709533691406,226.29525756835938,1.0,169.64479064941406,218.9036407470703,1.0,187.9720916748047,216.2344970703125,1.0,138.28123474121094,256.3424987792969,1.0,111.71751403808594,274.8388671875,1.0,178.7572021484375,269.84014892578125,1.0
309,137.68655395507812,203.56448364257812,1.0,135.5988311767578,235.61537170410156,1.0,118.5500717163086,225.87396240234375,1.0,104.50392150878906,226.8944549560547,1.0,169.3507537841797,219.34088134765625,1.0,187.68711853027344,216.2650146484375,1.0,137.90533447265625,256.8724060058594,1.0,111.2823486328125,275.3004455566406,1.0,178.533203125,270.01806640625,1.0
310,137.71820068359375,203.6033935546875,1.0,135.6493377685547,235.69491577148438,1.0,118.68714904785156,225.8365478515625,1.0,104.52432250976562,226.74942016601562,1.0,169.17189025878906,219.29669189453125,1.0,187.72215270996094,216.4342041015625,1.0,137.6370086669922,256.82769775390625,1.0,111.22734069824219,275.56512451171875,1.0,178.4335174560547,270.1549377441406,1.0
311,137.62423706054688,203.95018005371094,1.0,135.44801330566406,235.7949676513672,1.0,118.88226318359375,225.92471313476562,1.0,104.52935791015625,226.979736328125,1.0,169.38453674316406,219.42666625976562,1.0,188.07470703125,216.6176300048828,1.0,137.42184448242188,257.0301513671875,1.0,111.10638427734375,275.70062255859375,1.0,178.51724243164062,270.33612060546875,1.0
312,137.8141632080078,204.26296997070312,1.0,135.44322204589844,235.55966186523438,1.0,118.77429962158203,225.97671508789062,1.0,104.5745849609375,227.35081481933594,1.0,169.4039306640625,219.65321350097656,1.0,187.999267578125,216.4495849609375,1.0,137.22166442871094,256.7449951171875,1.0,110.73329162597656,275.75592041015625,1.0,178.31178283691406,270.4048767089844,1.0
313,137.58999633789062,204.15025329589844,1.0,135.03329467773438,235.73519897460938,1.0,118.76165008544922,226.0255889892578,1.0,104.60433197021484,227.4356689453125,1.0,169.30178833007812,219.70452880859375,1.0,187.84873962402344,216.42430114746094,1.0,137.0542449951172,257.0340576171875,1.0,110.51089477539062,275.7426452636719,1.0,178.0539093017578,270.55853271484375,1.0
314,137.15745544433594,204.49522399902344,1.0,134.245361328125,236.3301239013672,1.0,118.20048522949219,225.99954223632812,1.0,104.34593200683594,227.3068084716797,1.0,169.12400817871094,219.86575317382812,1.0,187.53131103515625,216.90863037109375,1.0,136.24473571777344,257.8230285644531,1.0,110.01014709472656,275.95257568359375,1.0,177.79202270507812,270.5790100097656,1.0
315,136.7226104736328,204.44125366210938,1.0,133.3328857421875,236.58169555664062,1.0,117.66014862060547,225.8661346435547,1.0,104.21383666992188,227.47059631347656,1.0,168.71646118164062,219.8794403076172,1.0,187.1844940185547,217.15029907226562,1.0,135.57289123535156,257.8836364746094,1.0,109.42139434814453,275.9748229980469,1.0,176.96804809570312,270.3976135253906,1.0
316,136.31790161132812,204.3821258544922,1.0,132.60511779785156,236.99453735351562,1.0,117.17668151855469,225.93069458007812,1.0,103.49410247802734,227.4580078125,1.0,168.08448791503906,220.08541870117188,1.0,185.98744201660156,217.07406616210938,1.0,134.9364013671875,258.35760498046875,1.0,109.1225814819336,276.1802673339844,1.0,176.2455291748047,270.4388427734375,1.0
317,134.1338653564453,204.62205505371094,1.0,129.66395568847656,237.3853302001953,1.0,115.55247497558594,226.2383270263672,1.0,102.7994155883789,227.8311004638672,1.0,165.47479248046875,220.5059051513672,1.0,183.762451171875,216.94627380371094,1.0,132.1385040283203,259.1080017089844,1.0,107.9399185180664,275.9180908203125,1.0,174.76385498046875,270.05145263671875,1.0
318,132.5770263671875,204.74143981933594,1.0,127.94501495361328,237.7376708984375,1.0,114.29106903076172,226.77500915527344,1.0,101.83069610595703,229.04360961914062,1.0,163.91111755371094,220.5364990234375,1.0,182.3092803955078,217.42822265625,1.0,129.41152954101562,258.8804016113281,1.0,106.67225646972656,276.3847351074219,1.0,173.2527313232422,270.7490539550781,1.0
319,132.00958251953125,204.94171142578125,1.0,127.27973175048828,237.9918212890625,1.0,114.03168487548828,226.9384765625,1.0,101.31177520751953,228.744140625,1.0,163.38916015625,220.7530517578125,1.0,181.87994384765625,217.5182647705078,1.0,128.580810546875,258.8852233886719,1.0,106.07913208007812,276.2946472167969,1.0,172.65484619140625,270.7751770019531,1.0
320,131.97227478027344,204.9862823486328,1.0,127.21459197998047,237.78054809570312,1.0,113.87385559082031,227.17098999023438,1.0,101.11093139648438,228.9856719970703,1.0,163.43728637695312,220.79998779296875,1.0,182.06910705566406,217.8422393798828,1.0,128.239013671875,258.4663391113281,1.0,105.93376159667969,276.4435119628906,1.0,172.4080352783203,270.85357666015625,1.0
321,131.05328369140625,205.08229064941406,1.0,126.74822235107422,238.0084686279297,1.0,113.33949279785156,228.0449676513672,1.0,101.57138061523438,229.39434814453125,1.0,163.1025390625,221.32315063476562,1.0,180.96298217773438,218.26296997070312,1.0,127.8952865600586,258.6531066894531,1.0,105.59689331054688,276.6285705566406,1.0,171.7421417236328,270.9599609375,1.0
322,130.62327575683594,205.44790649414062,1.0,125.37770080566406,238.47769165039062,1.0,112.73924255371094,228.0380096435547,1.0,101.29367065429688,229.24305725097656,1.0,161.83908081054688,222.2090301513672,1.0,179.22467041015625,218.88136291503906,1.0,126.06745147705078,259.6610412597656,1.0,104.45382690429688,276.4453430175781,1.0,169.62918090820312,270.7281494140625,1.0
323,129.77125549316406,205.95159912109375,1.0,123.97797393798828,239.1266632080078,1.0,112.33818817138672,228.2357635498047,1.0,100.72335052490234,229.5557098388672,1.0,161.2414093017578,222.42340087890625,1.0,179.12257385253906,219.1376190185547,1.0,124.338623046875,259.8006591796875,1.0,103.80450439453125,276.11798095703125,1.0,168.69635009765625,271.0835876464844,1.0
324,129.7343292236328,205.89674377441406,1.0,124.06046295166016,238.95887756347656,1.0,112.36405181884766,228.46144104003906,1.0,100.67391967773438,229.72999572753906,1.0,161.17489624023438,222.44070434570312,1.0,179.26095581054688,219.39447021484375,1.0,124.45143127441406,259.89007568359375,1.0,103.60696411132812,276.14208984375,1.0,168.54962158203125,270.8631286621094,1.0
325,129.7144012451172,205.83901977539062,1.0,123.783447265625,238.90274047851562,1.0,112.32202911376953,228.36868286132812,1.0,100.50532531738281,229.51150512695312,1.0,161.0940399169922,222.3960418701172,1.0,179.06793212890625,219.55453491210938,1.0,124.1172103881836,259.7115173339844,1.0,103.82231903076172,276.2876892089844,1.0,168.45755004882812,271.2446594238281,1.0
326,128.7075653076172,206.949951171875,1.0,122.87423706054688,239.29769897460938,1.0,112.17181396484375,229.3712158203125,1.0,100.07389831542969,229.34010314941406,1.0,161.0569610595703,223.51771545410156,1.0,178.2991943359375,220.06459045410156,1.0,123.43498992919922,259.8926696777344,1.0,103.13615417480469,276.5243225097656,1.0,167.753173828125,271.2490234375,1.0
327,128.63226318359375,210.89080810546875,1.0,122.76476287841797,240.66925048828125,1.0,113.61771392822266,233.09051513671875,0.6241022348403931,100.8235092163086,231.42616271972656,1.0,166.03945922851562,228.89968872070312,0.0017675379058346152,179.1212158203125,224.8147735595703,1.0,122.21023559570312,259.8243408203125,1.0,101.66519927978516,276.208251953125,1.0,167.55470275878906,271.3043212890625,0.9999998807907104
328,128.1491241455078,211.595458984375,1.0,122.53176879882812,240.80020141601562,1.0,115.21089935302734,232.69166564941406,0.8247162699699402,102.12120819091797,231.76223754882812,1.0,165.80838012695312,229.28665161132812,0.004203698597848415,178.2711181640625,225.34002685546875,1.0,122.1823501586914,259.6898498535156,1.0,101.64036560058594,276.1573486328125,1.0,167.41793823242188,271.0599060058594,1.0
329,128.47100830078125,211.73776245117188,1.0,122.65422058105469,240.88563537597656,1.0,113.93632507324219,232.8404998779297,0.7986193299293518,101.78681182861328,231.07440185546875,1.0,166.98016357421875,229.43675231933594,0.0035299621522426605,180.45909118652344,225.1843719482422,1.0,122.21285247802734,259.8634033203125,1.0,101.70347595214844,276.25616455078125,1.0,167.59230041503906,271.4923095703125,1.0
330,128.47714233398438,209.97396850585938,1.0,123.1390380859375,240.17079162597656,1.0,113.97808837890625,231.69651794433594,0.9818175435066223,100.71956634521484,229.58689880371094,1.0,164.9623260498047,227.59584045410156,0.09429394453763962,179.36465454101562,223.06759643554688,1.0,122.44102478027344,259.5843200683594,1.0,102.00796508789062,276.26171875,1.0,167.84986877441406,271.527587890625,1.0
331,129.4360809326172,207.90415954589844,1.0,122.71529388427734,239.08297729492188,1.0,112.79524993896484,229.07276916503906,1.0,100.26970672607422,228.761474609375,1.0,163.0848846435547,223.8267059326172,1.0,179.35899353027344,221.55235290527344,1.0,123.02590942382812,259.3642272949219,1.0,102.39839935302734,276.2810974121094,1.0,167.33070373535156,271.5488586425781,1.0
332,130.09425354003906,207.13119506835938,1.0,122.690185546875,238.69488525390625,1.0,112.65452575683594,227.90362548828125,1.0,99.88213348388672,228.43551635742188,1.0,162.8010711669922,222.8816375732422,1.0,180.04959106445312,220.8229522705078,1.0,123.30148315429688,259.2003479003906,1.0,102.2862319946289,276.2635803222656,1.0,167.82147216796875,271.5266418457031,1.0
333,130.45828247070312,207.23085021972656,1.0,123.707763671875,238.35137939453125,1.0,112.77021026611328,226.73594665527344,1.0,100.65426635742188,229.01806640625,1.0,162.91497802734375,222.2644500732422,1.0,180.36599731445312,220.41343688964844,1.0,123.59317016601562,259.72088623046875,1.0,102.28285217285156,276.0748291015625,1.0,168.0003204345703,271.45208740234375,1.0
334,130.46958923339844,207.14651489257812,1.0,123.74649810791016,238.2441864013672,1.0,112.75834655761719,226.8960723876953,1.0,100.49786376953125,229.45306396484375,1.0,163.26560974121094,221.96633911132812,1.0,180.8689727783203,220.0777130126953,1.0,123.68364715576172,259.3077697753906,1.0,102.35782623291016,276.15936279296875,1.0,167.84628295898438,271.5899963378906,1.0
335,130.82286071777344,206.9917755126953,1.0,124.1462173461914,238.1033477783203,1.0,112.89625549316406,226.68490600585938,1.0,100.57416534423828,229.2062225341797,1.0,163.4273223876953,221.7459716796875,1.0,181.190673828125,219.9707794189453,1.0,123.9385986328125,259.5209655761719,1.0,102.60519409179688,276.1353454589844,1.0,167.9563446044922,271.5583801269531,1.0
336,130.82904052734375,206.74436950683594,1.0,124.11302185058594,238.3447265625,1.0,113.07672119140625,226.54335021972656,1.0,100.94701385498047,228.9828643798828,1.0,163.3868408203125,222.2006378173828,1.0,181.13394165039062,219.96446228027344,1.0,124.02230834960938,259.5666809082031,1.0,102.9666976928711,276.0775451660156,1.0,168.58291625976562,271.4922180175781,1.0
337,130.99237060546875,206.71517944335938,1.0,124.13309478759766,238.1920166015625,1.0,113.08977508544922,226.53829956054688,1.0,101.08911895751953,229.1436309814453,1.0,163.3509979248047,222.17645263671875,1.0,181.29112243652344,219.9556884765625,1.0,124.06317138671875,259.4496765136719,1.0,102.92593383789062,276.0703430175781,1.0,168.4392547607422,271.5076599121094,1.0
338,130.38229370117188,206.7986297607422,1.0,124.09768676757812,238.439697265625,1.0,112.73871612548828,226.82489013671875,1.0,100.64920043945312,229.28897094726562,1.0,161.84576416015625,222.4621124267578,1.0,180.80628967285156,220.03341674804688,1.0,123.80245971679688,259.38653564453125,1.0,102.9366226196289,276.0950622558594,1.0,167.86831665039062,271.47625732421875,1.0
339,130.0103302001953,206.497802734375,1.0,123.45733642578125,238.52394104003906,1.0,112.38092041015625,227.01763916015625,1.0,100.37347412109375,229.46168518066406,1.0,160.66612243652344,221.90447998046875,1.0,179.568359375,219.4199676513672,1.0,123.28438568115234,259.6407165527344,1.0,102.69647216796875,276.1114807128906,1.0,167.28240966796875,271.7722473144531,1.0
340,129.73690795898438,206.6873779296875,1.0,123.53524780273438,238.5685272216797,1.0,112.19642639160156,227.17080688476562,1.0,100.32585906982422,229.76165771484375,1.0,160.2833709716797,221.66673278808594,1.0,179.0170440673828,219.49322509765625,1.0,123.4051742553711,259.6422424316406,1.0,102.62194061279297,276.1211853027344,1.0,167.2967529296875,271.63189697265625,1.0
341,129.79954528808594,206.6006317138672,1.0,123.3685302734375,238.50453186035156,1.0,112.25460815429688,227.11814880371094,1.0,100.31200408935547,229.61512756347656,1.0,160.654296875,221.5918731689453,1.0,179.28219604492188,219.3324737548828,1.0,123.33937072753906,259.77532958984375,1.0,102.66078186035156,275.9970703125,1.0,167.38113403320312,271.5406494140625,1.0
342,130.32420349121094,206.60693359375,1.0,123.4727554321289,238.01809692382812,1.0,112.2315673828125,227.13775634765625,1.0,100.27020263671875,229.60244750976562,1.0,162.18882751464844,221.9009552001953,1.0,179.97500610351562,219.714599609375,1.0,123.50935363769531,259.3650207519531,1.0,102.58253479003906,275.94921875,1.0,167.47488403320312,271.40789794921875,1.0
343,130.38973999023438,206.795654296875,1.0,123.61251831054688,238.02220153808594,1.0,112.32830047607422,227.06411743164062,1.0,100.20848846435547,229.60816955566406,1.0,162.80223083496094,221.8153076171875,1.0,180.5667724609375,219.90992736816406,1.0,123.58906555175781,259.3812561035156,1.0,102.78418731689453,276.077392578125,1.0,167.76527404785156,271.59942626953125,1.0
344,130.34605407714844,206.81793212890625,1.0,123.91996765136719,238.19496154785156,1.0,112.73828887939453,227.08604431152344,1.0,100.20223236083984,229.4541778564453,1.0,163.1193389892578,221.92959594726562,1.0,180.8434295654297,219.862060546875,1.0,123.44766998291016,259.5899963378906,1.0,102.75697326660156,276.0469055175781,1.0,167.65821838378906,271.55206298828125,1.0
345,130.5519561767578,206.6566925048828,1.0,123.95398712158203,238.40892028808594,1.0,113.29192352294922,227.03843688964844,1.0,100.24053955078125,229.15628051757812,1.0,163.2549591064453,222.01495361328125,1.0,180.8816375732422,219.7452392578125,1.0,123.65524291992188,259.21661376953125,1.0,102.684814453125,275.69110107421875,1.0,167.69851684570312,271.59954833984375,1.0
346,130.52120971679688,206.78640747070312,1.0,124.13861846923828,238.27989196777344,1.0,112.76210021972656,227.1021728515625,1.0,100.17816162109375,229.38864135742188,1.0,163.20533752441406,222.0221710205078,1.0,180.8390655517578,219.61959838867188,1.0,123.77999877929688,259.323974609375,1.0,102.87135314941406,275.7773742675781,1.0,167.70408630371094,271.6593322753906,1.0
347,130.7359161376953,206.68919372558594,1.0,124.18644714355469,238.33372497558594,1.0,112.8794174194336,226.910400390625,1.0,100.32649993896484,229.2853240966797,1.0,163.43458557128906,222.14820861816406,1.0,181.14476013183594,219.82534790039062,1.0,123.72000885009766,259.33245849609375,1.0,102.79290771484375,275.7735900878906,1.0,167.64474487304688,271.79022216796875,1.0
348,130.94004821777344,206.5081787109375,1.0,124.33055877685547,238.2711181640625,1.0,113.56242370605469,227.2420654296875,1.0,100.14529418945312,229.51060485839844,1.0,163.7459259033203,222.43331909179688,1.0,181.63507080078125,220.00393676757812,1.0,123.89022064208984,259.4858703613281,1.0,103.05989837646484,276.042236328125,1.0,167.92442321777344,271.800048828125,1.0
349,131.2251739501953,206.76040649414062,1.0,124.4830093383789,238.2390899658203,1.0,113.56458282470703,227.29515075683594,1.0,100.17559051513672,229.47459411621094,1.0,163.78160095214844,222.36643981933594,1.0,181.5574951171875,219.9019775390625,1.0,123.84440612792969,259.4691467285156,1.0,103.08477783203125,275.9903259277344,1.0,167.8967742919922,271.93670654296875,1.0
350,131.27784729003906,206.66680908203125,1.0,124.58087921142578,238.19985961914062,1.0,113.65058135986328,227.1702880859375,1.0,100.13524627685547,229.6187286376953,1.0,163.8212127685547,222.33367919921875,1.0,181.54220581054688,219.96951293945312,1.0,123.93253326416016,259.5896911621094,1.0,103.13201141357422,275.8383483886719,1.0,168.0977783203125,271.7930908203125,1.0
351,131.47647094726562,206.7504119873047,1.0,124.64592742919922,238.19239807128906,1.0,113.73690032958984,227.23069763183594,1.0,100.33935546875,229.5860595703125,1.0,163.83338928222656,222.25347900390625,1.0,181.62969970703125,219.96168518066406,1.0,124.08155059814453,259.2526550292969,1.0,103.2230453491211,275.84722900390625,1.0,168.1002960205078,271.8342590332031,1.0
352,131.3828582763672,206.5657958984375,1.0,124.63272857666016,238.3394012451172,1.0,113.76446533203125,227.1900634765625,1.0,100.31768798828125,229.50845336914062,1.0,164.01004028320312,222.16094970703125,1.0,181.6535186767578,219.90484619140625,1.0,124.17110443115234,259.5960693359375,1.0,103.18768310546875,275.9861755371094,1.0,168.2218780517578,271.74951171875,1.0
353,131.63841247558594,206.48146057128906,1.0,124.92817687988281,238.03573608398438,1.0,113.80491638183594,227.07789611816406,1.0,100.44841766357422,229.29022216796875,1.0,163.93362426757812,221.97994995117188,1.0,181.57174682617188,219.896728515625,1.0,124.35618591308594,259.5029602050781,1.0,103.24039459228516,275.9393005371094,1.0,168.29815673828125,271.79302978515625,1.0
354,131.65017700195312,206.40481567382812,1.0,124.89745330810547,237.90789794921875,1.0,113.83318328857422,227.00819396972656,1.0,100.54048156738281,229.30517578125,1.0,163.789306640625,222.0021209716797,1.0,181.48431396484375,219.7847137451172,1.0,124.40284729003906,259.4927978515625,1.0,103.36093139648438,275.9985046386719,1.0,168.3748016357422,271.7239074707031,1.0
355,131.696044921875,206.4705352783203,1.0,124.84984588623047,237.9707489013672,1.0,113.91730499267578,226.92343139648438,1.0,100.7474136352539,229.17684936523438,1.0,163.75653076171875,222.0272216796875,1.0,181.4899444580078,219.70843505859375,1.0,124.45500183105469,259.4497375488281,1.0,103.19822692871094,275.80401611328125,1.0,168.2906494140625,271.80462646484375,1.0
356,131.7483367919922,206.30528259277344,1.0,124.92781829833984,238.094482421875,1.0,114.001220703125,226.7761688232422,1.0,100.2817153930664,229.10882568359375,1.0,163.82940673828125,222.08009338378906,1.0,181.61256408691406,219.5731201171875,1.0,124.54908752441406,259.5541076660156,1.0,103.39414978027344,275.8924560546875,1.0,168.29307556152344,271.863525390625,1.0
357,131.98793029785156,206.4917449951172,1.0,125.09016418457031,238.1130828857422,1.0,114.07415008544922,226.8804168701172,1.0,100.27523040771484,229.1656951904297,1.0,163.80897521972656,222.08642578125,1.0,181.609619140625,219.71559143066406,1.0,124.66410827636719,259.48248291015625,1.0,103.55020141601562,275.71624755859375,1.0,168.28407287597656,271.9781494140625,1.0
358,132.26646423339844,206.4534454345703,1.0,125.23346710205078,238.11312866210938,1.0,114.06063842773438,226.83245849609375,1.0,100.1946792602539,228.99868774414062,1.0,164.18328857421875,222.0609588623047,1.0,181.84713745117188,219.7028045654297,1.0,124.96717071533203,259.4339904785156,1.0,103.6337890625,275.7699890136719,1.0,168.53514099121094,271.8367004394531,1.0
359,132.19235229492188,206.32464599609375,1.0,125.30093383789062,238.10369873046875,1.0,114.0723876953125,226.79342651367188,1.0,100.30056762695312,228.87513732910156,1.0,164.218017578125,222.0046844482422,1.0,181.8599090576172,219.73983764648438,1.0,125.09888458251953,259.5928955078125,1.0,103.68826293945312,275.85015869140625,1.0,168.63218688964844,271.9297180175781,1.0
360,132.35494995117188,206.24758911132812,1.0,125.17698669433594,237.93826293945312,1.0,114.13284301757812,226.981689453125,1.0,101.37381744384766,229.1807861328125,1.0,164.28604125976562,222.2348175048828,1.0,182.09165954589844,219.91392517089844,1.0,125.13793182373047,259.3324279785156,1.0,103.78960418701172,275.8348693847656,1.0,168.87445068359375,271.7343444824219,1.0
361,132.2831573486328,206.09405517578125,1.0,125.12673950195312,238.01736450195312,1.0,114.14456939697266,226.94467163085938,1.0,101.3321304321289,229.14100646972656,1.0,164.32078552246094,222.1982421875,1.0,182.35992431640625,219.87367248535156,1.0,125.15142059326172,259.2701416015625,1.0,103.65633392333984,275.73150634765625,1.0,169.0173797607422,271.6953125,1.0
362,132.26768493652344,205.98451232910156,1.0,125.3517837524414,237.8131103515625,1.0,114.21915435791016,226.80258178710938,1.0,101.45479583740234,228.90298461914062,1.0,164.19061279296875,222.3086395263672,1.0,182.27676391601562,219.98509216308594,1.0,125.04457092285156,259.15667724609375,1.0,103.74427795410156,275.701904296875,1.0,168.9380340576172,271.9007263183594,1.0
363,132.43118286132812,206.1459197998047,1.0,125.33169555664062,238.05519104003906,1.0,114.25161743164062,226.92694091796875,1.0,101.4434814453125,229.1204833984375,1.0,164.40908813476562,222.3212127685547,1.0,182.4234619140625,219.8727569580078,1.0,125.10083770751953,259.3322448730469,1.0,103.81555938720703,275.6509704589844,1.0,168.98422241210938,271.8356628417969,1.0
364,132.4912567138672,206.13937377929688,1.0,125.40921020507812,238.0413360595703,1.0,114.3393783569336,226.8621368408203,1.0,101.48745727539062,229.03936767578125,1.0,164.4698944091797,222.32733154296875,1.0,182.36463928222656,219.91368103027344,1.0,125.19001770019531,259.1982116699219,1.0,103.92597198486328,275.5833435058594,1.0,168.87513732910156,271.9570007324219,1.0
365,132.56512451171875,206.23135375976562,1.0,125.5132064819336,237.9847869873047,1.0,114.30181121826172,226.90162658691406,1.0,101.44136047363281,229.14578247070312,1.0,164.4695587158203,222.3336944580078,1.0,182.546875,219.9990234375,1.0,125.19500732421875,259.197998046875,1.0,103.8709487915039,275.530029296875,1.0,169.08836364746094,271.9544677734375,1.0
366,132.78207397460938,206.09829711914062,1.0,125.61433410644531,237.8998565673828,1.0,114.31877899169922,226.92605590820312,1.0,101.50855255126953,229.33221435546875,1.0,164.66729736328125,222.4818115234375,1.0,182.471923828125,220.0650177001953,1.0,125.40283966064453,259.3264465332031,1.0,103.91059875488281,275.5506286621094,1.0,169.13731384277344,271.9107360839844,1.0
367,132.69700622558594,206.05599975585938,1.0,125.6769027709961,238.09324645996094,1.0,114.39083099365234,226.9059600830078,1.0,101.83099365234375,229.07200622558594,1.0,164.65106201171875,222.4881134033203,1.0,182.4582061767578,220.032470703125,1.0,125.51170349121094,259.2501220703125,1.0,104.02969360351562,275.5653076171875,1.0,169.21043395996094,271.8387145996094,1.0
368,132.84605407714844,206.00843811035156,1.0,125.82860565185547,238.08023071289062,1.0,114.35657501220703,226.8108367919922,1.0,101.70995330810547,229.04855346679688,1.0,164.7587432861328,222.51217651367188,1.0,182.38160705566406,220.11468505859375,1.0,125.6250991821289,259.19500732421875,1.0,104.02322387695312,275.66571044921875,1.0,169.23374938964844,271.80035400390625,1.0
369,132.88064575195312,206.19485473632812,1.0,126.02879333496094,237.9703826904297,1.0,114.30574798583984,226.80947875976562,1.0,101.6803970336914,229.13894653320312,1.0,164.7777099609375,222.44911193847656,1.0,182.5869140625,220.13609313964844,1.0,125.78362274169922,259.2137451171875,1.0,104.01774597167969,275.668212890625,1.0,169.20907592773438,272.01727294921875,1.0
370,132.87213134765625,206.3128662109375,1.0,125.99530029296875,238.09083557128906,1.0,114.34383392333984,226.80238342285156,1.0,101.79421997070312,229.14796447753906,1.0,164.72329711914062,222.44735717773438,1.0,182.39772033691406,219.95346069335938,1.0,125.79666137695312,259.0486145019531,1.0,104.0259780883789,275.5198059082031,1.0,169.4059600830078,271.8871765136719,1.0
371,132.98153686523438,206.3856201171875,1.0,125.88133239746094,238.21644592285156,1.0,114.36133575439453,226.98216247558594,1.0,101.8637466430664,229.00106811523438,1.0,165.7478790283203,224.00802612304688,1.0,182.43971252441406,220.8795166015625,1.0,125.63956451416016,259.2297058105469,1.0,104.20806884765625,275.5882873535156,1.0,169.00286865234375,271.87860107421875,1.0
372,132.2615509033203,210.0174102783203,1.0,125.46934509277344,241.07046508789062,1.0,117.7201156616211,230.798828125,0.03918996825814247,103.84142303466797,229.69488525390625,1.0,169.4337921142578,229.30064392089844,0.0014030641177669168,181.90382385253906,225.16722106933594,1.0,125.62646484375,258.9173889160156,1.0,103.5510025024414,275.6330261230469,1.0,169.94224548339844,272.03839111328125,0.9999998807907104
373,132.17755126953125,210.4628448486328,1.0,125.48564910888672,241.10708618164062,1.0,118.28124237060547,231.92874145507812,0.17625810205936432,104.75541687011719,231.1011199951172,1.0,173.2954559326172,227.58154296875,0.0010251591447740793,181.90048217773438,225.33999633789062,1.0,125.38545227050781,259.0120849609375,1.0,103.65763854980469,275.4942321777344,1.0,169.81886291503906,272.419189453125,0.9999998807907104
374,131.58323669433594,211.38157653808594,1.0,125.66783142089844,241.46536254882812,1.0,116.33049011230469,233.0789031982422,0.033970315009355545,103.49378204345703,231.6304168701172,1.0,173.73403930664062,227.75558471679688,0.001049100304953754,182.34689331054688,225.40420532226562,1.0,125.29830932617188,259.2566833496094,1.0,103.6458740234375,275.8556213378906,1.0,170.00454711914062,272.60601806640625,0.9999998807907104
375,132.05819702148438,211.46148681640625,1.0,125.80571746826172,241.42855834960938,1.0,115.94835662841797,232.62918090820312,0.02797807566821575,103.21412658691406,230.6552276611328,1.0,173.96719360351562,227.61831665039062,0.001479246187955141,183.17185974121094,225.67140197753906,1.0,125.44175720214844,259.0184631347656,1.0,103.5840072631836,275.5244140625,1.0,169.7148895263672,273.02777099609375,0.9999998807907104
376,132.67098999023438,209.78573608398438,1.0,125.69241333007812,240.60812377929688,1.0,116.71385192871094,230.6780548095703,0.9999531507492065,102.60088348388672,228.97703552246094,1.0,168.58807373046875,228.4087371826172,0.2959441542625427,182.22900390625,223.18357849121094,1.0,125.52538299560547,259.3376159667969,1.0,103.91787719726562,275.7508544921875,1.0,169.9600372314453,273.1361389160156,1.0
377,132.9210205078125,207.98184204101562,1.0,125.40835571289062,239.0449981689453,1.0,114.69490814208984,228.97764587402344,1.0,101.92636108398438,228.49221801757812,1.0,165.7729949951172,224.28819274902344,1.0,181.93692016601562,221.78184509277344,1.0,125.7999496459961,259.29052734375,1.0,104.18737030029297,275.5997009277344,1.0,168.77816772460938,272.0037536621094,1.0
378,132.94346618652344,207.55352783203125,1.0,125.80322265625,238.65895080566406,1.0,114.50677490234375,228.26388549804688,1.0,101.57720184326172,228.20059204101562,1.0,164.7233428955078,223.26150512695312,1.0,181.8212127685547,221.60972595214844,1.0,126.1392593383789,259.1188659667969,1.0,104.13316345214844,275.5611267089844,1.0,169.22512817382812,271.93804931640625,1.0
379,132.94374084472656,207.29745483398438,1.0,126.03886413574219,238.10479736328125,1.0,114.34358215332031,227.31179809570312,1.0,101.61720275878906,228.0868682861328,1.0,164.9365234375,222.53530883789062,1.0,182.6787872314453,221.3926544189453,1.0,126.0556869506836,258.9859619140625,1.0,104.09927368164062,275.49853515625,1.0,169.44485473632812,272.04193115234375,1.0
380,133.03614807128906,207.05441284179688,1.0,126.36199188232422,237.90834045410156,1.0,114.57928466796875,227.1414794921875,1.0,101.50971984863281,228.44927978515625,1.0,164.80120849609375,222.46493530273438,1.0,182.56829833984375,220.5906982421875,1.0,126.31373596191406,258.9638977050781,1.0,104.13297271728516,275.3532409667969,1.0,169.38681030273438,271.9223327636719,1.0
381,132.78851318359375,207.14442443847656,1.0,126.22160339355469,238.01702880859375,1.0,114.76846313476562,227.0579833984375,1.0,101.62248992919922,228.68820190429688,1.0,165.0338134765625,222.45578002929688,1.0,182.8112030029297,220.64035034179688,1.0,126.26602935791016,259.0462646484375,1.0,104.05339813232422,275.3733825683594,1.0,169.31288146972656,272.01556396484375,1.0
382,133.15895080566406,207.1884002685547,1.0,126.39413452148438,237.82861328125,1.0,114.76245880126953,226.83924865722656,1.0,102.0239486694336,229.3072052001953,1.0,164.9157257080078,222.11277770996094,1.0,182.90467834472656,220.21327209472656,1.0,126.34150695800781,259.1246643066406,1.0,104.1306381225586,275.40496826171875,1.0,169.4042205810547,271.9063720703125,1.0
383,133.0854034423828,206.93585205078125,1.0,126.48126220703125,237.8981475830078,1.0,114.84500885009766,226.65493774414062,1.0,102.03557586669922,229.16500854492188,1.0,164.8703155517578,222.12646484375,1.0,182.87770080566406,220.2095489501953,1.0,126.483154296875,259.2897033691406,1.0,104.17928314208984,275.3640441894531,1.0,169.3539276123047,271.94793701171875,1.0
384,133.1445770263672,206.79454040527344,1.0,126.54295349121094,237.9387664794922,1.0,114.96121215820312,226.4659881591797,1.0,102.31285095214844,229.2081298828125,1.0,164.77023315429688,221.91830444335938,1.0,182.79501342773438,219.83551025390625,1.0,126.84722137451172,259.15966796875,1.0,104.29110717773438,275.51263427734375,1.0,169.89205932617188,271.8622131347656,1.0
385,132.80609130859375,206.9475555419922,1.0,126.38006591796875,237.96868896484375,1.0,114.95867156982422,226.4955596923828,1.0,102.61868286132812,229.07969665527344,1.0,165.07310485839844,221.847900390625,1.0,182.8251953125,219.9813690185547,1.0,126.73075103759766,259.0425720214844,1.0,104.30170440673828,275.5042419433594,1.0,169.94686889648438,271.8331604003906,1.0
386,132.78103637695312,206.87489318847656,1.0,126.42802429199219,237.9893035888672,1.0,114.95532989501953,226.5439910888672,1.0,102.46644592285156,229.24447631835938,1.0,164.607666015625,221.87680053710938,1.0,182.79270935058594,219.93223571777344,1.0,126.75553894042969,259.10260009765625,1.0,104.29548645019531,275.7100524902344,1.0,169.97470092773438,271.71954345703125,1.0
387,132.92822265625,206.9194793701172,1.0,126.56316375732422,237.82196044921875,1.0,114.99049377441406,226.4781951904297,1.0,102.38020324707031,229.37191772460938,1.0,164.6595001220703,221.86656188964844,1.0,182.88336181640625,219.7262420654297,1.0,126.7757568359375,259.1210021972656,1.0,104.35335540771484,275.5914001464844,1.0,169.9563446044922,271.6907653808594,1.0
388,133.10450744628906,206.88485717773438,1.0,126.61795806884766,237.842529296875,1.0,115.136962890625,226.35289001464844,1.0,102.437744140625,229.3990020751953,1.0,164.61453247070312,221.79449462890625,1.0,182.9241943359375,219.78900146484375,1.0,126.72328186035156,259.0275573730469,1.0,104.31231689453125,275.6664123535156,1.0,170.36697387695312,271.7892150878906,1.0
389,133.23724365234375,206.88108825683594,1.0,126.75686645507812,237.72596740722656,1.0,115.2196044921875,226.27114868164062,1.0,102.56546783447266,229.33062744140625,1.0,164.8055877685547,221.81300354003906,1.0,183.2274932861328,219.89024353027344,1.0,126.87847137451172,259.05255126953125,1.0,104.35639190673828,275.5356750488281,1.0,170.3605499267578,271.8563232421875,1.0
390,133.04644775390625,206.76026916503906,1.0,126.68147277832031,238.02703857421875,1.0,115.1982421875,226.4278564453125,1.0,102.4267807006836,229.5067901611328,1.0,164.9373321533203,221.75904846191406,1.0,183.34207153320312,219.80084228515625,1.0,126.76984405517578,259.096923828125,1.0,104.46654510498047,275.6913146972656,1.0,170.34490966796875,271.967529296875,1.0
391,133.2064971923828,206.78298950195312,1.0,126.6904525756836,237.9663543701172,1.0,115.23612976074219,226.45753479003906,1.0,102.41263580322266,229.5204315185547,1.0,165.00958251953125,221.6524658203125,1.0,183.3557891845703,219.7613067626953,1.0,126.74234008789062,259.1142578125,1.0,104.58597564697266,275.6424560546875,1.0,170.47198486328125,271.94549560546875,1.0
392,133.2693634033203,206.5972442626953,1.0,126.91162109375,237.8760223388672,1.0,115.23927307128906,226.2664794921875,1.0,102.25666809082031,229.43377685546875,1.0,165.09410095214844,221.64865112304688,1.0,183.507568359375,219.79588317871094,1.0,126.93778991699219,259.1559143066406,1.0,104.61953735351562,275.5282287597656,1.0,170.524658203125,272.0235900878906,1.0
393,133.7357177734375,206.54627990722656,1.0,127.03102111816406,237.89739990234375,1.0,115.40260314941406,226.25621032714844,1.0,102.39952850341797,229.30760192871094,1.0,166.11160278320312,221.7415313720703,1.0,183.87611389160156,220.02337646484375,1.0,127.0562973022461,259.2562561035156,1.0,104.91958618164062,275.6222839355469,1.0,170.7734832763672,271.7963562011719,1.0
394,133.81861877441406,206.8091278076172,1.0,126.96978759765625,237.94229125976562,1.0,115.52133178710938,226.36981201171875,1.0,102.40962982177734,229.2327880859375,1.0,166.8389892578125,221.6365203857422,1.0,184.23057556152344,220.0626983642578,1.0,126.990234375,259.11895751953125,1.0,105.01948547363281,275.6905822753906,1.0,170.8646697998047,271.7274169921875,1.0
395,134.1444549560547,206.98709106445312,1.0,127.09056854248047,237.92213439941406,1.0,115.64257049560547,226.3011016845703,1.0,102.42423248291016,229.28489685058594,1.0,166.8807373046875,221.50563049316406,1.0,184.49839782714844,220.7318572998047,1.0,127.05905151367188,259.05316162109375,1.0,105.04232025146484,275.5543518066406,1.0,170.99317932128906,271.74884033203125,1.0
396,134.22116088867188,206.38052368164062,1.0,127.37567901611328,237.7560272216797,1.0,115.73660278320312,226.2542266845703,1.0,101.86270141601562,228.5634307861328,1.0,167.36265563964844,221.62521362304688,1.0,184.73886108398438,220.3336944580078,1.0,127.40738677978516,258.6591796875,1.0,105.03116607666016,275.478271484375,1.0,171.37091064453125,271.62030029296875,1.0
397,134.155517578125,206.52076721191406,1.0,127.372802734375,237.68963623046875,1.0,115.66880798339844,226.3291015625,1.0,101.93158721923828,228.7165985107422,1.0,167.49806213378906,221.70677185058594,1.0,184.6582794189453,220.306640625,1.0,127.37873077392578,258.62335205078125,1.0,105.06903076171875,275.4183044433594,1.0,171.283935546875,271.7281494140625,1.0
398,134.22360229492188,206.60272216796875,1.0,127.50227355957031,237.6097869873047,1.0,115.83525848388672,226.31149291992188,1.0,102.08528900146484,228.67156982421875,1.0,167.6104278564453,221.69802856445312,1.0,184.71319580078125,220.2381134033203,1.0,127.66133117675781,258.6595458984375,1.0,105.05729675292969,275.2906799316406,1.0,171.4601593017578,271.86456298828125,1.0
399,134.33856201171875,206.61343383789062,1.0,127.64495086669922,237.65760803222656,1.0,115.92239379882812,226.2970733642578,1.0,102.0762710571289,228.72268676757812,1.0,167.85317993164062,221.71719360351562,1.0,184.86068725585938,220.3029022216797,1.0,127.67234802246094,258.7338562011719,1.0,105.23188781738281,275.359130859375,1.0,171.24844360351562,271.9186096191406,1.0
400,135.68072509765625,206.9505615234375,1.0,129.166015625,237.86083984375,1.0,117.83518981933594,226.94248962402344,1.0,103.81949615478516,228.3569793701172,1.0,170.26022338867188,222.39144897460938,1.0,186.9298858642578,220.9908447265625,1.0,129.9832763671875,258.3157653808594,1.0,106.70321655273438,275.4511413574219,1.0,172.4573516845703,272.1462097167969,1.0
401,139.50433349609375,206.3459014892578,1.0,133.1829376220703,237.64210510253906,1.0,120.93061828613281,225.6300811767578,1.0,106.1759262084961,225.59823608398438,1.0,173.4576416015625,222.83822631835938,1.0,189.6339874267578,222.32794189453125,1.0,133.55238342285156,258.5386047363281,1.0,108.34066009521484,274.69635009765625,1.0,174.21815490722656,272.4683837890625,1.0
402,140.07850646972656,205.93014526367188,1.0,133.92079162597656,237.613037109375,1.0,121.2810287475586,225.8651580810547,1.0,106.9889144897461,226.7958984375,1.0,174.04171752929688,222.81216430664062,1.0,190.01568603515625,222.37893676757812,1.0,134.90020751953125,258.5162353515625,1.0,109.30155944824219,275.0172119140625,1.0,175.4198455810547,272.3236083984375,1.0
403,140.33969116210938,206.46023559570312,1.0,134.35801696777344,237.5184783935547,1.0,121.56927490234375,226.11886596679688,1.0,107.01528930664062,226.920654296875,1.0,174.25521850585938,222.9290771484375,1.0,190.4060821533203,222.53627014160156,1.0,135.53245544433594,258.1152038574219,1.0,109.6638412475586,274.9471130371094,1.0,175.86097717285156,272.243896484375,1.0
404,140.66761779785156,206.6496124267578,1.0,134.73605346679688,237.6781768798828,1.0,121.65725708007812,225.9531707763672,1.0,107.1882553100586,226.94381713867188,1.0,174.30072021484375,222.99197387695312,1.0,190.56317138671875,222.40528869628906,1.0,135.96493530273438,258.0805969238281,1.0,109.71060943603516,274.93994140625,1.0,176.0571746826172,272.1126708984375,1.0
405,140.5885772705078,206.62879943847656,1.0,134.91566467285156,237.71009826660156,1.0,121.80911254882812,225.97572326660156,1.0,107.22030639648438,226.93707275390625,1.0,174.28134155273438,222.95132446289062,1.0,190.7512969970703,222.5750732421875,1.0,136.08380126953125,258.2296142578125,1.0,109.81599426269531,274.9152526855469,1.0,176.06642150878906,272.24835205078125,1.0
406,140.7494354248047,206.65139770507812,1.0,135.1033477783203,237.6892852783203,1.0,121.88703918457031,225.97959899902344,1.0,107.22594451904297,226.89865112304688,1.0,174.4681396484375,222.976806640625,1.0,190.82919311523438,222.68299865722656,1.0,136.3544464111328,258.24945068359375,1.0,109.78915405273438,274.8873291015625,1.0,176.1052703857422,272.30657958984375,1.0
407,140.78013610839844,206.6078643798828,1.0,135.12286376953125,237.76087951660156,1.0,122.10919952392578,226.01315307617188,1.0,107.34717559814453,226.899658203125,1.0,174.62954711914062,223.1520233154297,1.0,190.99847412109375,222.7568359375,1.0,136.23699951171875,258.13018798828125,1.0,109.94026947021484,274.9159240722656,1.0,176.16748046875,272.3578796386719,1.0
408,140.9762725830078,206.8625946044922,1.0,135.49427795410156,237.54791259765625,1.0,122.42064666748047,225.89825439453125,1.0,107.47697448730469,226.997314453125,1.0,174.5986785888672,223.20938110351562,1.0,190.94259643554688,222.7998504638672,1.0,136.2910919189453,257.8209533691406,1.0,109.79015350341797,274.8021240234375,1.0,176.27835083007812,272.5976257324219,1.0
409,141.1514129638672,206.8667755126953,1.0,135.60256958007812,237.5517120361328,1.0,122.41648864746094,225.83937072753906,1.0,107.43729400634766,226.98573303222656,1.0,174.7813262939453,223.29006958007812,1.0,191.04788208007812,223.00692749023438,1.0,136.37803649902344,257.8628234863281,1.0,109.73230743408203,274.7496337890625,1.0,176.5003662109375,272.4803466796875,1.0
410,141.7860565185547,207.26629638671875,1.0,136.4861602783203,237.69766235351562,1.0,122.68790435791016,225.82521057128906,1.0,107.55598449707031,226.71572875976562,1.0,175.34042358398438,223.4307403564453,1.0,191.59043884277344,222.6797637939453,1.0,136.8875274658203,257.9756774902344,1.0,110.01004791259766,274.6492919921875,1.0,176.56405639648438,272.2223205566406,1.0
411,144.70555114746094,206.9524383544922,1.0,139.37222290039062,236.78555297851562,1.0,123.51876831054688,225.3563232421875,1.0,108.50688934326172,225.672607421875,1.0,177.11282348632812,224.25732421875,1.0,193.79112243652344,223.48292541503906,1.0,139.06829833984375,257.55755615234375,1.0,112.21604919433594,273.2530212402344,1.0,177.55738830566406,272.59466552734375,1.0
412,146.07025146484375,206.90170288085938,1.0,140.82861328125,236.68161010742188,1.0,124.49885559082031,224.7162322998047,1.0,110.52632904052734,224.7469024658203,1.0,177.7501220703125,224.2887725830078,1.0,194.5511016845703,223.2598419189453,1.0,140.58782958984375,257.7166748046875,1.0,113.09591674804688,273.15692138671875,1.0,178.3208465576172,272.78253173828125,1.0
413,146.84947204589844,206.6732635498047,1.0,141.14292907714844,236.6377410888672,1.0,125.02902221679688,224.24159240722656,1.0,111.45375061035156,224.10350036621094,1.0,178.41287231445312,224.17489624023438,1.0,194.90823364257812,223.45188903808594,1.0,141.36376953125,257.8473205566406,1.0,113.68052673339844,273.0028076171875,1.0,178.99205017089844,272.7869567871094,1.0
414,147.4859161376953,206.9044647216797,1.0,141.60186767578125,236.38250732421875,1.0,125.2054672241211,224.09942626953125,1.0,111.67654418945312,224.59400939941406,1.0,178.6424102783203,224.33096313476562,1.0,194.91488647460938,223.6947021484375,1.0,141.75384521484375,257.8021240234375,1.0,113.96829223632812,272.9879455566406,1.0,179.2281036376953,272.8209228515625,1.0
415,147.8284149169922,206.70803833007812,1.0,142.0655975341797,236.31683349609375,1.0,125.5184326171875,224.16079711914062,1.0,111.46949005126953,225.0724334716797,1.0,179.05096435546875,224.22747802734375,1.0,195.5388641357422,223.9103240966797,1.0,142.3201446533203,257.8707580566406,1.0,114.10445404052734,272.9732666015625,1.0,179.56280517578125,272.90081787109375,1.0
416,149.14639282226562,206.75462341308594,1.0,143.24038696289062,236.67018127441406,1.0,126.23345947265625,224.09384155273438,1.0,112.1014633178711,224.32557678222656,1.0,180.31546020507812,224.7774658203125,1.0,196.66468811035156,223.83648681640625,1.0,143.11544799804688,257.74432373046875,1.0,115.03623962402344,272.8736877441406,1.0,180.51980590820312,273.23797607421875,1.0
417,150.15451049804688,206.74444580078125,1.0,144.01478576660156,236.6968994140625,1.0,126.55199432373047,224.0623016357422,1.0,112.69505310058594,224.43429565429688,1.0,181.47235107421875,224.66258239746094,1.0,197.60670471191406,223.91542053222656,1.0,144.24082946777344,257.8631896972656,1.0,116.08511352539062,272.77276611328125,1.0,181.6904754638672,273.2161865234375,1.0
418,151.405029296875,206.84518432617188,1.0,145.4033966064453,236.83731079101562,1.0,128.1122589111328,224.48292541503906,1.0,114.40886688232422,223.47764587402344,1.0,182.5952606201172,224.7905731201172,1.0,199.07386779785156,224.46051025390625,1.0,145.94761657714844,257.6166687011719,1.0,117.0022201538086,272.7947692871094,1.0,182.95257568359375,273.1732482910156,1.0
419,152.39955139160156,207.1289825439453,1.0,146.5648651123047,236.76612854003906,1.0,129.3265380859375,225.04518127441406,1.0,115.45719909667969,223.3533935546875,1.0,183.65963745117188,224.72140502929688,1.0,200.04051208496094,224.283447265625,1.0,146.82920837402344,257.9924621582031,1.0,116.9430160522461,272.452392578125,1.0,183.7256317138672,273.1884765625,1.0
420,152.80018615722656,206.98037719726562,1.0,147.2154083251953,236.75669860839844,1.0,129.50193786621094,224.48870849609375,1.0,115.40058898925781,223.46070861816406,1.0,183.77093505859375,224.8785400390625,1.0,199.97409057617188,224.3297119140625,1.0,147.3854522705078,258.11376953125,1.0,117.43754577636719,273.0786437988281,1.0,183.69635009765625,273.1313781738281,1.0
421,153.0260467529297,206.87124633789062,1.0,147.29620361328125,236.74391174316406,1.0,129.65855407714844,224.37191772460938,1.0,115.24411010742188,223.57684326171875,1.0,184.1649627685547,224.9076385498047,1.0,200.22509765625,224.36264038085938,1.0,147.46524047851562,258.1165466308594,1.0,117.56059265136719,273.0304260253906,1.0,183.74208068847656,273.0596008300781,1.0
422,153.34963989257812,206.80642700195312,1.0,147.85658264160156,236.68997192382812,1.0,129.74269104003906,224.12106323242188,1.0,115.51051330566406,223.87550354003906,1.0,184.3198699951172,224.9448699951172,1.0,200.36170959472656,224.66831970214844,1.0,148.04354858398438,258.2801208496094,1.0,117.73929595947266,272.9163818359375,1.0,183.939453125,273.17376708984375,1.0
423,153.53799438476562,206.78733825683594,1.0,148.0238037109375,236.7832489013672,1.0,130.12698364257812,224.4232177734375,1.0,115.83041381835938,223.80813598632812,1.0,184.5286407470703,224.8851318359375,1.0,200.527587890625,224.63510131835938,1.0,148.1595916748047,258.27154541015625,1.0,118.05091857910156,273.03436279296875,1.0,184.1322479248047,273.092041015625,1.0
424,152.55174255371094,209.74880981445312,1.0,146.6071319580078,237.36465454101562,1.0,131.4637908935547,228.19056701660156,0.9704899191856384,114.873291015625,223.81642150878906,1.0,188.8517303466797,226.82809448242188,0.0018039372516795993,198.02145385742188,225.50379943847656,1.0,147.45687866210938,256.4788818359375,1.0,117.31013488769531,273.14752197265625,1.0,184.10330200195312,273.9580993652344,1.0
425,148.81187438964844,210.58346557617188,1.0,145.23077392578125,238.89695739746094,1.0,132.67498779296875,230.36708068847656,0.0019860428292304277,115.41732025146484,227.47750854492188,1.0,183.03082275390625,231.3566131591797,0.002055374439805746,195.84481811523438,227.9206085205078,1.0,145.2791290283203,256.8569030761719,1.0,115.35044860839844,274.0202941894531,1.0,183.0718231201172,273.8184509277344,1.0
426,148.17913818359375,210.7935791015625,1.0,143.74234008789062,238.9823455810547,1.0,128.388427734375,230.75509643554688,0.0033002225682139397,113.18172454833984,226.69679260253906,1.0,182.14813232421875,230.48699951171875,0.0016973894089460373,195.01998901367188,227.59939575195312,1.0,144.2632598876953,256.53692626953125,1.0,114.94120788574219,274.325439453125,1.0,181.73989868164062,273.64208984375,1.0
427,147.70904541015625,209.8448944091797,1.0,142.90765380859375,238.10122680664062,1.0,127.03201293945312,230.0367889404297,0.9877034425735474,112.1975326538086,226.02061462402344,1.0,181.4381103515625,229.3426513671875,0.020528240129351616,194.50726318359375,226.07009887695312,1.0,143.6245880126953,257.4419250488281,1.0,114.88459014892578,274.1533203125,1.0,181.7264404296875,273.194580078125,1.0
428,147.05877685546875,208.49957275390625,1.0,142.6067352294922,237.32791137695312,1.0,124.57440185546875,226.8988494873047,1.0,112.03785705566406,225.3470001220703,1.0,178.77174377441406,226.12879943847656,1.0,193.64053344726562,224.06753540039062,1.0,143.36253356933594,257.912109375,1.0,115.21376037597656,274.4321594238281,1.0,180.96392822265625,272.765625,1.0
429,146.9449920654297,207.71331787109375,1.0,142.25210571289062,236.6556396484375,1.0,124.6864242553711,226.1294403076172,1.0,112.51609802246094,225.90965270996094,1.0,177.60960388183594,224.88975524902344,1.0,193.4167022705078,223.28550720214844,1.0,143.05487060546875,258.31787109375,1.0,115.22740173339844,274.3526306152344,1.0,181.0176544189453,272.8369140625,1.0
430,146.48878479003906,208.07498168945312,1.0,142.29209899902344,237.11741638183594,1.0,124.31278228759766,226.0861358642578,1.0,111.68890380859375,225.65652465820312,1.0,177.21253967285156,224.57630920410156,1.0,194.0189208984375,223.38375854492188,1.0,142.8350372314453,258.6522521972656,1.0,115.04772186279297,274.2616271972656,1.0,181.22067260742188,272.9080810546875,1.0
431,146.31927490234375,207.82510375976562,1.0,142.15785217285156,237.1804656982422,1.0,124.18629455566406,226.36239624023438,1.0,111.47838592529297,226.28265380859375,1.0,176.8979034423828,224.14944458007812,1.0,194.0213165283203,223.2398681640625,1.0,142.78323364257812,258.8337097167969,1.0,115.022705078125,274.23565673828125,1.0,180.93777465820312,273.0798034667969,1.0
432,146.30580139160156,207.25439453125,1.0,141.73861694335938,237.29388427734375,1.0,123.914794921875,225.94271850585938,1.0,111.62995910644531,226.70265197753906,1.0,176.3060302734375,223.94049072265625,1.0,194.12001037597656,223.06201171875,1.0,142.4576416015625,258.8811340332031,1.0,114.73855590820312,274.5823669433594,1.0,180.45631408691406,273.30682373046875,1.0
433,146.18817138671875,207.27041625976562,1.0,141.69369506835938,237.55667114257812,1.0,123.90384674072266,226.03958129882812,1.0,111.69525146484375,226.69955444335938,1.0,176.4578399658203,223.90357971191406,1.0,194.0211944580078,223.12982177734375,1.0,142.30453491210938,258.8620300292969,1.0,114.31123352050781,274.4654541015625,1.0,180.41421508789062,272.9703674316406,1.0
434,146.3256072998047,207.2761688232422,1.0,141.5836639404297,237.51353454589844,1.0,123.8314208984375,226.04354858398438,1.0,111.6717758178711,226.80624389648438,1.0,176.39328002929688,223.75506591796875,1.0,193.79718017578125,222.8328094482422,1.0,142.13111877441406,258.76593017578125,1.0,114.15573120117188,273.88629150390625,1.0,180.35975646972656,272.8774108886719,1.0
435,146.16256713867188,207.38873291015625,1.0,141.4770050048828,237.4210662841797,1.0,123.62451934814453,226.0049591064453,1.0,111.4535140991211,226.91531372070312,1.0,176.16436767578125,223.64111328125,1.0,193.68710327148438,222.8136444091797,1.0,141.8895721435547,258.8265075683594,1.0,113.89274597167969,274.088623046875,1.0,180.15650939941406,272.90374755859375,1.0
436,145.9443359375,207.51809692382812,1.0,141.2759552001953,237.54605102539062,1.0,123.6326675415039,226.071044921875,1.0,111.44654083251953,226.7781524658203,1.0,176.12539672851562,223.59127807617188,1.0,193.72264099121094,222.86856079101562,1.0,141.69650268554688,258.8742370605469,1.0,113.8504638671875,273.99359130859375,1.0,179.76089477539062,272.9079895019531,1.0
437,145.92886352539062,207.334716796875,1.0,141.20394897460938,237.39715576171875,1.0,123.6187515258789,226.00221252441406,1.0,111.19525909423828,226.74510192871094,1.0,176.066162109375,223.50767517089844,1.0,193.7515869140625,223.07183837890625,1.0,141.55520629882812,258.7140808105469,1.0,113.91769409179688,274.05926513671875,1.0,179.80111694335938,272.71649169921875,1.0
438,145.40234375,207.25828552246094,1.0,140.85971069335938,237.3160858154297,1.0,123.56615447998047,225.9867706298828,1.0,111.09070587158203,226.57931518554688,1.0,175.877685546875,223.4278106689453,1.0,193.6754913330078,223.05799865722656,1.0,141.21168518066406,258.76806640625,1.0,113.89710998535156,274.10894775390625,1.0,179.68206787109375,272.8424377441406,1.0
439,145.05795288085938,207.4991912841797,1.0,140.43994140625,237.3680877685547,1.0,123.37406921386719,226.0082244873047,1.0,110.8804702758789,226.5644989013672,1.0,175.9927520751953,224.02976989746094,1.0,192.96762084960938,223.5238037109375,1.0,140.9723358154297,258.80096435546875,1.0,113.7019271850586,274.0461120605469,1.0,179.22288513183594,272.8564147949219,1.0
440,144.19081115722656,207.86146545410156,1.0,139.61422729492188,238.00668334960938,1.0,123.19249725341797,227.21080017089844,1.0,110.25753021240234,225.93833923339844,1.0,176.46885681152344,225.9416046142578,0.9999998807907104,191.94381713867188,223.5081024169922,1.0,140.6285858154297,259.2161865234375,1.0,113.71260070800781,274.4273986816406,1.0,178.72335815429688,272.6007995605469,1.0
441,144.0216064453125,207.9991912841797,1.0,139.20339965820312,238.13302612304688,1.0,123.12801361083984,228.32977294921875,1.0,110.19127655029297,225.93728637695312,1.0,175.9766845703125,226.24876403808594,0.9999998807907104,191.66156005859375,223.2760009765625,1.0,140.14541625976562,259.21295166015625,1.0,112.31098175048828,275.02490234375,1.0,178.23377990722656,272.6626281738281,1.0
442,143.8234405517578,208.42388916015625,1.0,138.2126007080078,238.31602478027344,1.0,122.98721313476562,228.3651580810547,1.0,109.83747863769531,226.1040802001953,1.0,175.0839080810547,225.63687133789062,1.0,191.7029266357422,223.21063232421875,1.0,139.4528350830078,258.5918273925781,1.0,111.89926147460938,274.9326477050781,1.0,177.7572479248047,272.691650390625,1.0
443,143.73648071289062,208.34425354003906,1.0,137.8593292236328,238.45555114746094,1.0,122.90464782714844,228.39918518066406,1.0,109.88154602050781,226.26844787597656,1.0,175.0917205810547,225.46487426757812,1.0,191.4324493408203,223.05108642578125,1.0,139.3095703125,258.47381591796875,1.0,111.48178100585938,274.86004638671875,1.0,177.73658752441406,272.7544860839844,1.0
444,143.71670532226562,207.32225036621094,1.0,138.011962890625,237.95155334472656,1.0,122.10629272460938,227.68490600585938,1.0,109.90443420410156,226.4043731689453,1.0,174.73500061035156,225.24755859375,1.0,191.44793701171875,223.2042694091797,1.0,139.284423828125,258.5718078613281,1.0,111.8885269165039,275.1036376953125,1.0,177.53611755371094,272.82598876953125,1.0
445,143.61468505859375,207.5458526611328,1.0,137.91685485839844,237.80886840820312,1.0,122.7015151977539,228.19644165039062,1.0,109.69488525390625,226.46142578125,1.0,174.65052795410156,225.29481506347656,1.0,191.427490234375,223.15380859375,1.0,139.01483154296875,258.3908386230469,1.0,111.95313262939453,275.0931701660156,1.0,177.28082275390625,272.7980651855469,1.0
446,143.48902893066406,207.56869506835938,1.0,137.710693359375,237.82003784179688,1.0,122.5567626953125,228.37034606933594,1.0,109.43465423583984,226.6750946044922,1.0,174.6122283935547,225.21348571777344,1.0,191.38424682617188,223.26275634765625,1.0,138.90011596679688,258.753662109375,1.0,111.90238189697266,275.0527038574219,1.0,177.11993408203125,272.93487548828125,1.0
447,143.2539520263672,207.8133087158203,1.0,137.4288787841797,238.00418090820312,1.0,122.40348052978516,228.3480682373047,1.0,109.38715362548828,226.8882598876953,1.0,174.31466674804688,225.0853271484375,1.0,191.08323669433594,223.257080078125,1.0,138.78466796875,258.7833557128906,1.0,111.69221496582031,275.09796142578125,1.0,177.0699005126953,272.88665771484375,1.0
448,142.87423706054688,207.82437133789062,1.0,137.18698120117188,238.17807006835938,1.0,121.71687316894531,227.9349822998047,1.0,109.30455780029297,226.83238220214844,1.0,174.117431640625,224.93960571289062,1.0,190.9907684326172,223.20367431640625,1.0,138.5601043701172,258.8387145996094,1.0,111.71039581298828,275.22064208984375,1.0,177.0967254638672,272.86944580078125,1.0
449,142.9217987060547,207.7194366455078,1.0,137.0872039794922,238.10421752929688,1.0,121.60929107666016,227.88726806640625,1.0,109.31912994384766,226.88455200195312,1.0,174.2715606689453,224.841552734375,1.0,191.06747436523438,223.25665283203125,1.0,138.4933319091797,258.7159423828125,1.0,111.76889038085938,275.14306640625,1.0,176.99049377441406,272.92340087890625,1.0
450,142.7448272705078,207.8994903564453,1.0,137.150634765625,238.15330505371094,1.0,121.54933166503906,227.88690185546875,1.0,109.3430404663086,226.975830078125,1.0,174.16976928710938,224.5941162109375,1.0,190.9152069091797,223.51171875,1.0,138.63308715820312,258.9900207519531,1.0,111.65470886230469,275.21978759765625,1.0,177.1307373046875,272.9007263183594,1.0
451,142.81207275390625,208.0330047607422,1.0,137.18125915527344,238.068359375,1.0,122.16329956054688,228.3740997314453,1.0,109.19512176513672,226.90234375,1.0,174.2111358642578,224.56800842285156,1.0,190.719970703125,223.47976684570312,1.0,138.5201416015625,258.9029235839844,1.0,111.60187530517578,275.1337585449219,1.0,177.101318359375,272.96246337890625,1.0
452,142.91004943847656,207.99583435058594,1.0,137.36294555664062,237.92578125,1.0,122.26604461669922,228.3190460205078,1.0,109.20635986328125,226.8497314453125,1.0,174.08053588867188,224.29295349121094,1.0,190.73658752441406,223.58401489257812,1.0,138.67080688476562,258.9324645996094,1.0,111.5977554321289,275.2215270996094,1.0,177.34893798828125,272.7973327636719,1.0
453,142.8871612548828,207.92938232421875,1.0,137.32931518554688,238.06658935546875,1.0,122.2813491821289,228.42929077148438,1.0,109.19347381591797,227.06375122070312,1.0,174.07110595703125,224.28323364257812,1.0,190.825439453125,223.6693878173828,1.0,138.6471405029297,258.85302734375,1.0,111.61106872558594,275.16705322265625,1.0,177.41961669921875,272.7856750488281,1.0
454,142.7727508544922,207.99293518066406,1.0,137.24441528320312,238.1603546142578,1.0,121.6236572265625,227.8273468017578,1.0,109.23834228515625,226.98350524902344,1.0,174.19119262695312,224.2492218017578,1.0,190.6821746826172,223.8081512451172,1.0,138.69808959960938,258.726318359375,1.0,111.62226104736328,275.235595703125,1.0,177.34556579589844,272.86407470703125,1.0
455,142.79501342773438,208.00209045410156,1.0,137.1359405517578,238.18019104003906,1.0,121.67630004882812,227.86842346191406,1.0,109.05183410644531,226.9559783935547,1.0,174.2026824951172,224.2525177001953,1.0,190.5456085205078,223.73963928222656,1.0,138.53817749023438,258.52117919921875,1.0,111.56605529785156,275.2958679199219,1.0,177.29331970214844,272.83782958984375,1.0
456,142.9608154296875,208.22833251953125,1.0,136.86009216308594,238.52951049804688,1.0,121.85258483886719,227.57424926757812,1.0,109.12468719482422,227.36270141601562,1.0,174.28700256347656,224.4862518310547,1.0,190.8577117919922,223.72378540039062,1.0,138.19766235351562,258.35992431640625,1.0,111.2374267578125,275.3892517089844,1.0,177.22682189941406,272.65716552734375,1.0
457,143.0355682373047,208.17910766601562,1.0,136.93585205078125,238.59046936035156,1.0,121.88109588623047,227.56643676757812,1.0,109.26962280273438,227.34197998046875,1.0,174.28269958496094,224.51126098632812,1.0,190.9342041015625,223.6636962890625,1.0,138.16844177246094,258.2532958984375,1.0,111.25892639160156,275.2947998046875,1.0,177.17588806152344,272.7059020996094,1.0
458,143.0896453857422,208.43112182617188,1.0,136.8653106689453,238.5105743408203,1.0,121.83039855957031,227.66697692871094,1.0,109.03656005859375,227.3538360595703,1.0,174.39002990722656,224.8148193359375,1.0,191.07980346679688,223.6995391845703,1.0,138.1708221435547,258.2599792480469,1.0,111.28275299072266,275.4473876953125,1.0,177.1512451171875,272.68731689453125,1.0
459,143.24151611328125,208.81687927246094,1.0,136.7241973876953,238.62176513671875,1.0,122.88536834716797,229.1851043701172,1.0,108.68501281738281,227.05519104003906,1.0,174.48483276367188,225.4855194091797,1.0,191.3337860107422,223.28781127929688,1.0,137.9816436767578,258.14117431640625,1.0,111.27587127685547,275.5365905761719,1.0,177.05758666992188,272.7237854003906,1.0
460,142.88702392578125,208.6217041015625,1.0,136.5005645751953,238.54071044921875,1.0,122.55952453613281,229.11253356933594,1.0,108.505859375,226.840087890625,1.0,174.3736114501953,225.5308837890625,1.0,191.0924072265625,223.5602264404297,1.0,137.80426025390625,258.1330871582031,1.0,111.09598541259766,275.556884765625,1.0,177.00143432617188,272.78082275390625,1.0
461,142.70562744140625,208.67544555664062,1.0,136.55271911621094,238.6597442626953,1.0,122.52970123291016,229.0205535888672,1.0,108.43982696533203,226.67247009277344,1.0,174.33689880371094,225.61497497558594,1.0,190.9405059814453,223.62661743164062,1.0,137.8426513671875,258.40838623046875,1.0,111.08451080322266,275.4882507324219,1.0,176.8939666748047,272.8191223144531,1.0
462,142.59609985351562,208.708251953125,1.0,136.41000366210938,238.80389404296875,1.0,122.43424987792969,229.1596221923828,1.0,108.29776000976562,226.70944213867188,1.0,174.4360809326172,225.5958251953125,1.0,191.250732421875,223.6631622314453,1.0,137.8383331298828,258.43597412109375,1.0,110.93898010253906,275.5270080566406,1.0,176.9127655029297,272.7893371582031,1.0
463,142.53219604492188,208.8052215576172,1.0,136.1966094970703,238.8172149658203,1.0,122.64595031738281,229.21559143066406,1.0,108.45048522949219,226.74285888671875,1.0,174.4598388671875,225.47415161132812,1.0,191.19729614257812,223.5586395263672,1.0,137.74032592773438,258.3594665527344,1.0,110.84314727783203,275.6012268066406,1.0,177.03189086914062,272.7969970703125,1.0
464,142.55288696289062,208.7693634033203,1.0,136.09962463378906,238.74114990234375,1.0,122.58680725097656,229.31234741210938,1.0,108.40640258789062,226.7758331298828,1.0,174.37974548339844,225.504638671875,1.0,191.10528564453125,223.6314697265625,1.0,137.65455627441406,258.5381774902344,1.0,110.6878890991211,275.70013427734375,1.0,176.78643798828125,272.91473388671875,1.0
465,142.15907287597656,208.60687255859375,1.0,135.7490234375,238.96949768066406,1.0,122.46074676513672,229.2253875732422,1.0,108.49806213378906,226.875,1.0,174.38888549804688,225.53591918945312,1.0,190.9154052734375,223.62991333007812,1.0,137.47164916992188,258.7796325683594,1.0,110.57051086425781,275.4905700683594,1.0,176.6629180908203,272.8825988769531,1.0
466,142.14353942871094,208.7272186279297,1.0,135.6279754638672,239.06451416015625,1.0,122.406494140625,229.19393920898438,1.0,108.53715515136719,226.80711364746094,1.0,174.3542022705078,225.57763671875,1.0,190.8321075439453,223.6489715576172,1.0,137.45152282714844,258.8883056640625,1.0,110.09049987792969,275.72021484375,1.0,176.74392700195312,273.0342102050781,1.0
467,142.0542449951172,208.74917602539062,1.0,135.54795837402344,239.36366271972656,1.0,122.25359344482422,229.03504943847656,1.0,108.4892578125,226.87466430664062,1.0,174.2344512939453,225.603271484375,1.0,190.62855529785156,223.75973510742188,1.0,137.27540588378906,259.1271667480469,1.0,109.67648315429688,275.71380615234375,1.0,176.56527709960938,273.0533752441406,1.0
468,141.74339294433594,208.42568969726562,1.0,135.23155212402344,239.34315490722656,1.0,121.79130554199219,229.10565185546875,1.0,108.06278991699219,227.20787048339844,1.0,174.11978149414062,225.6647186279297,1.0,190.91917419433594,223.7584686279297,1.0,136.6424560546875,259.0922546386719,1.0,109.76007843017578,276.0091247558594,1.0,176.584716796875,273.01727294921875,1.0
469,141.76025390625,208.43739318847656,1.0,134.82949829101562,239.5043487548828,1.0,121.67037963867188,229.11001586914062,1.0,108.08755493164062,227.3472442626953,1.0,173.85366821289062,225.63662719726562,1.0,190.71383666992188,223.794189453125,1.0,136.2980499267578,259.092041015625,1.0,109.91747283935547,276.1670837402344,1.0,175.71340942382812,273.10888671875,1.0
470,140.54188537597656,208.3781280517578,1.0,133.92913818359375,239.74986267089844,1.0,120.89930725097656,229.02163696289062,1.0,107.88803100585938,227.4408721923828,1.0,173.21310424804688,225.483154296875,1.0,190.22450256347656,223.63876342773438,1.0,135.5844268798828,259.6444396972656,1.0,109.50492095947266,275.8072204589844,1.0,175.79026794433594,272.8504333496094,1.0
471,140.2333221435547,208.44960021972656,1.0,133.69732666015625,239.61773681640625,1.0,120.76439666748047,228.899658203125,1.0,107.7805404663086,227.34786987304688,1.0,172.67921447753906,225.40261840820312,1.0,190.0478973388672,223.33277893066406,1.0,135.174072265625,259.4381408691406,1.0,109.42852783203125,275.6511535644531,1.0,175.0794219970703,272.8759765625,1.0
472,140.14503479003906,208.45230102539062,1.0,133.57530212402344,239.37625122070312,1.0,120.76793670654297,228.94570922851562,1.0,107.68779754638672,227.30445861816406,1.0,172.6258087158203,225.44549560546875,1.0,189.98715209960938,223.5128936767578,1.0,134.8830108642578,259.09765625,1.0,109.41827392578125,275.7412414550781,1.0,175.28799438476562,273.21173095703125,1.0
473,139.8221893310547,208.60629272460938,1.0,133.35122680664062,239.44000244140625,1.0,120.63758850097656,229.08106994628906,1.0,107.43377685546875,227.5659942626953,1.0,172.58912658691406,225.3493194580078,1.0,189.72763061523438,223.4651641845703,1.0,134.8925018310547,259.35064697265625,1.0,109.39908599853516,275.7798156738281,1.0,175.31494140625,273.0940246582031,1.0
474,139.8626251220703,208.7707977294922,1.0,133.39739990234375,239.38833618164062,1.0,120.66754913330078,229.0136260986328,1.0,107.4599838256836,227.58798217773438,1.0,172.41287231445312,225.2097930908203,1.0,189.64144897460938,223.5084228515625,1.0,134.88124084472656,259.46783447265625,1.0,109.3364486694336,275.7052917480469,1.0,175.17626953125,273.02960205078125,1.0
475,139.67193603515625,208.75559997558594,1.0,133.2821807861328,239.43594360351562,1.0,120.52558135986328,229.0671844482422,1.0,107.3555679321289,227.5594024658203,1.0,172.31637573242188,225.26121520996094,1.0,189.49534606933594,223.46499633789062,1.0,134.70358276367188,259.4901123046875,1.0,109.31649017333984,275.8502502441406,1.0,175.162841796875,273.2560119628906,1.0
476,139.10536193847656,208.18344116210938,1.0,133.2209930419922,239.3294677734375,1.0,120.78028869628906,228.22116088867188,1.0,107.08224487304688,228.4785919189453,1.0,171.84144592285156,224.28085327148438,1.0,189.23440551757812,223.63534545898438,1.0,134.67523193359375,259.5264587402344,1.0,109.14508819580078,275.70068359375,1.0,175.31040954589844,272.8324890136719,1.0
477,139.00521850585938,207.9705047607422,1.0,133.17633056640625,239.15548706054688,1.0,120.51909637451172,228.129150390625,1.0,106.79105377197266,227.9531707763672,1.0,171.6255340576172,224.25970458984375,1.0,189.1437225341797,223.81239318847656,1.0,134.56304931640625,259.5750732421875,1.0,109.24021911621094,275.75201416015625,1.0,175.46336364746094,272.8868408203125,1.0
478,138.93899536132812,208.23231506347656,1.0,133.2860565185547,239.25173950195312,1.0,120.21243286132812,228.20602416992188,1.0,106.68560028076172,228.1950225830078,1.0,171.46311950683594,224.46348571777344,1.0,188.94125366210938,223.83546447753906,1.0,134.63348388671875,259.6784973144531,1.0,109.0987548828125,275.6190185546875,1.0,175.34042358398438,272.8809509277344,1.0
479,138.73193359375,208.15899658203125,1.0,133.13291931152344,239.24684143066406,1.0,120.40189361572266,228.08090209960938,1.0,106.80785369873047,228.11105346679688,1.0,171.4564666748047,224.45962524414062,1.0,188.9545135498047,223.88815307617188,1.0,134.53562927246094,259.7372741699219,1.0,109.09222412109375,275.61865234375,1.0,175.36532592773438,272.9767150878906,1.0
480,138.8061981201172,207.5760498046875,1.0,132.95596313476562,238.93983459472656,1.0,120.52511596679688,227.9177703857422,1.0,106.55070495605469,228.06307983398438,1.0,171.7021942138672,224.66603088378906,1.0,188.9231414794922,223.72225952148438,1.0,134.370849609375,259.5467224121094,1.0,109.09209442138672,275.53070068359375,1.0,174.8304901123047,272.8505554199219,1.0
481,138.97080993652344,207.7500762939453,1.0,133.03407287597656,239.01341247558594,1.0,120.48949432373047,227.9463653564453,1.0,106.62996673583984,228.08160400390625,1.0,171.7737579345703,224.70126342773438,1.0,189.01632690429688,223.8315887451172,1.0,134.35391235351562,259.55908203125,1.0,109.1619644165039,275.4151611328125,1.0,174.92620849609375,272.8634033203125,1.0
482,139.23353576660156,207.8114471435547,1.0,133.07101440429688,239.0179443359375,1.0,120.56322479248047,228.061767578125,1.0,106.69149017333984,228.25433349609375,1.0,171.9135284423828,224.5712432861328,1.0,189.04425048828125,223.8166961669922,1.0,134.41781616210938,259.5362243652344,1.0,109.16483306884766,275.60650634765625,1.0,174.87240600585938,272.94903564453125,1.0
483,139.34095764160156,208.15789794921875,1.0,132.79917907714844,239.16232299804688,1.0,120.08412170410156,228.9581298828125,1.0,106.43867492675781,228.22666931152344,1.0,171.9863739013672,224.81607055664062,1.0,189.14666748046875,223.53912353515625,1.0,134.1894989013672,259.4526672363281,1.0,109.11637878417969,275.6105041503906,1.0,174.9534149169922,272.8512878417969,1.0
484,139.22628784179688,208.48611450195312,1.0,132.54493713378906,239.02676391601562,1.0,120.00926971435547,229.0049285888672,1.0,106.43970489501953,227.59254455566406,1.0,171.81295776367188,224.9169921875,1.0,189.12184143066406,223.385498046875,1.0,133.93992614746094,259.22589111328125,1.0,108.97634887695312,275.6711730957031,1.0,174.86912536621094,272.8465881347656,1.0
485,139.3216094970703,208.56297302246094,1.0,132.5189208984375,239.21755981445312,1.0,120.14313507080078,229.0198516845703,1.0,106.6068115234375,227.513671875,1.0,171.9444580078125,225.17457580566406,1.0,188.89739990234375,223.39688110351562,1.0,133.894775390625,259.16998291015625,1.0,108.96139526367188,275.79486083984375,1.0,174.80862426757812,272.890380859375,1.0
486,139.72682189941406,208.56471252441406,1.0,132.69068908691406,239.24789428710938,1.0,120.23824310302734,229.0186309814453,1.0,106.8402328491211,227.316162109375,1.0,172.017822265625,225.24142456054688,1.0,188.798583984375,223.40074157714844,1.0,133.90293884277344,259.0828552246094,1.0,108.99659729003906,275.6900939941406,1.0,174.80807495117188,272.9871826171875,1.0
487,139.57261657714844,208.58062744140625,1.0,132.47662353515625,239.3548583984375,1.0,120.0962142944336,229.14358520507812,1.0,106.62516021728516,227.6690216064453,1.0,172.00320434570312,225.21176147460938,1.0,188.8753204345703,223.49855041503906,1.0,133.733642578125,259.1240234375,1.0,108.86769104003906,275.5594482421875,1.0,174.81326293945312,272.968994140625,1.0
488,139.53897094726562,208.56507873535156,1.0,132.41139221191406,239.3235321044922,1.0,120.0408706665039,229.13973999023438,1.0,106.62665557861328,227.79095458984375,1.0,171.9756317138672,225.12551879882812,1.0,188.9302978515625,223.45523071289062,1.0,133.81065368652344,258.9902038574219,1.0,108.87100219726562,275.5592346191406,1.0,174.8622589111328,273.0396423339844,1.0
489,139.51026916503906,208.68118286132812,1.0,132.3481903076172,239.29946899414062,1.0,120.10005187988281,229.15966796875,1.0,106.68946075439453,227.67864990234375,1.0,172.0907440185547,225.28623962402344,1.0,189.0817413330078,223.4715118408203,1.0,133.77552795410156,258.9582214355469,1.0,108.79827117919922,275.5976257324219,1.0,174.9263916015625,272.9930725097656,1.0
490,139.52706909179688,208.7880859375,1.0,132.43995666503906,239.32574462890625,1.0,120.47714233398438,229.39987182617188,1.0,106.7507095336914,227.78887939453125,1.0,172.17970275878906,225.2718963623047,1.0,188.95018005371094,223.46298217773438,1.0,133.8929443359375,259.0820617675781,1.0,108.78876495361328,275.6058654785156,1.0,174.88552856445312,273.01263427734375,1.0
491,139.598876953125,208.755859375,1.0,132.43836975097656,239.36424255371094,1.0,120.503662109375,229.3861541748047,1.0,106.75878143310547,227.7375946044922,1.0,172.2875213623047,225.3902587890625,1.0,189.0882110595703,223.56385803222656,1.0,133.7965850830078,259.1095886230469,1.0,108.69880676269531,275.59722900390625,1.0,174.91799926757812,273.01971435546875,1.0
492,139.92698669433594,208.88446044921875,1.0,132.42578125,239.0670166015625,1.0,120.44572448730469,229.71612548828125,1.0,106.53632354736328,228.44326782226562,1.0,172.3893585205078,225.50241088867188,1.0,188.75698852539062,223.64735412597656,1.0,133.95480346679688,259.00372314453125,1.0,108.91748809814453,275.7007751464844,1.0,174.7586669921875,272.8200378417969,1.0
493,139.4359588623047,208.59820556640625,1.0,132.53060913085938,238.95977783203125,1.0,120.1150131225586,228.90975952148438,1.0,106.67552947998047,228.48487854003906,1.0,172.2412872314453,225.05450439453125,1.0,189.04061889648438,223.70130920410156,1.0,133.9614715576172,259.176025390625,1.0,108.91442108154297,275.6000061035156,1.0,174.90875244140625,272.7431945800781,1.0
494,139.4851531982422,208.37054443359375,1.0,132.4961700439453,239.06893920898438,1.0,120.53136444091797,228.4844207763672,1.0,106.64115142822266,228.75338745117188,1.0,172.15975952148438,224.8334197998047,1.0,188.91575622558594,223.88296508789062,1.0,133.82135009765625,259.2431640625,1.0,108.84638214111328,275.7737121582031,1.0,175.21112060546875,272.8348693847656,1.0
495,139.6863555908203,208.39947509765625,1.0,132.7286376953125,239.0210418701172,1.0,120.65437316894531,228.39462280273438,1.0,106.68482971191406,228.25523376464844,1.0,172.18280029296875,224.93673706054688,1.0,189.08444213867188,223.98924255371094,1.0,133.85604858398438,259.2754821777344,1.0,108.72113800048828,275.66705322265625,1.0,175.1264190673828,272.84002685546875,1.0
496,139.6191864013672,208.3407745361328,1.0,132.61903381347656,238.9842987060547,1.0,120.76925659179688,228.387451171875,1.0,106.75245666503906,228.13201904296875,1.0,172.23365783691406,225.00535583496094,1.0,188.8975067138672,223.97840881347656,1.0,133.81394958496094,259.0223693847656,1.0,108.79979705810547,275.7367858886719,1.0,175.16383361816406,272.90411376953125,1.0
497,139.5558319091797,208.44839477539062,1.0,132.82142639160156,239.10983276367188,1.0,120.64436340332031,228.3629913330078,1.0,106.66559600830078,228.15599060058594,1.0,172.24098205566406,224.9857940673828,1.0,188.89834594726562,223.9688720703125,1.0,133.81494140625,259.1235046386719,1.0,108.75260162353516,275.6260070800781,1.0,175.1542510986328,272.9656677246094,1.0
498,139.50111389160156,208.52529907226562,1.0,132.89407348632812,239.07174682617188,1.0,120.66665649414062,228.35411071777344,1.0,106.7221908569336,228.2227020263672,1.0,172.31141662597656,225.00526428222656,1.0,188.88404846191406,223.9559783935547,1.0,133.9220428466797,259.36224365234375,1.0,108.7737045288086,275.51312255859375,1.0,175.04037475585938,272.9934997558594,1.0
499,139.7786102294922,208.24769592285156,1.0,133.0334014892578,239.1884002685547,1.0,120.70919799804688,228.31468200683594,1.0,106.83143615722656,228.14801025390625,1.0,172.46302795410156,225.09814453125,1.0,189.0262451171875,224.00120544433594,1.0,134.07196044921875,259.4846496582031,1.0,108.86434936523438,275.5220642089844,1.0,175.07493591308594,272.9853515625,1.0
500,139.78684997558594,208.2563018798828,1.0,132.9689178466797,239.14125061035156,1.0,120.57847595214844,228.37045288085938,1.0,106.78778076171875,228.25401306152344,1.0,172.539794921875,225.18495178222656,1.0,189.0380096435547,223.9397430419922,1.0,133.99578857421875,259.3902587890625,1.0,108.90470886230469,275.556884765625,1.0,175.043701171875,273.08514404296875,1.0
501,139.64414978027344,208.20567321777344,1.0,132.98207092285156,239.11666870117188,1.0,120.72360229492188,228.26492309570312,1.0,106.88923645019531,228.08322143554688,1.0,172.5225372314453,225.05482482910156,1.0,188.95968627929688,223.91673278808594,1.0,134.02734375,259.6209716796875,1.0,108.97039794921875,275.57293701171875,1.0,174.91604614257812,273.0167236328125,1.0
502,139.75189208984375,208.15267944335938,1.0,132.9675750732422,239.07339477539062,1.0,120.88630676269531,228.23904418945312,1.0,107.05329895019531,228.1232452392578,1.0,172.4071807861328,224.8097686767578,1.0,189.07363891601562,223.63751220703125,1.0,134.0530548095703,259.3773193359375,1.0,108.90715026855469,275.5230407714844,1.0,174.95709228515625,273.1568298339844,1.0
503,139.50393676757812,208.1797332763672,1.0,133.03443908691406,239.1742706298828,1.0,120.89956665039062,228.19265747070312,1.0,106.84078979492188,228.0719757080078,1.0,172.3292236328125,224.71551513671875,1.0,189.1122283935547,223.60983276367188,1.0,134.02908325195312,259.458984375,1.0,108.96711730957031,275.5207214355469,1.0,174.84291076660156,273.1601867675781,1.0
504,139.6457061767578,208.0227508544922,1.0,132.91116333007812,239.0293426513672,1.0,120.83875274658203,228.1710662841797,1.0,107.04722595214844,228.348876953125,1.0,172.17233276367188,224.58840942382812,1.0,189.0245819091797,223.472900390625,1.0,133.83975219726562,259.1062927246094,1.0,108.73370361328125,275.6353759765625,1.0,174.8756103515625,273.0058898925781,1.0
505,139.773193359375,208.20364379882812,1.0,132.9684295654297,239.16453552246094,1.0,121.02479553222656,228.19955444335938,1.0,107.17414093017578,228.23814392089844,1.0,172.25303649902344,224.60284423828125,1.0,188.99586486816406,223.70213317871094,1.0,133.89700317382812,259.06243896484375,1.0,108.57552337646484,275.5209655761719,1.0,174.84259033203125,273.0015869140625,1.0
506,139.74783325195312,208.2008819580078,1.0,132.96372985839844,239.1695556640625,1.0,120.92955017089844,228.1571502685547,1.0,106.98577117919922,228.223388671875,1.0,172.2771759033203,224.6267852783203,1.0,189.0020294189453,223.73159790039062,1.0,133.90904235839844,259.0395812988281,1.0,108.58238220214844,275.5101013183594,1.0,174.843017578125,273.0653076171875,1.0
507,139.62109375,207.85470581054688,1.0,132.9038848876953,239.261474609375,1.0,120.89689636230469,228.03123474121094,1.0,106.97840118408203,228.14732360839844,1.0,172.1964569091797,224.65463256835938,1.0,189.08328247070312,223.6473388671875,1.0,133.79742431640625,259.0669250488281,1.0,108.5481948852539,275.491943359375,1.0,174.88455200195312,273.08746337890625,1.0
508,139.7096405029297,208.10586547851562,1.0,132.9243927001953,239.2716064453125,1.0,120.88771057128906,228.19314575195312,1.0,106.97697448730469,228.26333618164062,1.0,172.26824951171875,224.7843780517578,1.0,189.04530334472656,223.76206970214844,1.0,134.04046630859375,259.10076904296875,1.0,108.65802001953125,275.44757080078125,1.0,174.8950958251953,273.24853515625,1.0
509,139.62673950195312,208.1602020263672,1.0,132.9288330078125,239.1233367919922,1.0,120.94139862060547,228.15841674804688,1.0,106.9159164428711,228.21607971191406,1.0,172.2187042236328,224.68609619140625,1.0,189.07920837402344,223.67832946777344,1.0,133.95765686035156,258.9532470703125,1.0,108.49867248535156,275.421630859375,1.0,175.1333465576172,273.19403076171875,1.0
510,139.7708282470703,208.11160278320312,1.0,133.10430908203125,239.18797302246094,1.0,120.95024871826172,228.05418395996094,1.0,106.98120880126953,228.24476623535156,1.0,172.26747131347656,224.66049194335938,1.0,189.08187866210938,223.67881774902344,1.0,134.14247131347656,258.9386901855469,1.0,108.50358581542969,275.28753662109375,1.0,174.52513122558594,274.0450439453125,1.0
511,139.88626098632812,208.23275756835938,1.0,133.057373046875,239.0581817626953,1.0,120.94743347167969,227.88282775878906,1.0,106.89551544189453,228.05865478515625,1.0,172.12838745117188,224.4528045654297,1.0,189.38670349121094,223.78689575195312,1.0,133.94070434570312,258.7557067871094,1.0,108.60113525390625,275.3186950683594,1.0,174.4630584716797,274.11932373046875,1.0
512,139.8350067138672,208.30422973632812,1.0,133.1109161376953,239.08206176757812,1.0,120.99655151367188,228.0132293701172,1.0,106.86515808105469,228.1407012939453,1.0,172.30783081054688,224.39959716796875,1.0,189.4657440185547,223.70208740234375,1.0,134.04165649414062,258.85198974609375,1.0,108.56322479248047,275.2601013183594,1.0,174.5620574951172,273.9917297363281,1.0
513,139.99612426757812,208.15921020507812,1.0,133.02178955078125,239.09815979003906,1.0,121.02791595458984,228.0778045654297,1.0,107.06251525878906,227.963134765625,1.0,172.29693603515625,224.33778381347656,1.0,189.49647521972656,223.708740234375,1.0,133.73379516601562,258.7013244628906,1.0,108.6427993774414,275.181640625,1.0,174.49343872070312,274.1173400878906,1.0
514,140.0692901611328,208.13592529296875,1.0,133.05255126953125,239.1378631591797,1.0,121.18197631835938,228.0319366455078,1.0,107.18528747558594,227.97633361816406,1.0,172.31753540039062,224.30824279785156,1.0,189.55258178710938,223.7750244140625,1.0,133.8737030029297,258.7381286621094,1.0,108.58052825927734,275.2946472167969,1.0,175.2184600830078,273.2483825683594,1.0
515,140.23208618164062,208.19512939453125,1.0,133.1828155517578,238.99681091308594,1.0,121.2061996459961,227.98558044433594,1.0,106.99150085449219,228.1977081298828,1.0,172.3084716796875,224.2667236328125,1.0,189.70993041992188,223.83702087402344,1.0,133.93138122558594,258.643798828125,1.0,108.61237335205078,275.182373046875,1.0,174.53167724609375,274.05950927734375,1.0
516,140.25,207.9789581298828,1.0,133.35745239257812,239.06910705566406,1.0,121.2774429321289,228.00454711914062,1.0,107.3486099243164,228.35716247558594,1.0,172.4081268310547,224.63172912597656,1.0,189.41177368164062,223.75904846191406,1.0,134.3060760498047,259.1022644042969,1.0,109.22200012207031,275.03924560546875,1.0,175.13670349121094,273.1555480957031,1.0
517,140.33201599121094,208.34088134765625,1.0,133.57861328125,238.99903869628906,1.0,121.28150177001953,227.93467712402344,1.0,107.01163482666016,228.3342742919922,1.0,172.3795623779297,224.5252685546875,1.0,189.43649291992188,223.7646484375,1.0,134.2311553955078,259.0699768066406,1.0,109.1539535522461,275.07965087890625,1.0,175.3112030029297,273.22528076171875,1.0
518,140.3004150390625,208.2701416015625,1.0,133.58865356445312,239.07220458984375,1.0,121.2785873413086,227.99705505371094,1.0,107.05406951904297,228.29173278808594,1.0,172.3808135986328,224.57774353027344,1.0,189.4856719970703,223.72413635253906,1.0,134.2854766845703,259.1055603027344,1.0,109.07289123535156,275.09783935546875,1.0,175.20538330078125,273.2986145019531,1.0
519,140.13180541992188,208.32957458496094,1.0,133.5559844970703,239.13514709472656,1.0,121.33373260498047,227.968505859375,1.0,107.15093994140625,228.39126586914062,1.0,172.3426971435547,224.5131378173828,1.0,189.40484619140625,223.6712188720703,1.0,134.32333374023438,259.1627502441406,1.0,109.06878662109375,275.1546630859375,1.0,175.2934112548828,273.11181640625,1.0
520,140.1964569091797,208.27334594726562,1.0,133.499267578125,239.14781188964844,1.0,121.20306396484375,227.96139526367188,1.0,107.1147232055664,228.3004913330078,1.0,172.350341796875,224.4566192626953,1.0,189.47398376464844,223.56362915039062,1.0,134.27960205078125,259.25225830078125,1.0,109.12950134277344,275.0397644042969,1.0,175.4477996826172,273.0816650390625,1.0
521,140.17283630371094,208.22406005859375,1.0,133.49342346191406,239.07933044433594,1.0,121.37348937988281,227.93492126464844,1.0,107.1378173828125,228.2774200439453,1.0,172.1936798095703,224.35400390625,1.0,189.53076171875,223.5950927734375,1.0,134.43060302734375,259.11383056640625,1.0,109.12208557128906,275.1584167480469,1.0,175.4237518310547,273.0630798339844,1.0
522,140.01589965820312,208.08599853515625,1.0,133.47842407226562,239.06277465820312,1.0,121.27011108398438,227.92022705078125,1.0,107.17033386230469,228.1290740966797,1.0,172.1444854736328,224.2311248779297,1.0,189.47116088867188,223.5173797607422,1.0,134.28343200683594,259.1424560546875,1.0,109.14317321777344,275.2054748535156,1.0,175.4152069091797,273.07086181640625,1.0
523,140.19142150878906,208.43515014648438,1.0,133.36614990234375,238.9499053955078,1.0,121.3410873413086,227.85719299316406,1.0,107.14740753173828,228.09716796875,1.0,172.40216064453125,224.45574951171875,1.0,189.46527099609375,223.574462890625,1.0,134.3507537841797,258.9996032714844,1.0,109.11029815673828,275.1404724121094,1.0,175.4320068359375,273.1430969238281,1.0
524,140.02366638183594,208.26651000976562,1.0,133.4392852783203,238.88645935058594,1.0,121.37349700927734,227.8317413330078,1.0,107.2300796508789,228.0927734375,1.0,172.3159942626953,224.4144287109375,1.0,189.50338745117188,223.60183715820312,1.0,134.39036560058594,258.7940673828125,1.0,109.1426010131836,274.9477844238281,1.0,175.42892456054688,273.27325439453125,1.0
525,140.13584899902344,208.11680603027344,1.0,133.4512481689453,239.0271453857422,1.0,121.33528137207031,227.7842559814453,1.0,107.2125015258789,227.97274780273438,1.0,172.36766052246094,224.39019775390625,1.0,189.5405731201172,223.51512145996094,1.0,134.44772338867188,258.80792236328125,1.0,109.10659790039062,274.8834533691406,1.0,175.4969024658203,273.2224426269531,1.0
526,140.31890869140625,207.9595947265625,1.0,133.49851989746094,238.9210662841797,1.0,121.49215698242188,227.79464721679688,1.0,107.27698516845703,228.06883239746094,1.0,172.32644653320312,224.36143493652344,1.0,189.6531219482422,223.5432891845703,1.0,134.4481964111328,258.6812438964844,1.0,109.10972595214844,274.9649658203125,1.0,174.88742065429688,274.0245056152344,1.0
527,140.25839233398438,207.87136840820312,1.0,133.53890991210938,238.89212036132812,1.0,121.54141235351562,227.8762664794922,1.0,107.34365844726562,228.18560791015625,1.0,172.2967529296875,224.30628967285156,1.0,189.72120666503906,223.6257781982422,1.0,134.42709350585938,258.7098693847656,1.0,109.12430572509766,274.9414978027344,1.0,174.92529296875,273.9382019042969,1.0
528,140.36082458496094,207.8812255859375,1.0,133.71383666992188,238.91712951660156,1.0,121.62989807128906,228.07632446289062,1.0,107.50492095947266,228.45753479003906,1.0,172.78085327148438,224.37164306640625,1.0,189.8605499267578,223.69444274902344,1.0,134.43807983398438,258.3586120605469,1.0,109.3070068359375,274.8799133300781,1.0,174.78231811523438,273.8760986328125,1.0
529,140.34303283691406,207.92489624023438,1.0,133.8533172607422,238.9283447265625,1.0,121.4781265258789,228.0491180419922,1.0,107.47102355957031,228.57196044921875,1.0,172.64309692382812,224.35488891601562,1.0,189.91741943359375,223.6572265625,1.0,134.49061584472656,258.45098876953125,1.0,109.15711212158203,274.87188720703125,1.0,175.29171752929688,273.1995544433594,1.0
530,140.25914001464844,208.15280151367188,1.0,133.6770782470703,238.78097534179688,1.0,121.46356201171875,228.06460571289062,1.0,107.44981384277344,228.5517578125,1.0,172.71974182128906,224.36846923828125,1.0,189.9302978515625,223.74012756347656,1.0,134.30799865722656,258.4341125488281,1.0,109.0819091796875,274.93157958984375,1.0,174.64830017089844,274.026123046875,1.0
531,140.2606964111328,208.06112670898438,1.0,133.60948181152344,238.7521209716797,1.0,121.47441864013672,228.03712463378906,1.0,107.53722381591797,228.4832000732422,1.0,172.62088012695312,224.35264587402344,1.0,189.75186157226562,223.71617126464844,1.0,134.1902618408203,258.4371337890625,1.0,109.13329315185547,274.85040283203125,1.0,175.14979553222656,273.273681640625,1.0
532,140.26644897460938,208.06260681152344,1.0,133.4466552734375,238.83706665039062,1.0,121.5022964477539,227.96609497070312,1.0,107.70012664794922,228.36526489257812,1.0,172.59689331054688,224.36734008789062,1.0,189.72906494140625,223.73446655273438,1.0,134.15623474121094,258.4412841796875,1.0,109.12614440917969,274.8935852050781,1.0,175.14662170410156,273.2412414550781,1.0
533,140.2292022705078,208.04681396484375,1.0,133.36080932617188,238.86973571777344,1.0,121.575439453125,227.95562744140625,1.0,107.81216430664062,228.3784637451172,1.0,172.5811004638672,224.39859008789062,1.0,189.68145751953125,223.76205444335938,1.0,134.0220489501953,258.49139404296875,1.0,109.1480712890625,274.8146667480469,1.0,175.1007843017578,273.2052001953125,1.0
534,140.30908203125,207.85397338867188,1.0,133.34487915039062,238.76498413085938,1.0,121.52249145507812,227.89605712890625,1.0,107.77916717529297,228.2559051513672,1.0,172.40037536621094,224.2369384765625,1.0,189.5589141845703,223.66627502441406,1.0,133.98809814453125,258.3929443359375,1.0,109.03436279296875,274.7992858886719,1.0,175.087646484375,273.2000732421875,1.0
535,140.49301147460938,208.17709350585938,1.0,133.48951721191406,238.80572509765625,1.0,121.66116333007812,227.96011352539062,1.0,107.71273040771484,228.3426513671875,1.0,172.4402313232422,224.26011657714844,1.0,189.59371948242188,223.67471313476562,1.0,134.0895233154297,258.374755859375,1.0,109.22052001953125,274.9214172363281,1.0,175.1609344482422,273.25244140625,1.0
536,140.3954620361328,207.96202087402344,1.0,133.49559020996094,238.86648559570312,1.0,120.37322235107422,227.8563690185547,1.0,107.56141662597656,228.47706604003906,1.0,172.53018188476562,224.4126739501953,1.0,189.44577026367188,223.60968017578125,1.0,134.25613403320312,258.39898681640625,1.0,109.1968994140625,275.07867431640625,1.0,175.1816864013672,273.1726379394531,1.0
537,140.80006408691406,207.35446166992188,1.0,133.792724609375,238.13763427734375,1.0,121.80119323730469,227.6527557373047,1.0,107.6972427368164,228.4524688720703,1.0,172.6980438232422,224.29446411132812,1.0,190.0211944580078,223.62606811523438,1.0,134.11782836914062,256.9828186035156,1.0,109.52262878417969,274.2503967285156,1.0,175.0913848876953,272.9228210449219,1.0
538,140.67440795898438,205.82765197753906,1.0,133.5884552001953,236.7587432861328,1.0,121.89522552490234,226.9395751953125,1.0,107.74737548828125,228.35887145996094,1.0,172.66038513183594,222.71405029296875,1.0,190.2674560546875,223.07379150390625,1.0,133.80645751953125,255.9850311279297,1.0,109.60298156738281,273.7998046875,1.0,175.09983825683594,272.2175598144531,1.0
539,140.85433959960938,205.63693237304688,1.0,133.33554077148438,236.27706909179688,1.0,122.07792663574219,226.45498657226562,1.0,107.77238464355469,228.11431884765625,1.0,172.4823760986328,222.5818328857422,1.0,190.55807495117188,222.51853942871094,1.0,133.58229064941406,255.19085693359375,1.0,109.48709869384766,273.48681640625,1.0,175.08001708984375,271.79205322265625,1.0
540,141.1953887939453,205.88150024414062,1.0,134.0730438232422,236.34109497070312,1.0,122.11688995361328,226.56935119628906,1.0,107.62732696533203,228.48582458496094,1.0,172.9623565673828,222.73919677734375,1.0,190.7635955810547,222.89622497558594,1.0,134.17193603515625,254.73583984375,1.0,109.33264923095703,273.2237854003906,1.0,175.50204467773438,271.4879455566406,1.0
541,141.0293426513672,206.18386840820312,1.0,133.9350128173828,236.7847900390625,1.0,122.04000091552734,226.6269989013672,1.0,107.65787506103516,228.4815216064453,1.0,172.8388214111328,222.82418823242188,1.0,190.42770385742188,222.84027099609375,1.0,134.1889190673828,255.62852478027344,1.0,109.220947265625,273.7710266113281,1.0,175.417236328125,271.57305908203125,1.0
542,140.79672241210938,206.29360961914062,1.0,133.8605499267578,236.9276580810547,1.0,122.12342834472656,226.64500427246094,1.0,107.60649108886719,228.258056640625,1.0,172.94189453125,222.99842834472656,1.0,190.6536407470703,222.9366912841797,1.0,134.00306701660156,255.9138641357422,1.0,109.3189697265625,273.8228759765625,1.0,175.51951599121094,271.7759094238281,1.0
543,140.56089782714844,206.3758087158203,1.0,133.72885131835938,237.20033264160156,1.0,122.1417465209961,226.74383544921875,1.0,107.7181625366211,228.22567749023438,1.0,172.9628143310547,223.0119171142578,1.0,190.44424438476562,223.10885620117188,1.0,133.96234130859375,256.18048095703125,1.0,109.2623291015625,273.9197082519531,1.0,175.55880737304688,271.794189453125,1.0
544,140.67201232910156,206.48289489746094,1.0,133.8251953125,237.08628845214844,1.0,122.16901397705078,226.63909912109375,1.0,107.8124008178711,228.17913818359375,1.0,173.0543212890625,223.16424560546875,1.0,190.49862670898438,223.20437622070312,1.0,133.96002197265625,256.1112060546875,1.0,109.22299194335938,273.7796630859375,1.0,175.62258911132812,271.8055114746094,1.0
545,140.7865753173828,206.43942260742188,1.0,133.917724609375,237.26724243164062,1.0,122.16770935058594,226.65316772460938,1.0,108.00724792480469,228.126220703125,1.0,173.23861694335938,223.36932373046875,1.0,190.39251708984375,223.15744018554688,1.0,134.03616333007812,256.448486328125,1.0,109.21795654296875,273.8526611328125,1.0,175.5437469482422,271.7679138183594,1.0
546,140.7213592529297,206.66200256347656,1.0,133.86819458007812,237.44032287597656,1.0,122.19158172607422,226.87606811523438,1.0,108.04634094238281,228.2115478515625,1.0,173.6403045654297,223.72474670410156,1.0,190.52975463867188,223.4907989501953,1.0,134.06509399414062,256.6844787597656,1.0,109.21971893310547,273.94805908203125,1.0,175.52520751953125,271.844970703125,1.0
547,140.55581665039062,206.73126220703125,1.0,133.9561004638672,237.5927276611328,1.0,122.16792297363281,226.90768432617188,1.0,108.04786682128906,228.31658935546875,1.0,173.64047241210938,223.80902099609375,1.0,190.65548706054688,223.63125610351562,1.0,134.2486114501953,256.8695373535156,1.0,109.2718734741211,274.0644226074219,1.0,175.59811401367188,271.8605041503906,1.0
548,140.60714721679688,206.6290283203125,1.0,133.92709350585938,237.71694946289062,1.0,122.09605407714844,226.95558166503906,1.0,107.95447540283203,228.3455047607422,1.0,173.50701904296875,223.8105926513672,1.0,190.84857177734375,223.8140106201172,1.0,134.22976684570312,256.9537353515625,1.0,109.34485626220703,274.22210693359375,1.0,175.59178161621094,271.9781188964844,1.0
549,140.84808349609375,206.54156494140625,1.0,134.01019287109375,237.7456512451172,1.0,122.2473373413086,226.88577270507812,1.0,107.9656982421875,228.32223510742188,1.0,173.5352783203125,223.82888793945312,1.0,190.6212921142578,223.85980224609375,1.0,134.36306762695312,257.0465393066406,1.0,109.35089874267578,274.1872253417969,1.0,175.50230407714844,272.03857421875,1.0
550,140.8755645751953,206.4915008544922,1.0,134.04478454589844,237.85543823242188,1.0,122.2492904663086,226.8270721435547,1.0,108.07916259765625,228.29489135742188,1.0,173.63671875,223.87533569335938,1.0,190.54183959960938,223.76718139648438,1.0,134.36122131347656,257.1585693359375,1.0,109.34105682373047,274.15496826171875,1.0,175.55816650390625,272.05316162109375,1.0
551,140.8592987060547,206.42929077148438,1.0,134.1230010986328,237.93690490722656,1.0,122.21702575683594,226.77981567382812,1.0,108.06385040283203,228.1627197265625,1.0,173.54269409179688,223.9499969482422,1.0,190.56263732910156,223.72024536132812,1.0,134.53890991210938,257.23260498046875,1.0,109.4177017211914,274.13134765625,1.0,175.63612365722656,272.12884521484375,1.0
552,141.31008911132812,206.9455108642578,1.0,134.67491149902344,237.9205780029297,1.0,122.52729034423828,227.18545532226562,1.0,108.19677734375,228.38644409179688,1.0,173.5291290283203,224.02734375,1.0,190.5222625732422,223.67041015625,1.0,135.2447052001953,257.3120422363281,1.0,109.34264373779297,274.358154296875,1.0,175.624267578125,272.4107666015625,1.0
553,141.3379669189453,206.82896423339844,1.0,134.5904541015625,237.89964294433594,1.0,122.51140594482422,227.0026397705078,1.0,108.1720199584961,228.26535034179688,1.0,173.5732421875,223.9889373779297,1.0,190.65452575683594,223.86802673339844,1.0,135.13232421875,257.27264404296875,1.0,109.40350341796875,274.359130859375,1.0,175.6898956298828,272.5205383300781,1.0
554,141.19183349609375,207.1378173828125,1.0,134.6216278076172,237.8158721923828,1.0,122.42924499511719,227.04742431640625,1.0,108.00299072265625,228.24862670898438,1.0,173.55274963378906,223.9749298095703,1.0,190.73033142089844,223.72848510742188,1.0,135.03407287597656,257.0935363769531,1.0,109.31299591064453,274.3254699707031,1.0,175.50888061523438,272.67486572265625,1.0
555,141.34597778320312,206.8958282470703,1.0,134.7259063720703,237.81813049316406,1.0,122.56978607177734,226.92979431152344,1.0,108.20003509521484,228.0585479736328,1.0,173.61827087402344,223.99072265625,1.0,190.61021423339844,223.74435424804688,1.0,135.15289306640625,257.15997314453125,1.0,109.42852783203125,274.4094543457031,1.0,175.53372192382812,272.64752197265625,1.0
556,141.40219116210938,206.7229461669922,1.0,134.7856903076172,237.91366577148438,1.0,122.47083282470703,226.8271026611328,1.0,108.29928588867188,227.96353149414062,1.0,173.88360595703125,224.09642028808594,1.0,190.4935302734375,223.76824951171875,1.0,135.40721130371094,257.2950134277344,1.0,109.449951171875,274.4293518066406,1.0,175.5079803466797,272.79351806640625,1.0
557,141.51438903808594,206.787109375,1.0,134.8418426513672,237.9326171875,1.0,122.54057312011719,226.76052856445312,1.0,108.38616943359375,227.90093994140625,1.0,173.961669921875,224.21746826171875,1.0,190.59054565429688,223.8446044921875,1.0,135.3837890625,257.2985534667969,1.0,109.44793701171875,274.3578186035156,1.0,175.52542114257812,272.78704833984375,1.0
558,141.43678283691406,206.91558837890625,1.0,134.759521484375,238.0229034423828,1.0,122.5872802734375,226.7666473388672,1.0,108.36944580078125,227.8636016845703,1.0,173.98916625976562,224.23924255371094,1.0,190.61146545410156,223.81976318359375,1.0,135.31443786621094,257.2082824707031,1.0,109.4466323852539,274.4544677734375,1.0,175.6949005126953,272.7800598144531,1.0
559,141.60487365722656,206.97589111328125,1.0,134.78350830078125,237.98812866210938,1.0,122.72370147705078,226.85662841796875,1.0,108.51638793945312,227.87252807617188,1.0,174.0509796142578,224.2803497314453,1.0,190.61505126953125,223.8812255859375,1.0,135.17279052734375,257.2483215332031,1.0,109.49115753173828,274.4633483886719,1.0,175.66073608398438,272.889892578125,1.0
560,141.60301208496094,207.0687713623047,1.0,134.80374145507812,238.01499938964844,1.0,122.7479476928711,226.87493896484375,1.0,108.56925201416016,227.82733154296875,1.0,174.27056884765625,224.5328369140625,1.0,190.74472045898438,224.0804901123047,1.0,135.23362731933594,257.2191467285156,1.0,109.40567779541016,274.5080261230469,1.0,175.69546508789062,273.0205078125,1.0
561,141.74969482421875,206.88333129882812,1.0,134.8697967529297,237.9639892578125,1.0,122.8013687133789,226.7855224609375,1.0,108.66850280761719,227.788330078125,1.0,174.4475555419922,224.5490264892578,1.0,190.68112182617188,224.12765502929688,1.0,135.1993408203125,257.25140380859375,1.0,109.35376739501953,274.5299377441406,1.0,175.7997283935547,273.0409851074219,1.0
562,141.726318359375,206.87542724609375,1.0,134.92010498046875,237.9486846923828,1.0,122.89875030517578,226.79544067382812,1.0,108.69047546386719,227.90626525878906,1.0,174.47398376464844,224.45846557617188,1.0,190.70640563964844,224.0863037109375,1.0,135.42575073242188,257.4754638671875,1.0,109.39157104492188,274.4344787597656,1.0,175.89324951171875,272.9327087402344,1.0
563,141.92431640625,207.05270385742188,1.0,135.03817749023438,237.9665069580078,1.0,122.99455261230469,226.77743530273438,1.0,108.65284729003906,227.9285888671875,1.0,174.54974365234375,224.59011840820312,1.0,190.7024688720703,224.1654510498047,1.0,135.4673614501953,257.50372314453125,1.0,109.3375015258789,274.5260925292969,1.0,175.86801147460938,273.10467529296875,1.0
564,141.92535400390625,207.13951110839844,1.0,134.84205627441406,238.14012145996094,1.0,122.50846099853516,226.83889770507812,1.0,108.72787475585938,228.0960693359375,1.0,174.89402770996094,224.9246826171875,1.0,191.0609130859375,224.26510620117188,1.0,135.46795654296875,257.600341796875,1.0,109.51799011230469,274.3473205566406,1.0,175.847900390625,273.11932373046875,1.0
565,145.2767333984375,207.51315307617188,1.0,137.9707489013672,237.01614379882812,1.0,123.87725830078125,226.61383056640625,1.0,109.77436828613281,226.57968139648438,1.0,177.89801025390625,225.4670867919922,1.0,193.2134552001953,224.7465057373047,1.0,137.79225158691406,256.8811340332031,1.0,112.2177963256836,273.40753173828125,1.0,177.1200714111328,273.3428649902344,1.0
566,146.8965301513672,207.36956787109375,1.0,140.2705078125,237.2031707763672,1.0,125.3125,225.58541870117188,1.0,110.9469985961914,225.51776123046875,1.0,178.8141326904297,225.4792938232422,1.0,194.7627716064453,225.73648071289062,1.0,139.70068359375,257.6589050292969,1.0,112.6893310546875,272.6460266113281,1.0,178.10308837890625,273.4955139160156,1.0
567,147.81224060058594,206.94715881347656,1.0,140.94483947753906,236.92250061035156,1.0,125.91983795166016,224.80528259277344,1.0,111.5140151977539,225.3902587890625,1.0,179.1709442138672,225.51629638671875,1.0,195.39393615722656,225.86782836914062,1.0,140.5549774169922,257.5682373046875,1.0,113.12525939941406,272.3854064941406,1.0,178.54220581054688,273.4638366699219,1.0
568,148.23695373535156,206.98863220214844,1.0,141.0858917236328,237.1324005126953,1.0,126.44633483886719,224.95118713378906,1.0,111.70053100585938,225.60089111328125,1.0,179.46066284179688,225.5258026123047,1.0,195.8428192138672,225.77981567382812,1.0,140.97068786621094,257.2938537597656,1.0,113.28173828125,272.407958984375,1.0,178.7224884033203,273.4843444824219,1.0
569,148.437744140625,207.02169799804688,1.0,141.3377685546875,237.03562927246094,1.0,126.71504974365234,224.96095275878906,1.0,111.85419464111328,225.77093505859375,1.0,179.59046936035156,225.4373016357422,1.0,196.06976318359375,225.77149963378906,1.0,141.05386352539062,256.98040771484375,1.0,113.31185913085938,272.14764404296875,1.0,178.70220947265625,273.5634460449219,1.0
570,148.64659118652344,207.068359375,1.0,141.56317138671875,237.12997436523438,1.0,126.71990203857422,224.8496856689453,1.0,112.34773254394531,225.5883331298828,1.0,179.6928253173828,225.3717498779297,1.0,196.08416748046875,225.62075805664062,1.0,141.21670532226562,257.1382141113281,1.0,113.43540954589844,272.10833740234375,1.0,178.7672576904297,273.5965881347656,1.0
571,148.91595458984375,207.15492248535156,1.0,141.559326171875,237.17498779296875,1.0,127.0685806274414,224.99127197265625,1.0,112.62565612792969,225.44512939453125,1.0,179.72323608398438,225.45399475097656,1.0,196.0749053955078,225.8441162109375,1.0,141.42063903808594,256.9687194824219,1.0,113.62127685546875,272.32183837890625,1.0,178.842529296875,273.66680908203125,1.0
572,148.9894256591797,207.17465209960938,1.0,141.5903778076172,237.22906494140625,1.0,127.16516876220703,224.97549438476562,1.0,112.86026000976562,225.60464477539062,1.0,179.7201385498047,225.4799346923828,1.0,196.05319213867188,225.84974670410156,1.0,141.49688720703125,256.89874267578125,1.0,113.632080078125,272.3002624511719,1.0,178.99278259277344,273.63507080078125,1.0
573,149.08926391601562,207.2538299560547,1.0,141.59686279296875,237.17506408691406,1.0,127.01195526123047,225.146728515625,1.0,113.11875915527344,225.90444946289062,1.0,179.6331024169922,225.78033447265625,1.0,196.0519561767578,225.814697265625,1.0,141.4553985595703,256.6807556152344,1.0,113.66905975341797,272.18280029296875,1.0,178.92198181152344,273.62554931640625,1.0
574,149.1542510986328,207.3996124267578,1.0,141.79840087890625,237.16717529296875,1.0,127.02055358886719,225.1590576171875,1.0,113.15789031982422,226.18399047851562,1.0,179.50665283203125,225.677001953125,1.0,195.95362854003906,225.80836486816406,1.0,141.62252807617188,256.48358154296875,1.0,113.66439056396484,272.2754821777344,1.0,178.98724365234375,273.5826721191406,1.0
575,149.0466766357422,207.19175720214844,1.0,141.8052215576172,237.1551055908203,1.0,126.96951293945312,225.2330780029297,1.0,113.11750793457031,226.30795288085938,1.0,179.21697998046875,225.61874389648438,1.0,195.945068359375,225.94976806640625,1.0,141.54006958007812,256.45751953125,1.0,113.79847717285156,272.3448181152344,1.0,179.0130157470703,273.59259033203125,1.0
576,148.96009826660156,207.2846221923828,1.0,141.9410400390625,237.25233459472656,1.0,126.79022979736328,225.38818359375,1.0,113.0937271118164,226.34732055664062,1.0,179.4115447998047,225.78897094726562,1.0,196.00015258789062,225.90618896484375,1.0,141.6223907470703,256.9269714355469,1.0,113.92253875732422,272.48004150390625,1.0,179.16192626953125,273.3853454589844,1.0
577,148.8965301513672,207.2205352783203,1.0,141.8905029296875,237.21343994140625,1.0,126.828857421875,225.33169555664062,1.0,113.10942077636719,226.44406127929688,1.0,179.34518432617188,225.77159118652344,1.0,195.85165405273438,226.15121459960938,1.0,141.6594696044922,256.9261169433594,1.0,114.07219696044922,272.7322692871094,1.0,179.30470275878906,273.47589111328125,1.0
578,148.89598083496094,207.39617919921875,1.0,141.79449462890625,237.25994873046875,1.0,126.60916900634766,225.37942504882812,1.0,112.96829986572266,226.29782104492188,1.0,179.30154418945312,225.89044189453125,1.0,195.80325317382812,226.12747192382812,1.0,141.43809509277344,256.9967956542969,1.0,113.96158599853516,272.6456298828125,1.0,179.18023681640625,273.4085693359375,1.0
579,148.94935607910156,207.34925842285156,1.0,141.75221252441406,237.22421264648438,1.0,126.67439270019531,225.2423858642578,1.0,113.06816864013672,226.28692626953125,1.0,179.29562377929688,225.85330200195312,1.0,195.75535583496094,226.070068359375,1.0,141.45205688476562,256.9971923828125,1.0,113.95606231689453,272.36102294921875,1.0,179.24026489257812,273.2952880859375,1.0
580,148.78114318847656,207.24057006835938,1.0,141.60435485839844,237.20339965820312,1.0,126.69432830810547,225.2482452392578,1.0,113.07273864746094,226.55393981933594,1.0,179.2274932861328,225.85488891601562,1.0,195.74795532226562,225.9319305419922,1.0,141.29310607910156,256.865234375,1.0,113.97476959228516,272.3900451660156,1.0,179.19601440429688,273.31488037109375,1.0
581,148.80526733398438,207.27883911132812,1.0,141.6428680419922,237.1618194580078,1.0,126.59452056884766,225.36923217773438,1.0,113.16688537597656,226.33779907226562,1.0,179.24612426757812,225.9146728515625,1.0,195.90399169921875,226.13719177246094,1.0,141.2494659423828,256.72540283203125,1.0,113.96719360351562,272.263671875,1.0,179.07232666015625,273.4888610839844,1.0
582,148.99264526367188,207.43646240234375,1.0,141.53814697265625,237.33526611328125,1.0,126.45316314697266,225.52044677734375,1.0,112.96007537841797,226.16700744628906,1.0,179.4466094970703,225.94900512695312,1.0,196.08602905273438,226.20608520507812,1.0,141.16329956054688,256.8012390136719,1.0,114.0739517211914,272.3365478515625,1.0,179.1020050048828,273.54132080078125,1.0
583,149.04344177246094,207.46336364746094,1.0,141.6749267578125,237.35720825195312,1.0,126.40821838378906,225.47998046875,1.0,112.99085998535156,226.23793029785156,1.0,179.26393127441406,225.8939971923828,1.0,195.9558563232422,226.28759765625,1.0,141.20167541503906,256.8155517578125,1.0,114.02517700195312,272.300048828125,1.0,179.24539184570312,273.4175109863281,1.0
584,148.87576293945312,207.37698364257812,1.0,141.5432891845703,237.3382568359375,1.0,126.3531265258789,225.45184326171875,1.0,112.86682891845703,226.3834991455078,1.0,179.3002166748047,226.03958129882812,1.0,195.9334259033203,226.31381225585938,1.0,141.2175750732422,256.8459777832031,1.0,114.14128875732422,272.3436584472656,1.0,179.321044921875,273.37066650390625,1.0
585,148.7845916748047,207.29185485839844,1.0,141.58885192871094,237.23753356933594,1.0,126.35650634765625,225.45997619628906,1.0,113.05550384521484,226.5303955078125,1.0,179.11903381347656,225.85992431640625,1.0,195.91073608398438,226.39378356933594,1.0,141.14329528808594,256.89483642578125,1.0,114.12649536132812,272.3499755859375,1.0,179.38890075683594,273.3812561035156,1.0
586,148.8972625732422,207.42916870117188,1.0,141.59129333496094,237.34893798828125,1.0,126.45452117919922,225.4559783935547,1.0,113.17607879638672,226.32571411132812,1.0,179.25534057617188,225.9506072998047,1.0,195.93035888671875,226.3240966796875,1.0,141.22732543945312,257.0075378417969,1.0,114.14427947998047,272.4471435546875,1.0,179.51376342773438,273.4215087890625,1.0
587,148.98342895507812,207.4463653564453,1.0,141.60809326171875,237.37460327148438,1.0,126.38141632080078,225.44076538085938,1.0,113.16304779052734,226.1145477294922,1.0,179.0904541015625,225.95913696289062,1.0,195.92926025390625,226.17726135253906,1.0,141.3077392578125,256.9866943359375,1.0,114.10065460205078,272.49017333984375,1.0,179.5074005126953,273.4129943847656,1.0
588,149.09747314453125,207.4551239013672,1.0,141.7333984375,237.5303955078125,1.0,126.56669616699219,225.45626831054688,1.0,113.13434600830078,226.17977905273438,1.0,179.01287841796875,226.0185546875,1.0,195.88333129882812,226.0225067138672,1.0,141.64097595214844,256.5729064941406,1.0,113.76323699951172,272.4735412597656,1.0,179.5404510498047,273.0828552246094,1.0
589,149.12901306152344,207.38546752929688,1.0,141.71018981933594,237.35304260253906,1.0,126.64281463623047,225.38516235351562,1.0,113.22245025634766,226.2132110595703,1.0,178.9729766845703,226.03582763671875,1.0,195.83944702148438,226.1125030517578,1.0,141.59439086914062,256.7519226074219,1.0,113.80321502685547,272.4234924316406,1.0,179.41983032226562,273.12945556640625,1.0
590,149.1051025390625,207.36566162109375,1.0,141.64102172851562,237.44960021972656,1.0,126.59651947021484,225.34674072265625,1.0,113.19636535644531,226.1573028564453,1.0,178.97726440429688,225.903076171875,1.0,195.8392791748047,226.10140991210938,1.0,141.57615661621094,256.9906311035156,1.0,113.935791015625,272.4234924316406,1.0,179.43800354003906,273.1598815917969,1.0
591,148.9772491455078,207.27886962890625,1.0,141.59976196289062,237.40357971191406,1.0,126.54721069335938,225.34901428222656,1.0,113.17024993896484,226.15533447265625,1.0,178.88604736328125,225.87684631347656,1.0,195.84716796875,226.13265991210938,1.0,141.6029815673828,257.04010009765625,1.0,113.90242004394531,272.4045715332031,1.0,179.3329315185547,273.3376159667969,1.0
592,148.90480041503906,207.3235626220703,1.0,141.66993713378906,237.31146240234375,1.0,126.52530670166016,225.36569213867188,1.0,113.11121368408203,226.1494140625,1.0,178.8608856201172,225.8750457763672,1.0,195.95779418945312,226.10806274414062,1.0,141.63784790039062,256.85430908203125,1.0,113.93494415283203,272.42108154296875,1.0,179.31272888183594,273.3030700683594,1.0
593,148.89007568359375,207.3546142578125,1.0,141.74192810058594,237.2763214111328,1.0,126.39268493652344,225.1909637451172,1.0,112.99407196044922,226.36622619628906,1.0,178.73110961914062,225.77626037597656,1.0,196.06533813476562,226.11126708984375,1.0,141.5001220703125,256.80804443359375,1.0,114.01111602783203,272.4344482421875,1.0,179.24154663085938,273.3558654785156,1.0
594,148.81703186035156,207.33413696289062,1.0,141.86607360839844,237.23007202148438,1.0,126.41226959228516,225.20123291015625,1.0,113.0281982421875,226.44711303710938,1.0,178.83444213867188,225.6420440673828,1.0,195.9550323486328,226.06146240234375,1.0,141.6695098876953,256.7632141113281,1.0,113.99510955810547,272.5527038574219,1.0,179.4452362060547,273.2933654785156,1.0
595,148.7931671142578,207.26197814941406,1.0,141.9484405517578,237.16793823242188,1.0,126.63523864746094,224.98158264160156,1.0,113.33452606201172,226.31182861328125,1.0,178.67196655273438,225.5469970703125,1.0,195.8818359375,225.99920654296875,1.0,141.64840698242188,256.93194580078125,1.0,113.9812240600586,272.3312683105469,1.0,179.48626708984375,273.162353515625,1.0
596,148.8392333984375,207.47946166992188,1.0,142.12741088867188,237.31378173828125,1.0,126.34590911865234,225.41099548339844,1.0,113.07469177246094,226.18234252929688,1.0,178.25746154785156,225.9754180908203,1.0,195.6127166748047,226.089111328125,1.0,141.5714569091797,256.93280029296875,1.0,113.9012222290039,272.24786376953125,1.0,179.4069061279297,273.2413635253906,1.0
597,148.47500610351562,207.58456420898438,1.0,141.58673095703125,237.1083526611328,1.0,125.94791412353516,226.0522003173828,1.0,112.8836669921875,226.16213989257812,1.0,178.08563232421875,226.41392517089844,1.0,195.13941955566406,226.1079864501953,1.0,141.38438415527344,256.8439025878906,1.0,113.95069885253906,272.4081726074219,1.0,179.33180236816406,273.0939636230469,1.0
598,148.08074951171875,207.56851196289062,1.0,141.36737060546875,237.24050903320312,1.0,125.76495361328125,226.28369140625,1.0,112.74915313720703,226.04287719726562,1.0,177.55157470703125,226.67477416992188,1.0,194.64158630371094,226.06993103027344,1.0,141.39959716796875,256.93463134765625,1.0,113.98107147216797,272.52313232421875,1.0,179.2434844970703,273.1974792480469,1.0
599,147.9610137939453,207.74420166015625,1.0,141.2344970703125,237.39102172851562,1.0,125.60633850097656,226.34130859375,1.0,112.67091369628906,226.03773498535156,1.0,177.85946655273438,226.59136962890625,1.0,194.52174377441406,226.11569213867188,1.0,141.24557495117188,256.9906921386719,1.0,113.83477020263672,272.6142272949219,1.0,179.0923309326172,273.285888671875,1.0
600,147.9560089111328,207.86634826660156,1.0,140.82618713378906,237.59542846679688,1.0,125.9028549194336,226.54287719726562,1.0,113.28217315673828,226.2417755126953,1.0,177.60243225097656,226.4178924560547,1.0,194.14210510253906,226.11068725585938,1.0,141.29840087890625,257.2044677734375,1.0,113.88872528076172,272.8275146484375,1.0,179.0148468017578,273.15008544921875,1.0
601,147.92578125,207.8489532470703,1.0,140.81809997558594,237.6121368408203,1.0,125.85901641845703,226.55984497070312,1.0,113.28076934814453,226.31338500976562,1.0,177.5974578857422,226.45277404785156,1.0,194.2870330810547,226.27490234375,1.0,141.21746826171875,257.13671875,1.0,113.85726928710938,272.8267517089844,1.0,178.7373046875,273.0146789550781,1.0
602,147.65191650390625,207.723876953125,1.0,140.51148986816406,237.5324249267578,1.0,125.75491333007812,226.6469268798828,1.0,113.13614654541016,226.48977661132812,1.0,177.38717651367188,226.3468475341797,1.0,194.05557250976562,226.44940185546875,1.0,140.9217529296875,257.24249267578125,1.0,113.61505889892578,273.0622863769531,1.0,178.5653076171875,272.98431396484375,1.0
603,147.8052215576172,208.0644073486328,1.0,140.3358612060547,237.70611572265625,1.0,125.70562744140625,226.66819763183594,1.0,112.96878051757812,226.40206909179688,1.0,177.513427734375,226.34242248535156,1.0,193.9428253173828,226.3972930908203,1.0,140.80487060546875,257.1567687988281,1.0,113.58401489257812,272.82965087890625,1.0,178.58157348632812,273.0656433105469,1.0
604,147.74734497070312,208.1037139892578,1.0,140.3985595703125,237.7754669189453,1.0,125.63829803466797,226.81362915039062,1.0,112.81851196289062,226.48744201660156,1.0,177.55072021484375,226.19015502929688,1.0,194.0111846923828,226.30715942382812,1.0,140.7512664794922,257.2466125488281,1.0,113.72350311279297,272.87811279296875,1.0,178.68441772460938,272.8979187011719,1.0
605,147.9569091796875,208.251708984375,1.0,140.5006561279297,237.9409637451172,1.0,125.73858642578125,226.57774353027344,1.0,112.79068756103516,226.24609375,1.0,177.4849090576172,225.95458984375,1.0,194.3629608154297,226.25779724121094,1.0,140.71273803710938,257.3988037109375,1.0,113.41133117675781,272.8579406738281,1.0,178.75625610351562,273.1829528808594,1.0
606,147.82958984375,207.76171875,1.0,140.42938232421875,237.39297485351562,1.0,125.70046997070312,226.34536743164062,1.0,112.87240600585938,226.47642517089844,1.0,177.4687957763672,225.45689392089844,1.0,194.1284942626953,226.38047790527344,1.0,140.64479064941406,257.5390625,1.0,113.2862319946289,272.796875,1.0,178.76861572265625,273.0596008300781,1.0
607,147.7889862060547,207.73484802246094,1.0,140.48944091796875,237.56288146972656,1.0,125.62120819091797,226.2296600341797,1.0,112.77472686767578,226.32418823242188,1.0,177.50628662109375,225.3789825439453,1.0,194.18040466308594,226.3411407470703,1.0,140.50851440429688,257.6148681640625,1.0,113.3554458618164,272.8853454589844,1.0,178.65048217773438,273.3073425292969,1.0
608,147.71644592285156,207.73992919921875,1.0,140.66197204589844,237.2989959716797,1.0,125.52938079833984,226.1089324951172,1.0,112.593017578125,226.35694885253906,1.0,177.4433135986328,225.30320739746094,1.0,194.21588134765625,226.36196899414062,1.0,140.4206085205078,257.64111328125,1.0,113.3399429321289,272.9248046875,1.0,178.64418029785156,273.35577392578125,1.0
609,147.66453552246094,207.82188415527344,1.0,140.41050720214844,237.47862243652344,1.0,125.43655395507812,226.09576416015625,1.0,112.5034408569336,226.4369354248047,1.0,177.46177673339844,225.4116668701172,1.0,194.31979370117188,226.3417510986328,1.0,140.19146728515625,257.5993957519531,1.0,113.39520263671875,272.8707275390625,1.0,178.57540893554688,273.3708190917969,1.0
610,147.75042724609375,207.88465881347656,1.0,140.38247680664062,237.66754150390625,1.0,125.51942443847656,226.1056365966797,1.0,112.68177032470703,226.2556610107422,1.0,177.4729766845703,225.44583129882812,1.0,194.4182586669922,226.20217895507812,1.0,140.3152313232422,257.7032165527344,1.0,113.35566711425781,272.7146301269531,1.0,178.53350830078125,273.3598327636719,1.0
611,147.85350036621094,207.87313842773438,1.0,140.3166046142578,237.70556640625,1.0,125.4921875,226.07098388671875,1.0,112.71703338623047,226.32408142089844,1.0,177.59576416015625,225.5468292236328,1.0,194.46832275390625,226.27560424804688,1.0,140.18714904785156,257.6979064941406,1.0,113.38711547851562,272.8253479003906,1.0,178.4879150390625,273.4147644042969,1.0
612,147.74696350097656,207.67088317871094,1.0,140.6291046142578,237.88568115234375,1.0,125.40975952148438,226.1775665283203,1.0,112.55078125,226.41616821289062,1.0,177.27191162109375,225.22166442871094,1.0,194.15060424804688,226.08128356933594,1.0,139.9783935546875,257.5976257324219,1.0,113.14036560058594,272.6096496582031,1.0,178.49107360839844,273.2864990234375,1.0
613,147.91404724121094,207.6328887939453,1.0,140.6495361328125,237.9151153564453,1.0,125.49365234375,226.03640747070312,1.0,112.69168853759766,226.29908752441406,1.0,177.28065490722656,225.39859008789062,1.0,194.20896911621094,225.99142456054688,1.0,140.0622100830078,257.5994873046875,1.0,113.12237548828125,272.69769287109375,1.0,178.34693908691406,273.4486999511719,1.0
614,147.805419921875,207.69305419921875,1.0,140.64878845214844,237.7830352783203,1.0,125.49321746826172,225.99728393554688,1.0,112.75619506835938,226.31027221679688,1.0,177.2308807373047,225.39315795898438,1.0,194.15966796875,226.11619567871094,1.0,140.0864715576172,257.4465026855469,1.0,113.20392608642578,272.5995788574219,1.0,178.3470458984375,273.4557800292969,1.0
615,147.81874084472656,207.524658203125,1.0,140.70578002929688,237.58497619628906,1.0,125.43350982666016,226.0102081298828,1.0,112.73444366455078,226.4142303466797,1.0,177.19459533691406,225.35707092285156,1.0,194.17813110351562,226.11119079589844,1.0,140.08938598632812,257.6004333496094,1.0,113.15910339355469,272.6766357421875,1.0,178.48094177246094,273.4247131347656,1.0
616,147.8436279296875,207.4981689453125,1.0,140.21282958984375,237.63912963867188,1.0,125.29060363769531,225.9961700439453,1.0,112.59532165527344,226.38546752929688,1.0,177.1807403564453,225.4694061279297,1.0,194.07431030273438,226.13966369628906,1.0,139.988525390625,257.6973571777344,1.0,113.09820556640625,272.7513732910156,1.0,178.5260009765625,273.4497985839844,1.0
617,147.56092834472656,207.44602966308594,1.0,140.59857177734375,237.57015991210938,1.0,125.19512176513672,226.2356719970703,1.0,112.48438262939453,226.3544921875,1.0,177.1299591064453,225.41244506835938,1.0,194.22271728515625,226.0243377685547,1.0,139.97088623046875,257.5416259765625,1.0,113.15673065185547,272.7478942871094,1.0,178.54360961914062,273.2760925292969,1.0
618,147.55908203125,207.4995880126953,1.0,140.11920166015625,237.4610137939453,1.0,125.17832946777344,226.281005859375,1.0,112.48084259033203,226.41441345214844,1.0,177.21592712402344,225.53829956054688,1.0,194.1868438720703,226.0904998779297,1.0,140.10813903808594,257.5365905761719,1.0,113.17012786865234,272.77947998046875,1.0,178.47352600097656,273.3734130859375,1.0
619,147.4148712158203,207.4113006591797,1.0,140.07298278808594,237.26673889160156,1.0,125.17131042480469,226.08981323242188,1.0,112.31776428222656,226.43197631835938,1.0,177.2120819091797,225.53707885742188,1.0,194.07550048828125,226.15794372558594,1.0,140.04420471191406,257.702392578125,1.0,113.13507843017578,272.81451416015625,1.0,178.28392028808594,273.3888854980469,1.0
620,147.22708129882812,207.257568359375,1.0,140.13621520996094,237.58270263671875,1.0,125.1224136352539,226.1180877685547,1.0,112.24869537353516,226.48748779296875,1.0,176.86228942871094,225.60842895507812,1.0,193.96957397460938,226.11032104492188,1.0,139.7447967529297,257.48455810546875,1.0,112.5813217163086,273.24346923828125,1.0,178.0862579345703,273.63720703125,1.0
621,146.83331298828125,207.2392578125,1.0,139.8636932373047,237.50698852539062,1.0,125.09053039550781,226.15469360351562,1.0,112.28363037109375,226.34031677246094,1.0,176.4842071533203,225.47364807128906,1.0,193.8607177734375,226.04931640625,1.0,139.4025421142578,257.48931884765625,1.0,112.23664855957031,273.2048034667969,1.0,177.8458709716797,273.5265808105469,1.0
622,146.21005249023438,206.92832946777344,1.0,139.18162536621094,237.5369415283203,1.0,124.68305969238281,226.01051330566406,1.0,111.82278442382812,226.2969512939453,1.0,175.9766082763672,225.01783752441406,1.0,193.3279266357422,225.5581817626953,1.0,139.1682891845703,258.1573181152344,1.0,112.2964096069336,273.3973083496094,1.0,177.7405242919922,273.55340576171875,1.0
623,145.86863708496094,207.1766815185547,1.0,138.72760009765625,237.85464477539062,1.0,124.46266174316406,226.2891082763672,1.0,111.42333984375,226.65426635742188,1.0,175.54251098632812,224.97267150878906,1.0,193.19371032714844,225.51116943359375,1.0,139.0955352783203,258.0986633300781,1.0,111.97592163085938,273.513916015625,1.0,177.49996948242188,273.4700622558594,1.0
624,145.2832794189453,207.14537048339844,1.0,138.02557373046875,237.7115020751953,1.0,124.20418548583984,226.28695678710938,1.0,111.34025573730469,226.87875366210938,1.0,174.90992736816406,224.80178833007812,1.0,192.8907470703125,225.8189697265625,1.0,138.7819366455078,258.3212890625,1.0,110.3797836303711,273.7705078125,1.0,177.23414611816406,273.13751220703125,1.0
625,144.85183715820312,207.16775512695312,1.0,137.33860778808594,237.8602752685547,1.0,123.9259033203125,226.35324096679688,1.0,111.33040618896484,226.93206787109375,1.0,174.48243713378906,224.9315948486328,1.0,192.10108947753906,225.44815063476562,1.0,137.8314666748047,258.01397705078125,1.0,111.82027435302734,273.5584411621094,1.0,176.44784545898438,273.2847595214844,1.0
626,144.0409698486328,207.6451873779297,1.0,136.6990509033203,237.90692138671875,1.0,123.4651107788086,226.3712921142578,1.0,110.82115173339844,227.19715881347656,1.0,174.07623291015625,224.9613800048828,1.0,191.4202423095703,225.11007690429688,1.0,137.26416015625,257.8507995605469,1.0,109.90702056884766,274.0552062988281,1.0,175.8402557373047,272.9537048339844,1.0
627,143.24635314941406,207.45904541015625,1.0,135.2081298828125,238.24179077148438,1.0,122.56147766113281,226.6881103515625,1.0,110.39447021484375,227.6339111328125,1.0,173.583251953125,224.68051147460938,1.0,191.399169921875,224.8677215576172,1.0,136.37948608398438,257.6575622558594,1.0,109.70344543457031,274.0367736816406,1.0,175.9803009033203,273.1474609375,1.0
628,142.6485137939453,207.3533172607422,1.0,135.0594940185547,238.3548126220703,1.0,123.1609115600586,226.81283569335938,1.0,110.32798767089844,227.76455688476562,1.0,173.14495849609375,224.47909545898438,1.0,191.2782745361328,224.66754150390625,1.0,136.34861755371094,257.7433166503906,1.0,109.51573181152344,274.0358581542969,1.0,175.9817657470703,273.0129699707031,1.0
629,142.18780517578125,207.21551513671875,1.0,134.6624298095703,238.35398864746094,1.0,123.02098083496094,226.90667724609375,1.0,110.03460693359375,227.64747619628906,1.0,172.77236938476562,224.28216552734375,1.0,190.6890106201172,224.3770751953125,1.0,136.0948944091797,257.92425537109375,1.0,109.54421997070312,274.1825256347656,1.0,175.63951110839844,272.9002990722656,1.0
630,141.7615203857422,207.1038818359375,1.0,134.48170471191406,238.4939727783203,1.0,122.9938735961914,227.06723022460938,1.0,109.7359390258789,228.38613891601562,1.0,172.5627899169922,224.16769409179688,1.0,189.86993408203125,223.7781524658203,1.0,135.86209106445312,258.08734130859375,1.0,109.33975219726562,274.296630859375,1.0,175.2623291015625,272.87054443359375,1.0
631,141.83712768554688,207.41098022460938,1.0,134.1515655517578,238.32907104492188,1.0,122.90795135498047,227.05726623535156,1.0,109.95037078857422,228.209228515625,1.0,172.55535888671875,224.0124053955078,1.0,189.8843994140625,223.6055908203125,1.0,135.5935821533203,258.25054931640625,1.0,109.1777572631836,274.3246154785156,1.0,175.16796875,272.74810791015625,1.0
632,141.60536193847656,207.158447265625,1.0,133.7212371826172,238.42247009277344,1.0,122.77757263183594,227.19110107421875,1.0,109.66718292236328,228.53073120117188,1.0,172.44435119628906,224.421630859375,1.0,189.4055633544922,223.74630737304688,1.0,135.21519470214844,258.3406677246094,1.0,109.17168426513672,274.47454833984375,1.0,175.0266876220703,272.68634033203125,1.0
633,141.50379943847656,207.0987091064453,1.0,133.4820556640625,238.5532684326172,1.0,122.66492462158203,227.25999450683594,1.0,109.55455017089844,228.28895568847656,1.0,172.2975616455078,224.2300262451172,1.0,189.39988708496094,223.67919921875,1.0,134.75404357910156,258.30462646484375,1.0,109.03317260742188,274.3330993652344,1.0,174.83201599121094,272.59210205078125,1.0
634,141.43809509277344,207.0704345703125,1.0,133.5677490234375,238.37179565429688,1.0,122.4657974243164,227.19818115234375,1.0,109.06104278564453,228.57858276367188,1.0,172.26658630371094,224.2782745361328,1.0,189.3026123046875,223.86936950683594,1.0,134.8729248046875,258.208984375,1.0,109.08290100097656,274.3876953125,1.0,174.76759338378906,272.6128845214844,1.0
635,141.28785705566406,206.9567108154297,1.0,133.4981231689453,238.2512969970703,1.0,122.25621032714844,227.19468688964844,1.0,108.92257690429688,228.5682830810547,1.0,172.23876953125,224.21585083007812,1.0,189.38400268554688,223.947998046875,1.0,134.50904846191406,258.1192321777344,1.0,109.05389404296875,274.3423767089844,1.0,174.75152587890625,272.55157470703125,1.0
636,140.7489776611328,206.82919311523438,1.0,132.9657745361328,238.01870727539062,1.0,122.12127685546875,227.17344665527344,1.0,108.89405822753906,228.82083129882812,1.0,171.89073181152344,224.48072814941406,1.0,188.68309020996094,223.640869140625,1.0,133.73394775390625,257.7662353515625,1.0,109.09474182128906,274.4434814453125,1.0,174.5076141357422,272.68719482421875,1.0
637,140.76377868652344,206.97422790527344,1.0,132.9368896484375,237.98304748535156,1.0,121.97314453125,227.11163330078125,1.0,108.70550537109375,228.5681915283203,1.0,171.98602294921875,224.59812927246094,1.0,188.680908203125,223.62498474121094,1.0,133.7119140625,257.6149597167969,1.0,108.97431945800781,274.4664611816406,1.0,174.54376220703125,272.6521301269531,1.0
638,140.77102661132812,206.81858825683594,1.0,132.8526153564453,237.97216796875,1.0,121.99674987792969,227.05056762695312,1.0,108.66525268554688,228.4652862548828,1.0,171.81863403320312,224.60755920410156,1.0,188.77145385742188,223.8079833984375,1.0,133.48875427246094,257.5920715332031,1.0,109.0581283569336,274.4981384277344,1.0,174.3622283935547,272.6879577636719,1.0
639,140.7021484375,207.03160095214844,1.0,132.7401885986328,238.06459045410156,1.0,121.9661865234375,227.01605224609375,1.0,108.53187561035156,228.3455047607422,1.0,171.87490844726562,224.7030792236328,1.0,188.78717041015625,223.82699584960938,1.0,133.2500762939453,257.60052490234375,1.0,108.83915710449219,274.3205261230469,1.0,174.49160766601562,272.6098937988281,1.0
640,140.3715057373047,207.030029296875,1.0,132.77569580078125,238.0476531982422,1.0,121.91464233398438,227.00326538085938,1.0,108.39281463623047,228.4698486328125,1.0,172.06809997558594,224.1483917236328,1.0,188.7992401123047,223.8385009765625,1.0,133.07138061523438,257.4781799316406,1.0,108.90856170654297,274.29852294921875,1.0,174.4259033203125,272.7162170410156,1.0
641,140.7182159423828,207.13720703125,1.0,132.9193572998047,238.02845764160156,1.0,121.93443298339844,226.97471618652344,1.0,108.33468627929688,228.48756408691406,1.0,172.01332092285156,224.09649658203125,1.0,188.96742248535156,223.91334533691406,1.0,133.15354919433594,257.4422607421875,1.0,108.89866638183594,274.3687438964844,1.0,174.4597625732422,272.67144775390625,1.0
642,140.62867736816406,207.30003356933594,1.0,132.95164489746094,237.9722137451172,1.0,121.96690368652344,226.9918975830078,1.0,108.29603576660156,228.41262817382812,1.0,172.08006286621094,224.09336853027344,1.0,189.08860778808594,224.0115509033203,1.0,132.97850036621094,257.5516662597656,1.0,108.71658325195312,274.30572509765625,1.0,174.4810791015625,272.6849060058594,1.0
643,140.6874542236328,207.3477020263672,1.0,132.97555541992188,238.0287322998047,1.0,121.88822174072266,226.92059326171875,1.0,108.24533081054688,228.47560119628906,1.0,172.17613220214844,224.16302490234375,1.0,189.1431121826172,224.07310485839844,1.0,132.9183807373047,257.49658203125,1.0,108.63710021972656,274.3424377441406,1.0,174.29429626464844,272.72955322265625,1.0
644,140.65928649902344,207.48716735839844,1.0,132.9991912841797,238.00123596191406,1.0,122.07344055175781,226.9561309814453,1.0,108.16429901123047,228.63209533691406,1.0,172.26805114746094,223.98463439941406,1.0,189.27027893066406,224.0134735107422,1.0,132.9903106689453,257.4316101074219,1.0,108.4654769897461,274.246337890625,1.0,174.34280395507812,272.7698059082031,1.0
645,140.81427001953125,207.41714477539062,1.0,133.03237915039062,238.1522979736328,1.0,122.07772827148438,227.0841827392578,1.0,108.34175109863281,228.39340209960938,1.0,172.285888671875,224.0639190673828,1.0,189.23980712890625,223.9551239013672,1.0,133.07632446289062,257.5266418457031,1.0,108.58814239501953,274.2823486328125,1.0,174.3114471435547,272.78741455078125,1.0
646,140.78106689453125,207.384033203125,1.0,132.98426818847656,238.15084838867188,1.0,121.99166870117188,227.21302795410156,1.0,108.25370025634766,228.68341064453125,1.0,172.38565063476562,224.06451416015625,1.0,189.27926635742188,223.94288635253906,1.0,133.13706970214844,257.5904846191406,1.0,108.52099609375,274.3011169433594,1.0,174.3901824951172,272.7778625488281,1.0
647,141.01283264160156,207.58551025390625,1.0,133.108642578125,238.21136474609375,1.0,122.02124786376953,227.20269775390625,1.0,108.12157440185547,228.6612548828125,1.0,172.6282196044922,224.25860595703125,1.0,189.59130859375,224.11114501953125,1.0,133.2332305908203,257.67291259765625,1.0,108.48345947265625,274.2316589355469,1.0,174.36053466796875,272.8263244628906,1.0
648,141.19862365722656,207.59571838378906,1.0,133.21630859375,237.8812255859375,1.0,122.26111602783203,227.22422790527344,1.0,108.4367904663086,228.77435302734375,1.0,173.0005340576172,224.41981506347656,1.0,189.79112243652344,224.02671813964844,1.0,133.3881072998047,257.5197448730469,1.0,108.92162322998047,274.1805725097656,1.0,174.46978759765625,272.7477111816406,1.0
649,141.18649291992188,207.51026916503906,1.0,133.32273864746094,237.7629852294922,1.0,122.18247985839844,227.25698852539062,1.0,108.4423828125,228.74716186523438,1.0,173.38938903808594,224.3607177734375,1.0,190.00323486328125,224.3488006591797,1.0,133.3744659423828,257.5374755859375,1.0,108.8626480102539,274.1781921386719,1.0,174.32408142089844,272.9267272949219,1.0
650,141.3119659423828,207.5755157470703,1.0,133.39340209960938,237.84945678710938,1.0,122.19065856933594,227.3497314453125,1.0,108.41261291503906,228.7597198486328,1.0,173.5465087890625,224.57949829101562,1.0,190.12852478027344,224.5559844970703,1.0,133.31167602539062,257.3083190917969,1.0,108.94097137451172,274.3226013183594,1.0,174.41429138183594,272.96746826171875,1.0
651,141.42283630371094,207.88067626953125,1.0,133.4510498046875,237.89341735839844,1.0,121.58023071289062,227.2122039794922,1.0,108.40904235839844,228.67886352539062,1.0,173.49697875976562,224.73800659179688,1.0,190.17356872558594,224.72396850585938,1.0,133.34503173828125,257.18902587890625,1.0,108.91938781738281,274.16552734375,1.0,174.59019470214844,273.03778076171875,1.0
652,141.85189819335938,208.06210327148438,1.0,133.67274475097656,237.92257690429688,1.0,121.71515655517578,227.1509246826172,1.0,108.46878051757812,228.56654357910156,1.0,173.65406799316406,224.77699279785156,1.0,190.25784301757812,224.71636962890625,1.0,133.56703186035156,257.0424499511719,1.0,109.02674865722656,274.1628723144531,1.0,174.82931518554688,272.86199951171875,1.0
653,141.73594665527344,207.78697204589844,1.0,133.78146362304688,237.9903564453125,1.0,122.47406768798828,227.2166290283203,1.0,108.60265350341797,228.3961181640625,1.0,173.82516479492188,224.8000946044922,1.0,190.29360961914062,224.9061737060547,1.0,133.76121520996094,257.1897888183594,1.0,109.02811431884766,274.00262451171875,1.0,174.9874725341797,273.10028076171875,1.0
654,141.86038208007812,208.01580810546875,1.0,133.95338439941406,238.06048583984375,1.0,121.8124008178711,227.22662353515625,1.0,108.64659118652344,228.53692626953125,1.0,174.04702758789062,225.0193634033203,1.0,190.54110717773438,225.109130859375,1.0,133.7989044189453,257.2989501953125,1.0,108.97842407226562,274.1153259277344,1.0,174.74649047851562,273.22808837890625,1.0
655,141.92738342285156,207.9172821044922,1.0,133.92225646972656,238.1078338623047,1.0,121.78509521484375,227.2606658935547,1.0,108.67985534667969,228.50408935546875,1.0,174.0529327392578,225.13278198242188,1.0,190.5078887939453,225.06475830078125,1.0,133.8870849609375,257.20538330078125,1.0,109.0505599975586,274.0736083984375,1.0,174.76803588867188,273.14764404296875,1.0
656,142.05661010742188,207.87672424316406,1.0,134.11776733398438,238.15098571777344,1.0,122.61629486083984,227.17022705078125,1.0,108.5343017578125,228.36334228515625,1.0,174.07420349121094,225.1971435546875,1.0,190.80809020996094,225.2783203125,1.0,134.13970947265625,257.35858154296875,1.0,109.04397583007812,274.1923828125,1.0,175.01113891601562,273.04266357421875,1.0
657,141.96412658691406,207.89523315429688,1.0,133.98692321777344,238.08287048339844,1.0,121.69038391113281,227.2075653076172,1.0,108.60758972167969,228.59475708007812,1.0,174.09255981445312,225.151123046875,1.0,190.53530883789062,225.09133911132812,1.0,134.29922485351562,257.3654479980469,1.0,108.98131561279297,274.243896484375,1.0,174.84893798828125,273.1094970703125,1.0
658,141.9255828857422,208.05026245117188,1.0,134.1310577392578,238.0903778076172,1.0,121.73989868164062,227.12254333496094,1.0,108.60443878173828,228.37831115722656,1.0,173.81202697753906,225.05162048339844,1.0,190.66226196289062,225.1466522216797,1.0,134.2302703857422,257.47540283203125,1.0,109.0003890991211,274.236328125,1.0,174.90283203125,273.0840148925781,1.0
659,141.7930450439453,208.01341247558594,1.0,134.26058959960938,238.10350036621094,1.0,122.50381469726562,227.20947265625,1.0,108.65290832519531,228.506591796875,1.0,173.76913452148438,224.99798583984375,1.0,190.42758178710938,225.09556579589844,1.0,134.36936950683594,257.40191650390625,1.0,109.03819274902344,274.17291259765625,1.0,174.99041748046875,273.0222473144531,1.0
660,142.05809020996094,207.59625244140625,1.0,134.2984161376953,238.27735900878906,1.0,122.12432098388672,227.24160766601562,1.0,108.8983154296875,228.58056640625,1.0,174.1149444580078,225.2218475341797,1.0,190.55117797851562,224.9942169189453,1.0,134.6427764892578,257.5230712890625,1.0,109.23910522460938,274.2569580078125,1.0,175.25729370117188,273.15631103515625,1.0
661,141.9949951171875,207.87124633789062,1.0,134.19296264648438,238.38368225097656,1.0,121.95845794677734,227.20330810546875,1.0,108.96690368652344,228.37660217285156,1.0,174.04815673828125,225.03260803222656,1.0,190.43630981445312,224.93359375,1.0,134.5532989501953,257.5912780761719,1.0,109.2296142578125,274.1216125488281,1.0,175.39292907714844,273.0521240234375,1.0
662,142.23484802246094,207.8009490966797,1.0,134.3172149658203,238.28518676757812,1.0,122.0576400756836,227.2290496826172,1.0,109.05551147460938,228.24537658691406,1.0,174.07362365722656,225.08155822753906,1.0,190.5923614501953,225.01422119140625,1.0,134.58987426757812,257.5070495605469,1.0,109.13548278808594,274.0733337402344,1.0,175.57022094726562,273.03717041015625,1.0
663,142.0740966796875,207.4718780517578,1.0,134.35447692871094,238.2307586669922,1.0,122.15023803710938,227.0883026123047,1.0,109.05475616455078,228.39524841308594,1.0,174.00474548339844,225.05909729003906,1.0,190.65599060058594,225.07730102539062,1.0,134.6557159423828,257.7051696777344,1.0,109.17564392089844,273.99676513671875,1.0,175.54400634765625,273.0338134765625,1.0
664,141.9577178955078,207.6429443359375,1.0,134.28407287597656,238.43199157714844,1.0,122.03717041015625,227.2522430419922,1.0,109.07598114013672,228.38499450683594,1.0,173.96783447265625,225.05645751953125,1.0,190.59996032714844,225.00746154785156,1.0,134.74534606933594,257.74188232421875,1.0,109.20269775390625,274.1883239746094,1.0,175.50633239746094,273.0866394042969,1.0
665,141.9051971435547,207.52047729492188,1.0,134.2678985595703,238.40939331054688,1.0,121.99596405029297,227.40296936035156,1.0,109.04197692871094,228.6162872314453,1.0,174.00265502929688,225.18270874023438,1.0,190.7126007080078,225.0585174560547,1.0,134.6818084716797,257.6658020019531,1.0,109.2430419921875,274.083984375,1.0,175.49842834472656,273.0816345214844,1.0
666,142.00384521484375,207.79452514648438,1.0,134.36233520507812,238.55606079101562,1.0,122.10982513427734,227.40223693847656,1.0,109.03443908691406,228.3513641357422,1.0,173.97756958007812,225.17257690429688,1.0,190.81198120117188,225.05067443847656,1.0,134.90415954589844,257.7243347167969,1.0,109.35594940185547,274.1129150390625,1.0,175.47962951660156,273.181640625,1.0
667,142.10743713378906,207.73597717285156,1.0,134.39138793945312,238.43450927734375,1.0,122.01985168457031,227.34689331054688,1.0,109.2252197265625,228.35568237304688,1.0,174.00634765625,225.26377868652344,1.0,190.86663818359375,225.08006286621094,1.0,135.04185485839844,257.7950439453125,1.0,109.27298736572266,274.0653381347656,1.0,175.42117309570312,273.2313537597656,1.0
668,142.20962524414062,207.76388549804688,1.0,134.41146850585938,238.4471893310547,1.0,122.10105895996094,227.31436157226562,1.0,109.40068054199219,228.36793518066406,1.0,174.04847717285156,225.22801208496094,1.0,190.6384735107422,224.8982696533203,1.0,135.0780029296875,257.82421875,1.0,109.28234100341797,274.1720275878906,1.0,175.4209747314453,273.3472900390625,1.0
669,142.21084594726562,207.63499450683594,1.0,134.28585815429688,238.3780517578125,1.0,121.96320343017578,227.35940551757812,1.0,109.38232421875,228.4511260986328,1.0,173.9469451904297,225.2628936767578,1.0,190.69741821289062,225.03521728515625,1.0,134.93215942382812,257.5404357910156,1.0,109.29212188720703,274.04168701171875,1.0,175.5679168701172,273.2900085449219,1.0
670,142.17478942871094,207.64654541015625,1.0,134.30393981933594,238.36764526367188,1.0,121.93412780761719,227.52511596679688,1.0,109.26039123535156,228.50494384765625,1.0,173.94288635253906,225.23619079589844,1.0,190.56039428710938,224.94969177246094,1.0,135.0274200439453,257.6492004394531,1.0,109.31986236572266,274.0719909667969,1.0,175.5084686279297,273.1541748046875,1.0
671,142.12757873535156,207.76702880859375,1.0,134.31614685058594,238.42935180664062,1.0,122.04637908935547,227.6312255859375,1.0,109.22533416748047,228.6016845703125,1.0,173.9505615234375,225.25144958496094,1.0,190.6103057861328,224.9874267578125,1.0,134.95761108398438,257.5302429199219,1.0,109.28428649902344,274.0338134765625,1.0,175.5215301513672,273.0926208496094,1.0
672,142.63278198242188,207.85733032226562,1.0,134.48043823242188,238.4448699951172,1.0,122.40711212158203,227.32444763183594,1.0,109.36344146728516,228.37310791015625,1.0,174.26824951171875,225.54122924804688,1.0,190.8778533935547,225.03648376464844,1.0,135.3371124267578,257.7763671875,1.0,109.50227355957031,273.79376220703125,1.0,175.608642578125,273.24542236328125,1.0
673,142.48123168945312,207.7349090576172,1.0,134.3963623046875,238.41270446777344,1.0,122.1698989868164,227.32424926757812,1.0,109.2389907836914,228.41116333007812,1.0,174.19920349121094,225.49790954589844,1.0,190.80056762695312,225.1586151123047,1.0,135.12620544433594,257.51129150390625,1.0,109.476318359375,273.8995361328125,1.0,175.51046752929688,273.2409362792969,1.0
674,142.56349182128906,207.89532470703125,1.0,134.48536682128906,238.41746520996094,1.0,122.25238800048828,227.38389587402344,1.0,109.44767761230469,228.3941650390625,1.0,174.10748291015625,225.48092651367188,1.0,190.68682861328125,225.0032196044922,1.0,135.21597290039062,257.51678466796875,1.0,109.38898468017578,273.9166259765625,1.0,175.5624542236328,273.2787780761719,1.0
675,142.6753387451172,207.86631774902344,1.0,134.24476623535156,238.35691833496094,1.0,122.26498413085938,227.30482482910156,1.0,109.5854721069336,228.3709716796875,1.0,174.22024536132812,225.50230407714844,1.0,190.66152954101562,225.079833984375,1.0,134.98367309570312,257.4327697753906,1.0,109.33489990234375,273.8466796875,1.0,175.48805236816406,273.3096923828125,1.0
676,142.74789428710938,207.94407653808594,1.0,134.40179443359375,238.3480682373047,1.0,122.37767028808594,227.35531616210938,1.0,109.56898498535156,228.33810424804688,1.0,174.3929443359375,225.59597778320312,1.0,190.75115966796875,225.24884033203125,1.0,135.02047729492188,257.5522155761719,1.0,109.34332275390625,273.8141174316406,1.0,175.49595642089844,273.3608703613281,1.0
677,143.12818908691406,208.04759216308594,1.0,134.6177520751953,238.37326049804688,1.0,122.44055938720703,227.2595672607422,1.0,109.52796173095703,228.29603576660156,1.0,174.45166015625,225.57022094726562,1.0,190.87298583984375,225.28656005859375,1.0,135.0487060546875,257.75506591796875,1.0,109.24971771240234,273.80889892578125,1.0,175.5070343017578,273.4145202636719,1.0
678,143.0369873046875,208.1891632080078,1.0,134.58230590820312,238.2572021484375,1.0,122.35272216796875,227.3278350830078,1.0,109.50562286376953,228.48214721679688,1.0,174.52581787109375,225.66114807128906,1.0,191.0605926513672,225.3793182373047,1.0,135.046142578125,257.47515869140625,1.0,109.330810546875,273.8361511230469,1.0,175.59552001953125,273.30670166015625,1.0
679,143.05325317382812,208.2185821533203,1.0,134.59234619140625,238.19927978515625,1.0,122.46878051757812,227.3843231201172,1.0,109.60538482666016,228.4994659423828,1.0,174.3798828125,225.7156524658203,1.0,191.10858154296875,225.36257934570312,1.0,134.99716186523438,257.49639892578125,1.0,109.15901947021484,273.89453125,1.0,175.62254333496094,273.3604431152344,1.0
680,143.20909118652344,208.46334838867188,1.0,134.69384765625,238.22601318359375,1.0,122.60751342773438,227.3889923095703,1.0,109.7129135131836,228.2386016845703,1.0,174.40879821777344,225.7081756591797,1.0,191.0813446044922,225.28060913085938,1.0,135.07492065429688,257.4617004394531,1.0,109.23236846923828,273.8556823730469,1.0,175.69970703125,273.3476257324219,1.0
681,143.23031616210938,208.5327911376953,1.0,134.780029296875,238.30081176757812,1.0,122.60848999023438,227.5115966796875,1.0,109.80447387695312,228.2097625732422,1.0,174.46377563476562,225.7187042236328,1.0,191.13589477539062,225.2218475341797,1.0,135.1576690673828,257.4790954589844,1.0,109.27967834472656,273.87506103515625,1.0,175.73440551757812,273.30316162109375,1.0
682,143.24087524414062,208.4716033935547,1.0,134.8645477294922,238.2426300048828,1.0,122.58531951904297,227.51541137695312,1.0,109.8682861328125,228.32412719726562,1.0,174.60092163085938,225.7613067626953,1.0,191.1866912841797,225.3709259033203,1.0,135.2731170654297,257.4637756347656,1.0,109.32706451416016,273.99371337890625,1.0,175.3660125732422,272.9843444824219,1.0
683,143.14544677734375,208.41409301757812,1.0,134.9040069580078,238.30596923828125,1.0,122.58325958251953,227.54563903808594,1.0,109.81698608398438,228.42462158203125,1.0,174.6141357421875,225.7521514892578,1.0,191.1580810546875,225.46536254882812,1.0,135.40914916992188,257.4858093261719,1.0,109.30122375488281,273.85858154296875,1.0,175.7179718017578,273.2833251953125,1.0
684,143.18434143066406,208.16183471679688,1.0,135.2674560546875,238.40052795410156,1.0,122.65184783935547,227.55767822265625,1.0,109.7404556274414,228.05938720703125,1.0,174.87754821777344,225.83197021484375,1.0,191.5410919189453,225.6601104736328,1.0,135.3358917236328,257.21844482421875,1.0,109.44367218017578,273.9279479980469,1.0,175.5899658203125,272.9910888671875,1.0
685,143.2054443359375,208.1796112060547,1.0,135.33355712890625,238.34158325195312,1.0,122.74186706542969,227.4167022705078,1.0,109.73040008544922,227.9080810546875,1.0,174.85369873046875,225.81822204589844,1.0,191.42234802246094,225.6573944091797,1.0,135.30828857421875,257.3446044921875,1.0,109.57331085205078,273.989990234375,1.0,175.65003967285156,273.015380859375,1.0
686,143.1210479736328,208.1519012451172,1.0,135.14407348632812,238.24183654785156,1.0,122.68115997314453,227.4616241455078,1.0,109.720703125,227.94155883789062,1.0,174.79481506347656,225.77670288085938,1.0,191.2074737548828,225.58193969726562,1.0,135.323974609375,257.41796875,1.0,109.52679443359375,273.9294738769531,1.0,175.57533264160156,273.0882568359375,1.0
687,143.0632781982422,208.0839080810547,1.0,135.17173767089844,238.2891082763672,1.0,122.72647857666016,227.43777465820312,1.0,109.79188537597656,227.9866180419922,1.0,174.81283569335938,225.74868774414062,1.0,191.07142639160156,225.57754516601562,1.0,135.54559326171875,257.2901916503906,1.0,109.45338439941406,273.9791259765625,1.0,175.55380249023438,273.0335388183594,1.0
688,143.2895965576172,208.12757873535156,1.0,135.2959442138672,238.17535400390625,1.0,122.6619873046875,227.46090698242188,1.0,109.78191375732422,228.21533203125,1.0,174.84347534179688,225.72113037109375,1.0,191.32516479492188,225.58375549316406,1.0,135.42820739746094,257.1883850097656,1.0,109.6087646484375,274.0020446777344,1.0,175.55206298828125,273.0714111328125,1.0
689,143.28024291992188,208.10397338867188,1.0,135.3109130859375,238.266845703125,1.0,122.77316284179688,227.39259338378906,1.0,109.97297668457031,228.11593627929688,1.0,174.7587890625,225.67286682128906,1.0,191.21148681640625,225.50425720214844,1.0,135.48486328125,257.2213439941406,1.0,109.48579406738281,273.83331298828125,1.0,175.53591918945312,272.9906005859375,1.0
690,143.3948974609375,208.1178741455078,1.0,135.54611206054688,238.25430297851562,1.0,122.96466064453125,227.28529357910156,1.0,110.0376205444336,227.87869262695312,1.0,174.82960510253906,225.6407470703125,1.0,191.25428771972656,225.57614135742188,1.0,135.4620819091797,257.0658874511719,1.0,109.52079010009766,273.846435546875,1.0,175.60572814941406,273.0440979003906,1.0
691,143.38128662109375,207.90390014648438,1.0,135.54690551757812,238.09027099609375,1.0,123.0042724609375,227.14126586914062,1.0,110.25808715820312,227.8954315185547,1.0,174.78355407714844,225.49575805664062,1.0,191.33775329589844,225.49954223632812,1.0,135.6122589111328,257.1532897949219,1.0,109.57957458496094,273.7337341308594,1.0,175.58338928222656,273.21343994140625,1.0
692,143.3294219970703,207.89080810546875,1.0,135.4867401123047,238.05691528320312,1.0,122.9717025756836,227.14651489257812,1.0,110.22276306152344,228.04359436035156,1.0,174.70018005371094,225.46478271484375,1.0,191.30772399902344,225.5740509033203,1.0,135.59414672851562,257.1683349609375,1.0,109.63101196289062,273.62847900390625,1.0,175.52488708496094,273.0848083496094,1.0
693,143.3338623046875,207.68504333496094,1.0,135.5908203125,237.7448272705078,1.0,123.2646713256836,226.79269409179688,1.0,110.20436096191406,228.07623291015625,1.0,174.29385375976562,224.81472778320312,1.0,191.41648864746094,225.38742065429688,1.0,135.7158203125,257.2220764160156,1.0,109.6620101928711,273.6915588378906,1.0,175.64675903320312,273.11004638671875,1.0
694,143.5193634033203,207.70486450195312,1.0,135.72158813476562,237.64306640625,1.0,122.96854400634766,226.76763916015625,1.0,110.174560546875,228.478759765625,1.0,174.46047973632812,224.9231719970703,1.0,191.679931640625,225.6220245361328,1.0,135.76475524902344,257.121826171875,1.0,109.65731811523438,273.6841735839844,1.0,175.67259216308594,273.195068359375,1.0
695,143.42459106445312,207.60255432128906,1.0,135.85031127929688,237.62857055664062,1.0,123.13800048828125,226.63015747070312,1.0,110.29534912109375,228.6234893798828,1.0,174.399169921875,224.82383728027344,1.0,191.72303771972656,225.66273498535156,1.0,135.81947326660156,257.2918395996094,1.0,109.80306243896484,273.7370300292969,1.0,175.65396118164062,273.22027587890625,1.0
696,143.2424774169922,207.54168701171875,1.0,135.9807891845703,237.7754364013672,1.0,122.90721130371094,226.5740509033203,1.0,110.25972747802734,228.4719696044922,1.0,174.44276428222656,224.74888610839844,1.0,191.56715393066406,225.15927124023438,1.0,135.778076171875,257.4919738769531,1.0,111.24695587158203,273.0985412597656,1.0,176.11546325683594,273.328125,1.0
697,143.04100036621094,207.32196044921875,1.0,135.82298278808594,237.47779846191406,1.0,122.89927673339844,226.45481872558594,1.0,110.32660675048828,228.47781372070312,1.0,174.49838256835938,224.68487548828125,1.0,191.57308959960938,225.23745727539062,1.0,135.65179443359375,257.3323059082031,1.0,109.69215393066406,273.3740234375,1.0,175.75692749023438,272.9252014160156,1.0
698,143.08470153808594,207.19500732421875,1.0,135.872802734375,237.5089111328125,1.0,123.45731353759766,226.50692749023438,1.0,110.25804901123047,228.500244140625,1.0,174.5154266357422,224.57949829101562,1.0,191.55960083007812,225.28414916992188,1.0,135.6947784423828,257.3766174316406,1.0,109.69430541992188,273.3587341308594,1.0,175.90176391601562,272.9011535644531,1.0
699,143.06973266601562,207.4020233154297,1.0,135.8785858154297,237.4380340576172,1.0,123.50152587890625,226.52513122558594,1.0,110.31534576416016,228.66131591796875,1.0,174.53744506835938,224.67298889160156,1.0,191.53439331054688,225.21058654785156,1.0,135.64878845214844,257.38525390625,1.0,109.71709442138672,273.34906005859375,1.0,175.9354705810547,272.82232666015625,1.0
700,143.03802490234375,207.17604064941406,1.0,135.79283142089844,237.4623565673828,1.0,123.39219665527344,226.5412139892578,1.0,110.2947006225586,228.6944122314453,1.0,174.41563415527344,224.59902954101562,1.0,191.53775024414062,225.16139221191406,1.0,135.51002502441406,257.20220947265625,1.0,109.63702392578125,273.3244934082031,1.0,175.9337158203125,272.7987976074219,1.0
701,143.03330993652344,207.3658905029297,1.0,135.887451171875,237.5940704345703,1.0,123.48292541503906,226.56703186035156,1.0,110.46048736572266,228.80914306640625,1.0,174.44189453125,224.77117919921875,1.0,191.5032196044922,225.14801025390625,1.0,135.59149169921875,257.3464660644531,1.0,109.67086791992188,273.4077453613281,1.0,176.12290954589844,273.33447265625,1.0
702,143.1706085205078,207.2801513671875,1.0,135.9479522705078,237.50511169433594,1.0,122.80543518066406,226.67054748535156,1.0,110.43952941894531,228.76966857910156,1.0,174.49586486816406,224.76588439941406,1.0,191.51358032226562,225.16981506347656,1.0,135.7632598876953,257.18170166015625,1.0,109.72802734375,273.4327392578125,1.0,176.16726684570312,273.2530212402344,1.0
703,143.32980346679688,207.2706298828125,1.0,135.97561645507812,237.45155334472656,1.0,122.90677642822266,226.55096435546875,1.0,110.59432983398438,228.7717742919922,1.0,174.46234130859375,224.65367126464844,1.0,191.5922393798828,225.10174560546875,1.0,135.80178833007812,257.0653076171875,1.0,109.7253646850586,273.3904113769531,1.0,175.8710174560547,272.9509582519531,1.0
704,143.37730407714844,207.156005859375,1.0,135.9258575439453,237.46824645996094,1.0,122.93290710449219,226.68016052246094,1.0,110.52030944824219,228.8063201904297,1.0,174.46176147460938,224.669921875,1.0,191.57418823242188,225.01162719726562,1.0,135.79531860351562,256.98736572265625,1.0,109.75936889648438,273.5468444824219,1.0,176.1192626953125,273.2934875488281,1.0
705,143.54762268066406,207.18838500976562,1.0,136.0414276123047,237.31500244140625,1.0,123.05262756347656,226.6130828857422,1.0,110.70683288574219,228.82406616210938,1.0,174.4891815185547,224.63003540039062,1.0,191.49356079101562,225.00717163085938,1.0,135.91925048828125,256.98870849609375,1.0,109.80867004394531,273.5833740234375,1.0,175.90943908691406,272.9649658203125,1.0
706,143.7904510498047,207.2957305908203,1.0,136.1649169921875,237.0719757080078,1.0,123.04629516601562,226.59249877929688,1.0,110.71893310546875,228.8429412841797,1.0,174.5203399658203,224.5276641845703,1.0,191.81883239746094,224.99021911621094,1.0,135.87184143066406,256.8291320800781,1.0,109.83963012695312,273.3664855957031,1.0,175.94418334960938,272.91162109375,1.0
707,143.81134033203125,207.27305603027344,1.0,136.24659729003906,236.89283752441406,1.0,123.03947448730469,226.43687438964844,1.0,110.87727355957031,228.67059326171875,1.0,174.50596618652344,224.32330322265625,1.0,191.94935607910156,224.9477081298828,1.0,135.97406005859375,256.81011962890625,1.0,109.81755828857422,273.2279357910156,1.0,176.03524780273438,272.821044921875,1.0
708,143.85791015625,207.24142456054688,1.0,136.65286254882812,236.77879333496094,1.0,123.26378631591797,226.4072723388672,1.0,110.78260040283203,228.54002380371094,1.0,174.48696899414062,224.26953125,1.0,192.146240234375,225.194580078125,1.0,136.2323455810547,256.67437744140625,1.0,111.27416229248047,272.8084411621094,1.0,176.33189392089844,273.1369323730469,1.0
709,143.85365295410156,207.16171264648438,1.0,136.5581817626953,236.74649047851562,1.0,123.27763366699219,226.26251220703125,1.0,110.81641387939453,228.53570556640625,1.0,174.60894775390625,224.14857482910156,1.0,192.5545654296875,225.2378692626953,1.0,136.02447509765625,256.6524963378906,1.0,109.77418518066406,273.1421203613281,1.0,176.39369201660156,273.16064453125,1.0
710,144.516845703125,207.13990783691406,1.0,136.93846130371094,236.55511474609375,1.0,123.81098937988281,225.81576538085938,1.0,111.041748046875,228.3583526611328,1.0,174.82110595703125,224.0135955810547,1.0,192.7594757080078,225.38645935058594,1.0,135.7236328125,256.364990234375,1.0,110.90198516845703,272.2531433105469,1.0,176.08758544921875,272.873291015625,1.0
711,144.8070526123047,207.35255432128906,1.0,136.95138549804688,236.96444702148438,1.0,124.4202651977539,225.59237670898438,1.0,111.23379516601562,228.2338409423828,1.0,175.3538818359375,224.14878845214844,1.0,192.9426727294922,225.67092895507812,1.0,135.9520263671875,256.402099609375,1.0,110.93400573730469,272.30133056640625,1.0,176.25341796875,273.0216064453125,1.0
712,144.99005126953125,207.5040283203125,1.0,137.03367614746094,236.9239959716797,1.0,124.60907745361328,225.53927612304688,1.0,111.36009979248047,228.37461853027344,1.0,175.4494171142578,224.19081115722656,1.0,192.99490356445312,225.4053192138672,1.0,136.04161071777344,256.47210693359375,1.0,110.91941833496094,272.2659912109375,1.0,176.3658447265625,272.91412353515625,1.0
713,145.19338989257812,207.17593383789062,1.0,137.06321716308594,236.8199005126953,1.0,124.58344268798828,225.57962036132812,1.0,111.34681701660156,228.28248596191406,1.0,175.8264617919922,224.2451934814453,1.0,193.19708251953125,225.4222412109375,1.0,136.13162231445312,256.2942810058594,1.0,111.3454360961914,272.468994140625,1.0,176.28099060058594,273.0237121582031,1.0
714,145.47386169433594,207.3312530517578,1.0,137.4406280517578,236.46932983398438,1.0,124.74037170410156,225.1674041748047,1.0,111.39611053466797,227.80148315429688,1.0,176.1094970703125,224.05227661132812,1.0,193.70700073242188,224.9950714111328,1.0,136.30328369140625,256.22332763671875,1.0,111.8701171875,272.119140625,1.0,176.5851593017578,272.7087097167969,1.0
715,145.8682403564453,207.2368621826172,1.0,137.84434509277344,236.4716033935547,1.0,125.15914154052734,225.13345336914062,1.0,111.50608825683594,227.8336639404297,1.0,176.3324737548828,224.17396545410156,1.0,193.90196228027344,224.72714233398438,1.0,136.80938720703125,256.4978942871094,1.0,111.85369110107422,272.21356201171875,1.0,176.79193115234375,272.5789794921875,1.0
716,146.2668914794922,206.8387908935547,1.0,138.21142578125,236.35885620117188,1.0,125.52854919433594,225.00228881835938,1.0,112.09750366210938,227.8890380859375,1.0,176.81520080566406,223.835693359375,1.0,193.99642944335938,225.04481506347656,1.0,137.2782440185547,256.5884704589844,1.0,112.11790466308594,272.22918701171875,1.0,176.98004150390625,272.7149353027344,1.0
717,146.75367736816406,206.6994171142578,1.0,138.70516967773438,236.00917053222656,1.0,125.76445770263672,224.60153198242188,1.0,112.437744140625,227.58514404296875,1.0,176.71075439453125,223.7671661376953,1.0,194.03045654296875,224.8683624267578,1.0,137.8207244873047,256.88433837890625,1.0,112.0861587524414,272.1172180175781,1.0,177.17694091796875,272.74603271484375,1.0
718,147.10299682617188,206.6356201171875,1.0,138.6942596435547,236.34219360351562,1.0,125.89915466308594,224.7342529296875,1.0,112.5893783569336,227.78602600097656,1.0,177.0813446044922,223.78485107421875,1.0,194.31883239746094,224.6522674560547,1.0,137.9499969482422,257.0815734863281,1.0,112.33882904052734,272.0585632324219,1.0,177.2372283935547,272.7593688964844,1.0
719,147.64633178710938,206.60203552246094,1.0,139.6943359375,235.72775268554688,1.0,126.20404815673828,224.36244201660156,1.0,112.81583404541016,227.43588256835938,1.0,177.1285858154297,223.79042053222656,1.0,194.55259704589844,224.70176696777344,1.0,138.69407653808594,257.1357116699219,1.0,112.46224975585938,271.92236328125,1.0,177.6947021484375,272.6800842285156,1.0
720,147.97877502441406,206.84788513183594,1.0,139.94593811035156,236.01882934570312,1.0,126.23199462890625,224.46620178222656,1.0,113.15048217773438,227.58819580078125,1.0,177.24798583984375,224.09024047851562,1.0,194.8685760498047,224.36830139160156,1.0,138.8209228515625,256.67266845703125,1.0,112.7580337524414,271.3439025878906,1.0,177.6840362548828,272.51708984375,1.0
721,147.8661651611328,206.59420776367188,1.0,140.28770446777344,235.89532470703125,1.0,126.6620864868164,224.5329132080078,1.0,113.20252990722656,227.6632843017578,1.0,177.29086303710938,224.13330078125,1.0,194.78623962402344,224.59503173828125,1.0,139.05674743652344,257.0563659667969,1.0,113.12232971191406,271.5931396484375,1.0,177.85299682617188,272.6546630859375,1.0
722,147.9468536376953,206.72352600097656,1.0,140.27069091796875,236.3011474609375,1.0,126.67919158935547,224.56004333496094,1.0,113.32384490966797,227.49581909179688,1.0,177.28297424316406,224.17398071289062,1.0,194.97500610351562,224.53126525878906,1.0,139.3166046142578,257.1390380859375,1.0,113.04205322265625,271.69158935546875,1.0,177.84800720214844,272.6357116699219,1.0
723,148.30372619628906,206.54148864746094,1.0,140.39791870117188,236.06471252441406,1.0,126.92288208007812,224.58737182617188,1.0,113.51355743408203,227.10499572753906,1.0,177.3200225830078,223.99208068847656,1.0,194.97608947753906,224.69703674316406,1.0,139.4054718017578,257.00909423828125,1.0,113.24658203125,271.8343200683594,1.0,177.96292114257812,272.75701904296875,1.0
724,148.3533477783203,206.4093475341797,1.0,140.55780029296875,235.90011596679688,1.0,126.9131088256836,224.4918212890625,1.0,113.45232391357422,227.4141387939453,1.0,177.44078063964844,224.01495361328125,1.0,195.2712860107422,224.81808471679688,1.0,139.30029296875,257.1045227050781,1.0,113.11044311523438,271.5863037109375,1.0,177.9091033935547,272.7217712402344,1.0
725,148.448974609375,206.3757781982422,1.0,140.87301635742188,235.78280639648438,1.0,126.95772552490234,224.3186492919922,1.0,113.51879119873047,227.29298400878906,1.0,177.67919921875,224.02125549316406,1.0,195.6803436279297,225.01876831054688,1.0,139.53123474121094,257.1044921875,1.0,113.02693939208984,271.4692077636719,1.0,177.9264678955078,272.8555908203125,1.0
726,148.5591278076172,206.45899963378906,1.0,140.89071655273438,235.782958984375,1.0,127.09648132324219,224.38180541992188,1.0,113.67269134521484,227.46664428710938,1.0,178.15512084960938,224.30914306640625,1.0,195.69393920898438,225.0089111328125,1.0,139.59800720214844,256.9679870605469,1.0,113.19267272949219,271.625,1.0,178.02098083496094,272.5660400390625,1.0
727,148.8087615966797,206.1475067138672,1.0,140.7786407470703,236.0740509033203,1.0,127.24032592773438,224.16757202148438,1.0,113.7245864868164,227.2248992919922,1.0,178.0000762939453,224.31329345703125,1.0,195.5292510986328,225.25375366210938,1.0,139.8560333251953,256.96490478515625,1.0,113.04219818115234,271.3504333496094,1.0,178.08448791503906,272.6567077636719,1.0
728,148.9938201904297,206.0386962890625,1.0,140.77149963378906,236.18357849121094,1.0,127.44684600830078,224.20823669433594,1.0,113.6307601928711,227.23635864257812,1.0,178.19549560546875,224.31893920898438,1.0,196.0026092529297,224.98362731933594,1.0,139.8632354736328,257.16650390625,1.0,113.05624389648438,271.5267333984375,1.0,178.18057250976562,272.689208984375,1.0
729,149.06155395507812,206.01934814453125,1.0,140.78668212890625,236.03591918945312,1.0,127.38829803466797,224.36273193359375,1.0,113.72049713134766,227.28927612304688,1.0,178.2029266357422,224.36203002929688,1.0,196.02073669433594,225.04360961914062,1.0,139.83016967773438,257.1704406738281,1.0,113.08771514892578,271.5504150390625,1.0,178.14715576171875,272.7996520996094,1.0
730,149.04534912109375,206.17733764648438,1.0,140.5226287841797,235.85597229003906,1.0,127.34938049316406,224.58311462402344,1.0,113.70536804199219,227.53553771972656,1.0,178.06329345703125,224.43052673339844,1.0,196.12387084960938,225.21640014648438,1.0,139.7711181640625,257.4031982421875,1.0,113.0907974243164,271.65802001953125,1.0,178.19744873046875,272.7413024902344,1.0
731,149.23826599121094,206.0713348388672,1.0,140.64697265625,235.82284545898438,1.0,127.48932647705078,224.53404235839844,1.0,113.99427032470703,227.30870056152344,1.0,178.11647033691406,224.36041259765625,1.0,196.28790283203125,225.2739715576172,1.0,139.8026580810547,257.2699890136719,1.0,113.12332153320312,271.5889892578125,1.0,178.2156982421875,272.7457275390625,1.0
732,149.5264434814453,206.22335815429688,1.0,140.86553955078125,235.96701049804688,1.0,127.63336944580078,224.6131134033203,1.0,113.67430877685547,227.21176147460938,1.0,178.03421020507812,224.39659118652344,1.0,196.7803497314453,225.36985778808594,1.0,140.19024658203125,256.9852294921875,1.0,113.3385238647461,271.71942138671875,1.0,178.2667694091797,272.7118225097656,1.0
733,149.58338928222656,206.18296813964844,1.0,141.29156494140625,236.279541015625,1.0,127.69341278076172,224.69915771484375,1.0,113.73493957519531,227.18734741210938,1.0,178.17306518554688,224.44635009765625,1.0,196.76278686523438,225.55116271972656,1.0,140.2236328125,256.87615966796875,1.0,113.34429168701172,271.6023864746094,1.0,178.31114196777344,272.76983642578125,1.0
734,149.59609985351562,206.2364501953125,1.0,141.25001525878906,236.14366149902344,1.0,127.75691986083984,224.7171173095703,1.0,113.8166732788086,227.1558074951172,1.0,178.12391662597656,224.3994140625,1.0,196.63389587402344,225.62840270996094,1.0,140.29067993164062,256.73101806640625,1.0,113.42768096923828,271.53546142578125,1.0,178.3274383544922,272.8256530761719,1.0
735,149.8028106689453,206.05499267578125,1.0,141.36424255371094,235.967529296875,1.0,127.90624237060547,224.58445739746094,1.0,114.02397155761719,227.1409912109375,1.0,178.32571411132812,224.4493408203125,1.0,196.80287170410156,225.54000854492188,1.0,140.4696807861328,256.7428894042969,1.0,113.23895263671875,271.4007873535156,1.0,178.4469757080078,272.75714111328125,1.0
736,149.97802734375,206.13177490234375,1.0,141.4960174560547,235.93663024902344,1.0,127.95735931396484,224.76055908203125,1.0,114.25043487548828,227.0186309814453,1.0,178.88607788085938,224.56256103515625,1.0,197.25038146972656,225.2434844970703,1.0,140.3036651611328,256.1275329589844,1.0,113.45162963867188,271.4798889160156,1.0,178.2596435546875,272.8548889160156,1.0
737,150.3072509765625,206.1351776123047,1.0,142.2637481689453,236.1348419189453,1.0,128.60855102539062,224.8638153076172,1.0,114.12677001953125,227.1241912841797,1.0,179.05392456054688,224.72116088867188,1.0,197.49322509765625,225.114013671875,1.0,140.7523193359375,256.0131530761719,1.0,113.91361236572266,271.38763427734375,1.0,178.83522033691406,272.7548828125,1.0
738,150.39151000976562,206.1327667236328,1.0,142.2689666748047,235.96043395996094,1.0,128.74269104003906,224.6840057373047,1.0,114.38307189941406,226.99984741210938,1.0,179.1020050048828,224.60470581054688,1.0,197.45791625976562,225.1389923095703,1.0,140.74266052246094,255.84628295898438,1.0,114.07295227050781,271.34222412109375,1.0,178.90255737304688,272.8031005859375,1.0
739,150.631103515625,206.1604766845703,1.0,142.63333129882812,235.7396240234375,1.0,128.8483123779297,224.5996856689453,1.0,114.35096740722656,226.79156494140625,1.0,179.3701171875,224.69432067871094,1.0,197.5661163330078,225.12173461914062,1.0,141.4566192626953,255.60838317871094,1.0,114.10061645507812,271.42620849609375,1.0,178.96458435058594,272.78460693359375,1.0
740,150.77798461914062,206.30670166015625,1.0,142.68878173828125,235.5744171142578,1.0,128.91680908203125,224.5191192626953,1.0,114.66413116455078,226.6464080810547,1.0,179.63449096679688,224.730224609375,1.0,197.5298309326172,225.14569091796875,1.0,141.6148223876953,255.4657440185547,1.0,113.88449096679688,271.3013000488281,1.0,179.1212158203125,272.72027587890625,1.0
741,150.9140167236328,206.09661865234375,1.0,142.85653686523438,235.50723266601562,1.0,129.09095764160156,224.34027099609375,1.0,114.93612670898438,226.70364379882812,1.0,179.69949340820312,224.7776641845703,1.0,197.53515625,225.1867218017578,1.0,141.6485137939453,255.45835876464844,1.0,113.82598876953125,271.1279602050781,1.0,179.1854705810547,272.69232177734375,1.0
742,150.73048400878906,206.2493438720703,1.0,142.8423309326172,235.3955078125,1.0,128.93075561523438,224.51361083984375,1.0,114.8928451538086,226.8618927001953,1.0,179.8563232421875,224.71774291992188,1.0,197.8245086669922,225.3287811279297,1.0,141.83538818359375,255.18209838867188,1.0,114.02824401855469,271.18011474609375,1.0,179.1098175048828,272.7087707519531,1.0
743,150.90853881835938,206.224365234375,1.0,142.82009887695312,235.49441528320312,1.0,128.95884704589844,224.533447265625,1.0,114.8770523071289,226.7327880859375,1.0,179.80555725097656,224.6639862060547,1.0,197.91409301757812,225.45143127441406,1.0,141.71795654296875,255.21087646484375,1.0,113.98645782470703,271.1486511230469,1.0,179.12405395507812,272.74945068359375,1.0
744,151.0938720703125,205.63916015625,1.0,142.89981079101562,235.4486846923828,1.0,128.94180297851562,224.43519592285156,1.0,115.21430206298828,226.46070861816406,1.0,179.89649963378906,224.69619750976562,1.0,198.11180114746094,225.34364318847656,1.0,141.76687622070312,255.58535766601562,1.0,114.01707458496094,270.7799072265625,1.0,179.5182342529297,272.5888366699219,1.0
745,151.0949249267578,205.74411010742188,1.0,143.03517150878906,235.55465698242188,1.0,128.98556518554688,224.60995483398438,1.0,115.20228576660156,226.68780517578125,1.0,179.87110900878906,224.67774963378906,1.0,198.1175537109375,225.37193298339844,1.0,141.96139526367188,255.5760955810547,1.0,114.2269515991211,270.9243469238281,1.0,179.51910400390625,272.52978515625,1.0
746,150.9696807861328,205.8100128173828,1.0,142.85902404785156,235.68402099609375,1.0,128.85739135742188,224.560302734375,1.0,115.10513305664062,226.68312072753906,1.0,179.7716827392578,224.73776245117188,1.0,198.056884765625,225.45077514648438,1.0,141.9192352294922,255.51429748535156,1.0,114.14800262451172,271.0152282714844,1.0,179.3920135498047,272.6512145996094,1.0
747,150.94822692871094,205.9673614501953,1.0,142.9547119140625,235.75289916992188,1.0,128.96104431152344,224.52554321289062,1.0,115.31842041015625,226.69207763671875,1.0,179.7640838623047,225.02027893066406,1.0,197.8798828125,225.53976440429688,1.0,141.94688415527344,255.39456176757812,1.0,114.26663970947266,271.057861328125,1.0,179.3353271484375,272.7072448730469,1.0
748,150.99514770507812,205.99456787109375,1.0,143.11032104492188,235.66075134277344,1.0,128.9011688232422,224.60142517089844,1.0,115.28117370605469,226.80364990234375,1.0,179.7049102783203,224.98548889160156,1.0,197.897216796875,225.64605712890625,1.0,142.1194610595703,255.43499755859375,1.0,114.32313537597656,271.1319274902344,1.0,179.4021453857422,272.61761474609375,1.0
749,150.91732788085938,205.95814514160156,1.0,143.19110107421875,235.6143035888672,1.0,128.7955322265625,224.62918090820312,1.0,115.15801239013672,226.51974487304688,1.0,179.63002014160156,224.9324951171875,1.0,197.7894287109375,225.57723999023438,1.0,142.1989288330078,255.46868896484375,1.0,114.11785125732422,271.05633544921875,1.0,179.3682403564453,272.68597412109375,1.0
750,150.92010498046875,206.12979125976562,1.0,143.30422973632812,235.62094116210938,1.0,128.84971618652344,224.72598266601562,1.0,115.23400115966797,226.5771026611328,1.0,179.71034240722656,224.72732543945312,1.0,197.85496520996094,225.7093505859375,1.0,142.19143676757812,255.43263244628906,1.0,114.07832336425781,270.9934997558594,1.0,179.38623046875,272.7236022949219,1.0
751,151.3110809326172,206.33731079101562,1.0,143.1593017578125,235.40394592285156,1.0,129.04208374023438,224.77398681640625,1.0,115.43082427978516,226.5068817138672,1.0,180.02867126464844,224.89764404296875,1.0,197.8651123046875,225.8135986328125,1.0,142.18133544921875,255.27792358398438,1.0,114.14614868164062,270.9247131347656,1.0,179.45016479492188,272.55889892578125,1.0
752,151.4913787841797,206.1853790283203,1.0,143.4596710205078,235.61920166015625,1.0,129.08372497558594,224.79757690429688,1.0,115.39022064208984,226.6383514404297,1.0,180.1027374267578,224.79190063476562,1.0,197.9163360595703,225.80322265625,1.0,142.36399841308594,255.1570587158203,1.0,114.2946548461914,271.02301025390625,1.0,179.5091552734375,272.6122131347656,1.0
753,151.72732543945312,206.14306640625,1.0,143.33663940429688,235.26217651367188,1.0,129.15292358398438,224.8418731689453,1.0,115.43023681640625,226.87582397460938,1.0,180.7728271484375,225.23939514160156,1.0,198.02392578125,226.15240478515625,1.0,142.5685272216797,255.09933471679688,1.0,114.29301452636719,270.8310546875,1.0,179.32669067382812,272.692626953125,1.0
754,152.53985595703125,206.31103515625,1.0,143.233154296875,235.37413024902344,1.0,129.80715942382812,225.60899353027344,1.0,115.93436431884766,226.0585174560547,1.0,181.8072509765625,225.7368927001953,1.0,198.6459503173828,226.6245880126953,1.0,142.72271728515625,255.0093994140625,1.0,114.32241821289062,270.80419921875,1.0,179.60299682617188,272.84814453125,1.0
755,153.0106201171875,206.71267700195312,1.0,143.54928588867188,235.42193603515625,1.0,130.07028198242188,225.8294677734375,1.0,116.95829772949219,226.41482543945312,1.0,182.0441436767578,226.47695922851562,1.0,198.77137756347656,226.99176025390625,1.0,142.66033935546875,254.7806396484375,1.0,114.4542465209961,270.86944580078125,1.0,179.6014404296875,272.93743896484375,1.0
756,153.06520080566406,206.36581420898438,1.0,143.8502960205078,235.4008331298828,1.0,130.04165649414062,225.5615234375,1.0,116.70734405517578,226.50384521484375,1.0,182.26048278808594,226.33567810058594,1.0,198.83641052246094,227.07591247558594,1.0,142.63140869140625,254.55853271484375,1.0,114.38555908203125,270.8478088378906,1.0,179.7289581298828,272.8586730957031,1.0
757,152.9261932373047,206.49256896972656,1.0,143.7864532470703,235.52259826660156,1.0,130.12876892089844,225.73104858398438,1.0,116.7050552368164,226.36180114746094,1.0,182.17002868652344,226.36114501953125,1.0,198.89407348632812,227.01702880859375,1.0,142.5908660888672,254.39427185058594,1.0,114.4273452758789,270.73846435546875,1.0,179.61273193359375,272.981201171875,1.0
758,152.8544158935547,206.66310119628906,1.0,143.5560302734375,235.28201293945312,1.0,130.69140625,225.9520721435547,1.0,116.4908447265625,226.51638793945312,1.0,182.3798370361328,226.4856719970703,1.0,198.88336181640625,227.1544189453125,1.0,142.77166748046875,254.74229431152344,1.0,114.33367156982422,270.91802978515625,1.0,179.57310485839844,273.2289733886719,1.0
759,153.03602600097656,206.60093688964844,1.0,143.9196014404297,235.74195861816406,1.0,130.85069274902344,225.84054565429688,1.0,116.70997619628906,226.57504272460938,1.0,182.47830200195312,226.4307098388672,1.0,198.97744750976562,227.19650268554688,1.0,142.87503051757812,254.7624969482422,1.0,114.40631103515625,270.8792724609375,1.0,179.60806274414062,273.175048828125,1.0
760,152.9395294189453,206.7180633544922,1.0,144.08738708496094,235.83502197265625,1.0,130.27816772460938,225.8446502685547,1.0,116.53255462646484,226.74331665039062,1.0,182.66506958007812,226.5601348876953,1.0,199.01876831054688,227.19862365722656,1.0,142.94346618652344,254.64419555664062,1.0,114.64083099365234,271.02435302734375,1.0,179.64669799804688,273.25469970703125,1.0
761,152.9771728515625,206.83856201171875,1.0,143.09190368652344,235.9850311279297,1.0,130.73875427246094,226.08798217773438,1.0,116.53099060058594,226.894775390625,1.0,182.5293426513672,226.78857421875,1.0,198.78138732910156,227.17681884765625,1.0,143.05641174316406,254.74581909179688,1.0,114.76287841796875,271.1430358886719,1.0,179.88836669921875,273.0902099609375,1.0
762,153.010498046875,206.96682739257812,1.0,143.2781982421875,235.43582153320312,1.0,130.28509521484375,226.6096954345703,1.0,116.63407897949219,226.6621551513672,1.0,182.20928955078125,227.45803833007812,1.0,197.72418212890625,227.51853942871094,1.0,142.9151153564453,254.5924835205078,1.0,114.90911102294922,271.2095642089844,1.0,179.7385711669922,272.9437255859375,1.0
763,152.8944549560547,207.0865478515625,1.0,143.07167053222656,235.6175537109375,1.0,129.9123992919922,226.92710876464844,1.0,116.92705535888672,226.4375457763672,1.0,181.89393615722656,227.42788696289062,1.0,197.24757385253906,227.72128295898438,1.0,143.1383819580078,254.85198974609375,1.0,114.99124908447266,271.3033142089844,1.0,179.7484893798828,272.870361328125,1.0
764,152.69801330566406,207.06369018554688,1.0,143.1805877685547,235.51486206054688,1.0,129.52613830566406,226.4831085205078,1.0,116.9583969116211,226.62850952148438,1.0,181.7254638671875,227.2965850830078,1.0,197.5302276611328,227.50387573242188,1.0,143.0356903076172,254.70849609375,1.0,114.98077392578125,271.2119445800781,1.0,179.6883087158203,273.014892578125,1.0
765,152.6533966064453,207.0308837890625,1.0,143.23678588867188,235.48126220703125,1.0,129.6485595703125,226.30262756347656,1.0,116.74725341796875,226.77903747558594,1.0,181.7002716064453,227.14820861816406,1.0,198.01438903808594,227.49166870117188,1.0,143.1832733154297,254.52911376953125,1.0,114.95841979980469,271.2852783203125,1.0,179.76625061035156,273.08819580078125,1.0
766,152.63552856445312,206.88600158691406,1.0,143.2788848876953,235.57041931152344,1.0,129.49954223632812,226.36175537109375,1.0,116.4979019165039,226.9662628173828,1.0,181.9228515625,227.08721923828125,1.0,198.71585083007812,227.64596557617188,1.0,143.09800720214844,254.61976623535156,1.0,115.07307434082031,271.2699890136719,1.0,179.82028198242188,273.1997375488281,1.0
767,152.442626953125,206.74383544921875,1.0,143.43038940429688,235.44602966308594,1.0,129.57723999023438,226.1780242919922,1.0,116.50139617919922,226.9133758544922,1.0,181.55615234375,226.4499969482422,1.0,198.6904754638672,227.7677001953125,1.0,143.294677734375,254.75006103515625,1.0,115.12715148925781,271.33953857421875,1.0,179.7648468017578,273.3507080078125,1.0
768,152.91635131835938,206.80545043945312,1.0,143.2765655517578,235.93283081054688,1.0,130.03851318359375,226.20098876953125,1.0,116.82892608642578,226.84400939941406,1.0,181.62159729003906,226.3885040283203,1.0,198.700927734375,227.92051696777344,1.0,143.55807495117188,254.49107360839844,1.0,115.06959533691406,271.297607421875,1.0,180.01382446289062,273.3951110839844,1.0
769,152.9082794189453,206.86669921875,1.0,143.3154754638672,235.92434692382812,1.0,129.9470672607422,225.97950744628906,1.0,116.90023040771484,226.84898376464844,1.0,181.5072479248047,226.42872619628906,1.0,198.71511840820312,228.02651977539062,1.0,143.4772186279297,254.486328125,1.0,115.07090759277344,271.26593017578125,1.0,179.95538330078125,273.46685791015625,1.0
770,152.81349182128906,206.7828826904297,1.0,143.3451690673828,235.96365356445312,1.0,129.89483642578125,226.14584350585938,1.0,116.91224670410156,226.9757537841797,1.0,181.49285888671875,226.38711547851562,1.0,198.61538696289062,227.9730987548828,1.0,143.6200408935547,254.61798095703125,1.0,115.11418151855469,271.35784912109375,1.0,180.1397247314453,273.2651062011719,1.0
771,152.7106170654297,206.62246704101562,1.0,143.32296752929688,236.00564575195312,1.0,130.01303100585938,225.9842987060547,1.0,116.83642578125,226.98011779785156,1.0,181.67198181152344,226.41627502441406,1.0,198.71852111816406,228.12030029296875,1.0,143.57373046875,254.64013671875,1.0,115.11613464355469,271.2566223144531,1.0,180.10446166992188,273.2658386230469,1.0
772,152.78414916992188,207.23944091796875,1.0,143.37599182128906,236.1825714111328,1.0,130.0706787109375,226.00160217285156,1.0,116.7829360961914,227.0819091796875,1.0,181.58425903320312,226.3022003173828,1.0,198.8009796142578,228.0594940185547,1.0,143.704833984375,254.54173278808594,1.0,115.11373901367188,271.2649230957031,1.0,180.20826721191406,273.12939453125,1.0
773,152.77442932128906,207.21218872070312,1.0,143.84439086914062,235.76773071289062,1.0,130.05337524414062,226.06051635742188,1.0,116.7776870727539,227.04420471191406,1.0,181.48683166503906,226.27073669433594,1.0,198.6592559814453,227.9997100830078,1.0,143.7045135498047,254.6961669921875,1.0,115.0327377319336,271.3581237792969,1.0,180.17474365234375,273.0549011230469,1.0
774,152.74169921875,207.3539276123047,1.0,143.31808471679688,236.14950561523438,1.0,129.98861694335938,226.1638946533203,1.0,116.78228759765625,227.1705322265625,1.0,181.39654541015625,226.24166870117188,1.0,198.79827880859375,228.00738525390625,1.0,143.66917419433594,254.5916290283203,1.0,114.98009490966797,271.21575927734375,1.0,180.01327514648438,273.15435791015625,1.0
775,152.7476806640625,207.4552764892578,1.0,143.3756866455078,236.12979125976562,1.0,130.0264434814453,226.28506469726562,1.0,116.7857666015625,227.0907440185547,1.0,181.484375,226.44061279296875,1.0,198.7183074951172,227.9172821044922,1.0,143.58970642089844,254.65757751464844,1.0,115.00659942626953,271.22918701171875,1.0,180.0043487548828,273.1240539550781,1.0
776,152.71095275878906,207.26522827148438,1.0,143.35496520996094,236.1647491455078,1.0,129.9373779296875,226.21554565429688,1.0,116.71051025390625,226.92112731933594,1.0,181.51962280273438,226.4157257080078,1.0,198.81802368164062,227.9212646484375,1.0,143.56954956054688,254.59967041015625,1.0,114.96952819824219,271.10546875,1.0,179.98980712890625,273.22418212890625,1.0
777,152.5034637451172,207.17269897460938,1.0,143.2712860107422,236.1514434814453,1.0,129.81661987304688,226.36668395996094,1.0,116.5095443725586,227.1743621826172,1.0,181.43777465820312,226.4258575439453,1.0,198.7670440673828,227.85203552246094,1.0,143.5435333251953,254.5448455810547,1.0,115.00698852539062,271.09051513671875,1.0,179.93695068359375,273.09716796875,1.0
778,152.53939819335938,207.03750610351562,1.0,143.2156524658203,236.09207153320312,1.0,129.83656311035156,226.2867431640625,1.0,116.45449829101562,227.2665252685547,1.0,181.39453125,226.39100646972656,1.0,198.773193359375,227.84820556640625,1.0,143.49798583984375,254.6073455810547,1.0,115.05028533935547,271.1129150390625,1.0,179.9623565673828,273.04241943359375,1.0
779,152.4561004638672,207.306884765625,1.0,143.16067504882812,236.1952362060547,1.0,129.68014526367188,226.37103271484375,1.0,116.31957244873047,227.35147094726562,1.0,181.26824951171875,226.5113983154297,1.0,198.84828186035156,227.822021484375,1.0,143.51708984375,254.568603515625,1.0,115.03278350830078,271.16693115234375,1.0,180.07772827148438,272.9981384277344,1.0
780,152.391357421875,207.20191955566406,1.0,143.18576049804688,236.0626678466797,1.0,129.74618530273438,226.47052001953125,1.0,116.27825927734375,227.17626953125,1.0,181.20346069335938,226.50653076171875,1.0,198.67144775390625,227.71702575683594,1.0,143.57797241210938,254.8319091796875,1.0,115.18880462646484,271.39080810546875,1.0,180.0323028564453,273.26971435546875,1.0
781,152.35931396484375,207.11680603027344,1.0,143.221923828125,236.04083251953125,1.0,129.67564392089844,226.35720825195312,1.0,116.25468444824219,227.00389099121094,1.0,181.36965942382812,226.5489501953125,1.0,198.81639099121094,227.68429565429688,1.0,143.55828857421875,254.86837768554688,1.0,115.19103240966797,271.4140625,1.0,180.07586669921875,273.3238525390625,1.0
782,152.38014221191406,207.19180297851562,1.0,143.22071838378906,235.92864990234375,1.0,129.7328338623047,226.450927734375,1.0,116.3548812866211,227.09376525878906,1.0,181.2986297607422,226.56138610839844,1.0,198.73939514160156,227.51332092285156,1.0,143.5224151611328,254.91775512695312,1.0,115.14605712890625,271.3235778808594,1.0,180.03565979003906,273.331298828125,1.0
783,152.23289489746094,207.3467559814453,1.0,143.215087890625,235.9581756591797,1.0,129.7216796875,226.44522094726562,1.0,116.29171752929688,226.97933959960938,1.0,181.3123016357422,226.55709838867188,1.0,198.6663360595703,227.7127227783203,1.0,143.52203369140625,254.79977416992188,1.0,115.02923583984375,271.37896728515625,1.0,180.0047607421875,273.3836669921875,1.0
784,152.23556518554688,207.16403198242188,1.0,143.2017059326172,235.93191528320312,1.0,129.7368927001953,226.45404052734375,1.0,116.43572998046875,226.93072509765625,1.0,181.1937255859375,226.5439910888672,1.0,198.62120056152344,227.7730712890625,1.0,143.49720764160156,254.85507202148438,1.0,115.06591033935547,271.38421630859375,1.0,180.0126953125,273.318359375,1.0
785,152.2291259765625,207.51023864746094,1.0,143.26455688476562,236.04391479492188,1.0,129.6779327392578,226.51022338867188,1.0,116.4173355102539,226.84005737304688,1.0,181.19442749023438,226.64016723632812,1.0,198.57875061035156,227.63760375976562,1.0,143.5848846435547,254.8855438232422,1.0,115.02051544189453,271.4365234375,1.0,179.98947143554688,273.2806091308594,1.0
786,152.27340698242188,207.22120666503906,1.0,143.20555114746094,235.9833526611328,1.0,129.7907257080078,226.3519287109375,1.0,116.47319793701172,226.7904815673828,1.0,181.22096252441406,226.71327209472656,1.0,198.7469940185547,227.7611846923828,1.0,143.58786010742188,254.97689819335938,1.0,115.16213989257812,271.3946838378906,1.0,179.96571350097656,273.27728271484375,1.0
787,152.33665466308594,207.11212158203125,1.0,143.28146362304688,235.9347381591797,1.0,129.74952697753906,226.39060974121094,1.0,116.50135803222656,226.97012329101562,1.0,181.14112854003906,226.68414306640625,1.0,198.68910217285156,227.7075653076172,1.0,143.7045135498047,254.8599853515625,1.0,115.21004486083984,271.5003967285156,1.0,179.996337890625,273.36920166015625,1.0
788,152.285888671875,207.0244903564453,1.0,143.171142578125,235.96287536621094,1.0,129.68634033203125,226.54624938964844,1.0,116.62088775634766,226.98558044433594,1.0,181.04400634765625,226.73875427246094,1.0,198.6472930908203,227.45875549316406,1.0,143.6766357421875,254.81231689453125,1.0,115.32679748535156,271.57818603515625,1.0,179.9139862060547,273.3807373046875,1.0
789,152.42178344726562,207.19400024414062,1.0,143.20384216308594,235.99412536621094,1.0,129.6761474609375,226.4624481201172,1.0,116.55659484863281,227.0004425048828,1.0,181.02511596679688,226.85426330566406,1.0,198.66067504882812,227.63392639160156,1.0,143.7151641845703,254.84881591796875,1.0,115.2373275756836,271.5311584472656,1.0,179.94711303710938,273.3006286621094,1.0
790,152.2015380859375,207.33203125,1.0,143.12857055664062,235.97991943359375,1.0,129.58837890625,226.57473754882812,1.0,116.40151977539062,227.1384735107422,1.0,180.93687438964844,226.7187042236328,1.0,198.34608459472656,227.4667510986328,1.0,143.57237243652344,254.8003387451172,1.0,115.25685119628906,271.52801513671875,1.0,179.8100128173828,273.35357666015625,1.0
791,152.1075897216797,207.13327026367188,1.0,143.15219116210938,235.92823791503906,1.0,129.50535583496094,226.62466430664062,1.0,116.44165802001953,227.0611114501953,1.0,181.00424194335938,226.8047637939453,1.0,198.5148468017578,227.63394165039062,1.0,143.55673217773438,254.83494567871094,1.0,115.13601684570312,271.4195861816406,1.0,179.76551818847656,273.39599609375,1.0
792,152.20155334472656,207.18405151367188,1.0,143.47959899902344,235.9890594482422,1.0,129.60025024414062,226.6365509033203,1.0,116.52732849121094,227.17446899414062,1.0,181.12059020996094,226.82884216308594,1.0,198.47967529296875,227.66989135742188,1.0,143.56964111328125,255.0113983154297,1.0,114.90165710449219,271.412841796875,1.0,180.1608123779297,273.2353820800781,1.0
793,151.95118713378906,207.24591064453125,1.0,143.50650024414062,236.08795166015625,1.0,129.36338806152344,226.8078155517578,1.0,116.33380126953125,227.3900909423828,1.0,181.2224578857422,226.83071899414062,1.0,198.45913696289062,227.68153381347656,1.0,143.44717407226562,255.00320434570312,1.0,114.83619689941406,271.4903564453125,1.0,179.99295043945312,273.41351318359375,1.0
794,151.92379760742188,207.32652282714844,1.0,143.48057556152344,236.27493286132812,1.0,129.45664978027344,226.88929748535156,1.0,116.1927261352539,227.4205322265625,1.0,181.19686889648438,226.9468231201172,1.0,198.40847778320312,227.65255737304688,1.0,143.4961700439453,255.22927856445312,1.0,114.87301635742188,271.44122314453125,1.0,180.13865661621094,273.3003234863281,1.0
795,152.0963134765625,207.36766052246094,1.0,143.55235290527344,236.12069702148438,1.0,129.49781799316406,226.80140686035156,1.0,116.4389419555664,227.2981719970703,1.0,181.11582946777344,226.84849548339844,1.0,198.5028533935547,227.66465759277344,1.0,143.5123748779297,255.086669921875,1.0,114.99130249023438,271.3642272949219,1.0,180.05064392089844,273.2242126464844,1.0
796,152.01226806640625,207.28675842285156,1.0,143.5396270751953,236.24993896484375,1.0,129.47190856933594,226.86769104003906,1.0,116.31708526611328,227.2786407470703,1.0,181.16920471191406,226.85263061523438,1.0,198.51718139648438,227.70404052734375,1.0,143.45326232910156,255.13433837890625,1.0,114.93111419677734,271.3063659667969,1.0,180.07627868652344,273.2987365722656,1.0
797,152.02716064453125,207.4175567626953,1.0,143.48831176757812,236.32379150390625,1.0,129.47723388671875,226.91563415527344,1.0,116.25445556640625,227.47097778320312,1.0,181.26852416992188,226.90272521972656,1.0,198.4026641845703,227.6961212158203,1.0,143.3836669921875,255.22264099121094,1.0,115.0272445678711,271.2945861816406,1.0,180.1329345703125,273.174560546875,1.0
798,151.92013549804688,207.49710083007812,1.0,143.54547119140625,236.31988525390625,1.0,129.4274139404297,226.9810333251953,1.0,116.29326629638672,227.4875946044922,1.0,181.23983764648438,226.91258239746094,1.0,198.47682189941406,227.7510528564453,1.0,143.39328002929688,255.2375030517578,1.0,115.08580017089844,271.3124694824219,1.0,180.23635864257812,273.2623596191406,1.0
799,151.98367309570312,207.55836486816406,1.0,143.53224182128906,236.3452911376953,1.0,129.43540954589844,226.90003967285156,1.0,116.24493408203125,227.45693969726562,1.0,181.3231964111328,227.04000854492188,1.0,198.4891815185547,227.88941955566406,1.0,143.31761169433594,255.1420135498047,1.0,115.07469940185547,271.32025146484375,1.0,180.03231811523438,273.31793212890625,1.0
800,152.09786987304688,207.7390899658203,1.0,143.572998046875,236.31272888183594,1.0,129.94247436523438,227.190673828125,1.0,116.28712463378906,227.40078735351562,1.0,181.31642150878906,227.1317596435547,1.0,198.27392578125,227.81871032714844,1.0,143.2169647216797,255.01779174804688,1.0,115.13484191894531,271.1927490234375,1.0,180.07833862304688,273.3339538574219,1.0
801,152.05499267578125,207.7776641845703,1.0,143.54319763183594,236.3086395263672,1.0,129.33151245117188,227.07452392578125,1.0,116.22931671142578,227.35865783691406,1.0,181.3509063720703,227.20138549804688,1.0,198.3074951171875,227.9468536376953,1.0,143.2062530517578,255.14785766601562,1.0,115.19961547851562,271.31689453125,1.0,180.1577911376953,273.2170104980469,1.0
802,152.0595703125,207.71212768554688,1.0,143.37220764160156,236.38296508789062,1.0,129.79820251464844,227.32005310058594,1.0,116.4198226928711,227.34658813476562,1.0,181.324462890625,227.1802520751953,1.0,198.25225830078125,227.862060546875,1.0,143.24156188964844,255.2340545654297,1.0,115.05512237548828,271.39129638671875,1.0,180.06040954589844,273.2570495605469,1.0
803,151.90899658203125,207.5532684326172,1.0,143.25338745117188,236.34596252441406,1.0,129.81715393066406,227.38552856445312,1.0,116.51834106445312,227.460693359375,1.0,181.33396911621094,227.24253845214844,1.0,198.30545043945312,227.78292846679688,1.0,143.06813049316406,255.13816833496094,1.0,115.00804901123047,271.4811706542969,1.0,179.99560546875,273.31573486328125,1.0
804,152.27490234375,207.3603973388672,1.0,142.84957885742188,236.36424255371094,1.0,129.8333282470703,227.58377075195312,1.0,116.28592681884766,227.5367889404297,1.0,181.16717529296875,227.46185302734375,1.0,198.310791015625,227.9690704345703,1.0,143.1959686279297,255.05792236328125,1.0,115.03517150878906,271.58648681640625,1.0,180.0497283935547,273.1219787597656,1.0
805,152.36431884765625,207.43251037597656,1.0,142.98707580566406,236.33338928222656,1.0,129.8666229248047,227.57522583007812,1.0,116.3826904296875,227.55322265625,1.0,181.13858032226562,227.51394653320312,1.0,198.1846160888672,228.17994689941406,1.0,143.25015258789062,255.14971923828125,1.0,115.0386962890625,271.6433410644531,1.0,179.96875,273.06427001953125,1.0
806,152.71495056152344,207.13522338867188,1.0,143.24896240234375,235.83921813964844,1.0,129.93495178222656,227.52169799804688,1.0,116.37014770507812,227.44029235839844,1.0,181.4228057861328,227.35337829589844,1.0,198.61302185058594,228.0056610107422,1.0,143.65164184570312,254.2050018310547,1.0,115.43350219726562,270.9343566894531,1.0,179.74319458007812,273.25921630859375,1.0
807,153.30313110351562,206.48216247558594,1.0,144.42025756835938,234.705322265625,1.0,130.434814453125,226.73204040527344,1.0,116.80696105957031,226.3054962158203,1.0,181.9241943359375,227.39759826660156,1.0,198.70948791503906,228.13563537597656,1.0,144.21351623535156,252.6636505126953,1.0,115.53318786621094,270.0310363769531,1.0,180.03196716308594,272.6788330078125,1.0
808,153.5848846435547,206.04856872558594,1.0,144.9337921142578,233.61257934570312,1.0,130.27020263671875,225.1909637451172,1.0,116.81278991699219,226.59495544433594,1.0,181.6339874267578,226.16502380371094,1.0,198.777587890625,227.666259765625,1.0,144.51141357421875,252.27981567382812,1.0,115.52191162109375,269.4577941894531,1.0,180.0698699951172,272.374267578125,1.0
809,153.59527587890625,205.7126922607422,1.0,144.93894958496094,233.509521484375,1.0,130.5025634765625,224.99842834472656,1.0,117.407470703125,226.39529418945312,1.0,182.6217803955078,225.33030700683594,1.0,200.02166748046875,227.3338623046875,1.0,144.34359741210938,252.115478515625,1.0,115.50410461425781,269.4339599609375,1.0,180.19497680664062,272.2391357421875,1.0
810,153.66378784179688,205.672119140625,1.0,144.97442626953125,233.53175354003906,1.0,130.86477661132812,225.1248321533203,1.0,117.42111206054688,226.2372589111328,1.0,182.5484619140625,225.50469970703125,1.0,199.79139709472656,227.59352111816406,1.0,144.41537475585938,252.342041015625,1.0,115.53095245361328,269.46746826171875,1.0,180.28102111816406,272.2799072265625,1.0
811,153.51141357421875,205.6849365234375,1.0,144.96107482910156,233.4915313720703,1.0,130.642333984375,225.18907165527344,1.0,117.11642456054688,226.35720825195312,1.0,182.41476440429688,225.571533203125,1.0,199.62704467773438,227.45066833496094,1.0,144.20445251464844,252.51129150390625,1.0,115.56649017333984,269.5320739746094,1.0,180.23446655273438,272.3739013671875,1.0
812,153.54925537109375,205.78671264648438,1.0,144.86231994628906,233.75836181640625,1.0,130.7358856201172,225.20155334472656,1.0,117.15363311767578,226.2420654296875,1.0,182.69837951660156,225.81381225585938,1.0,199.73699951171875,227.5399169921875,1.0,143.8024444580078,252.86318969726562,1.0,115.46036529541016,269.3650817871094,1.0,180.38674926757812,272.30316162109375,1.0
813,153.6482391357422,205.73388671875,1.0,145.0271453857422,233.95933532714844,1.0,130.81573486328125,225.32212829589844,1.0,117.177734375,226.174560546875,1.0,182.72390747070312,225.89100646972656,1.0,199.73843383789062,227.51446533203125,1.0,143.98133850097656,253.08566284179688,1.0,115.47472381591797,269.7535095214844,1.0,180.26492309570312,272.3292541503906,1.0
814,153.8029327392578,205.99794006347656,1.0,144.95152282714844,234.2581787109375,1.0,130.69131469726562,225.494140625,1.0,117.20158386230469,226.1284637451172,1.0,182.67564392089844,226.0756072998047,1.0,199.75682067871094,227.49365234375,1.0,143.8756561279297,253.162841796875,1.0,115.6214828491211,269.69854736328125,1.0,180.07254028320312,272.4779052734375,1.0
815,153.48468017578125,205.74118041992188,1.0,144.9634246826172,234.22030639648438,1.0,130.6643524169922,225.26522827148438,1.0,117.19073486328125,226.3341522216797,1.0,182.51939392089844,226.05303955078125,1.0,199.7329559326172,227.69493103027344,1.0,143.98533630371094,253.26193237304688,1.0,115.66777038574219,269.86376953125,1.0,180.0751953125,272.51861572265625,1.0
816,153.61102294921875,206.01210021972656,1.0,144.891357421875,234.629150390625,1.0,130.72274780273438,225.4884033203125,1.0,117.08216857910156,226.53855895996094,1.0,182.75254821777344,226.43959045410156,1.0,199.41217041015625,227.64154052734375,1.0,143.9589080810547,253.62661743164062,1.0,115.5181655883789,269.9308776855469,1.0,180.21817016601562,272.4735107421875,1.0
817,153.59085083007812,206.1443328857422,1.0,144.77671813964844,234.74032592773438,1.0,130.7142791748047,225.46426391601562,1.0,117.15962982177734,226.371337890625,1.0,182.812255859375,226.38385009765625,1.0,199.4136962890625,227.5484619140625,1.0,143.8477783203125,253.5519561767578,1.0,115.4857177734375,269.89971923828125,1.0,180.08773803710938,272.6582336425781,1.0
818,153.5650634765625,206.0941619873047,1.0,144.6038360595703,234.97085571289062,1.0,131.1873016357422,225.8223419189453,1.0,117.221923828125,226.3387451171875,1.0,182.7898712158203,226.4342498779297,1.0,199.47576904296875,227.60775756835938,1.0,143.86114501953125,253.54879760742188,1.0,115.56641387939453,270.193359375,1.0,180.17832946777344,272.6494445800781,1.0
819,153.60806274414062,206.32850646972656,1.0,144.6677703857422,235.03651428222656,1.0,130.67425537109375,225.65524291992188,1.0,117.12440490722656,226.3846893310547,1.0,182.81439208984375,226.63978576660156,1.0,199.46766662597656,227.51219177246094,1.0,143.8531494140625,253.71546936035156,1.0,115.56961059570312,270.09124755859375,1.0,180.07383728027344,272.6141052246094,1.0
820,153.4904327392578,206.19276428222656,1.0,144.78810119628906,234.85934448242188,1.0,130.57781982421875,225.57894897460938,1.0,117.30179595947266,226.3548126220703,1.0,182.76686096191406,226.55880737304688,1.0,199.41531372070312,227.52371215820312,1.0,143.8685302734375,253.7965850830078,1.0,115.56909942626953,269.99700927734375,1.0,180.1344451904297,272.56060791015625,1.0
821,153.47682189941406,206.06182861328125,1.0,144.81692504882812,234.8141326904297,1.0,131.2266387939453,225.7830352783203,1.0,117.45703125,226.2816925048828,1.0,182.69664001464844,226.4873809814453,1.0,199.46974182128906,227.68374633789062,1.0,143.85226440429688,253.6462860107422,1.0,115.55885314941406,270.1720886230469,1.0,180.17596435546875,272.5629577636719,1.0
822,153.60939025878906,206.26573181152344,1.0,144.7287139892578,235.0111083984375,1.0,131.27093505859375,225.78811645507812,1.0,117.33271789550781,226.26980590820312,1.0,182.8480682373047,226.73782348632812,1.0,199.44100952148438,227.72076416015625,1.0,143.75587463378906,253.69534301757812,1.0,115.57081604003906,270.0639343261719,1.0,180.0280303955078,272.8607177734375,1.0
823,153.53262329101562,206.0918426513672,1.0,144.6617431640625,235.1219024658203,1.0,131.32603454589844,225.7889404296875,1.0,117.40853881835938,226.49826049804688,1.0,182.98611450195312,226.66357421875,1.0,199.54449462890625,227.7066192626953,1.0,143.7526092529297,253.7664794921875,1.0,115.44646453857422,270.2384338378906,1.0,180.0963897705078,272.88458251953125,1.0
824,153.48023986816406,206.10874938964844,1.0,144.02505493164062,235.43838500976562,1.0,131.38587951660156,225.72845458984375,1.0,117.40489959716797,226.3921356201172,1.0,183.08004760742188,226.640380859375,1.0,199.5707244873047,227.7818603515625,1.0,143.78359985351562,254.10009765625,1.0,115.59671020507812,270.3390808105469,1.0,180.2304229736328,272.7352600097656,1.0
825,153.55377197265625,206.3367919921875,1.0,144.83627319335938,235.34603881835938,1.0,131.29617309570312,225.83975219726562,1.0,117.39495086669922,226.46517944335938,1.0,183.11012268066406,226.66221618652344,1.0,199.41598510742188,227.66714477539062,1.0,143.77020263671875,254.01300048828125,1.0,115.6171875,270.1962890625,1.0,180.1604766845703,272.83465576171875,1.0
826,153.6799774169922,206.5478973388672,1.0,144.15626525878906,235.55889892578125,1.0,131.31483459472656,225.9237823486328,1.0,117.57722473144531,226.19131469726562,1.0,183.30538940429688,226.7188720703125,1.0,199.61012268066406,227.7479248046875,1.0,143.91534423828125,254.15963745117188,1.0,115.63323211669922,270.1986389160156,1.0,180.27334594726562,272.8792419433594,1.0
827,153.7594451904297,206.61219787597656,1.0,144.08447265625,235.5592803955078,1.0,131.3717041015625,225.95018005371094,1.0,117.61343383789062,226.3134307861328,1.0,183.36073303222656,226.8165283203125,1.0,199.66648864746094,227.74166870117188,1.0,143.8629913330078,254.02078247070312,1.0,115.70872497558594,270.3798522949219,1.0,180.3470916748047,272.8419189453125,1.0
828,153.7334747314453,206.44381713867188,1.0,144.15577697753906,235.68948364257812,1.0,131.31187438964844,226.13919067382812,1.0,117.48836517333984,226.47055053710938,1.0,183.4002227783203,227.00538635253906,1.0,199.6106719970703,228.0538787841797,1.0,144.07791137695312,254.20169067382812,1.0,115.63676452636719,270.42498779296875,1.0,180.5661163330078,273.06304931640625,1.0
829,153.7645263671875,206.57994079589844,1.0,144.2377471923828,235.61270141601562,1.0,131.20840454101562,226.08132934570312,1.0,117.41688537597656,226.50350952148438,1.0,183.32652282714844,226.99302673339844,1.0,199.5647430419922,227.96627807617188,1.0,144.05291748046875,254.01817321777344,1.0,115.64451599121094,270.5193786621094,1.0,180.5652618408203,273.05316162109375,1.0
830,153.5350341796875,206.6715087890625,1.0,143.93829345703125,235.7224884033203,1.0,131.13397216796875,226.2267303466797,1.0,117.5121078491211,226.517822265625,1.0,183.04808044433594,227.619384765625,1.0,199.01795959472656,227.76220703125,1.0,143.94606018066406,254.3612823486328,1.0,115.56443786621094,270.4986572265625,1.0,180.62057495117188,272.8302917480469,1.0
831,153.34396362304688,206.74472045898438,1.0,143.81826782226562,235.8184814453125,1.0,131.03799438476562,226.2630157470703,1.0,117.4658203125,226.66574096679688,1.0,182.19210815429688,227.8226318359375,1.0,198.4823455810547,228.57559204101562,1.0,144.05723571777344,254.56642150878906,1.0,115.48857879638672,270.5199279785156,1.0,180.79054260253906,272.926025390625,1.0
832,153.47335815429688,206.80838012695312,1.0,143.82005310058594,235.70904541015625,1.0,131.1953582763672,226.0519256591797,1.0,117.6399917602539,226.5346221923828,1.0,182.21682739257812,227.75021362304688,1.0,198.3537139892578,228.45640563964844,1.0,144.0008087158203,254.36331176757812,1.0,115.45941925048828,270.6097717285156,1.0,180.73008728027344,272.9668884277344,1.0
833,153.36300659179688,206.81394958496094,1.0,143.6656951904297,235.67184448242188,1.0,131.10009765625,226.2878875732422,1.0,117.5662841796875,226.84280395507812,1.0,182.17816162109375,227.704345703125,1.0,198.34934997558594,228.4499969482422,1.0,143.8876495361328,254.42208862304688,1.0,115.6543960571289,270.82952880859375,1.0,180.70558166503906,273.00567626953125,1.0
834,153.4078369140625,206.89280700683594,1.0,143.662109375,235.76229858398438,1.0,131.08224487304688,226.31663513183594,1.0,117.53461456298828,226.79666137695312,1.0,182.29371643066406,227.6857147216797,1.0,198.48733520507812,228.3960723876953,1.0,143.96038818359375,254.32559204101562,1.0,115.70912170410156,270.7085266113281,1.0,180.76812744140625,272.9922790527344,1.0
835,153.28099060058594,207.11666870117188,1.0,143.51429748535156,235.82989501953125,1.0,131.04307556152344,226.44358825683594,1.0,117.36910247802734,226.82151794433594,1.0,182.16189575195312,227.6222686767578,1.0,198.40667724609375,228.4170684814453,1.0,143.91592407226562,254.3135986328125,1.0,115.66923522949219,270.80426025390625,1.0,180.62393188476562,272.9865417480469,1.0
836,153.1138153076172,207.08424377441406,1.0,143.54977416992188,235.81881713867188,1.0,130.94912719726562,226.5433807373047,1.0,117.41766357421875,226.6873321533203,1.0,182.18711853027344,227.6096649169922,1.0,198.39389038085938,228.43026733398438,1.0,143.77749633789062,254.3004608154297,1.0,115.81543731689453,270.902099609375,1.0,180.62232971191406,273.0254211425781,1.0
837,153.15830993652344,207.22467041015625,1.0,143.55361938476562,235.92076110839844,1.0,130.8931427001953,226.57359313964844,1.0,117.35169219970703,226.8889923095703,1.0,182.2379913330078,227.714599609375,1.0,198.5507049560547,228.48422241210938,1.0,143.767333984375,254.22975158691406,1.0,115.75599670410156,270.9861755371094,1.0,180.5299530029297,273.06292724609375,1.0
838,153.18804931640625,207.22914123535156,1.0,143.6078338623047,236.04014587402344,1.0,130.77618408203125,226.71054077148438,1.0,117.12123107910156,226.90113830566406,1.0,182.29733276367188,227.74249267578125,1.0,198.79356384277344,228.63890075683594,1.0,143.78341674804688,254.2842254638672,1.0,115.7322998046875,271.07061767578125,1.0,180.564453125,273.03033447265625,1.0
839,153.2456512451172,207.27867126464844,1.0,143.6133575439453,235.95718383789062,1.0,130.82350158691406,226.72390747070312,1.0,117.38563537597656,226.7764434814453,1.0,182.27003479003906,227.706298828125,1.0,198.82325744628906,228.73252868652344,1.0,143.88494873046875,254.30624389648438,1.0,115.7647476196289,271.1038513183594,1.0,180.52296447753906,273.0340881347656,1.0
840,153.21412658691406,207.22760009765625,1.0,143.85040283203125,235.9414825439453,1.0,130.65199279785156,227.03070068359375,1.0,117.27613067626953,226.71661376953125,1.0,182.4593963623047,227.77816772460938,1.0,199.14935302734375,228.77149963378906,1.0,143.6314697265625,254.378173828125,1.0,115.60610961914062,270.94049072265625,1.0,180.55833435058594,273.3282775878906,1.0
841,153.19114685058594,207.31314086914062,1.0,143.92835998535156,236.0672149658203,1.0,130.68096923828125,227.0183868408203,1.0,117.23703002929688,226.73753356933594,1.0,182.4097442626953,227.78744506835938,1.0,198.93211364746094,228.62539672851562,1.0,143.7415008544922,254.29685974121094,1.0,115.5791244506836,270.935791015625,1.0,180.5359649658203,273.2688903808594,1.0
842,153.18702697753906,207.41297912597656,1.0,143.92674255371094,236.03871154785156,1.0,130.67578125,227.1482696533203,1.0,117.38885498046875,226.77499389648438,1.0,182.44789123535156,227.6558074951172,1.0,198.97003173828125,228.42120361328125,1.0,143.82159423828125,254.27886962890625,1.0,115.64079284667969,270.9290466308594,1.0,180.55044555664062,273.072998046875,1.0
843,153.18484497070312,207.51890563964844,1.0,143.92433166503906,236.01295471191406,1.0,130.73727416992188,227.12867736816406,1.0,117.44465637207031,226.72222900390625,1.0,182.46946716308594,227.65399169921875,1.0,198.90098571777344,228.46563720703125,1.0,143.82223510742188,254.2742462158203,1.0,115.58712768554688,271.01300048828125,1.0,180.58001708984375,273.1891784667969,1.0
844,153.18011474609375,207.5657196044922,1.0,143.91494750976562,236.0274658203125,1.0,130.75286865234375,227.23927307128906,1.0,117.14418029785156,226.9077606201172,1.0,182.5055694580078,227.65650939941406,1.0,198.9282684326172,228.33665466308594,1.0,143.93470764160156,254.2836151123047,1.0,115.5938720703125,271.0179138183594,1.0,180.5852813720703,273.173583984375,1.0
845,153.0628204345703,207.35043334960938,1.0,143.853515625,236.03079223632812,1.0,130.7069091796875,227.279541015625,1.0,117.08643341064453,227.03929138183594,1.0,182.4122772216797,227.7373046875,1.0,198.88522338867188,228.37286376953125,1.0,143.87905883789062,254.3475799560547,1.0,115.61944580078125,271.13323974609375,1.0,180.486328125,273.1035461425781,1.0
846,153.10572814941406,207.49331665039062,1.0,143.85101318359375,236.0788116455078,1.0,130.80120849609375,227.28427124023438,1.0,117.13736724853516,227.00172424316406,1.0,182.47618103027344,227.7071075439453,1.0,198.88369750976562,228.41329956054688,1.0,143.88995361328125,254.37030029296875,1.0,115.73013305664062,271.1705627441406,1.0,180.5132598876953,273.22149658203125,1.0
847,153.0646514892578,207.67398071289062,1.0,143.796875,236.22215270996094,1.0,130.70721435546875,227.30487060546875,1.0,117.16047668457031,227.05213928222656,1.0,182.43638610839844,227.6962432861328,1.0,198.8209686279297,228.59300231933594,1.0,143.9130401611328,254.50405883789062,1.0,115.52745056152344,271.0980224609375,1.0,180.5254364013672,273.29937744140625,1.0
848,153.027099609375,207.64389038085938,1.0,143.896240234375,236.14419555664062,1.0,130.7347412109375,227.30386352539062,1.0,117.17314910888672,227.2703399658203,1.0,182.40335083007812,227.7738494873047,1.0,198.80931091308594,228.5985565185547,1.0,143.96009826660156,254.43170166015625,1.0,115.56575775146484,271.4010009765625,1.0,180.53233337402344,273.1913757324219,1.0
849,152.96292114257812,207.4926300048828,1.0,143.86289978027344,236.16439819335938,1.0,130.64431762695312,227.39442443847656,1.0,117.22875213623047,227.16798400878906,1.0,182.44970703125,227.7688446044922,1.0,198.79847717285156,228.4763946533203,1.0,143.8598175048828,254.35366821289062,1.0,115.59282684326172,271.23321533203125,1.0,180.4987335205078,273.0951232910156,1.0
850,153.04432678222656,207.6773223876953,1.0,143.89083862304688,236.12484741210938,1.0,130.61985778808594,227.44764709472656,1.0,117.07389831542969,227.0965576171875,1.0,182.5298614501953,227.79823303222656,1.0,198.9799041748047,228.52593994140625,1.0,143.85751342773438,254.42477416992188,1.0,115.64319610595703,271.3768615722656,1.0,180.51223754882812,273.3003234863281,1.0
851,152.9452667236328,207.76954650878906,1.0,143.88333129882812,236.2184295654297,1.0,130.57106018066406,227.500244140625,1.0,117.0215835571289,227.26263427734375,1.0,182.48171997070312,227.85592651367188,1.0,198.9625701904297,228.53785705566406,1.0,143.79217529296875,254.41265869140625,1.0,115.60248565673828,271.3575744628906,1.0,180.60145568847656,273.1083679199219,1.0
852,152.9324188232422,207.56573486328125,1.0,143.56869506835938,236.3517303466797,1.0,130.89646911621094,227.54513549804688,1.0,117.36683654785156,226.97023010253906,1.0,182.73153686523438,227.94622802734375,1.0,198.89268493652344,228.6328887939453,1.0,143.79214477539062,254.5484619140625,1.0,115.6656265258789,271.38330078125,1.0,180.6747283935547,273.14117431640625,1.0
853,152.87701416015625,207.79904174804688,1.0,143.58697509765625,236.39849853515625,1.0,130.83140563964844,227.5650634765625,1.0,117.32000732421875,227.0456085205078,1.0,182.8048095703125,227.9121551513672,1.0,199.032958984375,228.55438232421875,1.0,143.91690063476562,254.5483856201172,1.0,115.69901275634766,271.3767395019531,1.0,180.7679901123047,272.944580078125,1.0
854,153.06239318847656,208.1630401611328,1.0,143.62042236328125,236.38540649414062,1.0,130.80343627929688,227.59898376464844,1.0,117.2994613647461,227.19406127929688,1.0,182.70550537109375,228.02606201171875,1.0,199.104736328125,228.6515350341797,1.0,143.8794403076172,254.46263122558594,1.0,115.62763977050781,271.2746887207031,1.0,180.63345336914062,273.1207275390625,1.0
855,153.04676818847656,208.01441955566406,1.0,143.5998077392578,236.3756866455078,1.0,130.87228393554688,227.6289825439453,1.0,117.27273559570312,227.1551513671875,1.0,182.76858520507812,227.96885681152344,1.0,199.127685546875,228.5255126953125,1.0,143.8920440673828,254.51626586914062,1.0,115.70126342773438,271.3237609863281,1.0,180.5860595703125,273.04290771484375,1.0
856,152.78929138183594,207.98175048828125,1.0,143.51084899902344,236.42205810546875,1.0,130.83338928222656,227.63818359375,1.0,117.37489318847656,227.17481994628906,1.0,182.5337677001953,227.91726684570312,1.0,198.8039093017578,228.50112915039062,1.0,143.8069610595703,254.53372192382812,1.0,115.76182556152344,271.4916687011719,1.0,180.52066040039062,273.1956481933594,1.0
857,152.9366455078125,208.1809844970703,1.0,143.62454223632812,236.3761749267578,1.0,130.74754333496094,227.59030151367188,1.0,117.26841735839844,227.19284057617188,1.0,182.5480194091797,227.97193908691406,1.0,198.89039611816406,228.71923828125,1.0,143.8697052001953,254.45870971679688,1.0,115.75825500488281,271.32379150390625,1.0,180.6141815185547,273.1564025878906,1.0
858,152.97726440429688,208.13897705078125,1.0,143.67803955078125,236.33892822265625,1.0,130.78866577148438,227.5342254638672,1.0,117.08283996582031,227.03672790527344,1.0,182.62493896484375,228.0247802734375,1.0,198.93812561035156,228.76739501953125,1.0,143.85174560546875,254.4271697998047,1.0,115.79912567138672,271.3373718261719,1.0,180.6746826171875,273.2336730957031,1.0
859,153.11810302734375,208.08462524414062,1.0,143.66281127929688,236.32904052734375,1.0,130.95416259765625,227.56214904785156,1.0,117.09207153320312,226.93431091308594,1.0,182.76025390625,228.08261108398438,1.0,198.9852752685547,228.67974853515625,1.0,143.75852966308594,254.3314971923828,1.0,115.8114242553711,271.3992919921875,1.0,180.65554809570312,273.14306640625,1.0
860,153.1715545654297,208.20726013183594,1.0,143.73666381835938,236.51779174804688,1.0,130.8677520751953,227.65789794921875,1.0,117.11898803710938,227.19248962402344,1.0,182.67909240722656,228.5243682861328,1.0,198.67819213867188,228.7086181640625,1.0,143.82647705078125,254.37832641601562,1.0,115.76172637939453,271.2976379394531,1.0,180.50823974609375,273.19232177734375,1.0
861,153.0616455078125,207.86354064941406,1.0,143.6490478515625,236.3375701904297,1.0,130.76502990722656,227.77810668945312,1.0,117.14690399169922,227.18031311035156,1.0,182.32528686523438,228.71054077148438,1.0,198.55821228027344,228.57107543945312,1.0,143.75210571289062,254.3903045654297,1.0,115.69181060791016,271.3731994628906,1.0,180.38169860839844,273.1673583984375,1.0
862,153.15797424316406,208.01649475097656,1.0,143.65667724609375,236.3492431640625,1.0,130.78152465820312,227.8016357421875,1.0,117.23272705078125,227.1624755859375,1.0,182.4844207763672,228.79029846191406,1.0,198.47265625,228.84104919433594,1.0,143.8113250732422,254.21139526367188,1.0,115.68604278564453,271.20050048828125,1.0,180.3897705078125,273.211669921875,1.0
863,153.14195251464844,207.99188232421875,1.0,143.5928955078125,236.45330810546875,1.0,130.8468475341797,227.85845947265625,1.0,117.2795181274414,227.24209594726562,1.0,182.27590942382812,228.6680908203125,1.0,198.72293090820312,228.85528564453125,1.0,143.6983642578125,254.22291564941406,1.0,115.63970184326172,271.29180908203125,1.0,180.427734375,273.19140625,1.0
864,153.0459747314453,207.65463256835938,1.0,143.6193084716797,236.54486083984375,1.0,130.5836639404297,227.71803283691406,1.0,117.24322509765625,227.13827514648438,1.0,182.2436065673828,228.66650390625,1.0,198.32180786132812,228.90773010253906,1.0,143.83639526367188,254.8972930908203,1.0,115.50205993652344,271.3590087890625,1.0,180.39413452148438,273.2832946777344,1.0
865,152.9351806640625,207.6531219482422,1.0,143.625,236.6748809814453,1.0,130.57958984375,227.82603454589844,1.0,117.2370834350586,227.12986755371094,1.0,182.28961181640625,228.61331176757812,1.0,198.18722534179688,228.88409423828125,1.0,143.8756103515625,255.02069091796875,1.0,115.5254135131836,271.3661804199219,1.0,180.3904571533203,273.18096923828125,1.0
866,152.92520141601562,207.95184326171875,1.0,143.5799102783203,236.734375,1.0,130.579833984375,227.86167907714844,1.0,117.21147918701172,227.18650817871094,1.0,182.28831481933594,228.59283447265625,1.0,198.31031799316406,228.94607543945312,1.0,143.8933563232422,255.07296752929688,1.0,115.48338317871094,271.381103515625,1.0,180.41952514648438,273.0554504394531,1.0
867,153.1220703125,207.85589599609375,1.0,143.63427734375,236.7526092529297,1.0,130.74732971191406,227.8840789794922,1.0,117.29220581054688,227.18899536132812,1.0,182.44247436523438,228.67506408691406,1.0,198.51907348632812,228.965087890625,1.0,143.80393981933594,255.0344696044922,1.0,115.62863159179688,271.4415588378906,1.0,180.3817138671875,273.1199035644531,1.0
868,153.14669799804688,207.9434051513672,1.0,143.7312774658203,236.7566680908203,1.0,130.72921752929688,227.97369384765625,1.0,117.17032623291016,227.36415100097656,1.0,182.42379760742188,228.66172790527344,1.0,198.60296630859375,229.00938415527344,1.0,143.8817596435547,255.09017944335938,1.0,115.54954528808594,271.3109130859375,1.0,180.3404998779297,273.225830078125,1.0
869,153.01968383789062,207.74139404296875,1.0,143.6898193359375,236.61854553222656,1.0,130.6758270263672,227.95814514160156,1.0,117.06219482421875,227.2653045654297,1.0,182.31460571289062,228.66390991210938,1.0,198.596923828125,228.89059448242188,1.0,143.90585327148438,255.0987548828125,1.0,115.4950180053711,271.3664245605469,1.0,180.2958984375,273.3034973144531,1.0
870,152.98837280273438,207.8948516845703,1.0,143.68585205078125,236.71347045898438,1.0,130.8077392578125,228.00143432617188,1.0,117.15522003173828,227.19784545898438,1.0,182.3055419921875,228.55767822265625,1.0,198.56082153320312,228.87322998046875,1.0,143.9058837890625,255.03741455078125,1.0,115.4399185180664,271.3933410644531,1.0,180.2613067626953,273.340576171875,1.0
871,152.95089721679688,207.87152099609375,1.0,143.61070251464844,236.68890380859375,1.0,130.73045349121094,227.96597290039062,1.0,117.20636749267578,227.16285705566406,1.0,182.30458068847656,228.5554962158203,1.0,198.53662109375,229.06008911132812,1.0,143.7620849609375,255.0431671142578,1.0,115.4081039428711,271.28759765625,1.0,180.31211853027344,273.3435363769531,1.0
872,153.07785034179688,207.8990478515625,1.0,143.70277404785156,236.7889404296875,1.0,130.7841796875,227.9792938232422,1.0,117.15392303466797,227.0736083984375,1.0,182.44085693359375,228.60528564453125,1.0,198.459228515625,229.1045684814453,1.0,143.8567352294922,255.15408325195312,1.0,115.44680786132812,271.3136291503906,1.0,180.27426147460938,273.3216857910156,1.0
873,152.99510192871094,208.0087127685547,1.0,143.66746520996094,236.79466247558594,1.0,130.813232421875,227.9610137939453,1.0,117.12740325927734,227.20358276367188,1.0,182.33023071289062,228.54684448242188,1.0,198.3234100341797,228.9784698486328,1.0,143.8740997314453,255.02001953125,1.0,115.48148345947266,271.30731201171875,1.0,180.3907928466797,273.2201843261719,1.0
874,152.9530029296875,208.02426147460938,1.0,143.70626831054688,236.727294921875,1.0,130.7977294921875,227.9534912109375,1.0,117.143310546875,227.25772094726562,1.0,182.2940673828125,228.54124450683594,1.0,198.2700653076172,229.0045166015625,1.0,143.9028778076172,255.029296875,1.0,115.5901870727539,271.4895935058594,1.0,180.47625732421875,273.23968505859375,1.0
875,152.84561157226562,208.02383422851562,1.0,143.6509246826172,236.56663513183594,1.0,130.7577667236328,227.96688842773438,1.0,117.16649627685547,227.1603546142578,1.0,182.20877075195312,228.5450897216797,1.0,198.3275909423828,229.03590393066406,1.0,143.78219604492188,254.762939453125,1.0,115.58180236816406,271.5433349609375,1.0,180.40127563476562,273.3728332519531,1.0
876,153.26072692871094,208.19984436035156,1.0,143.65792846679688,236.67599487304688,1.0,130.5703887939453,227.9673614501953,1.0,117.20352935791016,227.39805603027344,1.0,182.1807098388672,228.57179260253906,1.0,198.40512084960938,229.13880920410156,1.0,144.00376892089844,254.83958435058594,1.0,115.8172378540039,271.48681640625,1.0,180.61407470703125,273.1190490722656,1.0
877,153.12484741210938,208.01358032226562,1.0,143.63722229003906,236.52642822265625,1.0,130.50039672851562,228.03504943847656,1.0,117.16002655029297,227.65750122070312,1.0,182.22283935546875,228.52783203125,1.0,198.43605041503906,229.16778564453125,1.0,143.97348022460938,254.8470916748047,1.0,115.71458435058594,271.5762634277344,1.0,180.66970825195312,273.1443176269531,1.0
878,153.16343688964844,207.72755432128906,1.0,143.5431671142578,236.6175537109375,1.0,130.6403350830078,227.9080352783203,1.0,117.29548645019531,227.5005645751953,1.0,182.31954956054688,228.54725646972656,1.0,198.65660095214844,229.0878448486328,1.0,143.99168395996094,254.86343383789062,1.0,115.70775604248047,271.5443420410156,1.0,180.5942840576172,273.17510986328125,1.0
879,153.2801971435547,207.7864532470703,1.0,143.63201904296875,236.52651977539062,1.0,130.4609375,227.9140625,1.0,117.01111602783203,227.44874572753906,1.0,182.2296905517578,228.49777221679688,1.0,198.77577209472656,229.11526489257812,1.0,143.8962860107422,254.86776733398438,1.0,115.74781036376953,271.4759521484375,1.0,180.49351501464844,273.174560546875,1.0
880,153.26980590820312,207.86825561523438,1.0,143.62057495117188,236.6349639892578,1.0,130.5454559326172,227.92742919921875,1.0,116.99710083007812,227.47869873046875,1.0,182.26976013183594,228.55905151367188,1.0,198.59707641601562,229.0574493408203,1.0,143.84698486328125,254.88760375976562,1.0,115.81497955322266,271.4208984375,1.0,180.4107208251953,273.1962890625,1.0
881,153.22169494628906,207.81146240234375,1.0,143.58401489257812,236.68421936035156,1.0,130.66822814941406,227.96359252929688,1.0,117.1091079711914,227.5593719482422,1.0,182.26275634765625,228.52320861816406,1.0,198.63478088378906,228.94305419921875,1.0,143.85470581054688,254.85374450683594,1.0,115.78348541259766,271.4981689453125,1.0,180.3777313232422,273.2702331542969,1.0
882,153.1895294189453,207.88189697265625,1.0,143.53330993652344,236.76058959960938,1.0,130.71095275878906,227.90968322753906,1.0,117.26265716552734,227.4176025390625,1.0,182.2779083251953,228.48788452148438,1.0,198.7333221435547,229.12265014648438,1.0,143.7943115234375,254.88494873046875,1.0,115.85840606689453,271.5305480957031,1.0,180.31980895996094,273.3325500488281,1.0
883,152.9920196533203,207.77589416503906,1.0,143.59048461914062,236.58160400390625,1.0,130.50169372558594,227.92881774902344,1.0,117.2597427368164,227.47837829589844,1.0,182.1925811767578,228.39495849609375,1.0,198.48468017578125,228.9711151123047,1.0,143.78683471679688,254.85189819335938,1.0,115.78434753417969,271.5082092285156,1.0,180.37559509277344,273.3505554199219,1.0
884,152.93751525878906,207.7845458984375,1.0,143.58453369140625,236.68707275390625,1.0,130.55580139160156,227.9761505126953,1.0,117.26818084716797,227.353759765625,1.0,182.19578552246094,228.4027862548828,1.0,198.42906188964844,228.9250030517578,1.0,143.850830078125,255.0159454345703,1.0,115.87957000732422,271.5629577636719,1.0,180.34803771972656,273.3465270996094,1.0
885,152.98020935058594,207.86050415039062,1.0,143.65089416503906,236.66497802734375,1.0,130.53720092773438,227.9417266845703,1.0,117.29047393798828,227.413818359375,1.0,182.1772003173828,228.38674926757812,1.0,198.34498596191406,228.96533203125,1.0,143.8719482421875,254.88507080078125,1.0,115.85359954833984,271.5784606933594,1.0,180.41632080078125,273.2422180175781,1.0
886,152.95799255371094,207.92758178710938,1.0,143.61085510253906,236.6611328125,1.0,130.48040771484375,227.86831665039062,1.0,117.1802749633789,227.31097412109375,1.0,182.21347045898438,228.36306762695312,1.0,198.39913940429688,228.90184020996094,1.0,143.8690643310547,254.90127563476562,1.0,115.82626342773438,271.4234619140625,1.0,180.42092895507812,273.26409912109375,1.0
887,152.94410705566406,207.99745178222656,1.0,143.68186950683594,236.61634826660156,1.0,130.5775909423828,227.8677520751953,1.0,117.30158996582031,227.2406005859375,1.0,182.2602996826172,228.41860961914062,1.0,198.34840393066406,229.0068817138672,1.0,143.96542358398438,254.94876098632812,1.0,115.8526611328125,271.4268798828125,1.0,180.30296325683594,273.34246826171875,1.0
888,153.15005493164062,207.90907287597656,1.0,143.57504272460938,237.0605926513672,1.0,130.5994110107422,227.9749298095703,1.0,117.43731689453125,227.25364685058594,1.0,182.37791442871094,228.61622619628906,1.0,198.71762084960938,228.68179321289062,1.0,143.94659423828125,254.89842224121094,1.0,115.58223724365234,271.3706359863281,1.0,180.56533813476562,273.2463073730469,1.0
889,153.27662658691406,208.08912658691406,1.0,143.69107055664062,237.06405639648438,1.0,130.6865997314453,228.00111389160156,1.0,117.30211639404297,227.28578186035156,1.0,182.28265380859375,228.59141540527344,1.0,198.55938720703125,228.6809539794922,1.0,143.9546661376953,254.9083709716797,1.0,115.5411376953125,271.31646728515625,1.0,180.73765563964844,273.1763000488281,1.0
890,153.1985626220703,208.067138671875,1.0,143.57969665527344,237.058837890625,1.0,130.7274932861328,228.1240692138672,1.0,117.2470474243164,227.28280639648438,1.0,182.37062072753906,228.63792419433594,1.0,198.5526123046875,228.71697998046875,1.0,143.8506622314453,254.9158477783203,1.0,115.49665069580078,271.42620849609375,1.0,180.5428924560547,273.2079772949219,1.0
891,153.04957580566406,208.1622314453125,1.0,143.54339599609375,237.128173828125,1.0,130.8368377685547,228.1260223388672,1.0,117.29695892333984,227.17739868164062,1.0,182.3968505859375,228.58619689941406,1.0,198.60232543945312,228.73643493652344,1.0,143.8768310546875,254.87014770507812,1.0,115.5737075805664,271.4298095703125,1.0,180.4620361328125,273.300048828125,1.0
892,153.05162048339844,208.26089477539062,1.0,143.64854431152344,237.0641632080078,1.0,130.61830139160156,228.15382385253906,1.0,117.17426300048828,227.14987182617188,1.0,182.35720825195312,228.65318298339844,1.0,198.6878204345703,228.86279296875,1.0,143.87850952148438,254.7078094482422,1.0,115.65018463134766,271.40594482421875,1.0,180.3856964111328,273.398193359375,1.0
893,153.17153930664062,208.3468475341797,1.0,143.58384704589844,236.8679656982422,1.0,130.6934814453125,228.06875610351562,1.0,117.35267639160156,227.2003631591797,1.0,182.23081970214844,228.64813232421875,1.0,198.5704803466797,228.97911071777344,1.0,143.80136108398438,254.72679138183594,1.0,115.64043426513672,271.4295349121094,1.0,180.2794647216797,273.407470703125,1.0
894,153.19866943359375,208.29052734375,1.0,143.5652618408203,236.79721069335938,1.0,130.550048828125,228.0044403076172,1.0,117.3288803100586,227.10403442382812,1.0,182.2796173095703,228.63885498046875,1.0,198.70001220703125,228.9665069580078,1.0,143.8255615234375,254.7989501953125,1.0,115.69230651855469,271.43170166015625,1.0,180.3168487548828,273.4408264160156,1.0
895,153.1957244873047,208.3120574951172,1.0,143.52493286132812,236.7919158935547,1.0,130.57235717773438,228.03746032714844,1.0,117.43859100341797,227.15252685546875,1.0,182.1727294921875,228.480224609375,1.0,198.732177734375,228.9342041015625,1.0,143.7570037841797,254.85858154296875,1.0,115.50479888916016,271.3435974121094,1.0,180.3084259033203,273.4430236816406,1.0
896,153.13821411132812,208.23793029785156,1.0,143.45188903808594,236.79432678222656,1.0,130.5848846435547,228.0523223876953,1.0,117.2080307006836,227.16860961914062,1.0,182.4473114013672,228.64524841308594,1.0,198.6509552001953,228.8912353515625,1.0,143.7488250732422,254.77923583984375,1.0,115.52156066894531,271.3346862792969,1.0,180.35501098632812,273.4576416015625,1.0
897,153.21875,208.26124572753906,1.0,143.45974731445312,236.72418212890625,1.0,130.4530029296875,228.07949829101562,1.0,117.3111343383789,227.24801635742188,1.0,182.4425048828125,228.59426879882812,1.0,198.68690490722656,228.7926483154297,1.0,143.77626037597656,254.77674865722656,1.0,115.59407043457031,271.3092956542969,1.0,180.21849060058594,273.42022705078125,1.0
898,153.2650604248047,208.2688446044922,1.0,143.5148468017578,236.56817626953125,1.0,130.48806762695312,227.94654846191406,1.0,117.33932495117188,227.13037109375,1.0,182.39256286621094,228.59518432617188,1.0,198.90383911132812,228.88983154296875,1.0,143.7881317138672,254.63198852539062,1.0,115.59168243408203,271.3338623046875,1.0,180.1797332763672,273.4966125488281,1.0
899,153.14627075195312,208.3695526123047,1.0,143.4507293701172,236.60447692871094,1.0,130.43011474609375,227.85763549804688,1.0,117.23114013671875,227.1341552734375,1.0,182.30239868164062,228.5627899169922,1.0,198.71282958984375,228.97084045410156,1.0,143.69837951660156,254.66653442382812,1.0,115.56362915039062,271.2304382324219,1.0,180.1669464111328,273.4280090332031,1.0
900,153.26718139648438,208.3366241455078,1.0,143.5690460205078,236.3192901611328,1.0,130.6453857421875,227.84756469726562,1.0,117.19221496582031,227.35975646972656,1.0,182.27442932128906,228.60101318359375,1.0,198.47283935546875,229.10531616210938,1.0,143.80494689941406,254.36883544921875,1.0,115.47514343261719,271.26483154296875,1.0,180.4419403076172,273.1279296875,1.0
901,153.22213745117188,208.1868896484375,1.0,143.58364868164062,236.43585205078125,1.0,130.64822387695312,227.82339477539062,1.0,117.18682861328125,227.4546661376953,1.0,182.23623657226562,228.5262451171875,1.0,198.53627014160156,229.011962890625,1.0,143.83074951171875,254.68936157226562,1.0,115.48130798339844,271.2962341308594,1.0,180.36228942871094,273.2152404785156,1.0
902,153.32110595703125,208.463623046875,1.0,143.59344482421875,236.46307373046875,1.0,130.76361083984375,227.8872833251953,1.0,117.15938568115234,227.47276306152344,1.0,182.2637939453125,228.56890869140625,1.0,198.50335693359375,229.13760375976562,1.0,143.8323211669922,254.64291381835938,1.0,115.55766296386719,271.3216552734375,1.0,180.37469482421875,273.340576171875,1.0
903,153.2626495361328,208.36944580078125,1.0,143.4544677734375,236.379150390625,1.0,130.73561096191406,227.8811798095703,1.0,117.12602996826172,227.42784118652344,1.0,182.23025512695312,228.433349609375,1.0,198.5072021484375,228.99383544921875,1.0,143.6252899169922,254.84869384765625,1.0,115.63744354248047,271.1964416503906,1.0,180.3260498046875,273.2799987792969,1.0
904,153.29055786132812,208.30596923828125,1.0,143.49313354492188,236.30494689941406,1.0,130.80587768554688,227.8601531982422,1.0,117.36665344238281,227.16729736328125,1.0,182.340087890625,228.49899291992188,1.0,198.7547149658203,229.0429229736328,1.0,143.60882568359375,254.89353942871094,1.0,115.59869384765625,271.2634582519531,1.0,180.3701629638672,273.25732421875,1.0
905,153.23263549804688,208.1361083984375,1.0,143.42784118652344,236.54270935058594,1.0,130.82846069335938,227.84133911132812,1.0,117.38003540039062,227.1636199951172,1.0,182.38629150390625,228.4781036376953,1.0,198.7139892578125,228.94068908691406,1.0,143.65455627441406,254.8545684814453,1.0,115.6807632446289,271.2471618652344,1.0,180.4141082763672,273.30670166015625,1.0
906,153.29800415039062,208.2544403076172,1.0,143.61465454101562,236.4479217529297,1.0,130.7854766845703,227.85064697265625,1.0,117.24140167236328,227.12925720214844,1.0,182.49917602539062,228.54185485839844,1.0,198.9855499267578,228.90638732910156,1.0,143.735107421875,254.84738159179688,1.0,115.8134536743164,271.3077087402344,1.0,180.4405517578125,273.4278564453125,1.0
907,153.41018676757812,208.21441650390625,1.0,143.6912078857422,236.46730041503906,1.0,130.9066162109375,227.84152221679688,1.0,117.37464904785156,227.11386108398438,1.0,182.4882049560547,228.58995056152344,1.0,198.86285400390625,228.88870239257812,1.0,143.7080078125,254.69439697265625,1.0,115.75865936279297,271.2767333984375,1.0,180.39019775390625,273.40325927734375,1.0
908,153.35177612304688,208.289794921875,1.0,143.65890502929688,236.42979431152344,1.0,130.8416748046875,227.92153930664062,1.0,117.39344024658203,227.0324249267578,1.0,182.417724609375,228.6188507080078,1.0,198.76495361328125,228.9988250732422,1.0,143.78846740722656,254.8719940185547,1.0,115.82820129394531,271.359130859375,1.0,180.4246368408203,273.4097595214844,1.0
909,153.39732360839844,208.29132080078125,1.0,143.73281860351562,236.3765106201172,1.0,130.8007354736328,227.8879852294922,1.0,117.50557708740234,227.17068481445312,1.0,182.3853759765625,228.6483917236328,1.0,198.93910217285156,229.15719604492188,1.0,143.80679321289062,254.7406768798828,1.0,115.67257690429688,271.2518310546875,1.0,180.45388793945312,273.5129089355469,1.0
910,153.4580535888672,208.3048553466797,1.0,143.79006958007812,236.3369140625,1.0,130.78451538085938,227.9960479736328,1.0,117.49069213867188,227.40426635742188,1.0,182.34518432617188,228.71591186523438,1.0,198.91900634765625,229.07244873046875,1.0,143.82583618164062,254.74330139160156,1.0,115.73370361328125,271.279541015625,1.0,180.46636962890625,273.5185852050781,1.0
911,153.42022705078125,208.12625122070312,1.0,143.75511169433594,236.29295349121094,1.0,130.7052764892578,228.02317810058594,1.0,117.58045959472656,227.39007568359375,1.0,182.3125762939453,228.81027221679688,1.0,198.8810272216797,229.14187622070312,1.0,143.8299102783203,254.80055236816406,1.0,115.76859283447266,271.1728820800781,1.0,180.37863159179688,273.49261474609375,1.0
912,153.3826904296875,208.34059143066406,1.0,143.65631103515625,236.63702392578125,1.0,130.48446655273438,227.9699249267578,1.0,117.80474853515625,226.97230529785156,1.0,182.52137756347656,228.7526092529297,1.0,198.9083709716797,229.22874450683594,1.0,143.9273223876953,254.6060791015625,1.0,115.71797943115234,271.12164306640625,1.0,180.63238525390625,273.3416442871094,1.0
913,153.2065887451172,208.2332000732422,1.0,143.58441162109375,236.59759521484375,1.0,130.58831787109375,228.153076171875,1.0,117.61869812011719,227.14889526367188,1.0,182.42660522460938,228.7806396484375,1.0,198.81190490722656,229.30929565429688,1.0,143.8946990966797,254.5631103515625,1.0,115.79254913330078,271.2478942871094,1.0,180.5870819091797,273.2620544433594,1.0
914,153.28103637695312,208.17953491210938,1.0,143.5850067138672,236.4087371826172,1.0,130.4317169189453,228.0465087890625,1.0,117.59762573242188,227.028076171875,1.0,182.48756408691406,228.77056884765625,1.0,198.84205627441406,229.3396759033203,1.0,143.89340209960938,254.4273223876953,1.0,115.7823715209961,271.0703125,1.0,180.53981018066406,273.1904296875,1.0
915,153.30372619628906,208.1713409423828,1.0,143.62298583984375,236.37596130371094,1.0,130.54722595214844,227.97024536132812,1.0,117.65382385253906,227.06048583984375,1.0,182.53196716308594,228.69384765625,1.0,199.06700134277344,229.3507843017578,1.0,143.8537139892578,254.48641967773438,1.0,115.84876251220703,271.0067443847656,1.0,180.5767364501953,273.24749755859375,1.0
916,153.23765563964844,208.10028076171875,1.0,143.57704162597656,236.35601806640625,1.0,130.41009521484375,227.96075439453125,1.0,117.50835418701172,226.99966430664062,1.0,182.45355224609375,228.67543029785156,1.0,198.9634552001953,229.32803344726562,1.0,143.86843872070312,254.50857543945312,1.0,115.842041015625,271.1781311035156,1.0,180.6070098876953,273.0810852050781,1.0
917,153.36471557617188,208.1488800048828,1.0,143.58641052246094,236.47015380859375,1.0,130.51171875,228.0220184326172,1.0,117.50745391845703,227.15846252441406,1.0,182.56932067871094,228.72177124023438,1.0,199.0497283935547,229.2734832763672,1.0,143.91712951660156,254.46206665039062,1.0,115.87957763671875,271.1607971191406,1.0,180.55618286132812,273.23724365234375,1.0
918,153.28292846679688,208.1205291748047,1.0,143.63995361328125,236.4077606201172,1.0,130.35800170898438,228.0673370361328,1.0,117.61302185058594,227.04006958007812,1.0,182.5057830810547,228.6581268310547,1.0,198.81015014648438,229.22532653808594,1.0,143.94869995117188,254.5924072265625,1.0,115.82513427734375,271.04278564453125,1.0,180.494384765625,273.1624450683594,1.0
919,153.26768493652344,208.0714569091797,1.0,143.6934356689453,236.50856018066406,1.0,130.37428283691406,228.08250427246094,1.0,117.56682586669922,227.09841918945312,1.0,182.58802795410156,228.71275329589844,1.0,198.8679656982422,229.27682495117188,1.0,144.0411834716797,254.72145080566406,1.0,115.96500396728516,271.09918212890625,1.0,180.51626586914062,273.2068176269531,1.0
920,153.35601806640625,208.11549377441406,1.0,143.72811889648438,236.44203186035156,1.0,130.51353454589844,228.03402709960938,1.0,117.44681549072266,227.24945068359375,1.0,182.58795166015625,228.6873016357422,1.0,198.71463012695312,229.23703002929688,1.0,144.1288299560547,254.6052703857422,1.0,115.89226531982422,271.1312561035156,1.0,180.64004516601562,273.1199035644531,1.0
921,153.44818115234375,208.03038024902344,1.0,143.65771484375,236.34703063964844,1.0,130.5010986328125,227.9673309326172,1.0,117.59127044677734,227.2649688720703,1.0,182.4870147705078,228.7757568359375,1.0,198.71893310546875,229.2538604736328,1.0,144.0636444091797,254.4819793701172,1.0,115.85294342041016,271.03955078125,1.0,180.65640258789062,273.0082092285156,1.0
922,153.31155395507812,208.12548828125,1.0,143.71408081054688,236.40211486816406,1.0,130.5823211669922,228.00047302246094,1.0,117.69216918945312,227.27085876464844,1.0,182.1833038330078,228.70452880859375,1.0,198.64608764648438,229.2470245361328,1.0,144.11795043945312,254.55667114257812,1.0,115.97515869140625,271.1882019042969,1.0,180.65377807617188,273.0698547363281,1.0
923,153.3330841064453,208.21054077148438,1.0,143.68634033203125,236.2666473388672,1.0,130.6033935546875,227.98663330078125,1.0,117.6397933959961,227.2457275390625,1.0,182.3751678466797,228.822265625,1.0,198.58578491210938,229.2799072265625,1.0,143.95989990234375,254.48855590820312,1.0,115.89945220947266,271.15814208984375,1.0,180.5399932861328,273.1479797363281,1.0
924,153.5555877685547,208.1465301513672,1.0,143.67312622070312,236.56788635253906,1.0,130.53140258789062,228.25848388671875,1.0,117.64702606201172,227.00927734375,1.0,182.2782745361328,228.82176208496094,1.0,198.91941833496094,229.06112670898438,1.0,144.0481719970703,254.57864379882812,1.0,115.55125427246094,271.3152770996094,1.0,180.58892822265625,273.1114501953125,1.0
925,153.4894561767578,208.25643920898438,1.0,143.59600830078125,236.611083984375,1.0,130.5089874267578,228.30955505371094,1.0,117.56008911132812,227.11338806152344,1.0,182.2739715576172,228.83160400390625,1.0,198.82821655273438,229.15855407714844,1.0,143.9520263671875,254.532958984375,1.0,115.58148956298828,271.3846740722656,1.0,180.5598602294922,273.1577453613281,1.0
926,153.4110565185547,208.23939514160156,1.0,143.49061584472656,236.5564422607422,1.0,130.47000122070312,228.3173828125,1.0,117.4501953125,227.06219482421875,1.0,182.26376342773438,228.77928161621094,1.0,198.7744598388672,229.03880310058594,1.0,143.93032836914062,254.53775024414062,1.0,115.55033111572266,271.30963134765625,1.0,180.52969360351562,273.0800476074219,1.0
927,153.371337890625,208.20518493652344,1.0,143.51730346679688,236.7384033203125,1.0,130.4939727783203,228.4042510986328,1.0,117.4509048461914,227.12222290039062,1.0,182.20828247070312,228.9399871826172,1.0,198.70413208007812,229.19314575195312,1.0,143.8982696533203,254.67759704589844,1.0,115.68464660644531,271.3174743652344,1.0,180.4754638671875,273.24835205078125,1.0
928,153.36590576171875,208.1986846923828,1.0,143.552001953125,236.52584838867188,1.0,130.61279296875,228.44569396972656,1.0,117.55262756347656,227.3480987548828,1.0,182.12229919433594,228.89903259277344,1.0,198.55491638183594,229.25233459472656,1.0,143.86871337890625,254.51341247558594,1.0,115.66398620605469,271.3239440917969,1.0,180.43092346191406,273.12872314453125,1.0
929,153.35418701171875,208.34335327148438,1.0,143.51620483398438,236.7029571533203,1.0,130.1547393798828,228.56126403808594,1.0,117.48975372314453,227.33580017089844,1.0,182.1150665283203,229.04295349121094,1.0,198.59226989746094,229.24261474609375,1.0,143.78140258789062,254.5876922607422,1.0,115.66289520263672,271.2976379394531,1.0,180.38153076171875,273.1479187011719,1.0
930,153.32342529296875,208.28353881835938,1.0,143.5099639892578,236.6607208251953,1.0,130.01609802246094,228.60935974121094,1.0,117.45333099365234,227.38458251953125,1.0,182.2416534423828,229.13682556152344,1.0,198.61509704589844,229.21482849121094,1.0,143.7813720703125,254.57492065429688,1.0,115.64494323730469,271.34075927734375,1.0,180.31227111816406,273.274658203125,1.0
931,153.2438507080078,208.25830078125,1.0,143.59791564941406,236.64718627929688,1.0,130.04579162597656,228.57852172851562,1.0,117.48223114013672,227.4620819091797,1.0,182.243896484375,229.08761596679688,1.0,198.65524291992188,229.18443298339844,1.0,143.81735229492188,254.62782287597656,1.0,115.74950408935547,271.3992614746094,1.0,180.3077850341797,273.25872802734375,1.0
932,153.30015563964844,208.3242645263672,1.0,143.6317596435547,236.6883544921875,1.0,130.00741577148438,228.61170959472656,1.0,117.47985076904297,227.4497528076172,1.0,182.27743530273438,229.14053344726562,1.0,198.54751586914062,229.2411346435547,1.0,143.8494873046875,254.71522521972656,1.0,115.7281265258789,271.3794250488281,1.0,180.25082397460938,273.37054443359375,1.0
933,153.19284057617188,208.22137451171875,1.0,143.63893127441406,236.5229949951172,1.0,129.98324584960938,228.6103057861328,1.0,117.48592376708984,227.34689331054688,1.0,182.28091430664062,228.998779296875,1.0,198.71182250976562,229.1808624267578,1.0,143.81109619140625,254.66136169433594,1.0,115.65020751953125,271.40667724609375,1.0,180.39662170410156,273.2525634765625,1.0
934,153.38021850585938,208.23915100097656,1.0,143.691650390625,236.4305419921875,1.0,130.1390380859375,228.54202270507812,1.0,117.63397216796875,227.2905731201172,1.0,182.27557373046875,229.0269775390625,1.0,198.67799377441406,229.1893768310547,1.0,143.75526428222656,254.71946716308594,1.0,115.7984848022461,271.3632507324219,1.0,180.3320770263672,273.3211669921875,1.0
935,153.19900512695312,208.3206329345703,1.0,143.711669921875,236.4976348876953,1.0,130.1637725830078,228.64942932128906,1.0,117.49015045166016,227.24180603027344,1.0,182.28033447265625,228.9352264404297,1.0,198.67510986328125,229.2454833984375,1.0,143.80763244628906,254.7109832763672,1.0,115.82669067382812,271.31280517578125,1.0,180.40257263183594,273.2594299316406,1.0
936,153.27243041992188,208.2882080078125,1.0,143.7641143798828,236.57333374023438,1.0,130.88356018066406,228.23794555664062,1.0,117.89486694335938,226.99356079101562,1.0,182.17236328125,229.08863830566406,1.0,198.64064025878906,229.38233947753906,1.0,144.16799926757812,254.57046508789062,1.0,116.20201110839844,271.2891845703125,1.0,180.3513641357422,273.2192077636719,1.0
937,153.1667022705078,208.20594787597656,1.0,143.6641082763672,236.54000854492188,1.0,130.63751220703125,228.30882263183594,1.0,117.94671630859375,226.99559020996094,1.0,182.1841583251953,229.01004028320312,1.0,198.57684326171875,229.15467834472656,1.0,144.00914001464844,254.6265411376953,1.0,116.15470886230469,271.1235046386719,1.0,180.42523193359375,273.0115966796875,1.0
938,153.1605224609375,208.4182891845703,1.0,143.67715454101562,236.6844024658203,1.0,130.7755889892578,228.40869140625,1.0,117.91412353515625,227.26791381835938,1.0,182.1806640625,228.9594268798828,1.0,198.4814453125,229.2531280517578,1.0,144.19163513183594,254.69778442382812,1.0,116.16462707519531,271.2056579589844,1.0,180.5662078857422,272.92047119140625,1.0
939,153.11778259277344,208.3101806640625,1.0,143.7397003173828,236.72442626953125,1.0,130.69308471679688,228.36598205566406,1.0,117.95274353027344,227.0853729248047,1.0,182.08673095703125,228.9669952392578,1.0,198.47396850585938,229.39166259765625,1.0,144.20254516601562,254.4994354248047,1.0,116.15873718261719,271.24237060546875,1.0,180.63658142089844,273.1242370605469,1.0
940,153.25448608398438,208.4727020263672,1.0,143.74447631835938,236.6596221923828,1.0,130.7636260986328,228.4152069091797,1.0,118.03623962402344,227.21409606933594,1.0,182.6118927001953,228.7664031982422,1.0,198.54161071777344,229.2134552001953,1.0,144.28140258789062,254.65638732910156,1.0,116.13055419921875,271.3038330078125,1.0,180.74246215820312,273.10064697265625,1.0
941,153.39169311523438,208.49432373046875,1.0,143.8007049560547,236.49339294433594,1.0,130.97882080078125,228.2726287841797,1.0,118.15332794189453,227.16448974609375,1.0,182.87985229492188,228.42782592773438,1.0,198.91995239257812,229.263671875,1.0,144.29075622558594,254.6172332763672,1.0,115.89309692382812,271.1570129394531,1.0,180.9083709716797,272.9975280761719,1.0
942,153.4512939453125,208.55323791503906,1.0,143.94329833984375,236.41000366210938,1.0,131.15042114257812,227.82553100585938,1.0,118.06007385253906,227.1259002685547,1.0,182.99014282226562,228.25379943847656,1.0,199.088134765625,229.3800506591797,1.0,144.3676300048828,254.65060424804688,1.0,115.75482940673828,271.05194091796875,1.0,180.84210205078125,273.0832214355469,1.0
943,153.5144500732422,208.67054748535156,1.0,143.9785919189453,236.47865295410156,1.0,131.22573852539062,227.88018798828125,1.0,117.8502197265625,227.3977508544922,1.0,183.10430908203125,228.1713104248047,1.0,199.25088500976562,229.2700653076172,1.0,144.24449157714844,254.51153564453125,1.0,115.94822692871094,271.0438232421875,1.0,180.77508544921875,272.9922180175781,1.0
944,153.36764526367188,208.60760498046875,1.0,144.04248046875,236.29847717285156,1.0,131.20309448242188,227.80587768554688,1.0,117.81233978271484,227.2754364013672,1.0,182.90235900878906,228.13450622558594,1.0,199.14767456054688,229.32891845703125,1.0,144.28753662109375,254.59176635742188,1.0,115.91297912597656,271.0690002441406,1.0,180.8994140625,273.0229187011719,1.0
945,153.18385314941406,208.62982177734375,1.0,144.01181030273438,236.32518005371094,1.0,131.05123901367188,227.8065643310547,1.0,117.74629974365234,227.10313415527344,1.0,183.07798767089844,228.15286254882812,1.0,199.47616577148438,229.4450225830078,1.0,144.21961975097656,254.72923278808594,1.0,115.90528106689453,271.1350402832031,1.0,180.8577423095703,273.1866149902344,1.0
946,153.206298828125,208.57034301757812,1.0,144.0564422607422,236.38400268554688,1.0,131.13665771484375,227.8094024658203,1.0,117.61858367919922,227.02224731445312,1.0,183.1959686279297,228.11375427246094,1.0,199.48486328125,229.45208740234375,1.0,144.29173278808594,254.7732391357422,1.0,116.00735473632812,271.1409912109375,1.0,180.76678466796875,273.20458984375,1.0
947,153.32557678222656,208.62274169921875,1.0,144.03099060058594,236.39788818359375,1.0,131.1613311767578,227.70570373535156,1.0,117.7005386352539,227.0235595703125,1.0,183.05337524414062,228.09170532226562,1.0,199.3258514404297,229.5426788330078,1.0,144.2119140625,254.668701171875,1.0,115.9802017211914,271.02496337890625,1.0,180.71823120117188,273.2093505859375,1.0
948,153.6808319091797,208.38975524902344,1.0,144.0118865966797,236.14662170410156,1.0,131.4734344482422,227.61302185058594,1.0,117.87628173828125,227.30641174316406,1.0,183.36447143554688,228.1217041015625,1.0,199.74661254882812,229.51185607910156,1.0,144.2817840576172,254.39723205566406,1.0,115.68611907958984,270.9663391113281,1.0,180.84437561035156,273.1607666015625,1.0
949,153.6287078857422,208.2621612548828,1.0,144.14205932617188,236.1662139892578,1.0,131.3372344970703,227.58984375,1.0,117.78935241699219,227.2849884033203,1.0,183.486572265625,228.14700317382812,1.0,199.89305114746094,229.66357421875,1.0,144.3543701171875,254.5905303955078,1.0,115.5608139038086,271.00811767578125,1.0,181.04029846191406,273.04998779296875,1.0
950,153.70526123046875,208.21755981445312,1.0,144.16909790039062,236.2881317138672,1.0,131.2607421875,227.6492919921875,1.0,117.88545227050781,227.127685546875,1.0,183.54937744140625,228.17779541015625,1.0,199.95263671875,229.7294158935547,1.0,144.291259765625,254.58148193359375,1.0,115.55144500732422,271.1258544921875,1.0,180.94227600097656,273.2811584472656,1.0
951,153.713623046875,208.27346801757812,1.0,144.07150268554688,236.43780517578125,1.0,131.3164825439453,227.65419006347656,1.0,117.69995880126953,227.1772918701172,1.0,183.61558532714844,228.0960235595703,1.0,199.8180389404297,229.54806518554688,1.0,144.20010375976562,254.73556518554688,1.0,115.71479797363281,271.043701171875,1.0,180.86904907226562,273.2163391113281,1.0
952,153.70240783691406,208.20806884765625,1.0,144.07742309570312,236.37197875976562,1.0,131.21705627441406,227.73553466796875,1.0,117.6611099243164,227.21104431152344,1.0,183.54135131835938,228.09164428710938,1.0,199.81846618652344,229.58274841308594,1.0,144.26869201660156,254.62364196777344,1.0,115.77021026611328,271.1302185058594,1.0,180.93994140625,273.24505615234375,1.0
953,153.60443115234375,208.21157836914062,1.0,144.08505249023438,236.4617919921875,1.0,131.2071990966797,227.66246032714844,1.0,117.8489990234375,227.02108764648438,1.0,183.6105194091797,228.120849609375,1.0,199.80679321289062,229.65443420410156,1.0,144.14691162109375,254.54638671875,1.0,115.8214340209961,271.15625,1.0,180.94491577148438,273.18511962890625,1.0
954,153.64645385742188,208.2324676513672,1.0,144.11923217773438,236.4752960205078,1.0,131.1511993408203,227.55271911621094,1.0,117.98870086669922,227.07009887695312,1.0,183.5696258544922,228.11611938476562,1.0,199.81228637695312,229.5229034423828,1.0,144.15528869628906,254.62962341308594,1.0,115.85681915283203,271.19366455078125,1.0,180.7821502685547,273.23699951171875,1.0
955,153.59103393554688,208.2944793701172,1.0,144.0262451171875,236.41400146484375,1.0,131.0863800048828,227.57603454589844,1.0,117.8690414428711,226.99729919433594,1.0,183.6019744873047,228.1490478515625,1.0,199.924560546875,229.66993713378906,1.0,144.1465606689453,254.54364013671875,1.0,115.82322692871094,271.2679748535156,1.0,180.7727813720703,273.2131042480469,1.0
956,153.73748779296875,208.15457153320312,1.0,144.04441833496094,236.4679718017578,1.0,131.12551879882812,227.56088256835938,1.0,117.8226089477539,226.9637451171875,1.0,183.16114807128906,228.5449981689453,1.0,199.7740478515625,229.4733123779297,1.0,144.1525421142578,254.70347595214844,1.0,115.85293579101562,271.2984924316406,1.0,180.73226928710938,273.21002197265625,1.0
957,154.66888427734375,209.95265197753906,1.0,144.13717651367188,236.37460327148438,1.0,132.84527587890625,229.58815002441406,0.9900364875793457,117.69683074951172,227.69009399414062,1.0,184.82936096191406,232.61009216308594,0.9988462924957275,198.35165405273438,230.4336700439453,1.0,143.70143127441406,254.01824951171875,1.0,115.37309265136719,270.6834411621094,1.0,180.7466278076172,273.0933532714844,1.0
958,154.88331604003906,211.8720245361328,1.0,144.75469970703125,236.8460693359375,1.0,136.8050537109375,228.3419952392578,0.0034687318839132786,121.33355712890625,228.48545837402344,1.0,187.21714782714844,234.1172332763672,0.0007190918549895287,198.5510711669922,232.5063934326172,1.0,143.60670471191406,253.97801208496094,1.0,115.08275604248047,269.6771240234375,1.0,180.97967529296875,273.9822082519531,1.0
959,154.8198699951172,212.4508819580078,1.0,144.7478485107422,237.47756958007812,1.0,136.53466796875,228.78897094726562,0.012583057396113873,121.96743774414062,228.17527770996094,1.0,187.00738525390625,234.0428466796875,0.0007309473003260791,198.03440856933594,232.4198455810547,1.0,143.72470092773438,253.79978942871094,1.0,115.16509246826172,269.5696716308594,1.0,181.2220001220703,273.89910888671875,1.0
960,154.6664276123047,212.66998291015625,1.0,144.30636596679688,237.961669921875,1.0,136.177490234375,228.9562225341797,0.005864696577191353,120.74225616455078,228.95645141601562,1.0,187.23777770996094,234.1996612548828,0.0006021991721354425,198.3614501953125,232.87014770507812,1.0,143.65599060058594,253.89459228515625,1.0,115.0125732421875,269.9568786621094,1.0,180.9451141357422,274.15863037109375,1.0
961,154.67062377929688,212.70932006835938,1.0,144.29774475097656,238.05172729492188,1.0,135.95851135253906,228.8613739013672,0.01347335148602724,121.12706756591797,228.971923828125,1.0,187.06805419921875,233.78985595703125,0.0010799313895404339,198.58389282226562,232.4611358642578,1.0,143.63694763183594,254.00758361816406,1.0,115.03629302978516,269.7706298828125,1.0,180.9602813720703,274.1000671386719,1.0
962,154.81797790527344,212.81272888183594,1.0,144.3387451171875,238.10707092285156,1.0,136.31338500976562,229.12754821777344,0.017673082649707794,121.13851165771484,229.33251953125,1.0,187.01109313964844,233.93353271484375,0.0010962928645312786,198.5288848876953,232.4867401123047,1.0,143.63778686523438,254.05368041992188,1.0,114.9196548461914,270.04217529296875,1.0,180.87669372558594,274.26629638671875,1.0
963,154.93844604492188,212.91220092773438,1.0,144.37432861328125,238.35325622558594,1.0,136.44607543945312,229.06979370117188,0.04001827538013458,121.86409759521484,229.1149139404297,1.0,187.14764404296875,233.95162963867188,0.0011367828119546175,198.86083984375,232.8160858154297,1.0,143.866455078125,254.20045471191406,1.0,114.95746612548828,270.0418395996094,1.0,180.76417541503906,274.2465515136719,1.0
964,154.81832885742188,212.6092529296875,1.0,144.36924743652344,237.84933471679688,1.0,136.03155517578125,228.8712158203125,0.01736920140683651,121.85904693603516,228.96292114257812,1.0,185.9594268798828,233.3849639892578,0.0014910059981048107,197.73133850097656,232.0544891357422,1.0,143.79759216308594,254.24179077148438,1.0,115.07405853271484,270.23199462890625,1.0,181.00445556640625,274.1622009277344,1.0
965,153.7924346923828,210.5301055908203,1.0,144.1326446533203,237.0374755859375,1.0,133.13674926757812,229.6303253173828,0.9999909400939941,119.15629577636719,227.96112060546875,1.0,184.55380249023438,232.64096069335938,0.8094972372055054,197.01849365234375,230.6201629638672,1.0,143.76670837402344,254.30052185058594,1.0,115.60948181152344,270.8858642578125,1.0,180.6959686279297,273.4513244628906,1.0
966,153.9620819091797,209.80091857910156,1.0,143.76170349121094,237.0934295654297,1.0,131.21160888671875,229.09898376464844,1.0,117.62149810791016,227.15447998046875,1.0,183.28643798828125,230.400634765625,1.0,198.19309997558594,229.49734497070312,1.0,143.78564453125,254.3497772216797,1.0,115.65947723388672,271.1799011230469,1.0,180.45382690429688,273.2890930175781,1.0
967,153.98667907714844,209.64588928222656,1.0,143.90725708007812,236.38661193847656,1.0,130.6365966796875,228.089111328125,1.0,117.69377899169922,226.8935546875,1.0,182.90249633789062,228.67620849609375,1.0,199.04168701171875,229.73516845703125,1.0,143.76312255859375,254.0489044189453,1.0,115.8698501586914,271.0758972167969,1.0,180.59080505371094,273.279296875,1.0
968,153.54087829589844,208.97219848632812,1.0,144.0027618408203,236.17457580566406,1.0,130.6028289794922,227.57005310058594,1.0,118.03852081298828,226.94302368164062,1.0,182.7743682861328,228.43141174316406,1.0,199.30963134765625,229.54782104492188,1.0,143.73843383789062,254.33657836914062,1.0,115.79782104492188,271.0215759277344,1.0,180.7371368408203,273.16162109375,1.0
969,153.92005920410156,209.25552368164062,1.0,144.1260528564453,236.11734008789062,1.0,130.68777465820312,227.4298553466797,1.0,117.7533950805664,226.97642517089844,1.0,182.77345275878906,228.34088134765625,1.0,199.5148162841797,229.6040496826172,1.0,143.90557861328125,254.3824462890625,1.0,115.7630615234375,270.9546813964844,1.0,180.68902587890625,273.32171630859375,1.0
970,153.54592895507812,208.88345336914062,1.0,144.03855895996094,236.0806884765625,1.0,130.623291015625,227.3876495361328,1.0,117.98490142822266,227.00306701660156,1.0,182.86985778808594,228.03765869140625,1.0,199.6821746826172,229.65975952148438,1.0,143.95028686523438,254.57485961914062,1.0,115.767578125,270.9068603515625,1.0,180.6536865234375,273.3828430175781,1.0
971,153.420166015625,208.91209411621094,1.0,143.97686767578125,236.2386932373047,1.0,130.5500946044922,227.4736785888672,1.0,117.96943664550781,227.0996856689453,1.0,182.87136840820312,227.97769165039062,1.0,199.82315063476562,229.56912231445312,1.0,143.9910888671875,254.640625,1.0,115.79911804199219,270.9127197265625,1.0,180.7221221923828,273.3821716308594,1.0
972,153.29656982421875,208.5563507080078,1.0,144.0493927001953,236.30126953125,1.0,131.04180908203125,227.41244506835938,1.0,117.75011444091797,227.08547973632812,1.0,183.02993774414062,227.81365966796875,1.0,199.5408172607422,229.43553161621094,1.0,144.20321655273438,254.61660766601562,1.0,115.79729461669922,271.0262145996094,1.0,181.0077667236328,273.1012268066406,1.0
973,153.0273895263672,208.42007446289062,1.0,144.12503051757812,236.45156860351562,1.0,130.9950408935547,227.20822143554688,1.0,117.80811309814453,227.28985595703125,1.0,183.2572784423828,227.0525665283203,1.0,199.6132354736328,228.8986358642578,1.0,144.2209930419922,254.7260284423828,1.0,115.63575744628906,270.8875427246094,1.0,181.04513549804688,273.0248718261719,1.0
974,153.4116668701172,208.0367889404297,1.0,144.4298095703125,236.4988250732422,1.0,131.2638702392578,225.495849609375,1.0,117.63109588623047,227.52395629882812,1.0,183.3055877685547,226.29864501953125,1.0,199.95945739746094,228.66754150390625,1.0,144.38796997070312,254.88455200195312,1.0,115.55015563964844,270.7247619628906,1.0,181.02804565429688,273.1978759765625,1.0
975,153.52357482910156,207.87005615234375,1.0,144.42343139648438,236.49366760253906,1.0,131.47268676757812,225.34405517578125,1.0,117.7789306640625,227.3794403076172,1.0,183.3656768798828,226.04705810546875,1.0,200.0240936279297,228.3068389892578,1.0,144.31593322753906,254.9180908203125,1.0,115.57845306396484,270.7674255371094,1.0,180.9485321044922,273.1350402832031,1.0
976,153.72702026367188,208.00149536132812,1.0,144.44171142578125,236.43882751464844,1.0,131.48399353027344,225.1747283935547,1.0,117.74909973144531,227.39512634277344,1.0,183.3639373779297,226.06231689453125,1.0,200.05113220214844,228.18093872070312,1.0,144.0320587158203,254.78973388671875,1.0,115.5363998413086,270.5849609375,1.0,180.9539031982422,273.1395263671875,1.0
977,153.65606689453125,207.78973388671875,1.0,144.40362548828125,236.36517333984375,1.0,131.57601928710938,225.13290405273438,1.0,117.9027099609375,227.40765380859375,1.0,183.41734313964844,225.9115447998047,1.0,200.46826171875,228.25294494628906,1.0,144.2154083251953,254.97500610351562,1.0,115.51483154296875,270.711181640625,1.0,180.991943359375,273.08148193359375,1.0
978,153.81907653808594,207.8419647216797,1.0,144.43482971191406,236.41810607910156,1.0,131.68560791015625,225.17092895507812,1.0,118.01673889160156,227.41494750976562,1.0,183.60174560546875,225.99351501464844,1.0,200.16685485839844,228.12005615234375,1.0,144.3601531982422,255.14930725097656,1.0,115.39908599853516,270.634765625,1.0,180.85928344726562,273.35772705078125,1.0
979,153.93373107910156,207.94427490234375,1.0,144.37652587890625,236.40769958496094,1.0,131.68130493164062,225.1666717529297,1.0,118.03517150878906,227.46237182617188,1.0,182.84144592285156,226.14407348632812,1.0,200.43069458007812,228.08267211914062,1.0,144.30169677734375,254.92771911621094,1.0,115.43653106689453,270.5675048828125,1.0,180.78762817382812,273.3526916503906,1.0
980,153.83514404296875,207.9923095703125,1.0,144.29330444335938,236.25938415527344,1.0,131.68235778808594,225.23902893066406,1.0,117.85408782958984,227.5644989013672,1.0,182.6208953857422,225.9606475830078,1.0,200.36302185058594,228.08763122558594,1.0,144.28616333007812,254.85418701171875,1.0,115.65691375732422,270.5806884765625,1.0,180.85731506347656,273.4029846191406,1.0
981,153.85194396972656,207.91757202148438,1.0,144.27349853515625,236.21214294433594,1.0,131.77813720703125,225.27310180664062,1.0,117.92923736572266,227.65106201171875,1.0,182.72320556640625,225.91184997558594,1.0,200.39402770996094,228.1281280517578,1.0,144.40945434570312,254.65403747558594,1.0,115.70217895507812,270.6046447753906,1.0,180.9608154296875,273.3421630859375,1.0
982,153.81980895996094,207.80079650878906,1.0,144.20132446289062,236.24658203125,1.0,131.7557830810547,225.32940673828125,1.0,117.99717712402344,227.43260192871094,1.0,182.58349609375,225.98666381835938,1.0,200.29881286621094,228.09983825683594,1.0,144.24667358398438,254.62831115722656,1.0,115.65180969238281,270.57464599609375,1.0,180.94419860839844,273.4914855957031,1.0
983,153.69825744628906,207.94467163085938,1.0,144.2084503173828,236.3414306640625,1.0,131.7837371826172,225.37257385253906,1.0,117.9068603515625,227.268798828125,1.0,182.5497283935547,225.95716857910156,1.0,200.2832794189453,228.09371948242188,1.0,144.28909301757812,254.624267578125,1.0,115.62228393554688,270.4892883300781,1.0,180.87005615234375,273.33734130859375,1.0
984,153.51634216308594,207.58319091796875,1.0,144.23963928222656,236.05946350097656,1.0,131.78494262695312,225.69451904296875,1.0,117.53069305419922,227.31915283203125,1.0,182.34637451171875,225.96067810058594,1.0,200.3973846435547,227.9393310546875,1.0,144.37547302246094,254.23265075683594,1.0,115.89384460449219,270.6566162109375,1.0,181.15008544921875,273.0023193359375,1.0
985,153.8438720703125,208.0536346435547,1.0,144.26992797851562,236.21673583984375,1.0,131.5311279296875,226.5540771484375,1.0,117.1834945678711,226.94422912597656,1.0,182.56692504882812,226.9844970703125,1.0,200.3517303466797,228.35057067871094,1.0,144.13014221191406,253.94692993164062,1.0,115.81774139404297,270.5174865722656,1.0,181.10079956054688,272.8766784667969,1.0
986,153.6229248046875,208.4228057861328,1.0,144.0074462890625,235.99465942382812,1.0,131.05255126953125,226.97474670410156,1.0,117.15193939208984,226.67782592773438,1.0,182.8357391357422,227.1881103515625,1.0,200.48785400390625,228.35972595214844,1.0,144.01416015625,253.8714599609375,1.0,115.9918441772461,270.6781921386719,1.0,181.10675048828125,272.6855163574219,1.0
987,153.4974822998047,208.49969482421875,1.0,143.92112731933594,236.11920166015625,1.0,130.97377014160156,226.97105407714844,1.0,117.1860580444336,226.89138793945312,1.0,182.54965209960938,227.2532196044922,1.0,200.26637268066406,228.24281311035156,1.0,143.99119567871094,253.94459533691406,1.0,116.11233520507812,270.6736145019531,1.0,181.10903930664062,272.52874755859375,1.0
988,153.4141387939453,208.37451171875,1.0,143.86782836914062,236.2094268798828,1.0,130.9537353515625,226.8994140625,1.0,117.3104248046875,226.79827880859375,1.0,182.56419372558594,227.28773498535156,1.0,200.19081115722656,228.22837829589844,1.0,144.0579071044922,254.02455139160156,1.0,115.98999786376953,270.5926208496094,1.0,181.13406372070312,272.3994140625,1.0
989,153.3445587158203,208.45469665527344,1.0,143.752685546875,236.2939453125,1.0,131.14520263671875,227.09548950195312,1.0,117.361572265625,226.7548065185547,1.0,182.4665069580078,227.3135986328125,1.0,200.21202087402344,228.1942901611328,1.0,144.27230834960938,254.07020568847656,1.0,116.12012481689453,270.7060852050781,1.0,181.14976501464844,272.5987854003906,1.0
990,153.4768829345703,208.40988159179688,1.0,143.8534698486328,236.31112670898438,1.0,131.09640502929688,227.1143798828125,1.0,117.18881225585938,226.83302307128906,1.0,182.55029296875,227.41500854492188,1.0,200.2963104248047,228.47677612304688,1.0,144.2314453125,253.9619140625,1.0,116.09455108642578,270.67694091796875,1.0,181.1515350341797,272.7254943847656,1.0
991,153.58897399902344,208.68359375,1.0,143.87960815429688,236.376708984375,1.0,131.08200073242188,227.1903533935547,1.0,117.208984375,226.9131622314453,1.0,182.50331115722656,227.49517822265625,1.0,200.3493194580078,228.5572509765625,1.0,144.2465362548828,254.0927734375,1.0,116.10994720458984,270.70819091796875,1.0,181.13552856445312,272.80267333984375,1.0
992,153.5072784423828,208.5067901611328,1.0,143.9142303466797,236.2573699951172,1.0,131.103271484375,227.23690795898438,1.0,117.315673828125,226.9113006591797,1.0,182.5330810546875,227.4783477783203,1.0,200.3042449951172,228.623291015625,1.0,144.31536865234375,254.04942321777344,1.0,116.14796447753906,270.75701904296875,1.0,181.06771850585938,272.8861083984375,1.0
993,153.51136779785156,208.67413330078125,1.0,143.89064025878906,236.2581787109375,1.0,131.08706665039062,227.24134826660156,1.0,117.29194641113281,226.9310302734375,1.0,182.37770080566406,227.53981018066406,1.0,200.12847900390625,228.46839904785156,1.0,144.33294677734375,253.97657775878906,1.0,116.1810531616211,270.834228515625,1.0,181.04263305664062,272.9071960449219,1.0
994,153.49209594726562,208.50975036621094,1.0,143.891845703125,236.25830078125,1.0,131.10702514648438,227.246826171875,1.0,117.35371398925781,226.92848205566406,1.0,182.38128662109375,227.6602020263672,1.0,200.02096557617188,228.49087524414062,1.0,144.3216094970703,254.0464630126953,1.0,116.13639831542969,270.9427185058594,1.0,181.00025939941406,273.0069885253906,1.0
995,153.59677124023438,208.42083740234375,1.0,143.8621368408203,236.3526611328125,1.0,131.37863159179688,227.28399658203125,1.0,117.39002227783203,226.83428955078125,1.0,182.45680236816406,227.66537475585938,1.0,200.1024932861328,228.56507873535156,1.0,144.22940063476562,254.19863891601562,1.0,116.19808959960938,270.96075439453125,1.0,180.9341278076172,273.02325439453125,1.0
996,153.8707275390625,208.10238647460938,1.0,144.15940856933594,235.92935180664062,1.0,131.0076446533203,227.2969970703125,1.0,117.73190307617188,226.99427795410156,1.0,182.3251495361328,227.7747344970703,1.0,199.73129272460938,228.70413208007812,1.0,144.2127227783203,254.2300567626953,1.0,115.76937866210938,270.7937316894531,1.0,181.03927612304688,273.12823486328125,1.0
997,153.75704956054688,208.17022705078125,1.0,144.2028045654297,235.8078155517578,1.0,131.01541137695312,227.1595916748047,1.0,117.74916076660156,227.0501251220703,1.0,182.29568481445312,227.7159423828125,1.0,199.70156860351562,228.65444946289062,1.0,144.18508911132812,254.20401000976562,1.0,115.93680572509766,270.8316345214844,1.0,181.16390991210938,272.9956359863281,1.0
998,153.67881774902344,208.20361328125,1.0,143.7639617919922,236.20774841308594,1.0,130.91407775878906,227.20272827148438,1.0,117.72854614257812,227.0003662109375,1.0,182.3480224609375,227.81744384765625,1.0,199.86219787597656,228.72677612304688,1.0,144.18446350097656,254.20054626464844,1.0,115.9249038696289,270.76605224609375,1.0,180.9095001220703,273.1205749511719,1.0
999,153.68255615234375,208.26913452148438,1.0,143.80516052246094,236.24288940429688,1.0,131.07217407226562,227.2561492919922,1.0,117.73060607910156,226.95249938964844,1.0,182.4637908935547,227.78941345214844,1.0,199.8446807861328,228.68746948242188,1.0,144.28567504882812,254.2864990234375,1.0,115.9769287109375,270.7095947265625,1.0,180.926025390625,273.1292724609375,1.0
1000,153.71694946289062,208.2803192138672,1.0,143.73052978515625,236.17356872558594,1.0,131.0330810546875,227.29891967773438,1.0,117.77268981933594,226.95831298828125,1.0,182.45474243164062,227.72549438476562,1.0,199.74966430664062,228.60227966308594,1.0,144.20797729492188,254.36448669433594,1.0,116.07322692871094,270.76190185546875,1.0,180.7803955078125,273.1760559082031,1.0
1001,153.70782470703125,208.22715759277344,1.0,143.71697998046875,236.13633728027344,1.0,131.06005859375,227.33056640625,1.0,117.7884750366211,226.9717254638672,1.0,182.41998291015625,227.7631378173828,1.0,199.75579833984375,228.65333557128906,1.0,144.2421417236328,254.31195068359375,1.0,116.0503158569336,270.86724853515625,1.0,180.87033081054688,273.1119689941406,1.0
1002,153.8274688720703,208.22389221191406,1.0,143.90745544433594,236.03424072265625,1.0,131.24403381347656,227.24159240722656,1.0,117.81395721435547,226.8474884033203,1.0,182.51097106933594,227.74404907226562,1.0,199.9824676513672,228.9463653564453,1.0,144.31553649902344,254.32241821289062,1.0,116.0858154296875,270.9203186035156,1.0,180.92002868652344,273.042236328125,1.0
1003,153.7671661376953,208.2426300048828,1.0,143.91702270507812,236.13760375976562,1.0,131.1533203125,227.3218536376953,1.0,117.82457733154297,226.97402954101562,1.0,182.53073120117188,227.7415008544922,1.0,200.01095581054688,228.91647338867188,1.0,144.41012573242188,254.4462432861328,1.0,116.04006958007812,270.8852233886719,1.0,180.9268035888672,273.01953125,1.0
1004,153.8009033203125,208.27410888671875,1.0,143.9445343017578,236.07012939453125,1.0,130.99855041503906,227.3066864013672,1.0,117.76335144042969,227.16690063476562,1.0,182.5302734375,227.70704650878906,1.0,199.85581970214844,228.96099853515625,1.0,144.2901611328125,254.3225860595703,1.0,116.07852172851562,270.7210388183594,1.0,180.95028686523438,273.0208435058594,1.0
1005,153.8292236328125,208.4661102294922,1.0,143.91343688964844,236.18214416503906,1.0,130.98419189453125,227.33604431152344,1.0,117.84234619140625,227.1072540283203,1.0,182.36801147460938,227.85084533691406,1.0,199.73617553710938,229.07362365722656,1.0,144.29917907714844,254.29629516601562,1.0,116.00814819335938,270.78668212890625,1.0,180.88510131835938,273.0534973144531,1.0
1006,153.84048461914062,208.3152618408203,1.0,143.8600311279297,236.20863342285156,1.0,131.04791259765625,227.41232299804688,1.0,117.78813171386719,227.203125,1.0,182.3986053466797,227.8854522705078,1.0,199.77438354492188,229.1336212158203,1.0,144.37911987304688,254.3138885498047,1.0,116.03845977783203,270.8985290527344,1.0,180.9334716796875,273.175537109375,1.0
1007,153.69911193847656,208.2718963623047,1.0,144.22976684570312,235.95201110839844,1.0,131.0090789794922,227.3617401123047,1.0,117.75747680664062,227.21632385253906,1.0,182.4835662841797,227.7573699951172,1.0,199.8101043701172,229.0125274658203,1.0,144.26324462890625,254.39939880371094,1.0,116.0535888671875,270.85284423828125,1.0,180.901123046875,273.2602844238281,1.0
1008,153.7289581298828,208.48947143554688,1.0,143.8295135498047,236.2369842529297,1.0,131.06307983398438,227.48687744140625,1.0,117.59674072265625,226.95339965820312,1.0,182.79937744140625,227.8226776123047,1.0,200.08775329589844,229.06129455566406,1.0,144.1995849609375,254.25257873535156,1.0,115.74665069580078,270.90460205078125,1.0,181.31117248535156,273.1361083984375,1.0
1009,153.72247314453125,208.41419982910156,1.0,143.7808074951172,236.1324920654297,1.0,131.0022430419922,227.43943786621094,1.0,117.4013442993164,227.0928192138672,1.0,182.70599365234375,227.7932891845703,1.0,199.92779541015625,228.89646911621094,1.0,144.28622436523438,254.2137908935547,1.0,115.68866729736328,270.892822265625,1.0,181.26535034179688,273.13006591796875,1.0
1010,153.76126098632812,208.4013671875,1.0,143.79367065429688,236.1963348388672,1.0,131.0668487548828,227.5066680908203,1.0,117.51005554199219,227.0787353515625,1.0,182.70535278320312,227.81301879882812,1.0,199.91502380371094,228.93394470214844,1.0,144.2604522705078,254.179443359375,1.0,115.61198425292969,270.9206848144531,1.0,181.33456420898438,273.017578125,1.0
1011,153.68299865722656,208.38304138183594,1.0,143.80239868164062,236.19410705566406,1.0,131.04393005371094,227.23707580566406,1.0,117.8086166381836,226.90174865722656,1.0,182.57818603515625,227.78919982910156,1.0,199.86587524414062,229.05287170410156,1.0,144.27679443359375,254.07716369628906,1.0,115.44348907470703,270.77862548828125,1.0,181.1776885986328,273.0703430175781,1.0
1012,153.7462158203125,208.5659637451172,1.0,143.896240234375,236.13729858398438,1.0,130.97799682617188,227.33071899414062,1.0,117.74002075195312,227.06918334960938,1.0,182.64471435546875,227.8350067138672,1.0,199.9111785888672,228.9226531982422,1.0,144.15170288085938,254.01864624023438,1.0,115.48837280273438,270.878173828125,1.0,181.245361328125,273.01507568359375,1.0
1013,153.8148956298828,208.74810791015625,1.0,143.83724975585938,236.18170166015625,1.0,130.9362335205078,227.3784637451172,1.0,117.79876708984375,227.17617797851562,1.0,182.72930908203125,227.8712615966797,1.0,200.02853393554688,228.98374938964844,1.0,144.0766143798828,253.9420166015625,1.0,115.52006530761719,270.818359375,1.0,181.16859436035156,272.8909912109375,1.0
1014,153.86643981933594,208.6421356201172,1.0,143.844482421875,236.08961486816406,1.0,131.1502685546875,227.3295440673828,1.0,117.90306854248047,227.0724639892578,1.0,182.7764434814453,227.8115692138672,1.0,200.0409698486328,229.0077362060547,1.0,144.0932159423828,253.87066650390625,1.0,115.60450744628906,271.0079040527344,1.0,181.14215087890625,272.77740478515625,1.0
1015,153.81002807617188,208.6190185546875,1.0,143.79608154296875,236.2073516845703,1.0,130.99996948242188,227.35150146484375,1.0,117.93032836914062,227.1833038330078,1.0,182.79823303222656,227.7765350341797,1.0,199.9444122314453,229.1431121826172,1.0,143.9226837158203,253.8312530517578,1.0,115.46719360351562,270.8701171875,1.0,181.0739288330078,272.9842224121094,1.0
1016,153.82749938964844,208.49517822265625,1.0,143.78489685058594,236.16326904296875,1.0,131.1455841064453,227.25392150878906,1.0,118.0317611694336,227.15187072753906,1.0,182.83790588378906,227.72366333007812,1.0,199.95445251464844,229.3045196533203,1.0,143.97886657714844,253.89047241210938,1.0,115.66038513183594,271.02972412109375,1.0,181.0555419921875,273.0885009765625,1.0
1017,153.93948364257812,208.4657745361328,1.0,143.72422790527344,236.16053771972656,1.0,131.2093963623047,227.34884643554688,1.0,117.85735321044922,227.3335723876953,1.0,182.97299194335938,227.71511840820312,1.0,199.86997985839844,229.14517211914062,1.0,143.93533325195312,253.8363037109375,1.0,115.67242431640625,271.0570983886719,1.0,180.9148406982422,273.22723388671875,1.0
1018,153.92547607421875,208.45635986328125,1.0,143.72119140625,236.1763153076172,1.0,131.18243408203125,227.32322692871094,1.0,117.903564453125,227.3271942138672,1.0,183.04566955566406,227.72938537597656,1.0,199.8954620361328,229.27340698242188,1.0,143.95538330078125,253.95594787597656,1.0,115.58903503417969,271.0596618652344,1.0,180.87144470214844,273.3403015136719,1.0
1019,153.9174041748047,208.49668884277344,1.0,143.65928649902344,236.1368865966797,1.0,131.38943481445312,227.34310913085938,1.0,117.87212371826172,227.37747192382812,1.0,182.9889678955078,227.75025939941406,1.0,199.83578491210938,229.37281799316406,1.0,143.92062377929688,253.95578002929688,1.0,115.66342163085938,271.0783996582031,1.0,180.8243865966797,273.30328369140625,1.0
1020,154.2451629638672,208.59071350097656,1.0,144.04380798339844,235.89024353027344,1.0,131.15542602539062,227.42872619628906,1.0,117.59379577636719,227.41912841796875,1.0,183.36874389648438,227.86109924316406,1.0,199.9637908935547,229.54348754882812,1.0,143.83592224121094,254.0939483642578,1.0,116.01691436767578,270.9947204589844,1.0,180.86415100097656,273.3526916503906,1.0
1021,153.83091735839844,208.32839965820312,1.0,144.0875701904297,235.84873962402344,1.0,131.14068603515625,227.4178924560547,1.0,117.5345687866211,227.4934844970703,1.0,183.35052490234375,227.89895629882812,1.0,200.13253784179688,229.5570068359375,1.0,143.83554077148438,253.9512176513672,1.0,115.75939178466797,270.9337158203125,1.0,180.92433166503906,273.30938720703125,1.0
1022,154.37094116210938,208.59793090820312,1.0,144.23516845703125,235.87693786621094,1.0,131.24423217773438,227.28515625,1.0,117.47943115234375,227.26492309570312,1.0,183.42178344726562,227.85476684570312,1.0,200.10494995117188,229.47500610351562,1.0,143.92982482910156,254.0202178955078,1.0,115.80992126464844,270.8843994140625,1.0,180.96424865722656,273.1133117675781,1.0
1023,155.71644592285156,209.06759643554688,1.0,144.78631591796875,236.10308837890625,1.0,131.57847595214844,227.07760620117188,1.0,117.51959228515625,226.84793090820312,1.0,184.70733642578125,228.18783569335938,1.0,200.81422424316406,229.29734802246094,1.0,144.8256072998047,253.93222045898438,1.0,116.66587829589844,270.75860595703125,1.0,181.83261108398438,273.0246887207031,1.0
1024,161.7388153076172,209.00584411621094,1.0,151.81781005859375,235.3041534423828,1.0,136.5359344482422,225.68763732910156,1.0,124.0289306640625,222.9141387939453,1.0,191.377685546875,229.46803283691406,1.0,205.7101287841797,231.95814514160156,1.0,150.4640655517578,253.76358032226562,1.0,119.21620178222656,268.7930603027344,1.0,186.28013610839844,273.8285217285156,1.0
1025,165.47494506835938,208.23585510253906,1.0,156.84095764160156,234.81863403320312,1.0,139.90472412109375,224.4203338623047,1.0,126.44335174560547,222.61679077148438,1.0,194.1076202392578,229.4449005126953,1.0,208.3172607421875,232.61962890625,1.0,155.19602966308594,253.81631469726562,1.0,121.68745422363281,268.3815612792969,1.0,188.62606811523438,274.61236572265625,1.0
1026,167.4769287109375,208.79678344726562,1.0,160.18643188476562,235.39622497558594,1.0,141.97593688964844,224.08627319335938,1.0,128.30270385742188,222.19552612304688,1.0,195.73629760742188,229.81472778320312,1.0,209.65496826171875,233.1786346435547,1.0,158.1212158203125,253.79124450683594,1.0,124.05770111083984,268.2860412597656,1.0,190.37533569335938,274.6800231933594,1.0
1027,168.63699340820312,208.63287353515625,1.0,161.73362731933594,234.22335815429688,1.0,142.87652587890625,223.51956176757812,1.0,129.37139892578125,221.66873168945312,1.0,196.3918914794922,230.24229431152344,1.0,210.4661407470703,233.13414001464844,1.0,159.4188995361328,253.69642639160156,1.0,125.41930389404297,268.53973388671875,1.0,192.25181579589844,274.0184326171875,1.0
1028,169.59249877929688,208.5310821533203,1.0,162.11219787597656,234.73902893066406,1.0,144.05186462402344,223.20681762695312,1.0,129.61190795898438,221.80152893066406,1.0,196.77975463867188,230.3627471923828,1.0,211.3091278076172,233.52243041992188,1.0,160.52197265625,253.8022918701172,1.0,125.90992736816406,268.2354736328125,1.0,192.4507293701172,274.2557678222656,1.0
1029,169.72190856933594,208.594482421875,1.0,162.0160675048828,234.8465118408203,1.0,144.26658630371094,223.492431640625,1.0,129.74937438964844,221.92185974121094,1.0,197.0555419921875,230.3881378173828,1.0,211.50088500976562,233.3993377685547,1.0,160.57521057128906,253.734619140625,1.0,126.09849548339844,268.2985534667969,1.0,192.9149627685547,274.632080078125,1.0
1030,169.6894989013672,208.65235900878906,1.0,162.15025329589844,234.87940979003906,1.0,144.08863830566406,223.4226837158203,1.0,130.09739685058594,221.83596801757812,1.0,196.97784423828125,230.41368103027344,1.0,211.4830780029297,233.4104766845703,1.0,160.90411376953125,253.51979064941406,1.0,126.08782196044922,268.585693359375,1.0,193.0086212158203,274.635009765625,1.0
1031,169.82449340820312,208.67974853515625,1.0,162.19454956054688,234.9086151123047,1.0,144.17013549804688,223.38290405273438,1.0,130.1080780029297,221.96412658691406,1.0,196.89283752441406,230.29200744628906,1.0,211.2357177734375,233.26206970214844,1.0,160.96246337890625,253.5316925048828,1.0,126.19082641601562,268.7262268066406,1.0,192.92019653320312,274.7944641113281,1.0
1032,169.509765625,208.08706665039062,1.0,162.16378784179688,234.6379852294922,1.0,143.6542510986328,223.51119995117188,1.0,129.46530151367188,222.57577514648438,1.0,196.81393432617188,230.38816833496094,1.0,210.73648071289062,233.32525634765625,1.0,161.07359313964844,253.23037719726562,1.0,126.37435150146484,268.9389343261719,1.0,192.74343872070312,274.88299560546875,1.0
1033,169.09886169433594,207.98635864257812,1.0,162.11697387695312,234.48794555664062,1.0,143.17733764648438,223.54380798339844,1.0,129.21742248535156,222.66281127929688,1.0,196.4010772705078,230.31478881835938,1.0,210.4441375732422,233.10223388671875,1.0,160.98150634765625,253.4630889892578,1.0,126.31883239746094,269.05853271484375,1.0,192.775146484375,274.7728271484375,1.0
1034,168.83013916015625,207.97178649902344,1.0,162.39794921875,234.05784606933594,1.0,142.80841064453125,223.54649353027344,1.0,128.98251342773438,222.9977569580078,1.0,195.9580841064453,230.12867736816406,1.0,210.17652893066406,233.2070770263672,1.0,160.6039581298828,253.3078155517578,1.0,126.27962493896484,269.3526306152344,1.0,192.35546875,274.88702392578125,1.0
1035,168.73304748535156,208.41294860839844,1.0,162.05870056152344,234.3508758544922,1.0,142.77767944335938,223.62823486328125,1.0,128.9130859375,222.9760284423828,1.0,195.34494018554688,230.06944274902344,1.0,209.95777893066406,232.96981811523438,1.0,160.32879638671875,253.24041748046875,1.0,125.86663055419922,269.34619140625,1.0,191.56651306152344,274.6268615722656,1.0
1036,168.2537384033203,208.58346557617188,1.0,161.7416229248047,234.55548095703125,1.0,142.55062866210938,223.770751953125,1.0,128.8805389404297,223.0484161376953,1.0,194.57875061035156,229.8681640625,1.0,209.83355712890625,232.6938934326172,1.0,159.90353393554688,253.30572509765625,1.0,125.82866668701172,269.2032470703125,1.0,191.16798400878906,274.75555419921875,1.0
1037,168.3031005859375,208.77391052246094,1.0,161.7195587158203,234.61785888671875,1.0,142.41775512695312,223.74227905273438,1.0,128.75376892089844,223.07835388183594,1.0,194.5634002685547,229.7587432861328,1.0,209.70237731933594,232.57510375976562,1.0,159.7529296875,253.36878967285156,1.0,125.82044982910156,269.297607421875,1.0,191.18333435058594,274.757568359375,1.0
1038,168.4122772216797,208.5107421875,1.0,161.71339416503906,234.54949951171875,1.0,142.46450805664062,223.67088317871094,1.0,128.85617065429688,222.9825439453125,1.0,194.5460662841797,229.62510681152344,1.0,209.5477294921875,232.53579711914062,1.0,159.69705200195312,253.39413452148438,1.0,125.68498229980469,269.4225158691406,1.0,191.2430877685547,274.6780090332031,1.0
1039,168.41351318359375,208.46241760253906,1.0,161.70326232910156,234.58694458007812,1.0,142.52244567871094,223.5751495361328,1.0,128.72482299804688,222.92160034179688,1.0,194.58436584472656,229.6366729736328,1.0,209.585693359375,232.5138397216797,1.0,159.84381103515625,253.4578399658203,1.0,125.640625,269.6297607421875,1.0,191.23748779296875,274.6387634277344,1.0
1040,168.59124755859375,208.48240661621094,1.0,161.761962890625,234.6094207763672,1.0,142.3826141357422,223.57467651367188,1.0,128.6960906982422,223.19065856933594,1.0,194.8086395263672,229.91033935546875,1.0,209.6851043701172,232.62759399414062,1.0,159.82908630371094,253.4395294189453,1.0,125.46931457519531,269.46600341796875,1.0,191.24195861816406,274.669189453125,1.0
1041,168.63697814941406,208.6500244140625,1.0,161.57777404785156,234.69900512695312,1.0,142.44325256347656,223.70584106445312,1.0,128.69979858398438,223.2132110595703,1.0,195.01783752441406,229.9661102294922,1.0,209.83863830566406,232.7880859375,1.0,159.77035522460938,253.49072265625,1.0,125.4393310546875,269.4921569824219,1.0,191.31265258789062,274.6604919433594,1.0
1042,168.73072814941406,208.65548706054688,1.0,161.58251953125,234.78004455566406,1.0,142.5728302001953,223.65914916992188,1.0,128.55043029785156,222.92813110351562,1.0,195.24246215820312,230.09542846679688,1.0,209.92762756347656,232.73670959472656,1.0,159.72097778320312,253.42396545410156,1.0,125.49757385253906,269.2908020019531,1.0,191.8587646484375,274.40972900390625,1.0
1043,168.78115844726562,208.69924926757812,1.0,161.61993408203125,234.83642578125,1.0,142.655517578125,223.67459106445312,1.0,128.34176635742188,222.82936096191406,1.0,195.3286895751953,230.13221740722656,1.0,210.16041564941406,232.78805541992188,1.0,159.79537963867188,253.50344848632812,1.0,125.41407775878906,269.1822509765625,1.0,191.93226623535156,274.4839172363281,1.0
1044,168.50416564941406,208.4625244140625,1.0,161.68141174316406,234.68434143066406,1.0,142.18052673339844,223.85739135742188,1.0,128.30621337890625,223.04928588867188,1.0,195.4769287109375,230.24267578125,1.0,210.04417419433594,232.8101348876953,1.0,159.58474731445312,253.58778381347656,1.0,125.21662902832031,269.5212707519531,1.0,192.24900817871094,274.3261413574219,1.0
1045,168.40614318847656,208.3731689453125,1.0,161.6681671142578,234.74732971191406,1.0,142.10244750976562,223.89205932617188,1.0,128.06414794921875,223.13665771484375,1.0,195.44691467285156,230.216552734375,1.0,209.91078186035156,233.04371643066406,1.0,159.54444885253906,253.5041961669922,1.0,125.05398559570312,269.4169006347656,1.0,192.23036193847656,274.42852783203125,1.0
1046,168.6226806640625,208.57957458496094,1.0,161.78607177734375,234.99139404296875,1.0,142.3140869140625,223.7146759033203,1.0,128.28045654296875,223.22421264648438,1.0,195.56353759765625,230.2181396484375,1.0,209.9384765625,232.98641967773438,1.0,159.7177734375,253.47943115234375,1.0,125.0299072265625,269.2581481933594,1.0,192.36209106445312,274.3639221191406,1.0
1047,168.61488342285156,208.48802185058594,1.0,161.97528076171875,234.77149963378906,1.0,142.11631774902344,223.7410888671875,1.0,128.37864685058594,223.16934204101562,1.0,195.8413848876953,230.17103576660156,1.0,210.33261108398438,232.9657745361328,1.0,159.90017700195312,253.59243774414062,1.0,125.0932846069336,269.14141845703125,1.0,192.7816925048828,274.4480895996094,1.0
1048,168.45814514160156,208.80064392089844,1.0,161.24151611328125,235.1479034423828,1.0,142.39682006835938,225.2210235595703,1.0,127.90113830566406,222.96607971191406,1.0,195.67979431152344,231.27777099609375,1.0,210.03890991210938,232.83090209960938,1.0,159.78819274902344,253.72860717773438,1.0,125.17330169677734,269.525390625,1.0,192.81781005859375,274.38311767578125,1.0
1049,168.24249267578125,209.1186065673828,1.0,161.05447387695312,234.9136505126953,1.0,142.23150634765625,225.43878173828125,1.0,128.53167724609375,222.74232482910156,1.0,195.4524688720703,231.8692626953125,1.0,209.90052795410156,232.7302703857422,1.0,159.5958251953125,253.63963317871094,1.0,125.20623016357422,269.66632080078125,1.0,192.82933044433594,274.39453125,1.0
1050,168.21603393554688,209.28912353515625,1.0,161.05914306640625,235.04017639160156,1.0,142.1219940185547,225.63885498046875,1.0,128.41619873046875,222.6855926513672,1.0,195.7594757080078,231.8606719970703,1.0,209.9501190185547,232.7718505859375,1.0,159.75930786132812,253.66265869140625,1.0,124.98240661621094,269.4913635253906,1.0,192.87933349609375,274.2836608886719,1.0
1051,168.3640594482422,209.15557861328125,1.0,161.14170837402344,235.06808471679688,1.0,142.26528930664062,225.50267028808594,1.0,128.81007385253906,222.8968505859375,1.0,195.7002716064453,231.85313415527344,1.0,209.96817016601562,232.8624725341797,1.0,159.81883239746094,253.62445068359375,1.0,125.07234191894531,269.68829345703125,1.0,192.9314422607422,274.27862548828125,1.0
1052,168.47645568847656,209.1683807373047,1.0,161.18075561523438,235.22357177734375,1.0,142.46633911132812,225.5406036376953,1.0,128.8136749267578,222.81219482421875,1.0,195.96446228027344,231.9173126220703,1.0,209.98558044433594,232.9857177734375,1.0,159.84373474121094,253.7149658203125,1.0,125.32940673828125,269.774169921875,1.0,192.76272583007812,274.513916015625,1.0
1053,168.50430297851562,209.4493865966797,1.0,161.27606201171875,235.3412628173828,1.0,142.60757446289062,225.38888549804688,1.0,128.68844604492188,222.79537963867188,1.0,196.04078674316406,231.9353485107422,1.0,210.32608032226562,232.81932067871094,1.0,160.02871704101562,253.8762664794922,1.0,125.4671630859375,269.66131591796875,1.0,192.78135681152344,274.5007629394531,1.0
1054,168.53309631347656,209.4488067626953,1.0,161.26025390625,235.5625,1.0,142.67453002929688,225.48501586914062,1.0,128.70106506347656,222.9237518310547,1.0,195.98753356933594,232.0546112060547,1.0,210.2701416015625,232.807373046875,1.0,160.00302124023438,253.96551513671875,1.0,125.55188751220703,269.9261779785156,1.0,192.7442169189453,274.54071044921875,1.0
1055,168.74192810058594,209.466064453125,1.0,161.50924682617188,235.63345336914062,1.0,142.79835510253906,225.5535888671875,1.0,128.8135223388672,222.6806640625,1.0,195.99061584472656,231.923583984375,1.0,210.20741271972656,233.0244140625,1.0,160.41140747070312,254.0389404296875,1.0,125.54425811767578,270.0707702636719,1.0,192.92999267578125,274.9059753417969,1.0
1056,173.2216033935547,210.60292053222656,1.0,165.3477783203125,235.92295837402344,1.0,146.0952911376953,226.1546173095703,0.9999996423721313,131.3758544921875,221.72946166992188,1.0,199.89414978027344,233.49298095703125,1.0,213.0396728515625,233.69314575195312,1.0,163.80079650878906,254.17279052734375,1.0,129.01197814941406,268.9221496582031,1.0,195.54327392578125,275.7833557128906,1.0
1057,176.82012939453125,209.72775268554688,1.0,168.8767547607422,235.15614318847656,1.0,148.9864501953125,225.8839111328125,1.0,134.1398468017578,221.72903442382812,1.0,203.18173217773438,234.16934204101562,1.0,215.9473114013672,235.69578552246094,1.0,166.83731079101562,255.0015411376953,1.0,131.00352478027344,268.6614990234375,1.0,197.7838897705078,275.9449157714844,1.0
1058,177.7344207763672,209.73843383789062,1.0,171.14280700683594,235.64712524414062,1.0,150.27757263183594,225.29611206054688,1.0,135.07232666015625,222.00662231445312,1.0,203.66973876953125,234.22512817382812,1.0,216.8086700439453,236.30113220214844,1.0,168.6287384033203,255.71128845214844,1.0,131.96554565429688,269.0023498535156,1.0,199.2065887451172,276.07611083984375,1.0
1059,178.26327514648438,209.7378387451172,1.0,172.4505157470703,235.61453247070312,1.0,150.84188842773438,224.39865112304688,1.0,135.90875244140625,221.33668518066406,1.0,203.86575317382812,234.33123779296875,1.0,216.9156494140625,236.48373413085938,1.0,169.34255981445312,256.30853271484375,1.0,132.39404296875,268.5857849121094,1.0,199.99334716796875,276.2535095214844,1.0
1060,178.62591552734375,209.44496154785156,1.0,172.64813232421875,235.8632354736328,1.0,150.67788696289062,224.37429809570312,1.0,135.77613830566406,221.47085571289062,1.0,203.78997802734375,234.2403106689453,1.0,217.19517517089844,236.5377197265625,1.0,169.3953399658203,256.2777099609375,1.0,132.46212768554688,268.7745056152344,1.0,200.014892578125,276.205322265625,1.0
1061,178.84498596191406,209.6188507080078,1.0,172.81993103027344,235.68634033203125,1.0,150.7567138671875,224.1844482421875,1.0,135.98141479492188,221.41787719726562,1.0,203.8465576171875,234.09664916992188,1.0,217.25039672851562,236.45223999023438,1.0,169.58706665039062,256.2897644042969,1.0,132.49082946777344,268.7984924316406,1.0,200.12449645996094,276.2837829589844,1.0
1062,178.78958129882812,209.58905029296875,1.0,172.93284606933594,235.72195434570312,1.0,150.16065979003906,223.68788146972656,1.0,135.4173583984375,221.11949157714844,1.0,202.95465087890625,233.0507354736328,1.0,217.29177856445312,236.00364685058594,1.0,169.6453094482422,256.01934814453125,1.0,132.52493286132812,268.676025390625,1.0,200.2355499267578,276.29278564453125,1.0
1063,178.26336669921875,208.4432830810547,1.0,172.87347412109375,236.0543670654297,1.0,149.42698669433594,222.28176879882812,1.0,134.9290008544922,221.5751495361328,1.0,201.7226104736328,230.8673553466797,1.0,217.22616577148438,234.85296630859375,1.0,169.78749084472656,256.465576171875,1.0,132.41690063476562,269.1329040527344,1.0,200.19090270996094,276.1936950683594,1.0
1064,177.93426513671875,208.23719787597656,1.0,172.56031799316406,235.73316955566406,1.0,149.28701782226562,222.10548400878906,1.0,134.7930908203125,221.2643585205078,1.0,201.4873046875,230.3931884765625,1.0,216.89390563964844,234.38992309570312,1.0,169.6400909423828,256.83746337890625,1.0,132.52659606933594,269.4287109375,1.0,199.82069396972656,275.75616455078125,1.0
1065,177.8152618408203,208.23226928710938,1.0,172.46615600585938,235.71017456054688,1.0,149.3930206298828,222.40347290039062,1.0,134.71170043945312,221.15524291992188,1.0,201.4636993408203,230.13917541503906,1.0,217.0200653076172,234.2262420654297,1.0,169.53688049316406,256.5544738769531,1.0,132.16827392578125,269.361572265625,1.0,199.52659606933594,275.8701171875,1.0
1066,177.51454162597656,208.22386169433594,1.0,172.12649536132812,235.8600616455078,1.0,149.16744995117188,222.41659545898438,1.0,134.20477294921875,221.1021728515625,1.0,201.32162475585938,229.86061096191406,1.0,216.75900268554688,233.71832275390625,1.0,169.26161193847656,256.5249328613281,1.0,131.81344604492188,269.60089111328125,1.0,199.16680908203125,275.73065185546875,1.0
1067,176.4145050048828,207.6300506591797,1.0,171.26852416992188,235.25479125976562,1.0,148.03382873535156,222.19772338867188,1.0,133.8551025390625,221.6968231201172,1.0,200.2372283935547,228.3387451171875,1.0,215.9373016357422,232.65969848632812,1.0,168.5583038330078,256.6866149902344,1.0,132.02017211914062,269.6275329589844,1.0,199.0150604248047,275.425537109375,1.0
1068,176.5110626220703,207.5644989013672,1.0,171.15757751464844,234.943603515625,1.0,148.39218139648438,221.91281127929688,1.0,133.7310333251953,221.04518127441406,1.0,200.10423278808594,228.3174285888672,1.0,216.33731079101562,233.36190795898438,1.0,168.48460388183594,256.2872009277344,1.0,131.3894805908203,268.97174072265625,1.0,199.1221466064453,275.0592346191406,1.0
1069,176.29237365722656,207.68954467773438,1.0,171.04791259765625,235.30819702148438,1.0,147.95748901367188,222.21469116210938,1.0,133.77989196777344,221.35763549804688,1.0,200.12472534179688,228.34963989257812,1.0,216.0984344482422,232.95201110839844,1.0,168.44595336914062,256.3716735839844,1.0,131.3963165283203,268.9866638183594,1.0,198.8395233154297,274.9224548339844,1.0
1070,176.17807006835938,207.61256408691406,1.0,170.4141387939453,235.45278930664062,1.0,147.85333251953125,222.19296264648438,1.0,133.6180419921875,221.38429260253906,1.0,199.96397399902344,228.29782104492188,1.0,216.04466247558594,233.03781127929688,1.0,168.0635986328125,256.1667785644531,1.0,131.20603942871094,269.0518798828125,1.0,198.66416931152344,274.9037780761719,1.0
1071,175.86441040039062,207.52098083496094,1.0,170.1027069091797,235.5101776123047,1.0,147.6737823486328,222.2837371826172,1.0,133.44190979003906,221.5713348388672,1.0,199.9033966064453,228.06556701660156,1.0,215.8730010986328,232.7574920654297,1.0,168.0474090576172,256.2832946777344,1.0,131.2851104736328,269.2102966308594,1.0,198.6078338623047,274.91619873046875,1.0
1072,175.49266052246094,207.4613494873047,1.0,169.8009796142578,235.26988220214844,1.0,147.37054443359375,222.3945770263672,1.0,133.15029907226562,221.8970184326172,1.0,199.6854705810547,228.05441284179688,1.0,215.82492065429688,232.74049377441406,1.0,167.8973846435547,256.0959777832031,1.0,131.2246856689453,269.18597412109375,1.0,198.5037841796875,274.9216003417969,1.0
1073,175.33163452148438,207.45880126953125,1.0,169.28256225585938,235.4013214111328,1.0,147.22256469726562,222.24034118652344,1.0,132.99264526367188,221.80032348632812,1.0,199.716064453125,228.21795654296875,1.0,215.79666137695312,232.80108642578125,1.0,167.678955078125,256.05279541015625,1.0,130.90528869628906,269.2540588378906,1.0,198.41732788085938,274.8368835449219,1.0
1074,175.15237426757812,207.36952209472656,1.0,169.092041015625,235.6510772705078,1.0,147.0009002685547,222.43460083007812,1.0,132.6816864013672,221.91954040527344,1.0,199.38323974609375,228.68923950195312,1.0,215.60653686523438,232.57974243164062,1.0,167.40011596679688,255.9394989013672,1.0,131.10623168945312,269.2810974121094,1.0,198.0825958251953,274.92333984375,1.0
1075,174.3428497314453,207.30856323242188,1.0,168.98464965820312,235.82212829589844,1.0,146.13990783691406,222.32716369628906,1.0,132.33680725097656,222.07090759277344,1.0,198.02842712402344,228.5276336669922,1.0,214.82257080078125,232.40013122558594,1.0,167.06829833984375,255.4620361328125,1.0,130.7209930419922,269.3342590332031,1.0,197.898681640625,274.9650573730469,1.0
1076,173.88214111328125,207.1024627685547,1.0,168.04254150390625,235.40255737304688,1.0,145.6987762451172,222.32479858398438,1.0,131.7276611328125,222.35299682617188,1.0,198.4484405517578,228.6416473388672,1.0,214.66746520996094,232.61968994140625,1.0,166.49949645996094,255.2857208251953,1.0,130.0674591064453,269.5202331542969,1.0,197.19802856445312,274.937744140625,1.0
1077,173.2462158203125,207.06655883789062,1.0,167.59495544433594,235.15478515625,1.0,145.55575561523438,222.55044555664062,1.0,131.64715576171875,222.27203369140625,1.0,198.3421173095703,228.5854949951172,1.0,214.41615295410156,232.38552856445312,1.0,166.18228149414062,255.20870971679688,1.0,130.1246795654297,269.6800842285156,1.0,196.82489013671875,274.40118408203125,1.0
1078,172.82032775878906,206.80242919921875,1.0,167.05894470214844,234.81919860839844,1.0,145.3574981689453,222.5187225341797,1.0,131.4422607421875,222.1207733154297,1.0,198.0243377685547,228.58392333984375,1.0,213.93911743164062,232.4041290283203,1.0,165.9644012451172,254.99856567382812,1.0,129.73704528808594,270.12322998046875,1.0,196.61724853515625,274.3387451171875,1.0
1079,172.44618225097656,207.0452880859375,1.0,166.78488159179688,234.94920349121094,1.0,145.1099395751953,222.52964782714844,1.0,131.2013397216797,222.61477661132812,1.0,197.67385864257812,228.53140258789062,1.0,213.57029724121094,232.3235626220703,1.0,165.8134765625,255.06124877929688,1.0,129.69021606445312,270.11676025390625,1.0,196.60617065429688,274.3348693847656,1.0
1080,172.0510711669922,207.01321411132812,1.0,166.14263916015625,235.09457397460938,1.0,144.46774291992188,223.1880340576172,1.0,130.79595947265625,222.77688598632812,1.0,197.1041259765625,228.5355224609375,1.0,213.01895141601562,232.1151885986328,1.0,165.25270080566406,255.27590942382812,1.0,129.39541625976562,269.9073486328125,1.0,196.50543212890625,274.3564147949219,1.0
1081,171.8458251953125,207.21160888671875,1.0,166.13360595703125,235.12405395507812,1.0,144.32472229003906,223.21385192871094,1.0,130.9441680908203,222.8574981689453,1.0,197.01834106445312,228.52413940429688,1.0,213.02090454101562,231.97088623046875,1.0,165.19754028320312,255.36761474609375,1.0,129.35977172851562,269.8720397949219,1.0,196.52447509765625,274.44378662109375,1.0
1082,171.48495483398438,206.76353454589844,1.0,165.59202575683594,235.03050231933594,1.0,144.22727966308594,223.03602600097656,1.0,130.732666015625,222.60372924804688,1.0,196.5940704345703,228.52871704101562,1.0,212.437255859375,231.78900146484375,1.0,164.66114807128906,255.20651245117188,1.0,129.05299377441406,270.13134765625,1.0,196.25852966308594,274.6105041503906,1.0
1083,168.0613250732422,206.73826599121094,1.0,162.51593017578125,234.52413940429688,1.0,141.48367309570312,224.4738006591797,1.0,128.516845703125,224.1761016845703,1.0,194.23165893554688,228.2040252685547,1.0,209.60777282714844,230.520751953125,1.0,161.91197204589844,254.72268676757812,1.0,128.0233917236328,270.9432373046875,1.0,194.6739501953125,273.9114685058594,1.0
1084,166.1825408935547,208.1737060546875,1.0,160.65687561035156,235.11451721191406,1.0,139.71812438964844,225.4198455810547,1.0,127.34768676757812,224.38307189941406,1.0,193.23794555664062,228.04505920410156,1.0,208.43698120117188,230.57240295410156,1.0,159.47837829589844,254.5958709716797,1.0,125.10950469970703,271.97210693359375,1.0,193.3231964111328,273.69110107421875,1.0
1085,165.59715270996094,208.10098266601562,1.0,160.01177978515625,235.2566680908203,1.0,139.49075317382812,225.80355834960938,1.0,126.95230865478516,224.71377563476562,1.0,192.57696533203125,228.3612518310547,1.0,208.09768676757812,230.82249450683594,1.0,158.9957733154297,255.08506774902344,1.0,125.66785430908203,270.9970703125,1.0,192.8800506591797,273.451171875,1.0
1086,165.0426788330078,208.0601348876953,1.0,159.3192901611328,235.2236328125,1.0,139.47918701171875,226.02491760253906,1.0,126.4807357788086,224.7506866455078,1.0,192.30384826660156,228.2222900390625,1.0,207.87872314453125,230.59634399414062,1.0,158.45361328125,255.09483337402344,1.0,125.20694732666016,271.1994934082031,1.0,192.61398315429688,273.8576965332031,1.0
1087,164.6631317138672,208.18142700195312,1.0,159.05587768554688,235.45498657226562,1.0,139.28553771972656,225.62918090820312,1.0,126.50432586669922,224.52821350097656,1.0,192.17645263671875,227.9906768798828,1.0,207.99673461914062,230.5828857421875,1.0,158.28184509277344,255.33274841308594,1.0,124.6294937133789,271.36712646484375,1.0,192.1905517578125,274.0848693847656,1.0
1088,164.31900024414062,208.2349853515625,1.0,158.564453125,235.65060424804688,1.0,139.192138671875,225.51806640625,1.0,126.38728332519531,224.61373901367188,1.0,191.90505981445312,228.047607421875,1.0,207.6512451171875,230.64279174804688,1.0,157.98178100585938,255.60911560058594,1.0,124.26319122314453,271.15911865234375,1.0,191.70718383789062,274.1167907714844,1.0
1089,164.02540588378906,208.1757354736328,1.0,157.92254638671875,235.6288604736328,1.0,139.0786590576172,226.31907653808594,1.0,125.85836029052734,225.04196166992188,1.0,191.35812377929688,227.9969940185547,1.0,207.5723419189453,230.80850219726562,1.0,157.404296875,255.53134155273438,1.0,123.12017822265625,271.9679870605469,1.0,190.9921875,274.447509765625,1.0
1090,163.14996337890625,208.13082885742188,1.0,156.1184539794922,235.42318725585938,1.0,138.71510314941406,226.3712921142578,1.0,125.49368286132812,225.2118682861328,1.0,190.06539916992188,228.26702880859375,1.0,206.1861114501953,230.5028076171875,1.0,155.47962951660156,256.4940185546875,1.0,121.97476959228516,271.84356689453125,1.0,190.3238983154297,274.0959167480469,1.0
1091,159.59292602539062,208.4340057373047,1.0,151.46163940429688,235.7749786376953,1.0,136.3733673095703,226.53274536132812,1.0,123.93531799316406,225.27503967285156,1.0,187.04702758789062,227.18838500976562,1.0,204.02163696289062,228.9367218017578,1.0,151.50909423828125,255.30555725097656,1.0,119.72232055664062,272.2850341796875,1.0,188.09823608398438,272.6917419433594,1.0
1092,155.56263732910156,206.7158660888672,1.0,147.1781768798828,235.36151123046875,1.0,132.64248657226562,225.659912109375,1.0,120.78302764892578,225.90150451660156,1.0,184.037353515625,226.39942932128906,1.0,201.02557373046875,228.01553344726562,1.0,146.2370147705078,254.82272338867188,1.0,117.17959594726562,270.6820373535156,1.0,183.13771057128906,273.1109619140625,1.0
1093,153.4326171875,207.10520935058594,1.0,144.16612243652344,235.6761016845703,1.0,131.21624755859375,225.76150512695312,1.0,118.46720886230469,227.21705627441406,1.0,181.31561279296875,225.87762451171875,1.0,199.05300903320312,227.2825164794922,1.0,143.97572326660156,254.80418395996094,1.0,116.19927215576172,270.8504333496094,1.0,181.78268432617188,272.9117736816406,1.0
1094,152.9289093017578,207.0953369140625,1.0,143.1980438232422,235.67547607421875,1.0,131.05569458007812,225.5818634033203,1.0,117.93022155761719,227.14947509765625,1.0,180.99969482421875,225.33168029785156,1.0,199.30711364746094,227.05369567871094,1.0,142.9410400390625,254.57760620117188,1.0,115.3676986694336,270.35101318359375,1.0,180.8234405517578,272.5288391113281,1.0
1095,152.84068298339844,206.95579528808594,1.0,143.2388153076172,235.62762451171875,1.0,130.66067504882812,225.59860229492188,1.0,117.71894073486328,227.5242919921875,1.0,180.75906372070312,225.42391967773438,1.0,199.5038604736328,227.1934356689453,1.0,143.09356689453125,254.8698272705078,1.0,115.03437042236328,270.3514404296875,1.0,180.08050537109375,272.6756896972656,1.0
1096,152.61312866210938,207.15802001953125,1.0,143.41163635253906,235.43858337402344,1.0,130.85342407226562,225.77603149414062,1.0,117.89556884765625,227.5955047607422,1.0,180.64114379882812,225.23690795898438,1.0,199.10031127929688,226.98326110839844,1.0,142.75364685058594,254.79225158691406,1.0,115.02177429199219,270.6057434082031,1.0,179.89764404296875,272.46746826171875,1.0
1097,152.3595428466797,207.33999633789062,1.0,143.2235565185547,235.6175079345703,1.0,130.44935607910156,225.94464111328125,1.0,117.44298553466797,227.9328155517578,1.0,180.54074096679688,225.32821655273438,1.0,199.2754364013672,227.4022216796875,1.0,142.46142578125,254.95114135742188,1.0,114.87952423095703,270.5945129394531,1.0,179.92202758789062,272.7655029296875,1.0
1098,152.44679260253906,207.39376831054688,1.0,143.25970458984375,235.65269470214844,1.0,130.58578491210938,225.9573974609375,1.0,117.6301040649414,227.85031127929688,1.0,180.40664672851562,225.31678771972656,1.0,199.08580017089844,227.38919067382812,1.0,142.33396911621094,255.0450439453125,1.0,114.83602905273438,270.6620788574219,1.0,179.70382690429688,272.7602844238281,1.0
1099,152.2090606689453,207.44158935546875,1.0,143.11695861816406,235.5410919189453,1.0,130.50538635253906,226.0044403076172,1.0,117.48184967041016,227.8328857421875,1.0,180.54690551757812,225.3697967529297,1.0,199.00918579101562,227.353271484375,1.0,142.14822387695312,254.94435119628906,1.0,114.68612670898438,270.632568359375,1.0,179.66798400878906,272.6582946777344,1.0
1100,151.81016540527344,207.47802734375,1.0,143.43795776367188,235.74615478515625,1.0,130.4291534423828,225.91566467285156,1.0,117.33292388916016,227.80484008789062,1.0,180.34085083007812,225.33615112304688,1.0,199.0121307373047,227.18661499023438,1.0,141.92257690429688,255.1036834716797,1.0,114.75935363769531,270.67340087890625,1.0,179.4070281982422,272.6900634765625,1.0
1101,150.71604919433594,207.71754455566406,1.0,140.25006103515625,235.70933532714844,1.0,129.0828857421875,226.22019958496094,1.0,116.41053771972656,228.1803741455078,1.0,178.13040161132812,225.6910400390625,1.0,196.1990203857422,226.44552612304688,1.0,140.0355987548828,255.59278869628906,1.0,113.34539794921875,270.7002868652344,1.0,178.13478088378906,272.2454833984375,1.0
1102,149.36502075195312,207.57574462890625,1.0,139.13636779785156,234.64111328125,1.0,127.33447265625,226.27809143066406,1.0,115.32818603515625,228.44195556640625,1.0,177.73410034179688,225.4744110107422,1.0,195.38076782226562,226.65431213378906,1.0,138.90367126464844,254.14772033691406,1.0,112.45274353027344,269.6895751953125,1.0,177.75552368164062,272.21527099609375,1.0
1103,149.0850372314453,207.4847412109375,1.0,138.494873046875,234.52642822265625,1.0,127.18243408203125,226.3505096435547,1.0,114.97112274169922,228.58273315429688,1.0,176.8052215576172,225.59262084960938,1.0,194.4584197998047,226.3480987548828,1.0,138.0616912841797,254.053955078125,1.0,112.38391876220703,269.430419921875,1.0,177.025390625,272.044921875,1.0
1104,148.19973754882812,206.30517578125,1.0,137.47279357910156,233.8123016357422,1.0,126.81086730957031,225.3323516845703,1.0,115.20713806152344,228.89041137695312,1.0,176.04747009277344,224.6103515625,1.0,194.3521270751953,225.94094848632812,1.0,136.43118286132812,253.79498291015625,1.0,111.54171752929688,268.45709228515625,1.0,176.75564575195312,271.10675048828125,1.0
1105,147.34292602539062,206.07400512695312,1.0,137.54559326171875,233.32412719726562,1.0,126.55300903320312,225.37847900390625,1.0,115.41265869140625,228.9931640625,1.0,175.95498657226562,224.2743377685547,1.0,194.0029754638672,225.5790557861328,1.0,135.4667510986328,252.88453674316406,1.0,111.14156341552734,267.82666015625,1.0,176.52108764648438,270.6036376953125,1.0
1106,146.9939422607422,205.84552001953125,1.0,137.46945190429688,232.7839813232422,1.0,126.58700561523438,225.0096893310547,1.0,115.25738525390625,229.2964324951172,1.0,175.81564331054688,223.96665954589844,1.0,193.88784790039062,225.29678344726562,1.0,135.46636962890625,251.77603149414062,1.0,111.43001556396484,267.6098937988281,1.0,175.752197265625,270.41693115234375,1.0
1107,144.93861389160156,204.93759155273438,1.0,135.66506958007812,230.7093048095703,1.0,125.23062133789062,224.73326110839844,1.0,114.7199935913086,230.0502166748047,1.0,174.0797119140625,222.8979034423828,1.0,192.96958923339844,224.5355682373047,1.0,133.07455444335938,249.58126831054688,1.0,110.20870208740234,267.191162109375,1.0,173.13352966308594,269.3894348144531,1.0
1108,137.5631866455078,202.77272033691406,1.0,128.4007110595703,228.75929260253906,1.0,121.16815185546875,223.54283142089844,0.9999792575836182,113.28224182128906,226.10308837890625,0.9999992847442627,168.31565856933594,219.69149780273438,1.0,187.6169891357422,220.61753845214844,1.0,125.21456909179688,246.78492736816406,1.0,103.415771484375,262.5242919921875,1.0,166.4611053466797,267.2854919433594,1.0
1109,132.3312530517578,198.74215698242188,1.0,115.2853012084961,224.3020782470703,1.0,114.72269439697266,213.53646850585938,0.0008573327213525772,104.62596893310547,221.81077575683594,0.000685316335875541,160.57337951660156,217.06341552734375,1.0,179.33920288085938,217.322998046875,1.0,111.80062103271484,240.11456298828125,1.0,99.9190444946289,257.95770263671875,0.9999994039535522,155.19378662109375,263.72918701171875,1.0
1110,130.71774291992188,197.18214416503906,1.0,111.03681182861328,220.4821319580078,1.0,113.70433807373047,211.7119598388672,0.001131984405219555,100.53942108154297,224.07528686523438,0.0004114262410439551,156.5607147216797,215.20156860351562,1.0,173.9528045654297,214.7421112060547,1.0,104.36014556884766,237.0670928955078,1.0,92.71763610839844,255.224365234375,0.9999994039535522,146.28799438476562,261.6983947753906,1.0
1111,131.5978546142578,195.9739532470703,1.0,109.72230529785156,217.30812072753906,1.0,145.19232177734375,216.22047424316406,0.0012886420590803027,163.70944213867188,214.50912475585938,0.00029092092881910503,155.2816162109375,214.2620391845703,1.0,171.6459197998047,213.45266723632812,1.0,102.0771484375,232.3903045654297,1.0,89.6164779663086,252.79833984375,0.9999990463256836,141.7076416015625,259.62908935546875,1.0
1112,132.11305236816406,195.9285888671875,1.0,110.41029357910156,216.21507263183594,1.0,144.77261352539062,215.8100128173828,0.0011174253886565566,193.4237518310547,213.07485961914062,0.0002552267978899181,155.82672119140625,214.24549865722656,1.0,172.08570861816406,214.41778564453125,1.0,101.81269836425781,230.9639892578125,1.0,88.59722137451172,251.26429748535156,0.9999819993972778,140.98794555664062,259.3294677734375,1.0
1113,136.1620330810547,194.04977416992188,1.0,113.73907470703125,214.5045623779297,1.0,144.07345581054688,215.87728881835938,0.0003593511937651783,189.9415740966797,211.98287963867188,0.000411196262575686,159.53955078125,214.35086059570312,1.0,175.24688720703125,215.26161193847656,1.0,104.1946792602539,230.40243530273438,1.0,89.87474822998047,250.49839782714844,0.9999871253967285,143.0573272705078,258.44989013671875,1.0
1114,138.82455444335938,193.94039916992188,1.0,115.5157699584961,213.76693725585938,1.0,110.5196533203125,210.39410400390625,0.0004889679839834571,188.22808837890625,212.14752197265625,0.0005029140156693757,161.7818145751953,214.00318908691406,1.0,176.71444702148438,215.08436584472656,1.0,106.44367218017578,229.5478973388672,1.0,92.29042053222656,249.43045043945312,0.9999988079071045,143.88226318359375,257.5398254394531,1.0
1115,139.4609832763672,194.33401489257812,1.0,116.7370376586914,213.45631408691406,1.0,111.15040588378906,210.12596130371094,0.0004124704282730818,186.33560180664062,212.5973663330078,0.00037847875501029193,162.92477416992188,213.8892364501953,1.0,178.4447784423828,216.1274871826172,1.0,107.92711639404297,229.00267028808594,1.0,93.56275939941406,248.6103057861328,0.9999991655349731,144.38519287109375,256.5597839355469,1.0
1116,140.53526306152344,194.19862365722656,1.0,117.44022369384766,212.9060516357422,1.0,165.00332641601562,213.1383056640625,0.0004979607765562832,185.88645935058594,212.4496307373047,0.0003854950482491404,163.7745361328125,213.61328125,1.0,179.6226806640625,215.65771484375,1.0,107.90284729003906,227.83241271972656,1.0,94.53277587890625,248.4073028564453,0.9999921321868896,144.49789428710938,256.46502685546875,1.0
1117,141.6560516357422,192.61700439453125,1.0,118.16175842285156,211.07386779785156,1.0,165.2822723388672,212.8500213623047,0.0006468509091064334,185.28993225097656,212.19764709472656,0.00033841049298644066,163.67813110351562,212.90899658203125,1.0,179.673583984375,214.6820526123047,1.0,108.99970245361328,226.426513671875,1.0,94.81218719482422,246.92666625976562,0.9999924898147583,144.59658813476562,256.1058349609375,1.0
1118,141.3620147705078,188.38319396972656,1.0,117.7580337524414,205.1775665283203,1.0,167.0087127685547,211.92343139648438,0.0010677919490262866,160.535400390625,216.02467346191406,0.00030260419589467347,162.90969848632812,208.47952270507812,1.0,179.35104370117188,212.83279418945312,1.0,106.82376098632812,220.98788452148438,1.0,93.3276596069336,241.42828369140625,0.9999542236328125,142.1796112060547,252.7379150390625,1.0
1119,148.12120056152344,178.99530029296875,0.9999748468399048,136.55348205566406,194.2388458251953,0.7501800060272217,85.14273834228516,186.49758911132812,6.733799818903208e-05,80.05170440673828,189.34349060058594,0.0001485761604271829,160.8959503173828,204.8837890625,0.9949953556060791,175.1420135498047,207.45497131347656,0.9999321699142456,122.14097595214844,205.4326629638672,0.9316825866699219,103.62115478515625,238.64239501953125,0.013689097948372364,143.63003540039062,251.79901123046875,0.08150681108236313
1120,139.70291137695312,183.30303955078125,0.0997282862663269,59.4848747253418,107.50569152832031,0.0009214159799739718,2.6276464462280273,169.150634765625,0.0057859704829752445,4.90531587600708,169.33787536621094,0.0021856012754142284,148.74012756347656,199.12185668945312,0.019456807523965836,161.43295288085938,199.92477416992188,0.7808027863502502,47.890159606933594,186.0581512451172,0.037016406655311584,5.674413681030273,186.76889038085938,0.08884724974632263,5.381856441497803,172.80264282226562,0.011771073564887047
1121,65.89632415771484,100.16179656982422,0.04219010844826698,74.5715103149414,150.1658477783203,0.012900182977318764,89.50397491455078,217.4844207763672,0.0018919764552265406,84.223876953125,205.83917236328125,0.0023470791056752205,109.17768859863281,236.7673797607422,0.0004407070518936962,122.93042755126953,292.5427551269531,0.006773438770323992,3.0839195251464844,313.9478759765625,0.00035082417889498174,110.294921875,218.7740478515625,0.001527111162431538,71.62835693359375,311.9732971191406,0.0017923190025612712
1122,69.46217346191406,161.7833709716797,0.9883573651313782,85.78672790527344,204.9065704345703,0.0035333619453012943,1.7439703941345215,171.5092010498047,0.00017391338769812137,2.1676454544067383,174.6859893798828,0.0006535613792948425,4.839627742767334,187.58851623535156,0.00012499616423156112,136.82827758789062,300.5732116699219,0.0012922523310407996,60.55763244628906,148.33969116210938,0.0018698053900152445,1.874901294708252,171.25775146484375,0.009970259852707386,124.89830017089844,312.45513916015625,0.0004131224995944649
1123,108.82966613769531,319.1142272949219,0.00022135768085718155,107.13179016113281,315.8166198730469,4.2976818804163486e-05,91.90705871582031,317.4628601074219,0.00011314036964904517,144.23558044433594,318.0062255859375,0.00037855541449971497,110.58157348632812,315.7456970214844,0.0002020739484578371,124.47464752197266,315.57476806640625,0.003969485871493816,91.99668884277344,315.9173583984375,0.00013084600504953414,64.20552825927734,313.6921691894531,5.4488737077917904e-05,92.54180908203125,311.9920349121094,0.00022250607435125858
1124,80.35613250732422,271.8218688964844,0.0004927717382088304,76.87246704101562,313.1525573730469,0.0003658671921584755,74.4932632446289,281.8077697753906,0.13586269319057465,67.77091217041016,276.9939880371094,0.002816357184201479,92.31708526611328,312.1617126464844,0.0004949215799570084,93.85294342041016,279.75079345703125,0.003741447813808918,78.37406921386719,314.39306640625,0.0007913855952210724,79.23985290527344,313.5026550292969,0.0005909393657930195,74.8226089477539,311.3195495605469,0.0003535871801432222
1125,110.75253295898438,320.1631774902344,0.000140160191222094,100.5657958984375,307.1493225097656,4.6128625399433076e-05,89.43254852294922,315.270751953125,2.527128890505992e-05,75.69935607910156,277.8376770019531,0.00012250228610355407,1.7969892024993896,234.92872619628906,3.059915979974903e-05,128.10955810546875,315.75604248046875,0.00016353953105863184,92.79224395751953,312.9575500488281,2.4403698262176476e-05,82.0635757446289,309.4591369628906,0.0001091775338863954,106.21192932128906,311.46832275390625,5.494174547493458e-05
1126,93.53996276855469,322.4313659667969,0.00032524444395676255,91.07489776611328,315.0729675292969,4.228683246765286e-05,92.60755157470703,316.9230041503906,0.00010191398905590177,93.67823028564453,316.3093566894531,0.00012690984294749796,92.7392807006836,318.904052734375,8.87711503310129e-05,92.51361083984375,318.0420837402344,0.00015861955762375146,90.9942626953125,312.0732727050781,6.0035567003069445e-05,96.88229370117188,312.240966796875,3.0464962037513033e-05,88.59461212158203,310.96734619140625,8.807140693534166e-05
1127,268.52032470703125,325.7471618652344,4.101495142094791e-05,138.28948974609375,125.15512084960938,1.6998945966406609e-06,204.14817810058594,317.5514831542969,1.575534224684816e-05,204.35179138183594,317.9256591796875,2.3010985387372784e-05,5.7197370529174805,227.8568115234375,2.2509137124870904e-05,284.2287902832031,317.0718688964844,2.1570474928012118e-05,0.866530179977417,202.92709350585938,8.875746971170884e-06,292.7073974609375,311.41424560546875,3.3136450383608462e-06,279.6488952636719,309.96392822265625,4.340813120506937e-06
1128,188.2667694091797,326.0564270019531,4.067083864356391e-05,170.0310821533203,317.2161560058594,3.1845722787693376e-06,171.4562530517578,317.0399169921875,1.759930091793649e-05,156.55130004882812,317.5630798339844,2.2627573343925178e-05,2.010122776031494,234.464599609375,3.918012953363359e-05,204.71463012695312,318.5458679199219,3.691175879794173e-05,1.038992166519165,203.20521545410156,1.2473459719331004e-05,194.7244415283203,311.7044677734375,3.758365210160264e-06,264.0855712890625,310.5610656738281,5.0195671974506695e-06
1129,172.6124267578125,325.1190185546875,4.455002999748103e-05,154.43138122558594,316.4390563964844,4.6339027903741226e-06,171.24790954589844,316.98712158203125,1.9672026610351168e-05,156.4501953125,317.5986633300781,3.433803794905543e-05,2.465819835662842,219.2152557373047,3.2491105230292305e-05,268.0590515136719,316.9189453125,4.448257459443994e-05,267.5668640136719,314.17431640625,1.3525936992664356e-05,194.7473907470703,311.7088623046875,3.7138845527806552e-06,264.2184753417969,310.73199462890625,1.0491282409930136e-05
1130,172.63775634765625,325.3953857421875,3.532504342729226e-05,106.99919891357422,315.70294189453125,3.6494643609330524e-06,171.5256805419922,317.0553894042969,1.098141547117848e-05,108.43502044677734,317.5095520019531,2.514781226636842e-05,5.773998737335205,227.2197723388672,1.787174005585257e-05,268.0936279296875,316.7820739746094,2.619169208628591e-05,1.0049481391906738,219.0122833251953,8.205699487007223e-06,164.62026977539062,172.7672119140625,5.660918304783991e-06,264.4078369140625,310.79876708984375,4.88993464387022e-06
1131,43.6508674621582,212.36331176757812,4.157445073360577e-05,0.4380979537963867,253.51710510253906,4.295748112781439e-06,171.18569946289062,317.8104553222656,7.296024705283344e-06,0.8541936874389648,237.70272827148438,1.112977770389989e-05,2.5069472789764404,235.0956573486328,5.3708972700405866e-05,60.62405776977539,206.9715118408203,1.2967654583917465e-05,1.5472965240478516,219.2895965576172,1.5514677215833217e-05,181.38592529296875,203.22003173828125,2.014189703913871e-06,-2.1579627990722656,250.33958435058594,4.7097319111344405e-06
1132,32.10468292236328,219.9170684814453,0.9999998807907104,22.976713180541992,256.10772705078125,0.999997615814209,5.888670921325684,247.99362182617188,0.011210543103516102,5.515918731689453,247.3415985107422,0.012768476270139217,50.25026321411133,230.83419799804688,0.9998805522918701,56.75194549560547,225.51388549804688,0.9999997615814209,23.114933013916016,272.1294860839844,0.9962887763977051,5.496037483215332,282.3062744140625,0.000245606352109462,49.10135269165039,274.67608642578125,0.9164445996284485
1133,29.951045989990234,219.4356689453125,0.9999998807907104,21.311288833618164,256.85772705078125,0.9999991655349731,6.0788469314575195,248.162353515625,0.02451733872294426,4.956281661987305,247.36822509765625,0.010934232734143734,51.4361686706543,231.7301025390625,1.0,60.65563201904297,226.07723999023438,1.0,18.219562530517578,272.31866455078125,0.08883192390203476,2.007754325866699,224.00611877441406,0.0002382578095421195,49.758270263671875,275.4054260253906,0.0016661183908581734
1134,29.61518669128418,218.43203735351562,0.9999998807907104,23.33395004272461,255.58909606933594,0.9999996423721313,5.821221351623535,247.9219207763672,0.019727978855371475,5.323361396789551,246.8779296875,0.013366349041461945,51.709896087646484,233.7688751220703,0.9996722936630249,57.98582458496094,229.273193359375,1.0,22.15363883972168,272.2809143066406,0.8065222501754761,2.160553455352783,224.2559356689453,0.000376718322513625,144.8019256591797,257.2947998046875,0.034435681998729706
1135,28.907400131225586,216.52308654785156,0.9999998807907104,23.539588928222656,252.7340545654297,0.9999998807907104,5.555520057678223,247.6184539794922,0.014958329498767853,5.085994720458984,246.63107299804688,0.00920642539858818,51.8669319152832,233.67019653320312,0.22321632504463196,56.890777587890625,229.61195373535156,1.0,22.32883644104004,270.0064697265625,0.9625284671783447,1.729961633682251,260.56256103515625,0.000283795699942857,51.250022888183594,274.2284851074219,0.005701545160263777
1136,28.86908721923828,215.3845672607422,1.0,23.311012268066406,250.99533081054688,0.9999998807907104,5.374076843261719,247.2550506591797,0.012469002977013588,4.781245708465576,246.3524169921875,0.007492071017622948,51.9355354309082,232.83468627929688,0.054639361798763275,56.009971618652344,228.9550018310547,1.0,22.207271575927734,267.9581298828125,0.9810377955436707,1.8484539985656738,260.41278076171875,0.000344219763064757,51.351417541503906,274.1335754394531,0.00720727676525712
1137,26.507787704467773,211.1172332763672,0.9999442100524902,31.050552368164062,246.0842742919922,0.14571015536785126,190.4494171142578,247.25820922851562,0.0013804591726511717,5.012334823608398,222.88792419433594,0.003909440245479345,46.43476867675781,228.75563049316406,0.0648394525051117,52.992767333984375,228.05902099609375,0.9999991655349731,209.26608276367188,242.47743225097656,0.08088787645101547,196.57073974609375,258.8604736328125,0.7859752774238586,158.24945068359375,258.0113830566406,0.0008060771506279707
1138,26.566438674926758,211.8540802001953,0.9999998807907104,22.363868713378906,243.8949737548828,0.9978898167610168,2.1985726356506348,246.22044372558594,0.007333829998970032,6.3214898109436035,222.27879333496094,0.005910881329327822,48.57654571533203,228.5052490234375,0.6699001789093018,54.14707946777344,228.00613403320312,1.0,208.58644104003906,243.02749633789062,0.02146856114268303,195.45516967773438,259.5947265625,0.39904847741127014,56.0892333984375,271.5985107421875,0.07126563042402267
1139,44.36085891723633,68.83463287353516,0.7041721940040588,49.31790542602539,116.46958923339844,0.9995219707489014,26.314437866210938,80.64559173583984,0.2420429140329361,21.859264373779297,76.10734558105469,0.7871909141540527,6.086575508117676,266.7952575683594,0.00096187210874632,177.15855407714844,235.3790283203125,0.2268795520067215,55.91548538208008,264.9481506347656,0.03094087913632393,2.3087377548217773,268.2608642578125,0.42080390453338623,61.04963302612305,271.8151550292969,0.15475991368293762
1140,4.225506782531738,200.6551055908203,0.0030836276710033417,2.819532871246338,217.9610137939453,0.0018745851702988148,0.6133508682250977,201.8149871826172,0.0011649527586996555,3.991589069366455,203.08157348632812,0.0030630764085799456,169.01345825195312,242.27598571777344,0.008321958594024181,176.72787475585938,241.56924438476562,0.8691283464431763,210.66354370117188,258.79296875,0.0024338422808796167,196.3805694580078,272.8699951171875,0.4046122133731842,0.395322322845459,212.6262664794922,0.0014543142169713974
1141,21.75946617126465,207.0679473876953,0.058205485343933105,22.308334350585938,241.86569213867188,0.5149643421173096,189.06924438476562,241.52560424804688,0.005879312288016081,38.76927947998047,215.81092834472656,0.013633579015731812,177.25079345703125,239.02719116210938,0.011503457091748714,178.26907348632812,245.3265838623047,0.763224720954895,224.98101806640625,231.0152587890625,0.0718616172671318,196.32217407226562,273.7424011230469,0.3641783595085144,224.59097290039062,256.63641357421875,0.0022896029986441135
1142,44.70661544799805,195.4247589111328,0.9999994039535522,34.45975112915039,229.3994140625,0.9999871253967285,39.71733093261719,211.20281982421875,0.21305647492408752,38.377220153808594,212.1517791748047,0.986625075340271,64.9453353881836,219.8684539794922,0.0224196407943964,66.01013946533203,220.66757202148438,0.9991719722747803,29.635889053344727,253.468994140625,0.9960636496543884,6.529707431793213,225.34979248046875,0.00038040513754822314,50.803871154785156,268.6159973144531,0.7851433157920837
1143,40.66489028930664,188.84011840820312,0.9999995231628418,29.423755645751953,225.14096069335938,0.9999386072158813,35.495208740234375,210.62757873535156,0.02229125052690506,36.423770904541016,207.71348571777344,0.15997660160064697,68.94718170166016,217.33824157714844,0.04676250368356705,65.94869232177734,216.5204620361328,0.9170393943786621,24.997478485107422,242.7825927734375,0.6861644983291626,226.5481719970703,252.5404815673828,0.0010807779617607594,49.47628402709961,261.2966613769531,0.5915354490280151
1144,38.737571716308594,189.53807067871094,1.0,27.56194305419922,225.6845245361328,0.9999992847442627,35.57412338256836,208.9199676513672,0.025847451761364937,35.39733123779297,207.94459533691406,0.07610184699296951,54.80738830566406,211.20574951171875,0.022294998168945312,61.32301330566406,212.7652130126953,0.9375145435333252,21.84149932861328,242.08502197265625,0.9961609840393066,63.56869888305664,201.9653778076172,0.00027635833248496056,47.99637985229492,260.8922119140625,0.775346577167511
1145,34.51798629760742,195.5014190673828,1.0,20.016799926757812,234.7746124267578,0.9988831877708435,24.718414306640625,211.54641723632812,0.027366064488887787,6.5663676261901855,218.80921936035156,0.01616242341697216,56.301422119140625,217.38275146484375,0.03297043964266777,55.53483581542969,214.9610595703125,0.9699242115020752,17.557090759277344,253.85816955566406,0.7400007247924805,2.082085132598877,207.26634216308594,0.0003098660381510854,41.98739242553711,260.5369873046875,0.2935062348842621
1146,22.38468360900879,213.5103759765625,0.9999996423721313,16.678665161132812,249.5184783935547,0.9996923208236694,4.715251922607422,233.5175323486328,0.00554307596758008,5.058783531188965,233.2850799560547,0.02342396415770054,9.92465591430664,238.2955322265625,0.0016034577274695039,45.048255920410156,225.94009399414062,0.9998822212219238,17.543699264526367,264.8197021484375,0.4692375361919403,3.030769109725952,222.50064086914062,0.0008888519369065762,161.05380249023438,259.29461669921875,0.9631115198135376
1147,21.470664978027344,216.56259155273438,0.9999998807907104,17.058507919311523,251.2041778564453,0.9999978542327881,3.9331717491149902,246.47048950195312,0.01259961724281311,3.73736310005188,224.149658203125,0.02868175320327282,37.310150146484375,230.81951904296875,0.005815376061946154,42.65111541748047,227.51548767089844,0.9999969005584717,17.190082550048828,267.4631042480469,0.14294669032096863,3.187764883041382,223.2122344970703,0.001061318558640778,146.54888916015625,248.3847198486328,0.4374628961086273
1148,22.450035095214844,216.02674865722656,0.9999998807907104,18.296751022338867,251.5821990966797,0.9999992847442627,3.8963732719421387,246.566162109375,0.013935127295553684,3.540436267852783,224.11326599121094,0.012922382913529873,38.620601654052734,229.05677795410156,0.02122722566127777,44.31501770019531,225.15994262695312,0.999993085861206,19.813976287841797,267.7882080078125,0.5870165228843689,2.7538094520568848,223.2647247314453,0.0007436784217134118,44.53284454345703,272.749267578125,0.02671656757593155
1149,25.62620735168457,214.11231994628906,1.0,19.086727142333984,249.78024291992188,0.9999973773956299,5.31322717666626,233.0407257080078,0.008791998028755188,4.2506914138793945,223.5676727294922,0.007650792598724365,41.099735260009766,226.7295379638672,0.03842068091034889,46.591163635253906,222.46185302734375,0.9999988079071045,22.01940155029297,264.9275817871094,0.5761266350746155,-2.414055824279785,214.0564422607422,0.0004005605005659163,45.29375076293945,268.5695495605469,0.021116171032190323
1150,28.305072784423828,211.6796875,1.0,20.94087028503418,246.4768524169922,0.9999996423721313,6.217741966247559,232.952392578125,0.02001498080790043,5.957162857055664,232.0096893310547,0.004753106273710728,46.93949508666992,221.54881286621094,0.9498235583305359,51.0595817565918,216.049560546875,0.9999998807907104,21.009944915771484,260.4907531738281,0.9327736496925354,88.50109100341797,221.93817138671875,0.0006525484495796263,49.755577087402344,261.1048583984375,0.04219384118914604
1151,27.330556869506836,205.2156219482422,0.9999998807907104,22.122081756591797,236.50405883789062,1.0,6.523935794830322,232.18310546875,0.027337269857525826,5.524901866912842,231.8035888671875,0.020991206169128418,53.483158111572266,214.95236206054688,0.7697626948356628,59.952632904052734,208.0079803466797,0.9999872446060181,20.2668514251709,250.2821807861328,0.9979498982429504,84.6221694946289,205.18690490722656,0.00184591521974653,67.76197814941406,253.36163330078125,0.09032132476568222
1152,26.840055465698242,197.77809143066406,1.0,20.24745750427246,229.84173583984375,1.0,7.169841766357422,217.21681213378906,0.024017155170440674,4.82853889465332,230.14639282226562,0.010023909620940685,60.093936920166016,207.56324768066406,0.9755648374557495,68.24908447265625,201.73165893554688,0.9970123767852783,18.201637268066406,245.9939422607422,0.9997910857200623,40.80949401855469,264.55291748046875,0.006109911482781172,69.56434631347656,251.60894775390625,0.776479184627533
1153,26.01595687866211,191.5388641357422,0.9999997615814209,19.188472747802734,223.9996795654297,0.9999996423721313,17.03132438659668,210.4027557373047,0.02163255400955677,5.9919328689575195,216.5077362060547,0.02726391889154911,60.940399169921875,202.56356811523438,0.9572131037712097,70.5121841430664,196.40768432617188,0.9869658946990967,16.71249771118164,243.20932006835938,0.9400149583816528,44.472015380859375,264.1109924316406,0.009229615330696106,70.35406494140625,250.1173095703125,0.6907145977020264
1154,27.950359344482422,182.50047302246094,1.0,19.967178344726562,217.05288696289062,0.9999997615814209,7.638772010803223,201.84002685546875,0.012225418351590633,5.329643249511719,214.33319091796875,0.020313313230872154,57.58380126953125,195.2947540283203,0.08262121677398682,64.80797576904297,190.23780822753906,0.9993883371353149,15.444643020629883,232.74977111816406,0.6038790941238403,1.5272717475891113,225.85353088378906,0.0010734591633081436,70.89966583251953,244.64788818359375,0.8180308938026428
1155,27.92005729675293,176.8622589111328,1.0,19.281742095947266,212.7344970703125,0.9999974966049194,7.699919700622559,200.93995666503906,0.00972587987780571,5.94216775894165,201.50389099121094,0.04384416341781616,61.02281951904297,193.624755859375,0.10227940231561661,68.66975402832031,186.43511962890625,0.9999256134033203,14.702945709228516,229.18370056152344,0.3049655854701996,42.129756927490234,250.17800903320312,0.0011333924485370517,69.2712631225586,244.0625762939453,0.6318557858467102
1156,22.121854782104492,177.05224609375,0.9999974966049194,17.60034942626953,211.69580078125,0.8966767191886902,3.774484157562256,188.8230438232422,0.0024221923667937517,3.266083240509033,202.16812133789062,0.01138242892920971,58.36359786987305,193.09835815429688,0.0009811288909986615,64.3908462524414,187.544189453125,0.9978711605072021,6.906679630279541,220.58740234375,0.05717044696211815,37.406070709228516,246.40261840820312,0.0036565111950039864,72.5837173461914,245.9782257080078,0.20909248292446136
1157,14.258833885192871,191.9266815185547,0.9999287128448486,10.21154499053955,225.46078491210938,0.34312382340431213,2.2082958221435547,203.77565002441406,0.004068894777446985,1.7482151985168457,205.38780212402344,0.009158837608993053,40.96272277832031,204.32073974609375,0.013866321183741093,52.449623107910156,200.3353729248047,0.8863676190376282,6.314484596252441,250.2022247314453,0.05866003781557083,1.5797107219696045,188.6417236328125,0.0026629483327269554,42.30070114135742,254.17213439941406,0.01386396773159504
1158,16.22429084777832,196.8165740966797,0.9999995231628418,13.451460838317871,235.42404174804688,0.9999706745147705,4.828260898590088,217.93209838867188,0.012322465889155865,2.9193918704986572,219.16099548339844,0.03682004660367966,53.49538803100586,209.33676147460938,0.08082796633243561,58.19707107543945,203.02381896972656,0.9955787062644958,13.463787078857422,251.1266632080078,0.9887877106666565,1.868330478668213,189.41331481933594,0.0035001756623387337,64.77758026123047,256.0054931640625,0.5768197178840637
1159,26.703323364257812,206.555419921875,0.9567034244537354,22.66463851928711,239.43142700195312,0.9999415874481201,3.292602300643921,247.64122009277344,0.0041847191751003265,3.5204548835754395,234.62005615234375,0.036489810794591904,36.0333251953125,231.2761993408203,0.0007281686994247139,69.49705505371094,210.12130737304688,0.017175355926156044,22.16339874267578,255.9930877685547,0.8741342425346375,2.625800848007202,255.6795654296875,0.001413864316418767,73.7264175415039,257.3913879394531,0.6722398996353149
1160,124.38407135009766,2.0261988639831543,0.2103295773267746,127.244384765625,23.601699829101562,0.04169587418437004,122.67515563964844,4.323971748352051,0.020172812044620514,128.8837890625,2.034679889678955,0.07822782546281815,128.17327880859375,3.0207390785217285,0.0021287458948791027,128.34881591796875,1.1315534114837646,0.01116972230374813,139.70628356933594,3.050516128540039,0.003224473213776946,102.80802917480469,64.44738006591797,0.0025857952423393726,125.36604309082031,2.2448527812957764,0.004298761487007141
1161,126.11890411376953,0.5480034351348877,0.01887550577521324,94.27902221679688,107.621337890625,0.04793104529380798,66.14407348632812,240.95123291015625,0.03770693764090538,129.90533447265625,0.4720795154571533,0.031375810503959656,189.57054138183594,2.459096908569336,0.0018760907696560025,158.87034606933594,231.63665771484375,0.8699465394020081,92.59152221679688,2.2334067821502686,0.011750473640859127,196.87957763671875,142.7125244140625,0.012716791592538357,108.76786804199219,153.20277404785156,0.13217340409755707
1162,171.2548828125,110.09502410888672,0.0019323527812957764,186.35781860351562,31.430130004882812,0.0054044644348323345,92.2275619506836,244.76771545410156,0.00037111309939064085,194.68667602539062,-0.9236922264099121,0.00027366375434212387,162.31857299804688,204.88180541992188,0.0003098509623669088,183.76138305664062,234.7620391845703,0.020018842071294785,169.43804931640625,70.9459228515625,0.0007986321579664946,112.56853485107422,311.6723327636719,0.00010226328595308587,106.08609771728516,311.5823974609375,0.004237733781337738
1163,186.80133056640625,1.9535937309265137,0.014326637610793114,172.46568298339844,29.115196228027344,0.021802401170134544,185.5270233154297,4.71208381652832,0.0022803694009780884,179.19288635253906,1.5707595348358154,0.02582976035773754,243.03164672851562,128.16546630859375,0.0009597273310646415,242.7042236328125,116.66815185546875,0.00813490990549326,187.68994140625,70.64839172363281,0.5335607528686523,230.31195068359375,164.61190795898438,0.8371628522872925,263.75115966796875,166.59393310546875,0.0765611007809639
1164,210.44798278808594,111.21265411376953,0.00029811274725943804,214.54161071777344,167.8003387451172,0.0007800979656167328,171.71932983398438,315.50750732421875,9.565113577991724e-05,190.19773864746094,1.5015699863433838,0.00032812534482218325,172.10325622558594,314.5833740234375,0.00010713756637414917,225.06985473632812,131.52694702148438,0.003206147812306881,193.41519165039062,219.338623046875,0.0015239089261740446,177.01023864746094,221.3028106689453,0.0037123782094568014,172.31298828125,310.59814453125,0.0019047100795432925
1165,141.17388916015625,1.9884779453277588,0.045315761119127274,139.4232940673828,2.8111958503723145,0.011745419353246689,186.13922119140625,2.0503129959106445,0.002929332433268428,115.31310272216797,1.773561716079712,0.011448848992586136,162.19273376464844,24.373960494995117,0.005883452948182821,190.9951934814453,1.6395516395568848,0.0036466936580836773,116.1136474609375,25.836788177490234,0.08171319961547852,105.1997299194336,42.74628448486328,0.0030496539548039436,173.9180450439453,2.945603609085083,0.0010360452579334378
1166,202.56417846679688,2.152517557144165,0.03604625537991524,157.3965301513672,2.271125078201294,0.016539713367819786,153.35682678222656,95.93870544433594,0.9895588159561157,147.02963256835938,101.2603759765625,0.996397852897644,193.3527374267578,23.263111114501953,0.022858399897813797,160.58517456054688,2.194505214691162,0.003784630447626114,175.5069122314453,283.59857177734375,0.8112527132034302,161.3131103515625,121.83120727539062,0.9319390654563904,198.24851989746094,295.1547546386719,0.9753797054290771
1167,131.97547912597656,184.19142150878906,0.9996981620788574,116.15142822265625,221.43292236328125,0.9934752583503723,109.27632141113281,202.81900024414062,1.0,100.0047378540039,197.50006103515625,1.0,131.21612548828125,214.26763916015625,0.1257171481847763,154.0564422607422,200.3963165283203,0.04191260784864426,119.52998352050781,238.85455322265625,0.9718197584152222,94.95602416992188,250.85594177246094,0.9999231100082397,150.12857055664062,253.17494201660156,0.06724105030298233
1168,113.97700500488281,184.9803924560547,1.0,103.34420013427734,216.9102783203125,0.9999284744262695,91.0499496459961,206.1209716796875,1.0,79.56047821044922,206.09103393554688,1.0,146.47808837890625,206.6064453125,0.9999998807907104,163.878173828125,203.9707489013672,1.0,102.2630386352539,238.77272033691406,0.9998787641525269,79.19985961914062,253.01617431640625,0.9999884366989136,137.32498168945312,262.01361083984375,0.9999994039535522
1169,80.82414245605469,189.31997680664062,0.9999990463256836,69.10726928710938,224.15390014648438,0.998603880405426,70.23886108398438,209.45777893066406,0.5314082503318787,61.331607818603516,215.24806213378906,0.27944353222846985,126.83563232421875,208.63412475585938,0.6803138852119446,139.07516479492188,201.92987060546875,0.9997860789299011,72.78602600097656,242.5251922607422,0.959378182888031,68.91393280029297,261.4145202636719,0.9647781252861023,123.2658920288086,260.2270202636719,0.999975323677063
1170,68.00785827636719,195.45465087890625,1.0,59.517425537109375,229.61782836914062,0.9999998807907104,57.652992248535156,217.4367218017578,0.31759926676750183,49.06358337402344,221.49981689453125,0.3443155884742737,105.53695678710938,209.117919921875,1.0,121.35369873046875,205.54249572753906,1.0,60.693721771240234,251.960693359375,0.9999918937683105,51.891109466552734,268.49212646484375,0.9989138841629028,109.82955169677734,263.3581237792969,0.9999998807907104
1171,68.23329162597656,196.8606719970703,1.0,61.15744400024414,230.42767333984375,1.0,58.3096809387207,217.7126007080078,0.9488235712051392,50.1052131652832,222.34925842285156,0.6428809762001038,105.29907989501953,210.1534881591797,1.0,121.53296661376953,206.68214416503906,1.0,61.27257537841797,252.7480010986328,0.9999979734420776,52.044090270996094,268.41448974609375,0.9979766011238098,109.5162353515625,264.81134033203125,0.9999997615814209
1172,69.66969299316406,196.34884643554688,1.0,61.06330490112305,231.04244995117188,1.0,58.51239013671875,216.0249481201172,0.9965761303901672,50.280845642089844,219.98851013183594,0.6471986174583435,106.58428192138672,209.73556518554688,1.0,123.09383392333984,206.89312744140625,1.0,61.842529296875,252.94017028808594,0.9999916553497314,51.99321746826172,268.7121887207031,0.9989252686500549,110.49714660644531,265.18194580078125,0.9999998807907104
1173,69.97657012939453,195.4856719970703,1.0,60.956302642822266,230.84902954101562,1.0,58.14769744873047,215.2058868408203,0.9998370409011841,50.81178665161133,219.62953186035156,0.8789383769035339,106.99407196044922,209.10780334472656,1.0,123.92232513427734,206.64743041992188,1.0,61.36566925048828,252.66090393066406,0.9999957084655762,51.55774688720703,268.449951171875,0.9997096657752991,111.3916015625,265.3663024902344,0.9999998807907104
1174,71.73237609863281,195.00572204589844,1.0,61.724239349365234,231.39154052734375,1.0,58.435665130615234,214.90834045410156,0.9999972581863403,51.654117584228516,219.27430725097656,0.9601426720619202,109.14574432373047,209.1630859375,1.0,125.94448852539062,206.01116943359375,1.0,61.8888053894043,253.947265625,0.9999891519546509,52.286197662353516,268.49176025390625,0.9989903569221497,112.85093688964844,266.4212341308594,1.0
1175,76.01519775390625,194.33033752441406,1.0,65.970458984375,229.7704315185547,0.9999998807907104,63.01875686645508,213.9574737548828,0.9999995231628418,55.152191162109375,215.5206298828125,0.9061301946640015,113.3804931640625,209.42465209960938,1.0,130.62088012695312,206.3079376220703,1.0,66.37016296386719,249.76937866210938,0.9999969005584717,56.54205322265625,267.0342102050781,0.9999784231185913,117.17451477050781,265.70806884765625,1.0
1176,80.05135345458984,195.28878784179688,1.0,71.42752075195312,230.88558959960938,1.0,67.27654266357422,216.7452392578125,0.9999966621398926,59.647823333740234,219.05062866210938,0.9912420511245728,117.4332275390625,210.69017028808594,1.0,135.86773681640625,207.51483154296875,1.0,73.92028045654297,251.4716033935547,0.9999996423721313,62.066429138183594,267.3662414550781,0.9999995231628418,118.70594024658203,266.71990966796875,1.0
1177,76.21381378173828,194.9043426513672,1.0,68.56366729736328,228.39479064941406,0.9999998807907104,65.7138442993164,213.55067443847656,0.030848316848278046,53.450157165527344,219.0255889892578,0.2166510671377182,115.55694580078125,208.78855895996094,1.0,132.68894958496094,204.8656768798828,1.0,69.35419464111328,250.55911254882812,0.9999980926513672,61.643959045410156,267.3682556152344,0.9999903440475464,117.67344665527344,264.9454345703125,1.0
1178,74.1033706665039,193.38787841796875,1.0,67.61028289794922,225.88607788085938,1.0,63.76261901855469,215.43109130859375,0.23422926664352417,53.01934051513672,218.2791748046875,0.028218837454915047,113.33470153808594,205.21026611328125,1.0,129.36192321777344,201.10667419433594,1.0,68.30033874511719,248.94854736328125,0.9999992847442627,59.913246154785156,265.4324645996094,0.9999357461929321,115.84020233154297,261.5611877441406,1.0
1179,85.18389892578125,187.58177185058594,1.0,76.49726867675781,220.42591857910156,0.9999998807907104,73.85009002685547,211.11192321777344,0.4679580330848694,66.3822250366211,215.24560546875,0.5230003595352173,122.44055938720703,202.1549530029297,1.0,141.48316955566406,198.4552459716797,1.0,77.53182220458984,239.14378356933594,0.9999978542327881,67.45332336425781,259.6347961425781,0.9999979734420776,122.56436920166016,259.55816650390625,0.9999998807907104
1180,100.69815826416016,183.8446502685547,1.0,93.9795150756836,216.5256805419922,0.9999988079071045,83.67877197265625,205.8607635498047,1.0,71.75261688232422,208.91204833984375,1.0,135.90240478515625,201.28553771972656,1.0,154.788818359375,197.9931182861328,1.0,93.68567657470703,237.84115600585938,0.9999878406524658,73.69209289550781,253.22052001953125,0.9999843835830688,135.07066345214844,255.5233917236328,0.9999991655349731
1181,109.0481185913086,183.0851287841797,1.0,104.2390365600586,216.1427001953125,0.9999998807907104,89.70320892333984,204.35842895507812,1.0,77.28580474853516,206.06884765625,1.0,141.78721618652344,201.59925842285156,1.0,161.2625274658203,200.07273864746094,1.0,104.33685302734375,238.5957794189453,0.9999948740005493,79.4806137084961,256.1609802246094,0.9999996423721313,141.6718292236328,259.30780029296875,0.9999979734420776
1182,111.39280700683594,181.2209014892578,1.0,106.52709197998047,217.66696166992188,0.9999997615814209,90.9697036743164,202.47731018066406,1.0,78.28995513916016,204.65565490722656,1.0,143.55873107910156,201.51341247558594,1.0,163.0907440185547,199.69078063964844,1.0,106.1436767578125,240.0977783203125,0.9999967813491821,81.23772430419922,254.1260223388672,0.9999995231628418,144.8831329345703,260.161376953125,0.999996542930603
1183,113.88345336914062,179.9049072265625,1.0,106.4790267944336,216.5193634033203,0.9999992847442627,91.36881256103516,200.9286651611328,1.0,79.80933380126953,203.18658447265625,1.0,145.21237182617188,200.97288513183594,1.0,164.7117156982422,199.3552703857422,1.0,107.4485855102539,239.87229919433594,0.9999927282333374,82.39096069335938,253.52842712402344,0.9999994039535522,146.3561248779297,259.19305419921875,0.9999740123748779
1184,125.02542877197266,177.8881072998047,1.0,125.42642211914062,208.51123046875,0.9999793767929077,102.14187622070312,198.71621704101562,1.0,89.97775268554688,200.47442626953125,1.0,155.10533142089844,199.1549530029297,1.0,173.90028381347656,199.10784912109375,1.0,121.52214050292969,228.08169555664062,0.9823349714279175,91.34403991699219,251.71051025390625,0.998757004737854,152.2478790283203,252.52639770507812,0.9994981288909912
1185,133.27040100097656,179.58804321289062,1.0,125.81725311279297,212.04090881347656,0.9999994039535522,108.51011657714844,199.35360717773438,1.0,96.30830383300781,199.03836059570312,1.0,162.43740844726562,202.72976684570312,1.0,183.25489807128906,203.16851806640625,1.0,124.54691314697266,234.9778594970703,0.9999889135360718,95.76691436767578,251.75054931640625,0.9999953508377075,156.93638610839844,261.5277404785156,0.9999672174453735
1186,147.55287170410156,182.64111328125,1.0,134.94931030273438,211.04171752929688,0.9999949932098389,120.25147247314453,201.08985900878906,1.0,108.20972442626953,199.1708984375,1.0,173.55050659179688,207.02978515625,1.0,193.6328887939453,209.4246826171875,1.0,130.91322326660156,231.4318084716797,0.9999628067016602,101.58525848388672,252.9920196533203,0.9997231364250183,163.7198028564453,264.3744201660156,0.99998939037323
1187,153.44070434570312,186.84376525878906,1.0,136.6311798095703,215.08399963378906,0.9999998807907104,126.65139770507812,202.63929748535156,1.0,114.6130142211914,198.8254852294922,1.0,179.8568572998047,212.01780700683594,1.0,197.82301330566406,214.77325439453125,1.0,131.27947998046875,233.65150451660156,0.9999997615814209,103.426025390625,249.02149963378906,0.9999947547912598,165.01675415039062,265.6478576660156,1.0
1188,158.1403350830078,190.54556274414062,1.0,137.81129455566406,216.8011932373047,1.0,132.24998474121094,204.25999450683594,1.0,119.14598083496094,200.3389129638672,1.0,184.61167907714844,216.1435546875,1.0,201.76243591308594,220.12216186523438,1.0,132.07037353515625,234.09056091308594,1.0,105.55416107177734,248.06857299804688,0.9999996423721313,164.02598571777344,265.87298583984375,1.0
1189,164.32383728027344,192.7592315673828,1.0,143.6798858642578,216.94322204589844,1.0,137.83236694335938,203.82223510742188,1.0,127.10690307617188,199.76646423339844,1.0,189.4740753173828,219.12509155273438,1.0,207.11483764648438,223.86204528808594,1.0,135.8391571044922,233.8376007080078,0.9999998807907104,107.8409423828125,244.20985412597656,0.9999997615814209,165.58702087402344,265.410400390625,1.0
1190,174.78309631347656,194.27499389648438,1.0,150.96142578125,217.47579956054688,1.0,148.8247528076172,203.55653381347656,1.0,137.3209686279297,198.2135467529297,1.0,196.62762451171875,222.42001342773438,1.0,213.7326202392578,228.446044921875,1.0,142.15170288085938,232.61476135253906,0.9999998807907104,114.21895599365234,240.18309020996094,0.9994887113571167,170.8694610595703,266.1022033691406,0.999980092048645
1191,177.24501037597656,195.60536193847656,1.0,151.5550994873047,218.74403381347656,1.0,153.43209838867188,202.29653930664062,1.0,142.5961456298828,195.01475524902344,1.0,199.1054229736328,226.14837646484375,1.0,216.43817138671875,232.85382080078125,1.0,140.81979370117188,233.71044921875,0.9999969005584717,115.85527038574219,235.32749938964844,0.985400378704071,171.72401428222656,267.3737487792969,0.9971965551376343
1192,171.73130798339844,197.66575622558594,1.0,144.98440551757812,221.4185333251953,0.9999998807907104,149.2590789794922,204.85089111328125,0.9999988079071045,139.029052734375,198.51727294921875,0.9985160231590271,193.73556518554688,229.94171142578125,1.0,210.6064910888672,234.7462158203125,1.0,132.85012817382812,238.14874267578125,0.9999682903289795,110.2646255493164,241.47569274902344,0.39744794368743896,165.2712860107422,268.4397888183594,0.9995940327644348
1193,146.4280242919922,199.79278564453125,0.9999986886978149,117.04175567626953,224.34613037109375,0.9999113082885742,124.23799133300781,212.17544555664062,0.013454148545861244,118.68423461914062,209.9645233154297,0.22918549180030823,175.15664672851562,230.68370056152344,0.013281896710395813,184.24456787109375,234.0162811279297,0.99991774559021,103.19542694091797,250.9719696044922,0.5756415724754333,216.46055603027344,235.70294189453125,0.00016059221525210887,135.59051513671875,270.1821594238281,0.6813545227050781
1194,127.01105499267578,205.26730346679688,1.0,100.81075286865234,231.6361541748047,1.0,104.1041488647461,217.53765869140625,0.002798605477437377,98.80642700195312,218.64242553710938,0.0030652175191789865,150.14404296875,238.76254272460938,0.9491682052612305,161.74810791015625,237.5913848876953,1.0,90.30211639404297,249.1895294189453,0.9999840259552002,182.5077667236328,234.97183227539062,9.185600356431678e-05,121.0648193359375,276.6080627441406,0.9603694081306458
1195,108.61128234863281,206.95046997070312,1.0,87.93983459472656,234.75132751464844,1.0,89.68099975585938,221.1520538330078,0.0020101021509617567,85.02703857421875,226.2627410888672,0.0048071169294416904,130.98175048828125,238.63157653808594,0.7562494277954102,140.7425994873047,238.08961486816406,0.9999994039535522,78.66771697998047,254.04322814941406,0.9999102354049683,186.83737182617188,254.25503540039062,0.00014701427426189184,102.24388885498047,274.1386413574219,0.9021969437599182
1196,100.48370361328125,206.549072265625,1.0,82.34748840332031,235.07730102539062,1.0,82.90678405761719,222.5402069091797,0.0031700299587100744,66.66791534423828,208.9263458251953,0.0013210757169872522,119.41282653808594,236.18016052246094,0.9453639984130859,128.29925537109375,236.94580078125,1.0,73.57872009277344,257.986083984375,0.9999841451644897,151.6201171875,236.51002502441406,0.00017664908955339342,94.59782409667969,274.01702880859375,0.990880012512207
1197,95.57442474365234,203.781005859375,1.0,80.1327133178711,236.0342254638672,0.9999971389770508,78.68309020996094,218.55642700195312,0.00261034001596272,83.35566711425781,222.16293334960938,0.0008763445075601339,109.43247985839844,223.4111785888672,0.9225423336029053,117.73616027832031,218.8287353515625,0.9053326845169067,73.03226470947266,256.952392578125,0.9996241331100464,113.38591003417969,258.73577880859375,0.00020157131075393409,90.0299301147461,266.26068115234375,0.9982154369354248
1198,101.19537353515625,204.1516571044922,0.9999895095825195,104.88509368896484,220.4550018310547,0.968858540058136,98.96286010742188,217.1991424560547,0.6882554888725281,96.37718963623047,219.30123901367188,0.9798705577850342,116.01776123046875,211.47634887695312,0.47698497772216797,116.97489166259766,212.2005157470703,0.10809145867824554,104.06074523925781,228.65538024902344,0.000494601612444967,113.4636001586914,242.40769958496094,0.0004623738641384989,154.70663452148438,248.01333618164062,0.000983437173999846
1199,204.85984802246094,305.07537841796875,1.3328753993846476e-05,139.22848510742188,248.80894470214844,7.046682731015608e-05,176.1852264404297,249.75381469726562,2.2817723220214248e-05,158.65513610839844,230.19859313964844,4.260734567651525e-05,1.882192611694336,234.63363647460938,1.3824603229295462e-05,171.8675994873047,250.18441772460938,2.4834344003465958e-05,136.175537109375,247.87301635742188,2.561935252742842e-05,212.3079833984375,256.9299011230469,0.0012142898049205542,123.0520248413086,247.24362182617188,0.0003078607260249555
1200,187.65484619140625,194.9102325439453,3.8363872590707615e-05,121.4846420288086,250.1175537109375,1.026449172059074e-05,176.28224182128906,251.2623748779297,5.0842823839047924e-05,157.8822021484375,252.0252227783203,5.80736632400658e-05,1.9555349349975586,234.79574584960938,1.626012999622617e-05,170.71214294433594,251.4652557373047,3.549709799699485e-05,1.019324541091919,252.59033203125,1.2720976883429103e-05,200.97247314453125,249.29660034179688,2.522977410990279e-05,120.40829467773438,256.0562744140625,0.005640049465000629
1201,185.6600799560547,191.63694763183594,4.4072283344576135e-05,217.58660888671875,250.62826538085938,1.6928532204474322e-05,179.38966369628906,290.61846923828125,2.5176681447192095e-05,148.0826416015625,219.6708221435547,1.0959611245198175e-05,1.872828483581543,234.85121154785156,1.4421400919673033e-05,192.86895751953125,294.5238342285156,7.1145450419862755e-06,216.84056091308594,248.82888793945312,1.864081059466116e-05,176.7890625,258.06109619140625,0.0006753500201739371,215.14141845703125,247.21340942382812,0.00022699507826473564
1202,203.7907257080078,324.5553283691406,2.4655166271259077e-05,169.51719665527344,316.4520568847656,5.345302724890644e-06,172.52903747558594,316.09381103515625,1.1747973985620774e-05,157.54147338867188,316.2161560058594,2.0679748558904976e-05,2.079897880554199,234.7859649658203,8.418294783041347e-06,156.27279663085938,318.0615539550781,2.0304330973885953e-05,155.82681274414062,314.5619812011719,1.0271013707097154e-05,194.26412963867188,187.5654754638672,3.587146693462273e-06,-2.61346435546875,249.91839599609375,2.7114592739962973e-06
1203,204.67431640625,326.6549377441406,3.2823056244524196e-05,106.66128540039062,316.1112060546875,2.3131783564167563e-06,204.27328491210938,318.1319580078125,9.293540642829612e-06,204.9047393798828,317.7615661621094,1.6291111023747362e-05,2.4773502349853516,234.32550048828125,8.244944183388725e-06,204.64649963378906,319.3253173828125,2.094063711410854e-05,1.2924308776855469,219.2918701171875,9.333616617368534e-06,210.97628784179688,313.0101318359375,1.7201618902618065e-06,-1.3439550399780273,216.5116424560547,3.6908386391587555e-06
1204,204.37998962402344,326.4111633300781,3.838821066892706e-05,170.21432495117188,318.1109619140625,3.3158264614030486e-06,172.3029022216797,317.159912109375,2.0549192413454875e-05,172.60882568359375,317.2141418457031,2.848363874363713e-05,204.55160522460938,319.6134033203125,8.489128049404826e-06,204.9796142578125,318.7767333984375,2.5135273972409777e-05,1.308241605758667,219.066650390625,9.967160622181837e-06,164.32876586914062,312.1726989746094,2.9263976557558635e-06,-1.4415082931518555,216.56895446777344,3.7228205655992497e-06
1205,204.53529357910156,326.10302734375,4.320640800870024e-05,201.4582061767578,174.63345336914062,3.6152223401586525e-06,172.4189910888672,317.4468994140625,1.7773347281035967e-05,156.69378662109375,317.4491271972656,3.1951265555107966e-05,204.6468963623047,319.2950134277344,1.0594691957521718e-05,269.0605773925781,317.7376708984375,3.0391109248739667e-05,203.82777404785156,315.04833984375,8.528571925126016e-06,223.54994201660156,172.84814453125,3.775893219426507e-06,40.35551071166992,220.13621520996094,3.4521185625635553e-06
1206,204.42864990234375,326.2591247558594,3.4273325582034886e-05,201.5605010986328,174.4788055419922,7.371783794951625e-06,156.47193908691406,316.4964904785156,1.7493062841822393e-05,156.9684295654297,317.1087341308594,3.235545591451228e-05,155.3262939453125,317.8717956542969,1.0864125215448439e-05,156.16127014160156,317.7179870605469,3.358766116434708e-05,156.17112731933594,314.4429016113281,1.185863402497489e-05,177.24542236328125,201.02890014648438,5.453307949210284e-06,151.8520050048828,311.2273864746094,3.1491795198235195e-06
1207,172.77867126464844,325.4896545410156,2.498566755093634e-05,218.4337158203125,176.3680419921875,1.7885193301481195e-05,124.70928955078125,316.3036804199219,9.644747478887439e-06,157.3323974609375,317.3482971191406,1.64279954333324e-05,171.84474182128906,318.6656188964844,7.2237780841533095e-06,156.243896484375,317.82391357421875,1.8559250747784972e-05,1.0443191528320312,252.6743621826172,1.0677419595594984e-05,191.4261016845703,201.76841735839844,6.889861106174067e-05,-2.327507972717285,250.1540985107422,3.222860641471925e-06
1208,200.59429931640625,176.29876708984375,5.880217577214353e-05,217.53768920898438,175.84373474121094,7.933093729661778e-05,172.5525360107422,316.546630859375,7.852564522181638e-06,124.99525451660156,317.4706726074219,1.3397660040936898e-05,171.80148315429688,318.3736572265625,7.443927643180359e-06,202.9462127685547,179.0171661376953,3.147152528981678e-05,205.01971435546875,172.76939392089844,1.7123094949056394e-05,191.96006774902344,186.23887634277344,3.3081556466640905e-05,203.08462524414062,170.00201416015625,1.8545220882515423e-05
1209,187.38558959960938,178.24151611328125,2.3228731151903048e-05,202.4171600341797,175.80252075195312,4.247452307026833e-05,125.277587890625,316.2208557128906,6.006632702337811e-06,125.14826965332031,317.3108825683594,1.181782045023283e-05,2.3920955657958984,234.3022918701172,6.584251877939096e-06,156.4982147216797,317.6725769042969,1.253848404303426e-05,1.1854028701782227,252.49935913085938,8.383812200918328e-06,191.06178283691406,172.51377868652344,8.274222636828199e-06,187.2414093017578,169.39991760253906,7.195237685664324e-06
1210,187.5743408203125,184.74642944335938,3.610300336731598e-05,190.4303436279297,186.7783203125,2.959770972665865e-05,204.1824188232422,317.2029724121094,3.817917786363978e-06,-1.0676970481872559,223.48719787597656,8.253425221482757e-06,2.2785699367523193,234.30160522460938,7.130488029361004e-06,220.86831665039062,318.5719299316406,7.905650818429422e-06,189.7751007080078,172.61061096191406,9.516723366687074e-06,190.26028442382812,187.59814453125,7.030151755316183e-05,186.40914916992188,185.27967834472656,4.650476694223471e-05
1211,204.33950805664062,325.3847351074219,3.174488665536046e-05,172.08074951171875,202.33055114746094,7.236948022182332e-06,156.455322265625,316.1301574707031,1.0141571692656726e-05,204.72598266601562,317.1839904785156,1.9121987861581147e-05,203.7362518310547,319.0008544921875,9.623953701520804e-06,204.98609924316406,318.984130859375,1.9159133444190957e-05,204.04788208007812,314.5165710449219,9.705069714982528e-06,192.7797393798828,172.81141662597656,5.929976850893581e-06,171.63111877441406,200.25704956054688,5.0294720495003276e-06
1212,204.8038787841797,325.85223388671875,3.930819366360083e-05,202.35353088378906,317.2690734863281,3.4499230423534755e-06,203.806640625,317.68756103515625,1.803598934202455e-05,204.46043395996094,317.6675109863281,2.2645706849289127e-05,204.6034698486328,319.3697814941406,1.091349076887127e-05,205.16476440429688,318.9152526855469,2.9454135074047372e-05,203.70188903808594,314.9635925292969,1.4161011677060742e-05,117.53314208984375,248.50135803222656,3.1315071282733697e-06,264.1324157714844,310.77581787109375,3.674231265904382e-06
1213,172.9298553466797,325.23785400390625,3.654096508398652e-05,170.57467651367188,317.7257995605469,2.99441830975411e-06,172.0709228515625,317.5300598144531,1.9599743609433062e-05,172.64068603515625,317.6166687011719,3.072029721806757e-05,6.619880676269531,227.12478637695312,1.3386473256105091e-05,205.0478973388672,318.7005615234375,2.8761482099071145e-05,1.253387451171875,219.26470947265625,1.4787808140681591e-05,194.79830932617188,312.0602722167969,2.7455203053250443e-06,264.5427551269531,310.36151123046875,6.2729914134251885e-06
1214,173.0789794921875,325.31341552734375,3.564503276720643e-05,170.59066772460938,317.84521484375,2.395821411482757e-06,172.15890502929688,317.72613525390625,1.818098098738119e-05,172.6519012451172,317.8384094238281,2.3760079784551635e-05,6.375157356262207,227.224609375,1.161367617896758e-05,204.85743713378906,318.7257995605469,1.923085073940456e-05,1.0861632823944092,219.3579559326172,1.079608227883e-05,194.691650390625,311.9883117675781,2.648802592375432e-06,264.01287841796875,310.77178955078125,4.373961473902455e-06
1215,187.10279846191406,162.54559326171875,8.693220297573134e-05,186.92079162597656,125.56675720214844,7.712501428613905e-06,203.78286743164062,317.6145324707031,1.4024145457369741e-05,203.57302856445312,317.3876953125,1.659985900914762e-05,205.27169799804688,318.9112854003906,8.220644303946756e-06,205.48548889160156,318.4089050292969,1.996843820961658e-05,1.1198015213012695,219.31272888183594,7.002135134825949e-06,190.536376953125,171.46095275878906,7.314758022403112e-06,-1.6151204109191895,216.5101318359375,2.1061350707896054e-06
1216,204.97042846679688,325.99176025390625,2.7851125196320936e-05,201.98318481445312,141.2681121826172,5.009553206036799e-06,203.64373779296875,318.3506164550781,5.93283857597271e-06,203.64404296875,317.82489013671875,9.676798981672619e-06,2.237060546875,234.36114501953125,7.844540959922597e-06,205.33209228515625,318.13531494140625,1.15350958367344e-05,204.0614776611328,314.8609313964844,6.1529640333901625e-06,210.5310516357422,312.5572509765625,1.5349494333349867e-06,-2.7947440147399902,232.91432189941406,2.0997977117076516e-06
1217,185.2267608642578,160.17184448242188,3.5905239201383665e-05,216.52920532226562,158.57162475585938,3.20774779538624e-05,-2.284707546234131,250.8362579345703,3.3734984299371717e-06,-0.8083720207214355,223.33840942382812,1.1015419659088366e-05,6.521515846252441,227.31979370117188,8.653752956888638e-06,220.37461853027344,317.94970703125,8.259645255748183e-06,218.99542236328125,147.17041015625,1.768777110555675e-05,223.1080780029297,171.943115234375,1.11218314486905e-05,152.89910888671875,200.82958984375,4.271616489859298e-06
1218,194.70639038085938,160.23263549804688,4.1697698179632425e-05,231.67889404296875,172.01431274414062,6.382177525665611e-05,-1.4853835105895996,314.7587890625,2.6445445655554067e-06,-0.9243383407592773,223.143798828125,9.378657523484435e-06,2.215531349182129,234.23764038085938,9.649521416577045e-06,59.56471633911133,221.4390411376953,7.052140972518828e-06,205.34735107421875,140.14479064941406,3.3605221688048914e-05,224.2045135498047,153.50469970703125,9.153954124485608e-06,189.09230041503906,154.47862243652344,9.911510460369755e-06
1219,247.83323669433594,176.2640838623047,2.6709125449997373e-05,248.6938018798828,173.25511169433594,9.87022795015946e-05,-2.3234739303588867,250.67372131347656,2.8938493414898403e-06,-0.863741397857666,223.20718383789062,9.306435458711348e-06,2.138363838195801,234.28306579589844,9.71137524174992e-06,215.70394897460938,243.45726013183594,3.739306703209877e-05,204.10525512695312,139.795654296875,0.0001282586599700153,258.25982666015625,170.7237091064453,6.21865092398366e-06,202.6772003173828,136.55137634277344,2.01662587642204e-05
1220,200.49256896972656,159.89279174804688,3.0245217203628272e-05,204.25030517578125,219.6497802734375,4.724225073005073e-05,188.63784790039062,282.4172668457031,4.820881713385461e-06,-0.912926197052002,223.194091796875,8.67785911395913e-06,249.5510711669922,237.31240844726562,8.699552381585818e-06,216.482177734375,253.29966735839844,3.8996990042505786e-05,203.78414916992188,145.87200927734375,4.412560519995168e-05,205.0758819580078,170.26683044433594,5.204135050007608e-06,205.733154296875,153.9767608642578,9.432853403268382e-06
1221,274.54156494140625,178.23104858398438,0.00023733978741802275,231.5661163330078,236.77374267578125,8.532591164112091e-05,204.42431640625,282.74603271484375,3.420615257709869e-06,270.5599060058594,203.58132934570312,1.364847685181303e-05,265.1592712402344,205.90940856933594,1.0866477168747224e-05,282.50933837890625,189.95492553710938,0.000159309696755372,264.2193298339844,204.86785888671875,3.9731155993649736e-05,206.9789581298828,249.9712371826172,1.3637000847666059e-05,263.0768737792969,203.4597625732422,4.881051427219063e-05
1222,274.47247314453125,165.0604705810547,0.004314431920647621,264.9137268066406,186.2122344970703,0.00015386109589599073,201.86558532714844,281.10662841796875,7.799797458574176e-06,269.4912414550781,161.9925537109375,6.984118954278529e-05,267.1025085449219,159.0294647216797,1.91336603165837e-05,282.6371154785156,186.78575134277344,0.001006683916784823,266.31756591796875,158.37823486328125,3.088929952355102e-05,204.23155212402344,250.4818572998047,3.515539719955996e-05,185.21588134765625,234.15805053710938,2.1894571545999497e-05
1223,218.38043212890625,189.5043182373047,0.0002466315636411309,245.13145446777344,251.34243774414062,0.00018368734163232148,215.98280334472656,279.88922119140625,2.0936862711096182e-05,192.24154663085938,222.02102661132812,8.150590474542696e-06,222.91656494140625,203.9975128173828,0.00014095161168370396,236.2229461669922,268.9725036621094,0.00012940062151756138,231.99913024902344,250.5438995361328,2.7230320483795367e-05,224.02549743652344,196.90382385253906,8.676308789290488e-05,235.8791046142578,256.2059326171875,0.00010870154801523313
1224,243.7193603515625,145.91856384277344,0.01154125202447176,278.5635681152344,174.4641571044922,0.00017030218441504985,235.6263885498047,149.525390625,0.0004910061834380031,228.38925170898438,148.25132751464844,0.00036547062336467206,232.4481201171875,219.4954376220703,8.92386378836818e-05,251.79461669921875,213.7684326171875,0.0029137651436030865,237.8009796142578,127.04937744140625,0.00020932329061906785,219.0455780029297,159.64625549316406,0.0034465116914361715,220.58303833007812,159.14456176757812,0.004233303479850292
1225,200.17735290527344,142.64071655273438,0.006479247938841581,250.49566650390625,249.1949005126953,4.4267388148000464e-05,265.8687438964844,243.16172790527344,4.2597432184265926e-05,265.7120666503906,239.4335479736328,2.4839744583005086e-05,268.5321960449219,235.21224975585938,3.998712418251671e-05,282.4295959472656,250.18353271484375,0.000274306075880304,221.95077514648438,125.1797103881836,6.541796028614044e-05,205.55029296875,155.1184844970703,0.00010640633990988135,251.32015991210938,247.7454376220703,0.0031455038115382195
1226,169.80064392089844,149.9713897705078,0.014195694588124752,139.21875,221.9989776611328,7.40242685424164e-05,202.4771728515625,309.7264099121094,6.709024546580622e-06,143.62060546875,220.90029907226562,0.00011967991304118186,139.21847534179688,218.1862030029297,1.4781759091420099e-05,138.4563446044922,218.17835998535156,3.4030690585495904e-05,137.1862030029297,222.62095642089844,2.6478923246031627e-05,162.30552673339844,204.328369140625,1.1764297596528195e-05,136.0586700439453,219.1206512451172,0.0004285757604520768
1227,128.84571838378906,169.1356658935547,1.0,105.5182876586914,196.4871826171875,0.9999974966049194,146.23587036132812,200.4476318359375,0.0010551869636401534,164.45362854003906,198.00076293945312,0.0006321962573565543,154.630126953125,197.95462036132812,1.0,170.92434692382812,201.22132873535156,1.0,98.77352142333984,214.0811309814453,0.999981164932251,85.14459991455078,235.9459991455078,0.6449261903762817,138.02545166015625,253.26454162597656,0.9999995231628418
1228,133.04530334472656,172.1951904296875,1.0,117.40187072753906,201.19131469726562,1.0,112.91353607177734,193.25228881835938,0.8093730211257935,104.52433013916016,192.223876953125,0.5476918816566467,161.88232421875,198.60198974609375,0.9999998807907104,179.39337158203125,199.76925659179688,1.0,111.48421478271484,221.76321411132812,0.9999959468841553,94.24117279052734,239.60247802734375,0.9906762838363647,151.10423278808594,249.6732177734375,0.9999852180480957
1229,142.4669952392578,177.00747680664062,1.0,126.05530548095703,203.28582763671875,1.0,120.37776184082031,196.9095458984375,1.0,110.3582763671875,197.8424530029297,1.0,170.48460388183594,200.07176208496094,1.0,187.11476135253906,201.5355987548828,1.0,122.27136993408203,222.17279052734375,0.9999998807907104,99.88898468017578,238.29391479492188,0.9999996423721313,159.00509643554688,253.9915313720703,0.9999996423721313
1230,140.4029083251953,176.50079345703125,1.0,125.61833953857422,203.42645263671875,1.0,119.49124145507812,197.24578857421875,1.0,108.81222534179688,199.06582641601562,1.0,170.08245849609375,198.65093994140625,1.0,187.33702087402344,200.91033935546875,1.0,121.7022705078125,221.90892028808594,1.0,99.8785629272461,240.39173889160156,0.9999995231628418,157.89816284179688,256.4215087890625,0.9999998807907104
1231,137.09701538085938,176.37489318847656,1.0,123.32705688476562,203.07261657714844,1.0,116.08429718017578,197.1378936767578,1.0,104.9157943725586,199.6962127685547,1.0,167.5253143310547,197.79600524902344,1.0,185.67552185058594,200.33778381347656,1.0,118.70660400390625,222.33934020996094,1.0,96.05670928955078,242.3638153076172,0.9999994039535522,154.75555419921875,256.6197204589844,0.9999998807907104
1232,137.14222717285156,175.8440399169922,1.0,123.66190338134766,202.78543090820312,1.0,116.21461486816406,197.0491943359375,1.0,104.61223602294922,200.14141845703125,1.0,168.0052032470703,197.97274780273438,1.0,185.60614013671875,200.4312286376953,1.0,118.92745208740234,222.70457458496094,1.0,96.26782989501953,242.38267517089844,0.9999995231628418,155.2366180419922,256.5872802734375,0.9999998807907104
1233,136.6947021484375,176.00608825683594,1.0,123.86962890625,202.85926818847656,1.0,115.9404067993164,197.3711700439453,1.0,103.9681167602539,200.01840209960938,1.0,167.76962280273438,198.07981872558594,1.0,185.35671997070312,200.43304443359375,1.0,119.40345001220703,222.5823516845703,0.9999998807907104,96.54846954345703,242.18846130371094,0.9999996423721313,155.6331329345703,257.3582458496094,1.0
1234,136.70907592773438,175.2085418701172,1.0,123.973388671875,202.39105224609375,1.0,115.91871643066406,197.55123901367188,1.0,103.88410186767578,200.1824188232422,1.0,167.84190368652344,198.18246459960938,1.0,185.1685028076172,200.64442443847656,1.0,119.614501953125,222.3534393310547,0.9999998807907104,96.11805725097656,242.23370361328125,0.9999998807907104,155.40072631835938,257.3901062011719,1.0
1235,137.0393524169922,175.27755737304688,1.0,123.72637939453125,202.87872314453125,1.0,115.97533416748047,197.29061889648438,1.0,103.99769592285156,200.1318359375,1.0,167.9862823486328,197.8123016357422,1.0,185.60609436035156,200.34146118164062,1.0,119.46952819824219,222.7313232421875,0.9999998807907104,96.2822265625,242.38658142089844,0.9999998807907104,155.3081817626953,257.6028137207031,1.0
1236,137.19241333007812,175.9076385498047,1.0,123.81153869628906,202.95785522460938,1.0,116.47337341308594,197.20082092285156,1.0,104.41187286376953,200.01943969726562,1.0,168.0260467529297,197.9648895263672,1.0,185.90530395507812,200.54452514648438,1.0,119.42791748046875,222.3890380859375,1.0,95.94781494140625,241.96568298339844,0.9999997615814209,154.70901489257812,257.8584289550781,0.9999998807907104
1237,137.09242248535156,176.14674377441406,1.0,123.80934143066406,203.4467010498047,1.0,116.49591827392578,197.3887176513672,1.0,104.57605743408203,199.8890838623047,1.0,168.3635711669922,197.99815368652344,1.0,186.494873046875,200.3182830810547,1.0,119.8524169921875,222.92649841308594,1.0,96.17581176757812,241.76918029785156,0.9999998807907104,155.02622985839844,258.065673828125,0.9999998807907104
1238,138.1302490234375,176.22198486328125,1.0,125.16283416748047,203.82473754882812,1.0,117.16011047363281,196.90953063964844,1.0,104.82128143310547,199.91995239257812,1.0,169.08035278320312,198.1806640625,1.0,186.90061950683594,200.447265625,1.0,121.05497741699219,223.44540405273438,1.0,96.86519622802734,242.37745666503906,0.9999998807907104,156.48797607421875,257.92889404296875,1.0
1239,138.7405242919922,176.7524871826172,1.0,124.91243743896484,204.4287872314453,1.0,117.15907287597656,197.64036560058594,1.0,105.52308654785156,200.73245239257812,1.0,169.56666564941406,198.7310791015625,1.0,187.09950256347656,200.64125061035156,1.0,120.7029037475586,223.39959716796875,0.9999998807907104,97.56722259521484,243.3829345703125,1.0,157.3025360107422,257.7908630371094,1.0
1240,140.36500549316406,177.245849609375,1.0,126.3639144897461,204.39398193359375,1.0,119.1515884399414,197.90708923339844,1.0,108.4126205444336,200.20176696777344,1.0,170.20272827148438,198.89622497558594,1.0,188.3573455810547,200.3528594970703,1.0,122.99932861328125,222.91024780273438,1.0,99.63875579833984,242.59469604492188,1.0,158.2645263671875,257.54742431640625,1.0
1241,142.5696563720703,176.40663146972656,1.0,129.51724243164062,201.53567504882812,1.0,120.787353515625,197.6192626953125,0.9999998807907104,110.39634704589844,199.18824768066406,0.9999998807907104,172.77981567382812,198.45291137695312,1.0,190.74549865722656,200.87017822265625,1.0,124.60337829589844,221.00926208496094,1.0,100.7982177734375,241.97926330566406,1.0,159.23536682128906,256.1647033691406,0.9999998807907104
1242,143.2908477783203,174.19287109375,1.0,130.6690673828125,198.53224182128906,1.0,121.63660430908203,197.25555419921875,0.9999891519546509,111.5556640625,199.46353149414062,0.9999964237213135,174.30734252929688,197.3998565673828,1.0,192.5594024658203,200.70140075683594,1.0,124.19315338134766,219.77951049804688,1.0,102.53004455566406,241.464599609375,0.9999997615814209,161.6787872314453,253.86082458496094,0.9999998807907104
1243,138.51455688476562,174.8852081298828,1.0,127.59490203857422,199.8868408203125,1.0,119.35804748535156,199.1680145263672,0.9999961853027344,109.277099609375,202.47169494628906,0.9999954700469971,171.29779052734375,196.70938110351562,1.0,189.0059051513672,198.62722778320312,1.0,123.48404693603516,219.57948303222656,1.0,101.4942626953125,241.6537322998047,1.0,160.16812133789062,251.88890075683594,1.0
1244,137.177490234375,176.61541748046875,1.0,126.60346221923828,201.38548278808594,1.0,117.61077880859375,199.35655212402344,1.0,107.0114974975586,203.84193420410156,1.0,170.0243682861328,197.91864013671875,1.0,187.52542114257812,199.41717529296875,1.0,122.45661163330078,220.50453186035156,1.0,100.00641632080078,243.17405700683594,1.0,158.76657104492188,251.65940856933594,1.0
1245,136.95164489746094,176.301513671875,1.0,127.32210540771484,200.72714233398438,1.0,117.66494750976562,199.45570373535156,1.0,107.02704620361328,203.8680877685547,1.0,170.48362731933594,197.83291625976562,1.0,187.56179809570312,199.22067260742188,1.0,121.66001892089844,220.6319580078125,1.0,100.28486633300781,243.92581176757812,1.0,158.34048461914062,252.23098754882812,1.0
1246,140.8066864013672,175.2263946533203,1.0,129.09881591796875,198.54165649414062,1.0,119.58634185791016,197.942138671875,0.9999998807907104,109.00552368164062,201.53701782226562,0.9999997615814209,172.1640625,197.0332489013672,1.0,189.64263916015625,198.94383239746094,1.0,124.0757064819336,218.34645080566406,1.0,101.79551696777344,242.21998596191406,1.0,159.0115509033203,250.7815704345703,1.0
1247,150.78041076660156,171.08802795410156,1.0,140.4864501953125,194.96485900878906,1.0,128.1432342529297,192.27899169921875,0.9999997615814209,117.9189453125,195.3882598876953,1.0,181.6065216064453,194.50167846679688,1.0,198.87677001953125,196.83151245117188,1.0,134.19741821289062,215.0220947265625,0.9999998807907104,108.05720520019531,234.94131469726562,0.9999992847442627,169.0631561279297,245.54649353027344,0.999997615814209
1248,164.55908203125,168.33319091796875,1.0,154.4091033935547,190.0709991455078,1.0,140.7093505859375,189.16281127929688,0.9999994039535522,129.163818359375,190.1580352783203,0.9999964237213135,192.8366241455078,194.02572631835938,1.0,209.2086944580078,197.70249938964844,1.0,147.3833465576172,209.09597778320312,0.9999996423721313,118.66846466064453,226.9303741455078,0.9999855756759644,178.7286376953125,241.5897216796875,0.999998927116394
1249,180.92233276367188,167.5465545654297,1.0,172.37405395507812,186.23648071289062,0.9999997615814209,155.22244262695312,184.9393310546875,1.0,141.25491333007812,185.56118774414062,1.0,204.96434020996094,194.5542755126953,1.0,221.45816040039062,199.3084716796875,1.0,164.93519592285156,205.96377563476562,0.9999970197677612,134.80758666992188,220.99867248535156,0.9999887943267822,192.3424835205078,238.21914672851562,0.999873161315918
1250,193.12440490722656,167.30905151367188,1.0,185.8821258544922,183.1744842529297,1.0,163.16978454589844,183.3829803466797,1.0,149.30966186523438,185.1891326904297,1.0,215.4449462890625,196.18597412109375,1.0,229.95498657226562,202.52932739257812,1.0,180.51150512695312,200.06504821777344,1.0,144.62411499023438,218.12205505371094,0.9999997615814209,201.17599487304688,237.81431579589844,0.9999985694885254
1251,196.43328857421875,167.97767639160156,1.0,191.2825927734375,182.74221801757812,1.0,165.47708129882812,183.95851135253906,1.0,151.95175170898438,185.13084411621094,1.0,218.6966094970703,197.73312377929688,1.0,232.9257354736328,204.47225952148438,1.0,185.79046630859375,197.6004180908203,1.0,148.57797241210938,217.0485382080078,0.9999998807907104,204.75169372558594,238.3611297607422,0.9999996423721313
1252,198.53363037109375,169.11000061035156,1.0,193.5226287841797,183.66641235351562,1.0,169.01602172851562,184.5906219482422,1.0,155.6212921142578,184.18751525878906,1.0,220.70843505859375,199.06787109375,1.0,234.64195251464844,205.8651123046875,1.0,188.5237579345703,198.77236938476562,0.9999998807907104,151.03359985351562,215.37774658203125,0.9999998807907104,208.73255920410156,238.27163696289062,0.9999997615814209
1253,200.28053283691406,169.485595703125,1.0,195.52577209472656,183.99891662597656,1.0,170.6855926513672,185.10289001464844,1.0,157.37083435058594,184.97415161132812,1.0,222.61065673828125,199.62269592285156,1.0,235.06820678710938,206.9295196533203,1.0,190.02821350097656,200.31312561035156,0.9999997615814209,152.3578338623047,216.87393188476562,0.9999992847442627,210.9439697265625,237.90713500976562,0.9999991655349731
1254,203.548095703125,170.29965209960938,1.0,198.4485321044922,184.9571075439453,1.0,172.39407348632812,184.98635864257812,1.0,158.6641845703125,184.95654296875,1.0,225.7648468017578,201.55593872070312,1.0,237.32327270507812,208.41282653808594,1.0,193.05313110351562,201.09962463378906,0.9999997615814209,155.97044372558594,217.41839599609375,0.9999996423721313,213.7465362548828,239.2281036376953,0.9999998807907104
1255,206.912841796875,171.08407592773438,1.0,205.0284423828125,186.54649353027344,1.0,173.80429077148438,184.64736938476562,1.0,160.05264282226562,184.25308227539062,1.0,227.84439086914062,202.8083953857422,1.0,238.31967163085938,208.93087768554688,1.0,197.86203002929688,201.86431884765625,0.9999996423721313,157.88136291503906,217.92416381835938,0.9999992847442627,215.7735595703125,239.17138671875,0.9999998807907104
1256,208.23548889160156,172.18165588378906,1.0,206.2539520263672,186.8634490966797,1.0,174.94357299804688,185.4597930908203,1.0,160.34078979492188,184.91868591308594,1.0,228.6237335205078,203.74298095703125,1.0,238.89418029785156,209.55999755859375,1.0,197.21441650390625,203.6015625,0.9999997615814209,157.88394165039062,219.5026092529297,0.9999990463256836,216.38116455078125,241.41749572753906,1.0
1257,209.28855895996094,172.52810668945312,1.0,207.56031799316406,187.9850616455078,1.0,175.80177307128906,186.17662048339844,1.0,161.36383056640625,184.8555145263672,1.0,229.04042053222656,204.4262237548828,1.0,239.14874267578125,211.05416870117188,1.0,200.3423309326172,205.1632080078125,0.9999996423721313,159.2642364501953,221.6749267578125,0.9999980926513672,218.16949462890625,243.76622009277344,1.0
1258,210.43690490722656,173.25057983398438,1.0,208.60403442382812,189.4810028076172,1.0,176.37380981445312,187.6847381591797,1.0,161.89707946777344,185.43780517578125,1.0,229.58981323242188,204.66224670410156,1.0,239.68447875976562,211.26138305664062,1.0,203.1591033935547,203.91346740722656,0.9999997615814209,159.38839721679688,224.36312866210938,0.9999992847442627,219.3204803466797,245.5929718017578,1.0
1259,210.6263427734375,173.15542602539062,1.0,209.33518981933594,190.2519073486328,1.0,176.8214111328125,187.7890167236328,1.0,162.08706665039062,185.75994873046875,1.0,229.84339904785156,204.8904266357422,1.0,240.41290283203125,211.89105224609375,1.0,204.233154296875,205.0898895263672,0.9999997615814209,160.46026611328125,226.2321014404297,0.9999997615814209,220.27359008789062,246.63095092773438,1.0
1260,210.9921417236328,173.13348388671875,1.0,209.70166015625,190.9544677734375,1.0,176.31898498535156,188.08126831054688,1.0,162.1316680908203,186.54396057128906,1.0,230.00094604492188,205.05545043945312,1.0,240.78529357910156,212.2997589111328,1.0,204.65982055664062,205.9523468017578,0.9999998807907104,159.90370178222656,227.33465576171875,0.9999997615814209,220.76754760742188,247.96534729003906,0.9999998807907104
1261,211.69993591308594,173.29861450195312,1.0,209.988037109375,191.694580078125,1.0,176.8044891357422,188.48214721679688,1.0,162.45169067382812,187.0337677001953,1.0,230.52020263671875,205.0174560546875,1.0,240.96002197265625,212.6481170654297,1.0,205.1874237060547,207.6859893798828,0.9999997615814209,159.9905242919922,228.39291381835938,0.9999996423721313,220.55068969726562,248.33013916015625,0.9999998807907104
1262,211.27825927734375,175.39239501953125,1.0,210.18467712402344,196.13429260253906,1.0,177.13360595703125,189.75741577148438,1.0,161.55911254882812,188.6314697265625,1.0,229.96717834472656,206.9445037841797,1.0,241.0042266845703,213.38168334960938,1.0,204.4102020263672,212.0153045654297,1.0,158.84799194335938,231.04513549804688,0.9999992847442627,220.1533203125,251.06338500976562,0.9999997615814209
1263,211.0953826904297,177.41397094726562,1.0,209.95831298828125,199.853515625,1.0,177.2489471435547,192.09136962890625,1.0,160.55075073242188,189.4215087890625,1.0,229.18563842773438,208.78038024902344,1.0,240.9191131591797,214.44102478027344,1.0,203.3534698486328,218.47581481933594,0.9999998807907104,159.08843994140625,234.75315856933594,0.9999994039535522,219.64939880371094,255.29959106445312,0.9999996423721313
1264,210.34732055664062,178.1083526611328,1.0,210.15338134765625,201.54591369628906,1.0,177.36907958984375,192.65493774414062,1.0,161.0362091064453,189.9373016357422,1.0,228.5126190185547,208.98333740234375,1.0,240.90159606933594,214.30052185058594,1.0,202.24688720703125,220.55677795410156,0.9999998807907104,158.72317504882812,236.88108825683594,0.9999992847442627,220.27992248535156,256.4883728027344,0.9999997615814209
1265,210.58201599121094,179.12777709960938,1.0,209.80006408691406,202.35000610351562,1.0,177.0304412841797,193.0,1.0,160.7467803955078,190.60305786132812,1.0,228.03465270996094,209.27137756347656,1.0,240.6824951171875,214.37985229492188,1.0,201.58343505859375,221.83409118652344,1.0,157.6089630126953,239.45928955078125,0.999998927116394,220.54348754882812,257.76123046875,1.0
1266,210.75376892089844,179.66241455078125,1.0,209.33041381835938,203.50112915039062,1.0,176.775634765625,193.3446807861328,1.0,160.53158569335938,190.63040161132812,1.0,228.0963592529297,209.70022583007812,1.0,240.8254852294922,214.41580200195312,1.0,200.9784393310547,224.1285858154297,0.9999998807907104,156.94691467285156,240.03163146972656,0.9999996423721313,220.83828735351562,258.3685607910156,1.0
1267,211.195556640625,180.5877685546875,1.0,209.3645477294922,204.9716033935547,1.0,176.78280639648438,194.03610229492188,1.0,160.8105926513672,191.18536376953125,1.0,228.23272705078125,210.56446838378906,1.0,240.91322326660156,214.8876953125,1.0,203.1845245361328,225.0519256591797,1.0,157.65419006347656,240.68240356445312,0.9999997615814209,221.6154022216797,259.3818054199219,1.0
1268,211.55648803710938,181.3178253173828,1.0,209.88999938964844,206.7873992919922,1.0,176.68618774414062,194.45314025878906,1.0,160.80003356933594,191.30349731445312,1.0,228.3452606201172,210.31214904785156,1.0,241.1221160888672,215.17291259765625,1.0,203.4885711669922,228.0998077392578,1.0,157.0303192138672,243.2425994873047,0.9999996423721313,222.06564331054688,260.60491943359375,1.0
1269,211.22903442382812,181.45773315429688,1.0,210.70132446289062,208.12033081054688,1.0,176.89308166503906,194.58853149414062,1.0,160.69815063476562,191.2847900390625,1.0,228.8438720703125,210.4151153564453,1.0,241.2307586669922,215.26052856445312,1.0,204.6982879638672,229.5872802734375,1.0,158.17379760742188,243.9567413330078,0.9999991655349731,222.75650024414062,261.5633239746094,1.0
1270,211.83343505859375,181.72230529785156,1.0,210.99559020996094,209.00900268554688,1.0,177.1005859375,194.66629028320312,1.0,160.6500244140625,191.68850708007812,1.0,229.44027709960938,210.705322265625,1.0,242.0685577392578,215.59246826171875,1.0,205.6008758544922,230.09286499023438,1.0,158.52320861816406,245.27455139160156,0.9999991655349731,223.3931427001953,262.167236328125,1.0
1271,212.5889434814453,182.1519012451172,1.0,211.98056030273438,209.9634552001953,1.0,177.28733825683594,194.96554565429688,1.0,160.46588134765625,191.90255737304688,1.0,230.20089721679688,211.0568389892578,1.0,242.96742248535156,215.98062133789062,1.0,207.11758422851562,231.27891540527344,1.0,159.24305725097656,245.80706787109375,0.9999984502792358,224.10845947265625,262.72540283203125,1.0
1272,212.81898498535156,182.5021514892578,1.0,212.23626708984375,210.85215759277344,1.0,178.0875701904297,196.2785186767578,1.0,161.4034881591797,192.5784912109375,1.0,229.98666381835938,210.7777557373047,1.0,242.9524383544922,215.81338500976562,1.0,207.25917053222656,232.79681396484375,1.0,159.58888244628906,246.48556518554688,0.9999988079071045,223.2159423828125,264.7383117675781,1.0
1273,213.5079803466797,182.87489318847656,1.0,212.58010864257812,211.83853149414062,1.0,178.71438598632812,196.2689208984375,1.0,161.44686889648438,192.49179077148438,1.0,230.43572998046875,210.8022003173828,1.0,243.47738647460938,215.98855590820312,1.0,207.6524200439453,233.5057373046875,1.0,159.37884521484375,247.13946533203125,0.9999985694885254,223.5745391845703,264.4902648925781,1.0
1274,213.67881774902344,183.04734802246094,1.0,212.83445739746094,212.33380126953125,1.0,178.28701782226562,196.46762084960938,1.0,161.14122009277344,192.6929168701172,1.0,230.74142456054688,211.0521240234375,1.0,243.67018127441406,216.34500122070312,1.0,207.71539306640625,233.9088592529297,1.0,158.863037109375,247.36642456054688,0.9999980926513672,223.58450317382812,265.0527038574219,1.0
1275,214.0063018798828,183.20863342285156,1.0,212.6321258544922,211.8732147216797,1.0,178.29293823242188,196.65992736816406,1.0,160.76751708984375,192.80787658691406,1.0,231.0915985107422,211.194091796875,1.0,242.99688720703125,216.64859008789062,1.0,207.2262725830078,234.46444702148438,1.0,159.3964385986328,247.81568908691406,0.9999983310699463,223.43626403808594,265.6695556640625,1.0
1276,214.4845428466797,183.6143035888672,1.0,212.9928741455078,212.38160705566406,1.0,178.66879272460938,197.0055694580078,1.0,160.94427490234375,192.88690185546875,1.0,231.44032287597656,211.2919464111328,1.0,243.45596313476562,217.0424346923828,1.0,207.66943359375,234.53269958496094,1.0,159.5554962158203,247.9058380126953,0.9999979734420776,223.71343994140625,265.8313293457031,1.0
1277,214.75137329101562,183.948974609375,1.0,213.06251525878906,212.71543884277344,1.0,178.79039001464844,197.13836669921875,1.0,161.10464477539062,192.98048400878906,1.0,231.7103271484375,211.5795440673828,1.0,243.91127014160156,216.93563842773438,1.0,207.9516143798828,234.69407653808594,1.0,159.48947143554688,247.47808837890625,0.9999967813491821,224.44332885742188,266.08447265625,1.0
1278,215.26084899902344,183.9972686767578,1.0,213.27760314941406,213.1494903564453,1.0,178.8516082763672,197.0210418701172,1.0,161.01370239257812,193.0072021484375,1.0,231.94570922851562,211.652099609375,1.0,244.33644104003906,217.0655975341797,1.0,208.06951904296875,235.06460571289062,1.0,160.0379180908203,247.49490356445312,0.9999979734420776,225.21981811523438,266.04168701171875,1.0
1279,215.63839721679688,184.07240295410156,1.0,213.783447265625,213.26194763183594,1.0,179.0812530517578,196.87037658691406,1.0,161.20591735839844,192.84246826171875,1.0,232.09283447265625,211.6107177734375,1.0,244.30921936035156,217.11483764648438,1.0,208.7222137451172,234.93276977539062,1.0,160.48574829101562,248.7620849609375,0.9999982118606567,225.319091796875,266.23284912109375,1.0
1280,216.1597442626953,184.27481079101562,1.0,214.33505249023438,213.51287841796875,1.0,179.2743682861328,196.99790954589844,1.0,161.08154296875,193.06771850585938,1.0,232.3477020263672,211.595703125,1.0,244.64361572265625,217.32749938964844,1.0,209.44105529785156,235.09678649902344,1.0,159.87548828125,247.6580352783203,0.9999978542327881,225.68618774414062,266.3607177734375,1.0
1281,216.6730499267578,184.54702758789062,1.0,214.66787719726562,214.0940399169922,1.0,179.70742797851562,196.91818237304688,1.0,161.27569580078125,192.9230194091797,1.0,232.89102172851562,211.77735900878906,1.0,245.17245483398438,217.3328094482422,1.0,209.71420288085938,235.635498046875,1.0,160.14620971679688,247.828857421875,0.9999983310699463,225.71728515625,266.49432373046875,1.0
1282,217.4514923095703,184.87168884277344,1.0,215.3802032470703,214.65370178222656,1.0,180.52195739746094,196.6827850341797,1.0,161.80812072753906,192.9044647216797,1.0,233.0193634033203,211.8931427001953,1.0,245.17408752441406,217.4021453857422,1.0,210.37086486816406,236.0087127685547,1.0,160.37408447265625,247.45079040527344,0.9999978542327881,226.53269958496094,265.8079528808594,1.0
1283,218.15345764160156,185.42926025390625,1.0,216.04507446289062,215.4292755126953,1.0,181.08663940429688,196.67514038085938,1.0,162.62635803222656,192.9420928955078,1.0,233.29653930664062,212.12086486816406,1.0,245.9358673095703,217.3563995361328,1.0,210.66690063476562,236.0631866455078,1.0,160.48854064941406,247.65283203125,0.9999979734420776,226.5511016845703,266.8139343261719,1.0
1284,217.91415405273438,185.25262451171875,1.0,216.13107299804688,215.2905731201172,1.0,181.34303283691406,197.27687072753906,1.0,163.13929748535156,192.83316040039062,1.0,233.70127868652344,212.09507751464844,1.0,246.42881774902344,217.5840301513672,1.0,211.34274291992188,235.91891479492188,1.0,160.7039794921875,247.1211700439453,0.9999982118606567,227.2410888671875,266.16162109375,1.0
1285,218.2128143310547,185.4532928466797,1.0,216.5602569580078,215.2394561767578,1.0,182.04403686523438,197.1363983154297,1.0,163.767578125,192.79197692871094,1.0,233.93911743164062,212.26080322265625,1.0,246.70986938476562,217.63693237304688,1.0,211.3535919189453,236.33497619628906,1.0,160.9540252685547,247.004150390625,0.9999984502792358,227.38465881347656,266.2601623535156,1.0
1286,218.90435791015625,185.4217071533203,1.0,216.93568420410156,215.43060302734375,1.0,182.44139099121094,197.18040466308594,1.0,163.86627197265625,193.05410766601562,1.0,234.15411376953125,212.43344116210938,1.0,246.976806640625,217.75852966308594,1.0,211.51011657714844,236.62106323242188,1.0,161.45545959472656,247.2742156982422,0.999998927116394,227.5010528564453,266.4069519042969,1.0
1287,219.08517456054688,185.26214599609375,1.0,217.27760314941406,215.34779357910156,1.0,182.84356689453125,196.9200439453125,1.0,164.16213989257812,192.8639373779297,1.0,234.61135864257812,212.41415405273438,1.0,247.2335968017578,217.63278198242188,1.0,211.7498016357422,236.74453735351562,1.0,161.39620971679688,247.21792602539062,0.9999986886978149,227.6332550048828,266.6796875,1.0
1288,219.49171447753906,185.5568084716797,1.0,217.54763793945312,215.27386474609375,1.0,183.0529327392578,196.86195373535156,1.0,163.9591827392578,192.7319793701172,1.0,234.91241455078125,212.54391479492188,1.0,247.63973999023438,217.6583709716797,1.0,211.8362274169922,236.76617431640625,1.0,161.41856384277344,247.07504272460938,0.9999988079071045,227.53492736816406,266.8455810546875,1.0
1289,219.7716827392578,185.37197875976562,1.0,218.0464630126953,215.1147918701172,1.0,183.43922424316406,196.8701934814453,1.0,164.24461364746094,192.6502685546875,1.0,235.244140625,212.42967224121094,1.0,248.01486206054688,217.76235961914062,1.0,212.05519104003906,236.7709503173828,1.0,161.92478942871094,247.382080078125,0.9999991655349731,227.7302703857422,266.8177490234375,1.0
1290,219.91131591796875,185.27276611328125,1.0,217.95387268066406,215.26730346679688,1.0,183.85580444335938,196.6503143310547,1.0,164.59893798828125,192.69007873535156,1.0,234.99700927734375,211.94146728515625,1.0,247.86097717285156,217.69703674316406,1.0,211.90957641601562,236.78334045410156,1.0,161.94180297851562,247.54116821289062,0.9999991655349731,227.82640075683594,266.6670837402344,1.0
1291,220.32217407226562,185.42970275878906,1.0,218.0734405517578,215.09210205078125,1.0,184.01124572753906,196.64878845214844,1.0,164.6984405517578,192.3663330078125,1.0,235.31077575683594,212.078125,1.0,248.03997802734375,217.83067321777344,1.0,211.8745880126953,236.67019653320312,1.0,161.76185607910156,247.5089111328125,0.9999988079071045,227.7511444091797,266.6743469238281,1.0
1292,220.47933959960938,185.36978149414062,1.0,218.2682342529297,214.8701171875,1.0,184.1998291015625,196.44647216796875,1.0,164.90635681152344,192.2379608154297,1.0,235.5170440673828,212.12503051757812,1.0,248.12220764160156,217.710205078125,1.0,211.79388427734375,236.73614501953125,1.0,162.03260803222656,247.45826721191406,0.9999988079071045,227.83438110351562,266.75067138671875,1.0
1293,221.0909423828125,185.16201782226562,1.0,218.9947509765625,214.76414489746094,1.0,186.0059051513672,196.08717346191406,1.0,166.7975616455078,192.0550994873047,1.0,236.40138244628906,212.19424438476562,1.0,248.50685119628906,217.657958984375,1.0,213.07662963867188,236.49307250976562,1.0,162.6742706298828,247.3485565185547,0.9999982118606567,228.36407470703125,266.490234375,1.0
1294,222.87701416015625,185.33238220214844,1.0,220.98680114746094,214.14385986328125,1.0,187.33740234375,195.61265563964844,1.0,168.66424560546875,191.8041534423828,1.0,238.05764770507812,212.92359924316406,1.0,249.45831298828125,217.8478240966797,1.0,214.900634765625,235.8763427734375,1.0,163.84103393554688,246.65892028808594,0.9999978542327881,229.38665771484375,266.7188720703125,1.0
1295,223.82662963867188,185.09617614746094,1.0,222.75204467773438,212.7877960205078,1.0,188.72195434570312,195.61062622070312,1.0,169.60414123535156,191.45681762695312,1.0,238.8119659423828,212.87391662597656,1.0,250.17568969726562,218.2012939453125,1.0,215.73252868652344,235.58737182617188,1.0,166.27232360839844,247.97962951660156,0.9999982118606567,230.18313598632812,265.9175720214844,1.0
1296,223.88526916503906,185.2168731689453,1.0,223.08216857910156,213.5953826904297,1.0,188.54225158691406,195.63473510742188,1.0,169.6273193359375,191.73809814453125,1.0,238.6923065185547,213.07151794433594,1.0,249.77577209472656,218.6090545654297,1.0,216.25344848632812,236.0920867919922,1.0,165.81063842773438,246.54779052734375,0.9999977350234985,230.82618713378906,265.7527160644531,1.0
1297,224.20497131347656,185.24452209472656,1.0,223.57162475585938,213.71408081054688,1.0,188.73387145996094,195.3750457763672,1.0,169.38270568847656,191.5189666748047,1.0,238.85794067382812,213.34085083007812,1.0,250.3441925048828,218.58045959472656,1.0,216.5795440673828,235.92796325683594,1.0,166.2044219970703,246.50303649902344,0.999997615814209,231.46165466308594,265.6466369628906,0.9999998807907104
1298,225.05799865722656,185.64317321777344,1.0,224.5194549560547,213.3267822265625,1.0,189.0849151611328,195.57603454589844,1.0,170.03746032714844,191.8262939453125,1.0,239.55784606933594,213.16314697265625,1.0,250.20603942871094,218.43563842773438,1.0,216.87301635742188,235.3617706298828,1.0,167.20962524414062,248.021240234375,0.9999963045120239,232.64715576171875,264.9397888183594,0.9999998807907104
1299,225.64981079101562,185.7344512939453,1.0,225.40171813964844,212.524169921875,1.0,189.99244689941406,195.65626525878906,1.0,170.63504028320312,192.13771057128906,1.0,240.66981506347656,212.41136169433594,1.0,250.3990020751953,218.36181640625,1.0,218.09657287597656,235.5123291015625,1.0,167.40660095214844,246.46417236328125,0.9999955892562866,233.81448364257812,265.271484375,0.9999996423721313
1300,227.06932067871094,186.36378479003906,1.0,226.45240783691406,213.2108154296875,1.0,190.97549438476562,195.080810546875,1.0,171.34603881835938,191.88406372070312,1.0,241.9933319091797,213.1101837158203,1.0,251.40138244628906,218.68898010253906,1.0,219.5786590576172,235.224609375,1.0,168.3267822265625,246.3817138671875,0.9999973773956299,236.22933959960938,263.6995544433594,0.9999998807907104
1301,227.68601989746094,186.35870361328125,1.0,227.0782470703125,213.5412139892578,1.0,191.39942932128906,195.45761108398438,1.0,171.83375549316406,191.8372802734375,1.0,242.76751708984375,213.10438537597656,1.0,252.287841796875,219.13165283203125,1.0,220.2330322265625,234.9283905029297,1.0,169.0227813720703,246.78175354003906,0.9999971389770508,236.5891876220703,263.88739013671875,0.9999998807907104
1302,227.9806365966797,186.7445526123047,1.0,227.8524627685547,213.3934783935547,1.0,191.22647094726562,195.1117401123047,1.0,171.8109588623047,191.50082397460938,1.0,243.324462890625,213.3363037109375,1.0,253.01487731933594,218.93104553222656,1.0,221.3008270263672,235.26161193847656,1.0,168.88729858398438,246.46299743652344,0.9999960660934448,236.91812133789062,263.8465576171875,0.9999998807907104
1303,230.95858764648438,186.74835205078125,1.0,229.1314239501953,213.4137420654297,1.0,193.3252716064453,194.6249237060547,1.0,173.6942596435547,191.0716094970703,1.0,244.5874786376953,213.3781280517578,1.0,254.18649291992188,219.54229736328125,1.0,223.3141326904297,235.12106323242188,1.0,168.76759338378906,246.0861053466797,0.9999929666519165,236.32546997070312,265.6252136230469,1.0
1304,232.50616455078125,187.03421020507812,1.0,231.27243041992188,213.59890747070312,1.0,195.99209594726562,194.8024444580078,1.0,176.50230407714844,190.821044921875,1.0,245.07020568847656,213.679443359375,1.0,254.86415100097656,219.81642150878906,1.0,225.3563232421875,234.62960815429688,1.0,169.74330139160156,245.4201202392578,0.9999881982803345,237.02110290527344,266.1874084472656,1.0
1305,235.5745391845703,187.28334045410156,1.0,233.9342803955078,213.66952514648438,1.0,200.20770263671875,193.826904296875,1.0,181.2964630126953,189.1690216064453,1.0,247.8353729248047,214.2969970703125,1.0,258.3228454589844,221.3213653564453,1.0,226.48052978515625,234.21791076660156,1.0,175.20480346679688,245.0957794189453,0.9999954700469971,239.1427459716797,265.6617431640625,1.0
1306,238.83860778808594,187.0729217529297,1.0,239.50222778320312,211.95108032226562,1.0,203.7679901123047,193.89280700683594,1.0,186.17665100097656,190.44711303710938,1.0,251.9357147216797,215.30731201171875,1.0,261.08709716796875,222.4465789794922,1.0,230.27508544921875,233.29541015625,1.0,179.0739288330078,243.623291015625,0.999997615814209,242.47291564941406,265.5261535644531,1.0
1307,242.4839324951172,187.63499450683594,1.0,242.09295654296875,212.14944458007812,1.0,205.97299194335938,193.50045776367188,1.0,187.40992736816406,190.24630737304688,1.0,255.04598999023438,216.23631286621094,1.0,263.4194641113281,223.3799591064453,1.0,232.9972686767578,233.1277618408203,0.9999998807907104,181.20237731933594,243.2366485595703,0.9999990463256836,244.60916137695312,265.80499267578125,1.0
1308,244.23500061035156,187.590576171875,1.0,244.4688720703125,212.4305877685547,1.0,207.57432556152344,192.92982482910156,1.0,189.16685485839844,190.0210418701172,1.0,256.8938903808594,216.24253845214844,1.0,264.9688415527344,223.48609924316406,1.0,234.61300659179688,234.10935974121094,0.9999997615814209,183.6746063232422,241.72772216796875,0.9999986886978149,245.80738830566406,266.3235168457031,1.0
1309,247.130859375,188.18148803710938,1.0,245.99000549316406,211.9319610595703,1.0,208.77561950683594,193.05445861816406,1.0,190.11495971679688,189.81988525390625,1.0,257.5370178222656,216.5853271484375,1.0,265.2987976074219,223.2979278564453,1.0,236.86688232421875,231.69223022460938,0.9999997615814209,183.10812377929688,242.68115234375,0.9999979734420776,246.9027557373047,266.1490173339844,1.0
1310,248.90670776367188,187.85047912597656,1.0,247.86769104003906,211.9250030517578,1.0,211.01620483398438,193.0901336669922,1.0,192.57630920410156,188.89874267578125,1.0,258.84405517578125,216.16551208496094,1.0,266.41253662109375,222.7777557373047,1.0,238.2479705810547,232.2216796875,0.9999996423721313,184.04855346679688,241.5951690673828,0.9999951124191284,247.7001953125,266.1211242675781,1.0
1311,250.07440185546875,188.3075714111328,1.0,249.70399475097656,211.52896118164062,1.0,213.5601348876953,193.39138793945312,1.0,195.98587036132812,188.01083374023438,1.0,260.20953369140625,216.04910278320312,1.0,268.0813293457031,222.57769775390625,1.0,240.05435180664062,232.9164276123047,0.9999995231628418,186.0670928955078,240.3521270751953,0.9999727010726929,249.7880859375,265.52685546875,0.9999998807907104
1312,251.7950897216797,188.1561737060547,1.0,250.99168395996094,211.39561462402344,1.0,214.784912109375,192.6508331298828,1.0,197.37911987304688,188.0733642578125,1.0,261.2271423339844,215.740478515625,1.0,269.31829833984375,222.51210021972656,1.0,241.8312225341797,231.9532470703125,0.9999998807907104,186.8491973876953,240.3952178955078,0.999977707862854,251.61163330078125,265.1611022949219,0.9999997615814209
1313,252.4293670654297,188.10012817382812,1.0,251.7366485595703,211.06077575683594,1.0,215.57420349121094,191.8314971923828,1.0,197.7914581298828,187.99925231933594,1.0,261.7021789550781,215.53993225097656,1.0,270.10162353515625,222.45645141601562,1.0,242.78526306152344,231.45645141601562,1.0,187.35662841796875,240.46151733398438,0.9999881982803345,252.15570068359375,263.96844482421875,0.9999997615814209
1314,253.16238403320312,188.02574157714844,1.0,251.74624633789062,210.80189514160156,1.0,215.83505249023438,191.47352600097656,1.0,198.1005401611328,187.52000427246094,1.0,262.36297607421875,215.96722412109375,1.0,270.62646484375,222.79653930664062,1.0,242.82177734375,230.5796661376953,0.9999998807907104,187.9879608154297,239.79750061035156,0.9999904632568359,252.730712890625,263.3983459472656,0.9999997615814209
1315,253.5076446533203,188.22039794921875,1.0,252.00765991210938,210.8177490234375,1.0,216.11317443847656,191.6363525390625,1.0,198.36166381835938,187.7487335205078,1.0,262.7271728515625,216.16030883789062,1.0,271.148193359375,223.1861572265625,1.0,242.94439697265625,230.74281311035156,0.9999998807907104,187.5946502685547,240.29522705078125,0.9999884366989136,252.51638793945312,263.41864013671875,0.9999997615814209
1316,253.57679748535156,188.00527954101562,1.0,252.3846893310547,210.70260620117188,1.0,216.04112243652344,191.64869689941406,1.0,198.4311065673828,187.84622192382812,1.0,262.98370361328125,216.04234313964844,1.0,271.4381408691406,223.05303955078125,1.0,243.1778564453125,230.9267578125,0.9999998807907104,188.13400268554688,240.2153778076172,0.9999896287918091,252.78860473632812,263.35589599609375,0.9999997615814209
1317,253.52560424804688,187.5868377685547,1.0,252.3523712158203,210.51010131835938,1.0,216.1288299560547,191.47764587402344,1.0,198.3253173828125,187.7100372314453,1.0,262.8232116699219,215.96829223632812,1.0,271.38934326171875,222.99598693847656,1.0,243.5101776123047,230.67431640625,0.9999998807907104,188.2740478515625,240.28883361816406,0.9999891519546509,252.774169921875,263.22149658203125,0.9999997615814209
1318,253.31375122070312,187.5673828125,1.0,252.65196228027344,210.42654418945312,1.0,216.24517822265625,191.56414794921875,1.0,198.49209594726562,187.76473999023438,1.0,263.2033386230469,216.03382873535156,1.0,271.6050109863281,223.00865173339844,1.0,243.66412353515625,230.48806762695312,1.0,188.5907745361328,239.99383544921875,0.999984622001648,252.61021423339844,263.3119201660156,0.9999997615814209
1319,253.5870361328125,187.61643981933594,1.0,252.64022827148438,210.35231018066406,1.0,216.1437530517578,191.39230346679688,1.0,198.29367065429688,187.60711669921875,1.0,263.2894592285156,216.06089782714844,1.0,271.7367248535156,223.1413116455078,1.0,243.55836486816406,230.40879821777344,1.0,188.5007781982422,239.79446411132812,0.9999853372573853,252.4293212890625,263.1516418457031,0.9999998807907104
1320,253.8238983154297,187.8097381591797,1.0,252.57052612304688,211.1071319580078,1.0,216.44090270996094,191.63902282714844,1.0,198.76480102539062,187.5681610107422,1.0,263.3273620605469,216.3232421875,1.0,271.5321960449219,223.66709899902344,1.0,243.29376220703125,230.1416015625,1.0,189.0299835205078,239.3538818359375,0.9999873638153076,252.00143432617188,263.04443359375,0.9999998807907104
1321,253.97792053222656,187.74148559570312,1.0,252.65151977539062,211.259033203125,1.0,216.62350463867188,191.59056091308594,1.0,199.17086791992188,187.8257598876953,1.0,263.28656005859375,216.33753967285156,1.0,271.62115478515625,223.63990783691406,1.0,243.41256713867188,230.42861938476562,1.0,188.91168212890625,239.8485565185547,0.9999892711639404,252.23013305664062,263.04949951171875,0.9999997615814209
1322,254.08731079101562,187.89279174804688,1.0,252.88319396972656,211.3193359375,1.0,216.72640991210938,191.62200927734375,1.0,199.51583862304688,187.68162536621094,1.0,263.5939636230469,216.5170440673828,1.0,271.4635009765625,224.59759521484375,1.0,243.63027954101562,230.49386596679688,1.0,189.34274291992188,239.45359802246094,0.9999796152114868,252.39732360839844,262.9439392089844,0.9999997615814209
1323,254.235107421875,187.99420166015625,1.0,252.8556671142578,211.15176391601562,1.0,217.04408264160156,191.35067749023438,1.0,199.7864227294922,187.5093994140625,1.0,263.74761962890625,216.70445251464844,1.0,271.49212646484375,224.36807250976562,1.0,243.29354858398438,230.3345489501953,0.9999998807907104,189.40943908691406,239.12841796875,0.9999821186065674,252.20233154296875,263.0603942871094,0.9999997615814209
1324,254.17506408691406,187.8765411376953,1.0,252.83029174804688,211.099853515625,1.0,216.79173278808594,191.2314910888672,1.0,199.25831604003906,187.40106201171875,1.0,263.7225646972656,216.59535217285156,1.0,271.7051086425781,224.80152893066406,1.0,243.3512725830078,230.0701904296875,0.9999998807907104,189.75575256347656,239.14083862304688,0.9999823570251465,252.15977478027344,263.0333557128906,0.9999998807907104
1325,254.7220458984375,187.789306640625,1.0,252.96095275878906,210.7593994140625,1.0,216.86502075195312,191.19876098632812,1.0,199.29603576660156,187.42361450195312,1.0,263.93011474609375,216.49534606933594,1.0,271.7786560058594,224.9351043701172,1.0,243.54568481445312,230.1292266845703,0.9999998807907104,189.64080810546875,239.30020141601562,0.9999830722808838,252.06942749023438,263.01068115234375,0.9999997615814209
1326,255.08767700195312,188.04429626464844,1.0,253.01747131347656,210.88482666015625,1.0,217.1202850341797,191.0525360107422,1.0,199.66326904296875,187.17581176757812,1.0,264.047607421875,216.64166259765625,1.0,271.5514831542969,224.54962158203125,1.0,243.5996551513672,229.79701232910156,0.9999998807907104,190.12094116210938,238.78671264648438,0.9999786615371704,252.12643432617188,262.89678955078125,0.9999998807907104
1327,255.32667541503906,188.12879943847656,1.0,253.19163513183594,210.74618530273438,1.0,217.05421447753906,191.01197814941406,1.0,199.60289001464844,187.0696563720703,1.0,264.1075134277344,216.55947875976562,1.0,271.7507019042969,225.19041442871094,1.0,243.45408630371094,230.0005645751953,0.9999998807907104,189.99913024902344,238.9121856689453,0.9999833106994629,252.0610809326172,262.7423095703125,0.9999998807907104
1328,254.73617553710938,188.10556030273438,1.0,253.09609985351562,210.6822509765625,1.0,216.67404174804688,190.86428833007812,1.0,199.10238647460938,186.66122436523438,1.0,263.91119384765625,216.43515014648438,1.0,271.7077941894531,224.9849853515625,1.0,243.56382751464844,229.8927764892578,0.9999998807907104,191.59083557128906,236.9893341064453,0.999972939491272,252.05755615234375,262.701904296875,0.9999998807907104
1329,254.6210479736328,187.62420654296875,1.0,253.11550903320312,209.80056762695312,1.0,216.2730255126953,190.11001586914062,1.0,198.9453582763672,186.2189483642578,1.0,263.9916076660156,216.2606658935547,1.0,271.89825439453125,224.93167114257812,1.0,243.75535583496094,228.99383544921875,0.9999998807907104,190.14634704589844,238.4910125732422,0.999974250793457,252.367431640625,262.0521240234375,0.9999998807907104
1330,254.84652709960938,187.41848754882812,1.0,252.93731689453125,209.08364868164062,1.0,216.40090942382812,189.46365356445312,1.0,198.59527587890625,185.4958953857422,1.0,264.0690612792969,215.77359008789062,1.0,271.8404235839844,224.6083984375,1.0,243.96458435058594,227.0784454345703,0.9999998807907104,191.72413635253906,235.8222198486328,0.9999793767929077,252.5462188720703,260.72998046875,1.0
1331,254.33065795898438,186.75892639160156,1.0,252.76608276367188,209.2067413330078,1.0,216.53628540039062,189.26980590820312,1.0,198.7592010498047,185.2768096923828,1.0,264.0121765136719,215.61956787109375,1.0,272.0295104980469,222.87176513671875,1.0,243.7252655029297,226.78358459472656,0.9999998807907104,192.02001953125,235.27822875976562,0.9999817609786987,252.7884979248047,260.32794189453125,1.0
1332,254.59104919433594,185.75192260742188,1.0,252.7839813232422,208.8870849609375,1.0,216.84393310546875,188.8719940185547,1.0,198.46173095703125,185.22393798828125,1.0,263.9201965332031,215.3743438720703,1.0,271.6147155761719,223.86859130859375,0.9999998807907104,243.7490997314453,226.0731201171875,0.9999998807907104,191.61756896972656,235.67669677734375,0.9999704360961914,252.80308532714844,260.3660888671875,1.0
1333,254.59230041503906,185.29307556152344,0.9999998807907104,252.60983276367188,207.60208129882812,1.0,216.62144470214844,187.89366149902344,1.0,198.42791748046875,184.42088317871094,1.0,264.30181884765625,215.7495880126953,0.9999998807907104,272.121337890625,224.08575439453125,0.9999998807907104,244.89158630371094,223.34703063964844,0.9999994039535522,191.82212829589844,235.0093994140625,0.9999755620956421,252.39901733398438,259.8200988769531,1.0
1334,253.98672485351562,184.31971740722656,1.0,252.70228576660156,206.02195739746094,1.0,215.82301330566406,187.5145263671875,1.0,198.4857940673828,183.90341186523438,1.0,264.470458984375,214.5464324951172,0.9999995231628418,271.8568115234375,223.37754821777344,0.9999994039535522,244.64605712890625,222.7021942138672,0.9999986886978149,191.9580078125,234.3332977294922,0.9999911785125732,252.23651123046875,259.61663818359375,1.0
1335,254.6782684326172,184.6492462158203,0.9999998807907104,252.99314880371094,206.3331298828125,1.0,215.58692932128906,187.62123107910156,1.0,198.2726287841797,183.88839721679688,1.0,264.8337707519531,215.11769104003906,0.9999990463256836,272.1924743652344,223.65077209472656,0.9999992847442627,244.51951599121094,223.36441040039062,0.999998927116394,192.30445861816406,233.2650604248047,0.9999867677688599,251.72671508789062,259.4985656738281,1.0
1336,254.1328582763672,184.14242553710938,1.0,253.01467895507812,205.7835235595703,1.0,215.37510681152344,187.47462463378906,1.0,198.43899536132812,183.4824981689453,1.0,264.4336853027344,214.72036743164062,0.9999994039535522,272.0531005859375,223.23597717285156,0.9999992847442627,244.43104553222656,222.92567443847656,0.9999983310699463,191.86619567871094,233.02894592285156,0.999981164932251,251.66513061523438,259.44635009765625,1.0
1337,254.24725341796875,183.95635986328125,1.0,253.00689697265625,204.84075927734375,1.0,215.23648071289062,186.96090698242188,1.0,198.44064331054688,183.09979248046875,1.0,264.48345947265625,214.4602508544922,0.999998927116394,271.9517517089844,223.12266540527344,0.9999988079071045,244.32521057128906,223.02456665039062,0.9999980926513672,191.1682586669922,233.43746948242188,0.9999837875366211,251.60743713378906,259.0930480957031,0.9999998807907104
1338,254.15618896484375,183.525634765625,1.0,252.99777221679688,204.3999481201172,1.0,214.5223388671875,186.819580078125,1.0,197.94500732421875,182.99671936035156,1.0,264.66729736328125,213.99766540527344,0.9999983310699463,271.7516784667969,222.57373046875,0.999998927116394,245.62806701660156,222.3583526611328,0.9999979734420776,190.86326599121094,233.373779296875,0.9999843835830688,251.4973602294922,258.9056701660156,0.9999998807907104
1339,254.22373962402344,183.5775909423828,1.0,252.63352966308594,204.44764709472656,1.0,214.58767700195312,186.8990936279297,1.0,197.6619415283203,182.85736083984375,1.0,264.5322570800781,213.6798858642578,0.9999994039535522,271.3029479980469,222.30908203125,0.9999992847442627,245.2767791748047,222.09779357910156,0.9999985694885254,190.72042846679688,233.3823699951172,0.999983549118042,251.05435180664062,258.4486083984375,0.9999998807907104
1340,254.50315856933594,183.45176696777344,1.0,252.53504943847656,204.162353515625,1.0,215.0319061279297,186.90679931640625,1.0,197.6729736328125,182.75531005859375,1.0,264.57208251953125,213.562744140625,0.9999997615814209,270.6177673339844,220.92449951171875,0.9999996423721313,245.4197540283203,221.51795959472656,0.9999992847442627,190.6882781982422,233.04066467285156,0.9999854564666748,251.5784149169922,257.7928771972656,0.9999998807907104
1341,253.85643005371094,183.07907104492188,1.0,252.2104034423828,203.9371795654297,1.0,214.5527801513672,186.8543701171875,1.0,197.2528076171875,182.5970916748047,1.0,264.4111022949219,213.49000549316406,0.9999995231628418,270.6540832519531,220.9729461669922,0.9999994039535522,244.97572326660156,221.02037048339844,0.9999994039535522,190.63949584960938,232.99720764160156,0.9999871253967285,251.16209411621094,257.5710754394531,0.9999997615814209
1342,254.40333557128906,183.18995666503906,1.0,252.62991333007812,203.80308532714844,1.0,214.70533752441406,187.11793518066406,1.0,197.35330200195312,182.4703369140625,1.0,264.4209899902344,213.42733764648438,0.9999996423721313,270.6431884765625,220.8172607421875,0.9999995231628418,245.38169860839844,220.91433715820312,0.9999991655349731,190.64996337890625,233.04808044433594,0.9999829530715942,251.42837524414062,257.8719482421875,0.9999998807907104
1343,254.26686096191406,183.85084533691406,1.0,251.95297241210938,203.83609008789062,1.0,214.43260192871094,187.38539123535156,1.0,196.9337615966797,182.56517028808594,1.0,264.3634033203125,214.120361328125,0.9999995231628418,270.4222412109375,221.36305236816406,0.9999995231628418,245.09451293945312,220.5369415283203,0.9999992847442627,190.47071838378906,232.84739685058594,0.999982476234436,251.11778259277344,258.46533203125,0.9999998807907104
1344,253.54129028320312,183.9467315673828,1.0,251.66749572753906,204.2244873046875,1.0,214.03111267089844,187.90908813476562,1.0,197.17520141601562,182.85491943359375,1.0,263.7799987792969,214.311767578125,0.9999997615814209,270.26312255859375,221.4363250732422,0.9999995231628418,244.49569702148438,221.3678741455078,0.9999990463256836,190.38052368164062,232.57620239257812,0.9999873638153076,251.17410278320312,258.6998291015625,0.9999998807907104
1345,253.4526824951172,184.0188751220703,1.0,251.59971618652344,204.52589416503906,1.0,213.78770446777344,187.27745056152344,1.0,196.8234405517578,182.65573120117188,1.0,263.7123718261719,214.26031494140625,0.9999997615814209,270.4815979003906,221.05589294433594,0.9999992847442627,244.50657653808594,221.7256317138672,0.9999992847442627,190.4207305908203,233.10028076171875,0.9999923706054688,251.8063201904297,259.1390686035156,0.9999998807907104
1346,252.73245239257812,184.05809020996094,1.0,251.09039306640625,204.8831787109375,1.0,213.44183349609375,187.23764038085938,1.0,196.31967163085938,182.71656799316406,1.0,262.9629821777344,213.63717651367188,0.9999998807907104,270.09625244140625,220.71527099609375,0.9999995231628418,243.67727661132812,222.22698974609375,0.9999994039535522,190.15809631347656,233.11302185058594,0.9999933242797852,251.74984741210938,258.4750671386719,0.9999998807907104
1347,252.40672302246094,183.97662353515625,1.0,250.99664306640625,204.86044311523438,1.0,213.93508911132812,188.15155029296875,1.0,196.6094512939453,183.11785888671875,1.0,262.71185302734375,213.61727905273438,0.9999998807907104,270.1094970703125,220.8697967529297,0.9999994039535522,243.7801513671875,222.07408142089844,0.9999995231628418,189.8087921142578,233.0128173828125,0.9999934434890747,251.6499481201172,258.7649841308594,1.0
1348,252.94992065429688,184.584716796875,1.0,251.34378051757812,205.527587890625,1.0,214.45753479003906,188.42086791992188,1.0,196.94058227539062,183.5231475830078,1.0,263.02508544921875,214.16226196289062,0.9999998807907104,269.9970397949219,220.99266052246094,0.9999995231628418,244.32501220703125,222.5821075439453,0.9999996423721313,190.05020141601562,232.39694213867188,0.9999914169311523,252.01602172851562,259.38177490234375,1.0
1349,252.5930938720703,184.98744201660156,1.0,250.8655242919922,206.14634704589844,1.0,214.4680938720703,189.2740478515625,1.0,197.8487091064453,184.1942901611328,1.0,262.614990234375,214.02162170410156,0.9999998807907104,269.7822570800781,221.22776794433594,0.9999997615814209,244.55902099609375,222.65968322753906,0.9999996423721313,190.97413635253906,232.04193115234375,0.9999871253967285,252.2105712890625,259.927978515625,1.0
1350,252.13003540039062,185.51898193359375,1.0,250.8328857421875,207.42994689941406,1.0,214.56344604492188,189.78094482421875,1.0,197.404296875,184.79595947265625,1.0,262.6579284667969,214.931884765625,1.0,269.91796875,221.8531036376953,0.9999997615814209,244.092529296875,223.54681396484375,0.9999997615814209,190.64378356933594,233.0469207763672,0.9999853372573853,252.34002685546875,260.1776428222656,1.0
1351,251.16650390625,185.63626098632812,1.0,249.95921325683594,207.50672912597656,1.0,213.4567413330078,190.5875701904297,1.0,196.36839294433594,185.79872131347656,1.0,261.390380859375,214.27235412597656,1.0,269.2779846191406,220.80735778808594,0.9999998807907104,242.99755859375,223.9541473388672,0.9999998807907104,190.3509521484375,234.12283325195312,0.9999881982803345,251.75595092773438,260.61602783203125,1.0
1352,248.57901000976562,186.38734436035156,1.0,246.68214416503906,208.1290740966797,1.0,210.27297973632812,190.890625,1.0,192.83087158203125,186.2301025390625,1.0,259.244873046875,215.41104125976562,0.9999998807907104,268.06402587890625,221.08985900878906,0.9999998807907104,239.530517578125,224.71722412109375,0.9999998807907104,188.73092651367188,233.6162872314453,0.9999947547912598,248.87820434570312,261.44989013671875,1.0
1353,247.53968811035156,185.4366455078125,1.0,244.68783569335938,207.45086669921875,1.0,209.20938110351562,191.58346557617188,1.0,191.4248809814453,187.05198669433594,1.0,257.8544006347656,214.81179809570312,1.0,266.8475036621094,220.73146057128906,1.0,237.32440185546875,224.40921020507812,0.9999997615814209,186.9575653076172,235.58404541015625,0.9999971389770508,248.32855224609375,261.42022705078125,1.0
1354,247.5301971435547,186.16839599609375,1.0,244.39549255371094,208.2915802001953,1.0,208.923828125,191.6253662109375,1.0,191.40524291992188,187.6030731201172,1.0,257.5569763183594,214.95921325683594,1.0,266.2924499511719,221.09095764160156,1.0,236.9151153564453,225.40394592285156,0.9999998807907104,186.76454162597656,235.8785400390625,0.9999977350234985,248.1741943359375,261.5806884765625,1.0
1355,248.11322021484375,186.9241485595703,1.0,245.2348175048828,209.17025756835938,1.0,210.44619750976562,191.865234375,1.0,193.00047302246094,186.9375,1.0,258.2357177734375,216.00250244140625,1.0,266.6524353027344,222.44009399414062,1.0,237.07130432128906,226.45912170410156,0.9999998807907104,187.30909729003906,235.54830932617188,0.9999971389770508,248.1590118408203,262.0271301269531,1.0
1356,248.34500122070312,187.2343292236328,1.0,245.48440551757812,209.51004028320312,1.0,211.41371154785156,192.1154022216797,1.0,193.67236328125,186.90521240234375,1.0,258.5917663574219,216.25364685058594,1.0,266.71063232421875,222.74513244628906,1.0,236.88279724121094,227.10693359375,1.0,187.72740173339844,236.6909637451172,0.9999940395355225,248.66738891601562,261.72247314453125,1.0
1357,248.06167602539062,186.93215942382812,1.0,245.9375457763672,209.38461303710938,1.0,211.088134765625,191.99497985839844,1.0,193.40847778320312,187.2751007080078,1.0,258.7178955078125,216.38877868652344,1.0,266.81494140625,222.75518798828125,1.0,236.89642333984375,226.80242919921875,0.9999998807907104,187.7314910888672,236.42953491210938,0.9999947547912598,248.255859375,262.23846435546875,1.0
1358,246.39869689941406,187.37677001953125,1.0,243.11032104492188,209.76174926757812,1.0,208.3966827392578,192.4094696044922,1.0,190.54537963867188,188.51071166992188,1.0,256.8686828613281,215.9114990234375,1.0,266.1645812988281,222.49964904785156,1.0,235.4199981689453,228.26702880859375,1.0,183.9558563232422,239.01947021484375,0.9999967813491821,247.50526428222656,262.55450439453125,1.0
1359,243.440185546875,187.23019409179688,1.0,241.00112915039062,211.2608642578125,1.0,206.8376922607422,193.14451599121094,1.0,188.900390625,189.4686737060547,1.0,256.62152099609375,216.25750732421875,1.0,265.4123840332031,223.2868194580078,1.0,231.9842987060547,231.2244873046875,1.0,182.42315673828125,241.8245849609375,0.999998927116394,245.62290954589844,263.2520446777344,1.0
1360,241.57196044921875,187.08023071289062,1.0,239.27076721191406,211.52105712890625,1.0,206.0966033935547,193.095947265625,1.0,188.275634765625,189.7635955810547,1.0,255.24267578125,216.5012969970703,1.0,264.7705993652344,223.30087280273438,1.0,230.44012451171875,231.8153533935547,1.0,180.31478881835938,242.9634246826172,0.9999992847442627,244.44747924804688,263.755615234375,1.0
1361,241.4595184326172,187.04307556152344,1.0,239.18206787109375,211.6696319580078,1.0,205.61485290527344,193.36375427246094,1.0,187.974609375,190.05787658691406,1.0,254.6551971435547,216.3230743408203,1.0,264.34735107421875,223.07174682617188,1.0,230.1640625,232.33261108398438,1.0,180.51856994628906,243.17820739746094,0.9999996423721313,244.4501495361328,263.78082275390625,1.0
1362,240.54966735839844,186.9105682373047,1.0,238.555419921875,212.20545959472656,1.0,204.83265686035156,193.8915557861328,1.0,187.55006408691406,190.32318115234375,1.0,254.12660217285156,216.26513671875,1.0,263.8842468261719,222.94175720214844,1.0,229.62405395507812,232.54685974121094,1.0,179.86952209472656,243.22811889648438,0.9999996423721313,243.2144012451172,264.75750732421875,1.0
1363,238.67295837402344,187.08355712890625,1.0,236.32664489746094,212.7784881591797,1.0,203.3826446533203,194.42337036132812,1.0,186.5592803955078,190.54576110839844,1.0,252.8589630126953,217.0117645263672,1.0,263.475830078125,223.67538452148438,1.0,227.8380126953125,233.23626708984375,1.0,178.92169189453125,243.0341033935547,0.9999997615814209,242.68836975097656,265.0819396972656,1.0
1364,237.46925354003906,187.56517028808594,1.0,234.85667419433594,213.87713623046875,1.0,201.61270141601562,194.6816864013672,1.0,185.01124572753906,190.8083953857422,1.0,251.7301788330078,217.24990844726562,1.0,262.8798522949219,223.50845336914062,1.0,226.7140655517578,234.41822814941406,1.0,177.80857849121094,244.1065673828125,0.9999996423721313,239.9838104248047,266.20416259765625,1.0
1365,237.3416748046875,187.77806091308594,1.0,234.3963623046875,214.75323486328125,1.0,201.8580780029297,195.16531372070312,1.0,184.6105194091797,191.17771911621094,1.0,251.09756469726562,217.394775390625,1.0,262.3992004394531,223.37875366210938,1.0,226.3507080078125,235.19883728027344,1.0,177.2166748046875,244.72109985351562,0.9999997615814209,239.88143920898438,266.5472106933594,1.0
1366,237.1546630859375,187.97674560546875,1.0,234.32492065429688,215.00418090820312,1.0,201.2135467529297,195.19297790527344,1.0,184.27334594726562,191.1109619140625,1.0,250.91513061523438,217.5269775390625,1.0,262.3255920410156,223.44541931152344,1.0,226.75462341308594,235.51602172851562,1.0,176.99244689941406,245.18101501464844,0.9999997615814209,239.79537963867188,266.6492919921875,1.0
1367,237.56875610351562,187.9617919921875,1.0,234.39564514160156,214.9444122314453,1.0,201.61318969726562,195.02818298339844,1.0,184.07894897460938,190.94044494628906,1.0,251.0716094970703,217.90122985839844,1.0,262.137451171875,223.4766845703125,1.0,226.96441650390625,235.67385864257812,1.0,177.25421142578125,245.091064453125,0.9999997615814209,239.89491271972656,266.5095520019531,1.0
1368,237.47244262695312,188.67251586914062,1.0,234.45985412597656,214.53929138183594,1.0,201.84584045410156,194.96823120117188,1.0,183.74557495117188,190.271484375,1.0,251.0917510986328,217.4275360107422,1.0,262.2254333496094,223.04705810546875,1.0,226.36195373535156,235.32460021972656,1.0,178.0344696044922,244.64422607421875,0.9999998807907104,240.07937622070312,266.2642822265625,1.0
1369,237.65927124023438,188.54823303222656,1.0,235.52703857421875,214.55072021484375,1.0,203.24253845214844,194.4163818359375,1.0,184.6151580810547,190.49383544921875,1.0,251.57907104492188,217.54893493652344,1.0,262.359130859375,223.6044158935547,1.0,228.2216339111328,235.9392852783203,1.0,178.31463623046875,244.48361206054688,0.9999998807907104,242.61184692382812,265.4731750488281,1.0
1370,238.21685791015625,188.4901123046875,1.0,236.26419067382812,213.96998596191406,1.0,203.81149291992188,194.12599182128906,1.0,185.86407470703125,190.0682373046875,1.0,251.8846893310547,217.3674774169922,1.0,262.461669921875,223.57716369628906,1.0,228.29493713378906,234.27195739746094,1.0,179.04412841796875,243.96986389160156,0.9999998807907104,242.51600646972656,265.1686706542969,1.0
1371,239.60836791992188,188.5600128173828,1.0,237.0145263671875,213.47116088867188,1.0,204.9124755859375,193.62962341308594,1.0,187.2626190185547,189.85000610351562,1.0,253.0631103515625,217.63323974609375,1.0,262.997314453125,224.0845489501953,1.0,229.0376434326172,233.61827087402344,1.0,180.07102966308594,243.3629913330078,0.9999997615814209,242.97268676757812,265.21478271484375,1.0
1372,240.7801055908203,188.59967041015625,1.0,238.4638671875,213.5377197265625,1.0,205.91336059570312,193.39993286132812,1.0,188.19668579101562,189.76824951171875,1.0,254.73202514648438,218.24911499023438,1.0,264.11822509765625,224.77186584472656,1.0,229.89280700683594,233.44032287597656,1.0,180.6647186279297,243.26528930664062,0.9999996423721313,244.0970001220703,264.7750244140625,1.0
1373,241.92465209960938,188.55242919921875,1.0,239.6071319580078,214.034423828125,1.0,206.82781982421875,194.13401794433594,1.0,188.1869659423828,190.12168884277344,1.0,255.18238830566406,218.30490112304688,1.0,264.1518859863281,224.9551544189453,1.0,230.4109344482422,234.96641540527344,1.0,180.91006469726562,243.06146240234375,0.9999996423721313,244.78695678710938,265.3819885253906,1.0
1374,242.30572509765625,188.6678924560547,1.0,240.3450164794922,214.2978973388672,1.0,207.03994750976562,194.31275939941406,1.0,188.63018798828125,189.9028778076172,1.0,255.34646606445312,218.56858825683594,1.0,264.1627502441406,225.286376953125,1.0,230.87486267089844,235.16334533691406,1.0,181.18600463867188,242.80088806152344,0.9999996423721313,245.25962829589844,265.6413269042969,1.0
1375,244.1093292236328,188.67625427246094,1.0,241.51976013183594,214.2361297607422,1.0,209.3435516357422,193.433349609375,1.0,191.56813049316406,188.627197265625,1.0,256.5787353515625,217.9996337890625,1.0,265.05450439453125,225.69972229003906,1.0,232.14385986328125,234.29042053222656,1.0,181.95721435546875,242.30982971191406,0.9999986886978149,245.86558532714844,265.0118408203125,1.0
1376,246.06805419921875,187.61764526367188,1.0,242.60067749023438,212.24049377441406,1.0,210.41690063476562,192.81094360351562,1.0,192.7300567626953,187.5789031982422,1.0,258.78375244140625,217.17379760742188,1.0,265.83880615234375,224.51661682128906,1.0,234.61492919921875,231.06805419921875,1.0,184.2732391357422,240.651123046875,0.9999982118606567,247.31088256835938,264.2873840332031,1.0
1377,247.099609375,187.14312744140625,1.0,244.76400756835938,211.20932006835938,1.0,211.13710021972656,192.54364013671875,1.0,193.4869384765625,187.08152770996094,1.0,257.7008361816406,216.86294555664062,1.0,265.8424072265625,224.1868438720703,1.0,236.64361572265625,229.8523712158203,1.0,184.77276611328125,239.70205688476562,0.9999966621398926,248.6233673095703,263.63787841796875,1.0
1378,247.5314178466797,187.45777893066406,1.0,245.44927978515625,211.15225219726562,1.0,210.9492950439453,192.69793701171875,1.0,192.78762817382812,187.2425994873047,1.0,258.11322021484375,216.78407287597656,1.0,265.97955322265625,224.08392333984375,1.0,237.25289916992188,229.0576171875,1.0,185.2935791015625,239.18865966796875,0.9999972581863403,248.68873596191406,262.88958740234375,1.0
1379,247.7310333251953,187.52932739257812,1.0,245.2423095703125,211.12310791015625,1.0,210.5690155029297,192.51107788085938,1.0,192.1580810546875,187.4513702392578,1.0,258.0261535644531,217.0138702392578,1.0,265.8189697265625,224.2490997314453,1.0,237.17092895507812,228.9807586669922,1.0,185.35658264160156,239.42906188964844,0.9999977350234985,248.49217224121094,263.0542907714844,1.0
1380,247.64083862304688,187.81175231933594,1.0,245.158935546875,211.1725311279297,1.0,210.72427368164062,192.8627471923828,1.0,192.55490112304688,187.6054229736328,1.0,258.1280822753906,217.1851043701172,1.0,266.1380920410156,224.30564880371094,1.0,237.094970703125,229.29237365722656,1.0,185.76199340820312,238.71690368652344,0.999996542930603,248.80894470214844,262.85943603515625,1.0
1381,247.85861206054688,187.83529663085938,1.0,245.1835479736328,211.135009765625,1.0,210.6943359375,192.8815460205078,1.0,192.79771423339844,187.76156616210938,1.0,258.1084289550781,217.01031494140625,1.0,266.12725830078125,224.25405883789062,1.0,237.22366333007812,229.5165557861328,1.0,185.7838592529297,239.03248596191406,0.9999971389770508,248.8639678955078,262.8876647949219,1.0
1382,248.03030395507812,187.78720092773438,1.0,245.57257080078125,211.1708526611328,1.0,210.6201629638672,192.93359375,1.0,192.71665954589844,188.0656280517578,1.0,258.2127685546875,217.2371826171875,1.0,266.2247314453125,224.4073944091797,1.0,237.41322326660156,229.53384399414062,1.0,185.90553283691406,238.91551208496094,0.9999977350234985,248.80465698242188,263.0384826660156,1.0
1383,247.96401977539062,187.83860778808594,1.0,245.43765258789062,211.15379333496094,1.0,210.620361328125,193.03509521484375,1.0,191.9857635498047,188.45877075195312,1.0,258.1224060058594,217.11436462402344,1.0,266.2195129394531,224.3482666015625,1.0,237.57237243652344,229.68275451660156,1.0,186.07028198242188,239.10980224609375,0.9999977350234985,249.00222778320312,263.098388671875,1.0
1384,248.0951690673828,187.9720458984375,1.0,245.4667510986328,211.18478393554688,1.0,210.4755096435547,193.02374267578125,1.0,191.58958435058594,188.58486938476562,1.0,258.1916809082031,217.27407836914062,1.0,266.38519287109375,224.4782257080078,1.0,237.46189880371094,229.5680694580078,1.0,185.88356018066406,239.2767791748047,0.9999983310699463,248.8128662109375,263.0930480957031,1.0
1385,248.1094970703125,187.70558166503906,1.0,245.3749542236328,211.23406982421875,1.0,210.8082275390625,192.80911254882812,1.0,192.10594177246094,188.5874481201172,1.0,258.1354675292969,217.18927001953125,1.0,266.3116760253906,224.48388671875,1.0,237.6046905517578,229.7983856201172,1.0,185.89076232910156,239.06239318847656,0.9999980926513672,248.8740692138672,263.0638732910156,1.0
1386,248.09622192382812,187.69345092773438,1.0,245.3454132080078,211.4225311279297,1.0,210.9830322265625,192.78016662597656,1.0,192.5137176513672,188.57093811035156,1.0,258.371337890625,217.3348388671875,1.0,266.5735778808594,224.6907196044922,1.0,237.2676544189453,229.9278564453125,1.0,186.32968139648438,238.84774780273438,0.9999982118606567,248.62144470214844,263.1523132324219,1.0
1387,248.95233154296875,187.91441345214844,1.0,245.8494110107422,211.3749237060547,1.0,211.42164611816406,192.30126953125,1.0,192.79278564453125,187.92532348632812,1.0,258.7478332519531,217.3928985595703,1.0,266.67462158203125,224.81381225585938,1.0,237.84934997558594,229.57928466796875,1.0,186.53704833984375,238.63380432128906,0.9999980926513672,248.7828369140625,262.79925537109375,1.0
1388,248.81317138671875,187.65811157226562,1.0,246.07965087890625,211.2894287109375,1.0,211.38906860351562,192.28701782226562,1.0,192.67111206054688,188.1051788330078,1.0,258.8940124511719,217.0775604248047,1.0,266.8100891113281,224.289794921875,1.0,238.17425537109375,229.57301330566406,1.0,186.75047302246094,238.8476104736328,0.9999980926513672,248.97842407226562,262.6316833496094,1.0
1389,248.7906494140625,187.5737762451172,1.0,246.15794372558594,210.9101104736328,1.0,211.3422393798828,192.17703247070312,1.0,192.9056854248047,187.80718994140625,1.0,258.94171142578125,217.2546844482422,1.0,266.7835693359375,224.3657989501953,1.0,238.3521270751953,228.69529724121094,1.0,186.40963745117188,238.5618896484375,0.9999966621398926,248.62591552734375,262.6422119140625,1.0
1390,248.82273864746094,187.5230712890625,1.0,246.31570434570312,211.02499389648438,1.0,211.34315490722656,192.15892028808594,1.0,192.82276916503906,187.8546600341797,1.0,259.0005798339844,217.3394775390625,1.0,266.90887451171875,224.3688201904297,1.0,238.421630859375,229.09686279296875,1.0,186.277587890625,238.6786651611328,0.9999970197677612,248.6952362060547,262.63323974609375,1.0
1391,248.6756591796875,187.5469970703125,1.0,246.34762573242188,210.826416015625,1.0,211.31134033203125,192.2992706298828,1.0,192.7476043701172,187.9560089111328,1.0,259.0266418457031,217.49766540527344,1.0,266.8304748535156,224.43115234375,1.0,238.5206756591797,228.58518981933594,1.0,186.382080078125,238.58514404296875,0.9999973773956299,248.7005157470703,262.6991882324219,1.0
1392,248.64401245117188,187.4552764892578,1.0,246.70648193359375,210.43603515625,1.0,211.527587890625,192.3059539794922,1.0,193.20489501953125,187.6768035888672,1.0,259.0407409667969,217.48190307617188,1.0,266.800048828125,224.15280151367188,1.0,238.977294921875,228.16136169433594,1.0,188.57308959960938,236.5151824951172,0.9999959468841553,248.78768920898438,262.70233154296875,1.0
1393,248.64186096191406,187.44656372070312,1.0,246.63619995117188,210.61407470703125,1.0,211.46986389160156,192.3350372314453,1.0,193.0126495361328,187.83302307128906,1.0,259.0559387207031,217.39382934570312,1.0,266.86297607421875,224.16664123535156,1.0,238.98391723632812,228.44561767578125,1.0,186.7066650390625,238.52586364746094,0.9999964237213135,248.91661071777344,262.6161193847656,1.0
1394,248.5150909423828,187.42308044433594,1.0,246.58665466308594,210.74192810058594,1.0,211.443359375,192.38833618164062,1.0,193.12619018554688,187.8136444091797,1.0,259.0098876953125,217.4010772705078,1.0,266.90966796875,224.15040588378906,1.0,238.76158142089844,228.48684692382812,1.0,188.73890686035156,236.8184356689453,0.9999955892562866,248.8968048095703,262.4395751953125,1.0
1395,248.5776824951172,187.34539794921875,1.0,246.52230834960938,210.72816467285156,1.0,211.4551239013672,192.36546325683594,1.0,192.9730987548828,187.74807739257812,1.0,258.9588623046875,217.22518920898438,1.0,266.9128723144531,224.04959106445312,1.0,238.89566040039062,228.6746826171875,1.0,186.97500610351562,238.3759002685547,0.9999958276748657,248.98936462402344,262.4253234863281,1.0
1396,248.4609375,187.38748168945312,1.0,246.43106079101562,210.7363739013672,1.0,211.39892578125,192.47474670410156,1.0,192.96754455566406,187.677734375,1.0,258.9145812988281,217.35418701171875,1.0,266.8115539550781,224.0536346435547,1.0,238.8785400390625,228.63992309570312,1.0,186.8506622314453,238.3960418701172,0.9999955892562866,248.96365356445312,262.2462158203125,1.0
1397,248.50177001953125,187.53016662597656,1.0,246.5762481689453,210.73992919921875,1.0,211.18002319335938,192.41615295410156,1.0,192.75790405273438,187.5582733154297,1.0,258.889892578125,217.4122314453125,1.0,266.9261474609375,224.17807006835938,1.0,238.9541015625,228.6649169921875,1.0,186.51951599121094,238.377197265625,0.9999947547912598,248.96456909179688,262.2513427734375,1.0
1398,248.37802124023438,187.46243286132812,1.0,246.46803283691406,210.67288208007812,1.0,211.32484436035156,192.48464965820312,1.0,192.8721923828125,187.6244354248047,1.0,258.91998291015625,217.4224090576172,1.0,266.9993896484375,224.2062530517578,1.0,238.77830505371094,228.6454315185547,1.0,186.49160766601562,238.45733642578125,0.9999949932098389,249.0890655517578,262.329833984375,1.0
1399,248.2948455810547,187.49754333496094,1.0,246.3834686279297,210.81317138671875,1.0,211.27064514160156,192.4421844482422,1.0,192.83966064453125,187.62582397460938,1.0,258.73797607421875,217.21044921875,1.0,266.78173828125,224.09646606445312,1.0,238.75489807128906,228.74061584472656,1.0,186.4221649169922,238.50167846679688,0.9999954700469971,249.1541290283203,262.0559997558594,1.0
1400,248.24012756347656,187.49969482421875,1.0,246.35011291503906,210.59762573242188,1.0,211.00091552734375,192.461669921875,1.0,192.73638916015625,187.69769287109375,1.0,258.6756591796875,217.36962890625,1.0,266.7550354003906,224.20948791503906,1.0,238.8222198486328,228.5576934814453,1.0,187.90130615234375,236.69482421875,0.9999949932098389,249.2274169921875,262.149169921875,1.0
1401,248.33421325683594,187.4410858154297,1.0,246.40261840820312,210.47259521484375,1.0,210.78746032714844,192.49110412597656,1.0,192.7227783203125,187.72171020507812,1.0,258.9195861816406,217.4927520751953,1.0,266.7698974609375,224.28829956054688,1.0,238.51319885253906,228.287841796875,1.0,187.9864959716797,236.52267456054688,0.9999940395355225,248.95591735839844,262.2862243652344,1.0
1402,248.15402221679688,187.43063354492188,1.0,246.40325927734375,210.4033966064453,1.0,210.84507751464844,192.5126495361328,1.0,192.62643432617188,187.6513214111328,1.0,258.8649597167969,217.40182495117188,1.0,266.8424072265625,224.0815887451172,1.0,238.52493286132812,228.45358276367188,1.0,188.03509521484375,236.57763671875,0.9999954700469971,249.09071350097656,262.18511962890625,1.0
1403,248.28562927246094,187.64666748046875,1.0,246.33108520507812,210.38621520996094,1.0,210.65008544921875,192.46629333496094,1.0,192.36349487304688,187.80062866210938,1.0,258.8609619140625,217.63990783691406,1.0,266.6386413574219,224.10498046875,1.0,238.2270050048828,228.39137268066406,1.0,186.73338317871094,238.47235107421875,0.9999961853027344,248.93626403808594,262.2581787109375,1.0
1404,248.23062133789062,187.7522735595703,1.0,246.5342254638672,210.66493225097656,1.0,210.34364318847656,192.63412475585938,1.0,192.46002197265625,187.99098205566406,1.0,258.61761474609375,217.439208984375,1.0,266.5580749511719,224.22210693359375,1.0,238.5052947998047,228.87571716308594,1.0,188.42828369140625,236.6190643310547,0.9999951124191284,248.9521484375,262.3390808105469,1.0
1405,248.1022491455078,187.51174926757812,1.0,246.23178100585938,210.55430603027344,1.0,210.29574584960938,192.68519592285156,1.0,192.3579559326172,188.11785888671875,1.0,258.73834228515625,217.5472412109375,1.0,266.5989990234375,224.3463134765625,1.0,238.2952880859375,228.73992919921875,1.0,188.39071655273438,236.76097106933594,0.9999955892562866,248.93142700195312,262.451904296875,1.0
1406,247.66546630859375,187.6815643310547,1.0,245.69610595703125,210.56253051757812,1.0,210.6843719482422,192.9557647705078,1.0,192.9569854736328,187.43597412109375,1.0,258.614501953125,218.07496643066406,1.0,266.7034606933594,224.4756622314453,1.0,238.05882263183594,228.652099609375,1.0,186.71600341796875,238.2132110595703,0.9999957084655762,248.9003143310547,262.6338806152344,1.0
1407,247.76734924316406,187.93775939941406,1.0,245.39710998535156,210.4986572265625,1.0,210.79632568359375,193.3979034423828,1.0,192.3040313720703,188.30401611328125,1.0,258.625,218.1949920654297,1.0,266.7105407714844,224.60025024414062,1.0,238.08819580078125,228.87046813964844,1.0,188.31468200683594,236.5511016845703,0.9999963045120239,249.09205627441406,263.2316589355469,1.0
1408,247.93138122558594,188.1365509033203,1.0,245.68209838867188,210.68643188476562,1.0,210.89959716796875,193.4001007080078,1.0,192.51878356933594,188.28785705566406,1.0,258.6841735839844,218.37571716308594,1.0,266.8669128417969,224.77989196777344,1.0,238.0405731201172,229.0942840576172,1.0,186.28201293945312,238.57101440429688,0.9999959468841553,248.82313537597656,263.6309509277344,1.0
1409,247.82386779785156,188.3203582763672,1.0,245.6552734375,210.81349182128906,1.0,210.55288696289062,193.5060577392578,1.0,192.07510375976562,188.60301208496094,1.0,258.5479736328125,218.353759765625,1.0,266.8596496582031,224.93502807617188,1.0,238.21270751953125,229.51329040527344,1.0,186.3207550048828,238.74122619628906,0.9999964237213135,248.7169189453125,263.6690368652344,1.0
1410,247.58099365234375,188.3350067138672,1.0,245.50575256347656,211.13125610351562,1.0,210.41275024414062,193.53590393066406,1.0,192.0054473876953,188.5124053955078,1.0,258.4817199707031,218.24122619628906,1.0,266.8130798339844,224.72105407714844,1.0,237.93516540527344,229.66184997558594,1.0,186.38381958007812,238.99462890625,0.9999972581863403,248.75506591796875,263.6092834472656,1.0
1411,247.55641174316406,188.3846893310547,1.0,245.59228515625,211.11131286621094,1.0,210.82009887695312,193.6768798828125,1.0,192.3134002685547,188.5900421142578,1.0,258.4203796386719,218.1790008544922,1.0,266.5001220703125,224.73934936523438,1.0,237.99139404296875,229.56224060058594,1.0,186.162841796875,238.94992065429688,0.9999961853027344,248.95079040527344,263.63580322265625,1.0
1412,247.41543579101562,188.7772979736328,1.0,245.3408660888672,211.2674102783203,1.0,210.74041748046875,194.79786682128906,1.0,192.97703552246094,188.99774169921875,1.0,258.23870849609375,218.98301696777344,1.0,266.0484924316406,224.94619750976562,1.0,237.943115234375,229.6558074951172,1.0,186.21421813964844,238.78515625,0.9999942779541016,248.93218994140625,263.9052429199219,1.0
1413,247.11569213867188,188.91990661621094,1.0,244.94679260253906,211.50015258789062,1.0,210.7763214111328,195.2039794921875,1.0,192.6512451171875,189.43905639648438,1.0,257.9062194824219,219.3678741455078,1.0,265.70672607421875,225.21420288085938,1.0,237.8822021484375,230.07225036621094,1.0,186.1530303955078,239.2803955078125,0.9999967813491821,248.8385772705078,264.6116638183594,1.0
1414,247.2109832763672,189.47854614257812,1.0,244.67678833007812,211.66668701171875,1.0,210.39356994628906,195.43545532226562,1.0,192.2899169921875,189.3992156982422,1.0,257.701416015625,219.7614288330078,1.0,265.54632568359375,225.7193603515625,1.0,237.50697326660156,230.52920532226562,0.9999998807907104,186.03721618652344,239.49404907226562,0.999996542930603,247.6169891357422,265.133056640625,1.0
1415,246.5601806640625,189.5157928466797,1.0,244.78341674804688,213.11473083496094,1.0,210.1217041015625,195.97633361816406,1.0,191.7153778076172,190.09500122070312,1.0,257.5369873046875,219.93618774414062,1.0,265.4750061035156,226.1176300048828,1.0,236.90142822265625,231.42494201660156,0.9999998807907104,186.37171936035156,240.176025390625,0.9999982118606567,247.46310424804688,265.4336242675781,1.0
1416,246.40377807617188,189.5812530517578,1.0,244.27294921875,213.55372619628906,1.0,210.15196228027344,195.84652709960938,1.0,191.37510681152344,190.39254760742188,1.0,257.1251525878906,220.15682983398438,1.0,265.1545104980469,226.63482666015625,1.0,236.3682098388672,231.4956512451172,0.9999998807907104,185.28091430664062,240.92822265625,0.9999990463256836,247.3003387451172,265.59552001953125,1.0
1417,246.3412628173828,189.72232055664062,1.0,244.125732421875,213.7535858154297,1.0,209.82156372070312,196.115966796875,1.0,191.31640625,190.33045959472656,1.0,257.07281494140625,220.34378051757812,1.0,265.159423828125,226.6337890625,1.0,236.0074005126953,231.94334411621094,0.9999998807907104,185.6234588623047,241.10736083984375,0.9999991655349731,247.3403778076172,265.6692199707031,1.0
1418,246.07769775390625,189.76756286621094,1.0,243.99609375,213.80055236816406,1.0,209.79881286621094,196.0366668701172,1.0,191.05194091796875,190.43304443359375,1.0,256.83612060546875,220.15538024902344,1.0,265.05645751953125,226.37948608398438,1.0,235.92308044433594,232.1929931640625,0.9999998807907104,185.21231079101562,241.2213897705078,0.9999991655349731,247.44921875,265.5101623535156,1.0
1419,245.97109985351562,189.7561492919922,1.0,244.03286743164062,213.9148712158203,1.0,209.50872802734375,196.14126586914062,1.0,191.1524658203125,190.46035766601562,1.0,256.7950134277344,220.13357543945312,1.0,265.01129150390625,226.54425048828125,1.0,235.80882263183594,232.7189483642578,0.9999998807907104,185.10118103027344,241.21107482910156,0.9999991655349731,247.21954345703125,265.7898254394531,1.0
1420,245.95431518554688,189.971435546875,1.0,243.96632385253906,214.11428833007812,1.0,209.57611083984375,196.21900939941406,1.0,191.05703735351562,190.45204162597656,1.0,256.8009338378906,220.26791381835938,1.0,264.9908752441406,226.66835021972656,1.0,235.64523315429688,233.07327270507812,0.9999998807907104,184.86148071289062,241.36875915527344,0.9999991655349731,247.14060974121094,265.8659362792969,1.0
1421,245.9373016357422,189.88633728027344,1.0,243.9971160888672,214.07040405273438,1.0,209.6384735107422,196.23573303222656,1.0,190.94924926757812,190.45223999023438,1.0,256.7195129394531,220.32371520996094,1.0,264.9276123046875,226.61048889160156,1.0,235.6773223876953,232.9956512451172,0.9999998807907104,184.8663787841797,241.29039001464844,0.9999991655349731,247.12576293945312,265.92559814453125,1.0
1422,245.57861328125,189.824462890625,1.0,243.79981994628906,214.06314086914062,1.0,209.57101440429688,196.162841796875,1.0,191.03042602539062,190.38645935058594,1.0,256.627197265625,220.190185546875,1.0,264.88336181640625,226.51901245117188,1.0,235.54501342773438,232.9766387939453,0.9999998807907104,184.76080322265625,241.42640686035156,0.9999991655349731,247.02723693847656,265.9502258300781,1.0
1423,245.95864868164062,189.73724365234375,1.0,243.72715759277344,214.13893127441406,1.0,209.53945922851562,196.00732421875,1.0,190.8234405517578,190.4250030517578,1.0,256.6333312988281,220.17822265625,1.0,264.8477478027344,226.7344207763672,1.0,235.43470764160156,233.06533813476562,0.9999998807907104,184.3585662841797,241.759033203125,0.9999992847442627,246.9576873779297,265.8583679199219,1.0
1424,245.5117645263672,189.78781127929688,1.0,243.46414184570312,214.3275146484375,1.0,209.36302185058594,196.09190368652344,1.0,190.485595703125,190.59410095214844,1.0,256.41351318359375,220.1837615966797,1.0,264.70831298828125,226.91490173339844,1.0,235.24298095703125,232.84237670898438,0.9999998807907104,184.31573486328125,241.84829711914062,0.9999994039535522,246.940673828125,265.7727355957031,1.0
1425,245.07421875,189.966796875,1.0,243.17185974121094,214.4147186279297,1.0,208.66925048828125,196.40679931640625,1.0,190.2706756591797,190.58901977539062,1.0,257.54937744140625,221.0791015625,1.0,264.7984619140625,227.1474151611328,1.0,235.02572631835938,233.1797637939453,0.9999997615814209,184.0056915283203,242.07179260253906,0.9999994039535522,247.70175170898438,265.9406433105469,1.0
1426,244.2560577392578,190.52354431152344,1.0,242.16481018066406,215.14883422851562,1.0,207.59933471679688,196.6451416015625,1.0,189.4049072265625,191.29222106933594,1.0,256.78369140625,221.18797302246094,1.0,264.4886474609375,226.87913513183594,1.0,234.1256866455078,234.3793487548828,0.9999995231628418,183.20823669433594,243.85546875,0.9999994039535522,246.07044982910156,266.7359619140625,1.0
1427,242.7285614013672,190.73036193847656,1.0,241.47369384765625,215.60134887695312,1.0,206.6649627685547,197.6132354736328,1.0,188.18255615234375,192.150390625,1.0,256.03973388671875,221.53854370117188,1.0,264.9635925292969,227.39205932617188,1.0,233.00180053710938,234.92955017089844,0.9999998807907104,182.2957763671875,244.6708984375,0.9999997615814209,245.1417694091797,267.36810302734375,1.0
1428,241.87741088867188,190.77845764160156,1.0,240.93247985839844,215.8326416015625,1.0,206.31396484375,198.20135498046875,1.0,188.29835510253906,192.09170532226562,1.0,255.80223083496094,221.40257263183594,1.0,265.08026123046875,227.03964233398438,1.0,232.23487854003906,235.7427215576172,1.0,182.56689453125,244.88758850097656,0.9999998807907104,245.00112915039062,267.2320251464844,1.0
1429,241.1265106201172,190.86660766601562,1.0,240.5808868408203,216.00851440429688,1.0,205.41152954101562,198.25120544433594,1.0,187.41050720214844,192.1720733642578,1.0,254.69093322753906,221.36766052246094,1.0,264.4085998535156,227.20831298828125,1.0,231.85769653320312,235.91392517089844,1.0,181.8319854736328,245.5670166015625,0.9999998807907104,244.62820434570312,267.49981689453125,1.0
1430,240.7537078857422,190.89283752441406,1.0,240.27699279785156,216.58958435058594,1.0,204.81805419921875,198.49537658691406,1.0,187.27635192871094,192.3850860595703,1.0,253.92971801757812,221.37893676757812,1.0,264.15374755859375,226.99208068847656,1.0,231.1798858642578,236.7615966796875,1.0,181.27780151367188,245.90386962890625,0.9999998807907104,243.82908630371094,267.2087097167969,1.0
1431,240.3227996826172,191.7528839111328,1.0,239.19631958007812,218.56185913085938,1.0,204.3638458251953,198.7655487060547,1.0,187.3529510498047,192.73956298828125,1.0,252.78289794921875,222.0019073486328,1.0,263.21734619140625,227.1379852294922,1.0,229.53970336914062,239.3567657470703,1.0,179.96334838867188,246.44039916992188,0.9999998807907104,242.8466796875,267.4693908691406,1.0
1432,239.6748046875,192.2889404296875,1.0,238.37403869628906,218.7379150390625,1.0,204.19017028808594,198.81326293945312,1.0,187.2331085205078,192.83741760253906,1.0,252.5216827392578,221.9587860107422,1.0,263.10357666015625,227.2982635498047,1.0,229.14755249023438,239.36590576171875,1.0,179.29388427734375,246.7991943359375,0.9999998807907104,242.49256896972656,268.13006591796875,1.0
1433,239.36483764648438,192.59190368652344,1.0,238.2265167236328,219.15576171875,1.0,203.98150634765625,199.5485382080078,1.0,186.98123168945312,193.61898803710938,1.0,252.1749725341797,222.30743408203125,1.0,262.794189453125,227.4569549560547,1.0,229.28321838378906,239.2288055419922,1.0,179.08717346191406,246.89706420898438,0.9999998807907104,241.93759155273438,268.2982482910156,1.0
1434,238.96099853515625,192.93609619140625,1.0,237.76356506347656,219.5657196044922,1.0,203.33123779296875,199.57138061523438,1.0,186.58428955078125,193.3513946533203,1.0,251.57125854492188,222.59042358398438,1.0,262.16009521484375,228.1551055908203,1.0,228.96896362304688,239.68421936035156,1.0,178.5779571533203,246.87930297851562,0.9999998807907104,241.69371032714844,268.64898681640625,1.0
1435,238.20289611816406,192.736328125,1.0,236.5281982421875,219.56300354003906,1.0,202.6046600341797,199.99530029296875,1.0,185.83908081054688,193.40272521972656,1.0,250.83087158203125,222.2632598876953,1.0,261.3179626464844,227.96517944335938,1.0,228.22361755371094,240.02244567871094,1.0,178.09242248535156,247.517333984375,0.9999997615814209,240.48509216308594,268.799072265625,1.0
1436,236.9191436767578,192.5801544189453,1.0,234.53564453125,219.56808471679688,1.0,202.14974975585938,200.5100860595703,1.0,185.3299102783203,193.95599365234375,1.0,249.9534912109375,222.05543518066406,1.0,260.705322265625,227.7269744873047,1.0,227.2150115966797,240.44366455078125,1.0,176.99497985839844,247.67564392089844,0.9999997615814209,239.69088745117188,269.358154296875,1.0
1437,236.63917541503906,192.7134246826172,1.0,234.2377166748047,220.0230255126953,1.0,201.42361450195312,200.30361938476562,1.0,184.24269104003906,193.92864990234375,1.0,249.8058319091797,221.88336181640625,1.0,260.538818359375,227.78497314453125,1.0,227.0947265625,240.7677764892578,1.0,176.9351806640625,248.1266326904297,0.9999996423721313,239.67422485351562,269.5554504394531,1.0
1438,235.78091430664062,192.67837524414062,1.0,233.61602783203125,220.66693115234375,1.0,200.59910583496094,200.75477600097656,1.0,182.82296752929688,194.40272521972656,1.0,249.25222778320312,222.0679931640625,1.0,260.3825988769531,227.56634521484375,1.0,225.60025024414062,240.6231231689453,1.0,176.30514526367188,248.63536071777344,0.9999994039535522,239.2289276123047,269.8057556152344,1.0
1439,235.792236328125,192.81544494628906,1.0,233.06610107421875,220.7205047607422,1.0,200.25352478027344,200.84381103515625,1.0,182.41790771484375,194.7407684326172,1.0,249.05419921875,221.80917358398438,1.0,260.1178283691406,227.30824279785156,1.0,224.95989990234375,241.18682861328125,1.0,175.9777069091797,249.0103302001953,0.9999990463256836,239.26119995117188,269.76568603515625,1.0
1440,235.78451538085938,192.8936309814453,1.0,232.6769256591797,220.91148376464844,1.0,199.98599243164062,199.85400390625,1.0,182.4240264892578,194.52395629882812,1.0,248.92759704589844,221.5673065185547,1.0,259.91778564453125,227.49392700195312,1.0,225.1778564453125,241.05970764160156,1.0,176.2494354248047,247.82557678222656,0.9999996423721313,239.32769775390625,269.7217102050781,1.0
1441,235.61412048339844,192.84803771972656,1.0,232.43093872070312,221.06021118164062,1.0,199.43765258789062,200.15713500976562,1.0,181.37489318847656,194.61383056640625,1.0,248.56968688964844,221.50808715820312,1.0,259.431396484375,227.44882202148438,1.0,224.79005432128906,241.75648498535156,1.0,176.10348510742188,248.567138671875,0.9999994039535522,238.79440307617188,269.7752685546875,1.0
1442,235.1787567138672,192.7444305419922,1.0,232.05099487304688,221.3241729736328,1.0,199.12001037597656,200.7683868408203,1.0,181.51963806152344,194.9485321044922,1.0,248.42422485351562,221.38174438476562,1.0,259.28759765625,227.54039001464844,1.0,224.73077392578125,242.1370849609375,1.0,175.96737670898438,248.67588806152344,0.9999994039535522,238.7006378173828,269.8257141113281,1.0
1443,234.83792114257812,192.6688690185547,1.0,231.7238006591797,221.6209716796875,1.0,198.68589782714844,200.8102569580078,1.0,180.8028106689453,195.0853271484375,1.0,248.3516082763672,221.50311279296875,1.0,259.16888427734375,227.5169677734375,1.0,224.3619842529297,242.3815460205078,1.0,175.5357666015625,249.25909423828125,0.9999985694885254,238.6890411376953,269.9339599609375,1.0
1444,234.71829223632812,192.97073364257812,1.0,231.45904541015625,221.64703369140625,1.0,198.66006469726562,200.8028564453125,1.0,180.39096069335938,195.23951721191406,1.0,248.02236938476562,221.57345581054688,1.0,258.826904296875,227.610107421875,1.0,223.8564910888672,242.74908447265625,1.0,176.06771850585938,247.8726043701172,0.9999984502792358,238.44480895996094,269.7731628417969,1.0
1445,234.49365234375,192.9652862548828,1.0,231.6171112060547,221.82147216796875,1.0,198.41075134277344,200.76315307617188,1.0,180.22496032714844,195.11285400390625,1.0,247.78929138183594,221.64584350585938,1.0,258.6756591796875,228.1102752685547,1.0,223.30685424804688,243.3995819091797,1.0,175.4982452392578,247.65081787109375,0.9999990463256836,238.0141143798828,269.9013977050781,1.0
1446,233.30752563476562,192.9497833251953,1.0,229.97828674316406,221.6780548095703,1.0,196.48536682128906,201.0886993408203,1.0,178.41761779785156,195.64028930664062,1.0,246.99447631835938,221.83587646484375,1.0,257.90576171875,227.33612060546875,1.0,221.33447265625,243.24159240722656,1.0,173.36740112304688,248.15737915039062,0.9999995231628418,237.397705078125,269.658447265625,1.0
1447,232.4016571044922,193.5559539794922,1.0,228.5235595703125,221.59535217285156,1.0,195.76068115234375,201.11668395996094,1.0,178.02407836914062,195.6882781982422,1.0,245.40174865722656,222.12252807617188,1.0,256.7931213378906,226.95263671875,1.0,220.1647491455078,243.30819702148438,1.0,172.06532287597656,248.6540985107422,0.9999997615814209,236.15087890625,271.42041015625,1.0
1448,230.5124053955078,193.49737548828125,1.0,227.39675903320312,221.76148986816406,1.0,194.25027465820312,201.81175231933594,1.0,176.34359741210938,195.64401245117188,1.0,244.81663513183594,221.71163940429688,1.0,255.98045349121094,226.6609649658203,1.0,218.737548828125,243.8083038330078,1.0,171.1055908203125,249.1179962158203,0.9999996423721313,235.52304077148438,271.7466735839844,1.0
1449,229.81239318847656,193.20091247558594,1.0,227.35324096679688,221.42361450195312,1.0,193.23301696777344,202.04296875,1.0,174.85794067382812,195.58009338378906,1.0,244.30735778808594,221.6127166748047,1.0,255.36997985839844,226.62591552734375,1.0,218.40008544921875,243.18399047851562,1.0,170.5226287841797,250.0349578857422,0.9999996423721313,235.14910888671875,271.52655029296875,1.0
1450,228.14784240722656,192.50338745117188,1.0,224.631103515625,221.98252868652344,1.0,191.25567626953125,202.42178344726562,1.0,173.4866943359375,196.49078369140625,1.0,242.94781494140625,222.78501892089844,1.0,254.49940490722656,226.6546630859375,1.0,216.1641082763672,243.2487335205078,1.0,169.3340606689453,250.79574584960938,0.9999995231628418,234.45684814453125,271.01513671875,1.0
1451,225.37037658691406,192.37554931640625,1.0,222.2055206298828,222.53228759765625,1.0,188.91346740722656,203.35020446777344,1.0,172.53985595703125,197.4510955810547,1.0,240.5944366455078,222.1674041748047,1.0,252.91079711914062,226.7179412841797,1.0,214.33580017089844,243.58837890625,1.0,166.21852111816406,253.48345947265625,0.9999995231628418,232.1985626220703,271.91802978515625,1.0
1452,224.27134704589844,192.6156005859375,1.0,221.07302856445312,223.0041961669922,1.0,188.03591918945312,203.18650817871094,1.0,171.946533203125,197.7985076904297,1.0,240.39710998535156,222.1618194580078,1.0,252.219482421875,225.39279174804688,1.0,212.77005004882812,244.7589111328125,1.0,166.05300903320312,253.4501190185547,0.9999994039535522,231.94943237304688,271.8064270019531,1.0
1453,223.65696716308594,192.83804321289062,1.0,219.88720703125,223.0423126220703,1.0,187.48854064941406,203.2714080810547,1.0,171.62283325195312,198.1194610595703,1.0,239.83547973632812,221.78517150878906,1.0,251.8659210205078,225.5200958251953,1.0,211.95562744140625,245.321044921875,1.0,164.99220275878906,255.03562927246094,0.9999995231628418,231.41824340820312,271.9749755859375,1.0
1454,224.2296600341797,192.88284301757812,1.0,218.8734893798828,223.27313232421875,1.0,186.37681579589844,203.78652954101562,1.0,170.2012176513672,198.4446563720703,1.0,239.26437377929688,221.29043579101562,1.0,251.46133422851562,225.25387573242188,1.0,210.8647003173828,246.40113830566406,1.0,164.1628875732422,255.6237335205078,0.9999998807907104,230.5690155029297,272.2522277832031,1.0
1455,222.00448608398438,193.13754272460938,1.0,215.62477111816406,223.33383178710938,1.0,185.92266845703125,204.24838256835938,1.0,168.78237915039062,198.76097106933594,1.0,238.74803161621094,221.20668029785156,1.0,251.2484588623047,225.45916748046875,1.0,209.65975952148438,245.48704528808594,1.0,162.8351287841797,256.0527648925781,0.9999998807907104,229.9219207763672,271.7724304199219,1.0
1456,219.50428771972656,192.82632446289062,1.0,212.97857666015625,223.98269653320312,1.0,183.72540283203125,204.1053924560547,1.0,166.90225219726562,199.3423614501953,1.0,237.1786346435547,221.3352813720703,1.0,250.25482177734375,224.74224853515625,1.0,208.03466796875,246.1327362060547,1.0,161.93814086914062,256.9533386230469,1.0,229.0538330078125,272.4073486328125,1.0
1457,218.0654754638672,192.57180786132812,1.0,211.1007537841797,223.9149627685547,1.0,182.5155792236328,204.1132354736328,1.0,165.6959686279297,199.3508758544922,1.0,237.26431274414062,221.08311462402344,1.0,250.2594757080078,224.9407958984375,1.0,206.9920196533203,245.47958374023438,1.0,161.3362274169922,256.9764099121094,1.0,228.1049041748047,272.767578125,1.0
1458,217.36708068847656,192.5817108154297,1.0,210.04112243652344,224.0469970703125,1.0,182.0849609375,204.5418243408203,1.0,165.7670440673828,199.48619079589844,1.0,236.74649047851562,221.17666625976562,1.0,249.99227905273438,225.13272094726562,1.0,206.2273712158203,245.5690155029297,1.0,160.88267517089844,257.2684631347656,1.0,227.06927490234375,273.19488525390625,1.0
1459,216.95729064941406,192.5093536376953,1.0,209.7718505859375,224.4467010498047,1.0,181.69320678710938,205.39077758789062,1.0,164.9303436279297,199.58013916015625,1.0,235.16677856445312,221.09182739257812,1.0,249.51007080078125,224.8684539794922,1.0,204.9453125,246.3155059814453,1.0,159.88233947753906,258.0313415527344,1.0,225.7516326904297,272.9825134277344,1.0
1460,216.52783203125,192.4091796875,1.0,209.54928588867188,224.64306640625,1.0,181.34335327148438,205.4411163330078,1.0,164.77476501464844,199.74798583984375,1.0,234.88345336914062,221.15931701660156,1.0,249.16839599609375,225.08775329589844,1.0,204.64117431640625,246.80833435058594,1.0,159.59600830078125,257.72650146484375,1.0,225.10992431640625,272.99798583984375,1.0
1461,216.24948120117188,192.32763671875,1.0,209.1321563720703,224.4857177734375,1.0,180.95773315429688,205.52098083496094,1.0,164.78305053710938,200.02633666992188,1.0,234.80943298339844,221.1698760986328,1.0,248.92005920410156,224.95765686035156,1.0,204.0216522216797,246.13768005371094,1.0,159.64051818847656,257.6998596191406,1.0,224.38482666015625,272.7915954589844,1.0
1462,214.24143981933594,191.72471618652344,1.0,208.81423950195312,224.43309020996094,1.0,180.341064453125,205.716064453125,1.0,164.20623779296875,199.8617706298828,1.0,233.9208984375,221.11611938476562,1.0,247.8924560546875,224.49827575683594,1.0,202.41458129882812,246.6167449951172,1.0,159.10446166992188,258.1151123046875,1.0,223.95281982421875,272.6542663574219,1.0
1463,213.7903594970703,191.67196655273438,1.0,207.92491149902344,224.56793212890625,1.0,179.6484375,205.6947784423828,1.0,163.58334350585938,200.3448028564453,1.0,233.32638549804688,221.076171875,1.0,247.61532592773438,224.2383575439453,1.0,201.66598510742188,247.35992431640625,1.0,158.23861694335938,259.0387878417969,1.0,223.8526611328125,272.57305908203125,1.0
1464,214.00747680664062,192.00074768066406,1.0,207.96571350097656,224.137451171875,1.0,179.62684631347656,205.4881591796875,1.0,162.78392028808594,199.9569854736328,1.0,233.26345825195312,221.0664825439453,1.0,247.49676513671875,224.59396362304688,1.0,201.6593780517578,246.5904541015625,1.0,157.99020385742188,257.86407470703125,1.0,223.86802673339844,272.3471984863281,1.0
1465,214.0850830078125,191.87913513183594,1.0,207.8625946044922,223.96316528320312,1.0,179.61032104492188,205.4969024658203,1.0,162.5909881591797,199.90972900390625,1.0,233.236328125,221.15234375,1.0,247.25555419921875,224.57144165039062,1.0,201.4246368408203,246.5312957763672,1.0,157.83193969726562,257.6148681640625,1.0,223.46206665039062,272.589111328125,1.0
1466,213.855712890625,191.99183654785156,1.0,207.42144775390625,224.2941131591797,1.0,179.35623168945312,205.63804626464844,1.0,162.337890625,200.2511444091797,1.0,232.9934844970703,221.14549255371094,1.0,246.94735717773438,224.24278259277344,1.0,201.17633056640625,246.48162841796875,1.0,157.6155548095703,257.94122314453125,1.0,223.2097930908203,272.4191589355469,1.0
1467,213.69583129882812,191.93759155273438,1.0,207.0854949951172,224.2172393798828,1.0,179.2808837890625,205.6161346435547,1.0,162.173828125,200.1193084716797,1.0,232.9393310546875,221.18756103515625,1.0,246.85292053222656,224.21286010742188,1.0,200.57785034179688,246.04722595214844,1.0,157.24082946777344,258.0017395019531,1.0,223.0520782470703,272.6109924316406,1.0
1468,213.44886779785156,193.7730255126953,1.0,206.9384307861328,225.1056365966797,1.0,178.9802703857422,206.08677673339844,1.0,162.1455078125,200.752197265625,1.0,232.779296875,222.40554809570312,1.0,246.935791015625,224.59671020507812,1.0,199.8245086669922,247.5337371826172,0.9999997615814209,157.19834899902344,258.56744384765625,1.0,222.54922485351562,273.3733215332031,1.0
1469,212.81979370117188,195.01084899902344,1.0,206.1648712158203,226.7916717529297,1.0,179.07656860351562,207.90408325195312,1.0,162.4908905029297,201.8515167236328,1.0,232.3270721435547,223.4318084716797,1.0,246.2512969970703,224.52565002441406,1.0,200.5412139892578,249.0145721435547,0.9999997615814209,157.00611877441406,259.98260498046875,1.0,222.38821411132812,274.75677490234375,1.0
1470,212.56190490722656,195.1575469970703,1.0,206.30079650878906,227.9038543701172,1.0,179.06451416015625,208.19825744628906,1.0,162.2761993408203,202.2334442138672,1.0,232.2039794921875,223.64346313476562,1.0,246.1634979248047,224.6638641357422,1.0,201.0523223876953,249.34263610839844,0.9999998807907104,156.45701599121094,260.8957214355469,1.0,222.67518615722656,275.0860290527344,1.0
1471,212.61917114257812,195.291259765625,1.0,206.0521697998047,227.58396911621094,1.0,178.6458282470703,208.28367614746094,1.0,161.70040893554688,202.24459838867188,1.0,232.36119079589844,223.73031616210938,1.0,246.13279724121094,224.87997436523438,1.0,200.4198455810547,249.88552856445312,0.9999998807907104,156.34011840820312,261.0346984863281,1.0,222.332763671875,275.26153564453125,1.0
1472,212.4607696533203,195.52146911621094,1.0,205.83367919921875,227.7801971435547,1.0,178.92135620117188,208.4357452392578,1.0,162.36831665039062,202.37579345703125,1.0,231.9698486328125,223.81747436523438,1.0,246.02012634277344,224.8909454345703,1.0,200.58889770507812,249.76559448242188,0.9999998807907104,156.42445373535156,261.0617370605469,1.0,222.3102264404297,275.5771789550781,1.0
1473,212.14382934570312,195.46795654296875,1.0,205.56263732910156,227.82989501953125,1.0,178.4550323486328,208.3192138671875,1.0,161.57644653320312,202.33993530273438,1.0,231.75051879882812,223.8159637451172,1.0,245.8110809326172,224.8719024658203,1.0,200.45973205566406,249.99473571777344,0.9999998807907104,155.9990997314453,261.16943359375,1.0,222.37840270996094,275.7275390625,1.0
1474,212.41676330566406,195.5963134765625,1.0,205.72708129882812,227.96937561035156,1.0,178.47886657714844,208.38522338867188,1.0,161.5537567138672,202.45657348632812,1.0,231.7621307373047,223.94744873046875,1.0,245.6361846923828,225.04893493652344,1.0,200.45884704589844,250.25656127929688,0.9999998807907104,156.29237365722656,261.32611083984375,1.0,222.49630737304688,275.9034118652344,1.0
1475,212.37435913085938,195.65951538085938,1.0,205.87753295898438,228.11911010742188,1.0,178.56121826171875,208.46458435058594,1.0,161.57473754882812,202.6902313232422,1.0,231.757568359375,224.05751037597656,1.0,245.6637420654297,225.0179443359375,1.0,200.56932067871094,250.32603454589844,0.9999997615814209,156.4259490966797,261.277587890625,1.0,222.69479370117188,276.0079650878906,1.0
1476,212.35865783691406,195.99925231933594,1.0,206.0030517578125,228.10108947753906,1.0,178.5019073486328,208.8359832763672,1.0,161.8126983642578,202.9690704345703,1.0,231.92237854003906,224.4232635498047,1.0,245.8045654296875,225.36306762695312,1.0,200.64682006835938,250.55072021484375,0.9999997615814209,156.0648651123047,261.6224670410156,1.0,222.84812927246094,276.12481689453125,1.0
1477,212.4169921875,196.0998992919922,1.0,205.89505004882812,227.96713256835938,1.0,178.47927856445312,208.83322143554688,1.0,161.5526123046875,202.8105926513672,1.0,231.8206024169922,224.6009521484375,1.0,245.80259704589844,225.4583740234375,1.0,200.44488525390625,250.65394592285156,0.9999997615814209,155.93231201171875,261.60400390625,1.0,222.66123962402344,276.1637878417969,1.0
1478,212.59445190429688,196.27294921875,1.0,206.38441467285156,228.3775634765625,1.0,178.4961395263672,208.9973907470703,1.0,161.99993896484375,203.2314453125,1.0,231.8950653076172,224.67918395996094,1.0,245.6465606689453,225.5504608154297,1.0,200.64759826660156,251.4072723388672,0.9999998807907104,156.27822875976562,261.629638671875,1.0,222.7734832763672,276.20672607421875,1.0
1479,212.50424194335938,196.2875213623047,1.0,206.3642120361328,228.4853057861328,1.0,178.423095703125,208.8360595703125,1.0,161.76858520507812,203.09461975097656,1.0,231.85238647460938,224.83413696289062,1.0,245.6539764404297,225.6607666015625,1.0,200.6268768310547,251.4290313720703,0.9999997615814209,156.25091552734375,261.7228088378906,1.0,222.80899047851562,276.2327880859375,1.0
1480,212.5242156982422,196.4651641845703,1.0,206.35806274414062,228.7970428466797,1.0,178.5226593017578,208.96542358398438,1.0,161.7862548828125,203.2932586669922,1.0,231.82801818847656,225.02044677734375,1.0,245.6784210205078,225.7991943359375,1.0,200.8399200439453,251.113037109375,0.9999997615814209,156.38980102539062,261.6859436035156,1.0,222.82498168945312,276.4615173339844,1.0
1481,212.46224975585938,196.4580841064453,1.0,206.23377990722656,228.5758819580078,0.9999998807907104,178.5320281982422,209.02113342285156,1.0,161.93202209472656,202.95741271972656,1.0,231.75059509277344,225.54653930664062,1.0,245.63551330566406,225.6315155029297,1.0,200.72491455078125,250.9438018798828,0.9999996423721313,156.3258819580078,261.9396667480469,1.0,222.7987060546875,276.57208251953125,1.0
1482,212.083984375,196.8391876220703,1.0,205.55886840820312,228.9755401611328,0.9999998807907104,178.49530029296875,209.4423370361328,1.0,161.76754760742188,202.92007446289062,1.0,231.0753936767578,226.36367797851562,1.0,245.26174926757812,225.79417419433594,1.0,200.10134887695312,251.12509155273438,0.9999998807907104,156.43505859375,262.4022216796875,1.0,222.51760864257812,276.5693359375,1.0
1483,211.85804748535156,196.9044189453125,1.0,204.79794311523438,229.20745849609375,0.9999998807907104,178.2634735107422,209.66380310058594,1.0,161.6566162109375,203.16561889648438,1.0,230.8946075439453,226.51858520507812,1.0,245.1637725830078,225.90541076660156,1.0,199.2748565673828,251.01406860351562,0.9999998807907104,156.59872436523438,262.2521667480469,1.0,222.40721130371094,276.69989013671875,1.0
1484,211.923583984375,196.90695190429688,1.0,204.85154724121094,228.8507843017578,0.9999998807907104,178.18246459960938,209.64207458496094,1.0,161.7422637939453,203.23104858398438,1.0,230.85081481933594,226.38641357421875,1.0,244.8958740234375,225.98472595214844,1.0,199.362060546875,250.8009796142578,0.9999998807907104,156.69122314453125,262.0881652832031,1.0,222.44834899902344,276.6192932128906,1.0
1485,211.91473388671875,196.77239990234375,1.0,204.6198272705078,229.0096893310547,0.9999998807907104,178.074462890625,209.70599365234375,1.0,161.61720275878906,203.4163360595703,1.0,230.89817810058594,226.4620819091797,1.0,244.9893035888672,225.9803924560547,1.0,199.30020141601562,250.9318084716797,0.9999998807907104,156.51712036132812,262.17138671875,1.0,222.47189331054688,276.7063293457031,1.0
1486,211.78794860839844,196.91819763183594,1.0,204.66690063476562,228.9010467529297,0.9999998807907104,178.02076721191406,209.75733947753906,1.0,161.73065185546875,203.46934509277344,1.0,230.85409545898438,226.45237731933594,1.0,244.92105102539062,225.8536834716797,1.0,199.1976318359375,250.8141326904297,0.9999997615814209,156.46759033203125,262.28363037109375,1.0,222.35650634765625,276.79107666015625,1.0
1487,211.79885864257812,196.8313751220703,1.0,204.55043029785156,228.9453582763672,0.9999998807907104,177.8738555908203,209.7740020751953,1.0,161.21365356445312,203.41415405273438,1.0,230.81930541992188,226.4981231689453,1.0,244.84536743164062,225.99984741210938,1.0,199.04832458496094,250.70819091796875,0.9999997615814209,156.55752563476562,262.26953125,1.0,222.39759826660156,276.69317626953125,1.0
1488,211.48924255371094,197.47227478027344,1.0,203.8694610595703,228.8670196533203,0.9999998807907104,177.87548828125,210.00010681152344,1.0,161.19949340820312,203.962646484375,1.0,230.60939025878906,226.4183349609375,1.0,244.7576141357422,225.79116821289062,1.0,198.79910278320312,251.10462951660156,0.9999997615814209,156.04881286621094,262.5743408203125,1.0,222.64976501464844,276.7352600097656,1.0
1489,211.44737243652344,197.53085327148438,1.0,203.93861389160156,228.97901916503906,0.9999998807907104,177.9422149658203,210.01202392578125,1.0,161.36358642578125,204.1355438232422,1.0,230.63238525390625,226.40963745117188,1.0,244.80975341796875,225.73855590820312,1.0,198.98577880859375,251.1531524658203,0.9999998807907104,155.9507293701172,262.23797607421875,1.0,222.72608947753906,276.7415771484375,1.0
1490,211.4616241455078,197.47433471679688,1.0,204.3045654296875,228.98231506347656,0.9999998807907104,178.11642456054688,210.05862426757812,1.0,161.6375732421875,204.2889862060547,1.0,230.72097778320312,226.58290100097656,1.0,244.99827575683594,225.8435516357422,1.0,199.2490234375,251.3964080810547,0.9999997615814209,156.16270446777344,262.28314208984375,1.0,222.81764221191406,276.7860412597656,1.0
1491,211.39663696289062,197.42320251464844,1.0,204.34864807128906,229.02944946289062,0.9999998807907104,178.07557678222656,210.14491271972656,1.0,161.61183166503906,204.2984619140625,1.0,230.7327117919922,226.5281219482422,1.0,244.95872497558594,225.81373596191406,1.0,199.29127502441406,251.6978302001953,0.9999997615814209,155.99058532714844,262.46905517578125,1.0,222.86236572265625,276.824462890625,1.0
1492,211.72825622558594,197.50186157226562,1.0,204.54110717773438,229.01150512695312,0.9999998807907104,178.20948791503906,210.23678588867188,1.0,161.6745147705078,204.4688262939453,1.0,230.90684509277344,226.5347900390625,1.0,245.02369689941406,225.86978149414062,1.0,199.5444793701172,251.61558532714844,0.9999997615814209,156.3115692138672,262.4422607421875,1.0,222.9889678955078,276.8653869628906,1.0
1493,211.6886749267578,197.4131622314453,1.0,204.726318359375,229.09683227539062,0.9999998807907104,178.26693725585938,210.34178161621094,1.0,161.73980712890625,204.10032653808594,1.0,230.92713928222656,226.60739135742188,1.0,245.02935791015625,225.96060180664062,1.0,199.56983947753906,251.88079833984375,0.9999995231628418,155.94577026367188,262.7252502441406,1.0,223.07826232910156,277.0540466308594,1.0
1494,211.74395751953125,197.4019775390625,1.0,204.95643615722656,229.19631958007812,0.9999998807907104,178.30703735351562,210.427490234375,1.0,161.62252807617188,204.1443328857422,1.0,230.9080352783203,226.5271759033203,1.0,244.93125915527344,226.03810119628906,1.0,199.74940490722656,252.11000061035156,0.9999996423721313,156.03636169433594,262.76318359375,1.0,223.24728393554688,277.1257019042969,1.0
1495,211.6564178466797,197.31442260742188,1.0,204.96981811523438,229.1065216064453,0.9999998807907104,178.2377471923828,210.38963317871094,1.0,161.64205932617188,204.21954345703125,1.0,230.9187774658203,226.6011199951172,1.0,244.9802703857422,226.17283630371094,1.0,199.78610229492188,251.79598999023438,0.9999995231628418,155.8698272705078,262.8903503417969,1.0,223.19573974609375,277.0851135253906,1.0
1496,211.87234497070312,197.44439697265625,1.0,205.10667419433594,229.177490234375,0.9999998807907104,178.2306671142578,210.39756774902344,1.0,161.55018615722656,204.16746520996094,1.0,231.13299560546875,226.61859130859375,1.0,245.06039428710938,226.1804962158203,1.0,199.65267944335938,252.2161865234375,0.9999997615814209,155.9272918701172,262.6577453613281,1.0,223.32650756835938,276.94891357421875,1.0
1497,212.063232421875,197.59063720703125,1.0,205.1676483154297,229.3971710205078,0.9999998807907104,178.27427673339844,210.595703125,1.0,161.34457397460938,204.3417205810547,1.0,231.19210815429688,226.74534606933594,1.0,245.03318786621094,226.11984252929688,1.0,199.69317626953125,252.6011962890625,0.9999996423721313,156.0956573486328,262.7591247558594,1.0,223.3583221435547,276.986572265625,1.0
1498,211.82723999023438,197.63525390625,1.0,205.1216583251953,229.39651489257812,0.9999998807907104,178.13107299804688,210.5937042236328,1.0,161.35789489746094,204.391357421875,1.0,231.24159240722656,226.72579956054688,1.0,245.03184509277344,226.28578186035156,1.0,199.66294860839844,252.3710479736328,0.9999996423721313,156.11468505859375,262.6815185546875,1.0,223.2286376953125,276.998046875,1.0
1499,211.78492736816406,197.5564422607422,1.0,205.141845703125,229.41384887695312,0.9999998807907104,178.19119262695312,210.57138061523438,1.0,161.52333068847656,204.42967224121094,1.0,231.26687622070312,226.84129333496094,1.0,244.884765625,226.28656005859375,1.0,199.7025146484375,252.47293090820312,0.9999996423721313,156.2987518310547,262.5205078125,1.0,223.28131103515625,277.0526123046875,1.0
1500,211.45416259765625,197.54127502441406,1.0,205.1476287841797,229.3920440673828,1.0,177.81631469726562,210.60968017578125,1.0,161.1173858642578,204.41600036621094,1.0,231.19546508789062,226.77113342285156,1.0,244.7642822265625,226.29788208007812,1.0,199.90164184570312,252.25518798828125,0.9999995231628418,156.22315979003906,262.9743957519531,1.0,223.3441925048828,277.1784973144531,1.0
1501,211.54806518554688,197.59292602539062,1.0,205.41209411621094,229.45932006835938,1.0,177.8837432861328,210.57080078125,1.0,161.01144409179688,204.3195037841797,1.0,231.23475646972656,226.9029541015625,1.0,244.78175354003906,226.29071044921875,1.0,199.7470245361328,252.72821044921875,0.9999995231628418,156.2549591064453,262.946044921875,1.0,223.54171752929688,277.1175537109375,1.0
1502,211.33700561523438,197.4864959716797,1.0,205.24087524414062,229.43960571289062,0.9999998807907104,177.82797241210938,210.5481719970703,1.0,161.03395080566406,204.39389038085938,1.0,231.12094116210938,226.79627990722656,1.0,244.75820922851562,226.30381774902344,1.0,199.69247436523438,252.5129852294922,0.9999995231628418,156.25550842285156,263.22564697265625,0.9999998807907104,223.46688842773438,277.21484375,1.0
1503,211.271240234375,197.55104064941406,1.0,205.01927185058594,229.383056640625,0.9999998807907104,177.88856506347656,210.58067321777344,1.0,161.16619873046875,204.361328125,1.0,231.17495727539062,226.83383178710938,1.0,244.792236328125,226.2842254638672,1.0,199.95237731933594,252.06944274902344,0.9999994039535522,156.33982849121094,263.2052307128906,0.9999998807907104,223.39932250976562,277.1861267089844,1.0
1504,211.23764038085938,197.6238250732422,1.0,205.194580078125,229.45852661132812,0.9999998807907104,177.92616271972656,210.6064910888672,1.0,160.989013671875,204.4923858642578,1.0,231.23129272460938,226.86106872558594,1.0,244.78688049316406,226.2501220703125,1.0,199.77737426757812,252.483154296875,0.9999996423721313,156.4879913330078,263.10498046875,1.0,223.40032958984375,277.2789306640625,1.0
1505,211.37535095214844,197.62118530273438,1.0,205.01956176757812,229.44195556640625,0.9999998807907104,177.87229919433594,210.54275512695312,1.0,160.9813232421875,204.4368438720703,1.0,231.25924682617188,226.8455047607422,1.0,244.81959533691406,226.30198669433594,1.0,199.71641540527344,252.37838745117188,0.9999996423721313,156.33937072753906,263.0517883300781,1.0,223.43650817871094,277.2099304199219,1.0
1506,211.40802001953125,197.62765502929688,1.0,204.931884765625,229.29818725585938,0.9999998807907104,177.79190063476562,210.66575622558594,1.0,160.75523376464844,204.5212860107422,1.0,231.29151916503906,226.8887481689453,1.0,244.88999938964844,226.34840393066406,1.0,199.59103393554688,252.2318115234375,0.9999995231628418,156.31556701660156,263.2730407714844,0.9999998807907104,223.41217041015625,277.2494812011719,1.0
1507,211.1944580078125,197.56002807617188,1.0,204.6207275390625,229.3078155517578,0.9999998807907104,177.38735961914062,210.64076232910156,1.0,160.47109985351562,204.3560028076172,1.0,231.1793975830078,226.91650390625,1.0,244.8143310546875,226.3527374267578,1.0,199.66445922851562,252.08737182617188,0.9999994039535522,156.29896545410156,263.30426025390625,0.9999998807907104,223.27487182617188,277.2297668457031,1.0
1508,210.9323272705078,197.49440002441406,1.0,204.28005981445312,229.27098083496094,0.9999998807907104,177.30555725097656,210.73426818847656,1.0,160.30630493164062,204.47207641601562,1.0,231.11915588378906,226.84869384765625,1.0,244.61436462402344,226.3979949951172,1.0,199.5289306640625,252.09361267089844,0.9999994039535522,156.36395263671875,263.3433532714844,0.9999998807907104,223.162109375,277.2848815917969,1.0
1509,210.8833770751953,197.55776977539062,1.0,204.46412658691406,229.33700561523438,0.9999998807907104,177.8843994140625,211.686767578125,1.0,159.75527954101562,204.636962890625,1.0,230.94857788085938,226.9779052734375,1.0,244.35813903808594,226.2056884765625,1.0,199.7821044921875,252.06703186035156,0.9999995231628418,156.50888061523438,263.4493103027344,0.9999998807907104,223.05838012695312,277.22235107421875,1.0
1510,210.76625061035156,197.4755859375,1.0,204.42698669433594,229.47677612304688,0.9999998807907104,177.65174865722656,211.71678161621094,1.0,159.95669555664062,204.6670379638672,1.0,230.823486328125,226.94480895996094,1.0,244.3542022705078,226.20431518554688,1.0,199.74884033203125,252.2652587890625,0.9999995231628418,156.36216735839844,263.4659729003906,0.9999998807907104,223.25648498535156,277.1657409667969,1.0
1511,210.6364288330078,197.55250549316406,1.0,204.2238006591797,229.2754364013672,0.9999998807907104,177.66055297851562,211.68980407714844,1.0,159.93955993652344,204.4895477294922,1.0,230.64515686035156,226.84791564941406,1.0,244.22012329101562,226.1749725341797,1.0,199.5635223388672,252.08892822265625,0.9999995231628418,156.20030212402344,263.5397644042969,0.9999998807907104,223.0869140625,277.0891418457031,1.0
1512,210.77354431152344,197.9161834716797,1.0,204.27748107910156,229.41168212890625,0.9999998807907104,177.72091674804688,211.68875122070312,1.0,159.86448669433594,204.4291534423828,1.0,230.7057342529297,226.6647186279297,1.0,244.31053161621094,226.02345275878906,1.0,199.5261688232422,252.18753051757812,0.9999996423721313,156.0850067138672,263.6089172363281,0.9999998807907104,222.96060180664062,277.07275390625,1.0
1513,210.63912963867188,197.7792510986328,1.0,204.00588989257812,229.32940673828125,0.9999998807907104,177.5658416748047,211.67237854003906,1.0,159.91799926757812,204.41212463378906,1.0,230.71441650390625,226.59884643554688,1.0,244.3206329345703,226.02218627929688,1.0,199.46632385253906,251.93246459960938,0.9999996423721313,156.07196044921875,263.5363464355469,0.9999998807907104,223.01556396484375,277.010986328125,1.0
1514,210.41778564453125,197.58030700683594,1.0,204.01947021484375,229.4542694091797,0.9999998807907104,177.55018615722656,211.5918426513672,1.0,159.4925994873047,204.23216247558594,1.0,230.5568389892578,226.64292907714844,1.0,244.21273803710938,225.91851806640625,1.0,199.45962524414062,251.97129821777344,0.9999996423721313,155.9876251220703,263.4424133300781,0.9999998807907104,222.82650756835938,277.03424072265625,1.0
1515,210.64669799804688,197.59832763671875,1.0,203.93600463867188,229.34259033203125,0.9999998807907104,177.3336181640625,211.62355041503906,1.0,159.28558349609375,205.0707550048828,1.0,230.59507751464844,226.63441467285156,1.0,244.18460083007812,226.0403594970703,1.0,199.4071807861328,251.82791137695312,0.9999997615814209,156.05908203125,263.2643737792969,1.0,222.7435302734375,277.0083923339844,1.0
1516,210.7781219482422,197.579833984375,1.0,203.93392944335938,229.2066192626953,0.9999998807907104,177.23846435546875,211.6483612060547,1.0,159.06675720214844,205.14414978027344,1.0,230.47982788085938,226.65249633789062,1.0,244.0319061279297,226.0255584716797,1.0,199.2515411376953,251.70753479003906,0.9999997615814209,155.76568603515625,263.490966796875,0.9999998807907104,222.55892944335938,277.0435485839844,1.0
1517,210.52279663085938,197.50686645507812,1.0,203.46148681640625,229.10629272460938,0.9999998807907104,177.21449279785156,211.69374084472656,1.0,159.03224182128906,204.42755126953125,1.0,230.3173828125,226.47361755371094,1.0,243.98001098632812,226.06430053710938,1.0,198.78150939941406,251.63723754882812,0.9999997615814209,155.81381225585938,263.4992980957031,0.9999998807907104,222.49237060546875,276.9081115722656,1.0
1518,210.35684204101562,197.48536682128906,1.0,203.36019897460938,229.05506896972656,0.9999998807907104,177.1434783935547,211.7216796875,1.0,158.8416748046875,205.2439727783203,1.0,230.15135192871094,226.36598205566406,1.0,243.7814178466797,225.9442138671875,1.0,198.81039428710938,251.5386199951172,0.9999997615814209,155.70579528808594,263.7100830078125,0.9999998807907104,222.4864501953125,276.86212158203125,1.0
1519,208.98684692382812,196.93609619140625,1.0,202.47528076171875,229.0573272705078,0.9999998807907104,174.74375915527344,210.5563507080078,1.0,156.8949432373047,204.44924926757812,1.0,228.4004669189453,224.75872802734375,1.0,243.40687561035156,226.2982177734375,1.0,198.18699645996094,251.02447509765625,1.0,155.52748107910156,263.7824401855469,0.9999998807907104,222.5264892578125,276.3526611328125,1.0
1520,208.64752197265625,196.20535278320312,1.0,202.66200256347656,229.27903747558594,0.9999998807907104,173.61041259765625,209.54876708984375,1.0,155.9119110107422,204.39866638183594,1.0,227.10528564453125,223.3105010986328,1.0,242.49925231933594,224.7508544921875,1.0,197.9072265625,251.6617889404297,0.9999998807907104,155.3101348876953,264.1070556640625,0.9999998807907104,222.18470764160156,276.0693359375,1.0
1521,208.17874145507812,195.81346130371094,1.0,202.1317596435547,228.94677734375,0.9999998807907104,173.5182647705078,209.30325317382812,1.0,155.9657745361328,204.5043182373047,1.0,226.8927764892578,222.95045471191406,1.0,241.9866180419922,223.93878173828125,1.0,197.44654846191406,251.41592407226562,0.9999998807907104,154.8818817138672,264.02606201171875,0.9999998807907104,222.13058471679688,275.58709716796875,1.0
1522,207.7804718017578,195.62794494628906,1.0,201.8086395263672,228.90975952148438,1.0,173.3568572998047,209.23031616210938,1.0,155.6831817626953,204.17279052734375,1.0,226.88856506347656,222.88629150390625,1.0,241.8786163330078,224.0550994873047,1.0,197.24794006347656,251.2133331298828,1.0,154.7451934814453,263.6259460449219,0.9999998807907104,221.76852416992188,275.6634216308594,1.0
1523,207.52479553222656,195.61631774902344,1.0,201.515625,228.8681182861328,1.0,173.23321533203125,209.2444305419922,1.0,155.7117156982422,204.1587371826172,1.0,226.74290466308594,222.9158172607422,1.0,241.6564178466797,224.25811767578125,1.0,196.73362731933594,251.53070068359375,0.9999998807907104,154.0711669921875,263.5163879394531,0.9999998807907104,221.755615234375,275.6485595703125,1.0
1524,206.87954711914062,195.87969970703125,1.0,201.12442016601562,228.66806030273438,1.0,172.9297637939453,209.3328399658203,1.0,155.2328643798828,203.88865661621094,1.0,226.7981719970703,222.98486328125,1.0,241.69720458984375,224.37826538085938,1.0,196.4620819091797,251.4923553466797,0.9999998807907104,154.32858276367188,263.90386962890625,0.9999998807907104,221.57716369628906,275.7001037597656,1.0
1525,206.8134307861328,195.8006134033203,1.0,201.10174560546875,228.7718505859375,1.0,172.95431518554688,209.4901580810547,1.0,155.3507537841797,203.9813690185547,1.0,226.74423217773438,222.93548583984375,1.0,241.74258422851562,224.14016723632812,1.0,196.5107421875,251.3929901123047,1.0,154.08251953125,263.7804260253906,0.9999998807907104,221.52615356445312,275.6937561035156,1.0
1526,206.9127197265625,195.82937622070312,1.0,201.20909118652344,228.72193908691406,1.0,173.12908935546875,209.4960174560547,1.0,155.13504028320312,203.7992706298828,1.0,226.7915802001953,222.9933624267578,1.0,241.8542938232422,224.2123260498047,1.0,196.5679168701172,251.38433837890625,0.9999998807907104,153.8494415283203,263.84234619140625,0.9999997615814209,221.5206298828125,275.87713623046875,1.0
1527,206.81756591796875,195.8280487060547,1.0,201.1089324951172,228.7069549560547,1.0,173.3356475830078,209.48348999023438,1.0,155.3201446533203,203.80935668945312,1.0,226.77239990234375,223.00978088378906,1.0,241.9786834716797,224.19085693359375,1.0,196.35997009277344,251.27586364746094,0.9999998807907104,153.89105224609375,263.53485107421875,0.9999998807907104,221.4272918701172,275.807373046875,1.0
1528,206.9348907470703,195.7153778076172,1.0,201.11480712890625,228.71994018554688,1.0,173.28785705566406,209.52296447753906,1.0,155.4124298095703,203.89285278320312,1.0,226.78814697265625,222.95602416992188,1.0,241.87474060058594,224.12281799316406,1.0,196.36959838867188,251.2337188720703,0.9999998807907104,153.81793212890625,263.6044006347656,0.9999998807907104,221.2880859375,275.93988037109375,1.0
1529,206.9717254638672,195.73681640625,1.0,201.1537628173828,228.81077575683594,1.0,173.2846221923828,209.60850524902344,1.0,155.34054565429688,203.8245849609375,1.0,226.8651580810547,223.04794311523438,1.0,241.70828247070312,224.23313903808594,1.0,196.46487426757812,251.2437744140625,1.0,153.85153198242188,263.6331787109375,0.9999998807907104,221.2511444091797,275.9735412597656,1.0
1530,206.87332153320312,195.75350952148438,1.0,200.90342712402344,228.7517852783203,1.0,173.31201171875,209.67620849609375,1.0,155.29580688476562,203.8762969970703,1.0,226.86447143554688,222.98773193359375,1.0,241.7897491455078,224.234130859375,1.0,196.2461700439453,251.1552276611328,0.9999998807907104,153.7687530517578,263.8048400878906,0.9999998807907104,221.31703186035156,275.9759216308594,1.0
1531,206.79861450195312,195.6769561767578,1.0,200.6993408203125,228.7114715576172,1.0,173.27549743652344,209.61654663085938,1.0,155.15341186523438,203.7816619873047,1.0,226.7720489501953,222.8732452392578,1.0,241.88616943359375,224.24526977539062,1.0,196.28964233398438,251.0511474609375,1.0,153.88653564453125,263.5948181152344,0.9999998807907104,221.29075622558594,276.0304870605469,1.0
1532,207.0621337890625,195.7303009033203,1.0,201.01173400878906,228.8356170654297,1.0,173.17530822753906,209.56576538085938,1.0,155.19004821777344,203.81234741210938,1.0,226.69969177246094,222.99017333984375,1.0,241.78057861328125,224.3038330078125,1.0,196.49366760253906,251.32884216308594,1.0,153.65032958984375,263.6459045410156,0.9999998807907104,221.3322296142578,275.9928283691406,1.0
1533,206.95314025878906,195.65176391601562,1.0,200.85000610351562,228.70396423339844,1.0,173.2210693359375,209.38209533691406,1.0,155.2607421875,203.76934814453125,1.0,226.73681640625,223.0711212158203,1.0,241.79637145996094,224.36341857910156,1.0,196.362060546875,251.25184631347656,1.0,153.60867309570312,263.4052429199219,0.9999998807907104,221.3143310546875,275.9961242675781,1.0
1534,206.77413940429688,195.6396484375,1.0,200.6229248046875,228.58055114746094,1.0,173.16510009765625,209.3677978515625,1.0,155.14910888671875,203.74526977539062,1.0,226.61849975585938,222.94720458984375,1.0,241.66221618652344,224.22601318359375,1.0,196.27423095703125,251.11428833007812,1.0,153.52879333496094,263.5538635253906,0.9999998807907104,221.23370361328125,275.96063232421875,1.0
1535,206.58700561523438,195.58396911621094,1.0,200.41131591796875,228.76536560058594,1.0,172.95249938964844,209.37086486816406,1.0,155.1322021484375,203.8118896484375,1.0,226.58660888671875,222.97250366210938,1.0,241.5619354248047,224.19911193847656,1.0,196.07945251464844,251.0211639404297,1.0,153.46621704101562,263.2811584472656,0.9999998807907104,221.04457092285156,275.9295654296875,1.0
1536,206.47735595703125,195.3337860107422,1.0,200.3748779296875,228.73696899414062,1.0,173.11351013183594,209.45553588867188,1.0,155.32989501953125,203.87411499023438,1.0,226.38363647460938,222.6465301513672,1.0,241.2574462890625,223.99984741210938,1.0,195.94668579101562,251.08078002929688,1.0,153.50949096679688,263.28179931640625,0.9999998807907104,220.9833984375,275.8367614746094,1.0
1537,206.68142700195312,195.33326721191406,1.0,200.46656799316406,228.7406463623047,1.0,173.18638610839844,209.3884735107422,1.0,155.2834014892578,203.79754638671875,1.0,226.5670166015625,222.77053833007812,1.0,241.24392700195312,224.12078857421875,1.0,195.96673583984375,250.9763641357422,1.0,153.37294006347656,263.29437255859375,0.9999998807907104,220.85848999023438,275.8316650390625,1.0
1538,206.46038818359375,195.34471130371094,1.0,200.3390655517578,228.76181030273438,1.0,173.10694885253906,209.3158416748047,1.0,155.34909057617188,203.8331298828125,1.0,226.61805725097656,222.80844116210938,1.0,241.2427215576172,224.0767822265625,1.0,195.9615936279297,251.00802612304688,1.0,153.29150390625,263.22467041015625,0.9999998807907104,220.89239501953125,275.8291931152344,1.0
1539,206.306396484375,195.35433959960938,1.0,200.3102264404297,228.6140899658203,1.0,172.96011352539062,209.2740020751953,1.0,155.1365203857422,203.98355102539062,1.0,226.60548400878906,222.74945068359375,1.0,241.19186401367188,224.01829528808594,1.0,195.8408203125,250.91085815429688,1.0,153.13467407226562,263.164794921875,0.9999998807907104,220.9351806640625,275.76153564453125,1.0
1540,206.1696319580078,195.49520874023438,1.0,200.25335693359375,228.60899353027344,1.0,172.9208984375,209.3818817138672,1.0,155.1006622314453,203.94964599609375,1.0,226.54872131347656,222.8195037841797,1.0,241.2461700439453,223.97886657714844,1.0,195.79833984375,250.83250427246094,1.0,153.16567993164062,263.20355224609375,0.9999998807907104,220.8264617919922,275.7470703125,1.0
1541,206.06092834472656,195.44692993164062,1.0,200.06658935546875,228.54934692382812,1.0,172.9684295654297,209.38890075683594,1.0,155.054443359375,203.9710693359375,1.0,226.40948486328125,222.75999450683594,1.0,241.1156005859375,223.88150024414062,1.0,195.68699645996094,250.9630584716797,1.0,153.24623107910156,263.4355163574219,0.9999998807907104,220.69586181640625,275.75146484375,1.0
1542,205.85386657714844,195.47935485839844,1.0,199.7957305908203,228.66781616210938,1.0,172.93389892578125,209.41488647460938,1.0,155.11927795410156,203.9602813720703,1.0,226.2892608642578,222.67779541015625,1.0,241.10447692871094,223.832275390625,1.0,195.41871643066406,250.87435913085938,1.0,152.89187622070312,264.0708923339844,0.9999998807907104,220.6416015625,275.62957763671875,1.0
1543,205.74571228027344,195.46673583984375,1.0,199.86978149414062,228.68263244628906,1.0,172.89512634277344,209.39117431640625,1.0,155.20851135253906,203.978515625,1.0,226.24903869628906,222.70115661621094,1.0,241.06964111328125,223.9007110595703,1.0,195.4828643798828,250.92999267578125,1.0,152.9310302734375,264.137939453125,0.9999998807907104,220.66354370117188,275.6847229003906,1.0
1544,204.3653564453125,194.72781372070312,1.0,198.9929656982422,228.6797637939453,1.0,170.18118286132812,209.22193908691406,1.0,153.7405548095703,204.06600952148438,1.0,224.90948486328125,220.9345703125,1.0,240.53453063964844,223.43348693847656,1.0,195.13116455078125,250.55812072753906,1.0,152.37135314941406,263.9632568359375,0.9999998807907104,220.22262573242188,275.49456787109375,1.0
1545,202.64016723632812,193.91390991210938,1.0,197.38510131835938,229.11912536621094,1.0,169.43551635742188,209.10267639160156,1.0,153.0972900390625,204.15203857421875,1.0,223.61614990234375,220.78768920898438,1.0,240.00881958007812,222.88023376464844,1.0,193.0586700439453,251.573486328125,0.9999998807907104,151.43814086914062,263.9167785644531,1.0,219.0548858642578,274.64508056640625,1.0
1546,202.4700164794922,193.76986694335938,1.0,196.4580841064453,229.00010681152344,1.0,169.06019592285156,209.0686798095703,1.0,152.73956298828125,204.05361938476562,1.0,222.92611694335938,220.04615783691406,1.0,239.10935974121094,222.04989624023438,1.0,192.58499145507812,251.11767578125,0.9999998807907104,150.98202514648438,263.97802734375,1.0,218.48294067382812,274.8651123046875,1.0
1547,202.44956970214844,193.72506713867188,1.0,196.641357421875,228.76637268066406,1.0,168.78489685058594,209.04049682617188,1.0,152.59967041015625,204.0230712890625,1.0,223.0605926513672,220.12344360351562,1.0,238.8463134765625,222.24789428710938,1.0,192.63978576660156,250.59103393554688,0.9999998807907104,151.13006591796875,263.6877136230469,1.0,218.51718139648438,274.7882080078125,1.0
1548,203.07818603515625,194.12413024902344,1.0,197.4126739501953,229.04945373535156,1.0,169.701904296875,209.45147705078125,1.0,152.76988220214844,204.0110321044922,1.0,223.96788024902344,221.07655334472656,1.0,238.7938995361328,222.24148559570312,1.0,192.78970336914062,251.15562438964844,0.9999997615814209,151.7113037109375,263.9179992675781,0.9999998807907104,218.41351318359375,274.93731689453125,1.0
1549,203.8441925048828,194.1823272705078,1.0,198.37158203125,228.80856323242188,1.0,170.42478942871094,208.99632263183594,1.0,153.0022735595703,203.773193359375,1.0,224.53823852539062,221.3866424560547,1.0,239.27552795410156,222.55795288085938,1.0,193.56617736816406,251.57261657714844,0.9999998807907104,151.99607849121094,264.2752380371094,0.9999998807907104,219.0069580078125,274.9747619628906,1.0
1550,204.36334228515625,194.31192016601562,1.0,198.8173065185547,228.73471069335938,1.0,170.6464080810547,208.88067626953125,1.0,153.11904907226562,203.84329223632812,1.0,224.65892028808594,221.51278686523438,1.0,239.41416931152344,222.9910125732422,1.0,194.15777587890625,251.02867126464844,1.0,152.59762573242188,263.8310852050781,0.9999998807907104,219.47805786132812,275.3554992675781,1.0
1551,204.42013549804688,194.50015258789062,1.0,198.926025390625,228.63783264160156,1.0,170.99806213378906,208.8495330810547,1.0,153.22743225097656,203.76783752441406,1.0,224.5687255859375,221.4623260498047,1.0,239.41468811035156,223.1016082763672,1.0,194.1610870361328,250.98902893066406,0.9999998807907104,152.3160858154297,263.84710693359375,0.9999998807907104,219.57608032226562,275.4580993652344,1.0
1552,204.66226196289062,194.7897491455078,1.0,199.05023193359375,228.7926788330078,1.0,171.52964782714844,209.06153869628906,1.0,153.61737060546875,203.65037536621094,1.0,224.6827392578125,221.5705108642578,1.0,239.42666625976562,223.16738891601562,1.0,194.0754852294922,251.19573974609375,0.9999998807907104,152.230712890625,263.79010009765625,0.9999998807907104,219.6957550048828,275.4981384277344,1.0
1553,204.81414794921875,195.01068115234375,1.0,199.10430908203125,228.92697143554688,1.0,171.60330200195312,209.3871307373047,1.0,153.5870361328125,203.81982421875,1.0,224.88121032714844,221.88937377929688,1.0,239.5078125,223.30462646484375,1.0,194.3534698486328,251.1165008544922,0.9999998807907104,152.25384521484375,264.0596008300781,0.9999998807907104,219.80979919433594,275.5093078613281,1.0
1554,204.64764404296875,194.927978515625,1.0,198.8766632080078,228.690185546875,1.0,172.06048583984375,209.48324584960938,1.0,154.12631225585938,203.9193572998047,1.0,225.12191772460938,222.05966186523438,1.0,239.43141174316406,223.30191040039062,1.0,194.15333557128906,250.8326416015625,0.9999998807907104,152.19822692871094,263.7815246582031,1.0,219.67233276367188,275.4372863769531,1.0
1555,204.93551635742188,195.00607299804688,1.0,199.1348876953125,228.65298461914062,1.0,172.4292755126953,209.5791778564453,1.0,154.3089599609375,203.8837127685547,1.0,225.30592346191406,222.0887908935547,1.0,239.93434143066406,223.48020935058594,1.0,194.42222595214844,250.99485778808594,0.9999998807907104,152.40548706054688,262.940673828125,1.0,219.85731506347656,275.4930114746094,1.0
1556,204.9971466064453,195.0836944580078,1.0,199.08895874023438,228.606689453125,1.0,172.5374755859375,209.43397521972656,1.0,154.40089416503906,203.82040405273438,1.0,225.35122680664062,222.2490997314453,1.0,239.88880920410156,223.62022399902344,1.0,194.20504760742188,250.89410400390625,0.9999998807907104,152.44955444335938,263.83306884765625,0.9999998807907104,219.8795166015625,275.52410888671875,1.0
1557,205.2626495361328,195.31179809570312,1.0,199.7013397216797,228.71192932128906,1.0,172.6787109375,209.48504638671875,1.0,154.38055419921875,203.9861602783203,1.0,225.78785705566406,222.6101837158203,1.0,239.94305419921875,223.6583251953125,1.0,194.6895751953125,250.93661499023438,0.9999998807907104,152.40664672851562,263.8270568847656,0.9999998807907104,220.05703735351562,275.46124267578125,1.0
1558,204.8134765625,195.3546142578125,1.0,199.28945922851562,228.64700317382812,1.0,172.5338134765625,209.7326202392578,1.0,154.0889434814453,203.94241333007812,1.0,225.65966796875,222.61717224121094,1.0,240.06338500976562,223.9388427734375,1.0,194.64678955078125,250.8011474609375,0.9999998807907104,152.57867431640625,263.19268798828125,1.0,220.05712890625,275.40802001953125,1.0
1559,203.97442626953125,195.39291381835938,1.0,198.4609375,228.8028106689453,1.0,170.84226989746094,209.86216735839844,1.0,153.51470947265625,203.93740844726562,1.0,225.32705688476562,222.66041564941406,1.0,239.98541259765625,223.54580688476562,1.0,194.37469482421875,250.4709014892578,1.0,152.3949737548828,263.68963623046875,1.0,219.78640747070312,275.2508239746094,1.0
1560,202.55715942382812,195.3624725341797,1.0,197.43199157714844,228.90802001953125,1.0,168.99520874023438,209.7895965576172,1.0,152.8212127685547,204.22003173828125,1.0,224.88497924804688,222.47608947753906,1.0,239.65382385253906,223.77845764160156,1.0,193.58602905273438,250.6685333251953,1.0,151.50439453125,263.0440979003906,1.0,219.24624633789062,275.2515869140625,1.0
1561,202.0977783203125,195.41714477539062,1.0,196.73416137695312,228.83212280273438,1.0,168.53656005859375,210.4033966064453,1.0,152.28379821777344,204.58509826660156,1.0,224.47073364257812,222.54176330566406,1.0,239.24151611328125,223.80386352539062,1.0,192.92550659179688,250.53106689453125,0.9999998807907104,150.96804809570312,263.27557373046875,1.0,218.3775177001953,275.02740478515625,1.0
1562,201.61663818359375,195.29275512695312,1.0,196.23040771484375,229.068359375,1.0,168.5066680908203,210.3482208251953,1.0,152.10108947753906,204.70233154296875,1.0,224.20968627929688,222.46498107910156,1.0,239.16058349609375,223.798828125,1.0,192.3084259033203,250.6020965576172,0.9999998807907104,150.7637176513672,263.2138671875,1.0,218.037353515625,274.9727783203125,1.0
1563,201.4224090576172,195.02420043945312,1.0,195.8701171875,229.03103637695312,1.0,168.24185180664062,210.43576049804688,1.0,151.81898498535156,204.93995666503906,1.0,223.68130493164062,222.02035522460938,1.0,238.823486328125,223.575439453125,1.0,191.9978790283203,250.4628448486328,0.9999998807907104,151.08944702148438,263.9061279296875,1.0,217.52395629882812,275.03497314453125,1.0
1564,200.35044860839844,195.2947998046875,1.0,195.30609130859375,229.4928436279297,1.0,168.13787841796875,210.65130615234375,1.0,151.66358947753906,204.93707275390625,1.0,223.08885192871094,221.9741973876953,1.0,238.5005340576172,223.4203338623047,1.0,191.6084747314453,249.6192169189453,0.9999998807907104,151.14820861816406,263.9327087402344,1.0,217.16769409179688,275.2322082519531,1.0
1565,199.9662322998047,195.4122772216797,1.0,195.07156372070312,229.43865966796875,1.0,167.60629272460938,210.81533813476562,1.0,151.1311798095703,205.18576049804688,1.0,222.884765625,222.09930419921875,1.0,238.5568389892578,223.32640075683594,1.0,191.45257568359375,249.74005126953125,0.9999998807907104,151.0225372314453,264.0076599121094,1.0,217.07827758789062,275.0737609863281,1.0
1566,200.10049438476562,195.57476806640625,1.0,194.92874145507812,229.7542724609375,1.0,167.6475830078125,210.68560791015625,1.0,150.94540405273438,205.18072509765625,1.0,222.65187072753906,222.12120056152344,1.0,238.43548583984375,223.293701171875,1.0,191.40380859375,249.83563232421875,0.9999998807907104,150.64561462402344,264.3062438964844,1.0,217.02586364746094,275.2128601074219,1.0
1567,200.30296325683594,195.48280334472656,1.0,194.58331298828125,229.690673828125,1.0,167.4958038330078,210.5910186767578,1.0,150.89495849609375,205.3535614013672,1.0,222.5142364501953,222.20228576660156,1.0,238.06747436523438,223.27113342285156,1.0,190.8711395263672,249.94833374023438,0.9999998807907104,150.5140380859375,264.0389099121094,1.0,216.88961791992188,274.9320373535156,1.0
1568,199.71690368652344,195.24766540527344,1.0,194.3661346435547,228.86285400390625,1.0,167.09425354003906,210.58523559570312,1.0,150.45663452148438,205.4279327392578,1.0,221.9069061279297,221.7761993408203,1.0,237.77310180664062,223.45928955078125,1.0,190.09669494628906,249.9499969482422,0.9999998807907104,149.54359436035156,264.1220397949219,1.0,216.54371643066406,275.2159729003906,1.0
1569,199.3299102783203,195.42575073242188,1.0,193.76043701171875,229.0980224609375,1.0,166.8385009765625,210.67501831054688,1.0,150.22637939453125,205.46466064453125,1.0,221.42494201660156,221.85296630859375,1.0,237.4008331298828,223.32896423339844,1.0,189.2437286376953,250.7412872314453,1.0,149.22109985351562,264.0682678222656,1.0,215.9844512939453,275.19244384765625,1.0
1570,199.28602600097656,195.29940795898438,1.0,193.496826171875,229.2431640625,1.0,166.60092163085938,210.6686248779297,1.0,149.7857666015625,204.80706787109375,1.0,221.1925506591797,221.8108673095703,1.0,237.26588439941406,223.18380737304688,1.0,189.09356689453125,251.00601196289062,1.0,149.09019470214844,264.17718505859375,1.0,215.6516571044922,275.4770812988281,1.0
1571,199.083984375,195.42617797851562,1.0,193.26283264160156,229.27122497558594,1.0,166.3728790283203,210.7652130126953,1.0,149.71441650390625,204.51602172851562,1.0,220.81536865234375,221.863525390625,1.0,237.04110717773438,223.25216674804688,1.0,188.73731994628906,251.142822265625,1.0,148.57028198242188,264.15606689453125,1.0,215.43545532226562,275.4619445800781,1.0
1572,198.66436767578125,195.48939514160156,1.0,193.2471160888672,229.2793731689453,1.0,166.17774963378906,210.88522338867188,1.0,149.9262237548828,205.60446166992188,1.0,220.72950744628906,221.77694702148438,1.0,237.09661865234375,223.0857696533203,1.0,188.6846923828125,251.34423828125,1.0,148.61386108398438,264.2845153808594,1.0,215.33082580566406,275.13671875,1.0
1573,198.5891876220703,195.36146545410156,1.0,192.91444396972656,229.3778839111328,1.0,165.99945068359375,210.86253356933594,1.0,149.85037231445312,204.53192138671875,1.0,220.71958923339844,221.73265075683594,1.0,237.0104217529297,223.2116241455078,1.0,188.3620147705078,251.63905334472656,1.0,148.37855529785156,264.0389709472656,1.0,215.11105346679688,275.261474609375,1.0
1574,198.22706604003906,195.53614807128906,1.0,192.57821655273438,229.39678955078125,1.0,165.7569580078125,210.8669891357422,1.0,149.5391387939453,205.47396850585938,1.0,220.7457275390625,221.55465698242188,1.0,236.46908569335938,223.01300048828125,1.0,187.95709228515625,251.5732421875,1.0,148.23159790039062,264.10498046875,1.0,214.97242736816406,275.3889465332031,1.0
1575,198.10101318359375,195.53829956054688,1.0,192.5663604736328,229.1587677001953,1.0,165.60000610351562,210.8721466064453,1.0,149.3131561279297,205.44839477539062,1.0,220.43524169921875,221.53822326660156,1.0,236.44786071777344,222.9221649169922,1.0,187.9449462890625,251.35348510742188,1.0,147.86032104492188,264.1130676269531,1.0,214.93128967285156,275.4180603027344,1.0
1576,197.93670654296875,195.56723022460938,1.0,192.45257568359375,229.12924194335938,1.0,165.38563537597656,210.9171905517578,1.0,149.18275451660156,205.58494567871094,1.0,220.32659912109375,221.58543395996094,1.0,236.2702178955078,222.96243286132812,1.0,187.8409881591797,251.43130493164062,1.0,147.75222778320312,264.00921630859375,1.0,214.9273681640625,275.6043395996094,1.0
1577,197.42340087890625,195.59971618652344,1.0,192.1829833984375,229.12255859375,1.0,165.08184814453125,210.94497680664062,1.0,148.8365478515625,205.68548583984375,1.0,219.9868621826172,221.44313049316406,1.0,235.93775939941406,222.7832489013672,1.0,187.65255737304688,251.54457092285156,1.0,147.1066131591797,263.9098815917969,1.0,214.9029083251953,275.60699462890625,1.0
1578,197.3064727783203,195.69517517089844,1.0,191.8182373046875,229.1497802734375,1.0,164.93045043945312,211.02992248535156,1.0,148.6642608642578,205.35562133789062,1.0,219.73008728027344,221.6417694091797,1.0,235.86769104003906,222.89749145507812,1.0,187.30177307128906,251.5803985595703,1.0,146.86898803710938,264.0531311035156,1.0,214.87164306640625,275.8251647949219,1.0
1579,196.9857635498047,195.53944396972656,1.0,191.5145263671875,229.2259521484375,1.0,164.76519775390625,211.02735900878906,1.0,148.59498596191406,205.41790771484375,1.0,219.7689666748047,221.56080627441406,1.0,235.83206176757812,222.7921142578125,1.0,187.34335327148438,251.64266967773438,1.0,146.65284729003906,264.1642150878906,1.0,214.77098083496094,275.85101318359375,1.0
1580,196.99290466308594,195.52734375,1.0,191.62217712402344,229.26634216308594,1.0,164.83322143554688,211.08493041992188,1.0,148.546630859375,205.39483642578125,1.0,219.7508087158203,221.5767059326172,1.0,235.89283752441406,222.79144287109375,1.0,187.42547607421875,251.5677032470703,1.0,146.85821533203125,264.32427978515625,1.0,214.77830505371094,275.9093017578125,1.0
1581,196.99017333984375,195.3857879638672,1.0,191.72398376464844,229.18357849121094,1.0,164.85426330566406,211.02684020996094,1.0,148.450927734375,205.4155731201172,1.0,219.7352752685547,221.59616088867188,1.0,235.87355041503906,222.78030395507812,1.0,187.47100830078125,251.3109893798828,1.0,146.61392211914062,264.1505432128906,1.0,214.7679901123047,275.9129943847656,1.0
1582,196.94871520996094,195.30047607421875,1.0,191.5941925048828,229.2422637939453,1.0,164.796630859375,211.01611328125,1.0,148.35671997070312,205.38462829589844,1.0,219.6909942626953,221.5834503173828,1.0,235.7598114013672,222.69117736816406,1.0,187.38143920898438,251.37103271484375,1.0,146.69561767578125,264.25836181640625,1.0,214.7620086669922,275.9049987792969,1.0
1583,196.96922302246094,195.26377868652344,1.0,191.47698974609375,229.23629760742188,1.0,164.87779235839844,210.969970703125,1.0,148.47531127929688,205.24029541015625,1.0,219.61102294921875,221.58201599121094,1.0,235.5989227294922,222.5980682373047,1.0,187.27560424804688,251.3140106201172,1.0,146.47378540039062,264.1978759765625,1.0,214.755859375,275.80938720703125,1.0
1584,196.8296661376953,195.35621643066406,1.0,191.84646606445312,229.2256622314453,1.0,164.7458953857422,210.7734375,1.0,148.15771484375,205.4373321533203,1.0,219.65216064453125,221.72213745117188,1.0,235.76669311523438,222.78228759765625,1.0,187.33251953125,251.58253479003906,1.0,146.22039794921875,264.3781433105469,1.0,214.8382568359375,276.25799560546875,1.0
1585,196.87449645996094,195.36415100097656,1.0,191.83206176757812,229.2310028076172,1.0,164.7400360107422,210.7797088623047,1.0,148.2188720703125,205.2744140625,1.0,219.70616149902344,221.67709350585938,1.0,235.65834045410156,222.6876983642578,1.0,187.2854766845703,251.54281616210938,1.0,145.9694061279297,264.3843688964844,1.0,214.65000915527344,276.2530212402344,1.0
1586,197.02127075195312,195.3700408935547,1.0,191.95230102539062,229.2523956298828,1.0,164.81724548339844,210.7311553955078,1.0,148.1051788330078,205.30870056152344,1.0,219.8256072998047,221.7445068359375,1.0,235.87977600097656,222.7493133544922,1.0,187.3042449951172,251.31639099121094,1.0,146.1383514404297,264.49847412109375,1.0,214.68539428710938,276.151123046875,1.0
1587,197.07656860351562,195.42958068847656,1.0,191.97698974609375,229.19900512695312,1.0,164.90640258789062,210.72605895996094,1.0,148.14402770996094,205.2949981689453,1.0,219.85235595703125,221.8750457763672,1.0,235.81495666503906,222.6746368408203,1.0,187.23768615722656,251.4173583984375,1.0,146.1660919189453,264.5560607910156,1.0,214.64613342285156,276.1792297363281,1.0
1588,197.0096893310547,195.43641662597656,1.0,191.87649536132812,229.3099365234375,1.0,164.6163330078125,210.79270935058594,1.0,146.94686889648438,205.06884765625,1.0,219.6646270751953,221.86085510253906,1.0,235.5701904296875,222.61904907226562,1.0,187.4402313232422,251.46429443359375,1.0,146.13282775878906,264.49005126953125,1.0,214.5240936279297,276.2450866699219,1.0
1589,196.82305908203125,195.35552978515625,1.0,191.68099975585938,229.24270629882812,1.0,164.21090698242188,210.7413330078125,1.0,147.5257568359375,205.49078369140625,1.0,219.49676513671875,221.77645874023438,1.0,235.46087646484375,222.63580322265625,1.0,187.3999786376953,251.53570556640625,1.0,145.99598693847656,264.35894775390625,1.0,214.42881774902344,276.2713928222656,1.0
1590,196.54214477539062,195.3654327392578,1.0,191.3679656982422,229.2241973876953,1.0,163.9449920654297,210.89935302734375,1.0,146.76446533203125,205.06454467773438,1.0,219.10606384277344,221.768310546875,1.0,235.29039001464844,222.63880920410156,1.0,186.84689331054688,251.7020721435547,1.0,145.7418975830078,264.585693359375,1.0,214.4385223388672,276.1780090332031,1.0
1591,196.33961486816406,195.44528198242188,1.0,190.9374237060547,229.19622802734375,1.0,163.594970703125,210.90142822265625,1.0,147.25979614257812,205.6357421875,1.0,218.87098693847656,221.78453063964844,1.0,235.06912231445312,222.6365203857422,1.0,186.45297241210938,251.64578247070312,1.0,145.68280029296875,264.51812744140625,1.0,213.98472595214844,275.98162841796875,1.0
1592,196.08758544921875,195.4740447998047,1.0,190.5544891357422,229.35989379882812,1.0,163.01231384277344,211.10491943359375,1.0,145.9208984375,205.36776733398438,1.0,218.38589477539062,221.8465118408203,1.0,234.9441680908203,222.65847778320312,1.0,186.16514587402344,252.10536193847656,1.0,145.01885986328125,264.1705322265625,1.0,213.53599548339844,276.0515441894531,1.0
1593,195.10227966308594,195.62991333007812,1.0,189.64218139648438,229.37411499023438,1.0,162.39169311523438,212.3407745361328,1.0,145.22146606445312,205.41818237304688,1.0,217.6962127685547,221.86842346191406,1.0,234.01150512695312,222.9833984375,1.0,185.82827758789062,252.2725067138672,1.0,144.6634979248047,264.2767639160156,1.0,213.0087432861328,275.9563903808594,1.0
1594,194.17919921875,195.7064208984375,1.0,188.23934936523438,229.39434814453125,1.0,161.80615234375,212.4859619140625,1.0,144.6700439453125,206.35731506347656,1.0,216.330322265625,221.90408325195312,1.0,232.40599060058594,221.8430938720703,1.0,185.052734375,252.33670043945312,1.0,143.55360412597656,264.1077880859375,0.9999998807907104,211.83984375,275.83612060546875,1.0
1595,193.45462036132812,195.70474243164062,1.0,187.72482299804688,229.40716552734375,1.0,161.26905822753906,212.51609802246094,1.0,143.7933349609375,206.11068725585938,1.0,215.99501037597656,221.90821838378906,1.0,231.8794403076172,221.56222534179688,1.0,184.3264923095703,252.58583068847656,0.9999998807907104,142.23313903808594,264.364990234375,1.0,211.5600128173828,275.56439208984375,1.0
1596,192.72332763671875,195.3695831298828,1.0,186.82240295410156,229.5548095703125,1.0,160.87648010253906,212.61399841308594,1.0,143.6713409423828,206.47283935546875,1.0,215.54034423828125,221.69419860839844,1.0,231.6217041015625,221.48858642578125,1.0,183.87657165527344,252.05096435546875,0.9999998807907104,142.6367950439453,264.2138366699219,1.0,211.4734344482422,275.5514831542969,1.0
1597,191.90615844726562,195.19833374023438,1.0,186.1269989013672,229.43556213378906,1.0,160.38462829589844,212.54360961914062,1.0,143.48023986816406,206.57997131347656,1.0,214.99830627441406,221.56382751464844,1.0,231.271484375,221.34996032714844,1.0,183.1660919189453,251.81259155273438,1.0,141.82090759277344,264.8575439453125,0.9999998807907104,211.2665252685547,275.4171447753906,1.0
1598,191.11471557617188,195.34226989746094,1.0,185.08819580078125,229.1677703857422,1.0,159.9252471923828,212.64854431152344,1.0,142.92971801757812,206.51905822753906,1.0,214.4554901123047,221.23309326171875,1.0,230.6560821533203,221.37359619140625,1.0,182.1993865966797,251.8844451904297,1.0,141.49679565429688,264.91064453125,0.9999998807907104,210.69622802734375,274.822265625,1.0
1599,190.88961791992188,195.30804443359375,1.0,185.0299072265625,229.02981567382812,1.0,159.78823852539062,212.58636474609375,1.0,142.78472900390625,206.43426513671875,1.0,214.42227172851562,221.0481414794922,1.0,230.68421936035156,221.4453582763672,1.0,181.92156982421875,252.29661560058594,1.0,141.3525848388672,265.0218505859375,0.9999998807907104,210.2793426513672,275.1001281738281,1.0
1600,189.42141723632812,195.31146240234375,1.0,184.11337280273438,229.2147979736328,1.0,159.26998901367188,212.57705688476562,1.0,142.1392364501953,206.33432006835938,1.0,213.19493103027344,221.2133331298828,1.0,229.9423828125,221.58621215820312,1.0,181.11216735839844,252.35963439941406,0.9999998807907104,141.15887451171875,264.86968994140625,1.0,209.84042358398438,275.4040832519531,1.0
1601,186.81808471679688,195.0019073486328,1.0,182.20431518554688,229.15834045410156,1.0,157.9619903564453,212.65786743164062,1.0,141.19679260253906,206.2747344970703,1.0,211.14120483398438,220.4446563720703,1.0,227.9940948486328,220.34503173828125,1.0,179.17552185058594,252.0191192626953,0.9999998807907104,139.9481658935547,265.2020568847656,1.0,207.80380249023438,275.69207763671875,1.0
1602,185.74072265625,195.1813201904297,1.0,180.33599853515625,229.40846252441406,1.0,157.1527557373047,212.57354736328125,1.0,140.60877990722656,206.1479034423828,1.0,210.56915283203125,220.4955596923828,1.0,227.37681579589844,220.69151306152344,1.0,177.4976043701172,251.91647338867188,0.9999998807907104,139.8415985107422,265.9452209472656,0.9999998807907104,206.6446533203125,275.7660827636719,1.0
1603,185.42311096191406,195.08226013183594,1.0,179.54148864746094,229.5073699951172,1.0,156.42149353027344,213.3009033203125,1.0,140.03219604492188,206.57644653320312,1.0,210.1411590576172,220.30953979492188,1.0,227.0879364013672,220.4451446533203,1.0,176.463623046875,251.31285095214844,0.9999998807907104,139.55364990234375,265.7322998046875,0.9999998807907104,206.0744171142578,275.43994140625,1.0
1604,184.63735961914062,195.15536499023438,1.0,179.1339111328125,229.9047393798828,1.0,155.9041748046875,213.26412963867188,1.0,139.25765991210938,206.8013916015625,1.0,209.7501678466797,220.17042541503906,1.0,226.90267944335938,220.7442626953125,1.0,176.12722778320312,251.03147888183594,0.9999998807907104,138.8174285888672,265.7358093261719,0.9999998807907104,205.62396240234375,275.3589782714844,1.0
1605,182.4249725341797,195.6741943359375,1.0,177.76707458496094,229.94261169433594,1.0,152.9299774169922,213.5699005126953,1.0,137.1826629638672,206.90538024902344,1.0,208.8863067626953,220.77667236328125,1.0,225.63365173339844,221.4510498046875,1.0,173.8199005126953,251.9816436767578,0.9999998807907104,136.36480712890625,266.0736083984375,0.9999998807907104,204.49957275390625,275.4217529296875,1.0
1606,180.6259002685547,195.72360229492188,1.0,175.49850463867188,230.37075805664062,1.0,150.76248168945312,213.7327117919922,1.0,134.58749389648438,207.06321716308594,1.0,205.9783935546875,220.42120361328125,1.0,223.7405548095703,220.9352264404297,1.0,171.5188446044922,252.15567016601562,1.0,135.00643920898438,265.5727844238281,1.0,203.00721740722656,275.4794616699219,1.0
1607,179.3875274658203,195.82615661621094,1.0,173.97796630859375,230.28640747070312,1.0,149.69334411621094,213.59552001953125,1.0,133.4785919189453,207.6238555908203,1.0,204.96380615234375,220.26422119140625,1.0,222.83213806152344,220.68539428710938,1.0,170.57376098632812,251.8092041015625,1.0,134.00169372558594,265.8516540527344,1.0,201.98529052734375,275.8243713378906,1.0
1608,178.7805938720703,195.54806518554688,1.0,171.67640686035156,230.3170623779297,1.0,148.85304260253906,213.81771850585938,1.0,132.38015747070312,207.54617309570312,1.0,203.82107543945312,220.26414489746094,1.0,222.3222198486328,220.373291015625,1.0,169.2520294189453,251.7231903076172,1.0,132.6383514404297,265.90399169921875,1.0,200.7799072265625,275.6358337402344,1.0
1609,177.61534118652344,195.7443084716797,1.0,170.36631774902344,231.18580627441406,1.0,148.07716369628906,214.41822814941406,1.0,131.52598571777344,207.87002563476562,1.0,203.5551300048828,220.35777282714844,1.0,221.7947235107422,220.18362426757812,1.0,168.0810089111328,252.5848846435547,1.0,131.50177001953125,266.0632019042969,1.0,200.22787475585938,275.4146728515625,1.0
1610,172.8062286376953,197.19412231445312,1.0,166.45089721679688,232.17587280273438,1.0,145.91526794433594,215.97959899902344,1.0,130.207763671875,208.79026794433594,1.0,200.9989013671875,221.3732147216797,1.0,218.4148406982422,220.24880981445312,1.0,164.40989685058594,253.5448455810547,1.0,129.0841064453125,266.8059387207031,1.0,198.28341674804688,275.4141845703125,1.0
1611,169.88604736328125,198.84584045410156,1.0,163.88711547851562,234.34451293945312,1.0,142.99073791503906,217.4253387451172,1.0,127.32585144042969,210.0970001220703,1.0,197.76255798339844,222.8856964111328,1.0,215.59591674804688,221.2972869873047,1.0,160.41510009765625,255.57199096679688,1.0,126.94036865234375,268.9634704589844,0.9999998807907104,196.28646850585938,276.16986083984375,1.0
1612,167.59091186523438,199.10330200195312,1.0,162.23130798339844,236.283203125,1.0,141.82447814941406,217.6776580810547,1.0,126.64765930175781,210.89459228515625,1.0,195.87440490722656,222.6654052734375,1.0,213.7378692626953,221.2582550048828,1.0,158.39706420898438,257.13336181640625,1.0,126.0290756225586,269.549072265625,0.9999998807907104,194.43988037109375,276.723388671875,1.0
1613,166.52621459960938,199.47669982910156,1.0,161.13925170898438,236.5152587890625,1.0,140.97695922851562,217.6922149658203,1.0,126.1818618774414,211.5030975341797,1.0,195.1324005126953,223.00714111328125,1.0,212.8439178466797,221.6677703857422,1.0,157.2787628173828,257.70245361328125,1.0,125.01343536376953,269.01971435546875,1.0,192.82252502441406,277.0940246582031,1.0
1614,164.2775421142578,199.53724670410156,1.0,159.65682983398438,236.8863983154297,1.0,139.02577209472656,217.66714477539062,1.0,124.71218872070312,211.5309600830078,1.0,193.90728759765625,223.24832153320312,1.0,211.51654052734375,221.603271484375,1.0,156.30677795410156,258.3572692871094,1.0,123.54825592041016,268.52349853515625,0.9999998807907104,192.09178161621094,276.54840087890625,1.0
1615,160.1397247314453,199.19064331054688,1.0,154.07127380371094,236.45005798339844,1.0,134.3168182373047,218.22129821777344,1.0,120.48782348632812,211.57594299316406,1.0,189.1805419921875,222.76812744140625,1.0,207.96646118164062,220.90586853027344,1.0,150.88624572753906,258.5955810546875,1.0,119.54209899902344,268.5567626953125,1.0,188.30545043945312,274.6097106933594,1.0
1616,155.64898681640625,199.74908447265625,1.0,148.35482788085938,237.9923095703125,1.0,131.23394775390625,218.34657287597656,1.0,117.1133041381836,212.20223999023438,1.0,185.54193115234375,222.76339721679688,1.0,204.62356567382812,221.1197967529297,1.0,145.65774536132812,259.6789855957031,1.0,116.05411529541016,269.192626953125,1.0,185.2077178955078,275.6990966796875,1.0
1617,154.4225616455078,199.1573486328125,1.0,146.33502197265625,237.0217742919922,1.0,130.533203125,218.11465454101562,1.0,116.11644744873047,212.03707885742188,1.0,184.0405731201172,221.91795349121094,1.0,202.9566192626953,220.07960510253906,1.0,144.14385986328125,258.9063415527344,1.0,115.46647644042969,269.20941162109375,1.0,183.61317443847656,275.301513671875,1.0
1618,154.07632446289062,199.00367736816406,1.0,145.88304138183594,236.32008361816406,1.0,129.89212036132812,217.2040252685547,1.0,116.1173324584961,211.55133056640625,1.0,183.6409454345703,221.60073852539062,1.0,202.83883666992188,219.9507293701172,1.0,143.12591552734375,257.55133056640625,1.0,114.97281646728516,268.9139709472656,1.0,182.98104858398438,275.1803283691406,1.0
1619,153.28677368164062,199.23756408691406,1.0,144.45974731445312,237.02377319335938,1.0,129.4257049560547,217.17514038085938,1.0,116.07221984863281,211.53135681152344,1.0,182.64476013183594,222.0736541748047,1.0,201.9732666015625,220.3809356689453,1.0,141.39268493652344,258.8331604003906,1.0,114.48612976074219,268.9874267578125,1.0,181.54486083984375,274.84246826171875,1.0
1620,151.0305633544922,200.4409942626953,1.0,142.4154052734375,238.81414794921875,1.0,127.82218170166016,218.37437438964844,1.0,114.87067413330078,213.14764404296875,1.0,180.73609924316406,222.9024200439453,1.0,200.00222778320312,221.35894775390625,1.0,140.32107543945312,260.37750244140625,1.0,112.98097229003906,270.1799011230469,1.0,179.78880310058594,274.7726745605469,1.0
1621,148.55050659179688,201.21453857421875,1.0,140.29458618164062,240.49737548828125,1.0,126.05101013183594,219.15858459472656,1.0,113.22571563720703,214.36044311523438,1.0,179.087158203125,223.51858520507812,1.0,198.21652221679688,221.83897399902344,1.0,138.4905548095703,261.1420593261719,1.0,111.53287506103516,271.1951904296875,1.0,178.70614624023438,274.9933776855469,1.0
1622,146.87730407714844,200.6292266845703,1.0,137.62149047851562,240.69808959960938,1.0,124.07966613769531,218.6703643798828,1.0,111.83073425292969,214.33145141601562,1.0,176.5892791748047,223.67291259765625,1.0,195.7349853515625,221.82015991210938,1.0,135.348876953125,261.6258850097656,1.0,109.65031433105469,270.6070861816406,1.0,176.79544067382812,275.08380126953125,1.0
1623,142.64154052734375,200.4334259033203,1.0,131.31797790527344,240.09701538085938,1.0,120.76054382324219,219.11343383789062,1.0,108.75090789794922,215.38043212890625,1.0,173.34979248046875,223.0248260498047,1.0,193.48377990722656,221.61866760253906,1.0,129.65615844726562,263.2257385253906,1.0,107.3254623413086,271.2707824707031,1.0,173.66879272460938,275.3183288574219,1.0
1624,138.47149658203125,201.64883422851562,1.0,128.1786346435547,242.63687133789062,1.0,118.89496612548828,219.4442138671875,1.0,106.36300659179688,215.19461059570312,1.0,170.93466186523438,223.27928161621094,1.0,191.10765075683594,221.5214385986328,1.0,125.3145980834961,263.0722961425781,1.0,103.89392852783203,272.65594482421875,1.0,170.48873901367188,275.6274719238281,1.0
1625,135.76429748535156,201.94400024414062,1.0,125.21076202392578,242.34796142578125,1.0,117.4424057006836,219.97225952148438,1.0,104.47219848632812,216.48825073242188,1.0,168.66680908203125,223.28514099121094,1.0,188.8638916015625,221.61309814453125,1.0,122.67266082763672,263.99700927734375,1.0,103.2479476928711,272.4802551269531,1.0,168.52420043945312,275.5787658691406,1.0
1626,133.002685546875,202.53631591796875,1.0,122.92082977294922,242.9266357421875,1.0,115.82389831542969,220.78890991210938,1.0,103.03925323486328,217.55426025390625,1.0,166.58372497558594,224.2480010986328,1.0,186.33602905273438,221.4387969970703,1.0,120.99722290039062,264.04949951171875,1.0,101.51477813720703,273.12957763671875,1.0,167.17727661132812,275.9288635253906,1.0
1627,130.79869079589844,203.96713256835938,1.0,120.53995513916016,243.03599548339844,1.0,114.22073364257812,222.04931640625,1.0,101.02904510498047,218.40216064453125,1.0,164.4464111328125,225.57794189453125,1.0,183.96926879882812,222.35269165039062,1.0,119.16514587402344,265.5898132324219,1.0,99.30227661132812,274.8025207519531,1.0,166.0835418701172,275.70721435546875,1.0
1628,127.70894622802734,204.52020263671875,1.0,117.38660430908203,244.72703552246094,1.0,112.04512023925781,222.88218688964844,1.0,99.33704376220703,219.37342834472656,1.0,162.90599060058594,225.65672302246094,1.0,180.7965545654297,222.46685791015625,1.0,115.82653045654297,267.4390869140625,1.0,97.44412231445312,274.8946533203125,1.0,163.37794494628906,275.9461975097656,1.0
1629,125.49481201171875,204.76234436035156,1.0,115.92347717285156,243.868408203125,1.0,110.77012634277344,223.25489807128906,1.0,98.6459732055664,218.1281280517578,1.0,161.3359832763672,225.70526123046875,1.0,179.4239501953125,222.93312072753906,1.0,114.25398254394531,268.5287170410156,1.0,96.06356048583984,275.4094543457031,1.0,162.2953338623047,275.9819030761719,1.0
1630,124.15336608886719,204.76434326171875,1.0,114.71212005615234,243.85311889648438,1.0,109.98529052734375,222.96641540527344,1.0,97.77146911621094,218.51707458496094,1.0,160.3768768310547,225.88575744628906,1.0,178.74143981933594,222.90611267089844,1.0,113.06317138671875,268.93475341796875,1.0,95.32740783691406,275.61761474609375,1.0,161.15037536621094,275.9549255371094,1.0
1631,123.41349029541016,204.70504760742188,1.0,114.30513763427734,244.04934692382812,1.0,109.52995300292969,222.85302734375,1.0,97.54481506347656,218.6425323486328,1.0,159.88380432128906,226.05856323242188,1.0,178.2366485595703,223.18663024902344,1.0,112.14169311523438,268.69024658203125,1.0,94.58502197265625,275.2510986328125,1.0,160.0435791015625,276.43072509765625,1.0
1632,123.0186767578125,204.4662628173828,1.0,113.0791244506836,244.15565490722656,1.0,108.66252136230469,222.6913604736328,1.0,97.03363800048828,218.7965850830078,1.0,158.57733154296875,226.17181396484375,1.0,177.31558227539062,222.84249877929688,1.0,111.73812103271484,268.4928283691406,1.0,94.24311828613281,274.36505126953125,0.9999997615814209,159.3715057373047,275.7890625,1.0
1633,121.7811050415039,204.32679748535156,1.0,110.5319595336914,244.2165069580078,1.0,107.4944076538086,222.82461547851562,1.0,96.12460327148438,218.74485778808594,1.0,157.03146362304688,226.50669860839844,1.0,175.88497924804688,222.70484924316406,1.0,109.57252502441406,268.9035949707031,1.0,93.36531829833984,274.0852966308594,0.9999946355819702,158.1515350341797,275.9053649902344,1.0
1634,119.51420593261719,204.61570739746094,1.0,108.32461547851562,244.64144897460938,1.0,105.29415130615234,222.76100158691406,1.0,93.58673858642578,219.36351013183594,0.9999997615814209,154.98275756835938,226.88829040527344,1.0,173.5262451171875,222.75201416015625,1.0,106.75534057617188,269.37109375,1.0,91.6522216796875,273.8371887207031,0.9999511241912842,156.09112548828125,276.6690368652344,1.0
1635,118.45213317871094,204.23876953125,1.0,108.04820251464844,245.05429077148438,1.0,103.98130798339844,222.93963623046875,1.0,92.33696746826172,219.3892822265625,0.9999994039535522,154.0326385498047,226.58970642089844,1.0,172.58018493652344,222.42735290527344,1.0,105.55813598632812,269.6142272949219,1.0,90.79847717285156,273.9974365234375,0.999910831451416,155.46975708007812,277.1778869628906,0.9999998807907104
1636,118.20764923095703,204.2443389892578,1.0,107.57949829101562,245.3510284423828,1.0,103.73067474365234,223.13270568847656,1.0,92.20560455322266,219.7832794189453,0.9999996423721313,154.06886291503906,226.81858825683594,1.0,171.56210327148438,222.53590393066406,1.0,105.00847625732422,269.1745300292969,1.0,90.11145782470703,274.047119140625,0.9999470710754395,154.572509765625,277.2180480957031,0.9999998807907104
1637,118.20592498779297,204.48231506347656,1.0,107.4789047241211,245.56500244140625,1.0,103.75850677490234,223.1910400390625,1.0,92.23929595947266,219.45547485351562,0.9999997615814209,153.96987915039062,226.71556091308594,1.0,171.45120239257812,222.6776885986328,1.0,104.76824951171875,269.4065246582031,1.0,89.72319030761719,274.03424072265625,0.9999035596847534,154.67776489257812,277.38336181640625,1.0
1638,117.90061950683594,204.76211547851562,1.0,107.29253387451172,245.49725341796875,1.0,103.42961883544922,223.21563720703125,1.0,92.0033187866211,219.6391143798828,0.9999998807907104,153.7765350341797,226.62168884277344,1.0,171.2781982421875,222.76376342773438,1.0,104.8321533203125,269.3327941894531,1.0,89.71553802490234,274.0752258300781,0.9999160766601562,154.71726989746094,277.3263854980469,0.9999998807907104
1639,117.70494842529297,204.7804412841797,1.0,107.0555648803711,245.66932678222656,1.0,103.45040130615234,223.14028930664062,1.0,91.93788146972656,219.42933654785156,0.9999998807907104,153.58934020996094,226.56040954589844,1.0,171.118408203125,222.8419189453125,1.0,104.53289031982422,269.3668518066406,1.0,89.35151672363281,274.168212890625,0.9998032450675964,154.5859375,277.3437194824219,1.0
1640,117.54495239257812,204.57228088378906,1.0,106.84222412109375,245.63453674316406,1.0,103.45623779296875,223.28021240234375,1.0,91.95965576171875,219.70335388183594,0.9999997615814209,153.38723754882812,226.58067321777344,1.0,170.94940185546875,222.73353576660156,1.0,104.31771850585938,269.4531555175781,1.0,89.06730651855469,274.1949462890625,0.9993791580200195,154.3831787109375,277.23455810546875,0.9999998807907104
1641,117.39620971679688,204.73585510253906,1.0,107.06793975830078,245.6179656982422,1.0,103.59011840820312,223.38462829589844,1.0,91.9591293334961,219.94448852539062,0.9999998807907104,153.36410522460938,226.57937622070312,1.0,170.95053100585938,222.56637573242188,1.0,104.37979125976562,269.4962158203125,1.0,88.6730728149414,274.27801513671875,0.9995723366737366,154.67282104492188,277.0958251953125,0.9999998807907104
1642,117.19879913330078,204.84933471679688,1.0,106.88819122314453,245.6022491455078,1.0,103.57982635498047,223.44166564941406,1.0,91.9833984375,220.13497924804688,0.9999997615814209,153.46640014648438,226.4438018798828,1.0,170.85655212402344,222.46109008789062,1.0,104.40254211425781,269.33258056640625,1.0,88.98081970214844,274.3390197753906,0.9998433589935303,154.56922912597656,277.0732727050781,0.9999998807907104
1643,117.46939086914062,204.8151092529297,1.0,107.02911376953125,245.4240264892578,1.0,103.49214172363281,223.4195098876953,1.0,91.99775695800781,220.1965789794922,0.9999997615814209,153.7806854248047,226.3953857421875,1.0,171.1877899169922,222.50408935546875,1.0,104.59452819824219,269.10260009765625,1.0,89.0403823852539,274.1169128417969,0.9999299049377441,154.51113891601562,276.931396484375,0.9999998807907104
1644,117.5911636352539,204.65158081054688,1.0,107.70310974121094,245.63079833984375,1.0,104.04698181152344,222.9940185546875,1.0,91.99966430664062,219.42608642578125,0.9999998807907104,154.1337127685547,226.3765106201172,1.0,171.42282104492188,222.69921875,1.0,104.75240325927734,269.8217468261719,1.0,88.9269027709961,274.3128967285156,0.9996349811553955,154.77365112304688,277.3004455566406,0.9999998807907104
1645,118.3666000366211,204.75865173339844,1.0,107.82674407958984,245.50926208496094,1.0,104.07192993164062,223.02134704589844,1.0,92.08984375,219.4831085205078,0.9999998807907104,154.26953125,226.4132843017578,1.0,171.48333740234375,222.68197631835938,1.0,104.86471557617188,269.5803527832031,1.0,88.92064666748047,274.28900146484375,0.999743640422821,155.2112579345703,277.12835693359375,0.9999998807907104
1646,118.11798858642578,205.20010375976562,1.0,107.901123046875,245.74635314941406,1.0,104.38558959960938,223.32244873046875,1.0,92.34752655029297,219.70040893554688,0.9999998807907104,153.90179443359375,226.83474731445312,1.0,171.48538208007812,222.73866271972656,1.0,104.75886535644531,269.65008544921875,1.0,88.9881362915039,274.348876953125,0.9997009038925171,155.27552795410156,277.37542724609375,0.9999998807907104
1647,118.1259536743164,205.30374145507812,1.0,108.00444030761719,245.85926818847656,1.0,104.48623657226562,223.59934997558594,1.0,92.33145904541016,220.18772888183594,0.9999998807907104,154.134521484375,227.54443359375,1.0,171.75184631347656,223.21075439453125,1.0,104.9601821899414,269.6333312988281,1.0,89.09388732910156,274.1906433105469,0.9998065829277039,154.87164306640625,277.41375732421875,0.9999998807907104
1648,118.0801010131836,205.38156127929688,1.0,108.04451751708984,245.95237731933594,1.0,104.59915161132812,223.65663146972656,1.0,92.37097930908203,219.8414306640625,1.0,154.06524658203125,227.4344024658203,1.0,171.81138610839844,223.01730346679688,1.0,105.05615997314453,269.6803283691406,1.0,89.29302978515625,274.4652099609375,0.9998099207878113,154.7849578857422,277.5035400390625,0.9999998807907104
1649,117.92568969726562,205.49314880371094,1.0,108.14154815673828,245.92384338378906,1.0,104.61390686035156,223.70985412597656,1.0,92.39336395263672,219.77963256835938,1.0,154.1192626953125,227.39910888671875,1.0,171.84864807128906,222.9901885986328,1.0,104.96492767333984,269.5102233886719,1.0,89.08818054199219,274.3271789550781,0.9997962117195129,154.79080200195312,277.5186462402344,0.9999998807907104
1650,118.04267883300781,205.3799591064453,1.0,108.09844207763672,245.9283447265625,1.0,104.51365661621094,223.766357421875,1.0,92.38066101074219,219.81884765625,1.0,154.2069549560547,227.4498748779297,1.0,171.77078247070312,223.01686096191406,1.0,104.95955657958984,269.5747985839844,1.0,89.03651428222656,274.32257080078125,0.9998112320899963,154.91583251953125,277.52581787109375,0.9999998807907104
1651,117.84777069091797,205.37353515625,1.0,108.12646484375,245.76434326171875,1.0,104.48632049560547,223.92233276367188,1.0,92.27049255371094,220.06346130371094,1.0,154.22991943359375,227.39561462402344,1.0,171.98741149902344,222.8953399658203,1.0,104.9749755859375,269.573486328125,1.0,89.04621887207031,274.4583435058594,0.9998296499252319,154.78831481933594,277.61376953125,0.9999998807907104
1652,117.71243286132812,205.45884704589844,1.0,107.98988342285156,245.80267333984375,1.0,104.40717315673828,223.8719482421875,1.0,92.1390609741211,219.8402099609375,1.0,154.1474151611328,227.4335479736328,1.0,171.79937744140625,223.09481811523438,1.0,105.0402603149414,269.48614501953125,1.0,89.23297882080078,274.6099548339844,0.9999312162399292,154.76390075683594,277.6728515625,1.0
1653,117.77999877929688,205.5239715576172,1.0,107.97055053710938,245.83514404296875,1.0,104.357666015625,223.9210205078125,1.0,92.12532806396484,219.8125,1.0,154.1654052734375,227.48529052734375,1.0,171.85739135742188,223.15643310546875,1.0,104.97874450683594,269.45574951171875,1.0,89.3175048828125,274.6094055175781,0.9998934268951416,154.77247619628906,277.5621643066406,1.0
1654,117.79759979248047,205.53192138671875,1.0,108.108154296875,245.9248504638672,1.0,104.3293685913086,223.95729064941406,1.0,92.22504425048828,219.90939331054688,1.0,154.2310791015625,227.42225646972656,1.0,171.94931030273438,223.07949829101562,1.0,104.97530364990234,269.5091552734375,1.0,89.07357788085938,274.6001892089844,0.9999055862426758,154.81292724609375,277.5496520996094,1.0
1655,117.5970230102539,205.54910278320312,1.0,108.1622314453125,245.86460876464844,1.0,104.24579620361328,224.05108642578125,1.0,92.15010833740234,219.97657775878906,1.0,154.150390625,227.50201416015625,1.0,171.9154815673828,223.19520568847656,1.0,104.93245697021484,269.475830078125,1.0,88.89886474609375,274.5168151855469,0.9998810291290283,154.6638946533203,277.5903015136719,1.0
1656,117.47966766357422,205.69395446777344,1.0,107.91693115234375,245.4378662109375,1.0,104.48290252685547,224.142333984375,1.0,92.1233139038086,220.18496704101562,1.0,154.22413635253906,227.41749572753906,1.0,171.94940185546875,223.14584350585938,1.0,105.1846694946289,270.007080078125,1.0,88.3994369506836,274.58526611328125,0.9996780157089233,154.7923126220703,277.6785583496094,0.9999998807907104
1657,117.50544738769531,205.37710571289062,1.0,107.92752838134766,245.36004638671875,1.0,104.37982940673828,224.14955139160156,1.0,92.15117645263672,220.34800720214844,1.0,154.18251037597656,227.44622802734375,1.0,171.86024475097656,223.110595703125,1.0,105.24431610107422,269.7792053222656,1.0,88.68780517578125,274.6433410644531,0.9999313354492188,154.78358459472656,277.62164306640625,1.0
1658,117.42304229736328,205.4405975341797,1.0,107.79988098144531,245.431884765625,1.0,104.19483947753906,224.15692138671875,1.0,92.01214599609375,220.3754119873047,1.0,154.14190673828125,227.44374084472656,1.0,171.7642822265625,223.17779541015625,1.0,105.21800994873047,269.5870666503906,1.0,88.78082275390625,274.5648498535156,0.999922513961792,154.54925537109375,277.6889343261719,1.0
1659,117.35504150390625,205.36215209960938,1.0,107.75001525878906,245.42648315429688,1.0,104.25716400146484,224.19091796875,1.0,91.98467254638672,220.4756317138672,1.0,154.10528564453125,227.46002197265625,1.0,171.75941467285156,223.03759765625,1.0,105.17732238769531,269.6590576171875,1.0,88.72796630859375,274.5755615234375,0.9998975992202759,154.68646240234375,277.65838623046875,1.0
1660,117.11715698242188,205.29403686523438,1.0,107.8017349243164,245.05722045898438,1.0,104.31280517578125,224.32424926757812,1.0,91.94978332519531,220.71388244628906,1.0,153.9879150390625,227.41737365722656,1.0,171.6797637939453,223.02981567382812,1.0,105.09272003173828,269.7198791503906,1.0,88.7902603149414,274.6505432128906,0.9998908042907715,154.7720947265625,277.6123046875,1.0
1661,116.88616943359375,205.2703399658203,1.0,107.66142272949219,245.27053833007812,1.0,104.22325897216797,224.3784637451172,1.0,91.81269073486328,220.69818115234375,1.0,153.76348876953125,227.30052185058594,1.0,171.47079467773438,222.97991943359375,1.0,105.09721374511719,269.6562194824219,1.0,88.64785766601562,274.6726379394531,0.9999446868896484,154.45892333984375,277.71044921875,1.0
1662,116.75131225585938,205.27236938476562,1.0,108.17288208007812,245.57220458984375,1.0,104.03439331054688,224.21653747558594,1.0,91.72319030761719,220.81304931640625,1.0,153.75433349609375,227.05126953125,1.0,171.29905700683594,223.0045928955078,1.0,105.14200592041016,269.5998229980469,1.0,88.94367218017578,274.7916259765625,0.9999595880508423,154.5301971435547,277.72265625,0.9999998807907104
1663,116.83355712890625,205.26956176757812,1.0,107.63111877441406,245.28793334960938,1.0,103.95689392089844,224.0144500732422,1.0,91.76529693603516,220.3957061767578,1.0,153.69009399414062,226.9593963623047,1.0,171.32498168945312,223.04611206054688,1.0,105.09544372558594,269.6639709472656,1.0,88.84070587158203,274.7362365722656,0.9999239444732666,154.53160095214844,277.69500732421875,0.9999998807907104
1664,116.6751480102539,205.31546020507812,1.0,107.95745849609375,245.77655029296875,1.0,103.86021423339844,224.05763244628906,1.0,91.71965026855469,220.29177856445312,1.0,153.63201904296875,227.4263916015625,1.0,171.01882934570312,223.1455078125,1.0,104.98992919921875,269.6318664550781,1.0,88.81047058105469,274.7462158203125,0.9999138116836548,154.33834838867188,277.7934265136719,0.9999998807907104
1665,116.82788848876953,205.4021453857422,1.0,108.01033020019531,245.76083374023438,1.0,103.78522491455078,223.99542236328125,1.0,91.55701446533203,220.08297729492188,1.0,153.6324005126953,227.224365234375,1.0,171.09385681152344,223.11228942871094,1.0,105.01206970214844,269.747802734375,1.0,88.77005767822266,274.7415466308594,0.999920129776001,154.29331970214844,277.8070373535156,0.9999998807907104
1666,116.78255462646484,205.58602905273438,1.0,108.02328491210938,245.4424591064453,1.0,103.91973876953125,223.97813415527344,1.0,91.59542083740234,219.88587951660156,1.0,153.71620178222656,227.20852661132812,1.0,171.31333923339844,223.22909545898438,1.0,104.93527221679688,269.8740539550781,1.0,88.59481811523438,274.7247009277344,0.9998524188995361,154.2547607421875,277.6644592285156,0.9999998807907104
1667,116.72754669189453,205.65805053710938,1.0,108.02581787109375,245.37689208984375,1.0,103.8832015991211,224.0657958984375,1.0,91.56538391113281,220.1065216064453,1.0,153.92733764648438,227.12066650390625,1.0,171.31558227539062,223.1605987548828,1.0,105.04216766357422,269.75286865234375,1.0,88.82679748535156,274.7542724609375,0.999962568283081,154.30140686035156,277.6573181152344,0.9999998807907104
1668,116.93340301513672,205.2714385986328,1.0,107.93983459472656,245.57537841796875,1.0,103.77285766601562,223.8761749267578,1.0,91.62313079833984,220.42726135253906,1.0,153.68154907226562,227.10958862304688,1.0,171.22879028320312,222.9329833984375,1.0,105.25118255615234,269.99871826171875,1.0,89.13172149658203,274.6964416503906,0.999947190284729,154.6543426513672,277.43017578125,1.0
1669,116.98765563964844,205.20591735839844,1.0,107.53923797607422,245.0315704345703,1.0,103.90545654296875,224.0138397216797,1.0,91.66674041748047,220.62026977539062,1.0,153.61618041992188,227.21803283691406,1.0,171.23731994628906,223.06288146972656,1.0,105.35995483398438,269.87567138671875,1.0,89.32024383544922,274.7161865234375,0.9999668598175049,154.85133361816406,277.31707763671875,0.9999998807907104
1670,117.19584655761719,205.16424560546875,1.0,107.81028747558594,245.36068725585938,1.0,103.79109954833984,223.97747802734375,1.0,91.68890380859375,220.5369873046875,1.0,153.94833374023438,227.1960906982422,1.0,171.51905822753906,223.10357666015625,1.0,105.5626220703125,269.85302734375,1.0,89.39801025390625,274.7938537597656,0.9999567270278931,154.97523498535156,277.0745849609375,1.0
1671,117.60302734375,205.09402465820312,1.0,107.95069885253906,245.28428649902344,1.0,104.0082015991211,223.8541717529297,1.0,91.781005859375,220.06643676757812,1.0,154.1898651123047,227.11419677734375,1.0,171.63845825195312,223.10621643066406,1.0,105.6294937133789,269.9884338378906,1.0,89.45330047607422,274.7666015625,0.9999465942382812,155.37539672851562,276.87872314453125,1.0
1672,117.97490692138672,205.04336547851562,1.0,108.05834197998047,245.2121124267578,1.0,104.04732513427734,223.94558715820312,1.0,91.79408264160156,220.46624755859375,1.0,154.4366455078125,227.07923889160156,1.0,172.0092010498047,223.21365356445312,1.0,105.57054901123047,269.6736145019531,1.0,89.4312973022461,275.0217590332031,0.9999556541442871,155.49208068847656,276.9597473144531,1.0
1673,118.49634552001953,205.31993103027344,1.0,108.68171691894531,244.8821563720703,1.0,103.75464630126953,224.93173217773438,1.0,92.27546691894531,220.1617889404297,1.0,155.53529357910156,227.30154418945312,1.0,172.1230010986328,223.3062744140625,1.0,105.922119140625,269.7471008300781,0.9999998807907104,89.53968048095703,274.957275390625,0.9999864101409912,155.5835723876953,276.9515380859375,1.0
1674,118.81733703613281,205.45584106445312,1.0,108.68067169189453,245.0089874267578,1.0,104.59588623046875,225.19918823242188,0.9999998807907104,92.7667236328125,220.87803649902344,1.0,156.6027374267578,227.64144897460938,1.0,172.79449462890625,223.65689086914062,1.0,106.97560119628906,270.13153076171875,1.0,89.93975830078125,275.08807373046875,0.9999790191650391,156.58876037597656,276.6993408203125,1.0
1675,118.93963623046875,205.75341796875,1.0,108.8251724243164,244.83656311035156,1.0,104.6171875,225.22279357910156,0.9999998807907104,92.8308334350586,220.77195739746094,1.0,156.74429321289062,227.76182556152344,1.0,172.963134765625,223.79640197753906,1.0,107.00692749023438,270.14385986328125,1.0,90.22699737548828,274.9905090332031,0.9999802112579346,156.8439178466797,276.9225158691406,1.0
1676,118.88887786865234,205.7914581298828,1.0,109.05381774902344,244.59567260742188,1.0,104.88406372070312,225.27818298339844,0.9999998807907104,92.9850845336914,221.1137237548828,1.0,156.88148498535156,227.77749633789062,1.0,173.1686553955078,223.7862548828125,1.0,107.12741088867188,269.8511962890625,1.0,90.3158950805664,274.89312744140625,0.9999927282333374,156.6645050048828,276.8167724609375,1.0
1677,119.24081420898438,205.78822326660156,1.0,108.95651245117188,244.7726593017578,1.0,105.07475280761719,225.15675354003906,0.9999998807907104,93.20222473144531,220.76856994628906,1.0,157.10958862304688,227.82077026367188,1.0,173.6533966064453,223.8882293701172,1.0,106.44935607910156,269.5173645019531,1.0,90.32386016845703,274.8745422363281,0.9999911785125732,156.78224182128906,277.08746337890625,1.0
1678,119.1922607421875,205.9963836669922,1.0,109.54925537109375,244.67173767089844,1.0,105.26248168945312,225.4841766357422,0.9999998807907104,93.35911560058594,221.13064575195312,1.0,157.14894104003906,227.89215087890625,1.0,173.76492309570312,223.70822143554688,1.0,107.29081726074219,270.0046691894531,1.0,90.56448364257812,275.08843994140625,0.9999970197677612,156.99717712402344,277.12274169921875,1.0
1679,119.45575714111328,205.93138122558594,1.0,109.91053009033203,244.6597137451172,1.0,105.60665130615234,225.36788940429688,0.9999998807907104,93.6806411743164,221.02838134765625,1.0,157.19607543945312,228.05926513671875,1.0,173.63198852539062,223.8238983154297,1.0,107.91531372070312,269.83038330078125,1.0,91.00855255126953,274.99176025390625,0.999998927116394,157.2320098876953,277.13885498046875,1.0
1680,119.57389831542969,206.26675415039062,1.0,110.10740661621094,244.74249267578125,1.0,106.0386962890625,224.83627319335938,0.9999998807907104,93.5560073852539,221.28744506835938,1.0,157.46693420410156,227.83544921875,1.0,174.16859436035156,223.836669921875,1.0,108.23389434814453,269.4247741699219,1.0,91.26713562011719,275.0225524902344,0.9999986886978149,157.40330505371094,277.1039733886719,1.0
1681,119.69427490234375,206.29583740234375,1.0,110.09100341796875,244.96958923339844,1.0,106.11945343017578,225.0404815673828,0.9999998807907104,93.61607360839844,221.40452575683594,1.0,157.47535705566406,227.85891723632812,1.0,174.108154296875,223.81776428222656,1.0,108.47039794921875,269.30328369140625,1.0,91.13612365722656,275.173583984375,0.9999995231628418,157.36782836914062,277.0975341796875,1.0
1682,119.74010467529297,206.41000366210938,1.0,110.6063232421875,244.760986328125,1.0,106.27884674072266,225.08291625976562,0.9999998807907104,93.62167358398438,221.43408203125,1.0,157.64443969726562,227.86322021484375,1.0,174.30470275878906,223.86007690429688,1.0,108.59260559082031,268.8785400390625,1.0,91.16657257080078,275.15093994140625,0.9999997615814209,157.3366241455078,277.1229553222656,1.0
1683,119.96656036376953,206.3112335205078,1.0,110.8597183227539,245.13197326660156,1.0,106.52225494384766,225.04408264160156,1.0,93.74254608154297,221.02552795410156,1.0,157.66354370117188,227.94073486328125,1.0,174.42677307128906,223.88673400878906,1.0,108.75611114501953,269.26409912109375,1.0,91.0672378540039,274.9879455566406,0.9999992847442627,157.52272033691406,277.1429748535156,1.0
1684,120.06292724609375,206.39535522460938,1.0,111.11188507080078,245.03639221191406,1.0,106.80408477783203,224.92758178710938,0.9999998807907104,94.00804138183594,220.9036407470703,1.0,157.893310546875,227.88156127929688,1.0,174.4990692138672,223.9675750732422,1.0,109.06425476074219,269.26275634765625,1.0,91.22023010253906,275.0728454589844,0.9999986886978149,157.99583435058594,277.0067443847656,1.0
1685,120.28632354736328,206.39097595214844,1.0,111.20687103271484,244.96414184570312,1.0,106.89937591552734,224.88601684570312,0.9999997615814209,94.03369903564453,220.54052734375,1.0,158.1712188720703,227.93470764160156,1.0,174.91619873046875,223.865234375,1.0,109.05255126953125,269.1273498535156,1.0,91.35279083251953,274.85540771484375,0.9999978542327881,157.95169067382812,277.4857482910156,1.0
1686,120.3408203125,206.4173583984375,1.0,111.25118255615234,244.91366577148438,1.0,106.93230438232422,224.888671875,0.9999997615814209,93.98712158203125,220.62493896484375,1.0,158.20384216308594,227.9638214111328,1.0,174.85671997070312,223.91864013671875,1.0,109.15111541748047,269.1314697265625,0.9999998807907104,91.1976089477539,274.8149719238281,0.9999974966049194,158.00990295410156,277.5400390625,1.0
1687,120.3298568725586,206.32766723632812,1.0,111.37589263916016,244.8709259033203,1.0,107.08560943603516,224.9962158203125,0.9999997615814209,94.1542739868164,220.59527587890625,1.0,158.16722106933594,227.88189697265625,1.0,175.03819274902344,223.818359375,1.0,109.23975372314453,269.01495361328125,0.9999998807907104,91.40110778808594,274.8752746582031,0.9999978542327881,158.2830352783203,277.6365661621094,1.0
1688,120.17312622070312,206.32037353515625,1.0,111.33073425292969,245.07119750976562,1.0,107.0514144897461,224.97085571289062,0.9999998807907104,94.01698303222656,220.69520568847656,1.0,158.296875,227.84246826171875,1.0,175.06036376953125,223.82785034179688,1.0,109.45169830322266,269.16510009765625,0.9999998807907104,91.63688659667969,274.9975280761719,0.9999978542327881,158.1777801513672,277.51080322265625,1.0
1689,120.3652572631836,206.23641967773438,1.0,111.56853485107422,245.2364044189453,1.0,107.26387023925781,224.93350219726562,1.0,94.14726257324219,220.63514709472656,1.0,158.57733154296875,227.86871337890625,1.0,175.28079223632812,223.87246704101562,1.0,109.65438842773438,269.2340087890625,0.9999998807907104,91.58985137939453,275.0985412597656,0.9999983310699463,158.6076202392578,277.6583557128906,1.0
1690,120.13262939453125,206.32847595214844,1.0,111.6578369140625,245.20339965820312,1.0,107.24937438964844,225.14581298828125,0.9999998807907104,94.19320678710938,220.91696166992188,1.0,158.47430419921875,227.89820861816406,1.0,175.3837432861328,223.76922607421875,1.0,109.93756103515625,269.6251220703125,0.9999998807907104,91.6645278930664,275.41192626953125,0.9999986886978149,158.48143005371094,277.82000732421875,1.0
1691,120.29393005371094,206.44692993164062,1.0,111.89196014404297,245.26846313476562,1.0,107.37396240234375,225.1459503173828,0.9999998807907104,94.22948455810547,220.87413024902344,1.0,158.51443481445312,227.81761169433594,1.0,175.4324188232422,223.73651123046875,1.0,110.09414672851562,269.3644714355469,0.9999998807907104,91.75981903076172,275.28460693359375,0.9999980926513672,158.51544189453125,277.7689514160156,1.0
1692,120.4881820678711,206.38133239746094,1.0,112.50991821289062,245.26380920410156,1.0,107.3597183227539,224.93161010742188,0.9999998807907104,94.21426391601562,220.45257568359375,1.0,158.2465057373047,227.75555419921875,1.0,175.32168579101562,223.83128356933594,1.0,110.59562683105469,269.3277282714844,0.9999998807907104,92.01284790039062,275.51226806640625,0.9999992847442627,158.95101928710938,277.3948669433594,1.0
1693,120.40974426269531,206.415283203125,1.0,112.30476379394531,245.37538146972656,1.0,107.2789306640625,224.90614318847656,0.9999998807907104,94.11681365966797,220.37098693847656,1.0,158.2396240234375,227.82569885253906,1.0,175.3048858642578,223.89820861816406,1.0,110.36625671386719,269.3890686035156,0.9999998807907104,92.01998901367188,275.4690856933594,0.9999995231628418,158.97000122070312,277.5614013671875,1.0
1694,120.40628814697266,206.49156188964844,1.0,112.25125885009766,245.23312377929688,1.0,107.3509750366211,224.84298706054688,0.9999998807907104,94.2322769165039,220.36378479003906,1.0,158.1713104248047,227.93032836914062,1.0,175.281494140625,223.9265594482422,1.0,110.2795639038086,269.4839172363281,0.9999998807907104,92.08352661132812,275.58160400390625,0.9999994039535522,158.96279907226562,277.5990905761719,1.0
1695,120.43083190917969,206.60740661621094,1.0,112.36921691894531,245.3376922607422,1.0,107.38551330566406,224.7930450439453,0.9999998807907104,94.20307922363281,220.24819946289062,1.0,158.29901123046875,227.94403076171875,1.0,175.28396606445312,223.95396423339844,1.0,110.30374908447266,269.4093017578125,0.9999998807907104,91.8619384765625,275.4950866699219,0.9999996423721313,159.08091735839844,277.6208190917969,1.0
1696,120.43699645996094,206.6533203125,1.0,112.4666748046875,245.32142639160156,1.0,107.32997131347656,224.99070739746094,0.9999998807907104,94.25110626220703,220.3690185546875,1.0,158.38864135742188,227.9760284423828,1.0,175.23709106445312,223.95989990234375,1.0,110.4600830078125,269.4558410644531,0.9999998807907104,91.88442993164062,275.66741943359375,0.9999995231628418,159.045166015625,277.6716003417969,1.0
1697,120.46308898925781,206.736328125,1.0,112.53868103027344,245.44656372070312,1.0,107.21377563476562,225.0941162109375,0.9999998807907104,94.1507339477539,220.4846954345703,1.0,158.5056610107422,227.99072265625,1.0,175.23760986328125,224.04745483398438,1.0,110.66337585449219,269.3656311035156,0.9999998807907104,91.81838989257812,275.6100769042969,0.9999995231628418,159.29971313476562,277.6427001953125,1.0
1698,120.37764739990234,206.7408447265625,1.0,112.61943054199219,245.65138244628906,1.0,107.28138732910156,225.03549194335938,0.9999998807907104,94.04821014404297,220.5293731689453,1.0,158.38609313964844,227.98098754882812,1.0,175.23849487304688,223.92926025390625,1.0,110.69519805908203,269.5495300292969,0.9999998807907104,91.92025756835938,275.7738037109375,0.9999996423721313,159.41111755371094,277.6250915527344,1.0
1699,120.50200653076172,206.67372131347656,1.0,112.76388549804688,245.72854614257812,1.0,107.25581359863281,224.86973571777344,0.9999998807907104,93.9865951538086,220.56866455078125,1.0,158.32620239257812,228.05303955078125,1.0,175.11953735351562,223.95985412597656,1.0,110.73453521728516,269.6377868652344,0.9999998807907104,91.85712432861328,275.7967529296875,0.9999996423721313,159.26254272460938,277.520263671875,1.0
1700,120.48624420166016,206.5538787841797,1.0,112.75047302246094,245.81182861328125,1.0,107.17455291748047,225.00286865234375,0.9999998807907104,93.88008880615234,220.89393615722656,1.0,158.2008819580078,227.9214324951172,1.0,175.03892517089844,223.82760620117188,1.0,110.74821472167969,269.685791015625,0.9999998807907104,91.975830078125,275.88543701171875,0.9999997615814209,159.1615753173828,277.5342102050781,1.0
1701,120.45536804199219,206.65391540527344,1.0,112.7515640258789,245.78855895996094,1.0,107.03819274902344,225.0224151611328,1.0,93.8413314819336,220.9279022216797,1.0,158.16989135742188,227.83349609375,1.0,175.11767578125,223.8461151123047,1.0,111.05069732666016,269.52899169921875,0.9999998807907104,91.93424987792969,275.851318359375,0.9999997615814209,159.23240661621094,277.38531494140625,1.0
1702,120.52043151855469,206.5630645751953,1.0,112.77687072753906,246.0350799560547,1.0,107.01595306396484,225.12521362304688,1.0,93.79216766357422,221.0773162841797,1.0,158.15113830566406,227.97955322265625,1.0,175.05685424804688,223.84426879882812,1.0,110.99552917480469,269.7910461425781,0.9999998807907104,91.8399887084961,275.94635009765625,0.9999997615814209,159.17227172851562,277.5467834472656,1.0
1703,120.42728424072266,206.48545837402344,1.0,112.66644287109375,245.93011474609375,1.0,106.95841217041016,225.09490966796875,1.0,93.79669952392578,220.92276000976562,1.0,158.12173461914062,227.97515869140625,1.0,175.01239013671875,223.8292236328125,1.0,111.02977752685547,269.7451477050781,0.9999998807907104,91.86419677734375,275.953369140625,0.9999996423721313,159.19483947753906,277.71124267578125,1.0
1704,120.38084411621094,206.2848358154297,1.0,112.56127166748047,245.72952270507812,1.0,106.7630615234375,225.14991760253906,1.0,93.57449340820312,221.1705322265625,1.0,158.04690551757812,228.02389526367188,1.0,174.84922790527344,223.79148864746094,1.0,111.03160858154297,269.6737976074219,0.9999998807907104,91.82559967041016,276.1189880371094,0.9999992847442627,159.2161407470703,277.8774108886719,1.0
1705,120.25566101074219,206.4668731689453,1.0,112.41281127929688,245.9236602783203,1.0,106.75996398925781,225.1353759765625,0.9999998807907104,93.5890121459961,220.9957733154297,1.0,158.0127716064453,228.01710510253906,1.0,174.87982177734375,223.70816040039062,1.0,111.0622329711914,269.8246765136719,0.9999998807907104,91.88584899902344,276.14862060546875,0.9999991655349731,159.19052124023438,277.9617919921875,1.0
1706,120.46739959716797,206.4245147705078,1.0,112.64745330810547,245.8746795654297,1.0,106.79136657714844,225.3179931640625,1.0,93.68429565429688,221.22447204589844,1.0,157.89971923828125,227.98110961914062,1.0,174.80197143554688,223.7376708984375,1.0,110.94966125488281,269.61944580078125,0.9999998807907104,91.78539276123047,276.0221862792969,0.9999994039535522,158.9793243408203,277.69866943359375,1.0
1707,120.25458526611328,206.28684997558594,1.0,112.46074676513672,245.85894775390625,1.0,106.65788269042969,225.2813262939453,1.0,93.56436920166016,221.203125,1.0,157.87086486816406,227.8865509033203,1.0,174.9813995361328,223.6807098388672,1.0,110.87232208251953,269.597412109375,0.9999998807907104,91.86277770996094,276.02752685546875,0.9999994039535522,159.05081176757812,277.6172180175781,1.0
1708,120.09956359863281,206.2144775390625,1.0,112.07738494873047,245.81089782714844,1.0,106.41160583496094,225.23092651367188,1.0,93.47809600830078,221.07106018066406,1.0,157.35142517089844,227.93643188476562,1.0,174.5727996826172,223.67703247070312,1.0,110.44417572021484,269.8770751953125,0.9999998807907104,91.75650787353516,275.9281005859375,0.9999991655349731,158.87716674804688,277.79644775390625,1.0
1709,119.82280731201172,206.32122802734375,1.0,112.08467102050781,245.7655029296875,1.0,106.29676055908203,225.16380310058594,1.0,93.31708526611328,221.12188720703125,1.0,156.90170288085938,227.70193481445312,1.0,174.63836669921875,223.70590209960938,1.0,110.3858642578125,269.9443359375,0.9999998807907104,91.71178436279297,275.8870544433594,0.999998927116394,158.8596954345703,277.78009033203125,1.0
1710,119.56375885009766,206.2809295654297,1.0,111.90531158447266,245.7262725830078,1.0,106.16849517822266,225.1695556640625,1.0,93.23092651367188,221.0608367919922,1.0,156.75607299804688,227.6667938232422,1.0,174.62734985351562,223.66648864746094,1.0,110.58140563964844,269.9613037109375,0.9999998807907104,91.83946228027344,275.9953918457031,0.9999988079071045,158.7527618408203,277.91119384765625,1.0
1711,119.41016387939453,206.09251403808594,1.0,111.86915588378906,245.9945068359375,1.0,106.04930877685547,225.3152618408203,1.0,93.11676788330078,221.19821166992188,1.0,156.3012237548828,227.67095947265625,1.0,174.43307495117188,223.54701232910156,1.0,110.19602966308594,270.2171630859375,0.9999998807907104,91.59037017822266,275.9587707519531,0.9999980926513672,158.50010681152344,277.96478271484375,1.0
1712,119.28083038330078,206.2089080810547,1.0,111.56401824951172,246.07440185546875,1.0,105.86817169189453,225.26504516601562,1.0,92.80154418945312,221.1734161376953,1.0,156.25440979003906,227.60105895996094,1.0,174.004638671875,223.48684692382812,1.0,109.80807495117188,270.45172119140625,0.9999998807907104,91.29895782470703,275.88739013671875,0.9999970197677612,158.52633666992188,277.64788818359375,1.0
1713,119.06892395019531,206.09632873535156,1.0,111.23832702636719,245.9406280517578,1.0,105.53263854980469,225.1648406982422,1.0,92.67269897460938,221.25209045410156,1.0,156.04702758789062,227.4752197265625,1.0,173.8418426513672,223.24761962890625,1.0,110.00946044921875,270.5659484863281,0.9999998807907104,91.15982055664062,275.818603515625,0.9999971389770508,158.4451141357422,277.6697082519531,1.0
1714,118.60452270507812,205.8599853515625,1.0,110.8712158203125,246.0789794921875,1.0,105.33707427978516,225.12448120117188,1.0,92.48414611816406,221.29579162597656,1.0,155.13778686523438,227.19140625,1.0,173.20330810546875,223.07530212402344,1.0,109.62552642822266,270.8223571777344,0.9999998807907104,91.06275177001953,275.8268127441406,0.9999933242797852,158.3052978515625,277.55615234375,1.0
1715,118.27446746826172,205.570068359375,1.0,110.20115661621094,246.3052215576172,1.0,104.00057220458984,226.46759033203125,1.0,92.29849243164062,221.24478149414062,1.0,154.21224975585938,227.00259399414062,1.0,173.39520263671875,222.99217224121094,1.0,109.3005599975586,271.0559997558594,0.9999998807907104,90.8960189819336,275.7934875488281,0.9999769926071167,157.57354736328125,277.50299072265625,1.0
1716,117.8226089477539,205.8536834716797,1.0,109.69693756103516,245.9048614501953,1.0,103.4228515625,226.1790771484375,1.0,91.84261322021484,221.2264404296875,1.0,153.98065185546875,226.59982299804688,1.0,173.06166076660156,222.90187072753906,1.0,108.66417694091797,270.9996032714844,1.0,91.23145294189453,275.7212829589844,0.9999924898147583,156.62132263183594,277.2637634277344,1.0
1717,117.69268035888672,205.984619140625,1.0,109.50837707519531,246.15919494628906,1.0,104.07621765136719,225.16578674316406,1.0,91.75597381591797,221.37335205078125,1.0,153.9217529296875,226.74830627441406,1.0,173.027587890625,222.93386840820312,1.0,108.67040252685547,270.9629821777344,1.0,91.21871948242188,275.781494140625,0.9999909400939941,156.76901245117188,277.1014709472656,1.0
1718,117.64478302001953,205.984130859375,1.0,109.51958465576172,246.10874938964844,1.0,103.23889923095703,226.31866455078125,1.0,91.67744445800781,221.3196563720703,1.0,153.8668975830078,226.73208618164062,1.0,172.9071502685547,222.7777862548828,1.0,108.7103271484375,270.9361877441406,1.0,91.20755767822266,275.7674560546875,0.999983549118042,156.6953582763672,276.9840087890625,1.0
1719,117.31251525878906,205.8295135498047,1.0,109.11643981933594,246.1963653564453,1.0,103.97117614746094,225.21485900878906,1.0,91.58859252929688,221.47213745117188,1.0,153.93333435058594,226.83961486816406,1.0,172.83291625976562,222.88352966308594,1.0,108.44281768798828,271.01715087890625,1.0,91.09300231933594,275.7388916015625,0.999984860420227,156.6170654296875,276.8713073730469,1.0
1720,117.34406280517578,205.61849975585938,1.0,108.96450805664062,246.53465270996094,1.0,103.81706237792969,225.3603973388672,1.0,91.73624420166016,221.82217407226562,1.0,153.91529846191406,226.81375122070312,1.0,172.74053955078125,222.93568420410156,1.0,108.5328369140625,270.9689025878906,0.9999998807907104,91.15116119384766,275.8389587402344,0.9999897480010986,156.113525390625,277.17547607421875,1.0
1721,117.16822052001953,205.42300415039062,1.0,108.76909637451172,246.50787353515625,1.0,103.66584014892578,225.24522399902344,1.0,91.72055053710938,221.82891845703125,1.0,153.8163299560547,226.77073669433594,1.0,172.73960876464844,222.93121337890625,1.0,108.44559478759766,270.72540283203125,0.9999998807907104,91.16738891601562,275.8501892089844,0.999984622001648,156.12818908691406,277.15631103515625,1.0
1722,116.9258041381836,205.76658630371094,1.0,108.59481048583984,246.5308074951172,1.0,103.51487731933594,225.3549041748047,1.0,91.62638854980469,222.01475524902344,1.0,153.62716674804688,226.6806182861328,1.0,172.17733764648438,222.56216430664062,1.0,108.14717864990234,270.4211730957031,1.0,91.05186462402344,275.8830871582031,0.9999967813491821,155.90721130371094,277.1531982421875,1.0
1723,116.71947479248047,205.8258514404297,1.0,108.63878631591797,246.29917907714844,1.0,103.40115356445312,225.32907104492188,1.0,91.59033966064453,222.12307739257812,1.0,153.62908935546875,226.58834838867188,1.0,172.01437377929688,222.54127502441406,1.0,108.0748062133789,270.3682556152344,1.0,91.06192016601562,275.8546447753906,0.9999963045120239,156.04249572753906,276.90447998046875,1.0
1724,116.72200012207031,205.8237762451172,1.0,108.6125717163086,246.56085205078125,1.0,103.15873718261719,225.36727905273438,1.0,91.38286590576172,221.8755645751953,1.0,153.4370574951172,226.5501251220703,1.0,171.87481689453125,222.31536865234375,1.0,107.89460754394531,270.4908447265625,1.0,90.80455780029297,275.8260498046875,0.9999945163726807,155.9018096923828,277.05487060546875,1.0
1725,116.65925598144531,205.95016479492188,1.0,108.30406951904297,246.54722595214844,1.0,103.11628723144531,225.1697540283203,1.0,91.23384857177734,221.60755920410156,1.0,153.40472412109375,226.54229736328125,1.0,171.60000610351562,222.3295135498047,1.0,107.72154235839844,270.1678466796875,1.0,90.58257293701172,275.83966064453125,0.9999977350234985,155.82859802246094,276.893310546875,1.0
1726,116.44676971435547,205.972900390625,1.0,108.26727294921875,246.45578002929688,1.0,102.98542022705078,225.1678466796875,1.0,91.13101959228516,221.7555389404297,1.0,153.1912078857422,226.4700164794922,1.0,171.5739288330078,222.19911193847656,1.0,107.75575256347656,269.99908447265625,1.0,90.42659759521484,275.8852233886719,0.9999979734420776,155.90452575683594,276.7887878417969,1.0
1727,116.39974212646484,205.90313720703125,1.0,108.05835723876953,246.62307739257812,1.0,102.7692642211914,225.22415161132812,1.0,91.1427001953125,221.59320068359375,1.0,153.1766815185547,226.36911010742188,1.0,171.39344787597656,222.09007263183594,1.0,107.59113311767578,270.0152282714844,1.0,90.30433654785156,275.9048156738281,0.999997615814209,155.92491149902344,276.7324523925781,1.0
1728,116.16812133789062,205.9627685546875,1.0,108.26260375976562,246.59689331054688,1.0,102.94314575195312,225.24130249023438,1.0,91.06124877929688,222.23223876953125,1.0,153.42752075195312,226.40972900390625,1.0,171.3028564453125,222.11241149902344,1.0,107.6109848022461,270.4047546386719,0.9999998807907104,89.754638671875,275.61328125,0.9999878406524658,155.80172729492188,276.4328308105469,1.0
1729,117.39047241210938,206.26051330566406,1.0,109.06826782226562,245.8516387939453,1.0,104.58003997802734,225.52529907226562,1.0,91.70614624023438,222.01528930664062,1.0,155.63819885253906,226.74771118164062,1.0,172.44728088378906,223.0697021484375,1.0,107.62278747558594,270.3648376464844,0.9999998807907104,89.45996856689453,275.4825439453125,0.9999502897262573,155.9644775390625,276.7802734375,1.0
1730,118.39111328125,205.864990234375,1.0,109.32441711425781,245.73556518554688,1.0,104.4347915649414,226.15966796875,1.0,92.44549560546875,221.48634338378906,1.0,156.24375915527344,227.0551300048828,1.0,173.0538787841797,223.05284118652344,1.0,108.3736343383789,270.117431640625,0.9999998807907104,90.39685821533203,275.616943359375,0.9999912977218628,156.7910614013672,277.1672058105469,1.0
1731,118.51325225830078,206.05133056640625,1.0,109.1879653930664,245.43824768066406,1.0,104.36682891845703,225.92469787597656,1.0,92.4923324584961,221.2008056640625,1.0,156.37420654296875,226.90956115722656,1.0,173.3535614013672,223.08448791503906,1.0,108.41022491455078,270.2390441894531,0.9999998807907104,90.56072235107422,275.7639465332031,0.999992847442627,156.86122131347656,277.2124328613281,1.0
1732,118.63899230957031,206.1779022216797,1.0,109.68942260742188,245.478515625,1.0,104.46102905273438,225.8639678955078,1.0,92.69419860839844,221.06558227539062,1.0,156.4537811279297,226.98480224609375,1.0,173.2673797607422,223.0535888671875,1.0,108.46186065673828,270.0943908691406,0.9999998807907104,90.5956039428711,275.4163513183594,0.9999897480010986,157.12481689453125,276.9468688964844,1.0
1733,118.69319152832031,205.97103881835938,1.0,109.87483978271484,245.7762451171875,1.0,104.60586547851562,226.00440979003906,1.0,92.67015075683594,221.29103088378906,1.0,156.6954345703125,226.9448699951172,1.0,173.5995635986328,223.11024475097656,1.0,108.94190216064453,270.28936767578125,0.9999998807907104,90.8443374633789,275.4846496582031,0.9999873638153076,157.1781005859375,276.99664306640625,1.0
1734,118.6417465209961,206.05943298339844,1.0,109.99820709228516,245.87307739257812,1.0,104.51151275634766,226.0900115966797,1.0,92.53490447998047,221.34083557128906,1.0,156.761474609375,227.01907348632812,1.0,173.59242248535156,223.1852264404297,1.0,108.85545349121094,270.3334655761719,0.9999998807907104,90.81201934814453,275.5329284667969,0.9999966621398926,157.10191345214844,277.046875,1.0
1735,118.76775360107422,206.0814208984375,1.0,110.28224182128906,245.92259216308594,1.0,104.57855224609375,226.20379638671875,1.0,92.51792907714844,221.3185577392578,1.0,156.7139129638672,227.12266540527344,1.0,173.3825225830078,223.1564178466797,1.0,108.8260726928711,270.5174560546875,0.9999998807907104,90.75536346435547,275.5550231933594,0.9999942779541016,157.2673797607422,277.1584777832031,1.0
1736,118.86372375488281,206.24400329589844,1.0,110.59735870361328,245.89666748046875,1.0,104.68272399902344,226.21405029296875,1.0,92.51971435546875,221.4512176513672,1.0,156.6391143798828,227.19808959960938,1.0,173.3161163330078,223.19436645507812,1.0,108.9092788696289,270.3757629394531,0.9999998807907104,90.92261505126953,275.62738037109375,0.9999972581863403,157.27784729003906,277.19195556640625,1.0
1737,118.8763656616211,206.20188903808594,1.0,110.47867584228516,245.790283203125,1.0,104.64152526855469,226.15829467773438,1.0,92.45286560058594,221.21340942382812,1.0,156.87115478515625,227.27767944335938,1.0,173.52996826171875,223.19235229492188,1.0,108.94912719726562,270.37701416015625,1.0,91.03438568115234,275.7209167480469,0.9999980926513672,157.36546325683594,277.339111328125,1.0
1738,118.94338989257812,206.2985382080078,1.0,110.72481536865234,245.6800537109375,1.0,104.71522521972656,226.28135681152344,1.0,92.59490966796875,221.29640197753906,1.0,156.88357543945312,227.24465942382812,1.0,173.67251586914062,223.1637725830078,1.0,109.08903503417969,270.1717224121094,1.0,91.12735748291016,275.6571044921875,0.9999983310699463,157.4650421142578,277.30670166015625,1.0
1739,118.85773468017578,206.3086700439453,1.0,110.97616577148438,245.8026123046875,1.0,104.68341827392578,226.38980102539062,1.0,92.60650634765625,221.30792236328125,1.0,156.77748107910156,227.27084350585938,1.0,173.6037139892578,223.15380859375,1.0,109.45169067382812,270.1341857910156,0.9999998807907104,91.23246765136719,275.749755859375,0.9999985694885254,157.4846649169922,277.1849060058594,1.0
1740,118.79485321044922,206.11517333984375,1.0,111.0909194946289,245.98062133789062,1.0,105.56739044189453,225.64430236816406,1.0,92.8022232055664,221.9014129638672,1.0,156.8895263671875,227.40846252441406,1.0,173.82504272460938,223.3946075439453,1.0,109.72103881835938,270.3128967285156,0.9999998807907104,91.0121841430664,275.71044921875,0.9999995231628418,157.82374572753906,277.2478332519531,1.0
1741,118.94038391113281,205.87258911132812,1.0,111.39196014404297,246.09466552734375,1.0,105.67061614990234,225.44090270996094,1.0,92.76918029785156,221.97817993164062,1.0,156.87994384765625,227.3726806640625,1.0,173.83917236328125,223.42955017089844,1.0,109.69915771484375,270.1201171875,0.9999998807907104,90.92291259765625,275.76507568359375,0.9999996423721313,157.78713989257812,277.22308349609375,1.0
1742,119.0615005493164,205.89918518066406,1.0,111.1751937866211,246.2325897216797,1.0,105.57938385009766,225.41632080078125,1.0,92.80645751953125,221.92034912109375,1.0,156.80557250976562,227.35214233398438,1.0,173.80902099609375,223.46585083007812,1.0,109.74839782714844,270.0970458984375,0.9999998807907104,90.97325897216797,275.73077392578125,0.9999995231628418,157.8174285888672,277.06951904296875,1.0
1743,119.12895965576172,205.95559692382812,1.0,111.35491180419922,245.97073364257812,1.0,105.79534912109375,225.384521484375,1.0,92.85200500488281,222.04476928710938,1.0,156.88003540039062,227.28916931152344,1.0,173.7870330810547,223.49359130859375,1.0,109.81187438964844,269.86431884765625,0.9999998807907104,90.80850219726562,275.560546875,0.9999996423721313,157.53614807128906,277.12945556640625,1.0
1744,119.21295166015625,205.6772003173828,1.0,111.4579086303711,246.07421875,1.0,104.8311538696289,224.6465606689453,1.0,92.65666198730469,221.37513732910156,1.0,156.38267517089844,226.6444854736328,1.0,173.87063598632812,223.37525939941406,1.0,109.69701385498047,270.02734375,0.9999998807907104,90.95268249511719,275.5519104003906,0.9999996423721313,157.46722412109375,277.2753601074219,1.0
1745,119.32101440429688,205.35714721679688,1.0,111.56655883789062,245.88412475585938,1.0,104.45941925048828,224.3121337890625,1.0,92.52111053466797,221.13475036621094,1.0,156.03964233398438,226.32322692871094,1.0,173.83741760253906,223.41909790039062,1.0,109.77997589111328,269.92999267578125,0.9999998807907104,90.90108489990234,275.4325866699219,0.9999997615814209,157.60508728027344,277.1221618652344,1.0
1746,119.13040924072266,205.3189239501953,1.0,111.05140686035156,245.71865844726562,1.0,104.59416198730469,224.35733032226562,1.0,92.52100372314453,221.11888122558594,1.0,155.86871337890625,226.21949768066406,1.0,173.71481323242188,223.4052734375,1.0,109.5672607421875,269.9624328613281,0.9999998807907104,90.91097259521484,275.38446044921875,0.9999995231628418,157.34864807128906,277.1061706542969,1.0
1747,119.07916259765625,205.3485565185547,1.0,111.0933609008789,245.71426391601562,1.0,104.51988220214844,224.42723083496094,1.0,92.5147933959961,221.25856018066406,1.0,155.77517700195312,226.23757934570312,1.0,173.70199584960938,223.31639099121094,1.0,109.82483673095703,269.8329772949219,0.9999998807907104,90.94404602050781,275.4401550292969,0.9999995231628418,157.38446044921875,277.0754089355469,1.0
1748,119.132080078125,205.37232971191406,1.0,110.94348907470703,245.45375061035156,1.0,104.38397979736328,224.41343688964844,1.0,92.45164489746094,221.30186462402344,1.0,155.81455993652344,226.19155883789062,1.0,173.51071166992188,223.2957305908203,1.0,109.4959716796875,269.7084655761719,0.9999998807907104,90.87052154541016,275.4178161621094,0.9999995231628418,157.23074340820312,277.2599792480469,1.0
1749,119.20909881591797,205.37713623046875,1.0,110.95753479003906,245.56634521484375,1.0,104.49148559570312,224.42642211914062,1.0,92.54964447021484,221.4070587158203,1.0,155.77947998046875,226.1434783935547,1.0,173.34019470214844,223.30921936035156,1.0,109.44180297851562,269.74090576171875,0.9999998807907104,90.98114776611328,275.3412780761719,0.9999996423721313,157.2277374267578,277.1503601074219,1.0
1750,119.01561737060547,205.4727020263672,1.0,110.82654571533203,245.60467529296875,1.0,104.48654174804688,224.4539337158203,1.0,92.49681854248047,221.44203186035156,1.0,155.6859130859375,226.1767578125,1.0,173.2238311767578,223.1864471435547,1.0,109.29667663574219,269.6627502441406,0.9999998807907104,90.83943176269531,275.44091796875,0.9999997615814209,156.95721435546875,277.3366394042969,1.0
1751,118.33563232421875,205.74246215820312,1.0,110.19573974609375,246.2216796875,1.0,104.96038818359375,225.31666564941406,1.0,92.34303283691406,221.9170684814453,1.0,155.4520721435547,227.48348999023438,1.0,172.8600311279297,223.10491943359375,1.0,109.36212158203125,270.0747375488281,0.9999998807907104,90.76260375976562,275.7886657714844,0.9999994039535522,156.91439819335938,277.428466796875,1.0
1752,118.0326156616211,205.94375610351562,1.0,109.85635375976562,246.18736267089844,1.0,104.4817886352539,225.48667907714844,0.9999998807907104,91.7753677368164,221.3734893798828,1.0,155.26016235351562,227.60748291015625,1.0,172.69244384765625,223.1748046875,1.0,109.27306365966797,270.2018127441406,0.9999998807907104,90.8866195678711,275.7566223144531,0.9999967813491821,156.93630981445312,277.58465576171875,1.0
1753,117.86186981201172,206.11209106445312,1.0,109.64708709716797,246.14170837402344,1.0,104.428466796875,225.6006317138672,0.9999998807907104,91.6646957397461,221.295166015625,1.0,155.30282592773438,227.5830078125,1.0,172.7781219482422,223.17454528808594,1.0,108.97737121582031,270.1478271484375,0.9999998807907104,90.89533233642578,275.9354248046875,0.9999979734420776,156.84767150878906,277.5054016113281,1.0
1754,117.89163208007812,206.05532836914062,1.0,109.9807357788086,246.17779541015625,1.0,104.55767059326172,225.370361328125,1.0,91.91366577148438,221.2723846435547,1.0,155.37014770507812,227.70111083984375,1.0,172.7515411376953,223.2635955810547,1.0,109.28143310546875,270.33477783203125,0.9999998807907104,91.02828216552734,275.828369140625,0.9999985694885254,156.9322052001953,277.37017822265625,1.0
1755,118.11463928222656,206.029541015625,1.0,110.12293243408203,246.43740844726562,1.0,104.5787582397461,225.51962280273438,1.0,91.92283630371094,221.4712677001953,1.0,155.24732971191406,227.50364685058594,1.0,172.5811004638672,223.23561096191406,1.0,109.32430267333984,270.4054870605469,0.9999998807907104,91.15348815917969,275.78948974609375,0.9999980926513672,156.95761108398438,277.3198547363281,1.0
1756,117.96849822998047,206.11508178710938,1.0,109.81279754638672,246.14317321777344,1.0,104.4188232421875,225.5318603515625,1.0,91.97681427001953,221.69056701660156,1.0,155.18234252929688,227.50030517578125,1.0,172.49728393554688,223.25555419921875,1.0,109.20537567138672,269.99102783203125,0.9999998807907104,91.05264282226562,275.6519470214844,0.9999984502792358,156.84698486328125,277.25201416015625,1.0
1757,117.98633575439453,206.1910400390625,1.0,109.81244659423828,245.9723663330078,1.0,104.38666534423828,225.49525451660156,1.0,91.96923065185547,221.6811981201172,1.0,155.06008911132812,227.46499633789062,1.0,171.9989013671875,223.16265869140625,1.0,108.9410400390625,270.0164489746094,0.9999998807907104,90.8922348022461,275.67388916015625,0.9999991655349731,156.81520080566406,277.23028564453125,1.0
1758,117.98548889160156,206.10264587402344,1.0,109.62562561035156,245.61770629882812,1.0,104.36970520019531,225.39892578125,1.0,92.07305145263672,221.48341369628906,1.0,155.2539825439453,227.4854736328125,1.0,172.52430725097656,223.26206970214844,1.0,108.7374038696289,269.8544921875,1.0,90.9696273803711,275.6288757324219,0.9999992847442627,156.8462677001953,277.20318603515625,1.0
1759,117.91629791259766,206.17271423339844,1.0,109.62321472167969,245.9390411376953,1.0,104.18954467773438,225.2867431640625,1.0,91.94017028808594,221.5972442626953,1.0,155.0498504638672,227.38941955566406,1.0,172.36830139160156,223.1356201171875,1.0,108.76448822021484,269.8086242675781,1.0,90.75416564941406,275.5384216308594,0.9999992847442627,156.87344360351562,277.23284912109375,1.0
1760,117.82051086425781,206.33990478515625,1.0,109.79742431640625,245.9721221923828,1.0,104.44727325439453,225.27088928222656,1.0,91.93099975585938,221.44102478027344,1.0,154.98092651367188,227.2488555908203,1.0,172.33277893066406,223.2066650390625,1.0,108.65772247314453,269.9895935058594,1.0,90.77047729492188,275.6269836425781,0.9999990463256836,156.9205322265625,277.4051208496094,1.0
1761,117.61965942382812,206.35751342773438,1.0,109.67777252197266,246.03407287597656,1.0,104.38137817382812,225.22657775878906,1.0,91.88801574707031,221.33529663085938,1.0,154.9451446533203,227.25387573242188,1.0,171.8167724609375,223.03167724609375,1.0,108.59906005859375,269.89202880859375,0.9999998807907104,90.63959503173828,275.28271484375,0.9999988079071045,156.7167510986328,277.1659851074219,1.0
1762,117.3729476928711,206.30271911621094,1.0,109.43902587890625,245.96804809570312,1.0,104.35466003417969,225.34010314941406,1.0,91.81349182128906,221.45692443847656,1.0,154.96128845214844,227.21241760253906,1.0,171.80075073242188,223.0387725830078,1.0,108.2895278930664,269.964599609375,1.0,90.58078002929688,275.44952392578125,0.9999984502792358,156.4680633544922,277.308349609375,1.0
1763,117.4828109741211,206.24867248535156,1.0,109.26194763183594,246.06484985351562,1.0,104.2628173828125,225.30303955078125,1.0,91.87129211425781,221.42477416992188,1.0,154.9020233154297,227.19740295410156,1.0,171.84429931640625,223.02268981933594,1.0,108.17037200927734,269.8067321777344,0.9999998807907104,90.30744171142578,275.34588623046875,0.9999980926513672,156.33509826660156,277.34161376953125,1.0
1764,117.81008911132812,206.36488342285156,1.0,109.69346618652344,246.03884887695312,1.0,104.42477416992188,225.18060302734375,1.0,91.99276733398438,221.30076599121094,1.0,154.85372924804688,227.37008666992188,1.0,171.6746826171875,222.8540496826172,1.0,108.29852294921875,270.023193359375,0.9999998807907104,90.2510986328125,275.1662902832031,0.9999977350234985,156.2794647216797,277.5926208496094,1.0
1765,117.67279052734375,206.45529174804688,1.0,109.68504333496094,246.02818298339844,1.0,104.38652038574219,225.39266967773438,1.0,91.99930572509766,221.83847045898438,1.0,154.57867431640625,227.5365447998047,1.0,171.4320068359375,222.90040588378906,1.0,108.2093276977539,269.9330139160156,1.0,90.3044662475586,275.4236145019531,0.9999985694885254,156.17190551757812,277.2697448730469,1.0
1766,117.48529815673828,206.75672912597656,1.0,109.8021011352539,245.9892120361328,1.0,104.54501342773438,225.476318359375,1.0,91.92200469970703,222.0319061279297,1.0,154.58853149414062,227.83375549316406,1.0,171.3265838623047,222.9239959716797,1.0,108.18942260742188,269.933349609375,1.0,90.2431411743164,275.5337829589844,0.9999986886978149,156.1622772216797,277.34515380859375,1.0
1767,117.36825561523438,206.67945861816406,1.0,109.80894470214844,245.95704650878906,1.0,104.53890991210938,225.5863494873047,1.0,91.83131408691406,222.1965789794922,1.0,154.63247680664062,227.86056518554688,1.0,171.49119567871094,222.91285705566406,1.0,108.26103973388672,269.98370361328125,1.0,90.38526153564453,275.6383056640625,0.9999978542327881,156.3058624267578,277.2876281738281,1.0
1768,117.31624603271484,206.7535400390625,1.0,109.6455078125,246.03457641601562,1.0,104.47317504882812,225.72946166992188,1.0,91.75655364990234,222.23980712890625,1.0,154.66294860839844,227.7615966796875,1.0,171.46131896972656,222.96725463867188,1.0,108.08484649658203,269.7296447753906,1.0,90.28335571289062,275.5266418457031,0.9999982118606567,156.22470092773438,277.2449951171875,1.0
1769,117.3240966796875,206.6035614013672,1.0,109.58429718017578,246.19174194335938,1.0,104.3836441040039,225.76589965820312,1.0,91.7982177734375,222.3304443359375,1.0,154.60757446289062,227.8716583251953,1.0,171.5098419189453,223.06671142578125,1.0,108.1008071899414,269.6649475097656,1.0,90.29239654541016,275.5044860839844,0.9999988079071045,156.1942901611328,277.38055419921875,1.0
1770,117.21430206298828,206.6352996826172,1.0,109.38324737548828,246.26461791992188,1.0,104.39075469970703,225.8723602294922,1.0,91.67919158935547,222.4413604736328,1.0,154.58132934570312,227.82510375976562,1.0,171.36073303222656,223.0512237548828,1.0,107.86957550048828,269.4731140136719,1.0,90.27102661132812,275.56719970703125,0.999998927116394,155.8508758544922,277.36175537109375,1.0
1771,117.23628997802734,206.54676818847656,1.0,109.3484878540039,246.25115966796875,1.0,104.33109283447266,225.83401489257812,1.0,91.68462371826172,222.43284606933594,1.0,154.54910278320312,227.74916076660156,1.0,171.208740234375,223.0220184326172,1.0,107.83109283447266,269.4665222167969,1.0,90.1115493774414,275.4193115234375,0.999998927116394,155.8234100341797,277.32147216796875,1.0
1772,117.06133270263672,206.4938507080078,1.0,109.24637603759766,246.24424743652344,1.0,104.30148315429688,225.8555450439453,1.0,91.67977905273438,222.29122924804688,1.0,154.46139526367188,227.67648315429688,1.0,171.20982360839844,222.9925994873047,1.0,107.86019134521484,269.83782958984375,1.0,90.22029876708984,275.5447082519531,0.9999982118606567,155.72137451171875,277.3506774902344,1.0
1773,116.94498443603516,205.6309356689453,1.0,109.42273712158203,245.88580322265625,1.0,103.08201599121094,224.63966369628906,1.0,91.64237976074219,222.1243133544922,1.0,154.24610900878906,226.14114379882812,1.0,171.643798828125,222.635498046875,1.0,108.0240478515625,269.3177795410156,1.0,90.47804260253906,275.33056640625,0.9999995231628418,155.99310302734375,276.8768005371094,1.0
1774,117.19026947021484,205.0189971923828,1.0,109.25312805175781,245.7003173828125,1.0,102.58578491210938,223.2783203125,1.0,91.31077575683594,220.92189025878906,1.0,153.04739379882812,224.4739990234375,1.0,172.32763671875,222.08372497558594,1.0,107.80918884277344,269.5135192871094,1.0,90.50125885009766,275.2858581542969,0.9999992847442627,156.19178771972656,276.9686584472656,1.0
1775,117.19017791748047,204.74615478515625,1.0,108.99524688720703,245.74143981933594,1.0,102.92845153808594,223.06834411621094,1.0,91.46610260009766,220.15676879882812,1.0,153.05728149414062,224.0314483642578,1.0,172.23106384277344,221.9165496826172,1.0,107.5581283569336,269.6138610839844,1.0,90.16185760498047,275.2034912109375,0.9999986886978149,156.32809448242188,277.10015869140625,1.0
1776,116.78384399414062,205.08917236328125,1.0,109.13469696044922,245.25726318359375,1.0,102.82487487792969,223.09959411621094,1.0,91.31237030029297,220.73406982421875,1.0,153.21395874023438,223.8914794921875,1.0,172.2417755126953,221.6838836669922,1.0,107.35382843017578,269.8000183105469,1.0,90.19515991210938,275.2486572265625,0.9999985694885254,156.49038696289062,276.57061767578125,1.0
1777,116.48900604248047,205.0437774658203,1.0,109.02536010742188,245.4729461669922,1.0,102.6412124633789,223.02542114257812,1.0,91.13388061523438,220.72764587402344,1.0,153.14418029785156,223.93504333496094,1.0,172.15582275390625,221.6826934814453,1.0,107.38338470458984,269.6701354980469,1.0,90.07984924316406,275.24127197265625,0.9999988079071045,156.43751525878906,276.6826171875,1.0
1778,116.48721313476562,205.11663818359375,1.0,108.90531158447266,245.33091735839844,1.0,102.63683319091797,223.20408630371094,1.0,91.0525894165039,220.8344268798828,1.0,153.08316040039062,223.9332733154297,1.0,172.10496520996094,221.6798553466797,1.0,106.90496826171875,269.5423278808594,0.9999998807907104,90.01866149902344,275.1425476074219,0.9999986886978149,156.2154083251953,276.7832946777344,1.0
1779,116.34244537353516,205.2028045654297,1.0,108.65776062011719,245.30087280273438,1.0,102.41326904296875,223.10723876953125,1.0,91.0422592163086,220.826171875,1.0,153.0962371826172,224.10946655273438,1.0,172.01353454589844,221.66213989257812,1.0,106.66839599609375,269.3502502441406,0.9999998807907104,89.79257202148438,275.0678405761719,0.9999982118606567,156.15249633789062,276.7789611816406,1.0
1780,116.36958312988281,205.00003051757812,1.0,108.52139282226562,245.4160919189453,1.0,102.38909912109375,223.10556030273438,1.0,91.0213623046875,220.61569213867188,1.0,153.14283752441406,224.0909881591797,1.0,172.1150665283203,221.65737915039062,1.0,106.95671081542969,269.6094665527344,1.0,89.8874740600586,275.243408203125,0.9999986886978149,156.05873107910156,277.01458740234375,1.0
1781,116.26335144042969,204.9220428466797,1.0,108.51789855957031,245.2826690673828,1.0,102.4271011352539,223.20541381835938,1.0,91.1548080444336,220.8349151611328,1.0,153.18585205078125,224.12664794921875,1.0,171.92214965820312,221.67872619628906,1.0,106.76373291015625,269.4179992675781,0.9999998807907104,90.05958557128906,275.2720031738281,0.9999986886978149,156.01974487304688,276.8678894042969,1.0
1782,116.12085723876953,204.98182678222656,1.0,108.33165740966797,245.26687622070312,1.0,102.40061950683594,223.1388397216797,1.0,90.7709732055664,220.74801635742188,1.0,153.06727600097656,224.29379272460938,1.0,171.80995178222656,221.7205047607422,1.0,106.86629486083984,269.70263671875,1.0,90.10626983642578,275.43280029296875,0.9999984502792358,155.82945251464844,276.9287414550781,1.0
1783,116.06127166748047,205.07423400878906,1.0,108.34349822998047,245.1074981689453,1.0,102.4070053100586,223.2464141845703,1.0,90.80535125732422,221.1506805419922,1.0,153.0966339111328,224.14599609375,1.0,171.73301696777344,221.65789794921875,1.0,106.58561706542969,269.34112548828125,1.0,89.85677337646484,275.22369384765625,0.9999974966049194,155.8214111328125,276.90020751953125,1.0
1784,116.11249542236328,205.0823516845703,1.0,108.39434051513672,245.2223663330078,1.0,102.41154479980469,223.27801513671875,1.0,90.85640716552734,221.1441650390625,1.0,153.10348510742188,224.19036865234375,1.0,171.7849578857422,221.69615173339844,1.0,106.74120330810547,269.5250549316406,1.0,89.7178955078125,275.2364807128906,0.9999967813491821,155.68038940429688,277.00469970703125,1.0
1785,116.0753173828125,204.99465942382812,1.0,108.31005096435547,245.29441833496094,1.0,102.22840881347656,223.3255615234375,1.0,90.79117584228516,221.13133239746094,1.0,152.95465087890625,224.34310913085938,1.0,171.72714233398438,221.79434204101562,1.0,106.61900329589844,269.4228820800781,1.0,89.70482635498047,275.3194885253906,0.9999985694885254,155.51434326171875,277.1861267089844,1.0
1786,116.3911361694336,205.2286834716797,1.0,108.32470703125,245.0969696044922,1.0,103.09928131103516,223.00344848632812,1.0,91.14686584472656,220.2880096435547,1.0,154.36976623535156,224.2437744140625,1.0,172.49009704589844,222.12002563476562,1.0,106.32718658447266,269.0811767578125,0.9999998807907104,89.61114501953125,275.04302978515625,0.9999969005584717,155.64930725097656,277.17254638671875,1.0
1787,117.37432861328125,205.0169677734375,1.0,108.43190002441406,244.50828552246094,1.0,103.47721099853516,222.8763885498047,1.0,91.46900177001953,219.9000701904297,1.0,154.72190856933594,224.22817993164062,1.0,172.85520935058594,222.48033142089844,1.0,106.3744888305664,268.539794921875,0.9999998807907104,89.92552947998047,274.6756286621094,0.9999973773956299,155.78172302246094,277.0555725097656,1.0
1788,118.82371520996094,204.5676727294922,1.0,109.19680786132812,243.62530517578125,1.0,103.99884033203125,222.67640686035156,1.0,91.9866943359375,219.26919555664062,1.0,155.37278747558594,224.25363159179688,1.0,173.49105834960938,222.0411834716797,1.0,107.61896514892578,268.5431213378906,1.0,91.14069366455078,275.111572265625,0.9999994039535522,156.78488159179688,276.1418762207031,1.0
1789,119.23357391357422,204.3086395263672,1.0,109.18698120117188,243.76219177246094,1.0,104.03337097167969,222.7386016845703,1.0,92.1494369506836,219.63223266601562,1.0,155.56423950195312,224.03561401367188,1.0,173.67935180664062,221.87948608398438,1.0,107.77897644042969,268.5274353027344,1.0,91.62312316894531,275.4058837890625,0.9999996423721313,157.16351318359375,276.0501708984375,1.0
1790,119.44856262207031,204.34487915039062,1.0,109.3635482788086,243.85787963867188,1.0,104.3062744140625,222.7513885498047,1.0,92.55933380126953,219.4731903076172,1.0,155.98521423339844,224.0380096435547,1.0,174.33924865722656,222.010009765625,1.0,107.90645599365234,267.9777526855469,1.0,91.62754821777344,275.38525390625,0.9999997615814209,157.41934204101562,276.1883239746094,1.0
1791,119.52561950683594,204.19735717773438,1.0,109.45761108398438,243.8513641357422,1.0,104.37523651123047,222.74267578125,1.0,92.53327178955078,219.5231170654297,1.0,156.07809448242188,224.0229034423828,1.0,174.28118896484375,221.95973205566406,1.0,108.13043212890625,268.0578308105469,1.0,91.80199432373047,275.5120544433594,0.9999998807907104,157.7384033203125,275.98126220703125,1.0
1792,119.86424255371094,204.13343811035156,1.0,109.92022705078125,243.82574462890625,1.0,104.5481948852539,222.61215209960938,1.0,92.75688934326172,219.41903686523438,1.0,156.3043212890625,224.0728759765625,1.0,174.57078552246094,222.19528198242188,1.0,108.26634979248047,268.0107116699219,1.0,91.57325744628906,275.2042236328125,0.9999998807907104,157.73780822753906,276.1541748046875,1.0
1793,119.7310791015625,204.3038330078125,1.0,110.0472412109375,243.8197784423828,1.0,104.8736801147461,222.75389099121094,1.0,92.84585571289062,219.52334594726562,1.0,156.5157928466797,224.24156188964844,1.0,174.6258544921875,222.1516571044922,1.0,108.58759307861328,267.67913818359375,1.0,91.73614501953125,275.0335998535156,0.9999998807907104,158.0260467529297,275.8938903808594,1.0
1794,119.4290771484375,204.30787658691406,1.0,109.94731903076172,243.93252563476562,1.0,104.82840728759766,222.85491943359375,1.0,92.7987060546875,219.71566772460938,1.0,156.5092315673828,224.2087860107422,1.0,174.64315795898438,221.96058654785156,1.0,108.75608825683594,267.8665466308594,1.0,91.75971221923828,275.21453857421875,0.9999998807907104,158.19630432128906,276.00421142578125,1.0
1795,119.41918182373047,204.24520874023438,1.0,110.23322296142578,243.66693115234375,1.0,104.98886108398438,222.79238891601562,1.0,92.83467102050781,219.6280517578125,1.0,156.46453857421875,224.27703857421875,1.0,174.6609649658203,221.9890899658203,1.0,109.07647705078125,267.8266906738281,1.0,91.79743194580078,275.1044921875,0.9999998807907104,158.24807739257812,275.85565185546875,1.0
1796,119.58320617675781,204.41482543945312,1.0,110.6500473022461,243.4492950439453,1.0,105.0490951538086,222.8440704345703,1.0,92.88935089111328,219.73141479492188,1.0,156.64300537109375,224.38600158691406,1.0,174.73324584960938,222.08163452148438,1.0,109.29679870605469,267.56622314453125,1.0,91.50157165527344,274.9508972167969,0.9999998807907104,158.24221801757812,275.9302673339844,1.0
1797,119.6551284790039,204.62753295898438,1.0,110.72491455078125,243.39576721191406,1.0,104.96480560302734,222.89321899414062,1.0,92.8558120727539,219.8590545654297,1.0,156.13143920898438,224.12432861328125,1.0,174.89834594726562,222.07127380371094,1.0,109.38092041015625,267.4761962890625,1.0,91.82858276367188,275.146484375,0.9999998807907104,158.34999084472656,275.8960876464844,1.0
1798,119.55363464355469,204.53761291503906,1.0,110.70757293701172,243.3567657470703,1.0,105.03307342529297,222.89697265625,1.0,92.85075378417969,219.7061767578125,1.0,155.67404174804688,223.96588134765625,1.0,174.9373016357422,222.13734436035156,1.0,109.39253997802734,267.4894714355469,1.0,91.90574645996094,275.15814208984375,0.9999998807907104,158.4531707763672,275.849853515625,1.0
1799,119.36290740966797,204.40101623535156,1.0,110.59490966796875,243.54307556152344,1.0,104.83515930175781,222.90151977539062,1.0,92.72079467773438,219.74232482910156,1.0,155.7083282470703,223.7012176513672,1.0,175.10459899902344,221.8229217529297,1.0,109.30474090576172,267.8526611328125,1.0,91.91683959960938,275.1890563964844,0.9999998807907104,158.49790954589844,276.05267333984375,1.0
1800,119.17888641357422,204.5740966796875,1.0,110.99797821044922,243.76959228515625,1.0,104.26656341552734,222.8473358154297,1.0,92.36138916015625,220.044677734375,1.0,155.6050567626953,223.3210906982422,1.0,174.4474334716797,221.44439697265625,1.0,109.10488891601562,268.38201904296875,1.0,91.59905242919922,274.9500427246094,0.9999998807907104,158.4657440185547,276.0894470214844,1.0
1801,119.25628662109375,204.54678344726562,1.0,110.7359848022461,243.78367614746094,1.0,104.30577087402344,222.59158325195312,1.0,92.41382598876953,219.59674072265625,1.0,155.4942169189453,223.27513122558594,1.0,174.50538635253906,221.4210968017578,1.0,108.93214416503906,268.224365234375,1.0,91.6038818359375,275.0308837890625,0.9999998807907104,158.32003784179688,276.35064697265625,1.0
1802,119.1546630859375,204.58834838867188,1.0,110.46232604980469,243.561279296875,1.0,104.41441345214844,222.62435913085938,1.0,92.51051330566406,219.69874572753906,1.0,155.32235717773438,223.3215789794922,1.0,174.4256134033203,221.4496612548828,1.0,108.8543472290039,268.1694641113281,1.0,91.35639190673828,274.9635314941406,0.9999998807907104,158.1571807861328,276.4047546386719,1.0
1803,118.96263885498047,204.56504821777344,1.0,110.30192565917969,243.72747802734375,1.0,104.3039779663086,222.65240478515625,1.0,92.3840103149414,219.43939208984375,1.0,155.21885681152344,223.3495330810547,1.0,174.26504516601562,221.48268127441406,1.0,108.7597885131836,268.2301330566406,1.0,91.31623077392578,275.0644226074219,0.9999998807907104,158.20950317382812,276.41168212890625,1.0
1804,118.87295532226562,204.6549835205078,1.0,110.23910522460938,243.8831787109375,1.0,104.1817626953125,222.73536682128906,1.0,92.34496307373047,219.5478057861328,1.0,155.26637268066406,223.38279724121094,1.0,174.4099578857422,221.4700469970703,1.0,108.74069213867188,268.0469665527344,1.0,91.13702392578125,274.8597717285156,0.9999998807907104,158.16578674316406,276.4857482910156,1.0
1805,118.78974914550781,204.6228790283203,1.0,110.29470825195312,243.67864990234375,1.0,104.10871887207031,222.7794189453125,1.0,92.29866790771484,219.96739196777344,1.0,155.22711181640625,223.40037536621094,1.0,174.30389404296875,221.458984375,1.0,108.6052474975586,267.95672607421875,1.0,91.10343170166016,274.812744140625,0.9999998807907104,157.90069580078125,276.5516052246094,1.0
1806,118.76705169677734,204.6656951904297,1.0,110.32123565673828,243.7535858154297,1.0,104.0906982421875,222.77227783203125,1.0,92.232666015625,219.9172821044922,1.0,155.088134765625,223.34188842773438,1.0,174.1910400390625,221.38034057617188,1.0,108.7302474975586,268.1350402832031,1.0,91.07760620117188,274.9404602050781,0.9999998807907104,157.89012145996094,276.74383544921875,1.0
1807,118.74916076660156,204.6632080078125,1.0,110.3814468383789,243.54544067382812,1.0,104.15763854980469,222.71824645996094,1.0,92.27742767333984,219.91700744628906,1.0,155.14291381835938,223.2950897216797,1.0,174.1500701904297,221.4970245361328,1.0,108.75728607177734,268.1036682128906,1.0,91.23672485351562,275.0043029785156,0.9999998807907104,157.7957000732422,276.63897705078125,1.0
1808,118.77629852294922,204.680419921875,1.0,110.3414535522461,243.57386779785156,1.0,104.19857025146484,222.7084197998047,1.0,92.31621551513672,219.97689819335938,1.0,155.230224609375,223.12290954589844,1.0,174.1992645263672,221.45103454589844,1.0,108.74116516113281,268.0694274902344,1.0,91.30962371826172,275.1593933105469,0.9999998807907104,157.84190368652344,276.6156921386719,1.0
1809,118.689453125,204.71852111816406,1.0,110.1747817993164,243.7908477783203,1.0,104.11687469482422,222.8461151123047,1.0,92.2502670288086,219.85365295410156,1.0,155.15602111816406,223.921875,1.0,173.93821716308594,221.55726623535156,1.0,108.60435485839844,267.925537109375,1.0,91.06167602539062,274.8995666503906,0.9999998807907104,157.5896453857422,276.6167297363281,1.0
1810,118.60247039794922,204.90060424804688,1.0,110.22373962402344,243.95191955566406,1.0,104.38695526123047,223.22860717773438,1.0,92.24394989013672,219.81895446777344,1.0,155.3358917236328,224.09117126464844,1.0,173.6751708984375,221.4530029296875,1.0,108.73917388916016,268.090087890625,1.0,91.1233901977539,275.13690185546875,0.9999998807907104,157.50047302246094,276.633056640625,1.0
1811,118.57905578613281,204.98712158203125,1.0,110.17152404785156,243.94747924804688,1.0,104.19647216796875,223.4844207763672,1.0,92.24618530273438,220.3731689453125,1.0,155.10377502441406,224.0675048828125,1.0,173.72613525390625,221.45889282226562,1.0,108.84406280517578,267.926025390625,1.0,91.222412109375,275.206787109375,0.9999998807907104,157.5471954345703,276.5126647949219,1.0
1812,118.16068267822266,205.20668029785156,1.0,110.1800537109375,243.801513671875,1.0,104.07564544677734,223.3932342529297,1.0,92.10281372070312,220.49481201171875,1.0,154.90164184570312,224.1912078857422,1.0,173.7374725341797,221.54653930664062,1.0,108.48849487304688,268.3970031738281,1.0,91.07733154296875,274.7752990722656,0.9999998807907104,156.9266357421875,277.3133850097656,1.0
1813,118.2020034790039,205.0203857421875,1.0,110.37723541259766,243.3203582763672,1.0,103.92847442626953,223.00506591796875,1.0,92.11907958984375,220.55482482910156,1.0,155.14341735839844,223.79469299316406,1.0,173.9225311279297,221.40377807617188,1.0,108.6351547241211,268.21710205078125,1.0,91.14690399169922,274.7784118652344,0.9999998807907104,157.2000732421875,276.9661560058594,1.0
1814,118.1025619506836,204.92596435546875,1.0,110.3450927734375,243.34901428222656,1.0,104.05332946777344,222.906982421875,1.0,92.01438903808594,220.059814453125,1.0,154.5216064453125,223.28952026367188,1.0,173.81663513183594,221.2692413330078,1.0,108.72183990478516,268.2151794433594,1.0,91.10355377197266,274.761962890625,0.9999998807907104,157.31410217285156,277.0376281738281,1.0
1815,118.24458312988281,204.93321228027344,1.0,110.25959777832031,243.06565856933594,1.0,103.92039489746094,222.7169647216797,1.0,92.0228500366211,220.0288543701172,1.0,154.48291015625,222.90646362304688,1.0,174.00643920898438,221.2120819091797,1.0,108.48187255859375,268.1108093261719,1.0,91.07636260986328,274.92193603515625,0.9999998807907104,157.37440490722656,277.0711669921875,1.0
1816,118.05948638916016,204.75445556640625,1.0,110.16255187988281,243.3488311767578,1.0,103.82926940917969,222.81210327148438,1.0,91.93252563476562,220.2406768798828,1.0,154.4233856201172,223.05569458007812,1.0,173.9947509765625,221.20135498046875,1.0,108.4792709350586,268.0671691894531,1.0,91.231689453125,275.0542907714844,0.9999998807907104,156.82928466796875,277.17926025390625,1.0
1817,118.02326965332031,204.8468780517578,1.0,110.12733459472656,243.1782684326172,1.0,103.6549072265625,222.716064453125,1.0,91.77223205566406,220.41094970703125,1.0,154.3992156982422,223.0406036376953,1.0,173.91647338867188,221.21348571777344,1.0,108.32198333740234,267.9830017089844,1.0,91.06507110595703,274.9689636230469,0.9999998807907104,156.9653778076172,277.1208801269531,1.0
1818,117.92119598388672,205.09092712402344,1.0,109.98628234863281,243.21441650390625,1.0,103.5466537475586,222.71136474609375,1.0,91.57672882080078,220.41683959960938,1.0,154.41854858398438,222.9564208984375,1.0,173.6803741455078,221.278564453125,1.0,108.14369201660156,268.1307678222656,1.0,90.9261245727539,274.91986083984375,0.9999998807907104,157.0261688232422,277.1257019042969,1.0
1819,117.76555633544922,205.02171325683594,1.0,109.8258056640625,243.36929321289062,1.0,103.33404541015625,222.78976440429688,1.0,91.4963150024414,220.5751190185547,1.0,154.31808471679688,222.899169921875,1.0,173.6222686767578,221.27328491210938,1.0,108.00831604003906,268.1394958496094,1.0,90.80253601074219,274.81170654296875,0.9999998807907104,156.7406768798828,277.30426025390625,1.0
1820,117.67276763916016,205.0328826904297,1.0,109.66341400146484,243.95103454589844,1.0,103.46109771728516,222.69654846191406,1.0,91.56385040283203,220.3851318359375,1.0,154.24632263183594,222.80789184570312,1.0,173.5373992919922,221.1099395751953,1.0,107.64271545410156,267.8694152832031,1.0,90.69672393798828,274.7172546386719,0.9999998807907104,156.70864868164062,277.24285888671875,1.0
1821,117.4024658203125,205.1714324951172,1.0,109.45289611816406,243.3909912109375,1.0,103.27023315429688,222.67738342285156,1.0,91.46208953857422,220.38912963867188,1.0,154.12713623046875,222.76841735839844,1.0,173.45236206054688,221.09890747070312,1.0,107.57514953613281,268.1668395996094,1.0,90.83818817138672,274.8316650390625,0.9999998807907104,156.57205200195312,277.1038818359375,1.0
1822,117.42172241210938,205.21824645996094,1.0,109.50431060791016,243.20553588867188,1.0,103.2878189086914,222.72079467773438,1.0,91.36856079101562,220.5769500732422,1.0,154.15443420410156,222.67578125,1.0,173.46022033691406,221.01141357421875,1.0,107.51226043701172,267.9841613769531,1.0,90.6518325805664,274.71209716796875,0.9999998807907104,156.47019958496094,277.0862731933594,1.0
1823,117.57080078125,205.29750061035156,1.0,109.58018493652344,243.58169555664062,1.0,103.29722595214844,222.63047790527344,1.0,91.36644744873047,220.21678161621094,1.0,154.201171875,222.63314819335938,1.0,173.363037109375,220.92385864257812,1.0,107.3818359375,267.7555847167969,1.0,90.55513000488281,274.6082763671875,0.9999998807907104,156.46493530273438,276.9444580078125,1.0
1824,117.20794677734375,205.16688537597656,1.0,109.072998046875,243.2988739013672,1.0,103.08657836914062,222.92379760742188,1.0,91.29534912109375,220.8933868408203,1.0,154.0015869140625,222.64878845214844,1.0,173.01805114746094,220.96640014648438,1.0,107.35884094238281,267.81060791015625,1.0,90.76029968261719,274.8698425292969,0.9999998807907104,156.27769470214844,277.1720275878906,1.0
1825,117.6077880859375,205.2432861328125,1.0,109.13279724121094,243.4608154296875,1.0,103.01799011230469,222.95310974121094,1.0,91.57445526123047,220.6786651611328,1.0,154.0376739501953,222.67796325683594,1.0,173.11000061035156,220.99595642089844,1.0,107.27951049804688,267.57794189453125,1.0,90.75518798828125,274.7850036621094,0.9999998807907104,156.17562866210938,277.1524963378906,1.0
1826,117.604248046875,205.08642578125,1.0,109.27580261230469,243.39207458496094,1.0,103.07403564453125,222.8905029296875,1.0,91.53040313720703,220.63316345214844,1.0,154.02969360351562,222.60804748535156,1.0,173.07725524902344,220.9050750732422,1.0,107.2302017211914,267.4620056152344,1.0,90.6610107421875,274.6470031738281,0.9999998807907104,156.1504364013672,277.14288330078125,1.0
1827,117.5381088256836,204.7747802734375,1.0,109.27993774414062,243.29757690429688,1.0,103.16963958740234,222.9093475341797,1.0,91.6140365600586,220.8317413330078,1.0,153.89466857910156,222.51217651367188,1.0,172.9898223876953,220.83731079101562,1.0,107.19613647460938,267.47857666015625,1.0,90.58026123046875,274.6051940917969,0.9999998807907104,156.14622497558594,277.080078125,1.0
1828,117.5226058959961,204.94308471679688,1.0,109.30050659179688,243.23458862304688,1.0,103.20660400390625,222.92886352539062,1.0,91.53907775878906,220.67648315429688,1.0,153.83837890625,222.3466033935547,1.0,173.0538787841797,220.7220001220703,1.0,107.13237762451172,267.5203857421875,1.0,90.56942749023438,274.6378479003906,0.9999998807907104,156.032470703125,277.19854736328125,1.0
1829,117.45700073242188,204.93136596679688,1.0,109.16545867919922,243.2575225830078,1.0,103.12883758544922,222.87376403808594,1.0,91.48355865478516,220.85458374023438,1.0,153.8334503173828,222.4659423828125,1.0,172.93353271484375,220.71263122558594,1.0,106.9439697265625,267.4272155761719,1.0,90.53131103515625,274.5956115722656,0.9999998807907104,155.95089721679688,277.0889892578125,1.0
1830,117.57158660888672,205.0047607421875,1.0,109.3136215209961,243.7134552001953,1.0,103.18830108642578,222.92840576171875,1.0,91.50318145751953,220.74876403808594,1.0,153.7242431640625,222.46343994140625,1.0,172.97459411621094,220.69752502441406,1.0,106.92252349853516,267.42822265625,1.0,90.63069152832031,274.574462890625,0.9999998807907104,155.84056091308594,277.11187744140625,1.0
1831,117.4947509765625,205.05430603027344,1.0,109.32252502441406,243.6424560546875,1.0,103.19320678710938,222.81710815429688,1.0,91.462646484375,220.49270629882812,1.0,153.67681884765625,222.44387817382812,1.0,172.9918975830078,220.5788116455078,1.0,106.79150390625,267.1654052734375,1.0,90.39759826660156,274.4158020019531,0.9999998807907104,155.7132110595703,277.07574462890625,1.0
1832,117.51455688476562,205.10948181152344,1.0,109.0732192993164,243.68426513671875,1.0,103.1368179321289,222.8773651123047,1.0,91.3522720336914,220.52488708496094,1.0,153.70147705078125,222.51123046875,1.0,173.04661560058594,220.5956573486328,1.0,106.68672943115234,267.2829284667969,1.0,90.42283630371094,274.5060729980469,0.9999998807907104,155.67539978027344,277.2319030761719,1.0
1833,117.66876220703125,205.2030792236328,1.0,109.24715423583984,243.61392211914062,1.0,103.14726257324219,222.84735107421875,1.0,91.3324203491211,220.5733642578125,1.0,153.68450927734375,222.32579040527344,1.0,173.02195739746094,220.57908630371094,1.0,106.76220703125,267.1097412109375,1.0,90.29681396484375,274.57025146484375,0.9999998807907104,155.6824493408203,277.235595703125,1.0
1834,117.3861312866211,205.21066284179688,1.0,108.93608856201172,243.2894744873047,1.0,103.19388580322266,222.86415100097656,1.0,91.28065490722656,220.35121154785156,1.0,153.69239807128906,222.28944396972656,1.0,172.8889923095703,220.579345703125,1.0,106.5542221069336,267.15960693359375,1.0,90.22718811035156,274.5380859375,0.9999998807907104,155.48968505859375,277.3606262207031,1.0
