scorer,DLC_resnet50_facial_directionDec27shuffle1_500000,DLC_resnet50_facial_directionDec27shuffle1_500000,DLC_resnet50_facial_directionDec27shuffle1_500000,DLC_resnet50_facial_directionDec27shuffle1_500000,DLC_resnet50_facial_directionDec27shuffle1_500000,DLC_resnet50_facial_directionDec27shuffle1_500000,DLC_resnet50_facial_directionDec27shuffle1_500000,DLC_resnet50_facial_directionDec27shuffle1_500000,DLC_resnet50_facial_directionDec27shuffle1_500000,DLC_resnet50_facial_directionDec27shuffle1_500000,DLC_resnet50_facial_directionDec27shuffle1_500000,DLC_resnet50_facial_directionDec27shuffle1_500000,DLC_resnet50_facial_directionDec27shuffle1_500000,DLC_resnet50_facial_directionDec27shuffle1_500000,DLC_resnet50_facial_directionDec27shuffle1_500000,DLC_resnet50_facial_directionDec27shuffle1_500000,DLC_resnet50_facial_directionDec27shuffle1_500000,DLC_resnet50_facial_directionDec27shuffle1_500000,DLC_resnet50_facial_directionDec27shuffle1_500000,DLC_resnet50_facial_directionDec27shuffle1_500000,DLC_resnet50_facial_directionDec27shuffle1_500000,DLC_resnet50_facial_directionDec27shuffle1_500000,DLC_resnet50_facial_directionDec27shuffle1_500000,DLC_resnet50_facial_directionDec27shuffle1_500000,DLC_resnet50_facial_directionDec27shuffle1_500000,DLC_resnet50_facial_directionDec27shuffle1_500000,DLC_resnet50_facial_directionDec27shuffle1_500000
bodyparts,Amount,Amount,Amount,Nose,Nose,Nose,Right eye,Right eye,Right eye,Right corner of eye,Right corner of eye,Right corner of eye,Left eye,Left eye,Left eye,Left corner of eye,Left corner of eye,Left corner of eye,Mouth,Mouth,Mouth,Right corner of mouth,Right corner of mouth,Right corner of mouth,Left corner of mouth,Left corner of mouth,Left corner of mouth
coords,x,y,likelihood,x,y,likelihood,x,y,likelihood,x,y,likelihood,x,y,likelihood,x,y,likelihood,x,y,likelihood,x,y,likelihood,x,y,likelihood
0,165.07131958007812,219.13771057128906,1.0,163.904541015625,235.8128204345703,1.0,141.6463165283203,241.19346618652344,1.0,129.31060791015625,245.84230041503906,1.0,192.9109344482422,236.192626953125,1.0,205.7005615234375,236.76406860351562,1.0,164.89784240722656,247.36605834960938,1.0,138.3234100341797,273.5577697753906,1.0,198.35560607910156,266.4881591796875,1.0
1,165.0308380126953,219.04957580566406,1.0,164.12281799316406,236.0266571044922,1.0,141.5299835205078,241.17669677734375,1.0,129.05645751953125,245.77883911132812,1.0,192.65652465820312,236.0889129638672,1.0,205.73251342773438,236.71908569335938,1.0,165.00091552734375,247.432373046875,1.0,138.28085327148438,273.5083923339844,1.0,198.19064331054688,266.5476989746094,1.0
2,165.03009033203125,218.9359130859375,1.0,163.97596740722656,236.06028747558594,1.0,141.47134399414062,241.28712463378906,1.0,129.08502197265625,245.72154235839844,1.0,192.9928436279297,236.14527893066406,1.0,205.93545532226562,236.96109008789062,1.0,164.9306640625,247.51148986816406,1.0,138.1162109375,273.3854675292969,1.0,198.08633422851562,266.8573913574219,1.0
3,165.03610229492188,218.97476196289062,1.0,163.8931884765625,236.08448791503906,1.0,141.323486328125,241.45022583007812,1.0,128.8521270751953,245.98422241210938,1.0,192.90591430664062,236.12704467773438,1.0,206.03846740722656,236.970703125,1.0,164.8358612060547,247.5604248046875,1.0,138.10287475585938,273.2896423339844,1.0,198.08535766601562,266.9457092285156,1.0
4,165.01194763183594,218.97415161132812,1.0,163.8477020263672,236.09938049316406,1.0,141.10934448242188,241.68740844726562,1.0,128.54522705078125,246.15672302246094,1.0,193.14112854003906,236.23001098632812,1.0,206.12767028808594,236.9666290283203,1.0,164.80288696289062,247.57626342773438,1.0,137.9647979736328,272.8343811035156,1.0,198.04815673828125,266.9936828613281,1.0
5,165.07211303710938,218.88638305664062,1.0,163.80711364746094,236.0029754638672,1.0,141.27517700195312,241.5542755126953,1.0,128.68756103515625,246.1661834716797,1.0,193.13294982910156,236.20753479003906,1.0,206.08111572265625,236.9417724609375,1.0,164.74380493164062,247.5720977783203,1.0,137.9887237548828,273.0278015136719,1.0,198.04502868652344,266.9404296875,1.0
6,165.22482299804688,218.8090362548828,1.0,163.84727478027344,235.9417266845703,1.0,141.08042907714844,241.4464874267578,1.0,128.50868225097656,246.23777770996094,1.0,192.9585723876953,236.1737823486328,1.0,206.21755981445312,237.03977966308594,1.0,164.78713989257812,247.4919891357422,1.0,138.09715270996094,273.1654052734375,1.0,198.0793914794922,266.95849609375,1.0
7,165.22218322753906,218.82521057128906,1.0,163.79388427734375,236.113037109375,1.0,141.32334899902344,241.4661865234375,1.0,128.831298828125,246.03616333007812,1.0,192.94308471679688,236.20059204101562,1.0,206.14193725585938,237.12185668945312,1.0,164.71458435058594,247.63714599609375,1.0,138.07305908203125,273.0664978027344,1.0,198.04344177246094,267.05126953125,1.0
8,165.18817138671875,218.8513641357422,1.0,163.7587890625,236.05862426757812,1.0,141.32888793945312,241.41221618652344,1.0,128.668212890625,246.1665802001953,1.0,192.986328125,236.17391967773438,1.0,206.08900451660156,237.18858337402344,1.0,164.7173309326172,247.6381072998047,1.0,138.0023651123047,272.8041076660156,1.0,198.06570434570312,267.075927734375,1.0
9,165.14199829101562,218.8188018798828,1.0,163.8304901123047,236.11880493164062,1.0,141.23306274414062,241.5524139404297,1.0,128.41175842285156,246.3313751220703,1.0,193.2840118408203,236.2069549560547,1.0,206.0204315185547,237.10848999023438,1.0,164.78549194335938,247.6130828857422,1.0,137.9060821533203,272.7956848144531,1.0,198.07850646972656,267.1872863769531,1.0
10,165.2035369873047,218.91647338867188,1.0,163.80364990234375,236.1125030517578,1.0,141.36868286132812,241.38644409179688,1.0,128.60733032226562,246.29408264160156,1.0,193.1738739013672,236.14573669433594,1.0,205.94204711914062,237.09170532226562,1.0,164.70547485351562,247.62318420410156,1.0,138.14297485351562,273.1725769042969,1.0,198.01040649414062,267.14111328125,1.0
11,165.34779357910156,218.9745330810547,1.0,163.8943634033203,236.1250457763672,1.0,141.3939208984375,241.44371032714844,1.0,128.61195373535156,246.30873107910156,1.0,192.95428466796875,236.0385284423828,1.0,205.86749267578125,236.94622802734375,1.0,164.7432403564453,247.6760711669922,1.0,138.08676147460938,273.2439880371094,1.0,198.08901977539062,266.9471130371094,1.0
12,165.25546264648438,218.85536193847656,1.0,163.60211181640625,235.9457244873047,1.0,141.41990661621094,241.13006591796875,1.0,128.55282592773438,245.9132537841797,1.0,193.04940795898438,236.18092346191406,1.0,206.40582275390625,237.31866455078125,1.0,164.44358825683594,247.65245056152344,1.0,137.65806579589844,272.8113708496094,1.0,197.49339294433594,266.735107421875,1.0
13,165.18101501464844,219.01416015625,1.0,163.82009887695312,236.08346557617188,1.0,141.4065399169922,241.16139221191406,1.0,128.43472290039062,245.97520446777344,1.0,193.16326904296875,236.259765625,1.0,206.32289123535156,237.28602600097656,1.0,164.6047821044922,247.74293518066406,1.0,137.6317901611328,272.7122802734375,1.0,197.78286743164062,266.9414367675781,1.0
14,165.2631378173828,219.02090454101562,1.0,163.9510955810547,236.04913330078125,1.0,141.66064453125,241.25990295410156,1.0,128.6494140625,246.0712890625,1.0,192.996826171875,236.25169372558594,1.0,206.0177459716797,237.17445373535156,1.0,164.77719116210938,247.65997314453125,1.0,137.58892822265625,273.2037658691406,1.0,197.76226806640625,266.9041748046875,1.0
15,165.2067413330078,219.11553955078125,1.0,163.88446044921875,236.1464080810547,1.0,141.51478576660156,241.3410186767578,1.0,128.5653533935547,246.2264404296875,1.0,192.94432067871094,236.35984802246094,1.0,205.98887634277344,237.19625854492188,1.0,164.71839904785156,247.6923065185547,1.0,137.46469116210938,272.6229248046875,1.0,197.7838592529297,266.9544677734375,1.0
16,165.3117218017578,219.1798553466797,1.0,163.86663818359375,236.19671630859375,1.0,141.59434509277344,241.482666015625,1.0,128.58758544921875,246.17178344726562,1.0,192.97750854492188,236.39662170410156,1.0,206.19027709960938,237.31976318359375,1.0,164.72396850585938,247.7314910888672,1.0,137.6013641357422,273.20257568359375,1.0,197.80941772460938,267.0218200683594,1.0
17,165.2706298828125,219.1710968017578,1.0,163.85987854003906,236.26455688476562,1.0,141.61135864257812,241.4737548828125,1.0,128.611328125,246.3401336669922,1.0,192.95010375976562,236.3270263671875,1.0,206.0747528076172,237.1329803466797,1.0,164.68751525878906,247.74949645996094,1.0,137.62477111816406,272.57647705078125,1.0,197.7938690185547,266.78167724609375,1.0
18,165.04409790039062,219.24179077148438,1.0,163.7106475830078,236.27188110351562,1.0,141.57496643066406,241.31927490234375,1.0,128.5462646484375,246.2546844482422,1.0,192.9695281982422,236.34954833984375,1.0,206.16033935546875,237.22711181640625,1.0,164.5797576904297,247.78489685058594,1.0,137.74313354492188,272.6736145019531,1.0,197.74827575683594,266.8013916015625,1.0
19,164.98883056640625,218.9495086669922,1.0,163.62513732910156,236.2633514404297,1.0,141.5078887939453,241.4577178955078,1.0,128.4212188720703,246.3554229736328,1.0,192.98703002929688,236.23916625976562,1.0,206.13986206054688,237.16226196289062,1.0,164.54672241210938,247.8205108642578,1.0,137.75914001464844,272.6817321777344,1.0,197.83103942871094,266.6601257324219,1.0
20,165.25381469726562,218.92092895507812,1.0,163.61990356445312,236.14981079101562,1.0,141.57337951660156,241.55548095703125,1.0,128.5257568359375,246.28421020507812,1.0,193.0087432861328,236.20101928710938,1.0,206.2278594970703,237.21641540527344,1.0,164.5922393798828,247.70689392089844,1.0,137.64926147460938,273.0596923828125,1.0,197.8151092529297,266.7039489746094,1.0
21,165.201904296875,218.94430541992188,1.0,163.62510681152344,236.28082275390625,1.0,141.5382080078125,241.62005615234375,1.0,128.5214385986328,246.2410125732422,1.0,193.22207641601562,236.36331176757812,1.0,206.28977966308594,237.30062866210938,1.0,164.58836364746094,247.7346954345703,1.0,137.64065551757812,273.3179016113281,1.0,197.8378448486328,266.7979431152344,1.0
22,165.466552734375,219.02841186523438,1.0,163.73020935058594,236.1413116455078,1.0,141.27835083007812,241.4533233642578,1.0,128.54432678222656,246.23260498046875,1.0,193.19451904296875,236.28448486328125,1.0,206.21551513671875,237.16256713867188,1.0,164.68206787109375,247.78713989257812,1.0,137.722900390625,273.3327941894531,1.0,197.8408660888672,266.68182373046875,1.0
23,165.33154296875,218.97080993652344,1.0,163.68023681640625,236.07835388183594,1.0,141.35972595214844,241.6979522705078,1.0,128.40386962890625,246.45333862304688,1.0,193.2305450439453,236.33567810058594,1.0,206.3568572998047,237.21041870117188,1.0,164.69027709960938,247.7397003173828,1.0,137.7252197265625,273.2768859863281,1.0,197.8303680419922,266.7699890136719,1.0
24,165.43460083007812,218.87940979003906,1.0,163.93060302734375,236.0897216796875,1.0,141.61944580078125,241.47300720214844,1.0,128.4329376220703,246.1923370361328,1.0,193.016357421875,236.44879150390625,1.0,206.4291229248047,237.4036407470703,1.0,164.7781524658203,247.74417114257812,1.0,137.9318389892578,272.7603454589844,1.0,197.85867309570312,266.9964599609375,1.0
25,165.49917602539062,218.893310546875,1.0,163.963623046875,236.09925842285156,1.0,141.74595642089844,241.44119262695312,1.0,128.40052795410156,246.2122802734375,1.0,193.18893432617188,236.43243408203125,1.0,206.6416015625,237.2863311767578,1.0,164.7958221435547,247.73695373535156,1.0,137.91160583496094,272.755615234375,1.0,197.88577270507812,267.0142517089844,1.0
26,165.5277099609375,218.7635955810547,1.0,163.8209991455078,235.96087646484375,1.0,140.7926788330078,243.1093292236328,1.0,128.00982666015625,246.82400512695312,1.0,194.21482849121094,237.07839965820312,1.0,206.721923828125,237.6154022216797,1.0,165.0077362060547,247.21983337402344,1.0,137.58949279785156,272.911376953125,1.0,197.84765625,267.0448913574219,1.0
27,165.29100036621094,218.44622802734375,1.0,163.5865020751953,236.02206420898438,1.0,140.64529418945312,243.14981079101562,1.0,128.19827270507812,246.6119842529297,1.0,194.48202514648438,237.82749938964844,1.0,206.40159606933594,237.19276428222656,1.0,164.83351135253906,247.06590270996094,1.0,137.7641143798828,273.42205810546875,1.0,197.8138427734375,266.9504089355469,1.0
28,165.2866973876953,218.5040740966797,1.0,163.55685424804688,236.13995361328125,1.0,140.69534301757812,243.22669982910156,1.0,128.35443115234375,246.54612731933594,1.0,194.73904418945312,237.97434997558594,1.0,206.4487762451172,237.19009399414062,1.0,164.927978515625,247.09063720703125,1.0,137.91415405273438,273.7144470214844,1.0,197.7042694091797,266.9631652832031,1.0
29,165.0841827392578,218.5777587890625,1.0,163.47157287597656,236.46517944335938,1.0,140.29812622070312,243.60009765625,1.0,128.26824951171875,246.76954650878906,1.0,193.97579956054688,237.9959716796875,1.0,206.36746215820312,237.3123016357422,1.0,164.86695861816406,247.40213012695312,1.0,137.92816162109375,273.90911865234375,1.0,197.88748168945312,267.1467590332031,1.0
30,164.98712158203125,218.79818725585938,1.0,163.18606567382812,236.59288024902344,1.0,140.1268768310547,243.8411102294922,1.0,128.0476531982422,246.77340698242188,1.0,194.17481994628906,238.20741271972656,1.0,206.3101043701172,237.60670471191406,1.0,164.71141052246094,247.49549865722656,1.0,137.75015258789062,273.8829650878906,1.0,197.81263732910156,267.3471374511719,1.0
31,165.07699584960938,218.9820556640625,1.0,163.69854736328125,236.6588592529297,1.0,140.45974731445312,243.46075439453125,1.0,128.20997619628906,246.58949279785156,1.0,194.11605834960938,238.31414794921875,1.0,206.249755859375,237.63088989257812,1.0,164.97093200683594,247.69935607910156,1.0,137.9368896484375,273.99908447265625,1.0,197.80276489257812,267.1983947753906,1.0
32,165.06068420410156,219.03086853027344,1.0,163.86105346679688,236.82957458496094,1.0,140.6417236328125,243.51925659179688,1.0,128.2195281982422,246.7444305419922,1.0,194.2841033935547,238.37161254882812,1.0,206.2031707763672,237.424072265625,1.0,164.94313049316406,247.82315063476562,1.0,138.05824279785156,274.0521240234375,1.0,197.8794403076172,267.084716796875,1.0
33,165.1787567138672,219.13302612304688,1.0,164.2406463623047,236.2754669189453,1.0,140.6324462890625,243.58555603027344,1.0,128.13694763183594,246.68296813964844,1.0,194.22314453125,238.49343872070312,1.0,206.27224731445312,237.4975128173828,1.0,165.10671997070312,248.0039825439453,1.0,138.1784210205078,274.19635009765625,1.0,197.8285675048828,267.224853515625,1.0
34,165.1749725341797,218.89938354492188,1.0,163.87640380859375,236.9405517578125,1.0,140.5840301513672,243.6087646484375,1.0,128.22866821289062,246.70196533203125,1.0,194.41627502441406,238.58676147460938,1.0,206.22576904296875,237.4442901611328,1.0,164.9512481689453,247.99667358398438,1.0,138.17962646484375,274.0820007324219,1.0,197.91751098632812,267.2281188964844,1.0
35,165.07839965820312,219.315185546875,1.0,163.42637634277344,236.9207305908203,1.0,140.8034210205078,243.6654815673828,1.0,128.3350830078125,246.69541931152344,1.0,194.44119262695312,238.7847900390625,1.0,206.3916473388672,237.5792694091797,1.0,164.82664489746094,248.27859497070312,1.0,138.17486572265625,274.29010009765625,1.0,197.84291076660156,267.3543701171875,1.0
36,165.10665893554688,219.59474182128906,1.0,163.17222595214844,237.07752990722656,1.0,140.9998016357422,243.67050170898438,1.0,128.70726013183594,246.95458984375,1.0,194.2183074951172,238.72776794433594,1.0,206.4289093017578,237.92332458496094,1.0,164.623291015625,248.69236755371094,1.0,138.081787109375,274.24005126953125,1.0,197.75991821289062,267.4459533691406,1.0
37,164.97329711914062,219.58926391601562,1.0,163.02743530273438,237.21339416503906,1.0,140.9674835205078,243.80247497558594,1.0,128.62744140625,247.0597381591797,1.0,194.23910522460938,238.7680206298828,1.0,206.4067840576172,237.94480895996094,1.0,164.47935485839844,248.91586303710938,1.0,138.08596801757812,274.3057556152344,1.0,197.74546813964844,267.43243408203125,1.0
38,164.95082092285156,220.1340789794922,1.0,163.10890197753906,238.19796752929688,1.0,140.57583618164062,244.18533325195312,1.0,128.45925903320312,247.20762634277344,1.0,194.15945434570312,238.8667755126953,1.0,206.5135040283203,237.9238739013672,1.0,164.9615936279297,249.9593048095703,1.0,138.3787841796875,274.85675048828125,1.0,198.09939575195312,267.7923278808594,1.0
39,165.19581604003906,221.03176879882812,1.0,164.3011474609375,239.01185607910156,1.0,141.3299560546875,244.50161743164062,1.0,128.9028778076172,246.9400634765625,1.0,194.1405487060547,239.1310272216797,1.0,206.60324096679688,238.3821563720703,1.0,165.5570068359375,251.83026123046875,1.0,138.7872772216797,276.3345947265625,1.0,198.06619262695312,269.3020935058594,1.0
40,164.80946350097656,221.5619354248047,1.0,164.14120483398438,240.52313232421875,1.0,141.20181274414062,244.90965270996094,1.0,128.9191131591797,247.14505004882812,1.0,193.87008666992188,239.6978759765625,1.0,206.55555725097656,238.35496520996094,1.0,166.27268981933594,252.72705078125,1.0,139.64297485351562,277.8061218261719,1.0,198.91213989257812,270.54937744140625,1.0
41,165.20433044433594,222.4298858642578,1.0,164.52540588378906,241.50985717773438,1.0,141.46742248535156,245.1989288330078,1.0,129.240478515625,247.4873504638672,1.0,194.3087158203125,240.02597045898438,1.0,206.9635467529297,238.7536163330078,1.0,166.77906799316406,254.0027618408203,1.0,140.02626037597656,278.54132080078125,1.0,199.10162353515625,271.8662414550781,1.0
42,165.76475524902344,222.82403564453125,1.0,165.1620635986328,241.90646362304688,1.0,142.10165405273438,245.394287109375,1.0,129.35137939453125,247.76258850097656,1.0,194.34654235839844,240.13002014160156,1.0,207.20533752441406,239.01602172851562,1.0,167.7708282470703,254.59033203125,1.0,140.25450134277344,279.2183837890625,1.0,199.86648559570312,272.4248962402344,1.0
43,166.224853515625,223.48297119140625,1.0,166.68215942382812,242.75204467773438,1.0,142.3917236328125,245.4783477783203,1.0,129.66099548339844,247.364501953125,1.0,194.51344299316406,240.35671997070312,1.0,207.12783813476562,239.21527099609375,1.0,169.43785095214844,255.5254364013672,1.0,141.18218994140625,279.7117919921875,1.0,200.31056213378906,273.2929992675781,1.0
44,166.49612426757812,223.93162536621094,1.0,166.9628448486328,243.3167266845703,1.0,142.8803253173828,245.3693084716797,1.0,129.83209228515625,247.26181030273438,1.0,194.39315795898438,240.6300811767578,1.0,207.26528930664062,239.19210815429688,1.0,169.95359802246094,255.9628143310547,1.0,140.9647979736328,279.94488525390625,1.0,200.87100219726562,273.32000732421875,1.0
45,166.7467498779297,224.0295867919922,1.0,167.42495727539062,243.5421600341797,1.0,143.0048828125,245.3443603515625,1.0,130.144287109375,247.23756408691406,1.0,194.35195922851562,240.6848907470703,1.0,207.36341857910156,239.1419219970703,1.0,170.32740783691406,256.1241149902344,1.0,141.0536346435547,280.2766418457031,1.0,202.58348083496094,273.27783203125,1.0
46,167.23365783691406,224.4432830810547,1.0,167.7465057373047,243.7645263671875,1.0,142.82876586914062,245.36793518066406,1.0,130.25125122070312,247.15213012695312,1.0,194.28736877441406,240.78753662109375,1.0,207.64669799804688,239.2726287841797,1.0,170.55538940429688,256.5346984863281,1.0,140.7322998046875,280.7691650390625,1.0,202.49295043945312,274.1081848144531,1.0
47,167.27011108398438,224.64329528808594,1.0,167.89715576171875,244.22186279296875,1.0,142.73870849609375,245.654541015625,1.0,130.15396118164062,247.2518768310547,1.0,194.62098693847656,240.8978729248047,1.0,208.28562927246094,239.4083709716797,1.0,171.19371032714844,256.55255126953125,1.0,140.55099487304688,281.42095947265625,1.0,203.32138061523438,274.4891052246094,1.0
48,167.4668426513672,224.62911987304688,1.0,169.3419647216797,244.4020233154297,1.0,142.8701934814453,245.7506866455078,1.0,130.233642578125,247.87738037109375,1.0,194.34555053710938,240.937255859375,1.0,208.58743286132812,239.46168518066406,1.0,172.28201293945312,256.96600341796875,1.0,141.50099182128906,281.8714294433594,1.0,204.08372497558594,274.9490661621094,1.0
49,167.99307250976562,224.91458129882812,1.0,169.49867248535156,244.5377960205078,1.0,143.1309051513672,245.62538146972656,1.0,130.3679962158203,247.62014770507812,1.0,194.38490295410156,241.01564025878906,1.0,208.73092651367188,239.49790954589844,1.0,172.1941375732422,257.4581298828125,1.0,141.32626342773438,282.2197570800781,0.9999998807907104,204.53518676757812,275.2129821777344,1.0
50,168.36871337890625,224.98243713378906,1.0,169.96144104003906,244.68161010742188,1.0,143.1676483154297,245.77696228027344,1.0,130.16326904296875,247.7884521484375,1.0,194.64710998535156,241.2076416015625,1.0,208.87893676757812,239.55348205566406,1.0,172.44235229492188,257.5849304199219,1.0,141.4597930908203,282.63763427734375,0.9999998807907104,204.46685791015625,275.49041748046875,1.0
51,168.6562042236328,224.90908813476562,1.0,170.1339569091797,244.58351135253906,1.0,143.37521362304688,245.49754333496094,1.0,130.60108947753906,247.60105895996094,1.0,194.96963500976562,241.25360107421875,1.0,209.36419677734375,239.86959838867188,1.0,172.53372192382812,257.7605285644531,1.0,141.2935333251953,282.3202209472656,1.0,204.7178497314453,275.66455078125,1.0
52,168.66500854492188,225.02700805664062,1.0,170.33717346191406,244.80526733398438,1.0,143.20726013183594,245.77670288085938,1.0,130.55906677246094,247.9071502685547,1.0,195.16085815429688,241.37583923339844,1.0,209.4176483154297,239.9463348388672,1.0,172.79220581054688,257.9865417480469,1.0,141.61329650878906,282.733154296875,0.9999998807907104,204.92637634277344,275.83721923828125,1.0
53,168.79356384277344,224.99783325195312,1.0,170.5315399169922,245.04478454589844,1.0,143.52224731445312,245.85772705078125,1.0,130.625244140625,247.76695251464844,1.0,195.1672821044922,241.51528930664062,1.0,209.3974609375,239.81817626953125,1.0,172.9957275390625,258.21337890625,1.0,141.6135711669922,282.720458984375,0.9999998807907104,204.94276428222656,275.7590637207031,1.0
54,168.94821166992188,224.96591186523438,1.0,170.9818115234375,245.01190185546875,1.0,143.5214080810547,245.8501434326172,1.0,130.5894012451172,247.73822021484375,1.0,195.4710235595703,241.4607391357422,1.0,209.68287658691406,239.9085693359375,1.0,173.38136291503906,258.28900146484375,1.0,141.8008575439453,282.6561279296875,0.9999998807907104,205.26622009277344,275.83123779296875,1.0
55,169.22879028320312,224.96971130371094,1.0,171.25408935546875,244.73056030273438,1.0,143.79656982421875,245.9436492919922,1.0,130.40032958984375,247.5279083251953,1.0,195.6951446533203,241.39178466796875,1.0,209.93650817871094,240.07012939453125,1.0,173.7249298095703,258.58087158203125,1.0,142.50961303710938,282.95977783203125,0.9999998807907104,205.6001434326172,275.7626953125,1.0
56,178.56167602539062,225.7198944091797,1.0,181.4300537109375,245.5998077392578,1.0,150.82691955566406,244.82432556152344,1.0,137.51766967773438,245.74334716796875,1.0,203.14134216308594,242.04388427734375,1.0,214.68600463867188,240.33714294433594,1.0,184.15000915527344,258.4090576171875,1.0,148.62335205078125,283.5393981933594,0.9999998807907104,212.48130798339844,275.3713684082031,1.0
57,185.4384002685547,224.96820068359375,1.0,188.11624145507812,243.592529296875,1.0,155.64639282226562,243.71929931640625,1.0,141.47882080078125,244.86549377441406,1.0,208.5313720703125,241.75302124023438,1.0,219.02442932128906,242.5084686279297,1.0,191.08447265625,257.5668640136719,1.0,154.10812377929688,283.5394592285156,1.0,218.4710693359375,275.9892272949219,1.0
58,188.48388671875,225.38453674316406,1.0,191.54022216796875,243.22276306152344,1.0,156.91943359375,243.247802734375,1.0,142.85232543945312,244.3094940185547,1.0,210.7425079345703,242.41053771972656,1.0,222.16726684570312,242.99551391601562,1.0,194.44715881347656,257.82354736328125,1.0,155.63650512695312,283.3568115234375,0.9999998807907104,221.09413146972656,277.43487548828125,1.0
59,189.8622589111328,225.0278778076172,1.0,193.4998321533203,243.0734100341797,1.0,158.01136779785156,243.02296447753906,1.0,143.84848022460938,244.05137634277344,1.0,211.7349395751953,242.02407836914062,1.0,223.1434326171875,242.57861328125,1.0,196.37159729003906,257.8166809082031,1.0,156.82196044921875,283.8570556640625,0.9999998807907104,222.83200073242188,277.60211181640625,1.0
60,190.72470092773438,224.5440216064453,1.0,195.22821044921875,243.6697998046875,1.0,159.33309936523438,242.91111755371094,1.0,144.98080444335938,243.8079376220703,1.0,212.3892822265625,242.05764770507812,1.0,223.3520050048828,242.0849151611328,1.0,198.19044494628906,257.907958984375,1.0,158.36143493652344,284.1123962402344,0.9999998807907104,224.50270080566406,278.00897216796875,1.0
61,192.14453125,224.2089080810547,1.0,197.58145141601562,243.1720733642578,1.0,160.27284240722656,242.40582275390625,1.0,145.99038696289062,243.42921447753906,1.0,213.1333770751953,241.6166534423828,1.0,224.16314697265625,242.13316345214844,1.0,200.48281860351562,257.8014221191406,1.0,159.484619140625,283.9172058105469,0.9999995231628418,226.59852600097656,277.5504455566406,1.0
62,194.1118927001953,224.23585510253906,1.0,200.048583984375,243.04275512695312,1.0,162.44918823242188,241.7199249267578,1.0,147.51602172851562,241.6163330078125,1.0,214.17440795898438,241.87429809570312,1.0,224.9971466064453,242.66444396972656,1.0,202.26626586914062,258.78485107421875,1.0,160.60171508789062,283.0914306640625,0.9999998807907104,227.90545654296875,278.24945068359375,1.0
63,194.5041961669922,224.3556671142578,1.0,200.79434204101562,243.20216369628906,1.0,163.5317840576172,241.45069885253906,1.0,148.5499267578125,241.20033264160156,1.0,215.0200653076172,241.83456420898438,1.0,225.32510375976562,242.74388122558594,1.0,203.3273468017578,258.5674743652344,1.0,160.9972686767578,282.6400451660156,0.9999998807907104,228.62298583984375,278.3020935058594,1.0
64,194.9815216064453,224.32102966308594,1.0,201.14346313476562,243.28826904296875,1.0,163.95558166503906,241.50473022460938,1.0,148.9011993408203,241.09169006347656,1.0,215.54161071777344,241.7734832763672,1.0,225.8352508544922,242.7656707763672,1.0,204.24609375,258.751708984375,1.0,162.4244842529297,282.256103515625,1.0,229.24354553222656,278.14910888671875,1.0
65,195.70533752441406,224.01318359375,1.0,201.6937255859375,243.10009765625,1.0,164.45004272460938,241.15492248535156,1.0,149.208984375,240.91744995117188,1.0,215.8972930908203,241.32737731933594,1.0,226.48780822753906,242.22288513183594,1.0,205.26101684570312,258.9977111816406,1.0,163.1690673828125,282.3467712402344,1.0,229.64866638183594,278.3709716796875,1.0
66,196.66307067871094,223.79373168945312,1.0,202.91714477539062,243.14712524414062,1.0,165.2294158935547,240.79051208496094,1.0,149.55052185058594,240.51019287109375,1.0,216.89710998535156,241.2390594482422,1.0,227.19473266601562,242.29788208007812,1.0,206.32945251464844,259.2868957519531,1.0,163.62286376953125,282.37982177734375,1.0,230.38003540039062,278.41925048828125,1.0
67,198.13462829589844,223.80711364746094,1.0,204.11248779296875,242.91986083984375,1.0,166.27365112304688,240.4101104736328,1.0,150.1703643798828,239.50619506835938,1.0,218.13975524902344,241.10147094726562,1.0,228.75527954101562,242.98150634765625,1.0,207.140869140625,259.6836853027344,1.0,164.30848693847656,282.5982971191406,1.0,231.29698181152344,278.7839660644531,1.0
68,198.71897888183594,223.65760803222656,1.0,204.90054321289062,242.93496704101562,1.0,166.37872314453125,240.3506622314453,1.0,150.6407928466797,239.66357421875,1.0,218.56007385253906,240.67129516601562,1.0,229.09930419921875,243.16029357910156,1.0,207.84335327148438,259.69140625,1.0,165.143798828125,282.5919189453125,1.0,231.90374755859375,279.1947937011719,1.0
69,200.18138122558594,223.2957305908203,1.0,206.2949981689453,242.63070678710938,1.0,166.80128479003906,240.2104949951172,1.0,151.0615234375,239.66481018066406,1.0,219.13636779785156,240.63595581054688,1.0,229.52499389648438,243.23789978027344,1.0,209.06700134277344,259.1824645996094,1.0,165.5626678466797,282.6641845703125,1.0,232.97520446777344,279.0367126464844,1.0
70,201.3571014404297,223.34121704101562,1.0,207.1265869140625,242.8563995361328,1.0,168.32656860351562,239.8310089111328,1.0,151.94676208496094,239.27557373046875,1.0,219.7767791748047,240.4387664794922,1.0,230.21075439453125,242.6402130126953,1.0,209.98341369628906,259.3951721191406,1.0,167.05430603027344,281.86846923828125,1.0,233.49359130859375,278.4898376464844,1.0
71,202.27816772460938,223.56552124023438,1.0,207.8697052001953,243.01319885253906,1.0,169.207275390625,239.7738800048828,1.0,153.02394104003906,239.1532440185547,1.0,220.1132354736328,240.1909942626953,1.0,230.7113800048828,241.98077392578125,1.0,210.9483642578125,259.78094482421875,1.0,168.2275848388672,281.72235107421875,1.0,234.09970092773438,278.8935852050781,1.0
72,203.22821044921875,223.01937866210938,1.0,208.8413848876953,242.4446563720703,1.0,169.584716796875,239.66598510742188,1.0,153.36500549316406,239.01809692382812,1.0,221.43722534179688,240.77685546875,1.0,231.91311645507812,241.8382110595703,1.0,211.2809600830078,259.2330627441406,1.0,168.4690399169922,281.4213562011719,1.0,234.67137145996094,278.94427490234375,1.0
73,203.18246459960938,223.052490234375,1.0,208.81187438964844,242.50221252441406,1.0,169.59848022460938,239.4526824951172,1.0,153.22511291503906,238.9641571044922,1.0,221.5879669189453,239.75192260742188,1.0,232.54730224609375,241.9228057861328,1.0,211.63059997558594,259.9617614746094,1.0,169.0064697265625,281.8907775878906,1.0,234.9690704345703,278.6743469238281,1.0
74,203.7298583984375,222.81813049316406,1.0,209.26382446289062,242.308837890625,1.0,169.81263732910156,239.36439514160156,1.0,153.62054443359375,238.92535400390625,1.0,221.79713439941406,239.81719970703125,1.0,232.78416442871094,241.71444702148438,1.0,211.93360900878906,259.92120361328125,1.0,169.12924194335938,281.9800109863281,1.0,235.18846130371094,278.8544616699219,1.0
75,204.60731506347656,223.06277465820312,1.0,209.8245086669922,242.43450927734375,1.0,170.0294952392578,239.30052185058594,1.0,153.65380859375,238.7552032470703,1.0,222.19349670410156,239.6868896484375,1.0,233.19631958007812,241.64602661132812,1.0,212.3369903564453,260.0068359375,1.0,169.29776000976562,282.2242736816406,1.0,235.33200073242188,278.8375244140625,1.0
76,204.54043579101562,223.18365478515625,1.0,210.06851196289062,242.63465881347656,1.0,169.9695281982422,239.45899963378906,1.0,153.7429962158203,238.759033203125,1.0,222.45846557617188,239.9068145751953,1.0,233.36843872070312,241.69590759277344,1.0,212.43418884277344,260.0380859375,1.0,169.37130737304688,282.3414306640625,1.0,235.43089294433594,278.835205078125,1.0
77,204.7448272705078,222.65481567382812,1.0,210.29833984375,242.73455810546875,1.0,170.1689910888672,239.30897521972656,1.0,153.81451416015625,238.46034240722656,1.0,222.84210205078125,239.6376953125,1.0,233.49481201171875,241.27267456054688,1.0,212.70767211914062,259.9253234863281,1.0,169.62867736816406,282.4559326171875,1.0,235.5615692138672,278.900146484375,1.0
78,204.42572021484375,222.593017578125,1.0,210.36138916015625,242.50552368164062,1.0,170.14541625976562,239.26808166503906,1.0,154.1852569580078,238.2201385498047,1.0,222.6224822998047,239.59530639648438,1.0,233.61659240722656,241.37977600097656,1.0,212.71847534179688,260.1214294433594,1.0,169.60231018066406,282.4004821777344,1.0,235.48370361328125,278.9314270019531,1.0
79,204.61328125,222.49142456054688,1.0,210.2650909423828,242.73304748535156,1.0,170.5449676513672,239.0010528564453,1.0,154.32888793945312,238.27024841308594,1.0,222.65196228027344,239.6422882080078,1.0,233.67225646972656,241.2841796875,1.0,212.7945098876953,260.2440185546875,1.0,169.07925415039062,281.9956359863281,1.0,235.627685546875,278.96417236328125,1.0
80,204.53604125976562,222.4104766845703,1.0,210.38018798828125,242.68075561523438,1.0,170.50148010253906,238.9129180908203,1.0,154.14215087890625,238.38905334472656,1.0,222.46920776367188,238.6972198486328,1.0,233.76414489746094,240.7351531982422,1.0,212.6693878173828,260.45574951171875,1.0,169.30722045898438,282.3552551269531,1.0,235.81344604492188,278.8997802734375,1.0
81,204.25515747070312,221.99366760253906,1.0,210.24551391601562,242.48187255859375,1.0,170.377685546875,238.75985717773438,1.0,153.93919372558594,238.50550842285156,1.0,222.4186553955078,238.01840209960938,1.0,233.54173278808594,239.85739135742188,1.0,212.73724365234375,259.7437744140625,1.0,169.07577514648438,282.16351318359375,1.0,235.98785400390625,278.7701721191406,1.0
82,203.98614501953125,222.0075225830078,1.0,210.35997009277344,242.70132446289062,1.0,170.44129943847656,238.92816162109375,1.0,153.69334411621094,238.50086975097656,1.0,222.31407165527344,237.99679565429688,1.0,233.41229248046875,239.6714324951172,1.0,212.84896850585938,259.8777160644531,1.0,168.88108825683594,282.03021240234375,1.0,236.00897216796875,278.9263610839844,1.0
83,203.54611206054688,221.82669067382812,1.0,210.25042724609375,242.72531127929688,1.0,169.79405212402344,239.005615234375,1.0,152.97377014160156,238.61611938476562,1.0,222.21705627441406,237.9575653076172,1.0,233.37579345703125,239.84959411621094,1.0,212.7074432373047,259.9194030761719,1.0,168.7619171142578,282.737548828125,1.0,236.0109405517578,278.8863830566406,1.0
84,202.662841796875,221.58184814453125,1.0,209.5684356689453,242.34117126464844,1.0,169.42926025390625,238.99676513671875,1.0,152.76881408691406,238.2805633544922,1.0,221.83932495117188,237.4834442138672,1.0,233.44921875,239.74685668945312,1.0,212.42787170410156,259.72198486328125,1.0,168.4873046875,282.8647155761719,1.0,236.20301818847656,278.74853515625,1.0
85,199.64344787597656,221.0416717529297,1.0,208.29774475097656,241.807373046875,1.0,167.40048217773438,240.37730407714844,1.0,151.66693115234375,240.74319458007812,1.0,219.57427978515625,235.30776977539062,1.0,231.6118927001953,237.56173706054688,1.0,212.50538635253906,259.8856506347656,1.0,168.87342834472656,283.7406311035156,1.0,236.55111694335938,277.18499755859375,1.0
86,194.8466796875,222.84585571289062,1.0,206.08592224121094,241.94285583496094,1.0,164.12246704101562,242.7395477294922,1.0,149.52737426757812,244.51913452148438,1.0,214.9813232421875,233.34336853027344,1.0,225.70623779296875,232.9684600830078,1.0,212.29388427734375,260.11090087890625,1.0,169.09341430664062,285.235107421875,0.9999997615814209,237.383056640625,274.60748291015625,1.0
87,193.57907104492188,223.21250915527344,1.0,205.5828399658203,242.15115356445312,1.0,163.78231811523438,243.55950927734375,1.0,149.31748962402344,246.0336456298828,1.0,214.18629455566406,232.63162231445312,1.0,225.20530700683594,232.01492309570312,1.0,211.6555938720703,260.5660705566406,1.0,170.0250244140625,286.27008056640625,0.9999992847442627,237.3781280517578,273.7062683105469,1.0
88,192.8716583251953,222.25936889648438,1.0,205.70379638671875,242.50978088378906,1.0,163.47747802734375,243.75502014160156,1.0,148.52029418945312,246.25979614257812,1.0,213.57032775878906,232.15501403808594,1.0,224.43411254882812,231.5640106201172,1.0,211.9916229248047,260.89251708984375,1.0,170.26072692871094,286.7427673339844,0.9999978542327881,237.57066345214844,273.5137023925781,1.0
89,192.5673065185547,223.8959503173828,1.0,205.87156677246094,242.851806640625,1.0,163.4925079345703,244.72410583496094,1.0,148.7290496826172,246.92709350585938,1.0,213.31832885742188,231.99342346191406,1.0,223.96588134765625,231.22561645507812,1.0,212.44454956054688,261.1967468261719,1.0,170.44476318359375,286.53607177734375,0.9999961853027344,237.48709106445312,273.4964599609375,1.0
90,191.3511505126953,224.1625213623047,0.9999998807907104,205.37730407714844,243.90272521972656,1.0,162.78146362304688,246.01593017578125,1.0,147.94400024414062,248.548828125,1.0,212.3413848876953,231.63722229003906,1.0,222.65057373046875,230.19961547851562,1.0,213.3355255126953,262.1592102050781,1.0,171.2493438720703,287.19915771484375,0.999957799911499,238.75048828125,272.451904296875,1.0
91,190.72938537597656,224.25457763671875,0.9999997615814209,205.57540893554688,244.82203674316406,1.0,163.2017059326172,246.75027465820312,1.0,148.09939575195312,248.942138671875,1.0,212.45176696777344,231.58383178710938,1.0,222.819580078125,230.0544891357422,1.0,213.7989044189453,262.46148681640625,1.0,171.4224395751953,287.44976806640625,0.9995303153991699,239.56121826171875,271.7340393066406,1.0
92,190.50164794921875,224.1962890625,0.9999997615814209,205.686279296875,244.85128784179688,1.0,163.0026092529297,246.74786376953125,1.0,148.09588623046875,249.0676727294922,1.0,212.2188720703125,231.64707946777344,1.0,222.38101196289062,229.70584106445312,1.0,213.97096252441406,262.6845703125,1.0,171.4959716796875,286.9798278808594,0.9985828399658203,239.43106079101562,271.5303039550781,1.0
93,190.22840881347656,224.1812744140625,0.9999997615814209,205.72108459472656,245.39454650878906,1.0,163.15647888183594,246.79150390625,1.0,148.33816528320312,248.84579467773438,1.0,212.16201782226562,231.63003540039062,1.0,221.88929748535156,229.10443115234375,1.0,214.15525817871094,263.0486755371094,1.0,171.3881378173828,286.90496826171875,0.9991310238838196,239.55389404296875,271.5086669921875,1.0
94,190.5592803955078,224.85791015625,0.9999996423721313,205.64093017578125,244.85348510742188,1.0,163.25408935546875,246.91357421875,1.0,148.28326416015625,248.9609375,1.0,212.16322326660156,231.37704467773438,1.0,222.08363342285156,229.09817504882812,1.0,214.1876678466797,262.9404602050781,1.0,172.02684020996094,287.1711120605469,0.999365508556366,239.71742248535156,271.4197998046875,1.0
95,190.417724609375,224.57542419433594,0.9999996423721313,205.93275451660156,244.89788818359375,1.0,163.5902099609375,247.0529022216797,1.0,148.52731323242188,249.02273559570312,1.0,212.17257690429688,231.3383331298828,1.0,221.91685485839844,229.20973205566406,1.0,214.58311462402344,263.16455078125,1.0,171.93284606933594,287.2715148925781,0.9994900226593018,240.1458740234375,271.3917541503906,1.0
96,190.33447265625,225.3043975830078,0.9999995231628418,206.40237426757812,245.54087829589844,1.0,163.6834716796875,247.01348876953125,1.0,148.7141571044922,249.3197479248047,1.0,212.3185577392578,231.1944580078125,1.0,221.96788024902344,228.27732849121094,1.0,215.00469970703125,263.1623840332031,1.0,172.8877410888672,287.7801818847656,0.9997174143791199,241.059326171875,271.0264892578125,1.0
97,191.05618286132812,225.7163543701172,0.9999997615814209,206.54287719726562,245.80699157714844,1.0,163.88812255859375,246.96286010742188,1.0,148.8422088623047,249.32586669921875,1.0,212.26821899414062,231.23643493652344,1.0,221.64154052734375,228.15167236328125,1.0,215.1143035888672,263.2189025878906,1.0,172.58316040039062,287.2561340332031,0.9996386766433716,240.7096405029297,269.4164123535156,1.0
98,191.4254150390625,225.71524047851562,0.9999997615814209,206.81130981445312,245.73191833496094,1.0,163.64390563964844,246.86196899414062,1.0,148.97955322265625,249.1564483642578,1.0,212.3658905029297,231.40988159179688,1.0,221.6922149658203,228.10362243652344,1.0,215.466064453125,263.33929443359375,1.0,172.0775604248047,287.0892639160156,0.9994258880615234,241.23348999023438,270.32354736328125,1.0
99,191.76490783691406,225.63848876953125,0.9999998807907104,207.12283325195312,245.63893127441406,1.0,163.7091827392578,247.10543823242188,1.0,148.7018585205078,249.060302734375,1.0,212.39112854003906,231.1713104248047,1.0,221.84884643554688,228.32647705078125,1.0,216.0545654296875,263.332763671875,1.0,172.68629455566406,286.8069763183594,0.9986274242401123,240.8849334716797,269.6592102050781,1.0
100,192.48709106445312,225.44093322753906,0.9999998807907104,207.72314453125,245.81179809570312,1.0,164.55039978027344,247.320556640625,1.0,149.927001953125,249.28672790527344,1.0,212.58934020996094,231.416015625,1.0,221.6685791015625,228.37350463867188,1.0,216.5467987060547,263.6903076171875,1.0,174.74354553222656,287.927490234375,0.9995342493057251,241.640625,269.8780517578125,1.0
101,192.55596923828125,225.86712646484375,1.0,208.3043670654297,245.60427856445312,1.0,164.91888427734375,246.52952575683594,1.0,151.0010528564453,249.54945373535156,1.0,212.57586669921875,231.0618133544922,1.0,221.65847778320312,228.17185974121094,1.0,217.05523681640625,263.82147216796875,1.0,175.78591918945312,287.5565185546875,0.999948263168335,242.1903533935547,269.4687194824219,1.0
102,193.58087158203125,225.57029724121094,1.0,209.73545837402344,245.72183227539062,1.0,165.6216583251953,246.52561950683594,1.0,151.0062713623047,249.50982666015625,1.0,212.84609985351562,230.9433135986328,1.0,222.0464324951172,228.4936981201172,1.0,218.72265625,263.6996765136719,1.0,176.36993408203125,287.3044128417969,0.9999666213989258,242.89718627929688,269.6716003417969,1.0
103,193.69900512695312,225.51290893554688,1.0,210.95777893066406,245.73956298828125,1.0,165.7733154296875,246.61029052734375,1.0,151.1684112548828,249.4608917236328,1.0,213.2557373046875,230.9973907470703,1.0,222.2900848388672,228.47254943847656,1.0,219.97401428222656,264.2735900878906,1.0,176.74530029296875,287.25091552734375,0.9999619722366333,243.0333709716797,270.3839111328125,0.9999998807907104
104,193.5249786376953,225.12193298339844,0.9999998807907104,210.8829803466797,245.5458221435547,1.0,166.0659942626953,246.53250122070312,1.0,151.42005920410156,249.38290405273438,1.0,213.60830688476562,230.7874755859375,1.0,222.87510681152344,228.77191162109375,1.0,220.10995483398438,264.18609619140625,1.0,176.85899353027344,287.32611083984375,0.9999395608901978,243.19163513183594,270.34521484375,1.0
105,193.81320190429688,225.14056396484375,0.9999998807907104,211.21665954589844,245.59547424316406,1.0,166.48219299316406,246.6986846923828,1.0,151.2827606201172,249.4495849609375,1.0,213.76123046875,230.84864807128906,1.0,223.18890380859375,228.9702606201172,1.0,220.44131469726562,264.26226806640625,1.0,176.50094604492188,287.8226013183594,0.9996451139450073,243.57208251953125,270.5977478027344,1.0
106,194.2549591064453,225.3045196533203,0.9999998807907104,211.69711303710938,245.88104248046875,1.0,166.9197540283203,246.94915771484375,1.0,151.8397216796875,249.59193420410156,1.0,213.8106689453125,230.70191955566406,1.0,223.04931640625,228.68283081054688,1.0,220.83738708496094,264.5533752441406,1.0,177.51536560058594,287.1560363769531,0.9987196922302246,243.7183074951172,270.569580078125,1.0
107,194.35787963867188,225.83737182617188,1.0,212.01193237304688,246.6427764892578,1.0,166.85047912597656,246.97230529785156,1.0,151.8826904296875,250.0181121826172,1.0,213.93116760253906,230.64883422851562,1.0,222.82351684570312,228.26959228515625,1.0,221.5439453125,264.797607421875,1.0,177.72775268554688,286.3963623046875,0.9997836947441101,243.84991455078125,270.47265625,0.9999998807907104
108,194.51943969726562,226.19082641601562,1.0,212.0840606689453,246.5360565185547,1.0,166.6688232421875,247.14682006835938,1.0,151.7783203125,250.16554260253906,1.0,214.09690856933594,230.8511962890625,1.0,223.08668518066406,228.02743530273438,1.0,222.0012969970703,264.53875732421875,1.0,177.97474670410156,286.94000244140625,0.9996349811553955,244.0875701904297,269.9924621582031,1.0
109,194.18087768554688,226.05616760253906,1.0,212.043212890625,246.63206481933594,1.0,166.16590881347656,247.39801025390625,1.0,151.61962890625,250.66600036621094,1.0,213.95553588867188,230.8185577392578,1.0,222.96975708007812,228.08526611328125,1.0,221.90802001953125,264.6551818847656,1.0,178.3380889892578,287.0511779785156,0.9998165965080261,244.0068817138672,269.866455078125,1.0
110,193.69346618652344,226.34368896484375,0.9999998807907104,212.04759216308594,246.67457580566406,1.0,165.70697021484375,247.7146759033203,1.0,151.16993713378906,251.50357055664062,1.0,213.9083709716797,230.9434814453125,1.0,222.911376953125,228.09622192382812,1.0,221.8017578125,264.7624206542969,1.0,178.3252716064453,286.8808288574219,0.9993938207626343,244.04638671875,269.5751647949219,1.0
111,192.522216796875,226.49563598632812,0.9999997615814209,211.4049835205078,246.53826904296875,1.0,165.3666229248047,247.9711456298828,1.0,151.18284606933594,251.5615997314453,1.0,212.9476318359375,230.5209197998047,1.0,221.71575927734375,227.19781494140625,1.0,221.4623260498047,264.7369689941406,1.0,179.82862854003906,287.03466796875,0.9983325600624084,243.77426147460938,269.6934814453125,1.0
112,191.85128784179688,226.66921997070312,0.9999997615814209,211.00474548339844,246.6125030517578,1.0,165.1810760498047,247.94735717773438,1.0,150.8854217529297,251.73828125,1.0,212.66928100585938,230.53045654296875,1.0,221.6940155029297,227.08892822265625,1.0,221.22523498535156,264.9300842285156,1.0,178.4938201904297,287.0800476074219,0.9990405440330505,243.59530639648438,269.0909423828125,1.0
113,190.66598510742188,226.76954650878906,0.9999996423721313,210.9031219482422,246.92518615722656,1.0,165.10870361328125,248.6605682373047,1.0,150.5592498779297,252.15151977539062,1.0,212.29049682617188,230.5178985595703,1.0,220.9883270263672,226.68858337402344,1.0,221.27838134765625,264.9782409667969,1.0,177.7357635498047,287.27215576171875,0.9988197684288025,243.52471923828125,269.1020812988281,0.9999998807907104
114,190.14547729492188,226.97845458984375,0.9999995231628418,210.45533752441406,246.89352416992188,1.0,164.70733642578125,248.71310424804688,1.0,149.94654846191406,252.5875701904297,1.0,212.0091094970703,229.995361328125,1.0,221.05848693847656,226.40858459472656,1.0,220.83575439453125,264.9966735839844,1.0,178.6483917236328,286.8666076660156,0.9991082549095154,243.0010528564453,269.32177734375,0.9999998807907104
115,189.08743286132812,227.03988647460938,0.9999995231628418,210.0601806640625,247.12765502929688,1.0,164.41737365722656,248.9474334716797,1.0,149.81712341308594,253.01072692871094,1.0,211.64764404296875,230.1273193359375,1.0,221.0314178466797,226.60592651367188,1.0,220.50863647460938,265.0190124511719,1.0,179.40576171875,287.8864440917969,0.9971684813499451,242.7371063232422,269.5938415527344,0.9999998807907104
116,189.3026885986328,227.13536071777344,0.9999996423721313,210.12545776367188,246.68212890625,1.0,164.39999389648438,248.88833618164062,1.0,149.56642150878906,252.90896606445312,1.0,211.32398986816406,230.08499145507812,1.0,220.5049591064453,226.3480682373047,1.0,220.08773803710938,265.1412658691406,1.0,179.574462890625,287.7840881347656,0.9968208074569702,242.59339904785156,269.67230224609375,0.9999998807907104
117,188.6937255859375,227.43052673339844,0.9999996423721313,209.96365356445312,246.90553283691406,1.0,164.11294555664062,248.82618713378906,1.0,149.38082885742188,252.7781219482422,1.0,212.0028533935547,229.10047912597656,1.0,220.00990295410156,226.14776611328125,1.0,220.10589599609375,265.19354248046875,1.0,178.3256072998047,287.1419372558594,0.9964700937271118,242.50938415527344,269.43731689453125,0.9999998807907104
118,188.4984130859375,227.65968322753906,0.9999997615814209,209.5248260498047,247.0304412841797,1.0,163.76905822753906,249.0037078857422,1.0,149.19961547851562,252.84315490722656,1.0,211.9608917236328,229.35044860839844,1.0,220.22332763671875,226.37554931640625,1.0,219.8286895751953,265.3486328125,1.0,177.9189453125,287.42156982421875,0.9910707473754883,242.1807861328125,269.18115234375,0.9999998807907104
119,187.7864532470703,227.4816436767578,0.9999997615814209,209.07986450195312,247.51895141601562,1.0,163.57022094726562,249.19546508789062,1.0,148.90296936035156,253.094482421875,1.0,211.57513427734375,229.33181762695312,1.0,220.25601196289062,226.30628967285156,1.0,219.5281982421875,265.3663024902344,1.0,178.40301513671875,287.36224365234375,0.9893543720245361,241.63836669921875,268.379638671875,0.9999997615814209
120,186.89865112304688,227.4888458251953,0.9999997615814209,208.42416381835938,247.47532653808594,1.0,163.19032287597656,249.2531280517578,1.0,148.54017639160156,253.2579345703125,1.0,211.05453491210938,229.08709716796875,1.0,219.764404296875,226.01365661621094,1.0,218.70338439941406,264.9130554199219,1.0,179.31695556640625,288.0903015136719,0.9539623856544495,241.47897338867188,267.0425720214844,0.9999998807907104
121,186.72837829589844,227.3804931640625,0.9999997615814209,207.8998565673828,247.6178741455078,1.0,162.9869384765625,249.1417236328125,1.0,148.39007568359375,252.9210662841797,1.0,211.04725646972656,229.2238006591797,1.0,219.66583251953125,226.08203125,1.0,218.03439331054688,264.92120361328125,1.0,177.1622772216797,287.92047119140625,0.9602077007293701,241.22769165039062,267.25439453125,0.9999998807907104
122,186.43223571777344,226.927978515625,0.9999996423721313,207.4079132080078,247.66943359375,1.0,162.6126251220703,249.11668395996094,1.0,148.42454528808594,252.95751953125,1.0,210.9154052734375,228.99169921875,1.0,220.0615997314453,226.13381958007812,1.0,217.649169921875,265.06878662109375,1.0,176.54962158203125,288.1762390136719,0.9068426489830017,241.00323486328125,267.5657043457031,0.9999998807907104
123,186.46676635742188,227.01870727539062,0.9999996423721313,207.2357177734375,247.5208740234375,1.0,163.10353088378906,249.1615753173828,1.0,148.3338623046875,253.05044555664062,1.0,210.9324493408203,228.97305297851562,1.0,219.99911499023438,226.01153564453125,1.0,217.29644775390625,264.9377136230469,1.0,176.23243713378906,288.1957702636719,0.9429464340209961,240.51292419433594,267.9075622558594,0.9999998807907104
124,186.5753173828125,227.31195068359375,0.9999997615814209,207.1739959716797,247.49803161621094,1.0,162.51271057128906,249.26510620117188,1.0,148.12088012695312,252.93833923339844,1.0,210.62823486328125,228.9250946044922,1.0,219.6494598388672,225.77130126953125,1.0,217.06704711914062,264.77349853515625,1.0,176.05938720703125,287.8480529785156,0.9698863625526428,241.20974731445312,268.7349853515625,0.9999998807907104
125,186.45443725585938,227.35281372070312,0.9999997615814209,206.50621032714844,247.5360870361328,1.0,162.8994140625,249.04598999023438,1.0,147.92543029785156,252.69732666015625,1.0,210.5476531982422,229.063720703125,1.0,219.6981964111328,225.70848083496094,1.0,217.15724182128906,264.7565612792969,1.0,176.05050659179688,287.953125,0.9847391843795776,240.76014709472656,269.0421142578125,0.9999998807907104
126,186.2847442626953,227.4085235595703,0.9999996423721313,206.326171875,247.60040283203125,1.0,162.7838134765625,249.38702392578125,1.0,147.88894653320312,252.86154174804688,1.0,210.45738220214844,229.28602600097656,1.0,219.55828857421875,225.81040954589844,1.0,216.7100372314453,264.806884765625,1.0,175.79835510253906,288.0535888671875,0.984978199005127,240.31610107421875,269.3841857910156,0.9999998807907104
127,186.1813507080078,227.13450622558594,0.9999996423721313,206.14308166503906,247.53729248046875,1.0,162.08131408691406,249.59506225585938,1.0,147.76800537109375,252.874267578125,1.0,210.5118865966797,229.3377685546875,1.0,219.6851348876953,225.79721069335938,1.0,216.51177978515625,264.84326171875,1.0,175.8809814453125,288.1193542480469,0.9947999715805054,240.05526733398438,269.83721923828125,0.9999998807907104
128,185.8713836669922,227.1323699951172,0.9999996423721313,205.59957885742188,247.55116271972656,1.0,162.74124145507812,249.455078125,1.0,147.65646362304688,252.97900390625,1.0,210.164306640625,229.42364501953125,1.0,219.3516082763672,225.72230529785156,1.0,216.06597900390625,264.84197998046875,1.0,175.83053588867188,288.2619934082031,0.9898086190223694,240.109130859375,269.78619384765625,0.9999998807907104
129,185.8211669921875,227.2838592529297,0.9999996423721313,205.7123565673828,247.4075927734375,1.0,162.6149444580078,249.46636962890625,1.0,147.54405212402344,252.9228057861328,1.0,210.30941772460938,229.49562072753906,1.0,219.51768493652344,225.89988708496094,1.0,216.06201171875,264.814697265625,1.0,175.50025939941406,288.18170166015625,0.9876656532287598,240.08682250976562,269.69488525390625,0.9999998807907104
130,185.5626983642578,227.21441650390625,0.9999995231628418,205.4082489013672,247.4602813720703,1.0,162.5025634765625,249.4550018310547,1.0,147.4907989501953,253.04615783691406,1.0,210.33718872070312,229.64556884765625,1.0,219.75587463378906,226.21893310546875,1.0,215.9844970703125,265.1814270019531,1.0,175.57107543945312,288.2757568359375,0.9850856065750122,239.969482421875,269.9061584472656,1.0
131,185.49562072753906,227.39366149902344,0.9999996423721313,205.34982299804688,247.5355682373047,1.0,162.55084228515625,249.4940185546875,1.0,147.55357360839844,253.23904418945312,1.0,210.28253173828125,229.74569702148438,1.0,219.49949645996094,226.12986755371094,1.0,216.04269409179688,265.2117614746094,1.0,175.76412963867188,288.2431640625,0.990038275718689,239.8061981201172,270.0058898925781,0.9999998807907104
132,185.7676239013672,228.23065185546875,0.9999997615814209,205.13351440429688,247.35890197753906,1.0,161.9674530029297,249.75379943847656,1.0,147.71731567382812,253.1363067626953,1.0,209.95066833496094,229.87387084960938,1.0,218.8353729248047,226.41455078125,1.0,215.7200469970703,265.28955078125,1.0,175.8152313232422,288.3842468261719,0.9608829617500305,239.87208557128906,269.03094482421875,0.9999998807907104
133,185.9549102783203,228.2865753173828,0.9999998807907104,205.20309448242188,247.4667510986328,1.0,162.0504608154297,250.04635620117188,1.0,147.9967803955078,253.4267120361328,1.0,210.0533447265625,230.03237915039062,1.0,218.8200225830078,226.54734802246094,1.0,215.67137145996094,265.2908630371094,1.0,175.6178741455078,288.4510498046875,0.9719284176826477,239.9656524658203,269.3608093261719,0.9999998807907104
134,185.83026123046875,228.15431213378906,0.9999997615814209,205.255859375,247.42015075683594,1.0,162.03756713867188,250.12307739257812,1.0,148.00498962402344,253.43658447265625,1.0,210.0697784423828,230.1399383544922,1.0,218.71835327148438,226.61160278320312,1.0,215.717041015625,265.2535705566406,1.0,175.63348388671875,288.4205627441406,0.9518622756004333,239.91139221191406,269.3245544433594,0.9999998807907104
135,185.68858337402344,228.197021484375,0.9999997615814209,205.1653289794922,247.49728393554688,1.0,162.0419158935547,249.89683532714844,1.0,148.12696838378906,253.4819793701172,1.0,210.1129913330078,230.07969665527344,1.0,218.75413513183594,226.48580932617188,1.0,215.57350158691406,265.3653869628906,1.0,175.86070251464844,288.38433837890625,0.9843554496765137,240.02073669433594,268.8885192871094,0.9999998807907104
136,187.74444580078125,228.00596618652344,0.9999998807907104,206.35586547851562,247.46739196777344,1.0,163.6938018798828,249.6652374267578,1.0,149.0097198486328,252.9806671142578,1.0,211.15524291992188,230.66249084472656,1.0,218.81838989257812,226.56747436523438,1.0,216.74842834472656,264.97149658203125,1.0,177.2869873046875,287.9485778808594,0.9987812638282776,241.39535522460938,267.6812438964844,1.0
137,197.9159393310547,227.02447509765625,1.0,216.54446411132812,246.62295532226562,1.0,170.7082061767578,247.9219207763672,1.0,155.51211547851562,251.21315002441406,1.0,216.57354736328125,230.86669921875,1.0,224.20086669921875,227.75985717773438,1.0,226.156494140625,264.7855224609375,1.0,185.16375732421875,286.4471740722656,0.9995129108428955,246.57818603515625,268.5975646972656,0.9999998807907104
138,202.56655883789062,225.74929809570312,0.999998927116394,221.84494018554688,244.8905487060547,1.0,175.30184936523438,247.4496307373047,1.0,159.50328063964844,250.1219940185547,1.0,220.5079803466797,229.81385803222656,1.0,227.77976989746094,228.08013916015625,1.0,232.81494140625,264.0693664550781,1.0,190.06703186035156,286.7228698730469,0.998227059841156,249.83999633789062,271.07928466796875,0.9999998807907104
139,204.1532440185547,226.24508666992188,0.9999995231628418,224.54005432128906,244.3740997314453,1.0,176.99954223632812,246.74546813964844,1.0,161.70346069335938,248.85867309570312,1.0,222.93960571289062,230.1815643310547,1.0,230.3566436767578,228.80859375,1.0,234.8408203125,263.16748046875,1.0,191.560791015625,287.24127197265625,0.9982455968856812,252.62342834472656,271.2974548339844,0.9999998807907104
140,206.25927734375,225.09767150878906,0.9999994039535522,226.36477661132812,245.7783203125,1.0,178.93531799316406,246.86109924316406,1.0,163.97119140625,249.47732543945312,1.0,224.69894409179688,230.5546875,1.0,231.75355529785156,229.4331817626953,0.999998927116394,236.69467163085938,263.9017639160156,1.0,193.0397186279297,286.9521179199219,0.9999210834503174,254.3292236328125,271.5115966796875,0.999998927116394
141,209.0518035888672,224.86099243164062,0.9999997615814209,227.95608520507812,246.06326293945312,1.0,180.30601501464844,246.0552520751953,1.0,165.67666625976562,248.54421997070312,1.0,226.05340576171875,232.71041870117188,1.0,233.60325622558594,230.55589294433594,0.9999942779541016,237.95587158203125,264.3674621582031,1.0,194.19049072265625,286.49005126953125,0.9999920129776001,255.45545959472656,271.8272399902344,0.9999921321868896
142,209.84048461914062,224.9389190673828,0.9999998807907104,228.26792907714844,246.26695251464844,1.0,180.4481658935547,246.5279083251953,1.0,165.7731475830078,248.7815399169922,1.0,226.35533142089844,232.9403839111328,1.0,233.9143524169922,231.2255859375,0.9999933242797852,237.98460388183594,264.86480712890625,1.0,194.46597290039062,286.4809265136719,0.9999957084655762,255.28115844726562,272.7611083984375,0.9999980926513672
143,210.21046447753906,225.02410888671875,0.9999998807907104,228.48243713378906,246.27947998046875,1.0,180.50965881347656,246.5448760986328,1.0,165.972412109375,248.6174774169922,1.0,226.41986083984375,232.91940307617188,1.0,233.95233154296875,231.3357391357422,0.9999949932098389,238.05078125,265.1227111816406,1.0,194.7017364501953,286.4868469238281,0.9999948740005493,255.3864288330078,273.1594543457031,0.9999979734420776
144,209.93466186523438,225.32867431640625,1.0,227.8040008544922,246.7570343017578,1.0,180.28756713867188,246.5378875732422,1.0,165.9634246826172,248.91238403320312,1.0,225.9163818359375,233.68231201171875,1.0,233.5833740234375,231.89447021484375,0.9999955892562866,237.16506958007812,264.9600524902344,1.0,194.12905883789062,286.95343017578125,0.9999946355819702,255.17129516601562,273.4852294921875,0.9999957084655762
145,209.80653381347656,225.4443817138672,0.9999998807907104,227.49339294433594,247.33372497558594,1.0,180.2463836669922,247.02163696289062,1.0,165.6551513671875,249.03985595703125,1.0,225.86851501464844,234.03628540039062,1.0,233.54470825195312,231.9187774658203,0.9999953508377075,237.2536163330078,265.4676818847656,1.0,193.55331420898438,287.0973205566406,0.9999886751174927,254.469970703125,274.3595886230469,0.9999947547912598
146,209.79022216796875,226.02088928222656,1.0,227.337890625,247.93150329589844,1.0,180.2425537109375,247.11529541015625,1.0,165.45675659179688,249.08909606933594,1.0,225.7479248046875,234.35385131835938,1.0,233.44906616210938,232.171142578125,0.9999980926513672,237.02349853515625,266.2621765136719,1.0,193.26881408691406,287.1368408203125,0.9999921321868896,254.2196807861328,275.031982421875,0.9999904632568359
147,210.0077362060547,226.33775329589844,1.0,227.246826171875,248.23095703125,1.0,180.26173400878906,247.23712158203125,1.0,165.4397430419922,249.2664031982422,1.0,225.7661895751953,234.73707580566406,1.0,233.63954162597656,232.6038818359375,0.999998927116394,236.7299041748047,266.8301696777344,1.0,193.09996032714844,287.1298828125,0.9999940395355225,254.07862854003906,275.1357421875,0.9999954700469971
148,209.870849609375,226.69166564941406,1.0,226.81077575683594,248.51234436035156,1.0,180.15109252929688,247.3087921142578,1.0,165.19338989257812,249.09754943847656,1.0,225.64068603515625,234.80935668945312,1.0,233.51119995117188,232.53575134277344,0.9999990463256836,236.21884155273438,266.8938293457031,1.0,193.04327392578125,287.0874938964844,0.9999910593032837,253.9136505126953,275.2351989746094,0.9999954700469971
149,210.0196533203125,226.76683044433594,1.0,226.2693328857422,248.53463745117188,1.0,179.92884826660156,247.5011749267578,1.0,164.71119689941406,248.9837188720703,1.0,225.69314575195312,235.1065216064453,1.0,233.11212158203125,233.34552001953125,0.9999990463256836,235.3538055419922,266.6121520996094,1.0,192.4169921875,287.0323791503906,0.9999889135360718,253.45730590820312,276.01898193359375,0.9999986886978149
150,209.6154022216797,226.95970153808594,1.0,225.8399658203125,248.6136474609375,1.0,178.96810913085938,247.04615783691406,1.0,164.13626098632812,248.55487060546875,1.0,225.58883666992188,235.50355529785156,1.0,233.3849334716797,234.1780548095703,0.9999994039535522,234.67617797851562,266.6205139160156,1.0,191.6753387451172,287.30322265625,0.99998939037323,252.64683532714844,276.34271240234375,0.9999997615814209
151,209.32281494140625,227.6428985595703,1.0,225.31935119628906,248.48419189453125,1.0,178.9777069091797,247.59872436523438,1.0,163.5201416015625,247.84483337402344,1.0,225.95106506347656,235.96673583984375,1.0,234.194580078125,234.6429443359375,0.9999997615814209,232.76577758789062,267.36883544921875,1.0,191.37765502929688,286.2145080566406,0.9999910593032837,251.39512634277344,277.1620178222656,1.0
152,208.41453552246094,227.52586364746094,1.0,224.38229370117188,248.77696228027344,1.0,178.7542266845703,247.43185424804688,1.0,163.06253051757812,247.73292541503906,1.0,225.94248962402344,236.11380004882812,1.0,234.48289489746094,234.75436401367188,0.9999998807907104,231.38345336914062,268.13641357421875,1.0,190.0555419921875,286.7480773925781,0.999997615814209,250.86199951171875,277.3714599609375,1.0
153,208.3699188232422,227.80027770996094,1.0,223.7954559326172,249.2793731689453,1.0,178.62054443359375,247.37234497070312,1.0,162.81979370117188,247.43289184570312,1.0,225.8945770263672,236.5321807861328,1.0,235.04351806640625,235.45477294921875,0.9999998807907104,230.74655151367188,267.93890380859375,1.0,188.97068786621094,285.96649169921875,0.999998927116394,250.09153747558594,277.64501953125,1.0
154,208.33489990234375,228.06846618652344,1.0,223.27838134765625,249.64801025390625,1.0,178.65489196777344,247.37548828125,1.0,162.61111450195312,247.17369079589844,1.0,225.88787841796875,236.79086303710938,1.0,234.67962646484375,234.94737243652344,0.9999997615814209,230.17459106445312,268.5423583984375,1.0,188.11900329589844,285.72265625,0.9999996423721313,249.66848754882812,277.2723693847656,1.0
155,207.54739379882812,227.9811553955078,1.0,223.0330352783203,249.32789611816406,1.0,177.7733917236328,246.53140258789062,1.0,161.87872314453125,246.96865844726562,1.0,225.81771850585938,236.71412658691406,1.0,235.16995239257812,235.3427734375,0.9999998807907104,229.41452026367188,267.9046325683594,1.0,187.35707092285156,285.6813049316406,0.9999985694885254,249.6403350830078,277.2310791015625,1.0
156,206.06809997558594,226.4359588623047,1.0,222.21051025390625,248.38490295410156,1.0,175.87913513183594,244.60769653320312,1.0,161.0480194091797,245.3837890625,1.0,226.15621948242188,234.9742431640625,1.0,234.91256713867188,234.95733642578125,1.0,228.47537231445312,266.9240417480469,1.0,186.72462463378906,285.494873046875,0.9999979734420776,248.7354278564453,276.4373474121094,1.0
157,205.4580078125,225.9374542236328,1.0,220.95648193359375,248.4007568359375,1.0,175.3554229736328,244.46585083007812,1.0,160.7471160888672,245.4108123779297,1.0,225.5936279296875,234.74838256835938,1.0,234.778564453125,234.11517333984375,1.0,227.26931762695312,266.34320068359375,1.0,185.83497619628906,285.5174865722656,0.9999986886978149,248.7520294189453,276.63043212890625,1.0
158,205.72096252441406,225.66188049316406,0.9999998807907104,221.12461853027344,248.56858825683594,1.0,175.20021057128906,244.22608947753906,1.0,160.68240356445312,245.47923278808594,1.0,225.59033203125,234.83433532714844,1.0,234.7967987060547,234.48388671875,1.0,227.37757873535156,266.3548278808594,1.0,185.5188751220703,285.6752014160156,0.9999979734420776,248.59535217285156,276.9274597167969,1.0
159,205.80372619628906,225.4676513671875,0.9999998807907104,221.18162536621094,248.6657257080078,1.0,175.233642578125,244.09991455078125,1.0,160.56399536132812,245.45156860351562,1.0,225.5545654296875,234.88748168945312,1.0,234.6996612548828,234.38462829589844,1.0,227.49502563476562,266.5191955566406,1.0,185.6690216064453,285.5322265625,0.9999986886978149,248.6209259033203,276.99346923828125,1.0
160,205.6265106201172,225.60743713378906,0.9999998807907104,221.1910400390625,248.62767028808594,1.0,175.29620361328125,244.16970825195312,1.0,160.71334838867188,245.30279541015625,1.0,225.5890350341797,234.7636260986328,1.0,234.75341796875,234.7101287841797,1.0,227.41368103027344,266.3910827636719,1.0,185.46820068359375,285.62615966796875,0.9999971389770508,248.5615997314453,277.0258483886719,1.0
161,205.6327667236328,225.3946990966797,0.9999998807907104,221.06077575683594,248.77383422851562,1.0,175.3680419921875,244.06875610351562,1.0,160.7823486328125,245.19821166992188,1.0,225.5147705078125,234.89976501464844,1.0,234.6449737548828,234.65455627441406,1.0,227.33628845214844,266.4646301269531,1.0,185.29737854003906,285.6763000488281,0.9999970197677612,248.62356567382812,276.71856689453125,1.0
162,205.49087524414062,225.5192413330078,0.9999998807907104,220.39474487304688,248.36680603027344,1.0,174.93357849121094,244.2465362548828,1.0,159.4878692626953,244.73875427246094,1.0,225.777099609375,235.68453979492188,1.0,234.78622436523438,234.8160858154297,1.0,226.44589233398438,266.36163330078125,1.0,184.37998962402344,286.2052307128906,0.9999970197677612,247.88446044921875,276.9615783691406,1.0
163,201.93753051757812,223.70675659179688,1.0,214.2243194580078,247.9417266845703,1.0,171.08230590820312,242.97959899902344,1.0,155.6895751953125,242.96572875976562,1.0,223.15203857421875,236.0327911376953,1.0,234.28167724609375,234.14776611328125,1.0,218.71568298339844,266.6273498535156,1.0,177.88125610351562,286.0153503417969,0.9999994039535522,241.91537475585938,276.2823486328125,1.0
164,199.19400024414062,222.58493041992188,1.0,207.7132568359375,247.06056213378906,1.0,167.5439910888672,242.92837524414062,1.0,152.77342224121094,242.75897216796875,1.0,220.309326171875,235.88478088378906,1.0,232.49966430664062,234.3193817138672,1.0,213.0652313232422,265.22576904296875,1.0,172.77688598632812,286.43939208984375,0.9999992847442627,238.19044494628906,277.5931091308594,1.0
165,198.12855529785156,222.67047119140625,1.0,205.9713134765625,247.12149047851562,1.0,167.2678680419922,242.83572387695312,1.0,152.07789611816406,242.39199829101562,1.0,219.19239807128906,236.3335723876953,1.0,231.76309204101562,234.41542053222656,1.0,211.0089569091797,265.3110046386719,1.0,170.7762451171875,285.94818115234375,0.9999998807907104,236.74038696289062,278.0317077636719,1.0
166,197.4966583251953,223.04505920410156,1.0,204.92002868652344,247.1765594482422,1.0,166.86044311523438,243.22837829589844,1.0,151.96221923828125,242.3962860107422,1.0,218.59400939941406,236.56195068359375,1.0,231.4510955810547,234.5955352783203,1.0,209.69537353515625,265.441650390625,1.0,169.30601501464844,285.5262145996094,0.9999998807907104,236.28211975097656,277.6803894042969,1.0
167,197.533935546875,222.65267944335938,1.0,205.0511474609375,247.29808044433594,1.0,167.04014587402344,242.86859130859375,1.0,151.7379913330078,242.1837615966797,1.0,218.8790740966797,236.53961181640625,1.0,231.38340759277344,234.43507385253906,1.0,209.6457977294922,265.43280029296875,1.0,169.15724182128906,285.1559143066406,0.9999998807907104,236.14691162109375,278.20849609375,1.0
168,197.5738525390625,222.9189453125,1.0,205.36766052246094,247.17735290527344,1.0,167.66873168945312,242.4984588623047,1.0,151.5885772705078,241.6451416015625,1.0,218.97943115234375,236.30459594726562,1.0,231.61317443847656,234.4303741455078,1.0,210.1581268310547,265.30682373046875,1.0,170.01173400878906,285.234619140625,0.9999998807907104,236.3970947265625,278.3912658691406,1.0
169,197.62969970703125,222.67572021484375,1.0,205.9034423828125,247.3344268798828,1.0,167.68565368652344,241.84596252441406,1.0,151.41075134277344,241.63494873046875,1.0,219.3933868408203,235.85501098632812,1.0,231.61085510253906,234.31710815429688,1.0,210.8425750732422,265.0171813964844,1.0,170.5604248046875,285.0472412109375,0.9999998807907104,237.0398712158203,277.55352783203125,1.0
170,199.0260467529297,221.94601440429688,1.0,208.38186645507812,245.9512939453125,1.0,168.23683166503906,241.46217346191406,1.0,151.5410614013672,241.42958068847656,1.0,220.716064453125,235.24258422851562,1.0,232.36825561523438,233.69442749023438,1.0,212.83937072753906,263.00201416015625,1.0,170.74038696289062,284.19415283203125,0.9999998807907104,238.03343200683594,277.47869873046875,1.0
171,200.05438232421875,221.05917358398438,1.0,209.2391357421875,245.06747436523438,1.0,169.29017639160156,240.37449645996094,1.0,152.63845825195312,241.4132080078125,1.0,221.2880401611328,234.49658203125,1.0,233.0684814453125,234.03231811523438,1.0,213.81210327148438,262.421142578125,1.0,171.57066345214844,283.7283630371094,0.9999998807907104,238.37831115722656,277.4544372558594,1.0
172,200.2565155029297,221.2554473876953,1.0,208.90440368652344,244.8419189453125,1.0,169.32472229003906,240.0945587158203,1.0,152.5550994873047,241.2636260986328,1.0,221.1894989013672,234.63778686523438,1.0,232.9290008544922,233.95787048339844,1.0,213.3369140625,262.5653381347656,1.0,171.8443145751953,283.5686950683594,0.9999998807907104,238.34939575195312,277.5775146484375,1.0
173,200.802734375,221.68771362304688,1.0,209.18527221679688,245.19198608398438,1.0,170.30697631835938,240.7480010986328,1.0,153.16749572753906,241.04727172851562,1.0,221.3295135498047,234.67364501953125,1.0,232.8039093017578,233.7230682373047,1.0,213.6710968017578,263.2320556640625,1.0,172.18563842773438,284.0694580078125,0.9999998807907104,238.77745056152344,277.7123718261719,1.0
174,207.0126953125,225.12295532226562,1.0,210.18284606933594,246.20477294921875,1.0,192.515625,243.92808532714844,0.001474572578445077,160.43682861328125,242.39173889160156,1.0,223.86978149414062,240.9260711669922,0.997546374797821,231.57559204101562,236.1609344482422,0.9999997615814209,214.04568481445312,261.9375305175781,1.0,172.2491455078125,283.907958984375,0.9999998807907104,238.81521606445312,278.2273864746094,1.0
175,207.17462158203125,222.79212951660156,1.0,210.23133850097656,243.37669372558594,1.0,179.95030212402344,242.73822021484375,0.0044555566273629665,161.1064453125,238.81991577148438,0.9999998807907104,225.4364471435547,239.50613403320312,0.999782145023346,233.54258728027344,235.59568786621094,0.9999997615814209,214.15904235839844,258.7921142578125,1.0,173.50746154785156,280.2802734375,0.9999998807907104,238.36502075195312,276.8777160644531,1.0
176,205.6514434814453,216.62554931640625,1.0,210.54331970214844,238.49705505371094,1.0,173.39649963378906,234.22781372070312,1.0,159.1072998046875,233.66897583007812,1.0,224.79136657714844,234.091796875,1.0,236.2270965576172,236.00082397460938,1.0,214.0800018310547,255.33143615722656,1.0,174.60365295410156,275.67822265625,1.0,237.93191528320312,274.4447021484375,1.0
177,206.3711395263672,212.92416381835938,1.0,210.7362060546875,235.04127502441406,1.0,173.64564514160156,230.31016540527344,1.0,157.73158264160156,230.30767822265625,1.0,225.5946502685547,230.75518798828125,1.0,237.16098022460938,233.82325744628906,1.0,213.5985107421875,253.121826171875,1.0,173.98619079589844,272.1543884277344,0.9999998807907104,238.2545623779297,272.1748352050781,1.0
178,205.8008575439453,211.05506896972656,1.0,210.73822021484375,233.95907592773438,1.0,173.74551391601562,227.54261779785156,1.0,157.93722534179688,228.33206176757812,1.0,225.0858154296875,229.4241485595703,1.0,236.89678955078125,232.78268432617188,1.0,213.564208984375,251.33261108398438,1.0,173.2307586669922,270.0506591796875,1.0,237.6212158203125,271.2486572265625,1.0
179,205.56033325195312,209.4398956298828,1.0,210.38365173339844,231.66246032714844,1.0,173.21649169921875,226.21498107910156,1.0,157.43524169921875,226.7955322265625,1.0,225.49591064453125,228.55026245117188,1.0,238.0684814453125,232.07711791992188,1.0,213.00376892089844,248.3963623046875,1.0,172.50643920898438,268.1272277832031,1.0,237.80880737304688,269.15997314453125,1.0
180,205.92071533203125,207.71240234375,1.0,210.9705810546875,228.6362762451172,1.0,173.5713653564453,224.6239013671875,1.0,157.3202362060547,224.7777557373047,1.0,225.95355224609375,227.13796997070312,1.0,238.08428955078125,230.627197265625,1.0,212.69528198242188,244.98898315429688,1.0,172.33010864257812,266.26715087890625,1.0,238.00259399414062,267.3638000488281,1.0
181,205.112060546875,206.52037048339844,1.0,209.7517852783203,227.1777801513672,1.0,173.47073364257812,224.3210906982422,1.0,157.0357208251953,224.4841766357422,1.0,225.46041870117188,226.3209228515625,1.0,237.68533325195312,229.12091064453125,1.0,211.8736572265625,243.41464233398438,1.0,172.0667266845703,264.93328857421875,1.0,237.85191345214844,265.406005859375,1.0
182,205.2574005126953,206.25860595703125,1.0,209.5141143798828,226.37232971191406,1.0,173.30319213867188,224.01998901367188,1.0,157.031494140625,224.01283264160156,1.0,225.58082580566406,226.0167236328125,1.0,237.63409423828125,228.51063537597656,1.0,211.59397888183594,242.18626403808594,1.0,171.88064575195312,264.1194152832031,1.0,237.65704345703125,264.90399169921875,1.0
183,204.84066772460938,207.55108642578125,1.0,208.5321807861328,227.66482543945312,1.0,172.7872314453125,225.3214111328125,1.0,156.92779541015625,224.30441284179688,1.0,225.67970275878906,227.03768920898438,1.0,237.90365600585938,229.90965270996094,1.0,210.600341796875,243.82855224609375,1.0,171.19493103027344,265.6817321777344,1.0,237.20948791503906,265.8625183105469,1.0
184,202.4085693359375,210.17173767089844,1.0,206.94149780273438,231.19236755371094,1.0,171.40504455566406,227.84768676757812,1.0,155.89271545410156,228.68801879882812,1.0,223.70335388183594,229.3017578125,1.0,236.4877166748047,231.5780029296875,1.0,209.67535400390625,247.83424377441406,1.0,169.5600128173828,268.2257995605469,1.0,235.01145935058594,268.2807922363281,1.0
185,202.6390838623047,211.66781616210938,1.0,206.96176147460938,233.02157592773438,1.0,170.94117736816406,228.8299560546875,1.0,155.09141540527344,229.0877685546875,1.0,223.66151428222656,230.29483032226562,1.0,236.03236389160156,232.77203369140625,1.0,209.340087890625,249.3079376220703,1.0,168.83575439453125,269.4198913574219,1.0,234.35304260253906,269.8062744140625,1.0
186,201.5345916748047,212.06680297851562,1.0,206.0393829345703,233.64846801757812,1.0,170.71878051757812,229.74497985839844,1.0,155.2890167236328,229.8087615966797,1.0,222.6087188720703,230.65850830078125,1.0,235.50157165527344,233.1672821044922,1.0,208.4974822998047,250.45106506347656,1.0,168.503662109375,270.2802734375,1.0,233.85650634765625,270.7864685058594,1.0
187,201.5419464111328,212.3726043701172,1.0,205.85862731933594,234.46153259277344,1.0,170.98587036132812,230.0770263671875,1.0,155.0205078125,230.11285400390625,1.0,222.07037353515625,231.35028076171875,1.0,235.41993713378906,233.5253448486328,1.0,208.05323791503906,251.1316680908203,1.0,168.65921020507812,270.82177734375,1.0,233.5246124267578,270.98297119140625,1.0
188,201.2821807861328,212.61492919921875,1.0,205.6455078125,234.75437927246094,1.0,170.6559600830078,230.36131286621094,1.0,154.6090087890625,230.6995391845703,1.0,222.10403442382812,231.45877075195312,1.0,235.64315795898438,233.7289276123047,1.0,207.9114227294922,251.35671997070312,1.0,168.67138671875,271.09967041015625,1.0,233.27784729003906,271.6534118652344,1.0
189,201.23379516601562,212.84814453125,1.0,205.7451934814453,234.83370971679688,1.0,170.26832580566406,230.79208374023438,1.0,154.703857421875,230.60934448242188,1.0,222.0770721435547,231.78016662597656,1.0,235.4037628173828,234.00689697265625,1.0,207.89353942871094,251.3557586669922,1.0,168.6933135986328,271.4637145996094,1.0,233.05142211914062,271.945556640625,1.0
190,201.49659729003906,214.78440856933594,1.0,205.6569061279297,235.48968505859375,1.0,170.2299041748047,234.04953002929688,1.0,154.87445068359375,232.83059692382812,1.0,222.1696319580078,233.43743896484375,1.0,235.16848754882812,234.54397583007812,1.0,207.89437866210938,252.40821838378906,1.0,169.1409912109375,273.3069763183594,1.0,233.49603271484375,272.6816711425781,1.0
191,203.3482666015625,220.306884765625,1.0,205.63768005371094,240.05882263183594,1.0,170.79762268066406,240.10728454589844,0.6625248193740845,155.220458984375,235.42637634277344,1.0,224.18565368652344,239.06626892089844,0.9997645020484924,232.3877410888672,235.43502807617188,1.0,208.57431030273438,254.76246643066406,1.0,170.16964721679688,276.6497802734375,1.0,233.1302490234375,274.6533203125,1.0
192,201.3047332763672,220.99143981933594,1.0,204.89405822753906,240.7742156982422,1.0,170.0138397216797,240.20094299316406,0.9999690055847168,154.77650451660156,236.9005126953125,1.0,220.84906005859375,238.01351928710938,1.0,232.67623901367188,237.6964874267578,1.0,207.0452117919922,256.7333068847656,1.0,168.81280517578125,279.3830871582031,1.0,232.3179931640625,277.4902648925781,1.0
193,199.82598876953125,220.45599365234375,1.0,203.74192810058594,241.5576629638672,1.0,167.62522888183594,238.4457550048828,1.0,152.10826110839844,237.05795288085938,1.0,219.28419494628906,236.9320526123047,1.0,231.9502410888672,237.69705200195312,1.0,206.1384735107422,258.1706237792969,1.0,167.86346435546875,280.2267761230469,1.0,231.36080932617188,277.7837829589844,1.0
194,198.0496826171875,219.72491455078125,1.0,202.59112548828125,242.24703979492188,1.0,165.86280822753906,238.27195739746094,1.0,150.8880157470703,237.32936096191406,1.0,218.0642852783203,236.18006896972656,1.0,230.8983917236328,236.9729461669922,1.0,205.3843231201172,259.3642883300781,1.0,166.56492614746094,280.4984130859375,1.0,230.81285095214844,277.6048583984375,1.0
195,196.63059997558594,220.33151245117188,1.0,201.53070068359375,242.49005126953125,1.0,164.86672973632812,238.4353790283203,1.0,149.74908447265625,237.5804443359375,1.0,217.8885498046875,236.21133422851562,1.0,230.73545837402344,236.65921020507812,1.0,204.0090789794922,260.2074279785156,1.0,164.4143524169922,280.73797607421875,1.0,230.1734619140625,277.9569091796875,1.0
196,195.175048828125,220.89805603027344,1.0,199.94415283203125,242.64866638183594,1.0,163.1687469482422,238.3233184814453,1.0,148.61669921875,238.37571716308594,1.0,216.2984161376953,236.00238037109375,1.0,229.5015869140625,236.47129821777344,1.0,202.09735107421875,260.57989501953125,1.0,163.1479034423828,281.6904602050781,1.0,229.14898681640625,277.67108154296875,1.0
197,191.19207763671875,220.79150390625,1.0,196.08741760253906,244.60183715820312,1.0,160.81121826171875,239.5115509033203,1.0,146.32467651367188,240.08212280273438,1.0,213.11276245117188,236.3846893310547,1.0,227.37857055664062,236.67689514160156,1.0,198.29725646972656,261.6859130859375,1.0,160.62611389160156,282.5068054199219,1.0,226.69223022460938,278.2840270996094,1.0
198,188.21365356445312,221.60108947753906,1.0,192.79281616210938,244.99913024902344,1.0,159.62586975097656,240.17666625976562,1.0,144.6799774169922,240.47064208984375,1.0,210.94813537597656,236.6204376220703,1.0,225.4535675048828,236.33636474609375,1.0,195.53121948242188,262.59197998046875,1.0,157.98397827148438,282.6936340332031,1.0,225.3809356689453,278.86724853515625,1.0
199,187.1764678955078,222.2394561767578,1.0,191.18788146972656,245.4796142578125,1.0,159.2660675048828,240.98141479492188,1.0,143.99363708496094,240.67587280273438,1.0,210.66514587402344,236.99722290039062,1.0,224.76275634765625,236.38577270507812,1.0,193.98648071289062,263.264892578125,1.0,156.3600616455078,283.3047180175781,1.0,224.12806701660156,278.87249755859375,1.0
200,186.80096435546875,222.48118591308594,1.0,190.6045379638672,245.47848510742188,1.0,158.76547241210938,241.05865478515625,1.0,143.14720153808594,240.90231323242188,1.0,210.29449462890625,237.02276611328125,1.0,224.57701110839844,236.3283233642578,1.0,193.2670440673828,263.71820068359375,1.0,155.50086975097656,283.3753967285156,1.0,223.58709716796875,278.8870849609375,1.0
201,186.00416564941406,222.5342559814453,1.0,189.64453125,245.71971130371094,1.0,158.72080993652344,241.34658813476562,1.0,143.05099487304688,240.8758544921875,1.0,209.8683624267578,236.8162384033203,1.0,223.77099609375,236.0836639404297,1.0,192.64512634277344,263.8355712890625,1.0,155.37326049804688,283.59161376953125,1.0,223.1316680908203,278.5538024902344,1.0
202,185.90158081054688,222.63739013671875,1.0,189.60227966308594,246.29579162597656,1.0,158.50302124023438,241.41537475585938,1.0,142.74273681640625,241.18057250976562,1.0,209.4500732421875,236.9078826904297,1.0,223.27886962890625,236.21681213378906,1.0,192.15586853027344,264.11956787109375,1.0,154.06161499023438,283.94964599609375,1.0,222.5411834716797,279.044921875,1.0
203,185.14659118652344,222.4883270263672,1.0,188.3845977783203,246.6006317138672,1.0,158.2288818359375,241.23239135742188,1.0,142.42599487304688,240.96458435058594,1.0,209.00296020507812,236.9712677001953,1.0,222.98643493652344,235.97787475585938,1.0,191.01954650878906,264.8197937011719,1.0,153.43295288085938,283.9937438964844,1.0,221.5795440673828,279.0931396484375,1.0
204,184.63890075683594,222.23863220214844,1.0,187.67422485351562,246.80442810058594,1.0,157.6175994873047,241.10714721679688,1.0,142.5126190185547,241.12319946289062,1.0,209.28326416015625,237.20616149902344,1.0,223.17333984375,236.477783203125,1.0,190.4490509033203,265.2450866699219,1.0,152.99964904785156,283.74127197265625,1.0,220.79940795898438,278.8106994628906,1.0
205,184.52748107910156,222.44451904296875,1.0,187.38699340820312,246.87469482421875,1.0,157.59828186035156,241.1986083984375,1.0,142.6571807861328,240.98780822753906,1.0,209.3050994873047,237.40557861328125,1.0,223.10911560058594,236.5338592529297,1.0,190.13912963867188,265.330810546875,1.0,152.86561584472656,283.5159606933594,1.0,220.54183959960938,278.8497314453125,1.0
206,184.3940887451172,222.4124755859375,1.0,186.8503875732422,246.76930236816406,1.0,157.30467224121094,241.1162109375,1.0,141.92596435546875,241.16165161132812,1.0,209.1197509765625,237.3539581298828,1.0,222.9156951904297,236.33123779296875,1.0,189.83738708496094,265.08685302734375,1.0,152.7942657470703,283.4493103027344,1.0,220.34178161621094,279.0370788574219,1.0
207,184.16744995117188,222.58004760742188,1.0,186.30816650390625,247.24160766601562,1.0,157.31455993652344,241.1923065185547,1.0,142.183349609375,241.19235229492188,1.0,209.49130249023438,237.28750610351562,1.0,222.65469360351562,236.50039672851562,1.0,189.35340881347656,265.131103515625,1.0,152.0870361328125,283.51153564453125,1.0,220.18272399902344,279.0440368652344,1.0
208,183.8433837890625,222.53909301757812,1.0,185.8690643310547,247.317626953125,1.0,157.08090209960938,241.30471801757812,1.0,142.02041625976562,241.21278381347656,1.0,209.24623107910156,237.25306701660156,1.0,222.39585876464844,236.48367309570312,1.0,189.1339569091797,265.1145935058594,1.0,151.53335571289062,283.43572998046875,1.0,219.7306671142578,279.1319580078125,1.0
209,183.589599609375,222.58973693847656,1.0,185.7804412841797,247.35494995117188,1.0,156.9618682861328,241.3026123046875,1.0,141.56044006347656,241.46539306640625,1.0,209.10704040527344,237.36085510253906,1.0,222.31756591796875,236.46519470214844,1.0,188.96644592285156,265.26495361328125,1.0,151.4770965576172,283.55133056640625,1.0,219.68394470214844,279.208984375,1.0
210,181.9835662841797,223.11119079589844,1.0,183.29977416992188,247.87904357910156,1.0,155.47564697265625,241.67433166503906,1.0,140.3141326904297,241.7750701904297,1.0,208.00050354003906,238.0513458251953,1.0,221.41497802734375,236.51687622070312,1.0,186.52981567382812,265.03369140625,1.0,150.18695068359375,283.88775634765625,1.0,218.33465576171875,279.2515869140625,1.0
211,174.55699157714844,223.83990478515625,1.0,176.7165985107422,250.14816284179688,1.0,150.36512756347656,244.17771911621094,1.0,136.1759490966797,244.22711181640625,1.0,203.4340057373047,238.5326690673828,1.0,217.56004333496094,235.42579650878906,1.0,180.39553833007812,266.4748840332031,1.0,146.54490661621094,285.40533447265625,0.9999998807907104,214.27841186523438,279.55255126953125,1.0
212,172.37550354003906,225.0704345703125,1.0,173.69224548339844,250.7832794189453,1.0,148.27325439453125,245.09584045410156,1.0,134.74533081054688,244.94140625,1.0,200.50289916992188,239.75938415527344,1.0,215.4630584716797,235.34588623046875,1.0,176.42755126953125,267.55010986328125,1.0,144.37869262695312,285.8713684082031,0.9999997615814209,210.56002807617188,280.6083984375,1.0
213,170.81773376464844,224.94541931152344,1.0,171.5824432373047,251.06634521484375,1.0,147.4367218017578,245.62335205078125,1.0,133.8257598876953,244.89761352539062,1.0,199.5663299560547,239.9660186767578,1.0,214.85777282714844,235.28915405273438,1.0,174.6444091796875,268.0776672363281,1.0,142.5510711669922,285.8527526855469,0.9999998807907104,208.8439178466797,280.7344665527344,1.0
214,169.6982879638672,225.05003356933594,1.0,170.53878784179688,251.29562377929688,1.0,146.70849609375,245.56858825683594,1.0,133.45291137695312,245.2158966064453,1.0,199.14173889160156,240.13943481445312,1.0,214.44029235839844,235.45559692382812,1.0,173.80975341796875,268.3348388671875,1.0,140.6295623779297,285.8087158203125,0.9999997615814209,207.93505859375,280.70770263671875,1.0
215,168.26295471191406,225.52212524414062,1.0,167.8727264404297,251.58743286132812,1.0,146.17507934570312,245.71421813964844,1.0,132.2585906982422,245.16725158691406,1.0,198.2831268310547,240.32244873046875,1.0,213.64566040039062,235.40036010742188,1.0,171.16412353515625,268.585693359375,1.0,139.20501708984375,285.64642333984375,0.9999996423721313,206.694091796875,280.13128662109375,1.0
216,165.1438751220703,225.87132263183594,1.0,163.2489776611328,252.48387145996094,1.0,143.2567138671875,246.33982849121094,1.0,129.0924072265625,245.50062561035156,1.0,195.0274658203125,240.45640563964844,1.0,210.5613555908203,235.5847625732422,1.0,165.8365020751953,269.2721862792969,1.0,135.9720916748047,285.45562744140625,0.9999998807907104,202.94261169433594,280.47344970703125,1.0
217,158.2968292236328,226.42733764648438,1.0,155.7018585205078,253.3253173828125,1.0,137.66094970703125,245.4300079345703,1.0,125.0005111694336,244.837158203125,1.0,188.90921020507812,240.115478515625,1.0,203.946533203125,235.67526245117188,1.0,157.18943786621094,271.0737609863281,1.0,129.21376037597656,284.7616882324219,1.0,196.87451171875,280.1046447753906,1.0
218,154.98439025878906,225.13502502441406,1.0,150.13755798339844,253.1776580810547,1.0,135.49032592773438,245.49339294433594,1.0,123.44976043701172,244.84754943847656,1.0,185.75816345214844,240.85438537597656,1.0,201.28546142578125,236.2570037841797,1.0,151.4866180419922,271.3313293457031,1.0,125.3304214477539,285.2685241699219,0.9999998807907104,190.3761749267578,281.8298645019531,1.0
219,153.77560424804688,225.0635528564453,1.0,148.7412872314453,253.21983337402344,1.0,135.06431579589844,245.58888244628906,1.0,122.56559753417969,245.51075744628906,1.0,185.15896606445312,240.68870544433594,1.0,200.6267547607422,236.3286895751953,1.0,149.78651428222656,270.9152526855469,1.0,124.24894714355469,284.7895812988281,0.9999998807907104,189.101806640625,282.280029296875,1.0
220,152.9832000732422,225.18917846679688,1.0,148.00624084472656,253.05850219726562,1.0,134.7939453125,245.52976989746094,1.0,122.28984832763672,245.59869384765625,1.0,184.8925018310547,241.09608459472656,1.0,200.44773864746094,236.2261199951172,1.0,148.69554138183594,270.88232421875,1.0,123.35672760009766,284.7198486328125,0.9999998807907104,188.3690948486328,282.254150390625,1.0
221,152.5839385986328,225.01455688476562,1.0,147.3195037841797,253.41091918945312,1.0,134.2903289794922,245.18408203125,1.0,122.01089477539062,246.0670623779297,1.0,184.28549194335938,241.0679473876953,1.0,199.87852478027344,236.18084716796875,1.0,147.3287811279297,271.4324645996094,1.0,121.44013977050781,284.3951721191406,1.0,187.19100952148438,281.97186279296875,1.0
222,152.19117736816406,224.74533081054688,1.0,146.49069213867188,253.30050659179688,1.0,134.19241333007812,244.44485473632812,1.0,121.9063720703125,245.85006713867188,1.0,184.16952514648438,241.0775604248047,1.0,199.92649841308594,236.163818359375,1.0,146.31455993652344,271.4359436035156,1.0,120.77440643310547,284.1884460449219,1.0,186.42539978027344,281.663818359375,1.0
223,151.96005249023438,224.73228454589844,1.0,146.44671630859375,253.3743896484375,1.0,134.0210418701172,244.572265625,1.0,121.75198364257812,245.7291717529297,1.0,183.9498748779297,241.06520080566406,1.0,199.82052612304688,236.21173095703125,1.0,146.18045043945312,271.6482238769531,1.0,120.64603424072266,284.3689880371094,1.0,186.6318817138672,281.8845520019531,1.0
224,151.5829315185547,224.821044921875,1.0,146.29531860351562,253.47889709472656,1.0,133.87893676757812,244.7642364501953,1.0,121.57992553710938,246.18788146972656,1.0,183.7258758544922,241.10067749023438,1.0,199.65521240234375,236.35903930664062,1.0,145.82371520996094,271.88922119140625,1.0,120.62069702148438,284.3603515625,1.0,186.32395935058594,281.8502197265625,1.0
225,151.15792846679688,224.67291259765625,1.0,144.8716278076172,253.7391357421875,1.0,133.20545959472656,244.61239624023438,1.0,121.33720397949219,245.79933166503906,1.0,183.4398651123047,241.2763214111328,1.0,199.369384765625,236.2845458984375,1.0,144.48558044433594,272.2913818359375,1.0,119.45366668701172,284.4670104980469,1.0,185.70333862304688,282.2657165527344,1.0
226,150.1420135498047,224.9317169189453,1.0,142.99864196777344,253.70948791503906,1.0,132.69691467285156,244.5313720703125,1.0,121.1241226196289,245.8435516357422,1.0,182.38580322265625,241.5937042236328,1.0,198.1348876953125,236.60731506347656,1.0,142.29505920410156,273.1291809082031,1.0,118.00130462646484,283.9961853027344,1.0,183.5210418701172,282.0457458496094,1.0
227,146.79379272460938,224.11672973632812,1.0,138.73587036132812,254.01942443847656,1.0,129.70883178710938,242.82635498046875,1.0,119.46785736083984,245.0333709716797,1.0,178.81715393066406,240.08505249023438,1.0,193.45486450195312,236.02944946289062,1.0,136.76541137695312,272.4853515625,1.0,114.93006134033203,283.05572509765625,1.0,180.18392944335938,281.30218505859375,1.0
228,142.82586669921875,224.2364501953125,1.0,133.68484497070312,253.19004821777344,1.0,126.79540252685547,242.68890380859375,1.0,117.83021545410156,245.40138244628906,1.0,174.89698791503906,239.94741821289062,1.0,190.55419921875,236.22361755371094,1.0,130.9359130859375,271.74951171875,1.0,111.19145965576172,282.88311767578125,0.9999998807907104,173.7875518798828,281.962890625,1.0
229,141.45046997070312,223.55894470214844,1.0,131.0567169189453,252.5885772705078,1.0,125.04747772216797,242.75039672851562,1.0,116.38886260986328,245.96273803710938,1.0,172.9371795654297,240.4852294921875,1.0,188.5471649169922,236.76953125,1.0,127.7421875,271.5988464355469,1.0,108.32766723632812,282.1996765136719,0.9999998807907104,171.58413696289062,282.2950439453125,1.0
230,140.86915588378906,223.58436584472656,1.0,130.07601928710938,253.0642852783203,1.0,124.819580078125,242.2654266357422,1.0,116.14427185058594,245.03091430664062,1.0,172.51608276367188,240.3600616455078,1.0,187.75732421875,237.04173278808594,1.0,126.82208251953125,271.9010925292969,1.0,107.24285125732422,282.11468505859375,0.9999998807907104,170.8425750732422,282.55792236328125,0.9999998807907104
231,140.0169219970703,223.6067352294922,1.0,129.45216369628906,252.84048461914062,1.0,124.51693725585938,242.681396484375,1.0,115.9627914428711,246.1733856201172,1.0,172.16883850097656,240.0470733642578,1.0,187.384521484375,237.08409118652344,1.0,126.42084503173828,271.8386535644531,1.0,107.205810546875,282.4945373535156,0.9999998807907104,170.27227783203125,282.5908508300781,0.9999997615814209
232,139.0501251220703,223.70118713378906,1.0,128.23069763183594,252.86544799804688,1.0,123.80921936035156,242.97451782226562,1.0,115.74950408935547,246.51589965820312,1.0,170.8756866455078,240.55807495117188,1.0,186.81600952148438,236.97171020507812,1.0,125.45946502685547,271.90533447265625,1.0,106.62742614746094,281.9507141113281,0.9999997615814209,169.22512817382812,282.9351806640625,0.9999998807907104
233,138.2526092529297,223.6287078857422,1.0,126.7326889038086,252.98683166503906,1.0,122.969970703125,242.99571228027344,1.0,114.9095230102539,245.9326629638672,0.9999996423721313,170.0053253173828,240.66893005371094,1.0,185.02505493164062,237.4407196044922,1.0,124.19957733154297,272.1317138671875,1.0,105.85568237304688,281.79010009765625,0.9999996423721313,168.0485382080078,282.6306457519531,0.9999998807907104
234,137.1302490234375,223.67791748046875,1.0,125.39114379882812,253.35504150390625,1.0,122.2891616821289,243.14666748046875,1.0,114.60970306396484,245.7166290283203,0.999996542930603,168.97474670410156,241.12864685058594,1.0,183.93939208984375,237.50697326660156,1.0,121.81756591796875,273.0339050292969,1.0,104.69476318359375,281.6458435058594,0.9999997615814209,166.5297393798828,282.9422302246094,0.9999998807907104
235,134.13333129882812,224.3252410888672,1.0,123.00305938720703,253.5209197998047,1.0,120.74864196777344,244.07089233398438,1.0,112.77982330322266,246.44577026367188,0.9999891519546509,165.9951934814453,241.00201416015625,1.0,180.98439025878906,237.5667724609375,1.0,118.52864837646484,272.8765563964844,1.0,101.78507995605469,281.87939453125,0.9999996423721313,164.4986114501953,282.76849365234375,0.9999998807907104
236,120.9247817993164,224.874755859375,1.0,109.00141906738281,254.66213989257812,0.9999995231628418,109.40019226074219,243.49485778808594,0.22927792370319366,101.79573059082031,244.6300048828125,0.25432324409484863,155.63536071777344,241.44732666015625,0.004444037564098835,165.82028198242188,237.139404296875,1.0,106.61965942382812,273.6435241699219,1.0,93.56382751464844,278.1736145019531,0.9668497443199158,152.21005249023438,281.18939208984375,0.9998537302017212
237,113.44780731201172,225.67115783691406,1.0,99.85253143310547,251.57705688476562,1.0,97.97640991210938,244.41683959960938,0.0067574623972177505,95.40845489501953,247.24966430664062,0.0012414514785632491,143.24319458007812,241.179931640625,0.9999891519546509,156.18226623535156,237.17724609375,1.0,96.10897064208984,272.047119140625,1.0,85.60855102539062,278.0885009765625,0.8297272324562073,140.968505859375,281.2933654785156,0.9999970197677612
238,112.80583190917969,225.45745849609375,1.0,98.37279510498047,249.11758422851562,1.0,96.92635345458984,242.34591674804688,0.0015735039487481117,68.60403442382812,238.0435028076172,0.0016263206489384174,140.77647399902344,239.20619201660156,1.0,154.5810546875,235.5742645263672,1.0,93.27947235107422,271.495361328125,1.0,83.49710083007812,277.5341796875,0.05351172760128975,136.7006378173828,280.1442565917969,0.9999982118606567
239,111.6805191040039,225.47093200683594,1.0,97.39817810058594,248.7339324951172,1.0,96.33131408691406,242.63330078125,0.001062699593603611,68.91523742675781,237.86880493164062,0.001743282307870686,140.53274536132812,237.568115234375,1.0,153.95973205566406,235.00360107421875,1.0,92.614990234375,270.959228515625,1.0,82.92277526855469,278.1908874511719,0.156389519572258,136.3423614501953,280.02471923828125,0.9999990463256836
240,111.29176330566406,225.47483825683594,1.0,96.89037322998047,248.61607360839844,1.0,96.19666290283203,242.39427185058594,0.0010485037928447127,68.99507141113281,237.68701171875,0.001280850381590426,140.36521911621094,237.46145629882812,1.0,154.02255249023438,234.4401397705078,1.0,92.34324645996094,270.391357421875,1.0,82.67436981201172,278.4259948730469,0.35517561435699463,135.5555419921875,280.00482177734375,0.9999994039535522
241,114.38845825195312,225.6290283203125,1.0,97.63972473144531,249.04066467285156,1.0,97.59510803222656,241.70640563964844,0.002150626853108406,68.81523895263672,236.99839782714844,0.0011334485607221723,143.1505584716797,239.06358337402344,1.0,158.47216796875,234.74195861816406,1.0,93.25900268554688,271.4583435058594,1.0,83.24307250976562,277.9056701660156,0.19970043003559113,139.80177307128906,280.118408203125,0.9999983310699463
242,127.98184204101562,225.7794189453125,1.0,113.526123046875,253.5344696044922,1.0,112.57430267333984,244.42681884765625,0.9998610019683838,104.51905059814453,245.89141845703125,0.8447667956352234,159.8553924560547,240.4673309326172,1.0,176.56597900390625,236.75048828125,1.0,109.75713348388672,273.3957824707031,1.0,96.27961730957031,280.30035400390625,0.999988317489624,154.07110595703125,282.48089599609375,0.9999974966049194
243,135.90695190429688,224.21392822265625,1.0,123.60803985595703,253.09547424316406,1.0,121.32170867919922,244.21163940429688,1.0,113.6894302368164,246.77232360839844,0.9999978542327881,167.9445343017578,240.42185974121094,1.0,184.1689453125,238.2205810546875,1.0,119.62691497802734,271.5193786621094,1.0,102.50979614257812,281.39471435546875,1.0,162.0696258544922,283.1186218261719,1.0
244,140.6185760498047,225.62464904785156,1.0,129.00148010253906,252.67190551757812,1.0,124.28126525878906,242.7611846923828,1.0,115.64075469970703,246.37423706054688,1.0,172.27667236328125,240.6994171142578,1.0,187.8450927734375,238.7720947265625,1.0,125.37576293945312,270.6551818847656,1.0,105.73629760742188,282.0941467285156,1.0,167.5379180908203,283.784423828125,1.0
245,142.40704345703125,225.87384033203125,1.0,131.32122802734375,252.72373962402344,1.0,125.10847473144531,242.93446350097656,1.0,116.19673156738281,246.369384765625,1.0,173.88461303710938,241.31358337402344,1.0,189.4459686279297,239.06321716308594,1.0,127.59999084472656,270.38787841796875,1.0,107.54228210449219,282.3394775390625,1.0,169.9711456298828,283.7226257324219,0.9999998807907104
246,144.24313354492188,225.56935119628906,1.0,133.0165252685547,252.81332397460938,1.0,126.62848663330078,242.00682067871094,1.0,116.86080169677734,245.19195556640625,1.0,175.7803192138672,240.9428253173828,1.0,190.86883544921875,238.4192352294922,1.0,129.49349975585938,270.1462097167969,1.0,109.15448760986328,282.18341064453125,1.0,171.3506622314453,283.6998596191406,1.0
247,145.88180541992188,224.68482971191406,1.0,135.0158233642578,252.3851318359375,1.0,127.59587097167969,241.5447235107422,1.0,116.97682189941406,244.7563018798828,1.0,177.31964111328125,240.80133056640625,1.0,192.27310180664062,238.44778442382812,1.0,131.13165283203125,269.9495849609375,1.0,110.75189208984375,282.0177001953125,1.0,173.4371795654297,283.60791015625,1.0
248,147.00416564941406,224.29893493652344,1.0,136.67874145507812,252.4016876220703,1.0,128.2494354248047,241.55172729492188,1.0,117.47889709472656,245.1339874267578,1.0,178.10870361328125,240.33212280273438,1.0,193.80557250976562,238.4197540283203,1.0,133.2144317626953,270.0917663574219,1.0,112.17060852050781,281.89166259765625,1.0,174.75379943847656,283.9004821777344,1.0
249,147.74253845214844,224.0748291015625,1.0,137.3409423828125,252.42254638671875,1.0,128.64389038085938,241.3506622314453,1.0,117.54635620117188,245.009765625,1.0,178.7545928955078,240.2633819580078,1.0,194.45303344726562,237.84848022460938,1.0,134.0155029296875,270.25,1.0,112.53584289550781,281.6252746582031,1.0,175.3406982421875,283.8865966796875,1.0
250,148.3579864501953,224.01443481445312,1.0,137.91888427734375,252.44105529785156,1.0,129.06475830078125,241.1009521484375,1.0,117.6741714477539,244.7272491455078,1.0,179.2650604248047,240.17160034179688,1.0,194.98245239257812,237.9026336669922,1.0,134.69546508789062,270.33111572265625,1.0,113.1820068359375,281.5914611816406,1.0,176.1024627685547,283.8802795410156,1.0
251,149.30995178222656,223.6217498779297,1.0,138.77957153320312,252.22479248046875,1.0,129.95738220214844,240.7285614013672,1.0,118.46642303466797,244.64031982421875,1.0,179.9561309814453,240.28355407714844,1.0,195.9220733642578,238.25535583496094,1.0,135.56822204589844,270.6492614746094,1.0,113.84590911865234,281.7486267089844,1.0,176.87860107421875,284.04156494140625,1.0
252,150.8289031982422,222.81805419921875,1.0,139.5776824951172,252.08253479003906,1.0,131.47853088378906,239.46485900878906,1.0,119.42805480957031,241.98562622070312,1.0,180.75112915039062,239.75259399414062,1.0,197.44137573242188,238.06520080566406,1.0,136.9513702392578,271.29827880859375,1.0,114.65867614746094,281.56201171875,1.0,178.49148559570312,283.7638244628906,1.0
253,151.78028869628906,222.65023803710938,1.0,140.65513610839844,252.15870666503906,1.0,132.34422302246094,238.99700927734375,1.0,120.20083618164062,241.40908813476562,1.0,181.63255310058594,239.95819091796875,1.0,198.29098510742188,238.08676147460938,1.0,138.0702667236328,270.8665771484375,1.0,115.4854507446289,281.60833740234375,1.0,178.79713439941406,283.9892578125,1.0
254,152.34255981445312,222.36354064941406,1.0,141.2548065185547,251.96304321289062,1.0,132.5430908203125,238.75332641601562,1.0,120.63435363769531,241.42465209960938,1.0,182.30657958984375,240.26329040527344,1.0,199.01141357421875,238.4605255126953,1.0,138.34445190429688,270.8232727050781,1.0,115.266845703125,281.3926696777344,1.0,179.73867797851562,283.99554443359375,1.0
255,153.69456481933594,221.9016571044922,1.0,141.69158935546875,251.93162536621094,1.0,133.81959533691406,238.01327514648438,1.0,121.8629150390625,239.83436584472656,1.0,183.0447998046875,240.9070587158203,1.0,199.89480590820312,239.5970916748047,1.0,138.831787109375,270.509521484375,1.0,115.46397399902344,280.7191467285156,1.0,179.72003173828125,284.4129943847656,1.0
256,157.9058380126953,221.86769104003906,1.0,143.1273956298828,251.0851593017578,1.0,136.50051879882812,236.4088134765625,1.0,125.49230194091797,235.8448944091797,1.0,185.2166290283203,242.67234802246094,1.0,202.20643615722656,242.06637573242188,1.0,138.75823974609375,270.25286865234375,1.0,115.1583251953125,278.35888671875,1.0,179.6250457763672,285.036376953125,1.0
257,160.34571838378906,221.6967010498047,1.0,144.1028594970703,252.19190979003906,1.0,138.0467529296875,235.70822143554688,1.0,127.8121566772461,234.14022827148438,1.0,186.4768829345703,244.04847717285156,1.0,202.11654663085938,244.02952575683594,1.0,138.8682098388672,270.7254333496094,1.0,115.09107971191406,277.7659606933594,1.0,179.50697326660156,285.78790283203125,1.0
258,161.78285217285156,221.78843688964844,1.0,144.5098419189453,251.71018981933594,1.0,138.66183471679688,234.96580505371094,1.0,128.98159790039062,232.73313903808594,1.0,187.42689514160156,244.3636932373047,1.0,203.19088745117188,244.20375061035156,1.0,138.8911895751953,270.496337890625,1.0,115.10569763183594,277.52899169921875,1.0,179.8345489501953,285.8111267089844,1.0
259,162.2147216796875,221.2705841064453,1.0,144.65028381347656,251.60601806640625,1.0,139.1222381591797,235.04295349121094,1.0,129.38021850585938,232.5670623779297,1.0,187.45098876953125,244.43521118164062,1.0,203.7842559814453,243.79739379882812,1.0,138.74542236328125,270.8193054199219,1.0,115.32179260253906,277.3448791503906,1.0,179.94921875,285.7853698730469,1.0
260,162.5962677001953,221.6088409423828,1.0,145.08151245117188,251.6473846435547,1.0,139.3897247314453,234.9565887451172,1.0,129.87075805664062,232.2001495361328,1.0,187.7733154296875,244.5602569580078,1.0,203.97984313964844,243.99063110351562,1.0,139.2429962158203,270.8389892578125,1.0,115.44561767578125,277.05340576171875,1.0,179.73573303222656,285.79400634765625,1.0
261,163.13633728027344,221.3448944091797,1.0,145.0814971923828,251.1118927001953,1.0,139.83154296875,234.64501953125,1.0,130.39791870117188,232.2339324951172,1.0,188.14578247070312,245.22354125976562,1.0,204.6836395263672,245.5548553466797,1.0,138.70726013183594,270.6860656738281,1.0,115.3487319946289,276.72003173828125,1.0,179.85391235351562,286.0793762207031,1.0
262,163.221923828125,222.45465087890625,1.0,145.00816345214844,251.64891052246094,1.0,140.2426300048828,234.31968688964844,1.0,130.64749145507812,232.35264587402344,1.0,188.28549194335938,245.98422241210938,1.0,204.79177856445312,246.3767547607422,1.0,137.95643615722656,270.9254455566406,1.0,114.95368194580078,276.4078674316406,1.0,179.78399658203125,285.9158935546875,0.9999998807907104
263,163.36387634277344,222.65017700195312,1.0,145.33779907226562,251.59939575195312,1.0,140.02520751953125,234.4480438232422,1.0,130.7554473876953,232.29672241210938,1.0,188.420654296875,246.18458557128906,1.0,204.3947296142578,246.61993408203125,1.0,138.00045776367188,271.3213806152344,1.0,114.7333755493164,275.36431884765625,1.0,179.919921875,285.70758056640625,0.9999997615814209
264,162.96192932128906,221.8900604248047,1.0,145.0413818359375,251.5693359375,1.0,140.5506591796875,234.16848754882812,1.0,130.61810302734375,232.45230102539062,1.0,188.205078125,246.34353637695312,1.0,204.21156311035156,246.66323852539062,1.0,137.80734252929688,271.89324951171875,1.0,114.88805389404297,275.8277282714844,1.0,180.00643920898438,285.7266540527344,0.9999997615814209
265,162.90200805664062,221.96160888671875,1.0,144.86126708984375,251.42263793945312,1.0,140.61456298828125,234.07476806640625,1.0,130.85707092285156,231.93841552734375,1.0,188.6990203857422,246.20166015625,1.0,204.34661865234375,246.77407836914062,1.0,137.62557983398438,271.83709716796875,1.0,114.86094665527344,275.63262939453125,1.0,179.73483276367188,285.8853454589844,0.9999996423721313
266,163.0242919921875,222.1085968017578,1.0,144.98182678222656,251.3784637451172,1.0,140.7529296875,234.05364990234375,1.0,130.87347412109375,231.5373992919922,1.0,188.7748565673828,246.44166564941406,1.0,204.30531311035156,247.0022735595703,1.0,137.59950256347656,271.7640380859375,1.0,114.88516235351562,275.34368896484375,1.0,179.37342834472656,286.0018310546875,0.9999996423721313
267,163.05538940429688,221.88011169433594,1.0,144.76351928710938,251.3979949951172,1.0,140.74586486816406,234.03257751464844,1.0,130.96812438964844,231.49871826171875,1.0,188.83668518066406,246.57435607910156,1.0,204.2559356689453,247.06307983398438,1.0,137.42007446289062,271.5284729003906,1.0,114.72927856445312,275.111328125,1.0,178.98951721191406,285.904052734375,0.9999997615814209
268,162.9830780029297,222.09962463378906,1.0,144.64151000976562,251.64283752441406,1.0,140.69639587402344,234.2064971923828,1.0,130.84451293945312,231.6650848388672,1.0,188.2351837158203,246.7809600830078,1.0,204.41978454589844,247.11514282226562,1.0,137.38719177246094,271.67291259765625,1.0,114.84720611572266,275.2808837890625,1.0,178.7858428955078,285.8672180175781,0.9999996423721313
269,163.1887969970703,222.0157012939453,1.0,144.35617065429688,251.41488647460938,1.0,140.8770294189453,234.2061004638672,1.0,131.06211853027344,231.02159118652344,1.0,188.29566955566406,246.8544921875,1.0,204.4868621826172,247.17344665527344,1.0,137.01600646972656,271.5076599121094,1.0,114.73131561279297,275.3988952636719,1.0,178.8855743408203,285.83917236328125,0.9999996423721313
270,163.16363525390625,222.02801513671875,1.0,144.44552612304688,251.30087280273438,1.0,140.99575805664062,234.06192016601562,1.0,131.35325622558594,230.98843383789062,1.0,188.27638244628906,246.88088989257812,1.0,204.485107421875,247.34999084472656,1.0,136.9348602294922,271.4064025878906,1.0,114.69866180419922,275.4058837890625,1.0,178.7404327392578,285.9543762207031,0.9999996423721313
271,163.13314819335938,221.94920349121094,1.0,144.3329315185547,251.45664978027344,1.0,140.94349670410156,233.98593139648438,1.0,131.35906982421875,230.71823120117188,1.0,188.2962188720703,246.95977783203125,1.0,204.57061767578125,247.43414306640625,1.0,136.8264617919922,271.21795654296875,1.0,114.50344848632812,275.343505859375,1.0,178.48342895507812,286.1241149902344,0.9999995231628418
272,163.5520477294922,221.91571044921875,1.0,144.7632293701172,251.2194366455078,1.0,141.52587890625,233.9242706298828,1.0,131.64476013183594,230.76962280273438,1.0,188.54019165039062,246.98727416992188,1.0,204.6114501953125,247.51153564453125,1.0,137.01788330078125,271.3494873046875,1.0,114.51420593261719,275.31182861328125,1.0,178.35780334472656,286.1669921875,0.9999996423721313
273,164.10855102539062,221.6749725341797,1.0,144.85269165039062,250.76768493652344,1.0,141.71633911132812,233.6680145263672,1.0,131.19003295898438,230.6598663330078,1.0,188.4202880859375,247.06646728515625,1.0,204.629150390625,247.62783813476562,1.0,136.82278442382812,271.17388916015625,1.0,114.70240783691406,275.2620544433594,1.0,178.1560821533203,286.2805480957031,0.9999996423721313
274,164.05235290527344,221.56741333007812,1.0,145.40109252929688,250.75144958496094,1.0,141.8467559814453,233.6727752685547,1.0,131.18942260742188,230.72650146484375,1.0,188.66111755371094,246.97682189941406,1.0,204.67044067382812,247.6494598388672,1.0,137.15272521972656,271.46063232421875,1.0,114.95531463623047,275.3488464355469,1.0,178.271728515625,286.2476806640625,0.9999995231628418
275,164.09771728515625,221.6763153076172,1.0,145.5047607421875,250.7786865234375,1.0,142.00559997558594,233.6879425048828,1.0,131.3870391845703,230.96543884277344,1.0,188.8209991455078,246.91526794433594,1.0,204.88612365722656,247.67227172851562,1.0,137.27029418945312,271.0850830078125,1.0,114.96623229980469,275.12762451171875,1.0,178.4344940185547,286.1612243652344,0.9999996423721313
276,164.59898376464844,221.87181091308594,1.0,145.62493896484375,251.07395935058594,1.0,142.54849243164062,233.65379333496094,1.0,131.78262329101562,230.64320373535156,1.0,189.28550720214844,246.95855712890625,1.0,205.42947387695312,247.88436889648438,1.0,137.5772247314453,271.0843811035156,1.0,115.13655853271484,275.1993103027344,1.0,178.47499084472656,286.1818542480469,0.9999996423721313
277,165.36553955078125,221.59735107421875,1.0,146.62380981445312,250.77479553222656,1.0,142.96873474121094,233.50961303710938,1.0,131.91769409179688,230.62379455566406,1.0,190.2428741455078,247.05958557128906,1.0,206.06350708007812,247.61669921875,1.0,137.9758758544922,270.9122009277344,1.0,115.83712768554688,274.8605651855469,1.0,178.68736267089844,286.16717529296875,0.9999997615814209
278,169.25552368164062,222.01467895507812,1.0,148.8547821044922,250.93055725097656,1.0,146.4390869140625,232.50473022460938,1.0,134.875732421875,227.98165893554688,1.0,193.7572021484375,246.38417053222656,1.0,210.11062622070312,247.948974609375,1.0,140.38690185546875,270.50537109375,1.0,117.79174041748047,274.03857421875,1.0,181.73545837402344,286.3821716308594,0.9999998807907104
279,171.08551025390625,222.1773681640625,1.0,151.75914001464844,250.57078552246094,1.0,148.08395385742188,232.38465881347656,1.0,136.28054809570312,228.38075256347656,1.0,196.51573181152344,246.75038146972656,1.0,212.61329650878906,248.306640625,1.0,144.7987060546875,268.25775146484375,1.0,120.65857696533203,271.4612121582031,1.0,184.38186645507812,286.22320556640625,0.9999998807907104
280,174.447265625,222.40382385253906,1.0,155.87754821777344,250.1421356201172,1.0,150.9676055908203,232.2200469970703,1.0,138.3169708251953,228.7528839111328,1.0,198.55490112304688,247.44287109375,1.0,215.02684020996094,248.3341827392578,1.0,148.8609161376953,267.0879211425781,1.0,122.64640045166016,271.506103515625,1.0,186.42727661132812,286.1394348144531,0.9999998807907104
281,178.446044921875,222.4947967529297,1.0,159.90003967285156,249.9896240234375,1.0,153.66900634765625,231.94863891601562,1.0,139.4509735107422,228.71044921875,1.0,201.35055541992188,246.4397735595703,1.0,217.2318115234375,247.7281951904297,1.0,153.88064575195312,267.48162841796875,1.0,125.59542083740234,272.3124084472656,1.0,189.68011474609375,286.5863037109375,1.0
282,188.76112365722656,223.9125518798828,1.0,174.85061645507812,249.07542419433594,0.9999998807907104,159.5105743408203,230.97793579101562,1.0,146.31130981445312,226.6693878173828,1.0,210.5207061767578,246.7460479736328,1.0,225.17735290527344,247.24429321289062,1.0,167.02597045898438,267.7064514160156,0.9999998807907104,132.3145751953125,269.1341857910156,1.0,197.1031036376953,284.931396484375,0.9999996423721313
283,201.30148315429688,220.9798126220703,1.0,190.67889404296875,246.29644775390625,1.0,171.822021484375,230.97276306152344,1.0,155.8360137939453,227.36447143554688,1.0,221.613525390625,245.51390075683594,1.0,234.37474060058594,247.9568328857422,1.0,185.92054748535156,261.9045715332031,1.0,146.467041015625,271.39434814453125,1.0,212.65391540527344,284.96136474609375,1.0
284,207.00804138183594,221.72584533691406,1.0,198.69989013671875,245.25933837890625,1.0,175.78953552246094,230.68734741210938,1.0,160.45645141601562,226.17755126953125,1.0,225.18234252929688,246.57806396484375,1.0,238.31227111816406,248.95094299316406,1.0,195.26181030273438,261.3048095703125,1.0,153.6373291015625,272.6470642089844,1.0,220.35317993164062,284.6698913574219,1.0
285,209.92996215820312,221.27857971191406,1.0,203.0022430419922,244.78170776367188,1.0,177.91978454589844,231.13116455078125,1.0,162.68153381347656,227.64195251464844,1.0,227.90530395507812,246.1143341064453,1.0,240.83995056152344,248.95018005371094,1.0,199.8643035888672,260.3597717285156,1.0,157.85964965820312,271.9331970214844,1.0,224.71881103515625,284.9808044433594,1.0
286,211.3935089111328,221.83169555664062,1.0,207.45057678222656,244.20819091796875,1.0,179.49847412109375,230.7581329345703,1.0,164.51669311523438,228.2689971923828,1.0,230.07882690429688,244.88523864746094,1.0,242.5781707763672,248.6067352294922,1.0,204.60240173339844,259.42083740234375,1.0,161.3174591064453,272.3135070800781,1.0,228.133056640625,284.4504699707031,1.0
287,213.86207580566406,221.46485900878906,1.0,210.27578735351562,244.1342010498047,1.0,181.3840789794922,231.0516357421875,1.0,166.0996551513672,228.22427368164062,1.0,231.40103149414062,244.72959899902344,1.0,243.55752563476562,248.6139678955078,1.0,207.841796875,259.3051452636719,1.0,163.9822540283203,272.4661865234375,1.0,231.02554321289062,284.3150634765625,1.0
288,215.5831298828125,221.52890014648438,1.0,212.46397399902344,244.55714416503906,1.0,181.94427490234375,230.87356567382812,1.0,166.71421813964844,227.25222778320312,1.0,231.77883911132812,244.65609741210938,1.0,244.4453887939453,248.19998168945312,1.0,210.3748779296875,260.00341796875,1.0,165.3370819091797,272.70050048828125,1.0,232.68516540527344,283.9540710449219,1.0
289,218.801025390625,221.34339904785156,1.0,217.33303833007812,243.8949737548828,1.0,185.7373046875,230.19728088378906,1.0,168.9916229248047,227.10397338867188,1.0,234.15829467773438,243.84915161132812,1.0,245.59732055664062,247.5677490234375,1.0,215.02711486816406,259.41571044921875,1.0,170.40505981445312,271.4903869628906,1.0,235.4716796875,283.35272216796875,1.0
290,225.04452514648438,221.28199768066406,1.0,226.22848510742188,242.19833374023438,1.0,190.99847412109375,230.16839599609375,1.0,174.88192749023438,226.14956665039062,1.0,238.16073608398438,242.9341583251953,1.0,247.69244384765625,246.557373046875,1.0,224.389404296875,257.5061950683594,1.0,177.8093719482422,271.26275634765625,1.0,242.4844207763672,282.2096862792969,1.0
291,226.71873474121094,220.09414672851562,1.0,228.97824096679688,240.52069091796875,1.0,192.69302368164062,229.03933715820312,1.0,177.2642364501953,225.6649169921875,1.0,239.84521484375,242.25904846191406,1.0,249.70021057128906,245.59176635742188,1.0,227.83689880371094,257.0431823730469,1.0,181.77548217773438,271.64886474609375,1.0,245.71054077148438,281.7548522949219,1.0
292,228.1990966796875,219.9817352294922,1.0,230.7514190673828,240.7178955078125,1.0,193.9156494140625,228.89663696289062,1.0,178.1074981689453,225.65188598632812,1.0,240.58929443359375,242.16648864746094,1.0,249.7315673828125,245.47972106933594,1.0,229.59161376953125,257.4808654785156,1.0,183.32135009765625,271.24530029296875,1.0,246.15869140625,281.680419921875,1.0
293,228.92385864257812,220.15499877929688,1.0,231.5748291015625,240.53970336914062,1.0,194.31793212890625,228.96826171875,1.0,178.4381103515625,225.7434844970703,1.0,240.60594177246094,241.26177978515625,1.0,250.1139373779297,245.6714630126953,1.0,230.60140991210938,257.0673828125,1.0,183.85610961914062,271.4114685058594,1.0,247.03900146484375,282.2906188964844,1.0
294,229.8158416748047,220.44146728515625,1.0,232.15306091308594,240.57403564453125,1.0,194.8152618408203,228.71522521972656,1.0,178.8065643310547,225.70274353027344,1.0,240.82107543945312,241.30287170410156,1.0,250.17291259765625,245.52920532226562,1.0,231.24789428710938,257.042724609375,1.0,184.2298126220703,271.34796142578125,1.0,247.27651977539062,282.1099548339844,1.0
295,230.0060577392578,220.77017211914062,1.0,232.75628662109375,240.5427703857422,1.0,194.7209930419922,228.65032958984375,1.0,178.59642028808594,225.98886108398438,1.0,241.21495056152344,241.3321075439453,1.0,250.72506713867188,245.6756134033203,1.0,231.90538024902344,256.82763671875,1.0,184.19345092773438,271.259033203125,1.0,247.51126098632812,281.8950500488281,1.0
296,231.1528778076172,220.730224609375,1.0,233.423583984375,240.50064086914062,1.0,195.69822692871094,227.9921875,1.0,178.98812866210938,225.7224884033203,1.0,241.5890350341797,240.86024475097656,1.0,250.77737426757812,245.10507202148438,1.0,232.630859375,256.6781921386719,1.0,184.6340789794922,271.0162658691406,0.9999998807907104,247.77377319335938,281.5296630859375,1.0
297,231.23622131347656,220.3912353515625,1.0,233.6654815673828,240.0504913330078,1.0,195.49220275878906,227.28677368164062,1.0,178.86642456054688,225.1461639404297,1.0,241.9141387939453,240.7252197265625,1.0,250.86476135253906,245.05487060546875,1.0,233.1067657470703,256.0567321777344,1.0,184.70321655273438,270.38909912109375,1.0,247.6929473876953,281.4907531738281,1.0
298,230.875244140625,220.07447814941406,1.0,233.79965209960938,239.2836456298828,1.0,194.71224975585938,226.892333984375,1.0,178.42274475097656,224.83837890625,1.0,242.20091247558594,240.15342712402344,1.0,251.0169219970703,244.01889038085938,1.0,233.50149536132812,255.2481689453125,1.0,184.6149139404297,270.0148620605469,0.9999998807907104,247.903076171875,281.0504455566406,0.9999998807907104
299,231.0489044189453,216.8337860107422,1.0,234.37005615234375,235.8142852783203,1.0,194.51324462890625,224.20419311523438,1.0,177.62857055664062,223.0688934326172,1.0,243.27076721191406,237.8523712158203,0.9999905824661255,251.8477020263672,241.64756774902344,0.9999620914459229,234.05740356445312,251.7378387451172,1.0,185.91506958007812,267.1078186035156,1.0,247.8008575439453,278.27978515625,1.0
300,229.37039184570312,214.2461395263672,1.0,233.78082275390625,232.54237365722656,1.0,193.16029357910156,223.19650268554688,1.0,177.30348205566406,220.9645538330078,1.0,242.6101531982422,235.1719207763672,0.9998836517333984,250.747802734375,239.04104614257812,0.9976677298545837,233.27313232421875,249.32334899902344,1.0,185.66445922851562,265.51116943359375,1.0,247.69627380371094,275.5312805175781,1.0
301,229.58810424804688,213.9825897216797,1.0,233.95240783691406,232.1471405029297,1.0,192.95716857910156,223.20359802246094,1.0,176.82693481445312,220.8592071533203,1.0,242.9149627685547,234.87803649902344,0.9986801743507385,251.07127380371094,239.23361206054688,0.9906387329101562,233.421875,248.7373504638672,1.0,185.1997833251953,265.26300048828125,1.0,247.49220275878906,275.5072937011719,1.0
302,229.07427978515625,213.8146209716797,1.0,233.60382080078125,231.78250122070312,1.0,192.84368896484375,222.96205139160156,1.0,176.8507537841797,220.5863494873047,1.0,242.72796630859375,234.74925231933594,0.9996843338012695,250.8836669921875,239.39418029785156,0.998416543006897,233.11830139160156,248.1604766845703,1.0,185.10397338867188,265.3628234863281,1.0,247.50814819335938,275.23919677734375,1.0
303,228.99676513671875,214.15328979492188,1.0,232.96034240722656,231.97348022460938,1.0,192.67811584472656,223.2281036376953,1.0,176.62252807617188,220.77305603027344,1.0,242.64170837402344,235.32046508789062,0.9999285936355591,250.980712890625,239.75535583496094,0.999576985836029,232.6947021484375,248.40170288085938,1.0,185.1050567626953,265.60260009765625,1.0,247.5252227783203,275.4257507324219,1.0
304,227.99671936035156,215.1038360595703,1.0,231.59622192382812,233.72183227539062,1.0,192.9627685546875,224.8993377685547,1.0,176.7329864501953,221.37738037109375,1.0,241.60092163085938,236.3376007080078,0.9999542236328125,249.98123168945312,239.4556427001953,0.9999490976333618,231.3794403076172,250.280517578125,1.0,184.86553955078125,265.79559326171875,1.0,247.3193817138672,275.6892395019531,1.0
305,226.96759033203125,216.77113342285156,1.0,230.55892944335938,235.920654296875,1.0,191.7323455810547,226.680419921875,1.0,174.98147583007812,223.97296142578125,1.0,240.69229125976562,237.43951416015625,0.9999985694885254,248.8730926513672,240.29689025878906,0.9999985694885254,230.1006317138672,251.88372802734375,1.0,184.01150512695312,267.09130859375,1.0,246.9750518798828,276.33245849609375,1.0
306,226.8865203857422,216.71487426757812,1.0,230.33103942871094,236.08204650878906,1.0,191.2687530517578,227.15225219726562,1.0,174.270751953125,224.31431579589844,1.0,240.49974060058594,237.55528259277344,0.9999992847442627,248.5815887451172,240.63926696777344,0.9999990463256836,229.94322204589844,252.14463806152344,1.0,183.63165283203125,268.4957275390625,1.0,246.78749084472656,276.74188232421875,1.0
307,226.62530517578125,217.0172882080078,1.0,229.6785888671875,236.19931030273438,1.0,191.0672607421875,227.41854858398438,1.0,173.99041748046875,224.4004364013672,1.0,239.83700561523438,237.51571655273438,1.0,248.32391357421875,240.91766357421875,0.9999998807907104,229.82786560058594,252.58236694335938,1.0,183.40296936035156,268.9607238769531,1.0,246.54835510253906,277.0087890625,1.0
308,226.44876098632812,217.25558471679688,1.0,229.61968994140625,236.5216827392578,1.0,191.05679321289062,227.10882568359375,1.0,174.17190551757812,224.28326416015625,1.0,239.76980590820312,237.43240356445312,0.9999998807907104,248.1431121826172,240.59744262695312,0.9999997615814209,229.7316436767578,252.97442626953125,1.0,183.20748901367188,269.5428771972656,1.0,246.56512451171875,277.21881103515625,1.0
309,226.41490173339844,217.35964965820312,1.0,229.3499298095703,236.6732177734375,1.0,191.113525390625,228.00613403320312,1.0,174.07537841796875,225.12246704101562,1.0,239.40402221679688,237.31895446777344,1.0,247.93173217773438,240.80337524414062,0.9999998807907104,229.34201049804688,253.26174926757812,1.0,183.24331665039062,269.73919677734375,1.0,246.3788299560547,277.28460693359375,1.0
310,226.6692657470703,217.38787841796875,1.0,229.620849609375,236.707763671875,1.0,192.01609802246094,228.13148498535156,1.0,175.1891632080078,225.24269104003906,1.0,239.45286560058594,237.49559020996094,1.0,248.67376708984375,241.54396057128906,0.9999998807907104,229.6819305419922,253.17408752441406,1.0,183.64369201660156,269.5631408691406,1.0,246.55413818359375,277.7121276855469,1.0
311,226.7024383544922,217.38998413085938,1.0,230.108154296875,236.96731567382812,1.0,191.83560180664062,228.29090881347656,1.0,174.9792022705078,225.52566528320312,1.0,239.4299774169922,237.89698791503906,0.9999997615814209,247.49029541015625,241.19717407226562,0.999998927116394,230.11195373535156,253.48011779785156,1.0,184.1134490966797,269.858642578125,1.0,246.8412322998047,278.0945739746094,1.0
312,227.22740173339844,217.91627502441406,1.0,231.02496337890625,236.73890686035156,1.0,192.66949462890625,227.9436798095703,1.0,175.89974975585938,224.99896240234375,1.0,240.18017578125,237.7740478515625,0.9999961853027344,248.37454223632812,241.11602783203125,0.9999390840530396,231.48887634277344,253.23194885253906,1.0,184.97265625,269.4973449707031,1.0,248.203125,277.0080261230469,1.0
313,231.12069702148438,217.3499298095703,1.0,238.48257446289062,237.91624450683594,1.0,196.32020568847656,227.2363739013672,1.0,179.33692932128906,224.4573974609375,1.0,247.20643615722656,238.6851806640625,0.0032750023528933525,252.64743041992188,242.76878356933594,0.0025799088180065155,238.5845947265625,255.8140411376953,1.0,190.45326232910156,267.276123046875,1.0,250.2697296142578,276.5305480957031,1.0
314,235.29147338867188,213.06275939941406,1.0,245.0167999267578,232.10108947753906,1.0,201.9905548095703,224.8326416015625,1.0,186.49200439453125,223.3108673095703,1.0,195.27334594726562,266.74908447265625,5.8593665016815066e-05,184.3673858642578,229.1663055419922,0.0002888682356569916,248.6304168701172,251.78680419921875,1.0,200.6138458251953,265.8039245605469,1.0,258.4619445800781,272.32098388671875,0.9999998807907104
315,237.67347717285156,211.14410400390625,1.0,247.5845184326172,229.0945281982422,1.0,204.64610290527344,224.68710327148438,1.0,188.88265991210938,222.7369842529297,1.0,256.2479248046875,227.3356475830078,7.238647958729416e-05,182.60313415527344,229.1053924560547,0.00038372870767489076,253.0101318359375,247.8523712158203,1.0,207.42999267578125,264.86181640625,0.9999997615814209,261.76373291015625,270.43359375,0.9999982118606567
316,238.8869171142578,210.7616424560547,1.0,249.01165771484375,228.58831787109375,1.0,206.34091186523438,223.95643615722656,1.0,190.18182373046875,222.86709594726562,1.0,215.3904571533203,266.4192810058594,8.099953265627846e-05,181.4926300048828,229.1705322265625,0.0004048414120916277,255.7646026611328,247.3130645751953,1.0,209.16221618652344,265.13629150390625,1.0,264.62738037109375,270.68231201171875,0.9999167919158936
317,238.99627685546875,211.0389862060547,1.0,249.36965942382812,228.55621337890625,1.0,206.95016479492188,224.0186309814453,1.0,190.79156494140625,222.62220764160156,1.0,201.4807891845703,265.06146240234375,9.795414371183142e-05,181.29039001464844,229.46600341796875,0.0003771085466723889,256.13824462890625,247.3194122314453,1.0,209.99180603027344,265.335693359375,1.0,264.96337890625,270.6109313964844,0.9999173879623413
318,238.83213806152344,211.04466247558594,1.0,249.76109313964844,228.73513793945312,1.0,207.52903747558594,224.07937622070312,1.0,191.2705535888672,222.6744842529297,1.0,201.23268127441406,264.8490295410156,9.272913302993402e-05,181.5820770263672,229.7021942138672,0.00041848220280371606,257.14959716796875,247.5582275390625,1.0,210.64939880371094,265.4819030761719,1.0,265.69464111328125,270.65679931640625,0.9998098015785217
319,239.4171905517578,211.5711212158203,1.0,250.537841796875,229.19239807128906,1.0,208.80621337890625,224.7779083251953,1.0,193.3080596923828,223.35769653320312,1.0,214.74932861328125,266.2133483886719,9.793844947125763e-05,180.62435913085938,230.4684600830078,0.0002886405563913286,257.54425048828125,248.25169372558594,1.0,210.7569580078125,265.5848693847656,1.0,266.41741943359375,270.12548828125,0.9992710947990417
320,239.77996826171875,211.82339477539062,1.0,251.205322265625,229.69180297851562,1.0,208.7719268798828,225.51828002929688,1.0,194.23435974121094,224.25228881835938,1.0,214.4789581298828,266.2795104980469,9.507115464657545e-05,179.88943481445312,231.02821350097656,0.00027529746876098216,258.4439392089844,248.8170928955078,1.0,211.59950256347656,265.8675537109375,1.0,267.32818603515625,270.0897521972656,0.9989699125289917
321,240.31248474121094,212.45115661621094,1.0,251.3436279296875,230.0988006591797,1.0,210.19790649414062,226.22935485839844,1.0,194.44207763671875,224.6304168701172,1.0,200.54135131835938,264.2310791015625,8.762966899666935e-05,179.62461853027344,231.26390075683594,0.0002662498445715755,258.3788146972656,249.2471466064453,1.0,211.91285705566406,266.9253234863281,1.0,267.4195251464844,270.7825012207031,0.9998511075973511
322,240.1284637451172,212.73135375976562,1.0,251.34097290039062,230.30360412597656,1.0,210.2047119140625,226.79249572753906,1.0,194.90206909179688,225.151611328125,1.0,200.37841796875,263.844482421875,8.940933184931055e-05,204.57518005371094,230.70330810546875,0.0003079969610553235,258.17742919921875,249.47787475585938,1.0,212.50851440429688,267.2555847167969,1.0,267.1217041015625,270.7316589355469,0.9997839331626892
323,240.5275115966797,212.79737854003906,1.0,251.20347595214844,230.54556274414062,1.0,210.49085998535156,226.72454833984375,1.0,195.6293487548828,224.9618682861328,1.0,200.46389770507812,263.8896179199219,9.084500925382599e-05,204.55470275878906,230.49290466308594,0.00023197068367153406,258.1147766113281,249.61611938476562,1.0,212.5608367919922,267.3542175292969,1.0,267.73968505859375,270.90228271484375,0.9992914199829102
324,239.6171875,212.5712890625,1.0,251.0361328125,231.07534790039062,1.0,211.02276611328125,227.5628204345703,1.0,196.74847412109375,225.26358032226562,1.0,200.71337890625,263.5437316894531,0.00010064564412459731,204.23910522460938,230.80018615722656,0.00016562844393774867,258.2265930175781,249.7609405517578,1.0,213.16421508789062,267.29705810546875,1.0,267.8822326660156,270.8436279296875,0.9995355606079102
325,239.04576110839844,212.37744140625,1.0,250.74461364746094,230.96836853027344,1.0,210.57835388183594,227.4309844970703,1.0,196.2227020263672,225.1750946044922,1.0,200.5946502685547,263.26348876953125,8.431334572378546e-05,204.5013885498047,230.8036346435547,0.00020183806191198528,257.91949462890625,249.68597412109375,1.0,213.04176330566406,267.94537353515625,1.0,267.55950927734375,270.9403076171875,0.9996134638786316
326,239.2562713623047,212.3950958251953,1.0,250.65818786621094,231.2190704345703,1.0,210.7428436279297,227.6761016845703,1.0,196.3347625732422,225.3324737548828,1.0,256.3714599609375,240.6140899658203,9.672022133599967e-05,204.40084838867188,230.9495086669922,0.0001912860752781853,257.7130126953125,250.0666961669922,1.0,212.73941040039062,268.0563049316406,1.0,267.60211181640625,271.10797119140625,0.9993723034858704
327,239.25869750976562,212.50576782226562,1.0,250.9434051513672,231.42466735839844,1.0,210.49014282226562,227.360595703125,1.0,196.63534545898438,225.53749084472656,1.0,257.9912109375,226.88229370117188,8.151660586008802e-05,204.3647003173828,230.93850708007812,0.00019276179955340922,257.9842834472656,250.22817993164062,1.0,213.1077117919922,268.2947082519531,1.0,267.7059631347656,271.3796691894531,0.9993546605110168
328,239.34780883789062,212.66064453125,1.0,250.92367553710938,231.637939453125,1.0,210.44418334960938,227.99227905273438,1.0,196.22921752929688,226.0234375,1.0,256.5093078613281,224.01744079589844,7.945032848510891e-05,204.41598510742188,231.15634155273438,0.0001805934589356184,257.902587890625,250.55348205566406,1.0,213.24789428710938,268.36126708984375,1.0,267.43536376953125,271.71453857421875,0.9995322227478027
329,239.41278076171875,212.99269104003906,1.0,250.689208984375,231.6038360595703,1.0,209.85247802734375,228.4508056640625,1.0,195.65414428710938,226.64346313476562,1.0,200.35365295410156,262.67498779296875,7.131781603675336e-05,204.66189575195312,231.50714111328125,0.00019749246712308377,257.70458984375,250.5248260498047,1.0,212.3358154296875,269.7172546386719,1.0,267.3411865234375,271.8793640136719,0.9998230338096619
330,239.09693908691406,213.29653930664062,1.0,250.47946166992188,231.86419677734375,1.0,209.79638671875,228.92709350585938,1.0,196.19418334960938,228.0899200439453,1.0,200.4478759765625,262.71844482421875,7.062498480081558e-05,204.4368133544922,231.94859313964844,0.0001731627999106422,257.5703430175781,251.1463165283203,1.0,211.8279571533203,270.0003356933594,1.0,267.1257629394531,272.4032287597656,0.9998238682746887
331,239.4042205810547,213.3660888671875,1.0,250.43898010253906,231.85964965820312,1.0,209.02825927734375,229.0399169921875,1.0,195.2124481201172,227.8218231201172,1.0,200.31228637695312,262.461669921875,7.019065378699452e-05,179.39535522460938,232.7447509765625,0.00023633921227883548,257.3623352050781,251.6763153076172,1.0,211.75025939941406,270.587890625,1.0,267.1807861328125,273.43560791015625,0.9996422529220581
332,239.5130615234375,213.1665496826172,1.0,250.42645263671875,231.95950317382812,1.0,208.55084228515625,229.2062225341797,1.0,194.63455200195312,228.14468383789062,1.0,200.31336975097656,262.40960693359375,8.258870366262272e-05,179.8177032470703,232.76231384277344,0.00022727881150785834,257.34674072265625,251.962158203125,1.0,211.6427764892578,270.7984924316406,1.0,267.57147216796875,273.47509765625,0.9994532465934753
333,239.50865173339844,213.142822265625,1.0,249.62380981445312,232.78164672851562,1.0,208.47987365722656,229.196533203125,1.0,194.59219360351562,228.157470703125,1.0,200.3262939453125,262.3656005859375,7.538007048424333e-05,179.9315643310547,232.67747497558594,0.00022624876874033362,258.08599853515625,251.94363403320312,1.0,211.86949157714844,270.7766418457031,1.0,267.8964538574219,273.4446716308594,0.9994625449180603
334,238.90167236328125,213.23069763183594,1.0,249.25155639648438,232.8373565673828,1.0,208.15594482421875,229.34332275390625,1.0,194.44004821777344,228.29177856445312,1.0,200.3439178466797,262.3219299316406,8.519257244188339e-05,179.99713134765625,232.7821502685547,0.0002232519764220342,257.8824768066406,251.95257568359375,1.0,211.4397735595703,271.1060791015625,1.0,267.8716735839844,273.343017578125,0.9989249110221863
335,237.57608032226562,213.43016052246094,1.0,249.8437042236328,232.2279052734375,1.0,207.99655151367188,229.41580200195312,1.0,194.63365173339844,228.46417236328125,1.0,200.50222778320312,262.4535827636719,7.625990110682324e-05,179.76002502441406,232.8096466064453,0.00022594546317122877,257.6565246582031,252.2875213623047,1.0,211.45689392089844,271.0155334472656,1.0,267.7827453613281,273.8578796386719,0.9988623857498169
336,237.2158203125,213.23703002929688,1.0,249.86154174804688,232.3589630126953,1.0,207.15707397460938,229.6833953857422,1.0,193.35801696777344,228.53305053710938,1.0,200.20687866210938,262.1712951660156,8.241153409471735e-05,205.69371032714844,232.51766967773438,0.00018199313490185887,258.08502197265625,252.09768676757812,1.0,211.2957305908203,271.4787292480469,1.0,267.896484375,273.3544921875,0.9985800981521606
337,237.0867462158203,213.35055541992188,1.0,249.51113891601562,232.63723754882812,1.0,207.07081604003906,229.9622802734375,1.0,192.9408416748047,228.68409729003906,1.0,200.29946899414062,262.1466064453125,9.841478458838537e-05,180.05728149414062,232.01162719726562,0.00016951141878962517,257.894287109375,252.1941375732422,1.0,210.78538513183594,271.61376953125,1.0,268.0599060058594,273.66949462890625,0.9989480376243591
338,236.99024963378906,213.43572998046875,1.0,249.680419921875,232.59744262695312,1.0,206.8757781982422,229.90464782714844,1.0,192.8708038330078,228.74105834960938,1.0,200.30027770996094,262.1927795410156,0.00010373465192969888,205.6836700439453,232.720458984375,0.00017483999545220286,257.7086486816406,252.38671875,1.0,210.7604217529297,271.644775390625,1.0,267.6538391113281,273.69268798828125,0.9993894100189209
339,236.89122009277344,213.45082092285156,1.0,249.114013671875,232.66554260253906,1.0,206.6193389892578,230.12315368652344,1.0,192.52525329589844,228.84237670898438,1.0,200.3502655029297,262.2015075683594,9.696143388282508e-05,205.69967651367188,232.75767517089844,0.00016593448526691645,257.1135559082031,252.23275756835938,1.0,210.57266235351562,271.7456359863281,1.0,267.5205993652344,273.6319580078125,0.9996242523193359
340,236.75613403320312,213.4105224609375,1.0,249.1800994873047,232.67803955078125,1.0,206.41517639160156,229.99234008789062,1.0,192.646240234375,228.9655303955078,1.0,200.31246948242188,262.2110900878906,0.00010292707156622782,180.19989013671875,232.1143035888672,0.000171642706845887,257.3667297363281,252.30508422851562,1.0,210.33438110351562,271.7383117675781,1.0,267.6105651855469,273.6720275878906,0.9994373917579651
341,236.0394744873047,213.3277130126953,1.0,248.39013671875,232.86856079101562,1.0,205.57058715820312,230.18666076660156,1.0,191.8863983154297,229.0146942138672,1.0,200.21336364746094,261.8955078125,0.00011820322833955288,180.7423858642578,232.23553466796875,0.0001983706169994548,256.5277099609375,252.49618530273438,1.0,209.74017333984375,272.269775390625,1.0,266.7439880371094,273.42901611328125,0.9997443556785583
342,234.71490478515625,214.0868377685547,1.0,248.4503936767578,232.9864501953125,1.0,205.30859375,230.25733947753906,1.0,191.54116821289062,229.00588989257812,1.0,200.40789794921875,262.13818359375,0.00012587169476319104,180.67349243164062,232.0891571044922,0.00020009928266517818,256.5814514160156,252.60369873046875,1.0,208.85873413085938,272.4305725097656,1.0,266.6808776855469,273.36138916015625,0.9995591044425964
343,234.3053741455078,214.21072387695312,1.0,248.56381225585938,233.2421875,1.0,204.57986450195312,230.34884643554688,1.0,190.32122802734375,229.2421112060547,1.0,200.84771728515625,262.6307067871094,0.00012604873336385936,206.86888122558594,232.73452758789062,0.00016999602667056024,256.90032958984375,252.9828338623047,1.0,207.64244079589844,272.6272888183594,1.0,266.043212890625,273.0859375,0.998437225818634
344,234.12232971191406,214.6373748779297,1.0,248.21934509277344,233.4796905517578,1.0,204.467529296875,230.39617919921875,1.0,189.72909545898438,229.5538330078125,1.0,200.93153381347656,262.5445861816406,0.00010062395449494943,207.00250244140625,232.98609924316406,0.0002008591400226578,256.8777160644531,253.535400390625,1.0,207.30406188964844,272.8194274902344,1.0,265.81243896484375,273.8446044921875,0.9954811334609985
345,234.0478973388672,214.98773193359375,1.0,248.087890625,233.7061004638672,1.0,204.1207275390625,230.927490234375,1.0,188.9781951904297,229.5709228515625,1.0,200.96487426757812,262.66094970703125,9.907334606396034e-05,206.94017028808594,233.21315002441406,0.00019787265046034008,256.7213134765625,253.58372497558594,1.0,207.19239807128906,272.84716796875,1.0,265.3504333496094,274.0188903808594,0.9978545308113098
346,233.2999725341797,215.25119018554688,1.0,247.28712463378906,234.24569702148438,1.0,203.8341522216797,230.88377380371094,1.0,188.8983917236328,229.69541931152344,1.0,200.7653350830078,262.4978942871094,9.433110244572163e-05,207.2392578125,233.22518920898438,0.00019169469305779785,256.1598815917969,254.05084228515625,1.0,207.16822814941406,273.1822814941406,1.0,264.5003662109375,273.8133850097656,0.9976133108139038
347,233.49847412109375,215.3025360107422,1.0,247.44857788085938,234.45913696289062,1.0,203.7978973388672,230.89639282226562,1.0,189.02206420898438,229.7122802734375,1.0,200.86398315429688,262.5270690917969,9.504469198873267e-05,207.20565795898438,233.20924377441406,0.0001971769379451871,256.42547607421875,254.02975463867188,1.0,207.02359008789062,273.18621826171875,1.0,264.848388671875,273.8505859375,0.9979767203330994
348,234.06924438476562,215.24359130859375,1.0,248.03823852539062,234.785888671875,1.0,203.2101593017578,230.9200439453125,1.0,188.52772521972656,230.09034729003906,1.0,201.1016845703125,262.890380859375,9.212671284331009e-05,207.3902587890625,233.33152770996094,0.00019496161257848144,256.5043640136719,254.8417205810547,1.0,206.9154510498047,272.9163818359375,1.0,264.88421630859375,274.32611083984375,0.9902772903442383
349,233.75942993164062,215.54840087890625,1.0,248.00711059570312,235.46458435058594,1.0,202.5056610107422,231.93125915527344,1.0,187.65518188476562,230.53944396972656,1.0,201.16384887695312,262.6586608886719,8.800742944004014e-05,207.54742431640625,233.69036865234375,0.000144905352499336,256.21234130859375,255.44216918945312,1.0,206.2487030029297,273.482666015625,1.0,264.8654479980469,274.47442626953125,0.9787765145301819
350,233.69598388671875,215.9100799560547,1.0,247.8079376220703,235.6947021484375,1.0,202.75230407714844,232.30380249023438,1.0,187.93849182128906,230.83090209960938,1.0,201.0260009765625,262.5787658691406,7.656594243599102e-05,207.30007934570312,233.90707397460938,0.00017465237760916352,256.22161865234375,255.48191833496094,1.0,206.27304077148438,273.7874755859375,1.0,264.8267822265625,275.0039978027344,0.9817695021629333
351,233.49282836914062,216.52603149414062,0.9999998807907104,247.62545776367188,236.06068420410156,1.0,202.7812957763672,232.5587158203125,1.0,188.18565368652344,231.2733612060547,1.0,201.16880798339844,262.5628356933594,6.769080937374383e-05,207.38955688476562,233.90733337402344,0.00016531525761820376,255.42750549316406,256.5619812011719,1.0,205.79322814941406,274.1610107421875,1.0,264.177490234375,275.2468566894531,0.9954147338867188
352,232.307373046875,216.65853881835938,1.0,246.99270629882812,236.72265625,1.0,202.44854736328125,232.9512939453125,1.0,187.91098022460938,231.8024139404297,1.0,201.09445190429688,262.62286376953125,5.584699465543963e-05,207.4528350830078,234.04742431640625,0.00018074660329148173,254.82850646972656,257.0791320800781,1.0,205.53208923339844,274.4464416503906,1.0,263.8590087890625,275.7177429199219,0.9978153705596924
353,231.73550415039062,216.53970336914062,1.0,246.5477752685547,236.971435546875,1.0,202.4068603515625,233.15098571777344,1.0,187.95553588867188,232.08290100097656,1.0,200.96583557128906,262.2942199707031,5.004383638151921e-05,207.3208770751953,234.07546997070312,0.0001678357075434178,254.474853515625,257.1611022949219,1.0,205.65716552734375,274.5439147949219,1.0,263.6476135253906,275.57000732421875,0.9963202476501465
354,231.77960205078125,216.66555786132812,1.0,246.2655792236328,236.8977508544922,1.0,202.34217834472656,233.3853759765625,1.0,187.89031982421875,232.53890991210938,1.0,255.85470581054688,257.4281921386719,4.6401284635066986e-05,207.41683959960938,234.16690063476562,0.00017372741422150284,253.67604064941406,257.23272705078125,1.0,205.68304443359375,274.7264709472656,1.0,263.21923828125,275.8877868652344,0.9990842342376709
355,231.39825439453125,216.73367309570312,1.0,245.85281372070312,237.11557006835938,1.0,202.41204833984375,233.4448699951172,1.0,187.92141723632812,232.9467010498047,1.0,255.67677307128906,257.2865905761719,5.952217543381266e-05,207.22531127929688,234.24095153808594,0.0002198236034018919,253.34738159179688,257.2657165527344,1.0,205.73358154296875,274.8810729980469,1.0,262.73089599609375,275.89190673828125,0.9996625185012817
356,231.2413787841797,216.9412841796875,1.0,245.506591796875,237.6791534423828,1.0,201.9238739013672,233.74180603027344,1.0,187.71340942382812,233.1259765625,1.0,255.39276123046875,256.94683837890625,8.193862595362589e-05,207.461669921875,234.27130126953125,0.00022643287957180291,252.89883422851562,257.95513916015625,1.0,205.62107849121094,275.2330627441406,1.0,262.4386901855469,276.4685363769531,0.999843955039978
357,231.45155334472656,217.16712951660156,1.0,245.32008361816406,237.5187225341797,1.0,201.95098876953125,233.62655639648438,1.0,187.6780548095703,233.14263916015625,1.0,255.07449340820312,256.73333740234375,8.053848432609811e-05,207.29348754882812,234.34390258789062,0.0002334109740331769,252.3081817626953,258.0917053222656,1.0,205.39566040039062,275.20849609375,1.0,262.3380432128906,276.4571838378906,0.9997959733009338
358,231.25181579589844,216.97938537597656,1.0,245.1042022705078,237.42425537109375,1.0,201.78138732910156,233.5985565185547,1.0,187.49610900878906,233.37716674804688,1.0,255.25491333007812,256.55413818359375,6.915506673976779e-05,207.3826904296875,234.40933227539062,0.0002208096266258508,252.14999389648438,258.16656494140625,1.0,205.19834899902344,275.3811950683594,1.0,262.5466003417969,276.43621826171875,0.9997125267982483
359,231.51255798339844,217.5673828125,1.0,244.80328369140625,238.18447875976562,1.0,201.52590942382812,233.64556884765625,1.0,186.95460510253906,233.5686798095703,1.0,254.8690948486328,255.79623413085938,7.495636964449659e-05,207.39694213867188,234.541259765625,0.00024585469509474933,251.97825622558594,258.4690856933594,1.0,205.32333374023438,275.24456787109375,1.0,261.71356201171875,276.8382263183594,0.9999767541885376
360,231.01487731933594,217.51315307617188,1.0,244.58340454101562,238.93505859375,1.0,201.05752563476562,234.1165771484375,1.0,186.65463256835938,233.7911834716797,1.0,254.47329711914062,255.25,9.135328582488e-05,207.60227966308594,234.67681884765625,0.0002133215602952987,251.4540557861328,259.46484375,1.0,204.8709259033203,275.4471130371094,1.0,261.3536071777344,277.1160888671875,0.999962568283081
361,231.5131378173828,217.88316345214844,1.0,244.84939575195312,239.24839782714844,1.0,200.8303680419922,234.0447235107422,1.0,186.27549743652344,233.6186981201172,1.0,254.65792846679688,255.06182861328125,7.94760198914446e-05,207.72442626953125,234.86109924316406,0.00020085493451915681,251.3400421142578,259.8370666503906,1.0,204.91973876953125,275.44268798828125,1.0,261.3775329589844,277.1395568847656,0.9999748468399048
362,232.0576629638672,217.8793182373047,1.0,244.70309448242188,239.38380432128906,1.0,200.8638458251953,233.89739990234375,1.0,186.41551208496094,233.6041717529297,1.0,254.7823486328125,254.94467163085938,8.553291263524443e-05,207.85244750976562,234.87786865234375,0.00023707539367023855,251.24728393554688,259.69561767578125,1.0,204.9734649658203,275.55914306640625,1.0,261.3344421386719,277.5771179199219,0.9999895095825195
363,231.89268493652344,218.10134887695312,1.0,244.44166564941406,239.5929718017578,1.0,200.90394592285156,233.9971466064453,1.0,186.26268005371094,233.6292266845703,1.0,254.3238983154297,254.7906951904297,7.903027290012687e-05,207.7736053466797,234.96902465820312,0.0002732947759795934,250.77911376953125,259.9308166503906,1.0,204.51290893554688,275.3831787109375,1.0,260.76629638671875,277.8492736816406,0.9999916553497314
364,232.23094177246094,218.8251190185547,1.0,244.05282592773438,240.03604125976562,1.0,200.4159698486328,234.31674194335938,1.0,186.0421600341797,233.84170532226562,1.0,254.16188049316406,254.38809204101562,8.113156945910305e-05,208.28945922851562,235.04681396484375,0.00023049132141750306,250.14202880859375,260.18914794921875,1.0,204.3204803466797,275.9815368652344,1.0,260.2493591308594,278.00640869140625,0.999997615814209
365,229.61744689941406,219.4988555908203,1.0,241.937255859375,241.78443908691406,1.0,195.9488525390625,235.7699432373047,1.0,181.72518920898438,235.142578125,1.0,252.55712890625,253.4364776611328,0.00016723954468034208,255.99853515625,244.1298065185547,0.00033042888389900327,247.10435485839844,262.0800476074219,1.0,201.04397583007812,277.87164306640625,1.0,257.5898132324219,279.1415100097656,0.9999980926513672
366,227.2668914794922,219.9451141357422,1.0,240.15814208984375,243.70132446289062,1.0,193.61325073242188,236.33175659179688,1.0,179.1236572265625,235.88027954101562,1.0,264.1717224121094,277.3368835449219,0.00010485927487025037,254.3701171875,245.0839385986328,0.0003529362438712269,243.98797607421875,263.06719970703125,1.0,199.27874755859375,278.7909851074219,1.0,255.76414489746094,279.2861328125,0.9999953508377075
367,226.6959228515625,220.4568328857422,1.0,239.6295928955078,244.35635375976562,1.0,193.10646057128906,236.570556640625,1.0,178.40542602539062,235.59373474121094,1.0,264.0462646484375,277.30438232421875,8.388053538510576e-05,253.87306213378906,245.22633361816406,0.0004166414146311581,243.38973999023438,263.559326171875,1.0,198.52352905273438,279.66058349609375,1.0,255.36013793945312,279.2787780761719,0.9999972581863403
368,226.73851013183594,220.8115692138672,1.0,238.97128295898438,244.68478393554688,1.0,192.93788146972656,236.99835205078125,1.0,177.89183044433594,235.92547607421875,1.0,264.0848083496094,277.2911071777344,7.219125109259039e-05,253.3809814453125,245.40121459960938,0.0007166587747633457,243.32054138183594,263.550537109375,1.0,197.73609924316406,279.5594482421875,1.0,255.0738067626953,280.0395202636719,0.9999980926513672
369,226.6460723876953,221.21217346191406,1.0,238.5269317626953,245.01260375976562,1.0,192.79647827148438,237.1253662109375,1.0,177.5187225341797,236.09893798828125,1.0,242.4739990234375,240.7866668701172,0.00011104394070571288,253.15953063964844,245.7935333251953,0.0007602883852086961,242.6864776611328,263.7623291015625,1.0,197.59201049804688,279.74444580078125,1.0,254.8680877685547,280.2315368652344,0.9999990463256836
370,226.24722290039062,221.30270385742188,1.0,238.32228088378906,245.11257934570312,1.0,192.46926879882812,237.19961547851562,1.0,176.827880859375,236.06649780273438,1.0,264.0000305175781,277.27301025390625,8.588664786657318e-05,253.2498321533203,245.9583282470703,0.0005139484419487417,242.47384643554688,263.7381591796875,1.0,196.83819580078125,279.9544677734375,1.0,254.75645446777344,280.23394775390625,0.9999991655349731
371,226.18922424316406,221.64382934570312,1.0,238.02923583984375,245.18560791015625,1.0,192.29637145996094,237.22613525390625,1.0,176.7324981689453,236.02447509765625,1.0,242.03321838378906,240.81658935546875,0.00013652871712110937,252.9924774169922,245.95065307617188,0.0008226175559684634,242.0393829345703,263.8092041015625,1.0,196.59609985351562,280.0365905761719,1.0,254.4481201171875,280.40106201171875,0.9999991655349731
372,226.17298889160156,221.5090789794922,1.0,237.64816284179688,245.21083068847656,1.0,191.8124542236328,237.70138549804688,1.0,176.60064697265625,236.3286590576172,1.0,243.1396484375,241.3034210205078,0.0001088009012164548,252.62240600585938,245.8814697265625,0.0006604380323551595,241.61563110351562,264.1040344238281,1.0,196.6710968017578,280.551513671875,1.0,254.16558837890625,279.9696350097656,0.9999994039535522
373,226.29124450683594,221.5266571044922,1.0,237.62771606445312,245.16360473632812,1.0,191.8458251953125,237.58213806152344,1.0,176.50424194335938,236.34323120117188,1.0,243.1665496826172,241.29270935058594,0.000101325502328109,252.7155303955078,246.09963989257812,0.0008770815911702812,241.4382781982422,264.10003662109375,1.0,196.5015869140625,280.5081787109375,1.0,253.84056091308594,280.1134338378906,0.9999995231628418
374,226.06088256835938,221.33428955078125,1.0,237.58932495117188,244.24203491210938,1.0,191.74371337890625,237.35342407226562,1.0,176.39491271972656,236.28378295898438,1.0,243.13394165039062,241.15147399902344,0.00018688586715143174,252.58180236816406,245.908203125,0.0006519436137750745,241.3040008544922,263.7127380371094,1.0,196.60226440429688,280.37957763671875,1.0,253.75576782226562,279.9975891113281,0.9999992847442627
375,225.93019104003906,221.46966552734375,1.0,237.31646728515625,244.2175750732422,1.0,191.53054809570312,237.41448974609375,1.0,176.600830078125,236.18618774414062,1.0,242.94003295898438,241.3130645751953,0.0001752243551891297,252.42279052734375,246.13858032226562,0.0006057707942090929,241.0945281982422,263.5673828125,1.0,196.6629180908203,280.59808349609375,1.0,253.706787109375,280.8923645019531,0.9999996423721313
376,225.7626953125,221.70037841796875,1.0,237.28436279296875,244.3888397216797,1.0,191.39088439941406,237.59661865234375,1.0,176.11376953125,236.32943725585938,1.0,242.5178985595703,241.11753845214844,0.0003141326305922121,252.2107391357422,245.83905029296875,0.0013040999183431268,240.87091064453125,263.406982421875,1.0,196.73899841308594,280.5331726074219,1.0,253.5529327392578,281.0325622558594,0.9999997615814209
377,225.7571258544922,221.8082733154297,1.0,237.09432983398438,244.56651306152344,1.0,191.3619842529297,237.7327880859375,1.0,176.17457580566406,236.4213409423828,1.0,242.372802734375,241.23373413085938,0.0004693275550380349,252.20111083984375,246.0155029296875,0.001604821882210672,240.67640686035156,263.3407287597656,1.0,196.3171844482422,280.70965576171875,1.0,253.35781860351562,281.2420349121094,0.9999997615814209
378,225.67874145507812,221.74029541015625,1.0,236.9624786376953,244.52200317382812,1.0,191.23104858398438,237.8088836669922,1.0,175.85145568847656,236.52610778808594,1.0,242.2339324951172,241.19656372070312,0.0006601019995287061,252.22825622558594,246.0755615234375,0.0015551118412986398,240.50184631347656,263.307373046875,1.0,196.4391632080078,280.73272705078125,1.0,253.35641479492188,281.2198486328125,0.9999996423721313
379,225.56698608398438,221.8170623779297,1.0,236.9286346435547,244.72381591796875,1.0,191.25901794433594,237.70306396484375,1.0,175.9731903076172,236.445068359375,1.0,242.10308837890625,241.3319549560547,0.000606849673204124,252.20875549316406,246.048828125,0.001399455708451569,240.37408447265625,263.3579406738281,1.0,196.1201629638672,280.62957763671875,1.0,253.0384063720703,281.3045349121094,0.9999996423721313
380,225.5500030517578,221.81771850585938,1.0,236.8270721435547,244.62442016601562,1.0,191.08392333984375,237.9459686279297,1.0,175.8210906982422,236.52188110351562,1.0,241.85736083984375,241.21267700195312,0.0007378801237791777,252.22006225585938,246.15818786621094,0.0015573047567158937,240.39707946777344,263.2146301269531,1.0,196.007080078125,280.7519226074219,1.0,253.4273223876953,281.0458068847656,0.9999997615814209
381,225.8256072998047,222.091796875,1.0,236.600830078125,244.75616455078125,1.0,191.04498291015625,237.95242309570312,1.0,175.6249542236328,236.6457977294922,1.0,241.8100128173828,241.33859252929688,0.0009490702068433166,252.12863159179688,246.33055114746094,0.0011901179095730186,240.24072265625,263.2992248535156,1.0,195.88235473632812,280.65618896484375,1.0,253.37489318847656,281.09552001953125,0.9999997615814209
382,225.37319946289062,221.87542724609375,1.0,236.5714569091797,244.87567138671875,1.0,191.0188751220703,238.1206512451172,1.0,175.64122009277344,236.70436096191406,1.0,241.83131408691406,241.4591522216797,0.0007331123342737556,252.07359313964844,246.52330017089844,0.0010224266443401575,240.12991333007812,263.49169921875,1.0,195.77857971191406,280.745849609375,1.0,253.05238342285156,281.2416076660156,0.9999997615814209
383,225.2508087158203,222.0306854248047,1.0,236.46270751953125,244.94252014160156,1.0,190.84671020507812,238.14328002929688,1.0,175.3218231201172,236.83433532714844,1.0,241.75611877441406,241.47462463378906,0.0008762371726334095,251.99072265625,246.6433868408203,0.0011782740475609899,239.96493530273438,263.5328369140625,1.0,195.42478942871094,280.780517578125,1.0,252.7397918701172,281.3703308105469,0.9999996423721313
384,225.44070434570312,222.28070068359375,1.0,236.2397003173828,245.10800170898438,1.0,190.5356903076172,238.03634643554688,1.0,175.4482421875,236.7500457763672,1.0,241.03643798828125,241.11216735839844,0.001970890909433365,251.5349578857422,246.4388427734375,0.0008547665784135461,239.61387634277344,263.85247802734375,1.0,194.89022827148438,280.6258239746094,1.0,252.57388305664062,281.1769104003906,0.9999996423721313
385,225.510986328125,222.335205078125,1.0,236.21847534179688,245.17071533203125,1.0,190.61363220214844,238.01296997070312,1.0,175.50352478027344,236.64675903320312,1.0,240.9165496826172,240.99905395507812,0.001919785630889237,251.55784606933594,246.44522094726562,0.0008275525760836899,239.560546875,263.8930969238281,1.0,194.6417999267578,280.5920715332031,1.0,252.70826721191406,281.0114440917969,0.9999995231628418
386,225.36981201171875,222.41259765625,1.0,236.15432739257812,245.1297607421875,1.0,190.40234375,238.09426879882812,1.0,175.25262451171875,236.72235107421875,1.0,240.87220764160156,241.0653533935547,0.002033327240496874,251.44949340820312,246.4606475830078,0.0008782934164628386,239.38710021972656,263.6941223144531,1.0,194.69679260253906,280.7266845703125,1.0,252.5598602294922,281.3167419433594,0.9999995231628418
387,225.40536499023438,222.38949584960938,1.0,236.0311279296875,245.192138671875,1.0,190.25608825683594,238.15145874023438,1.0,175.15382385253906,236.91485595703125,1.0,241.0452423095703,241.364013671875,0.0017345332307741046,251.3053436279297,246.54237365722656,0.0007923454395495355,239.21641540527344,263.50140380859375,1.0,194.78028869628906,280.6253967285156,1.0,252.69358825683594,281.4576721191406,0.9999995231628418
388,225.31895446777344,222.5143585205078,1.0,235.96075439453125,245.22108459472656,1.0,190.28271484375,238.10806274414062,1.0,175.1399688720703,236.8835906982422,1.0,240.8175506591797,241.15234375,0.003686708863824606,244.85105895996094,243.53472900390625,0.0013516690814867616,239.12515258789062,263.5664978027344,1.0,194.7371063232422,280.60711669921875,1.0,252.41139221191406,281.38763427734375,0.9999996423721313
389,225.1374969482422,222.51492309570312,1.0,235.84703063964844,245.1608123779297,1.0,190.0040740966797,238.2408447265625,1.0,174.90960693359375,236.99969482421875,1.0,240.41250610351562,240.90379333496094,0.004622461274266243,244.50668334960938,243.31483459472656,0.0016430324176326394,239.1542510986328,263.676513671875,1.0,194.39198303222656,280.8822326660156,1.0,252.60926818847656,281.12451171875,0.9999995231628418
390,224.82139587402344,222.57032775878906,1.0,235.55328369140625,245.15469360351562,1.0,189.9947052001953,238.25927734375,1.0,174.82034301757812,236.90220642089844,1.0,240.18887329101562,240.83091735839844,0.004544856026768684,244.87277221679688,242.95420837402344,0.0018934754189103842,238.79039001464844,263.55059814453125,1.0,194.18238830566406,281.10601806640625,1.0,252.6753692626953,281.15252685546875,0.9999997615814209
391,224.43588256835938,222.48883056640625,1.0,235.2184295654297,245.2989959716797,1.0,189.83200073242188,238.3507537841797,1.0,174.68789672851562,237.0207061767578,1.0,239.89178466796875,240.93980407714844,0.003687122603878379,244.0506134033203,243.3016357421875,0.0018496535485610366,238.41709899902344,263.68768310546875,1.0,194.11582946777344,281.2102355957031,1.0,252.36007690429688,281.34735107421875,0.9999996423721313
392,224.7303466796875,222.78451538085938,1.0,235.294921875,245.28358459472656,1.0,189.67308044433594,238.31039428710938,1.0,174.51687622070312,237.00355529785156,1.0,239.7798614501953,241.7916717529297,0.004632661584764719,244.63880920410156,243.01805114746094,0.004364936146885157,238.32835388183594,263.8742370605469,1.0,193.98922729492188,281.148193359375,1.0,252.15992736816406,281.10345458984375,0.9999997615814209
393,224.4100341796875,222.85198974609375,1.0,234.9435577392578,245.3209228515625,1.0,189.4119873046875,238.35450744628906,1.0,174.3770294189453,237.10594177246094,1.0,239.18923950195312,241.76812744140625,0.01559023279696703,244.30148315429688,242.970947265625,0.011272619478404522,238.03895568847656,264.01153564453125,1.0,193.7093505859375,281.2283630371094,1.0,251.9891815185547,280.80364990234375,0.9999996423721313
394,224.20578002929688,222.91534423828125,1.0,234.71388244628906,245.37893676757812,1.0,189.37698364257812,238.36300659179688,1.0,174.37950134277344,237.0419158935547,1.0,239.23988342285156,241.88192749023438,0.013807527720928192,244.29898071289062,243.05435180664062,0.009925269521772861,237.89111328125,263.6623840332031,1.0,193.32052612304688,281.169189453125,1.0,252.20542907714844,280.6419677734375,0.9999997615814209
395,224.27191162109375,223.1123504638672,1.0,234.66256713867188,245.5043487548828,1.0,189.16148376464844,238.48768615722656,1.0,174.0669403076172,237.20632934570312,1.0,238.98727416992188,242.0225830078125,0.025550013408064842,244.17587280273438,243.16497802734375,0.011705275624990463,237.78968811035156,263.8121032714844,1.0,192.936767578125,281.2047119140625,1.0,252.00511169433594,280.7113952636719,0.9999996423721313
396,223.9004364013672,223.3081512451172,1.0,234.44204711914062,245.64334106445312,1.0,188.8347930908203,238.24351501464844,1.0,173.6126251220703,237.08749389648438,1.0,239.25057983398438,241.4146728515625,0.0033624344505369663,244.14682006835938,243.1276397705078,0.0015871585346758366,237.49081420898438,263.8307189941406,1.0,192.70819091796875,281.07879638671875,1.0,251.46302795410156,280.9107971191406,0.9999995231628418
397,223.6401824951172,222.95211791992188,1.0,234.34860229492188,245.54287719726562,1.0,188.7344207763672,238.202880859375,1.0,173.76219177246094,237.1952667236328,1.0,239.03582763671875,241.50946044921875,0.005160421133041382,244.06163024902344,242.97967529296875,0.002369115361943841,237.4706573486328,263.8508605957031,1.0,192.92947387695312,281.114990234375,1.0,251.44679260253906,280.8160400390625,0.9999995231628418
398,223.46957397460938,223.1123809814453,1.0,234.2600555419922,245.4529266357422,1.0,188.6537322998047,238.1868438720703,1.0,173.49314880371094,237.09446716308594,1.0,239.04672241210938,241.62364196777344,0.006132001057267189,244.0305633544922,242.93504333496094,0.00300977542065084,237.48501586914062,263.8547058105469,1.0,192.791259765625,280.9311218261719,1.0,251.19789123535156,280.72503662109375,0.9999995231628418
399,223.15704345703125,223.3144073486328,1.0,233.9432373046875,245.61947631835938,1.0,188.4675750732422,238.31507873535156,1.0,173.52000427246094,237.3574676513672,1.0,238.76902770996094,241.6146240234375,0.004050933290272951,243.26361083984375,244.09080505371094,0.002063053660094738,237.21908569335938,263.9550476074219,1.0,192.61642456054688,280.9958190917969,1.0,250.9617462158203,280.8935852050781,0.9999995231628418
400,223.52772521972656,223.40341186523438,1.0,233.81588745117188,245.57945251464844,1.0,188.15797424316406,238.26548767089844,1.0,173.3131103515625,237.30889892578125,1.0,238.3792724609375,242.04161071777344,0.004967192187905312,243.74281311035156,242.9549560546875,0.0033099064603447914,236.9492645263672,263.78863525390625,1.0,192.60443115234375,281.019287109375,1.0,250.93617248535156,280.9977722167969,0.9999996423721313
401,223.3080291748047,223.4734344482422,1.0,233.7751922607422,245.7171630859375,1.0,188.076171875,238.37252807617188,1.0,173.24803161621094,237.36073303222656,1.0,236.5390625,241.23922729492188,0.003317826660349965,243.6644287109375,242.9872283935547,0.0024500894360244274,237.03964233398438,263.90911865234375,1.0,192.67178344726562,281.1039123535156,1.0,251.03944396972656,281.068603515625,0.9999995231628418
402,223.58900451660156,223.48487854003906,1.0,233.66810607910156,245.60816955566406,1.0,188.05316162109375,238.3082733154297,1.0,173.06298828125,237.418212890625,1.0,238.0909423828125,241.9334259033203,0.014047536067664623,243.346435546875,242.91554260253906,0.014121809974312782,236.82852172851562,263.7418518066406,1.0,192.6359405517578,280.9819641113281,1.0,250.938720703125,280.796630859375,0.9999997615814209
403,223.18893432617188,223.54055786132812,1.0,233.17105102539062,245.6337890625,1.0,187.8017120361328,238.3662567138672,1.0,173.1044464111328,237.4586181640625,1.0,237.60926818847656,241.9394989013672,0.023473460227251053,243.08779907226562,242.87364196777344,0.027310147881507874,236.6232147216797,263.864013671875,1.0,192.64984130859375,281.2475891113281,1.0,250.85302734375,280.8089599609375,0.9999997615814209
404,223.1676788330078,223.74122619628906,1.0,233.15621948242188,245.75314331054688,1.0,187.78515625,238.28408813476562,1.0,172.39358520507812,237.85659790039062,1.0,236.1409149169922,241.186767578125,0.024308765307068825,243.063232421875,243.00820922851562,0.023056751117110252,236.60861206054688,263.9006652832031,1.0,192.7221221923828,281.06231689453125,1.0,250.525146484375,281.02105712890625,0.9999997615814209
405,223.03878784179688,223.70407104492188,1.0,233.0658416748047,245.76170349121094,1.0,187.81105041503906,238.30941772460938,1.0,172.28582763671875,237.82308959960938,1.0,236.09188842773438,241.0986328125,0.015938496217131615,242.95469665527344,242.8392791748047,0.010363666340708733,236.41970825195312,263.8856201171875,1.0,192.3745880126953,280.9717102050781,1.0,250.42282104492188,281.1407775878906,0.9999995231628418
406,222.98658752441406,223.74867248535156,1.0,232.90750122070312,245.7989044189453,1.0,187.70272827148438,238.388671875,1.0,172.30690002441406,237.67138671875,1.0,236.08644104003906,241.1689453125,0.0052495077252388,242.96316528320312,242.83775329589844,0.004809011239558458,236.31301879882812,263.9549560546875,1.0,191.82676696777344,280.5126647949219,1.0,250.35951232910156,281.00738525390625,0.9999996423721313
407,222.79661560058594,223.78067016601562,1.0,232.83766174316406,245.72357177734375,1.0,187.6023712158203,238.40257263183594,1.0,171.97662353515625,237.7358856201172,1.0,236.0736846923828,241.27749633789062,0.00561793427914381,243.0521240234375,242.89515686035156,0.00355949392542243,236.202392578125,263.9071960449219,1.0,191.1758270263672,280.64398193359375,1.0,250.3598175048828,280.9548645019531,0.9999996423721313
408,223.4428253173828,224.0670623779297,1.0,232.9763641357422,245.88111877441406,1.0,187.89633178710938,238.69569396972656,1.0,172.95753479003906,237.44329833984375,1.0,236.2623291015625,241.9378204345703,0.004452820867300034,243.4226531982422,243.4447021484375,0.005996369756758213,236.1976318359375,263.9822082519531,1.0,191.0150604248047,280.6704406738281,1.0,250.36488342285156,281.2260437011719,0.9999995231628418
409,223.17262268066406,224.10728454589844,1.0,232.81922912597656,245.774169921875,1.0,187.81190490722656,238.5106964111328,1.0,172.40599060058594,237.54734802246094,1.0,238.2065887451172,241.7586669921875,0.005345263052731752,243.3656768798828,243.41229248046875,0.006751659791916609,236.04151916503906,263.8801574707031,1.0,191.1267852783203,280.70098876953125,1.0,250.49122619628906,281.1743469238281,0.9999996423721313
410,222.73497009277344,224.03973388671875,1.0,232.44468688964844,245.76406860351562,1.0,187.66448974609375,238.5314178466797,1.0,171.80943298339844,237.82334899902344,1.0,238.0760498046875,241.92828369140625,0.008866462856531143,243.1519775390625,243.4014892578125,0.012565149925649166,235.9084930419922,263.62750244140625,1.0,191.37562561035156,280.7503662109375,1.0,250.61456298828125,281.0414733886719,0.9999997615814209
411,222.82017517089844,223.90911865234375,1.0,232.51063537597656,245.73060607910156,1.0,187.4721221923828,238.52401733398438,1.0,171.678955078125,237.823974609375,1.0,238.0675811767578,241.81976318359375,0.007758541963994503,243.123046875,243.37351989746094,0.007331192493438721,235.91893005371094,263.6987609863281,1.0,191.1783447265625,280.9789733886719,1.0,250.3765106201172,281.2131042480469,0.9999996423721313
412,222.19107055664062,223.888916015625,1.0,232.24281311035156,245.66709899902344,1.0,187.51878356933594,238.5749969482422,1.0,171.7000732421875,237.76788330078125,1.0,237.1251983642578,242.33839416503906,0.01314049493521452,242.9639434814453,243.3061065673828,0.010065744630992413,235.74185180664062,263.56549072265625,1.0,191.10089111328125,281.015380859375,1.0,250.21084594726562,281.25592041015625,0.9999995231628418
413,222.27322387695312,223.92913818359375,1.0,232.11817932128906,245.67449951171875,1.0,187.6124267578125,238.54957580566406,1.0,171.77394104003906,237.7970733642578,1.0,237.01953125,242.26292419433594,0.017812605947256088,242.85585021972656,243.19577026367188,0.00903533399105072,235.49110412597656,263.5524597167969,1.0,190.9647674560547,280.8637390136719,1.0,249.89793395996094,281.3105163574219,0.9999992847442627
414,222.13998413085938,224.14146423339844,1.0,231.8629150390625,245.74563598632812,1.0,187.3688201904297,238.6405487060547,1.0,171.7049102783203,237.73509216308594,1.0,236.76296997070312,242.3090362548828,0.02405589073896408,242.64659118652344,243.234375,0.018012603744864464,235.23402404785156,263.4353332519531,1.0,190.8497772216797,281.0686340332031,1.0,249.84364318847656,280.9790954589844,0.9999995231628418
415,222.11790466308594,224.17758178710938,1.0,231.73338317871094,245.63636779785156,1.0,187.28733825683594,238.56919860839844,1.0,171.54751586914062,237.9673614501953,1.0,236.54855346679688,242.2296142578125,0.04676373675465584,242.5228271484375,243.22828674316406,0.02956313081085682,235.1331329345703,263.3240051269531,1.0,190.84837341308594,281.06610107421875,1.0,249.7744903564453,281.18450927734375,0.9999995231628418
416,221.2993621826172,224.14198303222656,1.0,231.46600341796875,245.60606384277344,1.0,186.86122131347656,238.63262939453125,1.0,171.45880126953125,238.11941528320312,1.0,236.2283172607422,242.0745086669922,0.03474447503685951,242.26602172851562,243.09519958496094,0.026792356744408607,234.93179321289062,263.3926696777344,1.0,190.73330688476562,281.22064208984375,1.0,249.8555145263672,281.1158752441406,0.9999995231628418
417,220.9407196044922,224.3078155517578,1.0,231.2668914794922,245.7987518310547,1.0,186.64698791503906,238.5778045654297,1.0,171.3462677001953,237.9713592529297,1.0,235.89857482910156,242.15469360351562,0.07352615892887115,241.9727783203125,243.11395263671875,0.05985935032367706,234.83523559570312,263.3865661621094,1.0,190.6175994873047,281.232421875,1.0,249.87876892089844,280.7359924316406,0.9999996423721313
418,220.57150268554688,224.14682006835938,1.0,231.13150024414062,245.83009338378906,1.0,186.58518981933594,238.63412475585938,1.0,171.38233947753906,238.0718994140625,1.0,235.11746215820312,241.49349975585938,0.015861177816987038,241.93258666992188,242.850830078125,0.014233233407139778,234.71572875976562,263.4713134765625,1.0,190.626220703125,281.1076354980469,1.0,249.73939514160156,280.7992248535156,0.9999996423721313
419,220.85345458984375,224.1512908935547,1.0,231.17520141601562,245.83580017089844,1.0,186.3077392578125,238.71420288085938,1.0,171.14698791503906,238.03907775878906,1.0,235.30909729003906,241.72860717773438,0.007848715409636497,242.31454467773438,243.19515991210938,0.0069024874828755856,234.6047821044922,263.4124450683594,1.0,190.59547424316406,281.224853515625,1.0,248.990478515625,281.3443298339844,0.9999986886978149
420,221.07330322265625,224.80870056152344,1.0,230.97254943847656,245.9652862548828,1.0,186.32875061035156,239.05433654785156,1.0,171.02951049804688,238.14871215820312,1.0,235.12838745117188,241.89031982421875,0.010143455117940903,241.926513671875,243.2981414794922,0.021655762568116188,234.27352905273438,263.3326110839844,1.0,190.1748046875,281.46343994140625,1.0,249.13412475585938,280.2724609375,0.9999996423721313
421,220.783203125,224.6078643798828,1.0,230.8227081298828,245.89614868164062,1.0,186.09051513671875,239.01499938964844,1.0,170.93844604492188,238.19708251953125,1.0,235.00991821289062,241.73196411132812,0.009265347383916378,241.789794921875,243.2378387451172,0.015420968644320965,234.16543579101562,263.3755798339844,1.0,190.01858520507812,281.19720458984375,1.0,248.65467834472656,281.4419860839844,0.9999996423721313
422,220.26705932617188,224.42845153808594,1.0,230.63401794433594,245.89894104003906,1.0,185.71128845214844,239.01698303222656,1.0,170.74990844726562,238.1638946533203,1.0,234.947998046875,241.74700927734375,0.008770727552473545,241.73597717285156,243.19674682617188,0.019073138013482094,234.01913452148438,263.27362060546875,1.0,190.06985473632812,281.3634338378906,1.0,249.20498657226562,280.2142028808594,0.9999994039535522
423,220.20965576171875,224.169677734375,1.0,230.38165283203125,245.72659301757812,1.0,185.66781616210938,238.89791870117188,1.0,170.6387176513672,238.179443359375,1.0,234.99905395507812,241.75991821289062,0.006389755755662918,241.94769287109375,243.10552978515625,0.012011147104203701,233.8950653076172,263.01580810546875,1.0,190.00778198242188,281.37939453125,1.0,248.7192840576172,281.4678649902344,0.9999992847442627
424,219.8284454345703,224.20326232910156,1.0,230.45809936523438,245.73548889160156,1.0,185.40065002441406,238.94117736816406,1.0,170.51071166992188,238.10943603515625,1.0,234.97872924804688,241.6022186279297,0.004960477352142334,241.86331176757812,243.1699676513672,0.007406929507851601,233.98324584960938,263.1647644042969,1.0,189.9288330078125,281.5340270996094,1.0,249.03138732910156,280.2940979003906,0.9999992847442627
425,219.5184783935547,224.1988525390625,1.0,230.5166015625,245.7796173095703,1.0,185.2895965576172,238.9100341796875,1.0,170.46983337402344,238.10824584960938,1.0,234.92591857910156,241.64266967773438,0.011469109915196896,241.68035888671875,243.22076416015625,0.012277865782380104,233.9530029296875,263.2396545410156,1.0,189.95843505859375,281.4902648925781,1.0,249.0128173828125,280.33770751953125,0.9999994039535522
426,219.56520080566406,224.08709716796875,1.0,230.49191284179688,245.78819274902344,1.0,185.19102478027344,238.84068298339844,1.0,170.41781616210938,238.02870178222656,1.0,235.02163696289062,241.56649780273438,0.005754680372774601,241.83734130859375,243.2895965576172,0.006702195852994919,234.00584411621094,263.15093994140625,1.0,189.83543395996094,281.56365966796875,1.0,248.93321228027344,280.54644775390625,0.9999996423721313
427,219.57199096679688,223.9831085205078,1.0,230.38296508789062,245.64077758789062,1.0,185.15785217285156,238.83236694335938,1.0,170.366943359375,238.15032958984375,1.0,235.07562255859375,241.52938842773438,0.006521022412925959,241.80039978027344,243.2340545654297,0.009893407113850117,233.76385498046875,263.0364685058594,1.0,189.748291015625,281.5065002441406,1.0,248.9070587158203,280.7633361816406,0.9999996423721313
428,220.2147216796875,224.12554931640625,1.0,230.3133087158203,245.5153350830078,1.0,185.26968383789062,238.85263061523438,1.0,170.2101593017578,238.21656799316406,1.0,235.21539306640625,241.58412170410156,0.004667093511670828,242.0063934326172,243.1985321044922,0.009282341226935387,233.5796356201172,263.0043640136719,1.0,189.7804718017578,281.4764709472656,1.0,248.99732971191406,280.8197937011719,0.9999996423721313
429,220.30300903320312,224.14259338378906,1.0,230.28854370117188,245.57115173339844,1.0,185.18008422851562,238.8150177001953,1.0,170.19976806640625,238.21160888671875,1.0,235.14085388183594,241.58047485351562,0.00486774742603302,241.86929321289062,243.19268798828125,0.009720022790133953,233.58905029296875,263.10089111328125,1.0,189.7696990966797,281.4621887207031,1.0,248.939453125,280.64166259765625,0.9999996423721313
430,220.11065673828125,224.17108154296875,1.0,230.1652374267578,245.6370086669922,1.0,185.08103942871094,238.8026885986328,1.0,170.2199249267578,238.15550231933594,1.0,235.06875610351562,241.57640075683594,0.0045817517675459385,241.8018341064453,243.2191619873047,0.008685155771672726,233.45516967773438,263.0848693847656,1.0,189.69741821289062,281.471435546875,1.0,248.75881958007812,280.77276611328125,0.9999997615814209
431,219.90931701660156,224.29202270507812,1.0,230.07308959960938,245.6834716796875,1.0,185.111328125,238.9614715576172,1.0,170.05665588378906,238.13331604003906,1.0,234.87347412109375,241.60293579101562,0.01053426880389452,241.4445343017578,243.27578735351562,0.01712236925959587,233.4006805419922,263.1897888183594,1.0,189.6271514892578,281.32049560546875,1.0,248.552001953125,280.71051025390625,0.9999998807907104
432,219.34263610839844,223.95591735839844,1.0,229.86961364746094,245.24351501464844,1.0,185.11477661132812,239.08131408691406,1.0,170.1224365234375,238.20828247070312,1.0,234.2962188720703,241.27816772460938,0.03469250723719597,241.0089569091797,243.01055908203125,0.024116378277540207,233.03199768066406,263.2691650390625,1.0,189.72792053222656,281.5089111328125,1.0,248.27622985839844,280.6536560058594,0.9999997615814209
433,218.9870147705078,223.96026611328125,1.0,229.79885864257812,245.1571807861328,1.0,184.95066833496094,239.19744873046875,1.0,170.09567260742188,238.26806640625,1.0,234.40464782714844,241.2372283935547,0.02851705253124237,240.9522705078125,243.05519104003906,0.026026524603366852,232.95449829101562,263.2353820800781,1.0,189.92237854003906,281.7527160644531,1.0,248.3216552734375,280.67236328125,0.9999997615814209
434,219.00518798828125,224.0823211669922,1.0,229.82948303222656,245.22373962402344,1.0,184.8023223876953,239.08755493164062,1.0,169.74021911621094,238.24172973632812,1.0,234.44058227539062,241.46109008789062,0.01949498988687992,241.1060028076172,243.21324157714844,0.017525503411889076,232.93222045898438,263.10040283203125,1.0,189.66819763183594,281.6481628417969,1.0,248.4372100830078,280.60528564453125,0.9999997615814209
435,218.9596405029297,223.88253784179688,1.0,229.40853881835938,245.1691436767578,1.0,184.61761474609375,239.09906005859375,1.0,169.63824462890625,238.3218231201172,1.0,234.47732543945312,241.50372314453125,0.00983154121786356,241.05357360839844,243.21678161621094,0.0163895133882761,232.52096557617188,263.1090087890625,1.0,189.51148986816406,281.71575927734375,1.0,247.88050842285156,280.7163391113281,0.9999997615814209
436,218.88656616210938,223.95932006835938,1.0,229.3589324951172,245.18028259277344,1.0,184.61509704589844,238.88394165039062,1.0,169.48526000976562,238.23687744140625,1.0,234.4623260498047,241.43231201171875,0.0075803580693900585,240.97381591796875,243.0693359375,0.01891750656068325,232.5313262939453,263.0099182128906,1.0,189.49755859375,281.6420593261719,1.0,247.9208526611328,280.3717041015625,0.9999997615814209
437,218.76275634765625,223.76219177246094,1.0,229.07656860351562,245.19912719726562,1.0,184.47857666015625,238.9703826904297,1.0,169.37680053710938,238.24014282226562,1.0,234.34011840820312,241.55784606933594,0.010462429374456406,240.8829803466797,243.16517639160156,0.023464923724532127,232.2307891845703,262.9259338378906,1.0,189.21588134765625,281.802734375,1.0,248.02487182617188,280.2202453613281,0.9999997615814209
438,218.9622344970703,223.9271697998047,1.0,229.0729217529297,245.38360595703125,1.0,184.20700073242188,238.9972381591797,1.0,169.18756103515625,238.406005859375,1.0,234.3372802734375,241.65658569335938,0.005718677304685116,240.9296417236328,243.22268676757812,0.015799984335899353,232.18458557128906,262.919677734375,1.0,189.37173461914062,281.7399597167969,1.0,247.65505981445312,280.4795837402344,0.9999998807907104
439,219.05369567871094,223.94656372070312,1.0,229.1007537841797,245.41160583496094,1.0,184.23910522460938,238.9691619873047,1.0,169.17727661132812,238.35528564453125,1.0,234.4477996826172,241.30572509765625,0.004776892717927694,240.9382781982422,243.0920867919922,0.015832139179110527,232.08734130859375,263.04833984375,1.0,189.15115356445312,281.7861633300781,1.0,247.6631317138672,280.40814208984375,0.9999997615814209
440,218.90940856933594,223.95652770996094,1.0,228.99295043945312,245.40692138671875,1.0,184.20277404785156,239.1045379638672,1.0,168.9498748779297,238.45870971679688,1.0,233.9446563720703,241.54568481445312,0.020829306915402412,240.6578369140625,243.1173858642578,0.037575434893369675,232.00022888183594,262.9768371582031,1.0,189.31027221679688,281.8110656738281,1.0,247.7995147705078,280.3627014160156,0.9999998807907104
441,218.86456298828125,224.2451934814453,1.0,228.9860076904297,245.48361206054688,1.0,184.15463256835938,239.1676483154297,1.0,168.8083953857422,238.7212677001953,1.0,233.85482788085938,241.52540588378906,0.02087625488638878,240.4977569580078,243.02980041503906,0.050813913345336914,231.94981384277344,262.9805603027344,1.0,189.20750427246094,281.4696044921875,1.0,247.77774047851562,280.4093322753906,0.9999998807907104
442,218.9609375,224.18324279785156,1.0,228.99624633789062,245.49359130859375,1.0,184.07164001464844,239.29017639160156,1.0,168.76620483398438,238.8646240234375,1.0,233.73358154296875,241.5616912841797,0.023701682686805725,240.3415985107422,243.06524658203125,0.05646565556526184,231.90269470214844,263.01806640625,1.0,189.26756286621094,281.56671142578125,1.0,247.6761932373047,280.5514221191406,0.9999998807907104
443,218.82940673828125,224.3149871826172,1.0,228.7738494873047,245.69671630859375,1.0,183.94631958007812,239.32850646972656,1.0,168.7498016357422,238.98724365234375,1.0,233.4956512451172,241.65625,0.05884556099772453,240.0004119873047,243.12673950195312,0.11232905834913254,231.62782287597656,263.1436462402344,1.0,188.92837524414062,281.5354919433594,1.0,247.77822875976562,280.4005432128906,0.9999998807907104
444,218.3933868408203,224.79592895507812,1.0,228.6068115234375,245.9254608154297,1.0,183.29908752441406,239.68031311035156,1.0,168.1991729736328,238.8916473388672,1.0,233.27066040039062,241.80343627929688,0.15409570932388306,239.724853515625,243.29737854003906,0.19698067009449005,231.6017608642578,263.1980895996094,1.0,187.50668334960938,281.91748046875,1.0,247.19415283203125,280.77960205078125,0.9999997615814209
445,215.0833740234375,224.98126220703125,1.0,224.50662231445312,246.817138671875,1.0,181.66412353515625,240.66485595703125,1.0,167.0124969482422,239.6431884765625,1.0,230.81494140625,242.7852020263672,0.12394043803215027,237.34274291992188,244.20291137695312,0.07238555699586868,228.51284790039062,262.66058349609375,1.0,185.87574768066406,281.6686706542969,1.0,244.7357940673828,280.1926574707031,0.9999997615814209
446,201.4147186279297,228.93502807617188,0.9999979734420776,216.71209716796875,250.56739807128906,0.9999575614929199,175.37994384765625,246.84423828125,0.08779700845479965,157.4999237060547,245.4882354736328,0.9999964237213135,220.40936279296875,244.4356689453125,0.003495526732876897,224.07321166992188,237.31077575683594,0.010885377414524555,219.23641967773438,268.68353271484375,0.9943470358848572,163.8786163330078,277.5970153808594,0.9999990463256836,226.85191345214844,280.1510314941406,0.9157279133796692
447,177.9487762451172,228.20738220214844,1.0,174.36859130859375,245.86505126953125,1.0,153.68594360351562,243.4625701904297,0.9998947381973267,138.37123107910156,241.9145050048828,0.9999990463256836,204.99485778808594,247.4937286376953,0.9429949522018433,214.7642059326172,244.90875244140625,1.0,173.59588623046875,258.6170959472656,1.0,140.55685424804688,275.64349365234375,0.9999997615814209,205.4849853515625,276.59649658203125,1.0
448,165.05413818359375,221.17498779296875,1.0,158.1428985595703,238.3290252685547,1.0,142.0501708984375,240.27978515625,0.9999754428863525,131.5615997314453,239.75930786132812,0.9999984502792358,194.1036834716797,244.1178741455078,0.9999994039535522,206.83078002929688,242.93528747558594,1.0,156.51429748535156,252.16427612304688,1.0,127.43675231933594,270.4151916503906,0.9999998807907104,193.471923828125,275.8042297363281,1.0
449,158.46678161621094,215.01380920410156,1.0,150.3587188720703,233.06549072265625,1.0,136.5961151123047,234.90460205078125,0.9896148443222046,129.42491149902344,233.33628845214844,0.9879565834999084,186.5688934326172,237.23370361328125,1.0,200.75946044921875,238.1226348876953,1.0,149.37576293945312,244.98165893554688,1.0,124.11066436767578,266.251220703125,0.9999998807907104,185.55780029296875,270.9684753417969,1.0
450,153.4391326904297,212.28817749023438,1.0,146.56661987304688,230.37002563476562,1.0,135.14639282226562,232.9087371826172,0.9924277663230896,126.19420623779297,231.8441619873047,0.9827464818954468,184.38900756835938,235.0120086669922,1.0,197.422607421875,235.77467346191406,1.0,144.6150665283203,242.064453125,1.0,120.48932647705078,265.6465759277344,0.9999998807907104,183.1395263671875,268.9416809082031,1.0
451,147.461669921875,210.7801971435547,1.0,139.5720672607422,230.8411407470703,1.0,130.0875244140625,231.39349365234375,0.2340695708990097,122.4921646118164,231.60684204101562,0.025557802990078926,180.6233367919922,232.66604614257812,1.0,193.32308959960938,232.42266845703125,1.0,136.79733276367188,243.07366943359375,1.0,113.21516418457031,263.81640625,1.0,176.55819702148438,266.76214599609375,1.0
452,143.04515075683594,209.7041015625,1.0,131.17433166503906,229.81243896484375,1.0,127.1421127319336,226.77943420410156,0.0043951403349637985,122.38968658447266,227.9764404296875,0.0008481627446599305,176.46444702148438,232.31134033203125,1.0,189.20144653320312,233.3411407470703,1.0,126.24612426757812,243.02719116210938,1.0,107.73970031738281,261.8852233886719,0.9999996423721313,168.27890014648438,269.0017395019531,1.0
453,135.83743286132812,205.58607482910156,1.0,119.1540298461914,224.07357788085938,1.0,116.26210021972656,219.1901092529297,0.0010160590754821897,120.14214324951172,199.1688232421875,0.00031340689747594297,167.3694610595703,227.7858123779297,1.0,178.45343017578125,227.51622009277344,1.0,113.79988098144531,235.93409729003906,1.0,101.64662170410156,258.0484313964844,0.32209455966949463,157.51304626464844,265.83319091796875,1.0
454,126.15737915039062,204.86790466308594,1.0,107.51581573486328,221.84181213378906,1.0,99.97410583496094,216.99940490722656,0.0005351374857127666,82.50110626220703,207.006103515625,0.0006422657752409577,151.61907958984375,226.76560974121094,1.0,162.5711669921875,227.91770935058594,1.0,95.59142303466797,234.87559509277344,1.0,84.00602722167969,255.9144744873047,0.1844349205493927,136.4824676513672,265.0383605957031,1.0
455,123.85138702392578,203.9939727783203,1.0,105.89655303955078,220.7687530517578,1.0,98.96766662597656,215.95965576171875,0.0010601150570437312,93.42340087890625,215.63909912109375,0.0007561272941529751,148.28860473632812,224.84585571289062,1.0,158.91476440429688,226.9971466064453,1.0,93.09839630126953,232.7796173095703,1.0,81.39675903320312,255.03326416015625,0.015641212463378906,131.6932830810547,265.5498962402344,1.0
456,127.82228088378906,198.51206970214844,1.0,106.48494720458984,212.7796173095703,0.9999997615814209,96.83641052246094,214.4070281982422,0.00030664537916891277,80.46041870117188,191.1967010498047,0.0005618535215035081,148.3528289794922,221.03038024902344,0.9934282898902893,153.97116088867188,220.59698486328125,0.9969711303710938,90.82484436035156,225.89686584472656,1.0,145.26602172851562,255.1389923095703,0.0002340061473660171,125.61666870117188,259.6059875488281,0.9999997615814209
457,124.8686752319336,199.38807678222656,0.9999997615814209,104.58911895751953,216.94517517089844,0.9992687106132507,117.69489288330078,211.1693115234375,0.02544802986085415,118.90508270263672,213.63172912597656,0.051164958626031876,137.2893524169922,215.97100830078125,0.026129242032766342,138.50051879882812,217.2755889892578,0.36751896142959595,88.50545501708984,228.31100463867188,0.9987177848815918,150.042724609375,252.16348266601562,0.0014119786210358143,102.64120483398438,255.4500274658203,0.9702156782150269
458,202.77459716796875,186.47959899902344,1.581303877173923e-05,200.71038818359375,216.2779083251953,8.52970242704032e-06,-2.3549647331237793,266.89910888671875,2.3174420675786678e-06,206.20489501953125,219.7654266357422,2.750047315203119e-05,2.9413890838623047,234.57167053222656,3.494453494568006e-06,200.9878387451172,216.04364013671875,2.6335454094805755e-05,1.3026905059814453,266.8092346191406,6.075338660593843e-06,225.1280975341797,184.6118621826172,1.2311154478084063e-06,196.40069580078125,218.01734924316406,0.003327266313135624
459,300.2091979980469,260.6754455566406,2.0569270418491215e-05,296.4229736328125,255.45162963867188,4.964060281054117e-06,220.71849060058594,316.44775390625,5.731286819354864e-06,142.84043884277344,256.3821716308594,2.4249242414953187e-05,139.27407836914062,253.736328125,8.492730557918549e-06,140.09738159179688,269.0921936035156,1.216556665895041e-05,1.1629002094268799,266.5592041015625,8.261607035819907e-06,209.51524353027344,184.84776306152344,3.3203198199771577e-06,298.4832458496094,266.0304870605469,1.0050976925413124e-05
460,191.70445251464844,154.11819458007812,0.0002181182790081948,186.50946044921875,126.67837524414062,1.550524029880762e-05,108.77748107910156,315.7611389160156,5.805407454317901e-06,109.00912475585938,316.899169921875,8.140119462041184e-06,266.66326904296875,269.1388244628906,5.355543635232607e-06,282.523681640625,282.8908996582031,6.310282333288342e-05,155.64723205566406,132.3305206298828,1.5974826965248212e-05,190.48797607421875,171.30636596679688,4.247513061272912e-05,169.97401428222656,184.02932739257812,0.015915343537926674
461,189.43380737304688,150.26336669921875,4.083569365320727e-05,247.9174346923828,251.3270721435547,1.781954415491782e-05,108.95037841796875,315.8280029296875,6.968932666495675e-06,248.99069213867188,251.44065856933594,1.979568878596183e-05,154.8614501953125,318.3832092285156,5.412532118498348e-06,252.7836151123047,253.49366760253906,0.00010155707423109561,200.97889709472656,130.27162170410156,1.6407782823080197e-05,250.84034729003906,231.51585388183594,2.9533792258007452e-05,266.40283203125,231.58456420898438,3.863306119455956e-05
462,254.69625854492188,226.6088409423828,0.00033347742282785475,248.969970703125,230.4617462158203,0.00021309165458660573,249.41163635253906,237.41268920898438,2.4269971618195996e-05,232.6592559814453,250.1077880859375,3.320108589832671e-05,254.38687133789062,237.9666290283203,1.0581676178844646e-05,239.14279174804688,253.0269012451172,5.42324960406404e-05,251.19253540039062,210.81517028808594,8.691918628755957e-05,232.35816955566406,230.7513427734375,0.000281932414509356,254.99501037597656,231.04116821289062,8.635665290057659e-05
463,252.6358184814453,229.98773193359375,0.005753474775701761,247.1975555419922,233.32408142089844,6.651463627349585e-05,270.2916564941406,251.60009765625,7.107086275937036e-06,92.93954467773438,318.1826171875,2.0657120330724865e-05,251.3150177001953,252.9976043701172,1.976141720660962e-05,254.5330352783203,247.18792724609375,0.00012469390640035272,265.70294189453125,233.18841552734375,1.6245605365838856e-05,253.2751007080078,230.18914794921875,0.00029871505103074014,267.9086608886719,247.00877380371094,4.690955756814219e-05
464,281.3401794433594,257.42822265625,9.057408897206187e-05,266.24847412109375,124.46031188964844,1.5350959074567072e-05,242.2030487060547,316.8563232421875,3.00855899695307e-05,228.2660369873047,316.5550537109375,3.0021446946193464e-05,236.15464782714844,318.1302185058594,2.5762336008483544e-05,280.6098327636719,269.6783447265625,6.147858948679641e-05,266.7436828613281,123.90753173828125,2.6015344701590948e-05,271.812744140625,249.4253692626953,6.667914931313135e-06,280.69775390625,250.24462890625,1.2995064935239498e-05
465,267.2118225097656,325.60955810546875,6.163420039229095e-05,265.95367431640625,138.74281311035156,1.3058373042440508e-05,252.14849853515625,316.8031921386719,1.6949468772509135e-05,92.37812042236328,318.50787353515625,4.958173303748481e-05,236.8292236328125,318.73443603515625,1.4821453987678979e-05,236.9093017578125,317.9666442871094,3.9945010939845815e-05,264.4860534667969,129.9851837158203,2.0268425942049362e-05,194.4414825439453,204.2708282470703,4.413781425682828e-06,262.4671325683594,234.56802368164062,1.0393114280304871e-05
466,251.48074340820312,323.9608459472656,5.911043626838364e-05,264.4912109375,124.6292953491211,3.207804866178776e-06,252.33761596679688,315.78338623046875,3.118022868875414e-05,92.85594940185547,318.39044189453125,2.970020614156965e-05,251.97618103027344,318.33282470703125,2.172727727156598e-05,253.2574920654297,317.3890686035156,7.056877802824602e-05,252.42434692382812,314.4408264160156,9.094436791201588e-06,147.99429321289062,311.70709228515625,2.6610648546920856e-06,297.4633483886719,234.71241760253906,8.636743586976081e-06
467,266.66766357421875,325.2852783203125,8.408258872805163e-05,329.3623046875,190.58457946777344,3.3213552796951262e-06,252.44981384277344,315.9688415527344,2.1203886717557907e-05,236.92527770996094,316.5335693359375,2.3712202164460905e-05,251.86175537109375,318.19378662109375,1.4787780855840538e-05,253.3107452392578,317.3233642578125,5.914996290812269e-05,219.68304443359375,314.1112060546875,9.005540960060898e-06,163.53904724121094,312.0377197265625,2.037920467046206e-06,264.82861328125,233.6845703125,8.957728823588695e-06
468,119.88674926757812,195.39834594726562,0.9940890073776245,106.53946685791016,206.40196228027344,0.013406029902398586,63.13813781738281,204.3439483642578,1.025113851937931e-05,106.71067810058594,230.03370666503906,1.786761640687473e-05,127.60459899902344,231.1697540283203,3.6241504858480766e-05,61.98651885986328,206.09864807128906,2.7942216547671705e-05,90.68045806884766,212.4914093017578,0.7709149718284607,143.09970092773438,203.3107452392578,0.000899578386452049,109.94398498535156,237.98399353027344,0.014717338606715202
469,112.57445526123047,205.19078063964844,1.0,99.769775390625,225.76165771484375,1.0,92.46798706054688,227.50694274902344,0.002463571960106492,66.12947082519531,220.51284790039062,0.000367169821402058,144.22987365722656,222.42185974121094,1.0,156.76144409179688,219.05577087402344,1.0,90.8536605834961,238.71646118164062,0.9999995231628418,83.90121459960938,258.1469421386719,0.0004257881373632699,129.61538696289062,261.2348937988281,0.9999724626541138
470,112.95510864257812,208.82684326171875,1.0,99.50122833251953,230.72471618652344,1.0,93.57252502441406,227.12973022460938,0.0033779956866055727,66.61093139648438,221.31375122070312,0.0006940662860870361,146.00271606445312,225.1562957763672,1.0,159.6918487548828,222.08038330078125,1.0,91.09635925292969,242.61277770996094,1.0,83.00299072265625,259.5096130371094,0.02289356291294098,132.2553253173828,266.14215087890625,0.9999994039535522
471,113.28086853027344,210.39646911621094,1.0,99.97599792480469,231.95545959472656,1.0,94.1532211303711,227.2825469970703,0.002039122860878706,66.20378112792969,222.1367950439453,0.0005721271154470742,146.5354766845703,225.84950256347656,1.0,160.3502655029297,223.14492797851562,1.0,91.35797119140625,244.5144500732422,1.0,83.07105255126953,259.9132080078125,0.09351851791143417,133.18209838867188,266.8533020019531,0.9999996423721313
472,112.55592346191406,211.3850860595703,1.0,99.63275909423828,233.7641143798828,1.0,94.05709075927734,228.5764617919922,0.0007297424599528313,65.73114013671875,222.34764099121094,0.0010149480076506734,146.37435913085938,226.31565856933594,1.0,159.6955108642578,222.9854736328125,1.0,92.11155700683594,246.35581970214844,1.0,83.81816864013672,260.7896423339844,0.09796348959207535,133.36497497558594,267.2964782714844,0.9999995231628418
473,112.02251434326172,213.38693237304688,1.0,99.3491439819336,234.9362030029297,1.0,97.0846176147461,230.24717712402344,0.0015056396368891,66.04022979736328,222.57769775390625,0.00040792356594465673,145.75640869140625,227.01280212402344,1.0,158.98062133789062,223.77877807617188,1.0,91.80859375,248.57794189453125,1.0,83.6298599243164,262.37396240234375,0.07221008837223053,133.0701446533203,268.4207763671875,0.9999996423721313
474,115.72056579589844,213.5806427001953,1.0,100.17554473876953,236.6162109375,1.0,98.63444519042969,229.3293914794922,0.0011888694716617465,90.18921661376953,241.8479766845703,0.0006858425913378596,148.56980895996094,228.31764221191406,1.0,162.2908172607422,226.09909057617188,1.0,92.43196868896484,250.49879455566406,0.9999996423721313,84.66153717041016,266.11358642578125,0.35449764132499695,137.50299072265625,268.0542297363281,0.9999971389770508
475,120.30875396728516,213.70611572265625,1.0,107.75174713134766,237.5926513671875,0.9999997615814209,104.71517181396484,228.59124755859375,0.001626752782613039,197.77967834472656,225.00637817382812,0.00026832547155208886,156.2283172607422,229.9462890625,1.0,171.4814910888672,227.55824279785156,1.0,101.56595611572266,252.80824279785156,0.9999994039535522,95.58566284179688,267.7848205566406,0.9983129501342773,146.7601318359375,269.5958251953125,0.9999996423721313
476,125.3349838256836,214.43417358398438,1.0,118.21922302246094,238.20555114746094,1.0,112.9827651977539,235.61875915527344,0.002942198421806097,103.48329162597656,236.3543701171875,0.0015074528055265546,161.48519897460938,231.1749267578125,1.0,176.2235565185547,228.15354919433594,1.0,114.67339324951172,256.78216552734375,1.0,101.00559997558594,271.0040283203125,0.9999998807907104,154.99337768554688,270.296875,0.999998927116394
477,129.27249145507812,217.5939483642578,1.0,122.69767761230469,243.1300811767578,1.0,118.85501861572266,238.4549560546875,0.9950567483901978,111.40460205078125,240.9112548828125,0.9914451837539673,165.94830322265625,233.30130004882812,1.0,180.91522216796875,229.88389587402344,1.0,120.82337951660156,260.93768310546875,0.9999998807907104,108.0027847290039,275.4820861816406,0.9999994039535522,164.98477172851562,272.01458740234375,0.9999959468841553
478,135.67161560058594,224.21646118164062,1.0,135.03390502929688,247.99575805664062,1.0,122.82239532470703,246.99632263183594,1.0,112.29430389404297,248.8262939453125,1.0,171.82875061035156,234.9939727783203,1.0,187.8493194580078,230.70175170898438,1.0,136.94918823242188,262.9982604980469,0.9999984502792358,114.9613265991211,281.8072204589844,0.9999940395355225,180.1696014404297,273.7437744140625,0.9999992847442627
479,151.75582885742188,224.0316925048828,1.0,154.06845092773438,245.01370239257812,1.0,131.79835510253906,248.0240936279297,0.9946780204772949,116.49665069580078,248.07562255859375,1.0,182.70840454101562,236.93585205078125,0.9999997615814209,194.942626953125,231.33274841308594,1.0,157.768310546875,258.8246154785156,1.0,121.36064147949219,283.5035095214844,0.9999653100967407,193.18008422851562,273.5351867675781,0.9999997615814209
480,163.8553924560547,218.65753173828125,1.0,166.572021484375,239.1400909423828,1.0,138.71444702148438,244.97714233398438,0.9885941743850708,124.14807891845703,245.72401428222656,1.0,192.16580200195312,234.28089904785156,1.0,203.40155029296875,231.46604919433594,1.0,169.83087158203125,253.1775665283203,0.9999998807907104,131.2843475341797,282.1875,0.9999771118164062,201.07064819335938,274.2809753417969,0.9999992847442627
481,167.3289031982422,218.7607879638672,1.0,169.88421630859375,238.05096435546875,1.0,142.10052490234375,244.00540161132812,0.9278194904327393,126.27233123779297,243.8869171142578,1.0,193.69374084472656,233.6100616455078,1.0,205.08432006835938,232.25906372070312,1.0,174.59954833984375,251.91067504882812,1.0,132.80960083007812,282.7247009277344,0.9999868869781494,204.6631317138672,274.662353515625,0.9999998807907104
482,168.90780639648438,219.0823516845703,1.0,171.17652893066406,238.5499267578125,1.0,140.8340606689453,243.7408905029297,0.999569833278656,126.85001373291016,243.48280334472656,1.0,194.0720977783203,234.5199737548828,1.0,205.40855407714844,232.88754272460938,1.0,175.64239501953125,252.68284606933594,1.0,133.36898803710938,283.0401916503906,0.9999632835388184,205.3963623046875,275.477294921875,0.9999998807907104
483,156.1832733154297,223.79452514648438,1.0,159.85313415527344,245.45755004882812,1.0,134.5778045654297,247.09442138671875,0.9999189376831055,119.02479553222656,247.66201782226562,1.0,184.65036010742188,235.70228576660156,0.9999998807907104,196.408935546875,232.33248901367188,1.0,162.76011657714844,258.36083984375,1.0,125.04396057128906,283.99310302734375,0.9999468326568604,197.3018341064453,272.85687255859375,0.999998927116394
484,146.08438110351562,225.90185546875,1.0,145.87818908691406,247.37936401367188,1.0,125.9758529663086,248.10305786132812,1.0,113.67868041992188,249.422607421875,1.0,177.8660888671875,237.5253143310547,1.0,192.72438049316406,234.9664306640625,1.0,149.0631561279297,261.2910461425781,1.0,119.52507019042969,284.09503173828125,0.9999980926513672,188.01077270507812,276.08917236328125,1.0
485,144.0258026123047,225.58364868164062,1.0,144.45469665527344,247.01856994628906,1.0,125.22513580322266,248.11660766601562,1.0,112.57865905761719,250.20864868164062,1.0,175.7301483154297,237.0343475341797,1.0,191.6405487060547,234.23350524902344,1.0,146.72885131835938,261.9349365234375,1.0,118.58006286621094,283.93878173828125,0.9999996423721313,186.4768829345703,276.4322509765625,1.0
486,143.00144958496094,226.5027313232422,1.0,143.324462890625,247.40016174316406,1.0,124.90483856201172,248.10195922851562,1.0,112.19961547851562,250.6483612060547,1.0,175.5579833984375,236.58526611328125,1.0,191.4841766357422,234.06845092773438,1.0,145.36016845703125,262.29833984375,1.0,118.1464614868164,283.9484558105469,0.9999997615814209,185.19248962402344,276.2341003417969,1.0
487,142.4824981689453,226.4549102783203,1.0,142.5816192626953,247.40000915527344,1.0,124.55628204345703,247.9249267578125,1.0,112.22681427001953,250.93658447265625,1.0,175.05780029296875,236.7551727294922,1.0,191.26486206054688,233.994140625,1.0,144.3766632080078,262.5793151855469,1.0,117.83719635009766,283.5802917480469,1.0,184.53219604492188,276.0634765625,1.0
488,142.32040405273438,226.38275146484375,1.0,141.89718627929688,247.2988739013672,1.0,124.43466186523438,248.01121520996094,1.0,112.1060791015625,251.09588623046875,1.0,174.50108337402344,236.67408752441406,1.0,190.4437255859375,234.0327606201172,1.0,143.33900451660156,262.48907470703125,1.0,117.54472351074219,283.6880798339844,1.0,183.20396423339844,276.1854553222656,1.0
489,141.06285095214844,226.83526611328125,1.0,140.7679443359375,247.50445556640625,1.0,123.98633575439453,248.12591552734375,1.0,111.88490295410156,251.61952209472656,1.0,174.39186096191406,236.86695861816406,1.0,190.36585998535156,234.1478271484375,1.0,141.88050842285156,262.693359375,1.0,117.03112030029297,283.84527587890625,0.9999998807907104,182.14830017089844,276.1562194824219,1.0
490,140.90374755859375,226.93841552734375,1.0,140.2735595703125,247.4259490966797,1.0,124.12874603271484,248.2296905517578,1.0,112.25439453125,251.68197631835938,1.0,174.1577606201172,236.92356872558594,1.0,190.2491912841797,234.04856872558594,1.0,141.43557739257812,262.6702575683594,1.0,116.7898178100586,283.8116455078125,1.0,181.7550048828125,275.9744873046875,1.0
491,140.47207641601562,227.18203735351562,1.0,139.7516632080078,247.63047790527344,1.0,123.94391632080078,248.3196258544922,1.0,112.04610443115234,251.7536163330078,1.0,173.76007080078125,237.10098266601562,1.0,189.88455200195312,234.16519165039062,1.0,140.89385986328125,262.8266296386719,1.0,116.55093383789062,283.9911804199219,0.9999998807907104,181.4671173095703,275.8957824707031,1.0
492,140.22067260742188,226.9063262939453,1.0,139.37318420410156,247.8761444091797,1.0,124.02910614013672,248.185546875,1.0,111.79381561279297,251.7477264404297,1.0,173.3031005859375,237.08343505859375,1.0,189.80213928222656,234.31394958496094,1.0,140.6082000732422,263.1106262207031,1.0,116.54385375976562,284.13409423828125,0.9999998807907104,181.243408203125,275.9215393066406,1.0
493,140.74221801757812,226.85400390625,1.0,139.3321990966797,247.8683319091797,1.0,124.04103088378906,248.20631408691406,1.0,111.75528717041016,251.87701416015625,1.0,173.41319274902344,237.09713745117188,1.0,189.7602996826172,234.4550323486328,1.0,140.4327392578125,263.1153869628906,1.0,116.60130310058594,284.110107421875,0.9999998807907104,181.09185791015625,275.9048767089844,1.0
494,140.57257080078125,226.71070861816406,1.0,140.3233642578125,247.87109375,1.0,124.02570343017578,248.19949340820312,1.0,111.78652954101562,251.99075317382812,1.0,173.4330291748047,236.1342315673828,1.0,190.03945922851562,233.495361328125,1.0,142.0091552734375,263.0953063964844,1.0,117.6564712524414,284.25762939453125,0.9999998807907104,182.53289794921875,275.5923156738281,1.0
495,143.82785034179688,225.42794799804688,1.0,143.29391479492188,246.19479370117188,1.0,125.33502197265625,247.24041748046875,1.0,112.0201644897461,250.93045043945312,1.0,176.4935302734375,234.27684020996094,1.0,191.57684326171875,233.2791748046875,1.0,145.6150665283203,261.04986572265625,1.0,119.09382629394531,283.9724426269531,0.9999998807907104,184.4559326171875,275.3643493652344,1.0
496,144.50401306152344,224.8048553466797,1.0,144.21302795410156,245.98220825195312,1.0,125.80726623535156,246.90139770507812,1.0,112.49649810791016,250.93658447265625,1.0,177.0578155517578,234.72027587890625,1.0,191.8361358642578,233.1912841796875,1.0,146.49562072753906,260.6529541015625,1.0,119.96455383300781,283.44970703125,0.9999997615814209,185.2696533203125,275.076904296875,1.0
497,145.22047424316406,224.65740966796875,1.0,145.14617919921875,245.78807067871094,1.0,125.83602905273438,246.54371643066406,1.0,112.65319061279297,250.83287048339844,1.0,177.74508666992188,234.4038543701172,1.0,192.52159118652344,233.2341766357422,1.0,148.1607208251953,260.349609375,1.0,120.55032348632812,283.43023681640625,0.9999996423721313,185.99978637695312,274.8825378417969,1.0
498,145.47711181640625,224.87969970703125,1.0,145.60520935058594,245.66036987304688,1.0,125.97563171386719,246.3934783935547,1.0,112.74974060058594,250.7887725830078,1.0,177.69996643066406,234.49937438964844,1.0,192.50491333007812,233.2505645751953,1.0,148.6638946533203,259.95440673828125,1.0,120.73639678955078,283.2578430175781,0.9999992847442627,186.53741455078125,274.5688781738281,1.0
499,146.05703735351562,224.73646545410156,1.0,146.11517333984375,245.42715454101562,1.0,126.20665740966797,246.39691162109375,1.0,112.90225982666016,250.66781616210938,1.0,178.02186584472656,234.56675720214844,1.0,192.97909545898438,233.13742065429688,1.0,149.1968994140625,260.0406188964844,1.0,120.92514038085938,283.2059020996094,0.9999995231628418,185.28260803222656,274.2936096191406,1.0
500,147.5528564453125,224.3963165283203,1.0,147.72218322753906,245.09689331054688,1.0,127.58891296386719,246.3762969970703,1.0,114.35624694824219,249.9755859375,1.0,179.01853942871094,234.54579162597656,1.0,193.72836303710938,233.03744506835938,1.0,149.73843383789062,259.3133544921875,1.0,121.82024383544922,283.24249267578125,0.9999997615814209,187.0426025390625,273.9780578613281,1.0
501,150.08905029296875,223.70176696777344,1.0,150.63682556152344,245.1703338623047,1.0,129.31121826171875,246.07752990722656,1.0,116.45752716064453,250.04176330566406,1.0,181.13844299316406,235.50735473632812,1.0,194.5811309814453,233.0837860107422,1.0,153.77536010742188,259.5429382324219,1.0,123.32442474365234,283.7342529296875,0.9999995231628418,190.0680694580078,274.4422912597656,1.0
502,152.0125274658203,223.45205688476562,1.0,152.6080780029297,245.13015747070312,1.0,131.2816162109375,246.71795654296875,1.0,117.4794921875,249.95533752441406,1.0,183.15823364257812,235.8634490966797,1.0,196.95973205566406,233.68162536621094,1.0,155.93658447265625,259.617919921875,1.0,123.93572998046875,284.7130126953125,0.9999969005584717,191.4447784423828,275.0019226074219,1.0
503,152.169677734375,223.78073120117188,1.0,152.8520965576172,245.00540161132812,1.0,130.61172485351562,246.84901428222656,1.0,117.58431243896484,250.17391967773438,1.0,183.74142456054688,236.61495971679688,1.0,197.38784790039062,233.5152587890625,1.0,155.90432739257812,259.2429504394531,1.0,124.08194732666016,284.8443908691406,0.9999964237213135,192.00291442871094,274.93096923828125,1.0
504,153.0287628173828,224.37188720703125,1.0,153.96990966796875,245.0288848876953,1.0,131.60140991210938,247.16607666015625,1.0,117.63898468017578,250.34768676757812,1.0,183.03314208984375,237.33450317382812,1.0,196.7845916748047,234.07681274414062,1.0,156.62655639648438,259.2285461425781,1.0,124.92453002929688,285.00897216796875,0.9999969005584717,192.34388732910156,274.9615173339844,1.0
505,152.7451171875,224.71334838867188,1.0,153.7498321533203,245.4644012451172,1.0,131.1785430908203,247.959228515625,1.0,117.2931900024414,250.33763122558594,1.0,182.8336639404297,237.2515106201172,1.0,196.65557861328125,234.00689697265625,1.0,156.98426818847656,259.5526123046875,1.0,125.0147933959961,285.189697265625,0.9999974966049194,192.86883544921875,275.1112976074219,1.0
506,152.30966186523438,225.58370971679688,1.0,153.74281311035156,246.25843811035156,1.0,131.2600555419922,248.71856689453125,1.0,117.09857177734375,250.7769012451172,1.0,182.87442016601562,237.90365600585938,1.0,196.66001892089844,233.51490783691406,1.0,157.20033264160156,260.1161804199219,1.0,124.92330169677734,285.63421630859375,0.999998927116394,192.71182250976562,275.2451171875,1.0
507,152.45533752441406,225.31442260742188,1.0,154.0033721923828,246.20172119140625,1.0,131.3159637451172,248.79367065429688,1.0,117.5156478881836,250.99911499023438,1.0,182.59521484375,237.8682403564453,1.0,196.3356170654297,233.67425537109375,1.0,157.4148712158203,260.24420166015625,1.0,125.36367797851562,285.9842529296875,0.999996542930603,192.8665771484375,275.45977783203125,1.0
508,152.27471923828125,225.55201721191406,1.0,153.99989318847656,246.12701416015625,1.0,131.0705108642578,248.8431396484375,1.0,117.56832122802734,251.0001678466797,1.0,182.1190643310547,237.7864227294922,1.0,196.1688995361328,233.7464141845703,1.0,157.4546356201172,260.34027099609375,1.0,125.41822814941406,285.9272766113281,0.9999967813491821,193.18951416015625,275.28125,1.0
509,152.2595977783203,225.59408569335938,1.0,153.9894256591797,246.16314697265625,1.0,130.96035766601562,248.66317749023438,1.0,117.41625213623047,250.89193725585938,1.0,182.2124786376953,237.94586181640625,1.0,196.19625854492188,233.7797088623047,1.0,157.36248779296875,260.34320068359375,1.0,125.52153778076172,285.8243713378906,0.9999977350234985,193.25347900390625,275.24871826171875,1.0
510,152.55093383789062,225.55929565429688,1.0,154.08734130859375,246.3264923095703,1.0,130.89385986328125,247.93722534179688,1.0,117.7656478881836,251.2328338623047,1.0,182.08473205566406,237.55331420898438,1.0,196.30088806152344,233.63592529296875,1.0,157.51089477539062,260.7951965332031,1.0,125.42082214355469,285.6572570800781,0.9999938011169434,193.35691833496094,275.38720703125,1.0
511,152.67478942871094,226.4427032470703,1.0,153.89288330078125,246.5467987060547,1.0,131.10496520996094,248.20394897460938,1.0,117.37142944335938,251.0234375,1.0,182.0162353515625,238.1184844970703,1.0,196.54385375976562,234.05978393554688,1.0,157.2433319091797,261.1350402832031,1.0,125.31390380859375,285.69024658203125,0.9999935626983643,193.1069793701172,275.8111572265625,1.0
512,151.8551025390625,226.65585327148438,1.0,151.923583984375,247.31858825683594,1.0,132.02589416503906,248.4222869873047,1.0,118.19855499267578,250.4944305419922,1.0,181.94097900390625,240.1094207763672,1.0,195.8132781982422,234.8912811279297,1.0,154.22494506835938,261.8710632324219,1.0,123.85212707519531,284.8520202636719,0.9999984502792358,190.42147827148438,276.8157653808594,1.0
513,146.96632385253906,222.0198211669922,1.0,144.5382537841797,243.6039581298828,1.0,133.76185607910156,243.84030151367188,0.9999309778213501,122.31491088867188,243.58135986328125,0.9999995231628418,181.37049865722656,239.29217529296875,0.887633204460144,191.1124725341797,234.4960479736328,0.9999998807907104,144.04598999023438,257.3057861328125,0.9999997615814209,120.6844253540039,280.0016784667969,0.9999268054962158,184.75001525878906,275.6622009277344,0.999998927116394
514,139.84930419921875,213.18824768066406,1.0,130.82643127441406,238.35386657714844,0.9999994039535522,128.56356811523438,232.63638305664062,0.03515012562274933,121.47727966308594,231.5720672607422,0.017266258597373962,175.9073028564453,234.31207275390625,0.4577891528606415,188.2892608642578,232.28945922851562,0.9999866485595703,124.26188659667969,251.31590270996094,0.9998551607131958,106.70320129394531,268.95306396484375,0.08273804932832718,114.86921691894531,270.6049499511719,0.0008278388995677233
515,131.8473663330078,210.1543731689453,1.0,114.83230590820312,232.40936279296875,0.9999991655349731,110.3270492553711,228.25738525390625,0.002364115556702018,115.22987365722656,214.63282775878906,0.0004944620886817575,163.2123260498047,231.73233032226562,0.9999628067016602,174.85354614257812,231.17593383789062,1.0,107.21662139892578,245.13885498046875,0.9990102052688599,102.32225799560547,267.6961364746094,0.0019901851192116737,151.46524047851562,268.7486267089844,0.22857944667339325
516,119.162109375,211.77960205078125,1.0,101.52023315429688,232.81398010253906,0.9999997615814209,95.59264373779297,229.79278564453125,0.002963851671665907,81.5543441772461,207.79129028320312,0.0015109694795683026,147.2280731201172,230.0738983154297,0.999734103679657,157.75091552734375,229.23202514648438,0.9999611377716064,90.9858169555664,247.20042419433594,0.9999988079071045,79.52110290527344,210.39219665527344,8.842661918606609e-05,126.80796813964844,265.2109375,0.45803675055503845
517,117.5526351928711,212.04776000976562,1.0,101.16520690917969,230.16949462890625,1.0,99.5954818725586,222.47621154785156,0.001930696191266179,82.44047546386719,208.02725219726562,0.001240851590409875,137.1277618408203,227.9612274169922,0.982839047908783,142.5265350341797,228.50518798828125,0.9999169111251831,88.98092651367188,240.18832397460938,0.9999961853027344,124.9850082397461,256.6453552246094,0.00043190873111598194,109.65898132324219,265.2279357910156,0.9994889497756958
518,115.8990249633789,215.62310791015625,0.9893525838851929,104.74899291992188,229.67787170410156,0.0840349793434143,81.4115982055664,220.65333557128906,6.080237290007062e-05,124.88446807861328,222.9325714111328,0.00019338882702868432,119.92244720458984,226.57386779785156,0.00022940999770071357,123.26227569580078,224.384765625,0.06743055582046509,90.06056213378906,236.74530029296875,0.9973976612091064,110.8319091796875,252.53948974609375,0.00023616217367816716,99.36138916015625,255.9509735107422,0.8289167881011963
519,253.10784912109375,324.7563781738281,1.5551977412542328e-05,169.6927490234375,250.59796142578125,3.5093949009024072e-06,252.896728515625,316.3253479003906,4.514109605224803e-06,244.33705139160156,316.882568359375,7.842274499125779e-06,268.63104248046875,317.752197265625,4.872784757026238e-06,236.70401000976562,318.06524658203125,1.1631532288447488e-05,1.2092576026916504,267.3887634277344,6.429606401070487e-06,208.02992248535156,188.87838745117188,7.409987119899597e-06,155.59066772460938,249.53143310546875,2.048829810519237e-05
520,179.39105224609375,176.8507080078125,0.0016258313553407788,188.74989318847656,169.4359588623047,2.335172666789731e-06,204.08816528320312,315.5153503417969,6.500738891190849e-06,211.55014038085938,316.82659912109375,7.139721674320754e-06,2.6959245204925537,234.55569458007812,3.1410481824423186e-06,189.96200561523438,311.4791564941406,3.0518145649693906e-05,187.6085205078125,165.5743408203125,5.528608198801521e-06,190.3900604248047,173.9398651123047,3.1619802030036226e-05,166.47682189941406,203.7469940185547,8.92933749128133e-05
521,175.72781372070312,175.9668426513672,0.004326281603425741,167.7255401611328,183.28575134277344,5.4946038289926946e-05,203.63418579101562,314.7325439453125,1.2823255019611679e-05,175.4183807373047,204.30172729492188,3.8808491808595136e-05,204.15325927734375,318.35333251953125,5.429908924270421e-06,172.15530395507812,198.78990173339844,2.681222940736916e-05,172.34693908691406,159.44093322753906,4.508206984610297e-06,191.9033660888672,172.01739501953125,6.6183979470224585e-06,165.03204345703125,203.95899963378906,0.011490581557154655
522,174.69265747070312,174.20933532714844,0.0008433841285295784,231.12257385253906,268.50140380859375,1.859269650594797e-05,216.1879425048828,299.22357177734375,8.974427328212187e-05,175.482666015625,204.3402099609375,1.0830163773789536e-05,196.91812133789062,305.0169677734375,6.2690742197446525e-06,250.20726013183594,285.15313720703125,1.848407555371523e-05,236.20130920410156,268.3800964355469,1.6556934497202747e-05,211.0723419189453,272.0510559082031,7.88097531767562e-06,164.9803466796875,202.21334838867188,0.0005765507812611759
523,176.1685028076172,166.53790283203125,0.00020082792616449296,231.11395263671875,268.93646240234375,4.9333648348692805e-06,217.98599243164062,299.4770202636719,4.5217908336780965e-05,175.855712890625,205.11575317382812,2.6395826353109442e-05,221.6616668701172,302.51690673828125,5.393482297222363e-06,236.66908264160156,278.08953857421875,6.447730993386358e-05,221.0205841064453,254.8697967529297,8.683083251526114e-06,173.04176330566406,173.67796325683594,8.800437171885278e-06,164.48416137695312,202.88873291015625,0.000991818611510098
524,181.54551696777344,163.3220977783203,0.00888026412576437,170.99362182617188,204.5249786376953,0.0003631487488746643,202.41842651367188,299.2593078613281,7.624793397553731e-06,160.18138122558594,205.22938537597656,8.907752635423094e-05,175.2195587158203,201.51864624023438,1.4026712960912846e-05,174.43478393554688,200.6705322265625,8.977405377663672e-05,169.4546356201172,147.9020538330078,1.1663890290947165e-05,172.5727081298828,171.0944061279297,3.1874449632596225e-05,153.826171875,200.8510284423828,0.0006965721258893609
525,185.76763916015625,161.59803771972656,3.817290053120814e-05,199.46023559570312,249.20582580566406,1.3594307347375434e-05,156.5282745361328,315.9206237792969,1.1856868695758749e-05,236.7292938232422,316.1490783691406,1.1026791980839334e-05,155.08132934570312,318.2249755859375,7.1057374952943064e-06,205.03549194335938,269.03851318359375,4.4850556150777265e-05,155.67823791503906,313.8460693359375,1.290005002374528e-05,149.93748474121094,248.29664611816406,2.3577445062983315e-06,168.41786193847656,187.19284057617188,9.61090117925778e-05
526,189.19444274902344,157.755615234375,0.0029299354646354914,187.7337188720703,222.11410522460938,0.0019500481430441141,177.60711669921875,251.47409057617188,5.162611341802403e-05,170.2238311767578,252.3806610107422,0.00018035684479400516,171.69261169433594,186.1109619140625,4.4782897020922974e-05,203.97064208984375,250.67137145996094,0.00029815739253535867,191.54920959472656,230.2230224609375,0.02073677070438862,176.80902099609375,234.4303741455078,0.03779389709234238,197.30224609375,245.19859313964844,0.109735406935215
527,190.9735870361328,158.87449645996094,0.00039155103149823844,188.38748168945312,220.5214385986328,0.0002113536756951362,177.39987182617188,252.12252807617188,5.4688691307092085e-05,169.8145294189453,251.15419006347656,0.0001556618808535859,186.4539794921875,186.56991577148438,2.0085053620277904e-05,204.31466674804688,252.2298583984375,0.00014325727534014732,193.70321655273438,227.22105407714844,0.006938724312931299,177.47657775878906,232.28692626953125,0.04966884106397629,197.0811309814453,241.57778930664062,0.022328324615955353
528,201.95965576171875,162.09271240234375,0.0001544455299153924,168.29273986816406,252.5970916748047,2.6608806365402415e-05,173.87710571289062,247.6912841796875,1.4081196241022553e-05,170.5495147705078,251.38035583496094,7.038973126327619e-05,196.3109130859375,253.97769165039062,4.861097295361105e-06,205.37472534179688,252.9618377685547,0.00012400487321428955,194.6209259033203,225.368896484375,0.00011265560169704258,179.55697631835938,231.34310913085938,0.00044919061474502087,180.63674926757812,185.8319091796875,0.06166055053472519
529,191.7174835205078,158.92794799804688,0.0006642225198447704,201.00489807128906,232.97467041015625,1.4605579963244963e-05,221.26829528808594,315.9466857910156,3.711186536747846e-06,172.0977020263672,251.9986572265625,3.0688406695844606e-05,187.36697387695312,186.1656036376953,5.16762656843639e-06,205.03915405273438,252.77110290527344,7.186115544755012e-05,194.62539672851562,224.69415283203125,1.111053006752627e-05,179.11570739746094,226.38218688964844,4.00913595512975e-05,204.9508514404297,239.5886688232422,0.00031480510369874537
530,190.02749633789062,157.76666259765625,0.0007328709471039474,185.53909301757812,251.36273193359375,3.162188295391388e-05,184.7675018310547,248.25518798828125,9.010436770040542e-06,183.6175994873047,251.65277099609375,2.0049457816639915e-05,2.8298916816711426,234.6390838623047,6.4942014432745054e-06,219.97372436523438,251.26809692382812,3.354029104229994e-05,195.1412353515625,225.01185607910156,6.834996020188555e-05,181.8810577392578,234.072265625,0.0008153943927027285,213.96969604492188,239.1647491455078,0.0005147276679053903
531,188.02980041503906,159.02810668945312,0.00010447012755321339,185.6520538330078,125.48086547851562,6.138300250313478e-06,140.78785705566406,316.1633605957031,2.618070766402525e-06,212.58554077148438,242.23162841796875,1.4469464986177627e-05,202.0783233642578,123.67097473144531,5.213871190790087e-06,202.31878662109375,174.1031951904297,1.9862534827552736e-05,253.6990203857422,236.4911346435547,3.170220225001685e-05,235.8057403564453,247.2494354248047,0.00013723157462663949,253.98365783691406,234.1455535888672,4.551635811367305e-06
532,95.49115753173828,216.4638671875,0.9999998807907104,81.0381088256836,245.21749877929688,0.9999986886978149,78.2252426147461,231.4603729248047,0.0022981970105320215,67.78803253173828,233.9286346435547,0.0007998454384505749,112.62831115722656,232.66131591796875,0.43632403016090393,117.44916534423828,228.6019287109375,0.9595166444778442,73.26715087890625,261.2334899902344,0.9999802112579346,152.305419921875,240.2136993408203,0.00017823798407334834,94.03112030029297,269.21148681640625,0.9989762306213379
533,98.03282928466797,215.5012664794922,1.0,82.64157104492188,244.50892639160156,1.0,82.53446197509766,228.8665771484375,0.0030832160264253616,64.54366302490234,208.52346801757812,0.0008472561021335423,122.3284683227539,232.1717987060547,0.9999617338180542,130.2340087890625,226.49229431152344,1.0,76.37056732177734,262.2312927246094,0.9999998807907104,129.6837158203125,270.89208984375,9.184409282170236e-05,110.23949432373047,272.05596923828125,0.9987665414810181
534,103.3017349243164,214.7921142578125,1.0,89.01876068115234,243.40736389160156,1.0,86.74617767333984,230.24221801757812,0.0023083933629095554,66.87030792236328,223.89573669433594,0.0004959591315127909,132.69554138183594,230.8854217529297,1.0,143.61016845703125,228.79550170898438,1.0,81.10400390625,260.51904296875,1.0,75.60256958007812,270.14703369140625,0.00040771285421215,119.72460174560547,274.42645263671875,0.9999936819076538
535,105.2349853515625,216.3321075439453,1.0,91.65033721923828,243.3834991455078,1.0,88.41006469726562,231.70729064941406,0.004725919105112553,79.74127960205078,213.07080078125,0.0004996047937311232,134.90213012695312,232.13072204589844,1.0,146.20433044433594,230.17526245117188,1.0,83.94120788574219,259.95684814453125,1.0,78.99911499023438,270.9713439941406,0.006065818946808577,121.77587890625,275.3842468261719,0.9999995231628418
536,104.18472290039062,218.807373046875,1.0,90.34083557128906,245.6022186279297,1.0,86.86309051513672,233.22389221191406,0.0032517246436327696,79.00434875488281,213.97821044921875,0.00035642096190713346,134.0088348388672,234.04403686523438,1.0,145.7547149658203,231.7701873779297,1.0,83.20697021484375,262.60791015625,1.0,76.2431411743164,271.3759765625,0.0025700635742396116,121.5556411743164,276.8668212890625,0.999998927116394
537,100.82398223876953,221.28936767578125,1.0,88.6054916381836,249.53082275390625,1.0,86.52973175048828,236.429931640625,0.0027293164748698473,66.74671173095703,225.268798828125,0.0006238177884370089,130.98779296875,236.95094299316406,1.0,142.43185424804688,234.29037475585938,1.0,81.9443359375,268.0965576171875,1.0,71.47206115722656,273.7667541503906,0.0003823238075710833,118.72189331054688,278.38824462890625,0.9997968077659607
538,97.3219223022461,225.3416748046875,1.0,85.872802734375,253.3199005126953,1.0,83.68053436279297,241.4382781982422,0.004011636134237051,66.52882385253906,226.2720184326172,0.0002035129291471094,126.9795913696289,240.1521453857422,1.0,137.30377197265625,236.17967224121094,1.0,80.52345275878906,271.80230712890625,1.0,69.91815948486328,277.0809326171875,0.0007288685301318765,114.44690704345703,280.38677978515625,0.9997870326042175
539,96.08445739746094,228.3519287109375,1.0,84.23365783691406,257.6696472167969,1.0,81.69127655029297,245.67311096191406,0.0037284595891833305,51.03744888305664,239.17453002929688,0.00022135413018986583,124.87651824951172,241.39793395996094,1.0,134.37020874023438,237.45785522460938,1.0,79.16607666015625,275.2142028808594,1.0,68.6824951171875,278.71875,0.00016326078912243247,114.10331726074219,280.7221374511719,0.749823808670044
540,95.78496551513672,228.6595001220703,1.0,83.5118408203125,259.137451171875,1.0,82.59593200683594,244.9948272705078,0.0029839822091162205,66.02679443359375,227.05909729003906,0.00030760435038246214,123.44426727294922,242.2270050048828,1.0,133.84738159179688,238.5762481689453,1.0,78.70658111572266,276.1749267578125,1.0,151.1993408203125,274.6369323730469,0.0001159609091700986,110.025634765625,282.31317138671875,0.6516419649124146
541,95.09297180175781,230.15365600585938,1.0,83.20692443847656,259.8778991699219,1.0,80.90617370605469,246.83766174316406,0.0019687938038259745,66.11302185058594,227.191650390625,0.00018152398115489632,122.63964080810547,243.23489379882812,1.0,132.46839904785156,239.24476623535156,1.0,78.80665588378906,276.2959289550781,0.9999998807907104,151.64376831054688,274.69488525390625,9.327463340014219e-05,110.14215087890625,283.222900390625,0.09054533392190933
542,94.5322265625,230.64620971679688,1.0,82.98118591308594,260.5538330078125,1.0,80.96463775634766,247.47332763671875,0.0024981461465358734,51.338645935058594,239.06690979003906,0.00020702621259260923,121.98921203613281,243.94741821289062,1.0,131.2568817138672,239.888671875,1.0,78.92227935791016,276.7185363769531,1.0,152.2380828857422,274.641357421875,5.686532676918432e-05,107.99353790283203,283.5899658203125,0.048681408166885376
543,94.49073028564453,230.41383361816406,1.0,82.49174499511719,260.8565979003906,1.0,80.8989486694336,247.42437744140625,0.0027190709952265024,51.52021408081055,239.25543212890625,0.00015510433877352625,121.4919662475586,243.86009216308594,1.0,130.882080078125,239.4104461669922,1.0,78.38690948486328,276.5434265136719,1.0,152.40377807617188,274.41717529296875,4.7111065214267e-05,107.23258209228516,283.3919982910156,0.20753872394561768
544,94.39382934570312,230.53070068359375,1.0,82.38758087158203,261.0735778808594,1.0,80.7152328491211,247.48190307617188,0.0023282032925635576,51.11470031738281,239.27894592285156,0.0002954656956717372,120.17860412597656,243.33160400390625,1.0,130.52810668945312,239.5522003173828,1.0,78.29029846191406,277.1421203613281,1.0,152.55770874023438,274.34002685546875,5.741025597671978e-05,106.64927673339844,283.473876953125,0.23876431584358215
545,94.23589324951172,230.79104614257812,1.0,81.99903869628906,261.19482421875,1.0,80.41370391845703,247.5910186767578,0.0020723703783005476,51.311466217041016,239.22982788085938,0.0003128385287709534,119.82665252685547,243.3802947998047,1.0,130.24957275390625,239.4767303466797,1.0,78.1308822631836,276.74029541015625,1.0,152.5382843017578,274.4351806640625,4.983415055903606e-05,106.59862518310547,283.59405517578125,0.152873694896698
546,94.10555267333984,230.7079315185547,1.0,82.0016860961914,261.20709228515625,1.0,80.42680358886719,247.68609619140625,0.0020449599251151085,51.29573440551758,239.436767578125,0.0003762031556107104,119.76937103271484,243.34042358398438,1.0,130.1789093017578,239.4514923095703,1.0,78.08948516845703,276.88311767578125,1.0,152.63096618652344,274.2721862792969,5.506044180947356e-05,106.83342742919922,283.3215026855469,0.12457404285669327
547,94.25152587890625,230.55282592773438,1.0,81.73995208740234,261.1553955078125,1.0,80.40469360351562,247.60655212402344,0.001648616511374712,66.11727905273438,226.88340759277344,0.00023223822063300759,119.60091400146484,243.38009643554688,1.0,129.9584197998047,239.4280548095703,1.0,77.86957550048828,276.5215759277344,1.0,152.77203369140625,274.23773193359375,4.978289871360175e-05,106.61107635498047,283.3612365722656,0.04938914626836777
548,94.06742095947266,230.70188903808594,1.0,81.9274673461914,261.09295654296875,1.0,80.48748016357422,247.7229461669922,0.0019710934720933437,51.348541259765625,239.25103759765625,0.00025416462449356914,119.64241027832031,243.44918823242188,1.0,130.09051513671875,239.4603729248047,1.0,77.96552276611328,276.5336608886719,0.9999998807907104,152.66465759277344,274.25079345703125,5.4721353080822155e-05,107.75764465332031,281.3836669921875,0.035365838557481766
549,94.30439758300781,230.32168579101562,1.0,81.77273559570312,261.1172180175781,1.0,80.3714370727539,247.70213317871094,0.0015850246418267488,51.32273864746094,239.64443969726562,0.0003314226632937789,120.30802917480469,243.5347442626953,1.0,130.1407928466797,239.05734252929688,1.0,78.04731750488281,276.88641357421875,0.9999998807907104,152.38125610351562,274.3505554199219,6.938996375538409e-05,107.04878234863281,283.5341796875,0.032800283282995224
550,94.74022674560547,229.33615112304688,1.0,81.72339630126953,260.7301025390625,1.0,80.33865356445312,246.8865509033203,0.0020318967290222645,51.43818283081055,239.48080444335938,0.0002905938308686018,120.70707702636719,242.89259338378906,1.0,130.68528747558594,238.70565795898438,1.0,77.67823028564453,276.3049011230469,0.9999998807907104,152.51947021484375,274.30230712890625,4.9596914323046803e-05,106.12311553955078,283.71148681640625,0.03403002396225929
551,95.45931243896484,229.2092742919922,1.0,81.6515884399414,260.3854064941406,1.0,80.44020080566406,246.81039428710938,0.002205523196607828,51.225196838378906,239.07769775390625,0.00021319466759450734,120.79063415527344,242.83168029785156,1.0,130.64736938476562,239.40032958984375,1.0,77.69261169433594,276.2125549316406,0.9999998807907104,152.4988555908203,274.4908142089844,5.097434768686071e-05,106.42933654785156,283.46923828125,0.06485399603843689
552,94.95026397705078,229.0333251953125,1.0,82.05633544921875,260.1664123535156,1.0,80.33978271484375,247.1976776123047,0.0027341165114194155,51.06085205078125,238.77093505859375,0.00026529227034188807,120.8467025756836,243.0372772216797,1.0,131.11058044433594,238.3710174560547,1.0,78.102294921875,276.61614990234375,1.0,68.61853790283203,278.6451721191406,4.75404885946773e-05,106.66602325439453,283.9054870605469,0.10459417849779129
553,95.1702651977539,228.87445068359375,1.0,82.12369537353516,260.1369323730469,1.0,80.30127716064453,246.8347930908203,0.002553477417677641,50.85932922363281,238.55435180664062,0.00022452595294453204,120.92671203613281,242.95953369140625,1.0,131.05654907226562,238.35952758789062,1.0,77.90055847167969,276.7279357910156,1.0,152.45326232910156,274.736572265625,3.3962704037548974e-05,106.62387084960938,283.70965576171875,0.1381891965866089
554,95.5330810546875,228.69114685058594,1.0,82.49864196777344,260.2360534667969,1.0,80.71746063232422,246.94488525390625,0.003380134701728821,69.32328796386719,240.61474609375,0.00019360875012353063,120.98346710205078,242.86354064941406,1.0,131.25279235839844,238.29678344726562,1.0,77.9605941772461,276.701904296875,1.0,68.757568359375,278.77099609375,4.121161327930167e-05,106.90477752685547,283.6750183105469,0.11424756050109863
555,97.3818588256836,227.70547485351562,1.0,84.0158462524414,259.2425842285156,1.0,81.66458129882812,245.98963928222656,0.0026177382096648216,50.90968704223633,238.50372314453125,0.000232018661336042,123.50184631347656,242.08163452148438,1.0,134.59500122070312,238.76702880859375,1.0,79.57080078125,276.2045593261719,1.0,68.83853149414062,278.9801940917969,8.532883657608181e-05,109.35065460205078,282.1463928222656,0.890102207660675
556,99.45935821533203,226.0135955810547,1.0,87.2471923828125,258.0422668457031,1.0,84.5919189453125,244.21408081054688,0.013929015956819057,69.52653503417969,239.16958618164062,0.00041495327604934573,128.12757873535156,241.77838134765625,1.0,140.5604705810547,238.53514099121094,1.0,82.08695220947266,275.6417541503906,1.0,69.56101989746094,279.0191650390625,0.00018454930977895856,115.0807876586914,284.1857604980469,0.6145746111869812
557,107.53887939453125,225.0321502685547,1.0,94.05313110351562,255.56594848632812,0.9999997615814209,89.63001251220703,242.71017456054688,0.0008666681824252009,67.99211883544922,238.32583618164062,0.0021862564608454704,135.01260375976562,241.55235290527344,0.9999494552612305,148.75816345214844,237.52084350585938,1.0,89.39151000976562,274.6996154785156,1.0,81.62108612060547,275.6236572265625,0.00020769369439221919,122.14618682861328,279.6164855957031,0.6624255776405334
558,128.70498657226562,221.93878173828125,0.9999998807907104,116.47325134277344,253.69432067871094,0.9999998807907104,116.95195007324219,243.67398071289062,0.9987529516220093,109.0154800415039,242.84396362304688,0.9102608561515808,158.14027404785156,242.45140075683594,0.24317896366119385,169.63621520996094,235.4654998779297,0.8565278649330139,111.9706802368164,266.99688720703125,0.9999817609786987,99.20040893554688,274.82196044921875,0.041222017258405685,137.3397216796875,287.2783203125,0.0017564770532771945
559,148.55274963378906,218.95306396484375,1.0,136.7548370361328,250.27296447753906,1.0,132.1576385498047,237.0357666015625,1.0,122.02851867675781,237.3450164794922,1.0,179.7322998046875,237.2919158935547,1.0,195.48214721679688,233.59756469726562,1.0,132.65740966796875,268.64739990234375,1.0,112.77223205566406,276.8260192871094,0.9999897480010986,172.21641540527344,279.20281982421875,0.9604727625846863
560,155.42169189453125,216.84814453125,1.0,144.5559844970703,247.95217895507812,1.0,137.73751831054688,235.45230102539062,1.0,126.7633285522461,236.24729919433594,1.0,186.45498657226562,236.60430908203125,1.0,202.26182556152344,233.6932373046875,1.0,142.6100616455078,265.9490051269531,1.0,119.5165786743164,276.28118896484375,1.0,180.2701416015625,279.4164733886719,0.9999420642852783
561,156.0044708251953,216.7884979248047,1.0,145.9451904296875,246.91513061523438,1.0,138.14759826660156,234.89210510253906,1.0,127.08171081542969,235.03335571289062,1.0,186.98092651367188,236.2041473388672,1.0,203.16905212402344,233.45916748046875,1.0,143.53819274902344,264.7075500488281,1.0,120.17084503173828,275.9475402832031,1.0,181.02366638183594,278.7928466796875,0.9999984502792358
562,155.23973083496094,216.89376831054688,1.0,145.20376586914062,247.1302490234375,1.0,137.7160186767578,234.9536895751953,1.0,126.5313491821289,235.58311462402344,1.0,186.27015686035156,236.08668518066406,1.0,202.4525909423828,233.08770751953125,1.0,142.87054443359375,265.2160949707031,1.0,120.28266906738281,276.07318115234375,1.0,180.63259887695312,278.73846435546875,0.9999996423721313
563,154.7985382080078,216.98126220703125,1.0,144.71961975097656,246.92640686035156,1.0,137.58242797851562,234.96070861816406,1.0,126.16539764404297,235.5997772216797,1.0,185.7659454345703,235.9281463623047,1.0,201.97862243652344,232.8773651123047,1.0,142.39697265625,265.0449523925781,1.0,119.72261047363281,276.3603210449219,1.0,180.2938995361328,279.0149841308594,0.9999992847442627
564,153.40618896484375,216.5635223388672,1.0,142.85623168945312,246.91842651367188,1.0,136.6658477783203,235.33265686035156,1.0,125.8712387084961,236.46629333496094,1.0,184.5394744873047,235.66156005859375,1.0,200.55960083007812,232.80328369140625,1.0,141.2107696533203,265.39495849609375,1.0,118.5940170288086,276.5379638671875,1.0,179.60028076171875,279.1481018066406,0.9999984502792358
565,151.51544189453125,217.60670471191406,1.0,140.89002990722656,247.77041625976562,1.0,135.46141052246094,235.91989135742188,1.0,125.22265625,237.12286376953125,1.0,182.9603729248047,236.02578735351562,1.0,199.31817626953125,233.22207641601562,1.0,139.48095703125,266.5121765136719,1.0,117.98561096191406,276.95904541015625,1.0,178.27139282226562,279.3838195800781,0.9999994039535522
566,149.55368041992188,218.25527954101562,1.0,138.88153076171875,248.60446166992188,1.0,133.82424926757812,237.16209411621094,1.0,123.93824768066406,238.41683959960938,1.0,180.6328887939453,236.08457946777344,1.0,197.25405883789062,233.65582275390625,1.0,136.1101531982422,266.9294738769531,1.0,116.55647277832031,277.5207214355469,0.9999998807907104,177.09405517578125,280.0885009765625,0.9999970197677612
567,148.76296997070312,218.20751953125,1.0,138.37962341308594,248.80496215820312,1.0,133.44044494628906,237.4791259765625,1.0,123.92046356201172,238.91705322265625,1.0,180.03977966308594,236.38067626953125,1.0,196.40284729003906,233.56927490234375,1.0,135.43798828125,266.79693603515625,1.0,114.9321517944336,277.4993896484375,0.9999998807907104,176.2594757080078,280.420166015625,0.9999896287918091
568,148.01416015625,218.69598388671875,1.0,137.40603637695312,249.06556701660156,1.0,132.96340942382812,237.5443115234375,1.0,123.54558563232422,238.97080993652344,1.0,179.35394287109375,236.47010803222656,1.0,195.8143768310547,233.5074462890625,1.0,134.5027618408203,267.12969970703125,1.0,114.42505645751953,277.6984558105469,1.0,175.16879272460938,281.11163330078125,0.9999973773956299
569,147.6439666748047,218.781005859375,1.0,137.1063995361328,249.06991577148438,1.0,132.73902893066406,237.7878875732422,1.0,123.34414672851562,239.097900390625,1.0,179.04783630371094,236.5638885498047,1.0,195.300537109375,233.56764221191406,1.0,133.95693969726562,267.0616149902344,1.0,113.7142333984375,278.0780029296875,1.0,174.25904846191406,281.16259765625,0.9999974966049194
570,146.56661987304688,219.734375,1.0,136.33399963378906,250.13392639160156,1.0,131.698974609375,237.18446350097656,1.0,123.28280639648438,239.72149658203125,1.0,178.87673950195312,236.637451171875,1.0,194.84927368164062,233.50619506835938,1.0,133.69337463378906,267.9761962890625,1.0,113.40668487548828,278.4886779785156,1.0,174.04351806640625,281.2492370605469,0.9999986886978149
571,146.30589294433594,219.7305145263672,1.0,135.72720336914062,250.65048217773438,1.0,131.48191833496094,237.39581298828125,1.0,123.16238403320312,239.8148956298828,1.0,178.20150756835938,236.9838409423828,1.0,194.08082580566406,233.66683959960938,1.0,132.95811462402344,268.2272033691406,1.0,113.27503204345703,278.6103210449219,0.9999998807907104,173.48797607421875,281.45025634765625,0.9999988079071045
572,145.51605224609375,220.0814971923828,1.0,135.37254333496094,251.68838500976562,1.0,130.8280792236328,238.21961975097656,1.0,122.86380004882812,239.9598388671875,1.0,178.58570861816406,237.6495819091797,1.0,193.5998077392578,234.0322723388672,1.0,131.86264038085938,269.0191345214844,1.0,113.5098648071289,279.52764892578125,0.9999998807907104,173.4664306640625,281.2710876464844,0.9999994039535522
573,144.7623291015625,219.80380249023438,1.0,134.3601531982422,252.40086364746094,1.0,130.34478759765625,238.82215881347656,1.0,122.3955078125,240.18116760253906,1.0,178.40374755859375,237.87820434570312,1.0,193.59722900390625,234.19747924804688,1.0,131.15933227539062,269.2159729003906,1.0,112.98747253417969,279.57757568359375,0.9999998807907104,172.5418243408203,281.7920227050781,0.999998927116394
574,144.74261474609375,220.06863403320312,1.0,134.07423400878906,252.7947235107422,1.0,130.0986328125,238.97793579101562,1.0,121.94464874267578,240.08145141601562,1.0,178.40443420410156,238.15464782714844,1.0,193.14410400390625,234.5644989013672,1.0,130.9985809326172,269.0592956542969,1.0,112.91448974609375,279.8538513183594,0.9999998807907104,172.36474609375,281.9565734863281,0.9999992847442627
575,144.3114471435547,220.2105712890625,1.0,134.05136108398438,252.7889404296875,1.0,129.90211486816406,239.08853149414062,1.0,121.70469665527344,240.36891174316406,1.0,177.95985412597656,238.14292907714844,1.0,192.67921447753906,234.90863037109375,1.0,130.82138061523438,269.131591796875,1.0,112.72594451904297,279.94293212890625,0.9999998807907104,172.21932983398438,281.9255065917969,0.9999991655349731
576,143.9131317138672,220.40087890625,1.0,133.10467529296875,253.3793182373047,1.0,129.37222290039062,239.2921905517578,1.0,121.60029602050781,240.16290283203125,1.0,177.44717407226562,238.99205017089844,1.0,192.33062744140625,235.58372497558594,1.0,129.52479553222656,269.8060607910156,1.0,111.8080825805664,280.0569152832031,0.9999998807907104,170.680419921875,282.4991149902344,0.9999994039535522
577,143.59982299804688,220.6621551513672,1.0,133.02867126464844,252.86456298828125,1.0,129.18373107910156,239.50143432617188,1.0,121.32875061035156,240.6041259765625,1.0,177.17654418945312,239.0265350341797,1.0,191.8409423828125,235.71775817871094,1.0,129.168212890625,269.83160400390625,1.0,111.68612670898438,280.0238952636719,0.9999998807907104,171.52191162109375,282.78558349609375,0.9999988079071045
578,143.68495178222656,220.60302734375,1.0,132.80029296875,252.9775848388672,1.0,129.1861114501953,239.42257690429688,1.0,121.48796081542969,240.55084228515625,1.0,177.03851318359375,238.77365112304688,1.0,191.42138671875,235.6663818359375,1.0,129.15553283691406,269.79022216796875,1.0,111.51596069335938,280.047119140625,0.9999998807907104,171.38043212890625,282.80255126953125,0.9999991655349731
579,143.53260803222656,220.5406951904297,1.0,132.4810791015625,253.5150909423828,1.0,128.9812774658203,239.56980895996094,1.0,121.36583709716797,240.5247344970703,0.9999998807907104,176.9057159423828,238.75482177734375,1.0,192.02487182617188,235.6598663330078,1.0,128.87850952148438,269.9897155761719,1.0,111.51132202148438,280.2496032714844,0.9999998807907104,170.16015625,282.8719482421875,0.9999990463256836
580,143.5607452392578,220.50807189941406,1.0,132.4384765625,253.477783203125,1.0,128.99365234375,239.6141357421875,1.0,121.43107604980469,240.87803649902344,1.0,176.65261840820312,238.630859375,1.0,191.8610076904297,235.78607177734375,1.0,128.93472290039062,270.23162841796875,1.0,111.32554626464844,280.3216247558594,0.9999998807907104,171.35496520996094,282.9360046386719,0.9999990463256836
581,143.0797576904297,220.7337646484375,1.0,132.45651245117188,253.3723907470703,1.0,128.89779663085938,239.6360321044922,1.0,121.36341094970703,241.1925506591797,1.0,176.73130798339844,238.5645294189453,1.0,191.87890625,235.6753692626953,1.0,129.00486755371094,270.12030029296875,1.0,111.30084991455078,280.37188720703125,0.9999998807907104,170.2037353515625,282.84039306640625,0.9999991655349731
582,143.06015014648438,220.65786743164062,1.0,132.3005828857422,253.48699951171875,1.0,128.74057006835938,239.57362365722656,1.0,121.21823120117188,240.90660095214844,1.0,176.715087890625,238.52987670898438,1.0,191.84011840820312,235.5860137939453,1.0,129.0320587158203,270.0257873535156,1.0,111.38102722167969,280.3578796386719,0.9999998807907104,170.38922119140625,282.69793701171875,0.9999992847442627
583,142.711669921875,220.79811096191406,1.0,132.10601806640625,253.4775390625,1.0,128.6201171875,239.730224609375,1.0,120.99798583984375,241.25660705566406,1.0,176.29920959472656,238.5616912841797,1.0,191.6265106201172,235.60989379882812,1.0,128.79141235351562,270.00469970703125,1.0,111.52554321289062,280.5003356933594,0.9999997615814209,170.30943298339844,282.74237060546875,0.9999990463256836
584,142.5948486328125,220.76165771484375,1.0,131.96307373046875,252.6234893798828,1.0,128.43173217773438,239.78111267089844,1.0,120.89643859863281,241.1710662841797,1.0,175.95565795898438,238.74819946289062,1.0,191.36587524414062,235.651123046875,1.0,128.62452697753906,270.30755615234375,1.0,111.34044647216797,280.6070251464844,0.9999997615814209,170.1750030517578,282.9335021972656,0.9999990463256836
585,142.4971923828125,220.79327392578125,1.0,131.9671173095703,252.67501831054688,1.0,128.37039184570312,239.86158752441406,1.0,120.81849670410156,241.52023315429688,1.0,175.83961486816406,238.669921875,1.0,191.02346801757812,235.57139587402344,1.0,128.60690307617188,270.26190185546875,1.0,110.98625946044922,280.52081298828125,0.9999998807907104,170.24176025390625,282.7853088378906,0.9999992847442627
586,142.49891662597656,220.87637329101562,1.0,131.93368530273438,252.69821166992188,1.0,128.38433837890625,239.90292358398438,1.0,120.73033142089844,241.51434326171875,1.0,175.7291259765625,238.57525634765625,1.0,191.02964782714844,235.38987731933594,1.0,128.5897674560547,269.925048828125,1.0,111.09201049804688,280.47784423828125,0.9999998807907104,170.17164611816406,282.8636169433594,0.9999992847442627
587,142.3081512451172,220.80108642578125,1.0,131.69996643066406,252.72998046875,1.0,128.28329467773438,239.92820739746094,1.0,120.61114501953125,241.86863708496094,1.0,175.64662170410156,238.52493286132812,1.0,190.6767578125,235.42794799804688,1.0,128.3563232421875,270.01226806640625,1.0,110.94961547851562,280.5501403808594,0.9999998807907104,171.15069580078125,282.78741455078125,0.9999990463256836
588,142.37950134277344,220.9022216796875,1.0,131.69117736816406,252.60385131835938,1.0,128.0051727294922,239.50241088867188,1.0,120.20954895019531,241.24984741210938,1.0,175.1836700439453,238.70420837402344,1.0,190.7978973388672,235.4569549560547,1.0,128.29342651367188,269.8374328613281,1.0,110.8738784790039,280.3737487792969,0.9999998807907104,170.92941284179688,282.6438903808594,0.9999994039535522
589,142.4262237548828,220.9393310546875,1.0,131.41458129882812,253.26441955566406,1.0,128.00717163085938,239.4909210205078,1.0,120.2308349609375,241.14540100097656,1.0,175.1143798828125,238.5779266357422,1.0,190.7971954345703,235.3917694091797,1.0,128.3521728515625,269.82037353515625,1.0,110.799560546875,280.29559326171875,0.9999998807907104,170.80471801757812,282.6651306152344,0.9999994039535522
590,142.52569580078125,220.88796997070312,1.0,131.6959686279297,252.67193603515625,1.0,128.02682495117188,239.4932403564453,1.0,120.22390747070312,241.08163452148438,1.0,175.1807861328125,238.59715270996094,1.0,190.74172973632812,235.18394470214844,1.0,128.48333740234375,269.8700256347656,1.0,110.92320251464844,280.3839416503906,0.9999998807907104,170.9457244873047,282.59747314453125,0.9999992847442627
591,142.3739013671875,220.8543243408203,1.0,131.5218963623047,252.7021942138672,1.0,127.89730072021484,239.49545288085938,1.0,120.10697174072266,241.09336853027344,1.0,175.1435546875,238.60581970214844,1.0,190.73565673828125,235.1414031982422,1.0,128.5301055908203,269.8438720703125,1.0,111.0464859008789,280.5138854980469,0.9999998807907104,170.9453582763672,282.6798400878906,0.9999992847442627
592,142.2367401123047,220.84573364257812,1.0,131.46730041503906,252.75477600097656,1.0,127.9375991821289,239.53024291992188,1.0,120.16087341308594,241.31248474121094,1.0,175.00039672851562,238.47044372558594,1.0,190.63461303710938,235.23037719726562,1.0,128.4747772216797,269.80181884765625,1.0,110.8893814086914,280.5218811035156,0.9999998807907104,170.0233612060547,282.7420654296875,0.9999995231628418
593,142.045654296875,220.84548950195312,1.0,130.9976806640625,253.22801208496094,1.0,127.78089141845703,239.4467010498047,1.0,120.208984375,241.40538024902344,0.9999998807907104,174.95867919921875,238.37677001953125,1.0,190.3914031982422,235.06224060058594,1.0,128.18695068359375,269.7685852050781,1.0,110.87781524658203,280.5862121582031,0.9999998807907104,169.96157836914062,282.8704833984375,0.9999994039535522
594,142.1399383544922,220.93276977539062,1.0,131.2542266845703,252.7235565185547,1.0,127.80706787109375,239.46762084960938,1.0,120.13741302490234,241.33985900878906,0.9999998807907104,174.85952758789062,238.55113220214844,1.0,190.2117156982422,235.1632537841797,1.0,128.23814392089844,269.8072204589844,1.0,110.849853515625,280.56060791015625,0.9999998807907104,170.00816345214844,282.8803405761719,0.9999992847442627
595,142.0825653076172,221.0701141357422,1.0,131.0451202392578,253.3388671875,1.0,127.78608703613281,239.57135009765625,1.0,120.16223907470703,241.82699584960938,1.0,174.89186096191406,238.62078857421875,1.0,190.31387329101562,235.10211181640625,1.0,128.0794219970703,269.7596435546875,1.0,110.77091979980469,280.5293884277344,0.9999998807907104,170.9818878173828,282.86029052734375,0.9999994039535522
596,142.04537963867188,221.1037139892578,1.0,131.2275390625,252.76058959960938,1.0,127.6795883178711,239.61773681640625,1.0,120.12162017822266,241.9171142578125,1.0,174.6995849609375,238.4813232421875,1.0,190.23793029785156,235.14480590820312,1.0,128.11302185058594,269.9392395019531,1.0,110.698486328125,280.54986572265625,0.9999998807907104,170.87295532226562,282.7389831542969,0.9999994039535522
597,142.06031799316406,221.0379180908203,1.0,131.2161102294922,252.86146545410156,1.0,127.66693115234375,239.64520263671875,1.0,120.24168395996094,241.84385681152344,1.0,174.6231231689453,238.53570556640625,1.0,189.99293518066406,235.14894104003906,1.0,128.14845275878906,269.94366455078125,1.0,110.7188720703125,280.5447998046875,0.9999997615814209,170.9669952392578,282.74542236328125,0.9999994039535522
598,141.87388610839844,220.81175231933594,1.0,131.15431213378906,252.76968383789062,1.0,127.64098358154297,239.61306762695312,1.0,120.21102142333984,241.85401916503906,1.0,174.5513153076172,238.576171875,1.0,190.18185424804688,235.2533416748047,1.0,127.9291000366211,269.9737854003906,1.0,110.54165649414062,280.5513610839844,0.9999998807907104,170.76600646972656,282.68914794921875,0.9999992847442627
599,141.9278106689453,220.87789916992188,1.0,131.02513122558594,252.90377807617188,1.0,127.50509643554688,239.6607208251953,1.0,120.08721160888672,241.75035095214844,1.0,174.3552703857422,238.48712158203125,1.0,189.77760314941406,235.1662139892578,1.0,127.92650604248047,270.1248474121094,1.0,110.36241912841797,280.6238098144531,0.9999998807907104,170.5220489501953,282.78839111328125,0.9999995231628418
600,141.8185272216797,220.97552490234375,1.0,130.957275390625,252.87994384765625,1.0,127.51165008544922,239.67274475097656,1.0,119.75209045410156,241.53395080566406,1.0,174.2916717529297,238.62791442871094,1.0,189.83151245117188,235.67330932617188,1.0,127.88980102539062,270.1425476074219,1.0,110.4775161743164,280.7574157714844,0.9999997615814209,169.97821044921875,282.89501953125,0.9999995231628418
601,141.73529052734375,221.006591796875,1.0,130.71255493164062,253.0347442626953,1.0,127.46559143066406,239.56307983398438,1.0,119.78541564941406,241.4060516357422,0.9999998807907104,174.1760711669922,238.60276794433594,1.0,189.84909057617188,235.505126953125,1.0,127.68675231933594,269.9627990722656,1.0,110.31465148925781,280.6645202636719,0.9999997615814209,169.99867248535156,282.9589538574219,0.9999995231628418
602,141.82815551757812,221.11148071289062,1.0,130.68421936035156,253.0819854736328,1.0,127.44585418701172,239.52357482910156,1.0,119.822265625,241.38841247558594,0.9999998807907104,174.30850219726562,238.71485900878906,1.0,189.90415954589844,235.60641479492188,1.0,127.62488555908203,269.85528564453125,1.0,110.26520538330078,280.6797180175781,0.9999997615814209,169.99179077148438,282.87652587890625,0.9999995231628418
603,141.73526000976562,221.0987091064453,1.0,130.54005432128906,252.99075317382812,1.0,127.45561981201172,239.72462463378906,1.0,119.76354217529297,241.80772399902344,0.9999998807907104,174.22836303710938,238.68051147460938,1.0,189.75643920898438,235.6224365234375,1.0,127.5081558227539,269.88470458984375,1.0,110.33777618408203,280.7201232910156,0.9999997615814209,170.036376953125,282.9949645996094,0.9999995231628418
604,141.41993713378906,221.28536987304688,1.0,130.54672241210938,252.9231719970703,1.0,127.47045135498047,240.25042724609375,1.0,119.31891632080078,241.79013061523438,0.9999998807907104,173.91592407226562,239.1980438232422,1.0,189.55880737304688,235.66778564453125,1.0,127.54679107666016,269.96563720703125,1.0,110.27525329589844,280.9026794433594,0.9999997615814209,169.7025146484375,282.97808837890625,0.9999996423721313
605,141.02565002441406,221.36952209472656,1.0,130.61868286132812,252.8048095703125,1.0,127.2835922241211,240.50709533691406,1.0,118.89132690429688,242.1372528076172,0.9999998807907104,173.1394500732422,239.7638702392578,1.0,189.30714416503906,236.11175537109375,1.0,127.58595275878906,270.07342529296875,1.0,109.99601745605469,281.01312255859375,0.9999998807907104,169.67860412597656,283.0694885253906,0.9999996423721313
606,140.75405883789062,221.44979858398438,1.0,130.29930114746094,252.94244384765625,1.0,127.02922821044922,240.6539306640625,1.0,118.65455627441406,242.3113555908203,0.9999998807907104,173.0959930419922,239.90402221679688,1.0,188.98004150390625,236.06692504882812,1.0,127.37787628173828,270.00726318359375,1.0,110.05200958251953,281.10382080078125,0.9999996423721313,169.4131622314453,283.19610595703125,0.9999996423721313
607,140.8328399658203,221.44129943847656,1.0,130.3231201171875,252.8678741455078,1.0,127.04837036132812,240.74594116210938,1.0,118.65187072753906,242.40542602539062,1.0,172.93386840820312,240.0072479248047,1.0,188.9938201904297,236.17042541503906,1.0,127.42727661132812,270.12109375,1.0,109.81188201904297,281.1184387207031,0.9999997615814209,169.44241333007812,283.07830810546875,0.9999996423721313
608,140.67652893066406,221.41876220703125,1.0,130.30369567871094,253.00177001953125,1.0,126.98673248291016,240.83322143554688,1.0,118.60377502441406,242.57620239257812,1.0,173.14413452148438,240.0325164794922,1.0,189.4185333251953,236.0312042236328,1.0,127.35250854492188,270.1732177734375,1.0,109.60980224609375,281.20013427734375,0.9999996423721313,169.04879760742188,283.2185363769531,0.9999997615814209
609,140.6881103515625,221.41799926757812,1.0,130.22276306152344,253.19224548339844,1.0,126.87439727783203,240.8757781982422,1.0,118.6799545288086,242.48423767089844,1.0,173.21173095703125,240.0638427734375,1.0,188.9990234375,236.3350830078125,1.0,127.46662139892578,270.29119873046875,1.0,109.4566650390625,281.295166015625,0.9999996423721313,169.1400604248047,283.14794921875,0.9999996423721313
610,140.72618103027344,221.3368377685547,1.0,130.0032958984375,253.2301025390625,1.0,126.83364868164062,240.89019775390625,1.0,118.78841400146484,242.41847229003906,1.0,173.16989135742188,240.281005859375,1.0,189.20664978027344,236.21743774414062,1.0,127.15351104736328,270.39715576171875,1.0,109.27118682861328,281.2359619140625,0.9999996423721313,168.65438842773438,283.47149658203125,0.9999997615814209
611,140.07699584960938,221.88409423828125,1.0,129.59884643554688,253.63192749023438,1.0,126.7289047241211,240.97349548339844,1.0,118.40326690673828,242.55795288085938,1.0,173.2760009765625,240.23899841308594,1.0,189.02708435058594,236.39337158203125,1.0,126.82282257080078,270.628662109375,1.0,109.16645050048828,281.2421875,0.9999983310699463,168.60826110839844,283.57440185546875,0.9999995231628418
612,139.37644958496094,222.21197509765625,1.0,129.3321075439453,254.13990783691406,1.0,126.7442626953125,241.0764923095703,1.0,118.51111602783203,243.17503356933594,1.0,173.4120635986328,240.38565063476562,1.0,188.65402221679688,236.29080200195312,1.0,126.794189453125,270.8191833496094,1.0,108.84491729736328,281.6944885253906,0.9999991655349731,168.3106231689453,283.3856201171875,0.9999997615814209
613,139.23101806640625,222.1592254638672,1.0,129.31170654296875,254.1702423095703,1.0,126.68839263916016,241.1088409423828,1.0,118.53199768066406,243.0750732421875,1.0,173.24600219726562,240.34768676757812,1.0,188.21224975585938,236.40733337402344,1.0,126.61471557617188,271.15838623046875,1.0,108.86457061767578,281.8529052734375,0.9999990463256836,168.33505249023438,283.54034423828125,0.9999997615814209
614,139.166259765625,222.1703643798828,1.0,129.14483642578125,254.07418823242188,1.0,126.6023941040039,241.0828857421875,1.0,118.07394409179688,242.78411865234375,1.0,173.05517578125,240.4104766845703,1.0,187.8731689453125,236.40037536621094,1.0,126.54296875,271.1079406738281,1.0,108.70719146728516,281.6068420410156,0.9999985694885254,168.085693359375,283.62164306640625,0.9999997615814209
615,138.9838409423828,222.03028869628906,1.0,128.78421020507812,254.2383575439453,1.0,126.3256607055664,241.2137451171875,1.0,117.71858978271484,242.6920928955078,0.9999998807907104,172.79100036621094,240.4894561767578,1.0,187.66062927246094,236.37643432617188,1.0,126.37386322021484,271.0137634277344,1.0,108.45564270019531,281.5848388671875,0.9999988079071045,167.95046997070312,283.6885681152344,0.9999997615814209
616,138.90562438964844,222.16941833496094,1.0,128.59719848632812,254.3606719970703,1.0,126.1983642578125,241.20343017578125,1.0,117.56016540527344,242.58030700683594,1.0,172.75730895996094,240.458984375,1.0,188.2622528076172,236.5193328857422,1.0,126.33560943603516,271.15789794921875,1.0,108.13096618652344,281.5340576171875,0.9999986886978149,167.98776245117188,283.6380615234375,0.9999997615814209
617,138.45559692382812,221.95932006835938,1.0,128.12188720703125,254.3151397705078,1.0,125.93917083740234,241.1561279296875,1.0,117.20150756835938,242.40821838378906,0.9999997615814209,171.61280822753906,239.2604217529297,1.0,187.86074829101562,236.69456481933594,1.0,125.8984375,271.1003723144531,1.0,107.77762603759766,281.38311767578125,0.9999986886978149,167.7928466796875,283.4619445800781,0.9999998807907104
618,138.13946533203125,222.1095733642578,1.0,128.14894104003906,254.1888885498047,1.0,125.80424499511719,241.1586456298828,1.0,117.16973114013672,242.5966796875,0.9999998807907104,170.66717529296875,238.4960479736328,1.0,186.4437255859375,235.87872314453125,1.0,125.83372497558594,270.9652404785156,1.0,107.63145446777344,281.19012451171875,0.9999984502792358,167.8294677734375,283.2406005859375,0.9999998807907104
619,137.8354949951172,221.63861083984375,1.0,127.78278350830078,254.30523681640625,1.0,125.07881927490234,240.81028747558594,1.0,116.6789321899414,241.96009826660156,0.9999997615814209,169.75428771972656,238.3001251220703,1.0,185.62744140625,235.59158325195312,1.0,125.62560272216797,271.3097229003906,1.0,107.48297119140625,281.35888671875,0.9999980926513672,166.99734497070312,283.30419921875,0.9999998807907104
620,137.65162658691406,221.58059692382812,1.0,127.25505828857422,254.36558532714844,1.0,124.80220031738281,240.85562133789062,1.0,116.727783203125,242.22647094726562,0.9999996423721313,169.42181396484375,238.50180053710938,1.0,185.29747009277344,235.6100311279297,1.0,125.30686950683594,271.1778259277344,1.0,107.47948455810547,281.38916015625,0.9999977350234985,166.08856201171875,283.1324157714844,0.9999998807907104
621,137.5218963623047,221.5426483154297,1.0,127.17106628417969,254.1724853515625,1.0,124.56929016113281,240.6492462158203,1.0,116.57972717285156,241.76205444335938,0.9999991655349731,169.4839630126953,238.51136779785156,1.0,185.36520385742188,235.6685791015625,1.0,125.03601837158203,271.1867980957031,1.0,107.28849792480469,281.1961975097656,0.9999978542327881,165.87843322753906,283.2452087402344,1.0
622,137.30580139160156,221.70809936523438,1.0,126.82754516601562,254.46072387695312,1.0,124.33587646484375,240.76287841796875,1.0,116.33091735839844,242.03501892089844,0.9999980926513672,169.3866729736328,238.66937255859375,1.0,185.6486053466797,235.7342987060547,1.0,125.13954162597656,271.0788879394531,1.0,107.28191375732422,281.2533264160156,0.9999982118606567,165.9045867919922,283.2820129394531,1.0
623,137.10626220703125,221.71066284179688,1.0,126.58230590820312,254.4408721923828,1.0,124.13926696777344,240.8800048828125,1.0,116.18131256103516,241.7955780029297,0.9999983310699463,169.3206024169922,238.7664337158203,1.0,185.3588409423828,235.46786499023438,1.0,124.81614685058594,271.25030517578125,1.0,107.17535400390625,281.33587646484375,0.9999978542327881,165.55087280273438,283.2674255371094,1.0
624,136.90061950683594,222.0415496826172,1.0,126.49702453613281,254.3999481201172,1.0,124.03951263427734,241.17288208007812,1.0,116.23085021972656,242.66732788085938,0.9999949932098389,169.2218017578125,238.7682647705078,1.0,184.81219482421875,235.58993530273438,1.0,124.77728271484375,271.2611389160156,1.0,107.15873718261719,281.25372314453125,0.9999973773956299,165.02017211914062,283.2838134765625,1.0
625,136.6794891357422,221.8286590576172,1.0,126.47898864746094,254.4368896484375,1.0,124.03851318359375,241.1317596435547,1.0,116.2603759765625,242.63279724121094,0.9999947547912598,169.21597290039062,238.73593139648438,1.0,184.7184295654297,235.4575958251953,1.0,124.6771240234375,271.5117492675781,1.0,107.1307373046875,281.4771728515625,0.9999957084655762,165.0580596923828,283.32080078125,1.0
626,136.6461181640625,221.79005432128906,1.0,126.397216796875,254.3782196044922,1.0,124.0321273803711,241.2213897705078,1.0,116.31212615966797,242.8811492919922,0.9999958276748657,169.10885620117188,238.70089721679688,1.0,184.66091918945312,235.5061798095703,1.0,124.45790100097656,271.5610046386719,1.0,106.883544921875,280.9595642089844,0.9999973773956299,164.782470703125,283.2541198730469,1.0
627,136.46823120117188,221.87889099121094,1.0,126.2981185913086,254.56051635742188,1.0,123.81829833984375,241.11676025390625,1.0,116.11417388916016,242.64317321777344,0.9999926090240479,169.30068969726562,238.71473693847656,1.0,184.79541015625,235.44305419921875,1.0,124.266845703125,271.5039978027344,1.0,106.7741470336914,280.9140625,0.9999964237213135,164.82374572753906,283.28607177734375,1.0
628,136.5616455078125,221.8904571533203,1.0,126.28152465820312,254.52236938476562,1.0,123.92442321777344,241.1011199951172,1.0,116.14851379394531,242.73666381835938,0.9999951124191284,169.30226135253906,238.7030792236328,1.0,184.80152893066406,235.42977905273438,1.0,124.29761505126953,271.58270263671875,1.0,107.06915283203125,281.5086669921875,0.999995231628418,164.78451538085938,283.237548828125,1.0
629,136.4608154296875,222.0843963623047,1.0,126.22660827636719,254.5826416015625,1.0,123.80791473388672,241.0919189453125,1.0,116.0097885131836,242.56747436523438,0.9999927282333374,169.3209686279297,238.76319885253906,1.0,184.70965576171875,235.4556121826172,1.0,124.31649017333984,271.64227294921875,1.0,106.9441146850586,281.5226135253906,0.9999958276748657,164.66297912597656,283.23870849609375,1.0
630,136.32196044921875,221.82723999023438,1.0,126.18505096435547,254.54840087890625,1.0,123.6910171508789,240.9974365234375,1.0,116.02468872070312,242.76248168945312,0.9999892711639404,169.2982940673828,238.6934814453125,1.0,184.63363647460938,235.4330291748047,1.0,124.3050537109375,271.7880554199219,1.0,106.69210815429688,280.7801818847656,0.9999959468841553,164.81130981445312,283.268798828125,1.0
631,136.4106903076172,221.81216430664062,1.0,126.28621673583984,254.44723510742188,1.0,123.6950454711914,240.9893341064453,1.0,116.04094696044922,242.73880004882812,0.9999951124191284,169.24974060058594,238.68080139160156,1.0,184.69288635253906,235.41476440429688,1.0,124.21728515625,271.73834228515625,1.0,106.67680358886719,280.74267578125,0.9999959468841553,165.07846069335938,283.2126159667969,1.0
632,136.27029418945312,221.82833862304688,1.0,126.10259246826172,254.38223266601562,1.0,123.56108856201172,240.9688720703125,1.0,115.85574340820312,242.2833709716797,0.9999886751174927,169.2505645751953,238.72462463378906,1.0,184.68675231933594,235.36135864257812,1.0,124.15755462646484,271.83404541015625,1.0,106.74874877929688,280.6571960449219,0.999995231628418,164.9140625,283.1983947753906,1.0
633,136.3817596435547,221.73681640625,1.0,126.19195556640625,254.36265563964844,1.0,123.56078338623047,240.8674774169922,1.0,115.78063201904297,242.24600219726562,0.9999896287918091,169.44622802734375,238.75006103515625,1.0,184.84500122070312,235.39671325683594,1.0,124.1143798828125,271.6927490234375,1.0,106.7088394165039,280.6369934082031,0.9999960660934448,164.842041015625,283.34063720703125,1.0
634,136.3653564453125,221.7911834716797,1.0,126.21983337402344,254.30181884765625,1.0,123.63409423828125,240.85748291015625,1.0,115.78512573242188,242.1236572265625,0.9999916553497314,169.50099182128906,238.70518493652344,1.0,184.90325927734375,235.367431640625,1.0,124.08998107910156,271.7375183105469,1.0,107.02676391601562,281.4267883300781,0.9999939203262329,164.8919219970703,283.2788391113281,1.0
635,136.3646697998047,221.8113250732422,1.0,126.11094665527344,254.45303344726562,1.0,123.60098266601562,240.9486846923828,1.0,115.76757049560547,242.44712829589844,0.9999916553497314,169.4929656982422,238.7401580810547,1.0,184.86863708496094,235.36898803710938,1.0,124.07835388183594,271.61822509765625,1.0,107.01734161376953,281.3764953613281,0.9999934434890747,164.8885498046875,283.3650207519531,1.0
636,136.68447875976562,222.16722106933594,1.0,126.00812530517578,254.2566375732422,1.0,123.88838958740234,240.79071044921875,1.0,116.41514587402344,242.74539184570312,0.9999951124191284,169.70870971679688,238.63623046875,1.0,184.8548583984375,235.17416381835938,1.0,124.08402252197266,271.5095520019531,1.0,106.9410171508789,281.3843688964844,0.9999961853027344,164.63783264160156,283.15106201171875,1.0
637,136.65377807617188,222.11520385742188,1.0,126.17472839355469,254.27200317382812,1.0,124.00601959228516,240.87998962402344,1.0,116.3671646118164,242.72410583496094,0.999996542930603,169.74842834472656,238.60443115234375,1.0,184.81858825683594,235.19041442871094,1.0,124.22749328613281,271.561767578125,1.0,106.912353515625,281.4443359375,0.9999964237213135,164.79811096191406,283.08209228515625,1.0
638,136.68515014648438,222.1742401123047,1.0,126.1014175415039,254.3356170654297,1.0,124.03923797607422,240.88587951660156,1.0,116.37645721435547,243.0640106201172,0.9999973773956299,169.88832092285156,238.6061248779297,1.0,184.90916442871094,235.19346618652344,1.0,124.33488464355469,271.4416198730469,1.0,106.98992919921875,281.474365234375,0.9999967813491821,164.84474182128906,283.048828125,1.0
639,136.66200256347656,222.07875061035156,1.0,126.0570068359375,254.17652893066406,1.0,123.98448181152344,240.756591796875,1.0,116.41790008544922,242.89781188964844,0.9999959468841553,170.0439453125,238.5509490966797,1.0,185.06459045410156,235.1667022705078,1.0,124.20465850830078,271.69464111328125,1.0,106.56665802001953,280.76678466796875,0.9999954700469971,164.96128845214844,283.01947021484375,1.0
640,136.6246337890625,222.20648193359375,1.0,126.11430358886719,254.1138916015625,1.0,123.9113540649414,240.76321411132812,1.0,116.33558654785156,243.00372314453125,0.9999961853027344,170.0489959716797,238.52137756347656,1.0,185.08010864257812,235.22409057617188,1.0,124.26940155029297,271.5505676269531,1.0,106.93050384521484,281.4918518066406,0.9999967813491821,164.93601989746094,282.974609375,1.0
641,136.73193359375,222.32928466796875,1.0,126.1352767944336,254.21665954589844,1.0,123.965087890625,240.74972534179688,1.0,116.49688720703125,243.08973693847656,0.9999949932098389,170.07078552246094,238.5930633544922,1.0,185.08578491210938,235.27999877929688,1.0,124.25438690185547,271.49578857421875,1.0,106.86895751953125,281.4070129394531,0.9999957084655762,164.650390625,282.9431457519531,1.0
642,136.7242431640625,222.36074829101562,1.0,126.24903106689453,254.32815551757812,1.0,123.83524322509766,240.8486328125,1.0,116.16954040527344,243.17718505859375,0.9999947547912598,170.21177673339844,238.55270385742188,1.0,185.16281127929688,235.20587158203125,1.0,124.2497329711914,271.3150634765625,1.0,107.00276947021484,281.4536437988281,0.9999974966049194,164.73342895507812,282.94366455078125,1.0
643,136.80471801757812,222.2366485595703,1.0,126.20396423339844,254.14122009277344,1.0,123.7905044555664,240.76564025878906,1.0,116.20814514160156,243.21685791015625,0.9999954700469971,170.17562866210938,238.51622009277344,1.0,185.21270751953125,235.20188903808594,1.0,124.16392517089844,271.3874816894531,1.0,107.0293197631836,281.4367980957031,0.999996542930603,164.6572265625,283.05474853515625,1.0
644,136.8427276611328,222.2657012939453,1.0,126.19933319091797,254.06683349609375,1.0,123.83216094970703,240.67747497558594,1.0,116.246826171875,243.01812744140625,0.9999953508377075,170.16015625,238.4322052001953,1.0,185.23977661132812,235.1863250732422,1.0,124.09303283691406,271.3197021484375,1.0,107.10875701904297,281.4004821777344,0.9999967813491821,164.7802734375,282.9801025390625,1.0
645,136.8854217529297,222.133056640625,1.0,126.12342834472656,254.11819458007812,1.0,123.84593200683594,240.74610900878906,1.0,116.23562622070312,243.00173950195312,0.9999905824661255,170.20802307128906,238.4337921142578,1.0,185.29702758789062,235.19874572753906,1.0,124.0254135131836,271.2850341796875,1.0,107.06040954589844,281.2681884765625,0.9999954700469971,164.82046508789062,283.0428771972656,1.0
646,136.6797332763672,222.0484619140625,1.0,125.98661041259766,254.12725830078125,1.0,123.82433319091797,240.7433624267578,1.0,116.14395904541016,242.885986328125,0.9999834299087524,170.11154174804688,238.38294982910156,1.0,185.29820251464844,235.060302734375,1.0,123.87329864501953,271.495849609375,1.0,107.04889678955078,281.3250732421875,0.9999932050704956,164.7482147216797,283.15380859375,1.0
647,136.64230346679688,222.0019989013672,1.0,126.10659790039062,254.06246948242188,1.0,123.88272094726562,240.75465393066406,1.0,116.23825073242188,242.8072509765625,0.9999897480010986,170.12750244140625,238.43954467773438,1.0,185.3245391845703,235.10731506347656,1.0,123.98391723632812,271.43988037109375,1.0,107.07736206054688,281.2660217285156,0.9999939203262329,164.65574645996094,283.1874084472656,1.0
648,136.66065979003906,222.0048065185547,1.0,125.96244049072266,254.06454467773438,1.0,123.89282989501953,240.44712829589844,1.0,116.23937225341797,242.46719360351562,0.9999960660934448,170.0282440185547,238.45835876464844,1.0,185.2578582763672,235.20252990722656,1.0,124.02438354492188,271.1937561035156,1.0,107.0450439453125,281.15057373046875,0.9999967813491821,164.6643524169922,283.1375732421875,1.0
649,136.56149291992188,221.9458465576172,1.0,125.93063354492188,254.02700805664062,1.0,123.80132293701172,240.641357421875,1.0,116.1492919921875,242.8186492919922,0.9999908208847046,169.8994598388672,238.49755859375,1.0,185.19639587402344,235.22642517089844,1.0,123.9720687866211,271.14068603515625,1.0,107.10123443603516,281.1423645019531,0.9999963045120239,164.41188049316406,283.2718811035156,1.0
650,136.59291076660156,221.94351196289062,1.0,125.99884033203125,254.06663513183594,1.0,124.04270935058594,240.5142822265625,1.0,116.26029968261719,242.48240661621094,0.9999935626983643,170.04400634765625,238.4239501953125,1.0,185.21197509765625,235.27059936523438,1.0,124.08354187011719,271.1080017089844,1.0,107.11630249023438,281.1080322265625,0.9999964237213135,164.55477905273438,283.230712890625,1.0
651,136.59730529785156,222.04249572753906,1.0,125.9993667602539,254.22439575195312,1.0,124.04266357421875,240.58819580078125,1.0,116.39236450195312,242.616455078125,0.9999957084655762,170.04454040527344,238.48667907714844,1.0,185.1814422607422,235.39126586914062,1.0,124.0213851928711,271.0457458496094,1.0,107.00863647460938,281.0692443847656,0.9999959468841553,164.3986053466797,283.3478088378906,1.0
652,136.75865173339844,221.80148315429688,1.0,126.00817108154297,254.19407653808594,1.0,123.98651885986328,240.5338134765625,1.0,116.33786010742188,242.55824279785156,0.9999961853027344,169.99522399902344,238.3231964111328,1.0,185.14199829101562,235.3147430419922,1.0,124.02516174316406,270.9499816894531,1.0,107.06791687011719,280.97705078125,0.9999971389770508,164.62184143066406,283.274658203125,1.0
653,136.7811279296875,221.9878387451172,1.0,126.16609954833984,254.265380859375,1.0,124.0933609008789,240.61705017089844,1.0,116.52775573730469,243.1473388671875,0.9999985694885254,169.92636108398438,238.21302795410156,1.0,185.1390838623047,235.24551391601562,1.0,124.200439453125,270.75616455078125,1.0,107.10774230957031,281.0484924316406,0.9999973773956299,164.7737579345703,283.1552734375,1.0
654,136.8213653564453,221.97906494140625,1.0,126.14572143554688,254.25021362304688,1.0,124.0503158569336,240.58963012695312,1.0,116.46166229248047,243.08424377441406,0.9999979734420776,169.9242706298828,238.1926727294922,1.0,185.09292602539062,235.20819091796875,1.0,124.17025756835938,270.7478332519531,1.0,107.1676254272461,281.12530517578125,0.9999972581863403,164.66770935058594,283.0719909667969,1.0
655,136.87530517578125,221.84092712402344,1.0,126.24263000488281,254.02581787109375,1.0,124.11844635009766,240.47384643554688,1.0,116.53411865234375,242.8487091064453,0.9999974966049194,169.95852661132812,238.08544921875,1.0,185.231201171875,235.3165740966797,1.0,124.07320404052734,270.8556213378906,1.0,107.1434326171875,280.98626708984375,0.9999966621398926,164.50537109375,283.12860107421875,1.0
656,136.83099365234375,221.9338836669922,1.0,126.37457275390625,253.93263244628906,1.0,124.14470672607422,240.43836975097656,1.0,116.54600524902344,242.62564086914062,0.9999966621398926,170.04342651367188,238.17813110351562,1.0,185.25677490234375,235.32261657714844,1.0,124.08999633789062,270.6706848144531,1.0,107.12886810302734,280.97564697265625,0.9999970197677612,164.41851806640625,283.06036376953125,1.0
657,136.89419555664062,221.90280151367188,1.0,126.3888931274414,253.8671875,1.0,124.1344223022461,240.40167236328125,1.0,116.5382308959961,242.6499481201172,0.9999973773956299,170.02870178222656,238.07225036621094,1.0,185.13954162597656,235.31240844726562,1.0,124.13103485107422,270.71527099609375,1.0,107.18401336669922,281.0096130371094,0.999996542930603,164.50186157226562,282.9521789550781,1.0
658,136.9841766357422,222.12338256835938,1.0,126.50033569335938,253.88157653808594,1.0,124.18236541748047,240.36993408203125,1.0,116.5586166381836,242.9657440185547,0.9999988079071045,170.17210388183594,238.08023071289062,1.0,185.12844848632812,235.29522705078125,1.0,124.22135925292969,270.52703857421875,1.0,107.13703918457031,280.8852233886719,0.9999979734420776,164.6697235107422,282.8977355957031,1.0
659,136.90298461914062,222.08314514160156,1.0,126.47347259521484,253.9441680908203,1.0,124.0773696899414,240.39480590820312,1.0,116.46366119384766,243.1404266357422,0.9999984502792358,170.13861083984375,238.04971313476562,1.0,185.25070190429688,235.3419952392578,1.0,124.34568786621094,270.5353088378906,1.0,107.17122650146484,280.9617614746094,0.9999977350234985,164.6613006591797,282.87890625,1.0
660,137.18971252441406,221.838134765625,1.0,126.45111083984375,253.71412658691406,1.0,124.3060073852539,240.25209045410156,1.0,116.70349884033203,242.9117431640625,0.9999984502792358,170.04798889160156,238.17491149902344,1.0,185.5145721435547,235.24925231933594,1.0,124.17923736572266,270.9169616699219,1.0,107.13704681396484,281.1755065917969,0.9999971389770508,164.60675048828125,283.1199035644531,1.0
661,137.1429443359375,221.8780059814453,1.0,126.37223815917969,253.72384643554688,1.0,124.2491683959961,240.1400146484375,1.0,116.56661224365234,242.54519653320312,0.9999985694885254,170.1453399658203,238.1384735107422,1.0,185.53485107421875,235.2752227783203,1.0,124.08483123779297,270.8340148925781,1.0,107.12027740478516,281.0669250488281,0.999997615814209,164.60720825195312,283.1279296875,1.0
662,137.0546112060547,221.95425415039062,1.0,126.4735336303711,253.68690490722656,1.0,124.23345184326172,240.1022491455078,1.0,116.61315155029297,242.45526123046875,0.9999986886978149,170.17318725585938,237.84007263183594,1.0,185.42494201660156,235.13316345214844,1.0,124.25818634033203,270.7455139160156,1.0,107.20628356933594,281.0123291015625,0.9999977350234985,164.65708923339844,282.9639892578125,1.0
663,137.05723571777344,221.84922790527344,1.0,126.47508239746094,253.58169555664062,1.0,124.32199096679688,240.1840362548828,1.0,116.69774627685547,242.6749725341797,0.9999986886978149,170.22933959960938,237.66494750976562,1.0,185.4345245361328,235.23211669921875,1.0,124.20924377441406,270.65673828125,1.0,107.22815704345703,281.0111999511719,0.9999978542327881,164.66246032714844,282.9498291015625,1.0
664,137.1737060546875,221.78501892089844,1.0,126.51118469238281,253.6188507080078,1.0,124.34153747558594,240.06959533691406,1.0,116.8537826538086,242.6348114013672,0.9999986886978149,170.30235290527344,237.27024841308594,1.0,185.59124755859375,235.08053588867188,1.0,124.36296844482422,270.6241455078125,1.0,107.23756408691406,280.93402099609375,0.9999977350234985,164.87802124023438,282.8636779785156,1.0
665,137.121337890625,221.8099822998047,1.0,126.61785888671875,253.64089965820312,1.0,124.25818634033203,240.0604705810547,1.0,116.87158203125,242.94400024414062,0.9999991655349731,170.41143798828125,237.3323211669922,1.0,185.51539611816406,235.10374450683594,1.0,124.34678649902344,270.6480712890625,1.0,107.14688110351562,281.0556640625,0.9999972581863403,164.89971923828125,282.9541015625,1.0
666,137.18927001953125,221.6460723876953,1.0,126.5318832397461,253.6882781982422,1.0,124.26728057861328,239.96714782714844,1.0,116.90299987792969,242.75662231445312,0.9999984502792358,170.3730926513672,237.42709350585938,1.0,185.5001678466797,235.080322265625,1.0,124.3472900390625,270.74517822265625,1.0,107.18473815917969,281.0126953125,0.9999958276748657,164.73463439941406,283.07611083984375,1.0
667,137.236083984375,221.61154174804688,1.0,126.4986801147461,253.75160217285156,1.0,124.27928924560547,239.97052001953125,1.0,116.8886947631836,242.85751342773438,0.9999979734420776,170.39605712890625,237.46543884277344,1.0,185.52674865722656,235.03363037109375,1.0,124.23236846923828,270.57373046875,1.0,107.11243438720703,280.8998718261719,0.9999969005584717,164.6531524658203,283.0674743652344,1.0
668,137.3582763671875,221.54876708984375,1.0,126.56295013427734,253.83230590820312,1.0,124.38822937011719,239.93838500976562,1.0,116.89810943603516,242.8044891357422,0.9999986886978149,170.66180419921875,237.3738555908203,1.0,185.7367401123047,234.85594177246094,1.0,124.34000396728516,270.5200500488281,1.0,107.03661346435547,280.9009094238281,0.9999970197677612,164.7349090576172,283.08447265625,1.0
669,137.4161834716797,221.6224822998047,1.0,126.6011734008789,253.74842834472656,1.0,124.4416275024414,239.9336395263672,1.0,117.02762603759766,242.92709350585938,0.9999979734420776,170.61546325683594,237.32443237304688,1.0,185.67794799804688,234.8090057373047,1.0,124.20067596435547,270.6517028808594,1.0,106.99386596679688,280.8369445800781,0.9999970197677612,164.58514404296875,283.0680847167969,1.0
670,137.40887451171875,221.696044921875,1.0,126.66228485107422,253.759033203125,1.0,124.37531280517578,239.9691619873047,1.0,116.9644775390625,242.78082275390625,0.9999978542327881,170.5561981201172,237.37619018554688,1.0,185.57711791992188,234.84625244140625,1.0,124.25117492675781,270.5481262207031,1.0,107.11720275878906,280.8714294433594,0.9999957084655762,164.56517028808594,283.0311279296875,1.0
671,137.45433044433594,221.69668579101562,1.0,126.56978607177734,253.6651611328125,1.0,124.4376220703125,239.92901611328125,1.0,117.13328552246094,242.96678161621094,0.9999986886978149,170.4915008544922,237.33583068847656,1.0,185.55740356445312,234.8748779296875,1.0,124.19168853759766,270.3491516113281,1.0,107.14139556884766,280.8765563964844,0.9999947547912598,164.6474151611328,283.0625915527344,1.0
672,137.17990112304688,221.8509979248047,1.0,126.48506164550781,253.52931213378906,1.0,124.49665069580078,240.048583984375,1.0,117.01240539550781,243.3677978515625,0.9999960660934448,170.66749572753906,237.18753051757812,1.0,185.75782775878906,234.55348205566406,1.0,124.08548736572266,270.4363098144531,1.0,107.29074096679688,280.80712890625,0.9999953508377075,164.6263427734375,282.9351806640625,1.0
673,137.31832885742188,221.78897094726562,1.0,126.58349609375,253.5821533203125,1.0,124.42784118652344,240.08905029296875,1.0,117.04315948486328,243.611572265625,0.999992847442627,170.69696044921875,237.21482849121094,1.0,185.79946899414062,234.73995971679688,1.0,124.12747192382812,270.5943603515625,1.0,107.26792907714844,280.8814697265625,0.9999960660934448,164.47019958496094,282.9598388671875,1.0
674,137.1455841064453,221.70394897460938,1.0,126.49945831298828,253.55487060546875,1.0,124.39938354492188,240.0967559814453,1.0,116.89149475097656,243.2541961669922,0.9999878406524658,170.7328338623047,237.28048706054688,1.0,185.64239501953125,234.72262573242188,1.0,124.05783081054688,270.609375,1.0,107.30357360839844,280.91973876953125,0.9999963045120239,164.5985870361328,282.8764953613281,1.0
675,137.30355834960938,221.61280822753906,1.0,126.56880950927734,253.56582641601562,1.0,124.47604370117188,239.99298095703125,1.0,116.86163330078125,243.0322265625,0.9999955892562866,170.7294464111328,237.36744689941406,1.0,185.62318420410156,234.6960906982422,1.0,124.18425750732422,270.5087585449219,1.0,107.40312194824219,280.7530822753906,0.9999969005584717,164.5528564453125,282.9423828125,1.0
676,137.3684844970703,221.642333984375,1.0,126.62596130371094,253.3852081298828,1.0,124.41493225097656,240.02305603027344,1.0,116.84928894042969,243.04269409179688,0.9999959468841553,170.9087677001953,237.363525390625,1.0,185.685302734375,234.705322265625,1.0,124.2497787475586,270.58966064453125,1.0,107.40022277832031,280.7872619628906,0.9999972581863403,164.5370330810547,282.9132080078125,1.0
677,137.40769958496094,221.6875,1.0,126.71827697753906,253.2278289794922,1.0,124.47561645507812,239.96702575683594,1.0,116.865234375,243.06907653808594,0.9999969005584717,170.85446166992188,237.45899963378906,1.0,185.79815673828125,234.9144287109375,1.0,124.32266235351562,270.5428771972656,1.0,107.40990447998047,280.7181396484375,0.9999973773956299,164.6553955078125,282.8509826660156,1.0
678,137.450927734375,221.69290161132812,1.0,126.69305419921875,253.35748291015625,1.0,124.57183837890625,240.01507568359375,1.0,116.9197998046875,242.8861541748047,0.9999912977218628,170.88575744628906,237.50140380859375,1.0,185.83741760253906,234.85147094726562,1.0,124.30628204345703,270.56683349609375,1.0,107.41458129882812,280.66363525390625,0.9999982118606567,164.6485595703125,282.7959289550781,1.0
679,137.43190002441406,221.57730102539062,1.0,126.57976531982422,253.44447326660156,1.0,124.58623504638672,239.9040069580078,1.0,116.8864517211914,242.5017547607422,0.9999912977218628,170.80419921875,237.46250915527344,1.0,185.7732391357422,234.80242919921875,1.0,124.24066162109375,270.40618896484375,1.0,107.39167022705078,280.6731262207031,0.9999980926513672,164.87655639648438,282.6946105957031,1.0
680,137.44471740722656,221.60350036621094,1.0,126.70326232910156,253.51205444335938,1.0,124.6129379272461,239.88287353515625,1.0,116.89561462402344,242.41766357421875,0.9999951124191284,170.7711944580078,237.5431365966797,1.0,185.6721954345703,234.85208129882812,1.0,124.3420639038086,270.4862365722656,1.0,107.40974426269531,280.57781982421875,0.9999986886978149,164.87295532226562,282.68359375,1.0
681,137.59381103515625,221.70245361328125,1.0,126.68566131591797,253.5281982421875,1.0,124.62847900390625,239.83087158203125,1.0,117.08051300048828,242.78573608398438,0.9999967813491821,170.90380859375,237.58311462402344,1.0,185.76943969726562,234.86785888671875,1.0,124.2989501953125,270.390869140625,1.0,107.28934478759766,280.5284729003906,0.9999991655349731,164.76368713378906,282.7529602050781,1.0
682,137.46829223632812,221.71934509277344,1.0,126.6570053100586,253.4222869873047,1.0,124.6005859375,239.8344268798828,1.0,116.92637634277344,242.618896484375,0.9999942779541016,171.0227813720703,237.6290283203125,1.0,185.80404663085938,234.8990478515625,1.0,124.29727172851562,270.2116394042969,1.0,107.36375427246094,280.5376281738281,0.9999990463256836,164.7728729248047,282.87322998046875,1.0
683,137.68212890625,221.6083221435547,1.0,126.77528381347656,253.36170959472656,1.0,124.62911224365234,239.90951538085938,1.0,116.88004302978516,242.78797912597656,0.9999974966049194,170.99295043945312,237.7655029296875,1.0,185.894287109375,234.96719360351562,1.0,124.41648864746094,270.0479736328125,1.0,107.35590362548828,280.50799560546875,0.9999988079071045,164.7647247314453,282.9143981933594,1.0
684,138.15086364746094,221.63772583007812,1.0,127.01777648925781,253.3066864013672,1.0,124.82047271728516,239.91265869140625,1.0,117.08191680908203,242.6454315185547,0.9999986886978149,171.1004180908203,237.723388671875,1.0,185.83396911621094,235.05322265625,1.0,124.69291687011719,270.4311218261719,1.0,107.6817398071289,280.8197937011719,0.9999984502792358,164.67889404296875,282.7784729003906,1.0
685,137.9443359375,221.74163818359375,1.0,127.02272033691406,253.40280151367188,1.0,124.78824615478516,240.00537109375,1.0,117.12069702148438,242.52688598632812,0.9999978542327881,171.14749145507812,237.7393341064453,1.0,185.81700134277344,235.14752197265625,1.0,124.8402099609375,270.56640625,1.0,107.60433959960938,280.7515563964844,0.9999988079071045,164.72332763671875,282.74298095703125,1.0
686,137.95838928222656,221.7894287109375,1.0,127.01419067382812,253.54586791992188,1.0,124.7303466796875,240.042236328125,1.0,117.08985900878906,242.4701690673828,0.9999977350234985,171.15899658203125,237.7506103515625,1.0,185.75473022460938,235.0447540283203,1.0,124.8071060180664,270.4585266113281,1.0,107.56513977050781,280.6934814453125,0.9999991655349731,164.75039672851562,282.78778076171875,1.0
687,138.11798095703125,221.7781219482422,1.0,127.04669189453125,253.49871826171875,1.0,124.82914733886719,239.998291015625,1.0,117.23179626464844,242.45663452148438,0.9999980926513672,171.27969360351562,237.74176025390625,1.0,185.783935546875,235.12557983398438,1.0,124.78205871582031,270.4681701660156,1.0,107.51788330078125,280.6716613769531,0.9999991655349731,164.86129760742188,282.74713134765625,1.0
688,138.095458984375,221.8402557373047,1.0,127.0653076171875,253.44361877441406,1.0,124.71561431884766,239.98977661132812,1.0,117.1551742553711,242.6057586669922,0.9999977350234985,171.24461364746094,237.7558135986328,1.0,185.83570861816406,235.1441192626953,1.0,124.77842712402344,270.6305847167969,1.0,107.47924041748047,280.7177429199219,0.9999990463256836,164.7472686767578,282.7910461425781,1.0
689,137.93423461914062,221.87982177734375,1.0,127.1577377319336,253.49485778808594,1.0,124.7899398803711,240.10980224609375,1.0,117.1936264038086,242.96310424804688,0.9999988079071045,171.0826416015625,237.81927490234375,1.0,186.14942932128906,235.03379821777344,1.0,124.86225128173828,270.4190979003906,1.0,107.45355987548828,280.7803955078125,0.9999991655349731,164.91448974609375,282.732666015625,1.0
690,137.8622589111328,221.743408203125,1.0,127.13330078125,253.4136962890625,1.0,124.73843383789062,240.0551300048828,1.0,117.13394927978516,242.95217895507812,0.9999982118606567,171.09881591796875,237.9010772705078,1.0,185.83473205566406,235.29539489746094,1.0,124.90266418457031,270.3368225097656,1.0,107.55638122558594,280.78863525390625,0.9999990463256836,165.04638671875,282.75634765625,1.0
691,137.92330932617188,222.08148193359375,1.0,127.10801696777344,253.4168243408203,1.0,124.74585723876953,240.06497192382812,1.0,117.20005798339844,243.23219299316406,0.9999982118606567,171.2440643310547,237.88116455078125,1.0,185.82691955566406,235.32302856445312,1.0,124.82817077636719,270.2929382324219,1.0,107.48576354980469,280.8092956542969,0.9999990463256836,165.1139678955078,282.7051086425781,1.0
692,137.8771514892578,222.08480834960938,1.0,127.10646057128906,253.39599609375,1.0,124.679931640625,240.16395568847656,1.0,117.07177734375,243.16908264160156,0.9999983310699463,171.2285614013672,237.91891479492188,1.0,185.85940551757812,235.33164978027344,1.0,124.8150634765625,270.5478210449219,1.0,107.52912902832031,280.86187744140625,0.999998927116394,165.0500946044922,282.66448974609375,1.0
693,137.8985595703125,222.1335906982422,1.0,127.14468383789062,253.4148712158203,1.0,124.69947814941406,240.20883178710938,1.0,116.99188232421875,243.25267028808594,0.9999980926513672,171.20120239257812,237.97047424316406,1.0,185.8096923828125,235.32749938964844,1.0,124.83182525634766,270.5164489746094,1.0,107.59294891357422,280.9288330078125,0.9999992847442627,165.1776123046875,282.7364501953125,1.0
694,137.91146850585938,222.1435546875,1.0,127.12992858886719,253.44554138183594,1.0,124.73410034179688,240.15391540527344,1.0,117.02880859375,242.7696990966797,0.9999980926513672,171.17184448242188,238.00022888183594,1.0,185.71743774414062,235.4541015625,1.0,124.87176513671875,270.6164245605469,1.0,107.61936950683594,280.9518737792969,0.999998927116394,165.29095458984375,282.7029113769531,1.0
695,137.97918701171875,222.0493621826172,1.0,127.11836242675781,253.55885314941406,1.0,124.89339447021484,240.28016662597656,1.0,117.18611145019531,242.9002685546875,0.9999980926513672,171.15025329589844,238.05300903320312,1.0,185.79913330078125,235.46665954589844,1.0,124.8110122680664,270.3436279296875,1.0,107.53820037841797,280.8232727050781,0.9999991655349731,165.08685302734375,282.81146240234375,1.0
696,137.92176818847656,222.1309356689453,1.0,127.14478302001953,253.64511108398438,1.0,125.0654296875,240.46829223632812,1.0,117.3808364868164,243.51637268066406,0.9999978542327881,171.31663513183594,237.98373413085938,1.0,186.0769805908203,235.49880981445312,1.0,124.98622131347656,270.83416748046875,1.0,107.68234252929688,280.8349304199219,0.9999977350234985,164.7873077392578,282.7956848144531,1.0
697,137.9281768798828,221.9612579345703,1.0,127.17549133300781,253.6431427001953,1.0,125.1146469116211,240.56216430664062,1.0,117.37152862548828,243.53688049316406,0.9999964237213135,171.29788208007812,238.00485229492188,1.0,186.01617431640625,235.521484375,1.0,124.91143798828125,270.65203857421875,1.0,107.67863464355469,280.816162109375,0.9999984502792358,164.88299560546875,282.79638671875,1.0
698,138.08935546875,221.99237060546875,1.0,127.25460815429688,253.5692596435547,1.0,125.14409637451172,240.49208068847656,1.0,117.35967254638672,243.50816345214844,0.9999970197677612,171.3341827392578,237.97608947753906,1.0,186.06585693359375,235.51695251464844,1.0,124.87932586669922,270.58721923828125,1.0,107.6099853515625,280.74609375,0.9999983310699463,164.78622436523438,282.8349304199219,1.0
699,138.21157836914062,222.05206298828125,1.0,127.08445739746094,253.5935516357422,1.0,124.9808349609375,240.4929656982422,1.0,117.23844909667969,243.3453369140625,0.999997615814209,171.13882446289062,238.11444091796875,1.0,185.88470458984375,235.62413024902344,1.0,124.81033325195312,270.6783752441406,1.0,107.6546401977539,280.781494140625,0.9999983310699463,164.6326904296875,282.9244079589844,1.0
700,138.2650604248047,222.15916442871094,1.0,127.24793243408203,253.515380859375,1.0,125.06066131591797,240.48190307617188,1.0,117.39620971679688,243.41957092285156,0.9999978542327881,171.08819580078125,238.09840393066406,1.0,185.8294219970703,235.65234375,1.0,124.81665802001953,270.6060485839844,1.0,107.67656707763672,280.7845458984375,0.9999983310699463,164.6169891357422,282.8132019042969,1.0
701,138.2599639892578,222.0838165283203,1.0,127.17511749267578,253.61447143554688,1.0,125.0579605102539,240.535400390625,1.0,117.41639709472656,243.66485595703125,0.9999978542327881,171.13772583007812,238.05738830566406,1.0,186.0200653076172,235.62147521972656,1.0,124.74270629882812,270.69207763671875,1.0,107.63877868652344,280.7935791015625,0.9999983310699463,164.5690460205078,282.87823486328125,1.0
702,138.1065216064453,222.15475463867188,1.0,127.0543441772461,253.71498107910156,1.0,125.03025817871094,240.4626922607422,1.0,117.2982177734375,243.45950317382812,0.9999974966049194,171.2515411376953,237.93978881835938,1.0,186.02130126953125,235.4383544921875,1.0,124.78378295898438,270.79522705078125,1.0,107.59619140625,280.7564697265625,0.9999986886978149,164.63368225097656,282.7696838378906,1.0
703,138.26441955566406,222.16310119628906,1.0,127.17760467529297,253.58050537109375,1.0,125.10841369628906,240.388427734375,1.0,117.32193756103516,243.03903198242188,0.9999974966049194,171.16445922851562,237.98269653320312,1.0,185.97137451171875,235.4230194091797,1.0,124.85321807861328,270.7220764160156,1.0,107.63545989990234,280.68084716796875,0.9999986886978149,164.79859924316406,282.70037841796875,1.0
704,138.24929809570312,222.218505859375,1.0,127.18115234375,253.5471954345703,1.0,125.16271209716797,240.3594512939453,1.0,117.42536926269531,243.12986755371094,0.9999985694885254,171.17140197753906,237.9908905029297,1.0,186.0745086669922,235.48106384277344,1.0,124.83071899414062,270.67974853515625,1.0,107.63304138183594,280.6756896972656,0.9999990463256836,164.8408203125,282.7827453613281,1.0
705,138.25076293945312,222.11192321777344,1.0,127.14957427978516,253.57681274414062,1.0,125.11861419677734,240.46920776367188,1.0,117.36933898925781,243.32125854492188,0.9999983310699463,171.0303955078125,238.10052490234375,1.0,185.95797729492188,235.58941650390625,1.0,124.80027770996094,270.689697265625,1.0,107.63754272460938,280.6732482910156,0.9999988079071045,164.8376007080078,282.7808837890625,1.0
706,138.2023162841797,222.1283416748047,1.0,127.11064147949219,253.55496215820312,1.0,125.13621520996094,240.37667846679688,1.0,117.41533660888672,243.27647399902344,0.9999980926513672,171.08094787597656,237.95924377441406,1.0,186.06822204589844,235.50433349609375,1.0,124.68294525146484,270.7184143066406,1.0,107.69194030761719,280.672607421875,0.9999984502792358,164.8303680419922,282.8135986328125,1.0
707,138.14248657226562,222.2174835205078,1.0,127.23970794677734,253.61453247070312,1.0,125.19815063476562,240.3875274658203,1.0,117.40153503417969,243.36814880371094,0.9999978542327881,171.19464111328125,238.00921630859375,1.0,186.13153076171875,235.56967163085938,1.0,124.71783447265625,270.73883056640625,1.0,107.76790618896484,280.64813232421875,0.9999985694885254,164.74270629882812,282.8368835449219,1.0
708,138.14642333984375,222.23577880859375,1.0,127.24949645996094,253.5138397216797,1.0,125.23072052001953,240.38587951660156,1.0,117.69947052001953,243.5685577392578,0.9999991655349731,171.19297790527344,238.3101043701172,1.0,186.1297149658203,235.68333435058594,1.0,124.77469635009766,270.3839416503906,1.0,107.8218994140625,280.67742919921875,0.9999996423721313,164.54005432128906,282.840576171875,1.0
709,138.1450653076172,222.23483276367188,1.0,127.18535614013672,253.5265655517578,1.0,125.25347137451172,240.36721801757812,1.0,117.67120361328125,243.5526885986328,0.999998927116394,171.25245666503906,238.27012634277344,1.0,186.0280303955078,235.59266662597656,1.0,124.75665283203125,270.46746826171875,1.0,107.82466888427734,280.63201904296875,0.9999992847442627,164.64996337890625,282.8374328613281,1.0
710,138.01608276367188,222.39744567871094,1.0,127.23698425292969,253.52090454101562,1.0,125.20175170898438,240.46011352539062,1.0,117.5931625366211,243.91351318359375,0.9999990463256836,171.37844848632812,238.2928009033203,1.0,186.07969665527344,235.60702514648438,1.0,124.78389739990234,270.3761901855469,1.0,107.84043884277344,280.837890625,0.9999992847442627,164.62318420410156,282.8495178222656,1.0
711,138.19476318359375,222.52627563476562,1.0,127.33609771728516,253.49288940429688,1.0,125.25035858154297,240.52464294433594,1.0,117.61125183105469,244.1787109375,0.9999990463256836,171.428466796875,238.309326171875,1.0,186.11758422851562,235.8505401611328,1.0,124.83808898925781,270.4485778808594,1.0,107.79105377197266,280.8893127441406,0.9999991655349731,164.64871215820312,282.9619140625,1.0
712,138.30870056152344,222.52415466308594,1.0,127.4160385131836,253.43966674804688,1.0,125.20562744140625,240.5294189453125,1.0,117.60606384277344,244.07289123535156,0.9999988079071045,171.46832275390625,238.2392120361328,1.0,186.1553955078125,235.7895965576172,1.0,124.85272216796875,270.31549072265625,1.0,107.88516998291016,280.8124084472656,0.9999990463256836,164.6928253173828,282.918701171875,1.0
713,138.3444061279297,222.4943389892578,1.0,127.3471450805664,253.47103881835938,1.0,125.28519439697266,240.4965362548828,1.0,117.51518249511719,243.8798370361328,0.9999991655349731,171.5926971435547,238.28501892089844,1.0,186.2150421142578,235.7476806640625,1.0,124.86582946777344,270.3955078125,1.0,107.83320617675781,280.8491516113281,0.9999991655349731,164.84507751464844,282.8697814941406,1.0
714,138.3798828125,222.28128051757812,1.0,127.48249816894531,253.301025390625,1.0,125.35254669189453,240.49359130859375,1.0,117.60913848876953,243.89280700683594,0.9999990463256836,171.6016845703125,238.22119140625,1.0,186.29811096191406,235.77593994140625,1.0,124.90467834472656,270.2511901855469,1.0,107.95821380615234,280.7904357910156,0.999998927116394,164.83184814453125,282.9041442871094,1.0
715,138.3926239013672,222.44964599609375,1.0,127.50391387939453,253.43746948242188,1.0,125.30664825439453,240.65008544921875,1.0,117.56257629394531,244.1499481201172,0.9999990463256836,171.69189453125,238.2255401611328,1.0,186.3986053466797,235.82936096191406,1.0,124.9315185546875,270.3142395019531,1.0,107.9062728881836,280.8700256347656,0.9999992847442627,164.64088439941406,282.88134765625,1.0
716,138.36856079101562,222.43865966796875,1.0,127.53317260742188,253.3430633544922,1.0,125.27691650390625,240.4916229248047,1.0,117.48339080810547,243.90798950195312,0.9999983310699463,171.75282287597656,238.30152893066406,1.0,186.39111328125,235.81307983398438,1.0,124.99031066894531,270.2874450683594,1.0,107.87551879882812,280.7702331542969,0.9999990463256836,164.76824951171875,282.9932861328125,1.0
717,138.6049041748047,222.41270446777344,1.0,127.60194396972656,253.2748565673828,1.0,125.32014465332031,240.52333068847656,1.0,117.61203002929688,243.77212524414062,0.999998927116394,171.88140869140625,238.3917694091797,1.0,186.48587036132812,235.8750762939453,1.0,124.95154571533203,270.3775939941406,1.0,107.93305969238281,280.80230712890625,0.9999991655349731,164.62413024902344,282.94989013671875,1.0
718,138.55691528320312,222.36183166503906,1.0,127.66690063476562,253.34274291992188,1.0,125.39920043945312,240.59054565429688,1.0,117.58468627929688,244.1193084716797,0.9999991655349731,171.8341064453125,238.37005615234375,1.0,186.44912719726562,235.8722686767578,1.0,125.08151245117188,270.3627624511719,1.0,107.91466522216797,280.8712463378906,0.9999990463256836,164.5154266357422,282.97979736328125,1.0
719,138.48123168945312,222.42320251464844,1.0,127.53334045410156,253.39520263671875,1.0,125.3808364868164,240.587646484375,1.0,117.59016418457031,244.05630493164062,0.9999985694885254,171.8937225341797,238.41415405273438,1.0,186.4966278076172,235.83126831054688,1.0,125.0176773071289,270.3968811035156,1.0,107.92765045166016,280.8077392578125,0.9999986886978149,164.7842254638672,282.93499755859375,1.0
720,138.6613006591797,222.12266540527344,1.0,127.65225982666016,253.2418212890625,1.0,125.54708099365234,240.50794982910156,1.0,117.63142395019531,243.8724822998047,0.9999992847442627,171.92913818359375,238.4131317138672,1.0,187.01370239257812,235.9784393310547,1.0,125.28827667236328,270.2462158203125,1.0,108.1231460571289,280.921142578125,0.999998927116394,164.90176391601562,282.97882080078125,1.0
721,138.87619018554688,222.20941162109375,1.0,127.8248291015625,253.20912170410156,1.0,125.54167175292969,240.44757080078125,1.0,117.93917846679688,243.74961853027344,0.9999996423721313,172.0299072265625,238.335205078125,1.0,186.9256591796875,235.96351623535156,1.0,125.28591918945312,270.2944030761719,1.0,108.12676239013672,280.9296569824219,0.9999992847442627,164.93873596191406,282.9123840332031,1.0
722,138.93576049804688,221.69387817382812,1.0,127.89120483398438,253.2397918701172,1.0,125.56063079833984,240.31448364257812,1.0,117.8616714477539,243.52999877929688,0.9999996423721313,172.03636169433594,238.41043090820312,1.0,186.99887084960938,235.9544677734375,1.0,125.308837890625,270.13653564453125,1.0,108.12348175048828,280.928466796875,0.9999994039535522,165.18679809570312,282.9173583984375,1.0
723,138.73887634277344,221.67373657226562,1.0,127.88445281982422,253.23443603515625,1.0,125.39490509033203,240.46627807617188,1.0,117.84474182128906,244.16175842285156,0.9999995231628418,172.0760955810547,238.36643981933594,1.0,186.80677795410156,235.99441528320312,1.0,125.32047271728516,270.1351318359375,1.0,108.13006591796875,280.86041259765625,0.9999991655349731,165.0912322998047,282.9154968261719,1.0
724,138.69102478027344,222.28863525390625,1.0,127.81246948242188,253.144775390625,1.0,125.38468933105469,240.3734130859375,1.0,117.68291473388672,243.8538055419922,0.9999991655349731,172.17962646484375,238.34979248046875,1.0,187.04672241210938,235.96925354003906,1.0,125.13126373291016,270.11004638671875,1.0,108.23220825195312,280.8628845214844,0.9999988079071045,164.98731994628906,283.0218811035156,1.0
725,138.89453125,221.59185791015625,1.0,127.85638427734375,253.1434326171875,1.0,125.27814483642578,240.26150512695312,1.0,117.57437896728516,243.63925170898438,0.9999994039535522,171.98629760742188,238.41943359375,1.0,187.0054473876953,236.01641845703125,1.0,125.1063003540039,270.2070617675781,1.0,108.1856918334961,280.9313049316406,0.9999991655349731,164.9995880126953,283.012451171875,1.0
726,138.98956298828125,221.6047821044922,1.0,127.91259002685547,253.16970825195312,1.0,125.48512268066406,240.3557586669922,1.0,117.75563049316406,243.5730743408203,0.9999997615814209,172.03102111816406,238.4171905517578,1.0,186.92007446289062,235.99232482910156,1.0,125.15715026855469,270.1619567871094,1.0,108.13411712646484,281.00860595703125,0.9999994039535522,165.28042602539062,282.9263000488281,1.0
727,138.9537811279297,221.4958953857422,1.0,127.83280944824219,253.1149444580078,1.0,125.4282455444336,240.32867431640625,1.0,117.6124038696289,243.52581787109375,0.9999994039535522,172.1949005126953,238.3629150390625,1.0,187.12149047851562,235.91429138183594,1.0,124.99014282226562,270.32598876953125,1.0,108.06814575195312,280.89080810546875,0.999998927116394,165.2342987060547,282.95703125,1.0
728,138.79957580566406,221.58505249023438,1.0,127.82388305664062,253.04837036132812,1.0,125.4361801147461,240.45582580566406,1.0,117.66378021240234,243.8734893798828,0.9999995231628418,172.21002197265625,238.34669494628906,1.0,187.15945434570312,235.90029907226562,1.0,124.93732452392578,270.3726806640625,1.0,108.05101013183594,280.88055419921875,0.9999990463256836,165.24290466308594,282.9693908691406,1.0
729,138.914306640625,221.57005310058594,1.0,127.80585479736328,253.13522338867188,1.0,125.4232406616211,240.45913696289062,1.0,117.7214584350586,243.94635009765625,0.9999994039535522,172.22479248046875,238.36965942382812,1.0,187.12413024902344,235.94281005859375,1.0,124.9905014038086,270.2939453125,1.0,108.08553314208984,280.85205078125,0.9999990463256836,165.248046875,282.9993591308594,1.0
730,138.94078063964844,221.41795349121094,1.0,127.81675720214844,253.0997772216797,1.0,125.40080261230469,240.41822814941406,1.0,117.62210845947266,243.68353271484375,0.9999991655349731,172.27235412597656,238.41488647460938,1.0,187.25950622558594,236.01107788085938,1.0,124.98771667480469,270.2853088378906,1.0,108.07398223876953,280.80535888671875,0.9999995231628418,165.11740112304688,283.0121154785156,1.0
731,138.9435577392578,221.41024780273438,1.0,128.04229736328125,253.2741241455078,1.0,125.58995819091797,240.49169921875,1.0,117.69244384765625,243.91165161132812,0.9999994039535522,172.36154174804688,238.3292999267578,1.0,187.29710388183594,235.9170684814453,1.0,125.23420715332031,270.3800354003906,1.0,108.03504943847656,280.8719482421875,0.9999997615814209,165.2581024169922,282.9515075683594,1.0
732,139.04568481445312,221.72683715820312,1.0,127.92863464355469,253.24205017089844,1.0,125.76175689697266,240.3119659423828,1.0,118.20635223388672,243.87930297851562,0.9999996423721313,172.4437255859375,238.37632751464844,1.0,187.2552947998047,236.20518493652344,1.0,125.10321807861328,270.1816711425781,1.0,108.02115631103516,280.67401123046875,0.9999995231628418,164.59974670410156,283.3883056640625,1.0
733,139.03440856933594,221.6953125,1.0,128.08963012695312,253.34910583496094,1.0,125.90496063232422,240.37319946289062,1.0,118.20536804199219,243.77734375,0.9999995231628418,172.30531311035156,238.3556671142578,1.0,187.05714416503906,236.21356201171875,1.0,125.39080047607422,270.2352294921875,1.0,108.15567016601562,280.77288818359375,0.9999997615814209,164.83860778808594,283.2328186035156,1.0
734,139.0183868408203,221.63162231445312,1.0,128.0988311767578,253.25503540039062,1.0,125.8440170288086,240.3530731201172,1.0,118.26786804199219,243.6980743408203,0.9999995231628418,172.18040466308594,238.3711395263672,1.0,186.93209838867188,236.21026611328125,1.0,125.31991577148438,270.2160949707031,1.0,108.1595230102539,280.74285888671875,0.9999997615814209,164.71856689453125,283.2463684082031,1.0
735,139.02854919433594,221.85963439941406,1.0,128.10867309570312,253.1521759033203,1.0,125.83906555175781,240.291015625,1.0,118.33380889892578,243.51246643066406,0.9999992847442627,172.2086944580078,238.3638458251953,1.0,186.9775390625,236.1942596435547,1.0,125.36739349365234,270.05291748046875,1.0,108.05669403076172,280.60528564453125,0.9999997615814209,164.74658203125,283.2534484863281,1.0
736,139.0342254638672,221.9706573486328,1.0,128.00942993164062,253.17996215820312,1.0,125.71685028076172,240.25257873535156,1.0,118.27925109863281,243.70498657226562,0.9999991655349731,172.27801513671875,238.31056213378906,1.0,187.0142364501953,236.19557189941406,1.0,125.37716674804688,270.05328369140625,1.0,108.14912414550781,280.6411437988281,0.9999998807907104,164.68423461914062,283.27423095703125,1.0
737,138.892333984375,221.84776306152344,1.0,128.06031799316406,253.16787719726562,1.0,125.67543029785156,240.2775115966797,1.0,118.19711303710938,243.83856201171875,0.999998927116394,172.2928009033203,238.41348266601562,1.0,186.95529174804688,236.18894958496094,1.0,125.0958251953125,270.0513610839844,1.0,108.03005981445312,280.6966247558594,0.9999998807907104,164.74456787109375,283.24951171875,1.0
738,138.96632385253906,221.89114379882812,1.0,128.11477661132812,253.2635498046875,1.0,125.79515838623047,240.38348388671875,1.0,118.40553283691406,243.9154052734375,0.9999988079071045,172.38375854492188,238.36390686035156,1.0,186.94845581054688,236.10662841796875,1.0,125.19197845458984,270.039306640625,1.0,108.16627502441406,280.7381896972656,0.9999997615814209,164.61135864257812,283.1917724609375,1.0
739,139.0032501220703,221.8858184814453,1.0,128.18402099609375,253.18260192871094,1.0,125.86465454101562,240.40280151367188,1.0,118.42144012451172,243.89251708984375,0.999998927116394,172.41159057617188,238.37396240234375,1.0,186.92019653320312,236.24923706054688,1.0,125.25669860839844,270.005615234375,1.0,108.1744155883789,280.7334899902344,0.9999997615814209,164.5552978515625,283.1812744140625,1.0
740,139.18052673339844,221.83241271972656,1.0,128.2826385498047,253.2018280029297,1.0,125.96459197998047,240.2823944091797,1.0,118.46031951904297,243.44134521484375,0.9999988079071045,172.44717407226562,238.35247802734375,1.0,186.9699249267578,236.24618530273438,1.0,125.38643646240234,270.2021179199219,1.0,108.13807678222656,280.619873046875,0.9999997615814209,164.52511596679688,283.1551208496094,1.0
741,139.24940490722656,221.8896484375,1.0,128.34078979492188,253.0764617919922,1.0,125.98435974121094,240.343017578125,1.0,118.351806640625,243.52264404296875,0.9999992847442627,172.59683227539062,238.3874053955078,1.0,187.06060791015625,236.26419067382812,1.0,125.39622497558594,270.0610656738281,1.0,108.13626861572266,280.5990905761719,0.9999997615814209,164.5693817138672,283.1733093261719,1.0
742,139.23561096191406,221.78553771972656,1.0,128.3757781982422,253.01889038085938,1.0,125.98945617675781,240.36407470703125,1.0,118.4013900756836,243.4448699951172,0.9999992847442627,172.5425567626953,238.33053588867188,1.0,187.0968475341797,236.2198944091797,1.0,125.43881225585938,270.0783386230469,1.0,108.22747039794922,280.7092590332031,0.9999997615814209,164.5118865966797,283.1830139160156,1.0
743,139.29574584960938,221.80076599121094,1.0,128.33995056152344,253.01573181152344,1.0,126.09162139892578,240.38131713867188,1.0,118.53653717041016,243.46127319335938,0.9999991655349731,172.49981689453125,238.3529510498047,1.0,187.0246124267578,236.1724090576172,1.0,125.35205078125,270.14166259765625,1.0,108.24858093261719,280.79559326171875,0.9999996423721313,164.80767822265625,283.1224060058594,1.0
744,139.37246704101562,221.57565307617188,1.0,128.20750427246094,253.15016174316406,1.0,125.89533996582031,240.6416473388672,1.0,118.35379028320312,243.69662475585938,0.9999990463256836,172.256103515625,238.52963256835938,1.0,187.11279296875,236.04751586914062,1.0,125.27137756347656,270.166259765625,1.0,108.11343383789062,280.95166015625,0.9999996423721313,164.68682861328125,283.2562255859375,1.0
745,139.534912109375,221.30494689941406,1.0,128.20071411132812,253.23385620117188,1.0,125.93590545654297,240.55630493164062,1.0,118.35968780517578,243.6080322265625,0.9999996423721313,172.1532440185547,238.46807861328125,1.0,187.02537536621094,236.12130737304688,1.0,125.22065734863281,270.00250244140625,1.0,107.91484069824219,280.8227233886719,0.9999997615814209,164.57102966308594,283.2606201171875,1.0
746,139.5775604248047,221.3533935546875,1.0,128.30166625976562,253.22512817382812,1.0,125.79054260253906,240.38307189941406,1.0,118.24101257324219,243.26107788085938,0.9999995231628418,172.30140686035156,238.43472290039062,1.0,187.0166015625,235.97157287597656,1.0,125.33699035644531,269.997314453125,1.0,107.97335052490234,280.77178955078125,0.9999997615814209,164.75399780273438,283.1481628417969,1.0
747,139.64886474609375,221.39773559570312,1.0,128.4374237060547,253.19091796875,1.0,125.8288345336914,240.38546752929688,1.0,118.27821350097656,243.2359161376953,0.9999997615814209,172.27491760253906,238.38746643066406,1.0,187.08961486816406,236.07386779785156,1.0,125.55944061279297,269.8897705078125,1.0,108.01544189453125,280.80078125,0.9999997615814209,164.79348754882812,283.2084655761719,1.0
748,139.66917419433594,221.5514373779297,1.0,128.3671875,253.2828826904297,1.0,125.8956069946289,240.35650634765625,1.0,118.3250961303711,243.31712341308594,0.9999997615814209,172.44410705566406,238.46316528320312,1.0,187.25209045410156,236.12205505371094,1.0,125.55428314208984,269.9921569824219,1.0,108.05738067626953,280.8083190917969,0.9999998807907104,165.00250244140625,283.18310546875,1.0
749,139.6786346435547,221.5430450439453,1.0,128.2821807861328,253.22496032714844,1.0,125.99246978759766,240.36550903320312,1.0,118.45689392089844,243.30496215820312,0.9999997615814209,172.29869079589844,238.5000762939453,1.0,187.12924194335938,235.98760986328125,1.0,125.47366333007812,270.01654052734375,1.0,108.08796691894531,280.7956237792969,0.9999998807907104,164.78074645996094,283.1458740234375,1.0
750,139.65586853027344,221.54730224609375,1.0,128.1796417236328,253.30264282226562,1.0,125.85435485839844,240.37985229492188,1.0,118.39338684082031,243.16827392578125,0.9999996423721313,172.18247985839844,238.55213928222656,1.0,187.0569305419922,236.0504150390625,1.0,125.34381866455078,269.9071960449219,1.0,108.0411605834961,280.6144714355469,0.9999997615814209,164.8588104248047,283.16412353515625,1.0
751,139.67794799804688,221.5350341796875,1.0,128.09432983398438,253.2765655517578,1.0,125.83550262451172,240.26351928710938,1.0,118.38221740722656,243.02847290039062,0.9999996423721313,172.3207550048828,238.51083374023438,1.0,187.06497192382812,236.02391052246094,1.0,125.25017547607422,269.953125,1.0,108.08150482177734,280.65557861328125,0.9999997615814209,165.06695556640625,283.1490478515625,1.0
752,139.51304626464844,221.52224731445312,1.0,128.0318603515625,253.0651092529297,1.0,125.68184661865234,240.24996948242188,1.0,118.09346771240234,243.08261108398438,0.9999994039535522,172.26397705078125,238.49325561523438,1.0,187.0677947998047,236.03363037109375,1.0,125.16229248046875,270.00506591796875,1.0,108.06034851074219,280.66339111328125,0.9999997615814209,165.1539306640625,283.2112731933594,1.0
753,139.4424591064453,221.6599578857422,1.0,128.0301055908203,253.1604766845703,1.0,125.74764251708984,240.46884155273438,1.0,118.18031311035156,243.48960876464844,0.9999996423721313,172.27169799804688,238.61854553222656,1.0,187.0387420654297,236.10023498535156,1.0,125.21837615966797,269.92999267578125,1.0,108.07571411132812,280.61663818359375,0.9999997615814209,165.05267333984375,283.14093017578125,1.0
754,139.53456115722656,221.5909423828125,1.0,128.02879333496094,253.0345916748047,1.0,125.83723449707031,240.4147186279297,1.0,118.2595443725586,243.3375244140625,0.9999995231628418,172.24134826660156,238.62608337402344,1.0,187.09776306152344,236.01295471191406,1.0,125.15442657470703,269.84576416015625,1.0,107.9701156616211,280.5950622558594,0.9999997615814209,165.10537719726562,283.1651611328125,1.0
755,139.46240234375,221.64715576171875,1.0,128.05738830566406,253.0487823486328,1.0,125.83155822753906,240.46388244628906,1.0,118.1331787109375,243.37493896484375,0.9999994039535522,172.2369384765625,238.6787109375,1.0,187.2477264404297,236.04434204101562,1.0,125.19315338134766,269.8611145019531,1.0,107.98332214355469,280.6036376953125,0.9999997615814209,165.06246948242188,283.2525634765625,1.0
756,139.5377197265625,221.6849822998047,1.0,128.1339874267578,252.99453735351562,1.0,125.789794921875,240.45849609375,1.0,118.11164093017578,243.58273315429688,0.9999994039535522,172.30337524414062,238.63189697265625,1.0,187.23831176757812,236.3910675048828,1.0,125.37083435058594,269.7405090332031,1.0,108.2572021484375,280.6126708984375,0.9999996423721313,165.07008361816406,283.28204345703125,1.0
757,139.57327270507812,221.83621215820312,1.0,128.08042907714844,253.1524658203125,1.0,125.67842102050781,240.51681518554688,1.0,117.97445678710938,243.80397033691406,0.9999994039535522,172.58079528808594,238.5567169189453,1.0,187.4738006591797,236.40408325195312,1.0,125.4181137084961,269.8902893066406,1.0,108.17361450195312,280.7590637207031,0.9999996423721313,165.24652099609375,283.2841491699219,1.0
758,139.52703857421875,221.83824157714844,1.0,128.041259765625,253.0456085205078,1.0,125.78119659423828,240.50856018066406,1.0,118.02971649169922,243.70614624023438,0.9999986886978149,172.42575073242188,238.5455322265625,1.0,187.47540283203125,236.41026306152344,1.0,125.39442443847656,269.9681091308594,1.0,108.16590118408203,280.7722473144531,0.9999996423721313,165.33489990234375,283.3146057128906,1.0
759,139.42691040039062,221.7398681640625,1.0,128.09642028808594,253.0806427001953,1.0,125.7211685180664,240.37445068359375,1.0,118.0424575805664,243.4379119873047,0.999998927116394,172.48312377929688,238.55409240722656,1.0,187.50448608398438,236.39646911621094,1.0,125.40673065185547,270.02935791015625,1.0,108.23697662353516,280.77099609375,0.9999996423721313,165.4906005859375,283.3105773925781,1.0
760,139.44139099121094,221.81471252441406,1.0,128.2132110595703,252.91160583496094,1.0,125.81693267822266,240.38201904296875,1.0,118.18684387207031,243.7365264892578,0.9999991655349731,172.57484436035156,238.5404052734375,1.0,187.5089569091797,236.45594787597656,1.0,125.42538452148438,269.93133544921875,1.0,108.21320343017578,280.825927734375,0.9999996423721313,165.3363494873047,283.2601013183594,1.0
761,139.48443603515625,221.82704162597656,1.0,128.2049560546875,252.91029357910156,1.0,125.84859466552734,240.3494873046875,1.0,118.28860473632812,243.37570190429688,0.9999992847442627,172.5320281982422,238.52484130859375,1.0,187.44837951660156,236.4661102294922,1.0,125.3757553100586,270.0843505859375,1.0,108.2010269165039,280.8845520019531,0.9999996423721313,165.64222717285156,283.2005920410156,1.0
762,139.608642578125,221.78851318359375,1.0,128.22183227539062,253.08627319335938,1.0,126.00651550292969,240.46937561035156,1.0,118.48723602294922,243.50453186035156,0.9999986886978149,172.5540313720703,238.56561279296875,1.0,187.289306640625,236.40525817871094,1.0,125.3237533569336,270.0616455078125,1.0,108.21205139160156,280.9415588378906,0.9999995231628418,165.58021545410156,283.17413330078125,1.0
763,139.57984924316406,221.83876037597656,1.0,128.2473602294922,253.0744171142578,1.0,126.01416778564453,240.43638610839844,1.0,118.44402313232422,243.5316162109375,0.9999991655349731,172.56912231445312,238.4853057861328,1.0,187.4889678955078,236.36968994140625,1.0,125.32173156738281,270.1090087890625,1.0,108.2640609741211,280.95220947265625,0.9999996423721313,165.5864715576172,283.2001037597656,1.0
764,139.59991455078125,221.70388793945312,1.0,128.12745666503906,253.074462890625,1.0,125.86785125732422,240.374267578125,1.0,118.15831756591797,243.3783416748047,0.9999988079071045,172.57171630859375,238.59500122070312,1.0,187.46437072753906,236.42861938476562,1.0,125.2363052368164,269.97760009765625,1.0,108.25598907470703,280.7806701660156,0.9999994039535522,165.49365234375,283.2672424316406,1.0
765,139.58555603027344,221.67547607421875,1.0,128.17420959472656,253.0386962890625,1.0,125.9818115234375,240.33502197265625,1.0,118.31027221679688,243.47756958007812,0.999997615814209,172.59197998046875,238.5770263671875,1.0,187.43309020996094,236.54066467285156,1.0,125.35313415527344,270.0721130371094,1.0,108.26708221435547,280.85882568359375,0.9999994039535522,165.44357299804688,283.2626647949219,1.0
766,139.74960327148438,221.72442626953125,1.0,128.22268676757812,253.09629821777344,1.0,125.94021606445312,240.2967071533203,1.0,118.28761291503906,243.2735595703125,0.9999991655349731,172.66844177246094,238.57504272460938,1.0,187.45138549804688,236.55770874023438,1.0,125.29168701171875,269.8675537109375,1.0,108.27711486816406,280.82672119140625,0.9999996423721313,165.43385314941406,283.25848388671875,1.0
767,139.64869689941406,221.6366424560547,1.0,128.12451171875,253.07139587402344,1.0,125.91166687011719,240.35360717773438,1.0,118.16487121582031,243.11941528320312,0.9999990463256836,172.60317993164062,238.5695037841797,1.0,187.56326293945312,236.53858947753906,1.0,125.27976989746094,269.7701110839844,1.0,108.23381805419922,280.714111328125,0.9999997615814209,165.35552978515625,283.2593688964844,1.0
768,139.93153381347656,221.86732482910156,1.0,128.29965209960938,253.02040100097656,1.0,125.79812622070312,240.5425262451172,1.0,118.2689208984375,243.65333557128906,0.9999996423721313,172.5275421142578,238.6805877685547,1.0,187.5147705078125,236.5254364013672,1.0,125.3015365600586,269.71026611328125,1.0,108.09798431396484,280.5436706542969,0.9999996423721313,164.31288146972656,283.3757629394531,1.0
769,139.7730255126953,221.79859924316406,1.0,128.1286163330078,252.96401977539062,1.0,125.76937866210938,240.59136962890625,1.0,118.26972961425781,243.73085021972656,0.9999996423721313,172.52490234375,238.6627655029297,1.0,187.4629364013672,236.64344787597656,1.0,125.1895751953125,269.86663818359375,1.0,108.19795989990234,280.6361999511719,0.9999996423721313,164.53060913085938,283.3523254394531,1.0
770,139.7292938232422,221.9257354736328,1.0,128.26119995117188,252.87351989746094,1.0,125.88896179199219,240.60670471191406,1.0,118.39653778076172,243.85174560546875,0.9999996423721313,172.5990753173828,238.56005859375,1.0,187.59957885742188,236.6323699951172,1.0,125.19345092773438,269.79632568359375,1.0,108.19361877441406,280.672119140625,0.9999996423721313,164.33319091796875,283.44659423828125,1.0
771,139.7324676513672,221.9177703857422,1.0,128.13613891601562,252.98719787597656,1.0,125.81771850585938,240.54415893554688,1.0,118.29595947265625,243.81201171875,0.9999994039535522,172.60316467285156,238.6013946533203,1.0,187.5406036376953,236.62469482421875,1.0,125.10136413574219,269.8504333496094,1.0,108.10629272460938,280.544189453125,0.9999996423721313,164.33981323242188,283.42486572265625,1.0
772,139.80322265625,221.85617065429688,1.0,128.23373413085938,253.0325164794922,1.0,125.75233459472656,240.6072540283203,1.0,118.24456787109375,243.82012939453125,0.9999995231628418,172.731201171875,238.53421020507812,1.0,187.6008758544922,236.6094970703125,1.0,125.20325469970703,269.8317565917969,1.0,108.14635467529297,280.52618408203125,0.9999997615814209,164.37359619140625,283.39630126953125,1.0
773,139.72593688964844,221.77639770507812,1.0,128.29190063476562,252.9543914794922,1.0,125.8348617553711,240.5464630126953,1.0,118.36180877685547,243.7595977783203,0.9999991655349731,172.773193359375,238.67572021484375,1.0,187.57150268554688,236.7592315673828,1.0,125.2691650390625,269.7367858886719,1.0,108.14200592041016,280.4853210449219,0.9999997615814209,164.36868286132812,283.4117431640625,1.0
774,139.69029235839844,221.8264617919922,1.0,128.41522216796875,252.8883819580078,1.0,125.95420837402344,240.58840942382812,1.0,118.31704711914062,243.6546630859375,0.9999990463256836,172.93820190429688,238.5694580078125,1.0,187.7146453857422,236.73501586914062,1.0,125.42760467529297,269.8821716308594,1.0,108.17852783203125,280.54742431640625,0.9999996423721313,164.52830505371094,283.4405517578125,1.0
775,139.79295349121094,221.70269775390625,1.0,128.46319580078125,252.9462127685547,1.0,125.9693603515625,240.58889770507812,1.0,118.2653579711914,243.68035888671875,0.9999990463256836,172.82644653320312,238.6361083984375,1.0,187.6522979736328,236.7535400390625,1.0,125.4152603149414,269.79864501953125,1.0,108.22496032714844,280.52703857421875,0.9999997615814209,164.60765075683594,283.4302673339844,1.0
776,139.95199584960938,221.5849609375,1.0,128.45216369628906,252.96463012695312,1.0,125.89155578613281,240.59410095214844,1.0,118.26594543457031,243.44789123535156,0.9999991655349731,172.78472900390625,238.65150451660156,1.0,187.5675506591797,236.7951202392578,1.0,125.4873046875,269.7669677734375,1.0,108.24193572998047,280.50146484375,0.9999997615814209,164.5733642578125,283.35888671875,1.0
777,140.01722717285156,221.47694396972656,1.0,128.4301300048828,252.90701293945312,1.0,125.90199279785156,240.6272430419922,1.0,118.13955688476562,243.3787078857422,0.9999990463256836,172.84954833984375,238.61981201171875,1.0,187.6941375732422,236.73451232910156,1.0,125.35758209228516,269.72576904296875,1.0,108.23868560791016,280.43707275390625,0.9999997615814209,164.59494018554688,283.29718017578125,1.0
778,140.14105224609375,221.51296997070312,1.0,128.5489501953125,252.89064025878906,1.0,126.11458587646484,240.5540008544922,1.0,118.2694320678711,243.27835083007812,0.9999992847442627,173.00755310058594,238.70750427246094,1.0,187.8521728515625,236.80618286132812,1.0,125.41656494140625,269.9172668457031,1.0,108.2291030883789,280.6470947265625,0.9999997615814209,164.6949005126953,283.36309814453125,1.0
779,140.16091918945312,221.54983520507812,1.0,128.52696228027344,252.9055633544922,1.0,126.09690856933594,240.5613250732422,1.0,118.25212097167969,243.2579803466797,0.9999992847442627,173.001953125,238.6944122314453,1.0,187.8355712890625,236.7872314453125,1.0,125.47274780273438,269.86138916015625,1.0,108.23524475097656,280.6434020996094,0.9999997615814209,164.72239685058594,283.3449401855469,1.0
780,139.90960693359375,221.97314453125,1.0,128.7840118408203,252.76498413085938,1.0,126.14122772216797,240.5526123046875,1.0,118.59894561767578,243.54640197753906,0.9999995231628418,173.10568237304688,238.5411376953125,1.0,187.69558715820312,236.6894989013672,1.0,125.5586166381836,270.0435791015625,1.0,108.25724792480469,280.7460632324219,0.9999997615814209,164.8127899169922,283.1037902832031,1.0
781,139.98605346679688,221.93893432617188,1.0,128.81381225585938,252.80677795410156,1.0,126.2021255493164,240.63771057128906,1.0,118.82598114013672,243.83631896972656,0.9999997615814209,173.0765380859375,238.53622436523438,1.0,187.6461639404297,236.6127471923828,1.0,125.580078125,270.055908203125,1.0,108.30120086669922,280.8429260253906,0.9999997615814209,164.83529663085938,283.14666748046875,1.0
782,140.11029052734375,221.84432983398438,1.0,128.74594116210938,252.93191528320312,1.0,126.05139923095703,240.5113525390625,1.0,118.68412780761719,243.67022705078125,0.9999995231628418,173.19107055664062,238.55775451660156,1.0,187.64035034179688,236.59457397460938,1.0,125.58448028564453,269.89068603515625,1.0,108.27766418457031,280.87213134765625,0.9999997615814209,164.8040313720703,283.0776062011719,1.0
783,139.7637176513672,221.71656799316406,1.0,128.70738220214844,252.97488403320312,1.0,126.17619323730469,240.5370635986328,1.0,118.94881439208984,243.8640594482422,0.9999992847442627,173.236083984375,238.50271606445312,1.0,187.9019317626953,236.64991760253906,1.0,125.47112274169922,269.9561462402344,1.0,108.19273376464844,280.78533935546875,0.9999997615814209,164.85202026367188,283.0726318359375,1.0
784,139.78482055664062,221.73760986328125,1.0,128.67208862304688,252.91616821289062,1.0,126.09993743896484,240.59420776367188,1.0,118.71737670898438,243.88385009765625,0.9999992847442627,173.29644775390625,238.54556274414062,1.0,187.99217224121094,236.7914581298828,1.0,125.4229736328125,269.9649963378906,1.0,108.1704330444336,280.79150390625,0.9999997615814209,164.8798828125,283.09637451171875,1.0
785,139.7805633544922,221.7667236328125,1.0,128.65777587890625,252.97552490234375,1.0,126.04126739501953,240.614013671875,1.0,118.76399230957031,244.05584716796875,0.9999994039535522,173.1719970703125,238.4441375732422,1.0,187.89682006835938,236.7240447998047,1.0,125.46363067626953,269.9486389160156,1.0,108.24600219726562,280.82086181640625,0.9999997615814209,165.10098266601562,283.0704345703125,1.0
786,139.75973510742188,221.78811645507812,1.0,128.67393493652344,253.02572631835938,1.0,126.1465072631836,240.57049560546875,1.0,118.80082702636719,243.99526977539062,0.9999994039535522,173.14834594726562,238.47109985351562,1.0,187.9149932861328,236.68992614746094,1.0,125.56719207763672,269.9709777832031,1.0,108.21669006347656,280.75164794921875,0.9999997615814209,165.2035369873047,283.0281677246094,1.0
787,139.93063354492188,221.81106567382812,1.0,128.64425659179688,253.04258728027344,1.0,126.07311248779297,240.4704132080078,1.0,118.77613830566406,243.81195068359375,0.9999995231628418,172.953857421875,238.4510040283203,1.0,187.6973419189453,236.58665466308594,1.0,125.54984283447266,269.79833984375,1.0,108.25603485107422,280.80657958984375,0.9999997615814209,165.1516876220703,283.0805969238281,1.0
788,139.91494750976562,221.83778381347656,1.0,128.64068603515625,252.974853515625,1.0,126.05194091796875,240.52955627441406,1.0,118.79385375976562,243.8065185546875,0.9999994039535522,172.96974182128906,238.45034790039062,1.0,187.6791534423828,236.65020751953125,1.0,125.5291748046875,269.81390380859375,1.0,108.23788452148438,280.8009948730469,0.9999997615814209,165.0376739501953,283.2377014160156,1.0
789,139.86007690429688,221.8383026123047,1.0,128.62860107421875,252.9329376220703,1.0,126.12635040283203,240.46585083007812,1.0,118.77659606933594,243.69981384277344,0.9999991655349731,172.94638061523438,238.5018768310547,1.0,187.69390869140625,236.59075927734375,1.0,125.51974487304688,269.7107238769531,1.0,108.25973510742188,280.7588195800781,0.9999997615814209,165.04043579101562,283.1726989746094,1.0
790,140.66799926757812,221.673095703125,1.0,128.73385620117188,252.4328155517578,1.0,126.47425079345703,239.86569213867188,1.0,119.23342895507812,242.83616638183594,0.9999996423721313,173.08004760742188,238.18576049804688,1.0,187.81875610351562,236.47654724121094,1.0,126.04330444335938,268.85833740234375,1.0,108.4279556274414,279.60498046875,0.9999998807907104,165.90594482421875,282.53314208984375,1.0
791,141.7506866455078,220.77003479003906,1.0,129.6557159423828,250.54052734375,1.0,127.32076263427734,239.0955047607422,1.0,120.3772201538086,241.7486572265625,0.9999997615814209,173.10145568847656,237.40382385253906,1.0,188.212890625,236.2558135986328,1.0,127.22972106933594,267.8150329589844,1.0,109.66612243652344,278.0735168457031,0.9999998807907104,167.19656372070312,281.8829345703125,0.9999998807907104
792,142.03256225585938,220.42550659179688,1.0,129.44943237304688,250.60708618164062,1.0,127.6806640625,238.92218017578125,1.0,120.47722625732422,241.44967651367188,0.9999947547912598,173.01010131835938,237.12728881835938,1.0,189.00369262695312,235.03060913085938,1.0,127.094482421875,267.91143798828125,1.0,109.70706939697266,277.7660217285156,0.9999998807907104,166.7678985595703,281.5237121582031,0.9999998807907104
793,142.18028259277344,220.3203582763672,1.0,129.46453857421875,250.87176513671875,1.0,127.72248077392578,239.17689514160156,1.0,120.74762725830078,241.95831298828125,0.9999961853027344,173.1409912109375,237.14743041992188,1.0,189.04934692382812,235.0500030517578,1.0,127.10675048828125,267.8399963378906,1.0,109.85779571533203,277.8749694824219,0.9999997615814209,166.7057647705078,281.7643127441406,0.9999997615814209
794,142.0241241455078,220.59463500976562,1.0,129.4844970703125,250.96078491210938,1.0,127.70012664794922,239.09083557128906,1.0,120.55206298828125,241.7523193359375,0.9999973773956299,173.28541564941406,237.2784881591797,1.0,189.0979461669922,235.22225952148438,1.0,127.098388671875,267.9025573730469,1.0,109.74642944335938,277.9306335449219,0.9999998807907104,166.08282470703125,282.0027160644531,0.9999998807907104
795,142.0499267578125,220.66305541992188,1.0,129.6197052001953,251.07388305664062,1.0,127.80278015136719,238.97824096679688,1.0,120.53694915771484,241.95936584472656,0.9999978542327881,173.55548095703125,237.4432373046875,1.0,189.32968139648438,235.23854064941406,1.0,126.41629791259766,268.31787109375,1.0,110.01912689208984,278.4181213378906,0.9999998807907104,166.1304473876953,282.1389465332031,1.0
796,143.51170349121094,220.94444274902344,1.0,130.9454345703125,251.23236083984375,1.0,128.58204650878906,238.97677612304688,1.0,121.00800323486328,241.7012939453125,0.9999992847442627,176.10528564453125,237.40821838378906,1.0,190.88771057128906,234.92254638671875,1.0,128.3628692626953,268.18402099609375,1.0,110.48526763916016,278.5406188964844,1.0,168.1849365234375,281.7059020996094,0.9999998807907104
797,145.20916748046875,220.19590759277344,1.0,132.6024627685547,250.52981567382812,1.0,130.31768798828125,238.38250732421875,1.0,122.95893096923828,240.36940002441406,0.9999998807907104,177.63980102539062,237.12542724609375,1.0,192.6601104736328,235.0261993408203,1.0,128.75355529785156,267.7360534667969,1.0,111.8450927734375,278.47161865234375,1.0,169.82725524902344,282.21026611328125,0.9999997615814209
798,146.38421630859375,219.94602966308594,1.0,134.11050415039062,250.1414337158203,1.0,131.72586059570312,238.14979553222656,1.0,123.44660186767578,240.16639709472656,1.0,178.74107360839844,237.0612335205078,1.0,193.54061889648438,234.85523986816406,1.0,130.82859802246094,267.44732666015625,1.0,112.69824981689453,278.1951599121094,1.0,170.51327514648438,281.78521728515625,0.9999997615814209
799,146.98477172851562,220.35122680664062,1.0,135.2809600830078,249.63511657714844,1.0,132.29959106445312,237.85806274414062,1.0,123.64290618896484,239.95506286621094,1.0,179.4070281982422,237.31813049316406,1.0,194.6119842529297,234.9967498779297,1.0,132.2367706298828,267.0522766113281,1.0,112.91006469726562,277.31390380859375,1.0,171.0251007080078,281.68243408203125,0.9999997615814209
800,148.28579711914062,220.07484436035156,1.0,136.33596801757812,249.1161651611328,1.0,132.941650390625,237.4181365966797,1.0,123.56588745117188,239.74899291992188,1.0,180.50929260253906,237.07986450195312,1.0,196.30662536621094,234.5164337158203,1.0,132.85458374023438,267.0447692871094,1.0,113.55004119873047,277.1561279296875,1.0,172.25782775878906,281.50506591796875,0.9999997615814209
801,149.35455322265625,219.57272338867188,1.0,137.9600067138672,248.57861328125,1.0,133.6385040283203,236.80813598632812,1.0,123.79105377197266,239.91954040527344,1.0,181.2937469482422,236.888427734375,1.0,197.43687438964844,234.9309539794922,1.0,134.7570037841797,266.4788513183594,1.0,114.74817657470703,277.146728515625,1.0,173.481689453125,281.580810546875,0.9999998807907104
802,151.1885528564453,219.2106170654297,1.0,140.0692901611328,248.0764617919922,1.0,134.69915771484375,236.5767822265625,1.0,123.81096649169922,239.0530242919922,1.0,183.0422821044922,236.76904296875,1.0,198.85006713867188,234.49447631835938,1.0,136.20176696777344,266.11688232421875,1.0,116.33334350585938,276.8209533691406,1.0,176.54995727539062,279.7714538574219,1.0
803,152.98426818847656,218.45364379882812,1.0,142.0055694580078,247.6377410888672,1.0,136.45712280273438,236.17938232421875,1.0,125.36742401123047,236.8637237548828,1.0,185.70843505859375,236.92941284179688,1.0,200.75799560546875,234.5369873046875,1.0,140.0552520751953,266.455810546875,1.0,118.80087280273438,277.44488525390625,1.0,178.17889404296875,279.924072265625,1.0
804,153.8934326171875,218.40655517578125,1.0,143.58277893066406,247.388671875,1.0,137.61593627929688,236.05313110351562,1.0,125.93535614013672,237.03195190429688,1.0,186.73899841308594,236.72940063476562,1.0,201.85426330566406,234.2147216796875,1.0,141.42425537109375,266.27252197265625,1.0,119.51927947998047,277.6549377441406,1.0,179.11863708496094,280.19903564453125,1.0
805,154.1011505126953,217.9838409423828,1.0,143.86502075195312,247.33282470703125,1.0,137.80572509765625,235.99058532714844,1.0,126.01497650146484,237.09332275390625,1.0,187.2285614013672,236.70094299316406,1.0,202.5092315673828,234.56890869140625,1.0,141.49014282226562,266.3727111816406,1.0,120.19498443603516,277.8365783691406,1.0,178.69834899902344,280.39007568359375,1.0
806,154.52740478515625,218.21510314941406,1.0,144.4393310546875,247.6339569091797,1.0,137.98191833496094,235.99136352539062,1.0,126.1729736328125,236.44419860839844,1.0,187.4843292236328,236.86326599121094,1.0,202.71475219726562,234.45431518554688,1.0,142.03355407714844,266.3479919433594,1.0,120.7593765258789,277.979736328125,1.0,179.03643798828125,280.3760070800781,1.0
807,154.7995147705078,218.42222595214844,1.0,144.69334411621094,247.84242248535156,1.0,137.77267456054688,236.06106567382812,1.0,126.25633239746094,236.89016723632812,1.0,187.739501953125,236.89590454101562,1.0,202.96839904785156,234.49087524414062,1.0,142.14527893066406,266.4941711425781,1.0,120.9038314819336,278.1671447753906,1.0,179.38917541503906,280.26025390625,1.0
808,155.05093383789062,218.5435791015625,1.0,144.89337158203125,247.86178588867188,1.0,137.77223205566406,235.9879150390625,1.0,126.39641571044922,237.15211486816406,1.0,186.99356079101562,236.99703979492188,1.0,202.79855346679688,234.56674194335938,1.0,142.31727600097656,266.2071228027344,1.0,121.07547760009766,278.174560546875,1.0,179.51235961914062,280.2658386230469,1.0
809,154.91883850097656,218.33409118652344,1.0,145.04356384277344,247.7860565185547,1.0,138.27743530273438,236.06761169433594,1.0,126.30484771728516,237.12403869628906,1.0,187.12509155273438,237.02398681640625,1.0,202.87916564941406,234.0978546142578,1.0,142.51409912109375,266.0476379394531,1.0,121.049560546875,278.1513671875,1.0,179.7054443359375,280.359130859375,1.0
810,155.11997985839844,218.4535675048828,1.0,145.0645294189453,247.7261199951172,1.0,138.33558654785156,236.05699157714844,1.0,126.35520935058594,237.51712036132812,1.0,187.3541259765625,236.884521484375,1.0,203.1249237060547,234.29327392578125,1.0,142.42764282226562,266.14410400390625,1.0,121.09696197509766,278.3634338378906,1.0,179.6317138671875,280.50506591796875,1.0
811,155.3685302734375,218.36691284179688,1.0,145.33282470703125,247.76109313964844,1.0,138.4082794189453,235.85479736328125,1.0,126.40843200683594,237.1553497314453,1.0,187.2899169921875,236.75201416015625,1.0,203.11459350585938,234.1210174560547,1.0,142.5905303955078,266.1778869628906,1.0,121.21553802490234,278.2844543457031,1.0,180.04541015625,280.46728515625,1.0
812,155.43258666992188,218.23812866210938,1.0,145.31517028808594,247.61544799804688,1.0,138.3291778564453,235.8694305419922,1.0,126.45589447021484,237.6045684814453,1.0,187.31820678710938,236.6630859375,1.0,203.0917205810547,234.22933959960938,1.0,142.52053833007812,266.1275329589844,1.0,121.16078186035156,278.36712646484375,1.0,179.8311309814453,280.52447509765625,1.0
813,155.56109619140625,218.20570373535156,1.0,145.3835906982422,247.48597717285156,1.0,138.3364715576172,235.7241973876953,1.0,126.3292236328125,237.466064453125,1.0,187.31744384765625,236.7432403564453,1.0,203.1859130859375,234.2093505859375,1.0,142.61773681640625,265.8545837402344,1.0,121.10326385498047,278.22625732421875,1.0,179.89898681640625,280.3551025390625,1.0
814,155.39173889160156,218.03504943847656,1.0,145.201904296875,247.5242919921875,1.0,138.26785278320312,235.76853942871094,1.0,126.41983795166016,237.4383087158203,1.0,186.88072204589844,236.812255859375,1.0,202.97857666015625,234.2650909423828,1.0,142.46463012695312,265.90924072265625,1.0,121.0647201538086,278.1560974121094,1.0,179.6737518310547,280.400634765625,1.0
815,153.93946838378906,217.73475646972656,1.0,143.47718811035156,247.0360870361328,1.0,137.276123046875,235.9368133544922,1.0,125.80735778808594,237.68896484375,1.0,185.0913543701172,236.4480743408203,1.0,201.93960571289062,233.5369873046875,1.0,141.11087036132812,265.3360290527344,1.0,119.73387908935547,277.6643371582031,1.0,178.89425659179688,279.683837890625,1.0
816,152.31187438964844,217.98553466796875,1.0,141.8756103515625,247.1487274169922,1.0,136.376708984375,236.25746154785156,1.0,125.5858383178711,239.1958770751953,1.0,182.71238708496094,235.91036987304688,1.0,198.869140625,232.86294555664062,1.0,139.46250915527344,265.93548583984375,1.0,118.96106719970703,277.74371337890625,1.0,178.46780395507812,279.1791076660156,1.0
817,151.57630920410156,218.13470458984375,1.0,140.54595947265625,247.0155487060547,1.0,135.7244415283203,236.18873596191406,1.0,124.929931640625,239.32064819335938,1.0,182.48963928222656,235.77212524414062,1.0,198.68116760253906,233.282958984375,1.0,137.81625366210938,266.0711669921875,1.0,118.37854766845703,277.98858642578125,1.0,178.23318481445312,279.2006530761719,1.0
818,150.6998748779297,218.388916015625,1.0,140.41845703125,247.3609161376953,1.0,135.12649536132812,237.09841918945312,1.0,124.4449691772461,240.02783203125,1.0,181.88589477539062,235.83615112304688,1.0,198.34776306152344,233.17562866210938,1.0,137.0957489013672,266.0479736328125,1.0,117.84432983398438,277.974365234375,1.0,177.56101989746094,279.37213134765625,1.0
819,150.19967651367188,218.9258270263672,1.0,139.9998779296875,247.5170135498047,1.0,134.73931884765625,237.2237091064453,1.0,124.3820571899414,239.96368408203125,1.0,181.53890991210938,235.95736694335938,1.0,198.00827026367188,233.216552734375,1.0,136.68641662597656,266.1391296386719,1.0,117.61883544921875,278.1388244628906,1.0,177.43113708496094,279.2684631347656,1.0
820,149.8465576171875,219.2610321044922,1.0,139.70944213867188,247.7917022705078,1.0,134.43695068359375,237.346435546875,1.0,124.1612548828125,240.0399169921875,1.0,181.22030639648438,235.86265563964844,1.0,197.6328887939453,233.10462951660156,1.0,136.42770385742188,266.4388732910156,1.0,117.07305145263672,277.9515686035156,1.0,177.0765380859375,279.8761291503906,0.9999998807907104
821,149.6897735595703,219.19110107421875,1.0,139.3303985595703,247.84429931640625,1.0,134.2251434326172,237.4879608154297,1.0,123.92948150634766,240.5807342529297,1.0,181.0669403076172,235.8224334716797,1.0,197.32945251464844,233.1695556640625,1.0,135.68289184570312,266.144287109375,1.0,116.32758331298828,277.6259765625,1.0,176.0572967529297,279.94580078125,0.9999998807907104
822,149.00408935546875,218.65072631835938,1.0,137.98614501953125,247.10333251953125,1.0,133.78759765625,236.51168823242188,1.0,124.20574951171875,240.24075317382812,1.0,180.41409301757812,234.42559814453125,1.0,197.01609802246094,232.6486053466797,1.0,134.54251098632812,265.2830505371094,1.0,115.96321105957031,277.46624755859375,1.0,175.064453125,279.5589294433594,1.0
823,148.63900756835938,217.4457244873047,1.0,137.40798950195312,245.16241455078125,1.0,133.2887725830078,235.58853149414062,1.0,123.46101379394531,239.45266723632812,1.0,179.75196838378906,233.04217529296875,1.0,196.5494384765625,232.06993103027344,1.0,133.7683563232422,262.7972717285156,1.0,115.85566711425781,276.9440612792969,1.0,174.27943420410156,278.53857421875,1.0
824,148.81610107421875,216.07028198242188,1.0,137.0387420654297,243.51937866210938,1.0,133.09022521972656,234.75074768066406,1.0,123.31039428710938,238.44046020507812,1.0,179.28375244140625,232.00827026367188,1.0,195.8385467529297,230.9364471435547,1.0,133.36720275878906,260.9801025390625,1.0,115.47185516357422,276.0523681640625,1.0,173.0839385986328,277.8955078125,1.0
825,149.49493408203125,215.7696990966797,1.0,138.0420684814453,241.63624572753906,1.0,133.5382537841797,233.64437866210938,1.0,123.9013900756836,236.9817657470703,1.0,179.14122009277344,230.67507934570312,1.0,195.65444946289062,230.209228515625,1.0,133.40835571289062,259.6760559082031,1.0,115.39732360839844,274.8606262207031,1.0,172.60952758789062,277.1439208984375,1.0
826,150.9734344482422,211.0767822265625,1.0,139.103515625,235.68643188476562,1.0,134.97952270507812,229.27662658691406,1.0,126.14022064208984,232.90773010253906,0.9999998807907104,181.19784545898438,226.7787628173828,1.0,197.9510955810547,226.69789123535156,1.0,133.65853881835938,254.45623779296875,1.0,116.552734375,271.5850830078125,1.0,171.11083984375,273.6624755859375,1.0
827,152.1124267578125,208.10110473632812,1.0,140.37794494628906,231.7950439453125,1.0,135.57809448242188,226.4110107421875,1.0,127.85211181640625,228.6463623046875,0.9999992847442627,182.9113311767578,224.11422729492188,1.0,199.5959930419922,224.87939453125,1.0,135.3524932861328,248.89862060546875,1.0,117.1485595703125,267.5677795410156,1.0,170.3184814453125,270.773193359375,1.0
828,152.9999237060547,205.0110626220703,1.0,140.4473419189453,229.2957305908203,1.0,135.34019470214844,225.1821746826172,0.9999748468399048,127.7679672241211,227.3885498046875,0.9987314343452454,183.75338745117188,223.3041229248047,1.0,200.75596618652344,223.76321411132812,1.0,135.7074737548828,245.78375244140625,1.0,116.6355209350586,264.163330078125,1.0,171.22705078125,268.8619384765625,1.0
829,153.21408081054688,202.13658142089844,1.0,140.82325744628906,226.1082763671875,1.0,134.97268676757812,223.137939453125,0.029072364792227745,129.2906494140625,224.45960998535156,0.004914725199341774,185.07858276367188,221.44815063476562,1.0,201.58921813964844,222.78543090820312,1.0,137.141357421875,241.63894653320312,1.0,116.62903594970703,260.6897277832031,1.0,172.3024139404297,266.7744445800781,1.0
830,156.37466430664062,195.92298889160156,1.0,139.25132751464844,219.2041015625,1.0,176.0331268310547,223.35130310058594,0.00023941324616316706,200.0032501220703,214.4673614501953,0.0001861774653661996,184.55807495117188,218.0105743408203,1.0,200.3710479736328,220.4425048828125,1.0,133.8865966796875,234.7344512939453,1.0,118.75328063964844,254.53155517578125,0.9999693632125854,170.69439697265625,263.01470947265625,1.0
831,155.23658752441406,193.37054443359375,1.0,135.63255310058594,213.7406005859375,1.0,128.3971710205078,211.24984741210938,0.0005637481808662415,202.8808135986328,212.98583984375,0.0007969782454892993,180.32858276367188,215.13539123535156,1.0,194.98355102539062,217.0302734375,1.0,126.323974609375,226.44654846191406,1.0,112.8459243774414,243.04896545410156,0.003863554447889328,163.27183532714844,256.57891845703125,1.0
832,152.32101440429688,194.31317138671875,1.0,133.29994201660156,211.5595703125,1.0,126.28667449951172,211.6627197265625,0.0012137745507061481,206.26766967773438,212.64767456054688,0.0010844789212569594,178.2086944580078,214.2425537109375,1.0,192.09938049316406,216.37457275390625,1.0,122.3516616821289,224.45899963378906,1.0,109.91731262207031,254.5758056640625,0.00048072251956909895,157.25704956054688,254.57826232910156,1.0
833,151.1195526123047,195.12698364257812,1.0,131.28321838378906,211.0701141357422,1.0,125.27144622802734,212.3773193359375,0.0010292934020981193,121.857177734375,211.51290893554688,0.0005731364944949746,176.61651611328125,214.9875030517578,1.0,190.1153106689453,216.7243194580078,1.0,118.61058044433594,223.7657928466797,1.0,108.41402435302734,254.8202362060547,0.00049953768029809,154.01651000976562,253.51551818847656,1.0
834,150.75096130371094,194.72230529785156,1.0,131.01136779785156,210.31979370117188,1.0,124.38601684570312,211.66989135742188,0.000395284965634346,209.84959411621094,212.94979858398438,0.00040738805546425283,175.4219207763672,214.62991333007812,1.0,188.53585815429688,216.93348693847656,1.0,116.21414947509766,221.7982940673828,1.0,105.74173736572266,254.99456787109375,0.0001926129771163687,150.9213409423828,252.50132751464844,1.0
835,150.03367614746094,192.8075408935547,1.0,128.0733642578125,207.7218475341797,0.9999996423721313,162.01487731933594,221.48411560058594,0.00014919556269887835,182.0539093017578,214.36105346679688,0.00026300401077605784,172.60269165039062,214.39114379882812,1.0,184.79043579101562,217.585205078125,1.0,112.0256576538086,218.1903076171875,1.0,195.07855224609375,267.04473876953125,0.00016601408424321562,143.82293701171875,250.25062561035156,1.0
836,151.03738403320312,190.41482543945312,1.0,127.57498168945312,204.0281219482422,0.9999991655349731,115.65904235839844,199.5078125,0.00022209975577425212,182.67605590820312,213.41539001464844,0.00031322651193477213,172.14581298828125,213.34625244140625,1.0,183.9049072265625,216.26132202148438,1.0,110.95964813232422,213.92037963867188,1.0,97.88931274414062,242.00241088867188,0.00016894520376808941,142.13868713378906,248.06785583496094,1.0
837,152.25634765625,189.48831176757812,1.0,128.5230712890625,201.9943084716797,0.9999994039535522,147.25682067871094,246.17962646484375,0.00022723177971784025,182.94850158691406,213.20164489746094,0.00036826267023570836,172.28358459472656,212.29046630859375,1.0,184.0033721923828,215.77951049804688,1.0,111.78486633300781,211.7313995361328,1.0,98.45917510986328,242.03248596191406,0.0005670643877238035,142.29551696777344,247.02552795410156,1.0
838,157.6661834716797,186.48609924316406,1.0,134.02096557617188,197.93032836914062,1.0,128.5840606689453,197.24755859375,0.00047889971756376326,122.58528900146484,196.50244140625,0.002736435504630208,174.91571044921875,209.9488525390625,1.0,186.75941467285156,214.2788848876953,1.0,115.46051788330078,207.50950622558594,1.0,158.4815673828125,238.81044006347656,0.0002395084302406758,143.10107421875,243.5515594482422,0.9999998807907104
839,165.80908203125,179.86119079589844,1.0,140.5759735107422,187.9123992919922,0.9999990463256836,182.24600219726562,204.88905334472656,0.001450919546186924,124.9243392944336,183.18299865722656,0.003250578185543418,179.22303771972656,204.08482360839844,1.0,189.95401000976562,210.88760375976562,1.0,121.29071044921875,196.24911499023438,1.0,214.3695831298828,204.21783447265625,0.00018799002282321453,145.45216369628906,238.19615173339844,0.9999996423721313
840,170.11578369140625,169.5378875732422,1.0,143.2699432373047,177.91641235351562,0.9999772310256958,184.16050720214844,196.50494384765625,0.00044536785571835935,185.34693908691406,206.2490692138672,0.0006544807692989707,178.7298583984375,198.17518615722656,1.0,187.0763702392578,204.1560516357422,1.0,122.48115539550781,184.48117065429688,0.9999998807907104,130.121337890625,221.3730926513672,0.00016728737682569772,142.4164581298828,229.86062622070312,0.9999953508377075
841,170.0845489501953,164.6546630859375,1.0,144.54380798339844,170.6272430419922,0.9999947547912598,162.04061889648438,191.14878845214844,0.00041472999146208167,125.83979034423828,165.25277709960938,0.0017610203940421343,174.74612426757812,193.86923217773438,0.9998815059661865,181.34288024902344,199.1273651123047,1.0,122.89472961425781,175.9550018310547,0.9999992847442627,193.63539123535156,185.09217834472656,0.000233270155149512,136.9170379638672,218.1894073486328,0.9975958466529846
842,166.24853515625,161.43380737304688,0.9999998807907104,136.68255615234375,170.00189208984375,0.9948456287384033,147.5332489013672,171.61090087890625,0.0015545216156169772,148.81307983398438,164.8203125,0.00209066248498857,177.85198974609375,182.81918334960938,0.01951473206281662,176.72076416015625,191.12351989746094,0.05664932727813721,111.12218475341797,179.134033203125,0.9999730587005615,118.16735076904297,213.16387939453125,0.000575935875531286,135.9324493408203,205.49766540527344,0.9348801970481873
843,150.24327087402344,163.2839813232422,1.0,126.08952331542969,172.5302276611328,0.9999505281448364,116.0035171508789,168.3319091796875,0.0004515436594374478,110.43301391601562,166.85304260253906,0.0019931886345148087,160.10855102539062,189.24330139160156,0.8308796286582947,162.38499450683594,195.83514404296875,0.7700105905532837,103.9664077758789,179.24224853515625,0.9999996423721313,97.72114562988281,222.18069458007812,0.001019338145852089,122.28958892822266,213.0702667236328,0.9829566478729248
844,138.052734375,167.48521423339844,0.9999997615814209,113.94120025634766,180.45343017578125,0.9990850687026978,130.5546417236328,189.39866638183594,0.0009108810918405652,132.95132446289062,194.36390686035156,0.0022627972066402435,148.865966796875,190.947265625,0.1154412254691124,148.33981323242188,195.7944793701172,0.19949419796466827,95.81378173828125,187.6350860595703,0.9999361038208008,166.58084106445312,205.06707763671875,0.00035405473317950964,112.19068145751953,213.3637237548828,0.684626042842865
845,127.09962463378906,172.42344665527344,1.0,104.5258560180664,189.03228759765625,0.9999264478683472,131.93548583984375,192.09031677246094,0.0024444865994155407,134.64730834960938,197.38381958007812,0.0039831288158893585,130.65447998046875,196.615234375,0.7166311740875244,134.64749145507812,200.90664672851562,0.9273422360420227,87.57616424560547,196.86476135253906,0.9999974966049194,166.6960906982422,204.3679656982422,0.0006519386079162359,103.04459381103516,225.7744903564453,0.3867947459220886
846,118.91146087646484,178.5554962158203,1.0,98.54681396484375,194.47808837890625,0.9999998807907104,125.21562957763672,201.933349609375,0.003964555449783802,91.60266876220703,194.35800170898438,0.0008847474819049239,123.33132934570312,205.16232299804688,0.9993720650672913,128.9964599609375,209.4508819580078,0.9999803304672241,83.72054290771484,203.3678741455078,0.9999991655349731,150.37254333496094,205.205078125,0.0007847748347558081,94.46211242675781,240.4357452392578,0.5546261668205261
847,116.78495788574219,179.6553955078125,1.0,96.89781188964844,198.03903198242188,0.9999996423721313,124.9061279296875,201.9837646484375,0.010973458178341389,130.99078369140625,211.17019653320312,0.0010720407590270042,122.75873565673828,205.85572814941406,0.998991072177887,126.46922302246094,212.54208374023438,0.9999243021011353,80.72779083251953,207.41529846191406,0.9999974966049194,134.31192016601562,256.4503479003906,0.0010437050368636847,92.9372787475586,243.3751983642578,0.7645695209503174
848,114.30901336669922,183.69993591308594,0.9999998807907104,94.13595581054688,205.45346069335938,0.9999865293502808,125.18561553955078,196.65016174316406,0.07850142568349838,120.0146255493164,199.7344970703125,0.3356954753398895,125.30946350097656,198.54782104492188,0.11710388213396072,129.62493896484375,199.56016540527344,0.9344217777252197,80.66017150878906,214.2469482421875,0.9997816681861877,117.44216918945312,248.41012573242188,0.0018886926118284464,90.1181411743164,241.1178436279297,0.009350406937301159
849,205.2958984375,193.86306762695312,1.2815002264687791e-05,184.3074493408203,250.6433868408203,4.9666723498376086e-05,192.2642059326172,202.7156219482422,3.7228117435006425e-05,190.78981018066406,205.28652954101562,7.938413909869269e-05,249.90603637695312,234.19558715820312,3.083270348724909e-05,250.6100616455078,234.87725830078125,0.0001325704506598413,185.24395751953125,251.5850830078125,1.485150551161496e-05,258.68853759765625,233.8182373046875,5.214747034187894e-06,185.04188537597656,249.06565856933594,8.23966838652268e-05
850,173.79110717773438,180.2821502685547,9.4529204943683e-05,219.00827026367188,202.47515869140625,8.070201147347689e-05,173.18995666503906,205.9187774658203,2.1146195649635047e-05,159.35357666015625,207.00863647460938,0.0003287290164735168,140.0216522216797,234.93605041503906,5.255179348750971e-05,154.68565368652344,235.5659637451172,0.0001022608412313275,137.9627685546875,236.8907470703125,1.1209381227672566e-05,229.33474731445312,234.84432983398438,1.4438491234614048e-05,138.78851318359375,232.94244384765625,0.00012259272625669837
851,172.05227661132812,192.33303833007812,3.9099879359127954e-05,151.2359619140625,249.3617401123047,0.0003350976330693811,155.8609161376953,204.9572296142578,1.5003655789769255e-05,142.56842041015625,206.75294494628906,0.0006691134767606854,139.96701049804688,231.67630004882812,3.273930633440614e-05,170.9581298828125,245.77102661132812,0.0007432278362102807,152.94839477539062,282.3832702636719,0.0001884636440081522,227.79745483398438,265.29718017578125,9.022777703648899e-06,137.33436584472656,250.73489379882812,0.0001575837522977963
852,184.04473876953125,206.09288024902344,4.096647535334341e-05,146.23011779785156,260.4121398925781,0.00039120702422223985,157.24734497070312,247.76084899902344,4.85727287014015e-05,156.9707489013672,206.98797607421875,0.0004733069217763841,137.75379943847656,249.3814239501953,3.5086937714368105e-05,156.72080993652344,249.71815490722656,0.0006416612886823714,153.73182678222656,252.18089294433594,2.7941308871959336e-05,226.98333740234375,271.47821044921875,2.6985457225237042e-05,136.6236572265625,250.15121459960938,0.00029515937785618007
853,184.99073791503906,206.6936492919922,5.70018237340264e-05,146.27586364746094,260.3660888671875,0.00024497185950167477,158.2530975341797,205.53048706054688,4.422966594574973e-05,157.42269897460938,207.274169921875,0.0005184122128412127,137.0139617919922,248.82904052734375,4.127950160182081e-05,156.83131408691406,249.61985778808594,0.0004890917334705591,153.24884033203125,282.8881530761719,2.263601345475763e-05,228.5667266845703,271.9100646972656,0.0003671881859190762,136.97601318359375,234.967529296875,0.0001932981249410659
854,173.34007263183594,207.68995666503906,0.00011745438678190112,138.12020874023438,252.89735412597656,0.00020495647913776338,156.8729248046875,215.48928833007812,4.766555139212869e-05,157.0430145263672,214.04534912109375,0.000687706284224987,137.92599487304688,249.04637145996094,9.927629434969276e-05,186.58616638183594,240.7415008544922,0.0006407751934602857,139.38429260253906,253.04676818847656,4.581407847581431e-05,228.0032196044922,271.76885986328125,0.0008156807743944228,137.74107360839844,234.42007446289062,0.00037656500353477895
855,174.55715942382812,195.387939453125,5.8305271522840485e-05,150.23240661621094,267.6341247558594,0.00024041537835728377,155.52694702148438,227.63473510742188,0.00012406412861309946,157.45404052734375,209.2516632080078,0.0019261095440015197,156.95343017578125,233.5440216064453,6.726245919708163e-05,173.0335235595703,248.11410522460938,0.0009886492043733597,152.62100219726562,287.4115905761719,3.582537465263158e-05,228.96005249023438,266.65863037109375,0.0015363283455371857,137.3501434326172,234.16265869140625,0.0001454446610296145
856,187.02000427246094,206.8662872314453,0.00032692099921405315,152.47787475585938,265.9158630371094,0.00018118126899935305,146.9787139892578,247.78128051757812,8.345647802343592e-05,158.00222778320312,214.08038330078125,0.0004687324690166861,162.6474151611328,248.51089477539062,4.869303302257322e-05,194.1342315673828,242.22503662109375,0.0272117517888546,152.1947479248047,232.7181396484375,8.502838318236172e-05,230.2164764404297,271.2790222167969,0.002036410616710782,168.11598205566406,254.75621032714844,0.0008875981438905001
857,185.85397338867188,205.714111328125,0.0012983661144971848,154.2013397216797,225.65293884277344,0.0010341632878407836,158.29403686523438,219.3003692626953,0.0005180290900170803,159.9477081298828,207.318603515625,0.010183332487940788,184.77633666992188,222.4261474609375,0.00023250562662724406,193.9224395751953,240.7506103515625,0.14058037102222443,154.76199340820312,247.00152587890625,0.002110543195158243,229.3596649169922,272.0594482421875,0.0009544201311655343,169.0304412841797,257.6522521972656,0.012786557897925377
858,184.00331115722656,205.5872039794922,0.0015817462699487805,151.830322265625,265.7793273925781,0.0015031162183731794,155.5743408203125,215.0186004638672,0.00031416138517670333,153.09095764160156,211.5709686279297,0.0013818521983921528,139.5629119873047,248.1515350341797,0.000163506469107233,193.7694091796875,239.55963134765625,0.023911338299512863,155.51528930664062,248.38255310058594,0.0005818451172672212,227.9035186767578,271.3343505859375,0.0008405144326388836,168.70889282226562,258.2381591796875,0.003665186697617173
859,160.0333709716797,206.3385467529297,8.760511263972148e-05,152.95542907714844,268.4595947265625,0.0007776746060699224,146.4557342529297,246.73744201660156,0.00018768911832012236,144.09829711914062,222.20155334472656,0.002078655641525984,139.19119262695312,248.1846160888672,0.00020571651111822575,173.05975341796875,246.28277587890625,0.005843464285135269,136.00180053710938,233.37646484375,0.00014726934023201466,226.28958129882812,272.1737060546875,4.098883073311299e-05,137.10000610351562,250.4324493408203,0.0018243497470393777
860,158.74241638183594,206.71788024902344,0.00012963441258762032,147.5944366455078,242.5980987548828,0.000502036593388766,142.2357635498047,247.34408569335938,0.00014445354463532567,141.12608337402344,219.80828857421875,0.0010139008518308401,131.84022521972656,250.8688201904297,9.900344593916088e-05,177.47019958496094,241.5496826171875,0.004874980077147484,138.33387756347656,249.85995483398438,0.00013169567682780325,214.7089080810547,267.1519775390625,2.6649260689737275e-05,153.2761993408203,254.48704528808594,0.0014889459125697613
861,157.39297485351562,193.3830108642578,3.6239565815776587e-05,121.97767639160156,250.53721618652344,9.424641029909253e-05,143.40284729003906,247.47076416015625,4.610707765095867e-05,129.75723266601562,223.01986694335938,0.0004017279716208577,123.29366302490234,248.5900115966797,3.567730527720414e-05,122.89237213134766,250.0836639404297,0.0004173654888290912,121.48213958740234,251.625732421875,6.962407496757805e-05,161.77105712890625,182.85108947753906,2.6894202164839953e-05,120.3759994506836,249.47674560546875,0.0005060666589997709
862,125.51107788085938,194.4860382080078,0.00013922949437983334,106.19400787353516,253.96470642089844,0.00014687961083836854,109.09182739257812,244.26419067382812,5.3137824579607695e-05,110.0998306274414,245.01351928710938,0.00015662172518204898,107.2801513671875,249.67166137695312,5.077460446045734e-05,107.93153381347656,250.96136474609375,0.0002920369734056294,105.80883026123047,254.90650939941406,9.911775850923732e-05,143.0356903076172,185.50369262695312,4.2464438593015075e-05,105.5732650756836,251.75926208496094,0.00013584643602371216
863,92.0774154663086,200.33453369140625,2.1485562683665194e-05,138.24020385742188,221.0587921142578,2.3295993742067367e-05,100.12319946289062,249.8870391845703,9.219837920682039e-06,98.38530731201172,266.0311584472656,3.283939804532565e-05,87.52781677246094,251.00704956054688,7.159637334552826e-06,87.2110366821289,251.9259796142578,0.00012205046368762851,2.5498862266540527,266.8462829589844,1.687915573711507e-05,117.64750671386719,281.8417663574219,7.304664450202836e-06,67.8913803100586,268.9644470214844,1.6536989278392866e-05
864,115.8160400390625,256.6941223144531,0.00015326747961807996,131.65667724609375,262.74810791015625,2.562419103924185e-05,153.85398864746094,298.3900451660156,4.709359927801415e-05,76.2531967163086,261.1202697753906,0.0003675203479360789,6.2679524421691895,242.6186065673828,4.2613806726876646e-05,76.36116790771484,267.8583068847656,3.3586155041120946e-05,2.1604714393615723,251.17196655273438,2.2560585421160795e-05,75.8492202758789,259.0677795410156,0.0005478037055581808,92.89949798583984,253.207275390625,4.1782048356253654e-05
865,44.27524185180664,201.14540100097656,3.250920417485759e-05,57.50296401977539,190.4979248046875,7.63737625675276e-06,124.49839782714844,317.2656555175781,1.926076947711408e-05,109.41011810302734,317.19091796875,2.7550744562176988e-05,6.255622386932373,226.9793243408203,4.503351738094352e-05,59.952850341796875,190.11328125,0.00010867709352169186,61.401100158691406,221.92562866210938,0.00023134780349209905,62.87141036987305,248.4058837890625,3.4551550925243646e-05,-2.8818211555480957,249.2974395751953,2.074700933007989e-05
866,252.2641143798828,324.6040344238281,2.177965870941989e-05,0.4098985195159912,268.673828125,2.259707798657473e-06,124.05143737792969,316.4027404785156,7.870213266869541e-06,0.001961946487426758,221.8469696044922,2.2125965188024566e-05,2.5154385566711426,218.89968872070312,6.968119851080701e-05,235.79672241210938,317.6676940917969,1.996668470383156e-05,0.8372938632965088,219.57789611816406,1.84596428880468e-05,69.33198547363281,202.46104431152344,2.4218420549004804e-06,-1.4980592727661133,216.74081420898438,7.4606928137654904e-06
867,267.5205383300781,325.7937316894531,2.150798900402151e-05,106.5960693359375,315.63421630859375,3.38791005560779e-06,108.27467346191406,316.1169128417969,2.032818338193465e-05,108.18750762939453,317.3330078125,2.6878587959799916e-05,2.977553129196167,234.6199188232422,2.9905522751505487e-05,236.06716918945312,317.7950134277344,2.975934876303654e-05,1.608774185180664,235.27212524414062,1.0632385055941995e-05,83.22445678710938,203.03411865234375,3.3088358577515464e-06,-1.597646713256836,232.77615356445312,5.618472187052248e-06
868,155.97222900390625,324.856201171875,1.7689881133264862e-05,201.922119140625,221.9793243408203,4.64452568849083e-06,108.38533020019531,315.9305725097656,1.1978718248428777e-05,108.40150451660156,317.36053466796875,1.6671441699145362e-05,3.001189708709717,234.47921752929688,1.2609135410457384e-05,220.55770874023438,318.2392272949219,1.6404606867581606e-05,1.4769482612609863,266.4229431152344,1.200698079628637e-05,84.07129669189453,202.56854248046875,5.727325060433941e-06,248.48963928222656,246.0676727294922,1.057314239005791e-05
869,267.7865905761719,325.076904296875,2.5901568733388558e-05,217.7089080810547,223.93197631835938,4.155208443989977e-06,108.56300354003906,315.95770263671875,8.737358257349115e-06,108.68328857421875,317.5688781738281,1.6925385352806188e-05,155.16949462890625,318.5891418457031,8.144055755110458e-06,156.19606018066406,318.6522216796875,1.5964655176503584e-05,1.5309748649597168,266.4617614746094,1.0990445844072383e-05,178.4434356689453,232.8824005126953,1.1699584320012946e-05,202.2805938720703,219.30079650878906,2.094916817441117e-05
870,207.22360229492188,228.1869659423828,0.0002163191238651052,216.8453369140625,225.27056884765625,0.00042001670226454735,203.08377075195312,246.0547332763672,5.292700734571554e-06,237.44033813476562,317.51837158203125,8.344391972059384e-06,2.931718349456787,234.41725158691406,1.2007289114990272e-05,208.34979248046875,248.96795654296875,4.284141687094234e-05,207.09616088867188,222.0196075439453,1.9736498870770447e-05,178.7371063232422,232.93402099609375,3.821522477664985e-05,203.87286376953125,221.09584045410156,7.43221171433106e-05
871,200.16159057617188,233.66500854492188,0.0012349489843472838,226.16416931152344,230.50759887695312,0.00022257886303123087,183.7321014404297,244.26406860351562,0.00017925736028701067,180.25328063964844,236.7738494873047,0.0019280683482065797,2.6587681770324707,234.2665252685547,1.1363228622940369e-05,209.56698608398438,249.21746826171875,4.3674561311490834e-05,208.2561492919922,223.56594848632812,5.021397373639047e-05,177.7379608154297,233.9156036376953,0.00046535657020285726,166.66439819335938,233.1297149658203,0.00016804676852189004
872,267.73248291015625,324.9870910644531,1.5922689271974377e-05,202.8426513671875,252.46023559570312,3.344306833241717e-06,124.08370208740234,316.0444641113281,5.3763610594614875e-06,178.80442810058594,243.16542053222656,6.604244845220819e-05,2.600259304046631,234.17459106445312,1.4094576727075037e-05,104.84677124023438,221.45594787597656,1.4490357898466755e-05,156.06410217285156,313.880615234375,7.206259397207759e-06,177.61297607421875,232.9285125732422,2.7611342375166714e-05,166.1781005859375,233.37351989746094,1.495869491918711e-05
873,267.6710510253906,325.2043762207031,1.6190591850318015e-05,250.18516540527344,236.4314422607422,6.46091075395816e-06,123.99820709228516,316.2313232421875,1.425038408342516e-05,125.047607421875,317.0665588378906,1.5521160094067454e-05,2.5926859378814697,234.13958740234375,1.3190832760301419e-05,156.40916442871094,318.65478515625,1.4115507838141639e-05,252.47933959960938,235.3468017578125,8.879657798388507e-06,176.91842651367188,233.11013793945312,1.4749063666386064e-05,102.69330596923828,217.13394165039062,1.0550902516115457e-05
874,201.5489959716797,234.27987670898438,0.00013417491572909057,249.39027404785156,236.6322784423828,9.220857464242727e-06,123.908203125,316.2682189941406,1.3292120456753764e-05,108.74917602539062,317.44482421875,1.4477209333563223e-05,3.0415987968444824,218.4276580810547,2.4341965399798937e-05,156.095458984375,318.82769775390625,1.4814854694122914e-05,0.9595315456390381,219.05873107910156,1.2852258805651218e-05,162.60850524902344,234.73248291015625,9.513120858173352e-06,-1.7387022972106934,232.52597045898438,5.363690888771089e-06
875,267.5264587402344,324.9993896484375,4.0276914660353214e-05,171.60121154785156,253.64410400390625,3.0066682938922895e-06,108.56549835205078,315.9562683105469,1.702390545688104e-05,108.71530151367188,317.26629638671875,2.522159593354445e-05,2.676417112350464,218.0972137451172,6.772625056328252e-05,252.53695678710938,317.2556457519531,1.505685031588655e-05,1.0610010623931885,202.43714904785156,2.2756788894184865e-05,238.85191345214844,244.70816040039062,3.963502877013525e-06,-1.6232428550720215,232.16253662109375,6.435691830120049e-06
876,176.86964416503906,245.76405334472656,0.00037658459041267633,187.53756713867188,242.93858337402344,2.5801380616030656e-05,163.81463623046875,249.49832153320312,0.0024903661105781794,155.1820831298828,245.09393310546875,0.7541319727897644,2.7750773429870605,217.95050048828125,6.598447362193838e-05,154.27606201171875,248.55264282226562,3.7212994357105345e-05,213.5590057373047,242.32106018066406,7.650208863196895e-05,175.1356658935547,250.7020263671875,0.0008726735250093043,152.6889190673828,237.43026733398438,1.4216530871635769e-05
877,164.48455810546875,247.6583709716797,0.0012835480738431215,202.55276489257812,267.74609375,4.8443482228321955e-05,155.6165313720703,249.47116088867188,0.002809673547744751,149.09506225585938,246.68179321289062,0.9583234786987305,219.83499145507812,269.920654296875,4.6710370952496305e-05,233.60508728027344,269.105224609375,0.0006423248560167849,211.22105407714844,243.02777099609375,9.012754162540659e-05,172.62850952148438,252.56341552734375,0.01040039025247097,218.20465087890625,262.1916198730469,0.00016837027214933187
878,171.69493103027344,306.0918884277344,1.6046729797380976e-05,-0.05241537094116211,268.6142578125,3.597705472202506e-06,154.60385131835938,298.849853515625,1.2743028491968289e-05,0.18074321746826172,222.49093627929688,1.922986120916903e-05,2.618950843811035,233.86929321289062,3.1575720640830696e-05,174.4707794189453,303.38018798828125,9.867636435956229e-06,1.178941249847412,218.89418029785156,2.1931540686637163e-05,227.68341064453125,263.9820556640625,1.0896902495005634e-05,-2.6078810691833496,232.05572509765625,5.208787115407176e-06
879,129.2567901611328,266.9637756347656,0.001346159027889371,125.904052734375,272.8106384277344,0.00015756511129438877,128.83668518066406,270.0242004394531,4.583697591442615e-05,124.84614562988281,269.67974853515625,0.011289089918136597,2.359682559967041,234.85208129882812,8.030153367144521e-06,127.72218322753906,298.67205810546875,1.561193676025141e-05,118.3453369140625,276.01177978515625,3.699676017276943e-05,148.89822387695312,269.1192932128906,2.837733745764126e-06,119.69698333740234,252.30746459960938,1.1124440788989887e-05
880,253.0351104736328,323.63909912109375,2.3888240320957266e-05,0.44661784172058105,268.3326416015625,2.330960569452145e-06,170.90968322753906,316.2344055175781,1.3448391655401792e-05,220.32437133789062,318.1191711425781,1.8813670976669528e-05,1.377833604812622,267.3944396972656,8.991595677798614e-06,106.411865234375,208.79849243164062,1.368772609566804e-05,2.8145294189453125,265.7722473144531,1.4311331142380368e-05,117.26927947998047,263.1363830566406,3.2731857118051266e-06,87.92227935791016,264.1454162597656,7.142724825826008e-06
881,171.77352905273438,196.53623962402344,0.0007073250599205494,199.4337158203125,219.37965393066406,0.006433200091123581,142.45889282226562,213.52996826171875,0.0004470634739845991,123.54798126220703,214.06690979003906,0.005911590065807104,189.16636657714844,248.79441833496094,6.000025678076781e-05,190.19895935058594,249.09275817871094,0.00027255943859927356,199.79241943359375,232.39401245117188,0.00017996723181568086,189.1830291748047,247.21987915039062,0.00019124776008538902,143.44703674316406,201.4659423828125,0.00017645466141402721
882,208.43313598632812,226.59420776367188,0.005866269581019878,189.97573852539062,260.0837097167969,0.8726459741592407,186.71043395996094,242.1178436279297,0.020284991711378098,186.9054412841797,243.9320831298828,0.016521381214261055,190.3147430419922,237.71803283691406,0.00451667420566082,227.6075897216797,250.51759338378906,0.031926557421684265,194.0026092529297,267.573486328125,0.009047077968716621,191.2699432373047,235.88101196289062,6.555415893672034e-05,153.8736572265625,266.3011474609375,0.003866440150886774
883,183.2224884033203,162.9619598388672,0.9999997615814209,157.95654296875,172.4613494873047,0.5808204412460327,177.95468139648438,177.35629272460938,0.004586059600114822,181.66139221191406,174.29647827148438,0.011462656781077385,197.86190795898438,175.2010040283203,0.008634147234261036,126.06709289550781,203.93356323242188,0.0033509775530546904,144.55628967285156,167.23825073242188,0.462465763092041,138.19834899902344,190.17649841308594,0.00010547733108978719,143.8298797607422,159.03192138671875,0.0007767806528136134
884,178.93817138671875,166.6201629638672,1.0,157.7960968017578,170.97695922851562,0.9792861342430115,162.88978576660156,180.71847534179688,0.001264663995243609,162.5411376953125,182.8887939453125,0.0017401509685441852,189.4937286376953,191.2745361328125,0.05895107612013817,190.29388427734375,194.65586853027344,0.7800318002700806,141.80068969726562,173.1848907470703,0.9999488592147827,131.03114318847656,194.32847595214844,0.0054927091114223,156.20924377441406,201.83407592773438,0.18339599668979645
885,173.8363800048828,170.17530822753906,1.0,151.9005584716797,178.4455108642578,0.9982911944389343,177.623046875,193.22305297851562,0.0008554522064514458,151.01756286621094,174.9322509765625,0.0013814428821206093,185.72740173339844,194.46754455566406,0.9781249761581421,191.0135040283203,196.6587371826172,0.9999032020568848,133.42083740234375,181.04522705078125,0.9998626708984375,213.80618286132812,188.91806030273438,0.00028461316833272576,149.87423706054688,212.25958251953125,0.29590117931365967
886,167.2974395751953,172.99493408203125,1.0,145.72280883789062,181.58291625976562,0.999679684638977,179.90277099609375,193.92822265625,0.0005341088981367648,147.0252227783203,177.804443359375,0.003250307636335492,180.7218475341797,197.4794464111328,0.9999856948852539,187.9073486328125,199.95254516601562,0.999968409538269,125.48363494873047,185.59739685058594,0.9999918937683105,217.99578857421875,207.2008056640625,0.00023966767184901983,141.23919677734375,226.16917419433594,0.8759134411811829
887,161.2688446044922,175.35765075683594,1.0,140.2068634033203,185.5819854736328,0.9999854564666748,134.89056396484375,277.6018981933594,0.004951738752424717,132.46661376953125,275.0116271972656,0.00583578459918499,179.0677032470703,198.7848358154297,0.9999998807907104,186.42059326171875,200.56590270996094,0.9999996423721313,122.169921875,191.40711975097656,0.9999998807907104,135.4424285888672,278.05059814453125,0.0002632523828651756,144.04620361328125,230.47711181640625,0.9994245767593384
888,159.03880310058594,176.5887908935547,1.0,138.17881774902344,187.13949584960938,0.9999991655349731,131.2295379638672,184.42245483398438,0.0020689612720161676,125.2277603149414,183.28387451171875,0.008559398353099823,179.8338623046875,200.818115234375,1.0,188.66232299804688,203.4894561767578,0.9999998807907104,121.04096221923828,195.36224365234375,1.0,230.6161651611328,223.38568115234375,0.0004492726002354175,144.3982391357422,232.16232299804688,0.9997374415397644
889,158.951904296875,177.97964477539062,1.0,137.1876983642578,188.84014892578125,0.9999990463256836,131.14959716796875,185.38600158691406,0.0010568861616775393,125.04491424560547,184.47361755371094,0.007346048951148987,179.7289581298828,201.86093139648438,1.0,188.93324279785156,204.18348693847656,0.9999998807907104,119.95281982421875,197.26727294921875,1.0,230.71380615234375,223.32296752929688,0.0004771253443323076,144.5552520751953,234.51992797851562,0.9999090433120728
890,159.9182586669922,178.50233459472656,1.0,137.65663146972656,189.5165252685547,0.9999995231628418,131.88975524902344,185.84584045410156,0.0009389932965859771,125.48246765136719,184.42770385742188,0.007780576590448618,179.80926513671875,202.23464965820312,1.0,190.0453338623047,205.4110107421875,1.0,120.25313568115234,197.64183044433594,1.0,217.0514373779297,206.408203125,0.00012485726620070636,145.74705505371094,237.25550842285156,0.9999580383300781
891,159.79373168945312,179.9528045654297,1.0,137.58563232421875,191.03343200683594,0.9999996423721313,132.29576110839844,187.10960388183594,0.0005417513311840594,125.49433898925781,185.68588256835938,0.006497248075902462,179.44894409179688,203.5744171142578,1.0,190.31805419921875,207.7805938720703,1.0,119.44307708740234,199.8715057373047,1.0,130.5725555419922,236.37942504882812,0.00019215383508708328,143.28724670410156,239.9839324951172,0.9999926090240479
892,158.53611755371094,181.22787475585938,1.0,137.5391082763672,193.87098693847656,0.9999998807907104,128.21804809570312,195.0463104248047,0.0010359326843172312,125.28813934326172,187.49366760253906,0.003000128548592329,179.46482849121094,206.36524963378906,1.0,190.8101043701172,209.16323852539062,1.0,119.72743225097656,202.8846893310547,1.0,154.93170166015625,238.1107940673828,0.00021360607934184372,147.42819213867188,241.7867431640625,0.9999984502792358
893,158.26356506347656,182.89892578125,1.0,136.6568145751953,195.60256958007812,1.0,128.6381072998047,195.71347045898438,0.001586991478689015,125.04888916015625,188.53060913085938,0.0012046723859384656,179.90988159179688,208.7453155517578,1.0,191.33070373535156,210.4238739013672,1.0,119.46918487548828,205.7057647705078,1.0,153.71788024902344,239.41830444335938,0.00027395138749852777,146.88796997070312,244.52459716796875,0.9999995231628418
894,159.7606658935547,183.93435668945312,1.0,137.1258087158203,196.00416564941406,1.0,128.685791015625,196.57424926757812,0.0016428689705207944,126.46727752685547,189.5863037109375,0.001650718622840941,180.66098022460938,207.68197631835938,1.0,191.85247802734375,211.11573791503906,1.0,120.03512573242188,207.2354278564453,1.0,153.31622314453125,238.88661193847656,0.00032668825588189065,148.11346435546875,244.92544555664062,0.9999998807907104
895,159.7147674560547,184.5600128173828,1.0,137.32908630371094,197.0004119873047,1.0,129.03175354003906,197.518310546875,0.0014867732534185052,123.80535888671875,197.04627990722656,0.001748372451402247,180.98434448242188,208.34115600585938,1.0,192.27392578125,211.85211181640625,1.0,120.2710189819336,208.1800994873047,1.0,152.2411346435547,238.57699584960938,0.00033332357998006046,149.3502655029297,245.388427734375,1.0
896,159.8047332763672,184.71514892578125,1.0,137.6546630859375,197.00482177734375,1.0,129.2567901611328,197.62332153320312,0.0015055263647809625,123.92823028564453,197.09840393066406,0.0015145520446822047,181.3632354736328,208.5931854248047,1.0,192.589111328125,212.1183624267578,1.0,120.75872802734375,208.27716064453125,1.0,151.66650390625,238.48934936523438,0.0002885291469283402,150.1823272705078,245.5711212158203,1.0
897,160.11419677734375,184.641845703125,1.0,137.73724365234375,197.515625,1.0,129.48324584960938,197.7212677001953,0.0013187809381633997,124.00484466552734,197.1670379638672,0.0014437084319069982,181.3948516845703,208.640380859375,1.0,192.5987548828125,212.19122314453125,1.0,120.10489654541016,207.73361206054688,1.0,151.44253540039062,238.65731811523438,0.00023798763868398964,150.22982788085938,246.00146484375,1.0
898,160.0595245361328,184.83932495117188,1.0,137.65267944335938,197.47830200195312,1.0,129.5386962890625,197.76681518554688,0.0014253046829253435,124.24100494384766,197.17893981933594,0.0014229402877390385,181.57774353027344,209.065673828125,1.0,192.7225799560547,212.55816650390625,1.0,120.26118469238281,207.75628662109375,1.0,151.61642456054688,238.84002685546875,0.00021825828298460692,150.1352996826172,246.20745849609375,0.9999998807907104
899,160.16722106933594,184.93905639648438,1.0,137.79115295410156,197.60621643066406,1.0,129.59365844726562,197.8492431640625,0.0013908036053180695,124.38712310791016,197.19520568847656,0.0013653946807608008,181.66213989257812,208.86819458007812,1.0,192.9159393310547,212.4293975830078,1.0,120.3392333984375,207.5588836669922,1.0,151.60935974121094,238.84396362304688,0.0002309002447873354,150.35140991210938,246.35939025878906,0.9999998807907104
900,160.70220947265625,184.86383056640625,1.0,137.55201721191406,197.5611572265625,1.0,129.5035858154297,197.2837677001953,0.0009676831541582942,124.32318878173828,196.71929931640625,0.0013552866876125336,181.7203369140625,209.10614013671875,1.0,193.2203369140625,213.13836669921875,1.0,119.83789825439453,208.30819702148438,1.0,151.3016815185547,238.74713134765625,0.0001879735355032608,150.36460876464844,246.49960327148438,1.0
901,160.57498168945312,184.89779663085938,1.0,137.63876342773438,197.52989196777344,1.0,129.6373291015625,197.38719177246094,0.0011679361341521144,124.45855712890625,196.61305236816406,0.0012819585390388966,181.8221893310547,209.1135711669922,1.0,193.31454467773438,213.06983947753906,1.0,120.14481353759766,207.89915466308594,1.0,151.31903076171875,238.84310913085938,0.00015513540711253881,150.30160522460938,246.74630737304688,1.0
902,161.26181030273438,184.76742553710938,1.0,137.76710510253906,197.44712829589844,1.0,129.4202880859375,197.2502899169922,0.0008767282124608755,124.2315673828125,196.6044464111328,0.0010585301788523793,182.0181884765625,209.11618041992188,1.0,193.41598510742188,212.89134216308594,1.0,119.98045349121094,207.79025268554688,1.0,150.95123291015625,238.8402099609375,0.00017166300676763058,150.67123413085938,246.78318786621094,0.9999998807907104
903,160.83506774902344,184.72528076171875,1.0,137.93296813964844,197.3959197998047,1.0,129.7039794921875,197.16400146484375,0.0010151307797059417,124.23371887207031,196.31182861328125,0.0013393276603892446,181.96917724609375,209.07281494140625,1.0,193.68191528320312,212.57684326171875,1.0,120.19590759277344,207.5818634033203,1.0,151.03309631347656,238.7435302734375,0.0001822602207539603,150.57632446289062,246.80538940429688,1.0
904,160.8478546142578,184.7198486328125,1.0,138.0143585205078,197.31002807617188,1.0,129.42898559570312,197.10658264160156,0.0009632707224227488,124.28628540039062,196.5215606689453,0.0014459739904850721,181.90614318847656,209.12965393066406,1.0,193.68499755859375,212.67620849609375,1.0,120.98094177246094,208.38861083984375,1.0,150.91033935546875,238.85223388671875,0.00016844495257828385,151.04696655273438,247.02796936035156,1.0
905,160.87786865234375,184.81979370117188,1.0,138.48431396484375,197.32083129882812,1.0,129.56520080566406,197.21266174316406,0.0010953794699162245,124.31724548339844,196.55010986328125,0.0010600039968267083,182.0816192626953,209.1150360107422,1.0,194.07640075683594,212.76687622070312,1.0,120.74139404296875,207.3637237548828,1.0,150.92108154296875,238.93759155273438,0.0001692028163233772,150.99290466308594,247.10836791992188,1.0
906,161.03445434570312,184.74917602539062,1.0,138.3249969482422,197.51101684570312,1.0,129.50697326660156,197.27232360839844,0.0011381128570064902,124.32825469970703,196.5883331298828,0.001372181810438633,182.0535430908203,209.18679809570312,1.0,193.9510040283203,212.83377075195312,1.0,120.8742904663086,207.63284301757812,1.0,150.8947296142578,238.9001007080078,0.0001619568356545642,151.10670471191406,247.04025268554688,1.0
907,161.30076599121094,184.98898315429688,1.0,138.5026092529297,197.55990600585938,1.0,129.35015869140625,197.22125244140625,0.0011644790647551417,124.45960998535156,196.48728942871094,0.0012817303650081158,181.96388244628906,209.0985107421875,1.0,193.87310791015625,212.61297607421875,1.0,121.74781799316406,207.7384490966797,1.0,150.9083709716797,238.80445861816406,0.00016459502512589097,151.04315185546875,246.9209442138672,1.0
908,160.92784118652344,184.7769775390625,1.0,138.72183227539062,197.46371459960938,1.0,129.34530639648438,197.01535034179688,0.0012484631733968854,124.42317199707031,196.29441833496094,0.001223600236698985,182.16757202148438,209.07345581054688,1.0,194.0611114501953,212.79043579101562,1.0,121.84880065917969,207.615478515625,1.0,151.0284881591797,238.99136352539062,0.00016181112732738256,150.85311889648438,247.1912841796875,1.0
909,160.80018615722656,184.73681640625,1.0,138.5986328125,197.5327606201172,1.0,129.29513549804688,196.95042419433594,0.0012185594532638788,124.45356750488281,196.31118774414062,0.0013044743100181222,182.10508728027344,209.05076599121094,1.0,193.90496826171875,212.6592559814453,1.0,121.8154525756836,207.83291625976562,1.0,150.84071350097656,238.9860382080078,0.00016534535097889602,151.1985321044922,247.27732849121094,1.0
910,160.78616333007812,184.6812286376953,1.0,138.64215087890625,197.72311401367188,1.0,129.5778350830078,197.110595703125,0.0012904665200039744,124.3304443359375,196.52500915527344,0.0012222997611388564,182.31472778320312,209.14068603515625,1.0,194.10694885253906,212.74505615234375,1.0,121.75839233398438,207.96377563476562,1.0,150.49378967285156,239.06924438476562,0.00014509227185044438,151.4836883544922,247.5579833984375,1.0
911,160.97708129882812,184.719970703125,1.0,138.63954162597656,197.64187622070312,1.0,129.5241241455078,197.35195922851562,0.0013200721004977822,124.3880386352539,196.8352508544922,0.001574559835717082,182.44288635253906,209.2745361328125,1.0,194.08958435058594,212.98696899414062,1.0,121.84288787841797,208.58029174804688,0.9999998807907104,150.27725219726562,238.8726806640625,0.0001261551515199244,151.83934020996094,247.28616333007812,1.0
912,160.9854736328125,185.11264038085938,1.0,139.4125518798828,197.5363311767578,1.0,129.86013793945312,197.2740020751953,0.001373643521219492,124.19593811035156,196.70713806152344,0.0008516917005181313,182.42286682128906,209.15040588378906,1.0,194.258544921875,212.94448852539062,1.0,122.59539794921875,207.8908233642578,1.0,149.94744873046875,238.77102661132812,0.00011268191155977547,152.400390625,247.43692016601562,1.0
913,160.6775665283203,185.0045928955078,1.0,139.10406494140625,197.51783752441406,1.0,129.76808166503906,197.0972900390625,0.0014190619112923741,124.30191802978516,196.52882385253906,0.0009628160623833537,182.4141387939453,209.06536865234375,1.0,194.13919067382812,212.81565856933594,1.0,122.56737518310547,208.1133575439453,1.0,103.35314178466797,243.10305786132812,0.00014752836432307959,152.46339416503906,247.2592315673828,1.0
914,160.85118103027344,184.86595153808594,1.0,139.53887939453125,197.4035186767578,1.0,129.62628173828125,197.20848083496094,0.001431562239304185,124.35928344726562,196.6098175048828,0.0007469099364243448,182.24607849121094,209.092529296875,1.0,193.99923706054688,212.93704223632812,1.0,122.93606567382812,207.94534301757812,1.0,103.47554779052734,243.1928253173828,0.00013970627333037555,152.5641326904297,247.44520568847656,1.0
915,160.895751953125,185.03919982910156,1.0,139.35140991210938,197.49644470214844,1.0,129.6970672607422,197.22979736328125,0.0015727878781035542,124.37895965576172,196.71188354492188,0.00080713169882074,182.2646484375,209.16317749023438,1.0,194.04925537109375,212.82484436035156,1.0,122.89579010009766,208.05152893066406,1.0,103.32941436767578,242.98709106445312,0.00015409602201543748,152.55616760253906,247.5677032470703,1.0
916,160.95973205566406,185.01097106933594,1.0,139.72607421875,197.49237060546875,1.0,129.5521697998047,197.15122985839844,0.0013951376313343644,124.42618560791016,196.80792236328125,0.0008561963331885636,182.31317138671875,209.2052001953125,1.0,194.0720977783203,213.00953674316406,1.0,123.0076904296875,208.17129516601562,1.0,103.30741119384766,243.09654235839844,9.964314085664228e-05,152.5452880859375,247.56494140625,1.0
917,161.1449432373047,184.9248046875,1.0,139.49790954589844,197.4618682861328,1.0,129.56503295898438,197.05271911621094,0.001259555108845234,124.35298919677734,196.6774444580078,0.0009582330239936709,182.27577209472656,209.2654266357422,1.0,194.00465393066406,212.93409729003906,1.0,122.6009292602539,208.0197296142578,0.9999998807907104,103.57952880859375,243.3341522216797,0.00011899464880116284,152.65760803222656,247.4309539794922,1.0
918,161.01495361328125,184.84849548339844,1.0,139.14996337890625,197.55331420898438,1.0,129.53775024414062,197.41981506347656,0.0012663871748372912,124.2603759765625,197.22142028808594,0.0012477837735787034,182.16958618164062,209.22535705566406,1.0,193.98516845703125,212.96543884277344,1.0,122.18318176269531,208.42214965820312,0.9999998807907104,103.67510986328125,243.4626922607422,0.00011474852362880483,152.62014770507812,247.52549743652344,1.0
919,160.98899841308594,184.97547912597656,1.0,139.24072265625,197.37913513183594,1.0,129.553955078125,197.27587890625,0.001287744496949017,124.24958038330078,197.09869384765625,0.0011222369503229856,182.20193481445312,209.2852783203125,1.0,194.21275329589844,213.06365966796875,1.0,122.50271606445312,207.07119750976562,1.0,149.7950439453125,238.7106170654297,9.904614125844091e-05,152.55726623535156,247.5039825439453,1.0
920,160.94825744628906,185.0751190185547,1.0,139.19583129882812,197.4872589111328,1.0,129.81735229492188,197.2443389892578,0.0012095528654754162,124.2273941040039,196.90618896484375,0.001288378145545721,182.20689392089844,209.3207244873047,1.0,194.2436065673828,213.0574951171875,1.0,122.15699005126953,208.50076293945312,0.9999998807907104,104.17063903808594,243.7271270751953,0.00010301495058229193,152.56524658203125,247.57473754882812,0.9999998807907104
921,160.83230590820312,185.0773468017578,1.0,139.39366149902344,197.73814392089844,1.0,129.89883422851562,197.2909393310547,0.0013628111919388175,124.25466918945312,197.01853942871094,0.0010957519989460707,182.37432861328125,209.34597778320312,1.0,194.329345703125,213.14956665039062,1.0,122.73477172851562,207.060791015625,1.0,149.721435546875,239.04090881347656,9.377933747600764e-05,152.63336181640625,247.85845947265625,0.9999998807907104
922,160.85546875,184.9688262939453,1.0,139.0537872314453,198.00360107421875,1.0,129.7081756591797,197.6460723876953,0.001533833215944469,124.29547882080078,197.4663543701172,0.0012788763269782066,182.40106201171875,209.4451904296875,1.0,194.2223358154297,213.23834228515625,1.0,121.56314849853516,208.02847290039062,1.0,179.302490234375,250.08815002441406,9.209966083290055e-05,152.71853637695312,247.83773803710938,1.0
923,160.70941162109375,185.3240966796875,1.0,139.30601501464844,198.06593322753906,1.0,129.6924591064453,197.45188903808594,0.001375796040520072,124.203369140625,197.01083374023438,0.0010138496290892363,182.47801208496094,209.3836669921875,1.0,194.28884887695312,213.16677856445312,1.0,122.98092651367188,207.14817810058594,1.0,179.0559844970703,250.13449096679688,0.00010022644710261375,152.72145080566406,247.82872009277344,0.9999998807907104
924,160.96630859375,185.2532958984375,1.0,138.64443969726562,198.43943786621094,1.0,130.03793334960938,198.10336303710938,0.0016002367483451962,124.4448013305664,197.4642791748047,0.0009736856445670128,182.4776153564453,209.35519409179688,1.0,194.2604217529297,213.08355712890625,1.0,121.92063903808594,208.41604614257812,1.0,103.98873138427734,242.86978149414062,0.00017026417481247336,152.55923461914062,247.85317993164062,0.9999998807907104
925,161.229736328125,185.3688507080078,1.0,138.9872589111328,198.008544921875,1.0,129.61407470703125,197.79025268554688,0.0013385835336521268,124.2107162475586,197.34934997558594,0.0008559765410609543,182.4925994873047,209.40963745117188,1.0,194.26010131835938,213.1071014404297,1.0,121.9114990234375,208.11000061035156,1.0,104.1601333618164,242.96902465820312,0.00014302757335826755,152.68878173828125,247.82785034179688,0.9999998807907104
926,161.47955322265625,185.3736114501953,1.0,139.47894287109375,198.2083282470703,1.0,129.4099578857422,198.00755310058594,0.0014586402103304863,124.27710723876953,197.51148986816406,0.000933677947614342,182.40562438964844,209.42173767089844,1.0,194.25035095214844,213.2470245361328,1.0,122.89916229248047,207.53904724121094,1.0,104.15384674072266,243.0555419921875,0.00013569314614869654,152.6315460205078,247.84884643554688,0.9999998807907104
927,161.37283325195312,185.4222869873047,1.0,139.1898193359375,198.1742401123047,1.0,129.55577087402344,197.7598114013672,0.001574901514686644,124.2462387084961,197.28497314453125,0.0008396138437092304,182.4969482421875,209.49293518066406,1.0,194.32388305664062,213.4612274169922,1.0,122.36275482177734,208.24571228027344,1.0,104.18827056884766,243.09873962402344,0.00013512464647646993,152.7783203125,247.82041931152344,0.9999998807907104
928,161.3189239501953,185.54954528808594,1.0,139.12741088867188,198.27377319335938,1.0,129.728271484375,197.82054138183594,0.0014808612177148461,124.38357543945312,197.2808380126953,0.000956665666308254,182.26651000976562,209.52381896972656,1.0,194.05848693847656,213.4414825439453,1.0,121.98303985595703,208.17294311523438,1.0,104.16787719726562,243.03366088867188,0.00019432372937444597,152.9027099609375,247.7596435546875,0.9999998807907104
929,161.27081298828125,185.62278747558594,1.0,139.16188049316406,198.32325744628906,1.0,129.59788513183594,197.74696350097656,0.0016007067169994116,124.48014068603516,197.34893798828125,0.0009898715652525425,182.19029235839844,209.5138397216797,1.0,194.13824462890625,213.38626098632812,1.0,122.87507629394531,207.6024627685547,1.0,104.23391723632812,243.1412811279297,0.0002729203552007675,152.7892608642578,247.85426330566406,0.9999998807907104
930,160.98089599609375,185.6243896484375,1.0,139.2747802734375,198.31536865234375,1.0,129.72129821777344,197.6609344482422,0.0017233430407941341,124.63345336914062,197.2492218017578,0.0008793037268333137,182.08522033691406,209.52777099609375,1.0,194.10789489746094,213.2033233642578,1.0,123.1364974975586,207.54168701171875,1.0,104.25141906738281,243.23291015625,0.0002551238867454231,152.89056396484375,247.8256378173828,0.9999998807907104
931,160.36550903320312,185.4635467529297,1.0,138.77696228027344,198.6578369140625,1.0,129.90150451660156,197.3953094482422,0.0019466709345579147,124.69974517822266,197.03953552246094,0.001387741882354021,181.9349822998047,209.50340270996094,1.0,193.78672790527344,213.16868591308594,1.0,123.16786193847656,208.04872131347656,1.0,104.13241577148438,242.9253387451172,0.0002814127947203815,152.97584533691406,247.77011108398438,0.9999998807907104
932,160.072509765625,185.5098114013672,1.0,138.50148010253906,198.87815856933594,1.0,129.71005249023438,197.78231811523438,0.0017424487741664052,124.50070190429688,197.5435028076172,0.0013614654308184981,181.90310668945312,209.57147216796875,1.0,193.79994201660156,213.17987060546875,1.0,122.18051147460938,208.68360900878906,1.0,104.42469787597656,243.24240112304688,0.00023325480287894607,152.9468994140625,247.73281860351562,0.9999998807907104
933,159.8484649658203,185.63116455078125,1.0,138.57470703125,198.79010009765625,1.0,129.6513671875,197.8922119140625,0.0016830371459946036,124.51692199707031,197.5583038330078,0.0010538448113948107,181.68064880371094,209.56996154785156,1.0,193.7290802001953,213.01333618164062,1.0,122.13996887207031,208.62632751464844,1.0,104.41083526611328,242.88418579101562,0.00039661413757130504,152.9918212890625,247.63157653808594,0.9999998807907104
934,159.67691040039062,185.5562286376953,1.0,137.98265075683594,198.87911987304688,1.0,129.67518615722656,197.972412109375,0.0018976351711899042,124.3383560180664,197.5825958251953,0.0008926079026423395,181.55947875976562,209.40621948242188,1.0,193.0367431640625,212.94798278808594,1.0,121.86407470703125,208.67176818847656,1.0,104.17528533935547,242.9255828857422,0.0005789778660982847,152.73509216308594,247.77012634277344,0.9999998807907104
935,159.52706909179688,185.42669677734375,1.0,137.57321166992188,199.03591918945312,1.0,129.8573760986328,197.76593017578125,0.001707342336885631,124.43109130859375,197.3507537841797,0.0009657724876888096,181.455322265625,209.73971557617188,1.0,192.94175720214844,213.20985412597656,1.0,121.90043640136719,209.1560516357422,1.0,103.53165435791016,242.58901977539062,0.000504392955917865,152.86752319335938,247.80633544921875,0.9999998807907104
936,159.3646240234375,185.6339111328125,1.0,138.12342834472656,198.99932861328125,1.0,130.12403869628906,197.3829803466797,0.0022220320533961058,124.59813690185547,196.94129943847656,0.0014825798571109772,181.26039123535156,209.67349243164062,1.0,192.91664123535156,213.67059326171875,1.0,122.03768157958984,208.6410675048828,1.0,102.90137481689453,242.05809020996094,0.0006585078663192689,152.47088623046875,247.97935485839844,0.9999998807907104
937,159.51893615722656,185.49998474121094,1.0,137.76040649414062,198.8564910888672,1.0,129.80661010742188,197.8626708984375,0.0017165715107694268,124.4381103515625,197.33688354492188,0.0012880475260317326,180.95071411132812,209.72935485839844,1.0,192.6978759765625,213.32484436035156,1.0,121.39031219482422,208.8163299560547,1.0,102.61585235595703,242.28579711914062,0.0008686168002896011,152.45404052734375,247.9870147705078,0.9999998807907104
938,159.1450958251953,185.64682006835938,1.0,137.35726928710938,198.9918975830078,1.0,129.8706512451172,197.8312225341797,0.0019506076350808144,124.28682708740234,197.5713653564453,0.0015023720916360617,180.75376892089844,209.65542602539062,1.0,192.56690979003906,213.09901428222656,1.0,121.16698455810547,208.65318298339844,1.0,102.33537292480469,242.18992614746094,0.0013448757817968726,152.67807006835938,247.95884704589844,0.9999998807907104
939,158.36474609375,185.65017700195312,1.0,136.93580627441406,199.19818115234375,1.0,129.82846069335938,197.6621856689453,0.0023517690133303404,124.31159210205078,197.4216766357422,0.00164604012388736,180.38961791992188,209.5674591064453,1.0,192.37159729003906,213.31297302246094,1.0,121.1514892578125,209.11767578125,1.0,102.24765014648438,241.77760314941406,0.0018659692723304033,152.61358642578125,248.04551696777344,0.9999998807907104
940,157.93789672851562,185.71885681152344,1.0,137.3914031982422,199.4071502685547,1.0,129.71945190429688,197.83758544921875,0.002107850508764386,124.29708862304688,197.65101623535156,0.0014635614352300763,180.36312866210938,209.6407470703125,1.0,192.43072509765625,213.08250427246094,1.0,120.83344268798828,209.2022705078125,1.0,102.14753723144531,242.07083129882812,0.0011908715823665261,152.6175537109375,248.15475463867188,0.9999998807907104
941,158.24302673339844,185.96115112304688,1.0,137.14141845703125,200.002685546875,1.0,129.7706298828125,198.2356414794922,0.0018030728679150343,124.49658966064453,198.104248046875,0.0014913404593244195,180.26202392578125,209.55386352539062,1.0,192.3858642578125,213.23910522460938,1.0,120.7660903930664,209.6095428466797,1.0,102.22818756103516,241.99850463867188,0.00170413579326123,152.50668334960938,247.99374389648438,0.9999998807907104
942,158.16400146484375,186.01220703125,1.0,137.18743896484375,200.19085693359375,1.0,129.76156616210938,198.38917541503906,0.0015318439109250903,124.47664642333984,198.27671813964844,0.0014402089873328805,179.9666748046875,209.5448455810547,1.0,191.81661987304688,213.27499389648438,1.0,120.8032455444336,209.8606414794922,1.0,102.0563735961914,242.08387756347656,0.0012846733443439007,152.45802307128906,248.0202178955078,0.9999998807907104
943,157.96217346191406,185.89602661132812,1.0,137.1692352294922,200.12518310546875,1.0,129.7550506591797,198.268798828125,0.0017472309991717339,124.38774108886719,198.26577758789062,0.0014393993187695742,179.81124877929688,209.53762817382812,1.0,191.78884887695312,213.1457061767578,1.0,120.89103698730469,209.89593505859375,1.0,102.16688537597656,242.29188537597656,0.0016393960686400533,152.46334838867188,247.95755004882812,0.9999998807907104
944,157.7831573486328,185.92764282226562,1.0,136.66961669921875,200.1007080078125,1.0,129.7375946044922,198.2236328125,0.0014732342679053545,124.09207153320312,198.26852416992188,0.0011878127697855234,179.63023376464844,209.35781860351562,1.0,191.78819274902344,213.10528564453125,1.0,120.44725799560547,209.9221954345703,1.0,102.11292266845703,242.5517578125,0.0011202135356143117,152.470703125,247.97232055664062,0.9999998807907104
945,157.62705993652344,185.9932861328125,1.0,136.64637756347656,200.36732482910156,1.0,129.6106414794922,198.65805053710938,0.001198305981233716,124.13153076171875,198.59507751464844,0.0009467717027291656,179.65342712402344,209.3805694580078,1.0,191.7693634033203,212.98904418945312,1.0,120.61884307861328,210.02178955078125,1.0,102.17168426513672,242.36390686035156,0.0011977952672168612,152.44654846191406,247.92100524902344,0.9999998807907104
946,157.48638916015625,185.8084259033203,1.0,136.5650634765625,200.4145050048828,1.0,129.82452392578125,198.8602752685547,0.0011448964942246675,124.1912612915039,198.70127868652344,0.001003870158456266,179.60321044921875,209.47483825683594,1.0,191.59317016601562,213.09962463378906,1.0,120.54956817626953,210.0287628173828,1.0,101.90388488769531,242.4310760498047,0.0014628975186496973,152.42352294921875,248.00181579589844,0.9999998807907104
947,157.4952850341797,185.76431274414062,1.0,136.3594512939453,200.57154846191406,1.0,129.79315185546875,198.92123413085938,0.0010521429358050227,124.2073974609375,198.78256225585938,0.0009448400232940912,179.6607666015625,209.490478515625,1.0,191.72654724121094,213.10800170898438,1.0,120.59732818603516,210.11830139160156,1.0,102.07811737060547,242.80892944335938,0.0008851998718455434,152.43055725097656,248.0341033935547,0.9999998807907104
948,156.9804229736328,186.03273010253906,1.0,136.15911865234375,200.31735229492188,1.0,129.45018005371094,198.81707763671875,0.0009622808429412544,123.8940200805664,198.61053466796875,0.0012481898302212358,179.59832763671875,209.3959503173828,1.0,191.32318115234375,213.05178833007812,1.0,120.34217834472656,209.55117797851562,1.0,101.78009796142578,242.92933654785156,0.00043701811227947474,152.14520263671875,247.79727172851562,0.9999998807907104
949,156.9049835205078,186.19459533691406,1.0,136.30787658691406,200.6035919189453,1.0,129.6044158935547,199.05604553222656,0.001001235330477357,123.91857147216797,198.86399841308594,0.001579637755639851,179.73941040039062,209.42031860351562,1.0,191.32684326171875,213.07028198242188,1.0,120.04389190673828,209.86952209472656,1.0,101.74411010742188,242.86927795410156,0.00042703343206085265,152.09689331054688,247.90911865234375,0.9999998807907104
950,156.7946319580078,186.00732421875,1.0,136.19285583496094,200.55419921875,1.0,129.6328582763672,199.06350708007812,0.0008730984409339726,123.85749053955078,198.85562133789062,0.0014226576313376427,179.79824829101562,209.4380340576172,1.0,191.39964294433594,213.12767028808594,1.0,119.8616943359375,209.8772430419922,1.0,101.27883911132812,242.91058349609375,0.0003752967168111354,152.0599365234375,247.94065856933594,0.9999998807907104
951,156.96815490722656,186.11769104003906,1.0,136.33705139160156,200.50131225585938,1.0,129.65858459472656,199.01113891601562,0.0009459560387767851,123.99349212646484,198.78965759277344,0.0014773596776649356,179.66989135742188,209.43894958496094,1.0,191.1434783935547,213.03466796875,1.0,120.00835418701172,209.7162322998047,1.0,101.35038757324219,243.16091918945312,0.00028540552011691034,152.19464111328125,247.85162353515625,0.9999998807907104
952,156.91102600097656,186.1427459716797,1.0,136.42141723632812,200.4701385498047,0.9999998807907104,129.75770568847656,198.8141632080078,0.0009476289269514382,123.93778228759766,198.6009521484375,0.0013501265784725547,179.67242431640625,209.57626342773438,1.0,191.19418334960938,213.21221923828125,1.0,120.11709594726562,209.53526306152344,1.0,101.49761962890625,243.1837615966797,0.0002786917902994901,152.22242736816406,247.93760681152344,0.9999998807907104
953,156.7939910888672,186.03517150878906,1.0,136.1954803466797,200.57852172851562,1.0,129.61746215820312,198.7005157470703,0.0010027154348790646,123.8409652709961,198.49363708496094,0.0014932964695617557,179.68113708496094,209.5965576171875,1.0,191.2084197998047,213.26808166503906,1.0,120.21871948242188,209.94439697265625,1.0,101.81368255615234,243.09144592285156,0.0003795943921431899,152.20765686035156,247.9363555908203,0.9999998807907104
954,157.00364685058594,186.08580017089844,1.0,136.58987426757812,200.85963439941406,0.9999998807907104,129.83753967285156,198.9901885986328,0.0008823713287711143,124.12899780273438,198.79783630371094,0.0013914447044953704,179.7080078125,209.56619262695312,1.0,191.35726928710938,213.18295288085938,1.0,120.54257202148438,210.1642303466797,1.0,101.6982650756836,243.03060913085938,0.00029144674772396684,152.424072265625,248.02195739746094,0.9999998807907104
955,156.98739624023438,185.8443603515625,1.0,136.34019470214844,200.47265625,1.0,129.9318084716797,198.55307006835938,0.0009852837538346648,124.07112884521484,198.2877960205078,0.0017640163423493505,179.6504669189453,209.5504608154297,1.0,191.21923828125,213.1786651611328,1.0,120.4531021118164,210.1053924560547,1.0,101.59790802001953,242.79806518554688,0.0002707111125346273,152.3638916015625,248.03125,0.9999998807907104
956,156.8733367919922,185.95553588867188,1.0,136.3115692138672,200.32882690429688,1.0,129.86964416503906,198.48709106445312,0.0010599126107990742,123.9592056274414,198.27793884277344,0.0017883128020912409,179.74383544921875,209.67050170898438,1.0,191.22329711914062,213.26840209960938,1.0,120.37319946289062,210.02838134765625,1.0,101.90771484375,243.16928100585938,0.0003887264465447515,152.5269317626953,248.0019989013672,0.9999998807907104
957,156.81793212890625,186.01608276367188,1.0,136.2028350830078,200.52114868164062,1.0,129.81854248046875,198.7449188232422,0.0010021614143624902,124.00687408447266,198.52304077148438,0.001799965975806117,179.7710418701172,209.73519897460938,1.0,191.45541381835938,213.44334411621094,1.0,120.19590759277344,210.1699981689453,1.0,101.30360412597656,242.85418701171875,0.00038505077827721834,152.58285522460938,248.016845703125,0.9999998807907104
958,156.73777770996094,186.13723754882812,1.0,136.1954803466797,200.49058532714844,1.0,129.75099182128906,198.62159729003906,0.001083132578060031,123.93916320800781,198.42379760742188,0.0016512153670191765,179.71739196777344,209.7986297607422,1.0,191.41824340820312,213.4231414794922,1.0,120.3906478881836,210.2287139892578,1.0,101.66334533691406,243.05960083007812,0.0003880224539898336,152.73452758789062,248.0758514404297,0.9999998807907104
959,157.0297393798828,186.10153198242188,1.0,136.36683654785156,200.43353271484375,1.0,129.8077392578125,198.53736877441406,0.001253468100912869,124.07239532470703,198.34527587890625,0.0019417512230575085,179.8816680908203,209.9108123779297,1.0,191.5011749267578,213.51573181152344,1.0,120.19511413574219,210.1688232421875,1.0,101.71139526367188,243.1243438720703,0.00032331375405192375,152.6829376220703,248.1561279296875,0.9999998807907104
960,157.17645263671875,186.11862182617188,1.0,136.20355224609375,200.60086059570312,1.0,129.4188995361328,198.43443298339844,0.0010797518771141768,123.94988250732422,198.5565185546875,0.0010669571347534657,179.84857177734375,210.04629516601562,1.0,191.76063537597656,213.6585235595703,1.0,120.42091369628906,210.7650604248047,1.0,101.68049621582031,243.23497009277344,0.000169287362950854,151.5898895263672,247.3216094970703,0.9999998807907104
961,157.76878356933594,186.0043487548828,1.0,136.5140380859375,200.33961486816406,1.0,129.63900756835938,198.2875213623047,0.001486587687395513,124.28777313232422,198.19137573242188,0.0011860309168696404,180.1094512939453,210.1305694580078,1.0,192.0430908203125,213.71888732910156,1.0,120.60707092285156,210.2268524169922,1.0,101.84215545654297,242.8909912109375,0.0003368039324413985,151.67935180664062,247.3279571533203,0.9999998807907104
962,157.3055877685547,186.07069396972656,1.0,136.33792114257812,200.26806640625,0.9999998807907104,129.6698760986328,198.34471130371094,0.0012619224144145846,124.22868347167969,198.35037231445312,0.001156087964773178,180.0048828125,210.11122131347656,1.0,191.93365478515625,213.65269470214844,1.0,120.50505828857422,210.1416778564453,1.0,101.70389556884766,243.0301513671875,0.00028295922675170004,151.90264892578125,247.30482482910156,0.9999998807907104
963,157.3300018310547,186.07431030273438,1.0,136.27774047851562,200.40414428710938,0.9999998807907104,129.63941955566406,198.49417114257812,0.001094225444830954,124.15990447998047,198.43910217285156,0.0011085880687460303,179.94085693359375,210.0886993408203,1.0,191.9611358642578,213.66847229003906,1.0,120.40289306640625,210.44027709960938,1.0,101.54973602294922,243.15394592285156,0.0002683272468857467,152.8145294189453,248.35227966308594,0.9999997615814209
964,157.04322814941406,186.09255981445312,1.0,136.36009216308594,200.37051391601562,1.0,129.38973999023438,198.38075256347656,0.0010824069613590837,124.05915069580078,198.3843231201172,0.001180536113679409,179.93966674804688,210.214599609375,1.0,191.90074157714844,213.71856689453125,1.0,120.4937515258789,210.3616943359375,1.0,101.64566040039062,242.90277099609375,0.00043383779120631516,152.70645141601562,248.31268310546875,0.9999998807907104
965,157.11968994140625,185.9169158935547,1.0,136.0149383544922,200.56259155273438,0.9999998807907104,129.29525756835938,198.73675537109375,0.0008088840404525399,123.84090423583984,198.77047729492188,0.0008498579263687134,179.91712951660156,210.1474609375,1.0,192.0122528076172,213.7703094482422,1.0,120.066650390625,210.5885772705078,1.0,101.87418365478516,243.2795867919922,0.0005119842826388776,152.02244567871094,247.37379455566406,0.9999998807907104
966,157.06442260742188,186.11460876464844,1.0,136.07461547851562,200.49099731445312,1.0,129.47581481933594,198.50050354003906,0.0010224228026345372,123.77120208740234,198.52976989746094,0.0012942958856001496,179.9381103515625,210.17428588867188,1.0,192.0323944091797,213.7073974609375,1.0,120.1583251953125,210.45591735839844,1.0,101.71511840820312,243.23435974121094,0.0005305686499923468,152.2303924560547,247.5100860595703,0.9999998807907104
967,157.4743194580078,185.9766387939453,1.0,136.34024047851562,200.2888946533203,1.0,129.3681182861328,198.35028076171875,0.0010961759835481644,123.86236572265625,198.5571746826172,0.0014198822900652885,179.99078369140625,210.20973205566406,1.0,191.9775390625,213.59481811523438,1.0,120.25432586669922,210.41221618652344,1.0,101.6206283569336,243.2356719970703,0.0006065802299417555,152.37660217285156,247.29782104492188,0.9999998807907104
968,157.5391845703125,186.0643310546875,1.0,136.3979949951172,200.3427276611328,0.9999998807907104,129.5908203125,198.5091552734375,0.0011541733983904123,124.03297424316406,198.72042846679688,0.001125213922932744,180.04356384277344,210.29371643066406,1.0,192.0204620361328,213.58885192871094,1.0,120.5731201171875,210.6453857421875,1.0,101.51730346679688,243.59857177734375,0.00030914193484932184,152.38926696777344,247.4580535888672,0.9999998807907104
969,157.39596557617188,186.13218688964844,1.0,136.7443084716797,200.43650817871094,0.9999998807907104,129.5880889892578,198.622802734375,0.0013118070783093572,124.0901870727539,198.65869140625,0.0012970207026228309,180.18130493164062,210.2574920654297,1.0,192.119384765625,213.59046936035156,1.0,120.60256958007812,210.48558044433594,1.0,101.64257049560547,243.36033630371094,0.00037307257298380136,152.20919799804688,247.4455108642578,0.9999998807907104
970,157.82252502441406,186.0946502685547,1.0,135.99118041992188,200.08786010742188,1.0,129.70346069335938,198.55564880371094,0.0013489723205566406,124.0740966796875,198.66917419433594,0.001662063179537654,180.0762481689453,210.28085327148438,1.0,192.13137817382812,213.5128936767578,1.0,120.48516845703125,210.26773071289062,1.0,101.52481079101562,243.0645751953125,0.0009044717880897224,152.9241180419922,248.55682373046875,0.9999998807907104
971,157.73239135742188,186.4723663330078,1.0,136.58758544921875,200.65431213378906,0.9999998807907104,129.55355834960938,199.0404052734375,0.0010541696101427078,124.10779571533203,199.05258178710938,0.0017417065100744367,180.0924835205078,210.2800750732422,1.0,192.06800842285156,213.53309631347656,1.0,120.34552764892578,210.5740203857422,1.0,101.52415466308594,242.7208251953125,0.0007063699304126203,152.85633850097656,248.17996215820312,0.9999998807907104
972,157.6943817138672,186.69749450683594,1.0,135.9412841796875,200.7017364501953,0.9999998807907104,130.07180786132812,198.98219299316406,0.0013203959679231048,124.5125961303711,198.95372009277344,0.001311004627496004,180.27406311035156,210.3252716064453,1.0,192.20626831054688,213.89942932128906,1.0,120.9730453491211,210.4235382080078,1.0,102.4793701171875,243.0632781982422,0.002234285930171609,152.6200714111328,248.12875366210938,0.9999998807907104
973,157.97064208984375,186.667236328125,1.0,136.744873046875,200.77346801757812,0.9999998807907104,129.9430694580078,199.00369262695312,0.0011274187127128243,124.27845001220703,198.98171997070312,0.0012441907310858369,180.37948608398438,210.4517059326172,1.0,192.12643432617188,213.8123016357422,1.0,120.6836929321289,210.20130920410156,1.0,102.27066802978516,243.04489135742188,0.002370719565078616,152.81259155273438,248.0306396484375,0.9999998807907104
974,157.885009765625,186.51206970214844,1.0,136.95980834960938,200.69923400878906,0.9999998807907104,130.10195922851562,198.8861541748047,0.0013182573020458221,124.40728759765625,198.70803833007812,0.0014330004341900349,180.42921447753906,210.4344024658203,1.0,192.2654571533203,213.77842712402344,1.0,120.93379211425781,210.100341796875,1.0,102.11302185058594,242.9200439453125,0.001357469824142754,152.8368377685547,248.1215057373047,0.9999998807907104
975,157.87367248535156,186.7326202392578,1.0,136.89927673339844,200.74093627929688,0.9999998807907104,129.96725463867188,198.99110412597656,0.0013186866417527199,124.34213256835938,198.9149932861328,0.0014754069270566106,180.3488311767578,210.4390411376953,1.0,192.20834350585938,213.7998809814453,1.0,120.7884750366211,210.05862426757812,1.0,102.18335723876953,242.98687744140625,0.002038820879533887,152.77139282226562,248.1678009033203,0.9999998807907104
976,158.0498046875,186.64678955078125,1.0,136.9818878173828,200.77499389648438,0.9999998807907104,129.9343719482422,198.94131469726562,0.0011772273574024439,124.39360046386719,198.89303588867188,0.0011870486196130514,180.59201049804688,210.3982696533203,1.0,192.3380889892578,213.77357482910156,1.0,120.91975402832031,210.11215209960938,1.0,102.32963562011719,243.006591796875,0.001976568717509508,152.92506408691406,248.23202514648438,0.9999998807907104
977,157.98291015625,186.60427856445312,1.0,136.90399169921875,200.76806640625,0.9999998807907104,129.91824340820312,198.8591766357422,0.0013033213326707482,124.31893157958984,198.93797302246094,0.001305878977291286,180.33712768554688,210.43936157226562,1.0,192.39088439941406,213.82952880859375,1.0,121.08467102050781,210.3415069580078,1.0,102.34770965576172,243.10885620117188,0.0016328503843396902,152.9065399169922,248.32012939453125,0.9999998807907104
978,158.01260375976562,186.4593963623047,1.0,136.96612548828125,200.81610107421875,0.9999998807907104,129.82923889160156,198.81900024414062,0.00103843177203089,124.22224426269531,198.7739715576172,0.0012573088752105832,180.4291229248047,210.398193359375,1.0,192.45640563964844,213.87635803222656,1.0,120.9996566772461,210.1730499267578,1.0,101.91100311279297,242.64768981933594,0.00215915241278708,152.85853576660156,248.3831787109375,0.9999998807907104
979,158.1856689453125,186.5172576904297,1.0,136.99948120117188,200.8450164794922,0.9999998807907104,129.8944091796875,198.71148681640625,0.001160169835202396,124.38592529296875,198.74305725097656,0.0013858823804184794,180.54454040527344,210.3314666748047,1.0,192.50698852539062,213.80624389648438,1.0,121.06544494628906,210.26344299316406,1.0,102.28359985351562,242.74319458007812,0.002249122364446521,152.90171813964844,248.4804229736328,0.9999998807907104
980,158.29840087890625,186.45925903320312,1.0,136.19491577148438,200.47341918945312,1.0,129.9568634033203,198.7874298095703,0.0011751563288271427,124.2907943725586,198.7701416015625,0.0013194624334573746,180.51039123535156,210.42881774902344,1.0,192.32855224609375,213.9156494140625,1.0,120.9169921875,210.18336486816406,1.0,102.41793060302734,242.9365692138672,0.0019179017981514335,152.9758758544922,248.5511932373047,0.9999998807907104
981,158.17025756835938,186.73904418945312,1.0,136.1870574951172,200.5974884033203,1.0,130.09576416015625,198.6834259033203,0.0014145269524306059,124.45462799072266,198.513916015625,0.0015771616017445922,180.61875915527344,210.62625122070312,1.0,192.38482666015625,213.98538208007812,1.0,121.16604614257812,210.08148193359375,1.0,102.41862487792969,242.56390380859375,0.0028582580853253603,153.04180908203125,248.4972686767578,0.9999998807907104
982,157.96743774414062,186.59478759765625,1.0,136.29676818847656,200.55442810058594,1.0,130.09304809570312,198.88433837890625,0.0012310956371948123,124.43012237548828,198.740478515625,0.0015096463030204177,180.69537353515625,210.63153076171875,1.0,192.6460418701172,214.0806427001953,1.0,121.11702728271484,210.32278442382812,1.0,102.4178695678711,242.63267517089844,0.0023300726898014545,153.22991943359375,248.5536651611328,0.9999998807907104
983,157.81222534179688,186.6663818359375,1.0,136.2180633544922,200.66519165039062,1.0,130.1127166748047,198.7537841796875,0.0012441634899005294,124.48306274414062,198.56219482421875,0.0014548273757100105,180.65701293945312,210.72183227539062,1.0,192.5859832763672,214.0695343017578,1.0,121.36197662353516,210.18905639648438,1.0,102.21699523925781,242.35943603515625,0.001088372548110783,153.06370544433594,248.49624633789062,0.9999998807907104
984,158.3154754638672,186.68594360351562,1.0,136.377197265625,200.8684844970703,0.9999998807907104,129.8853302001953,198.9592742919922,0.0011717454763129354,124.26045989990234,198.91661071777344,0.0009884480386972427,180.98599243164062,210.90994262695312,1.0,192.79849243164062,214.17636108398438,1.0,121.57675170898438,210.74960327148438,1.0,102.72630310058594,242.68887329101562,0.0012601080816239119,153.44656372070312,248.64772033691406,0.9999998807907104
985,158.45626831054688,186.62530517578125,1.0,137.1546173095703,201.05062866210938,0.9999998807907104,129.97421264648438,198.86416625976562,0.0013937638141214848,124.45594787597656,198.9433135986328,0.0012645189417526126,180.90785217285156,210.8054656982422,1.0,192.7834014892578,214.08126831054688,1.0,121.41544342041016,210.7382354736328,1.0,102.82545471191406,242.2195281982422,0.001291039981879294,153.37420654296875,248.64761352539062,0.9999998807907104
986,158.34561157226562,186.71102905273438,1.0,137.0394287109375,201.22959899902344,0.9999998807907104,130.0811309814453,198.79638671875,0.0012173454742878675,124.46090698242188,198.6227264404297,0.0013564102118834853,181.04893493652344,210.9058074951172,1.0,192.76956176757812,214.00682067871094,1.0,121.4722900390625,210.77684020996094,1.0,102.9364242553711,242.33599853515625,0.0009892776142805815,152.8826141357422,247.5902099609375,0.9999998807907104
987,158.494140625,186.31137084960938,1.0,136.5763702392578,200.67140197753906,0.9999998807907104,130.17474365234375,198.70993041992188,0.0012277207570150495,124.42840576171875,198.76361083984375,0.001748066395521164,181.0493927001953,210.70750427246094,1.0,192.78134155273438,213.9898223876953,1.0,121.4360580444336,210.74154663085938,1.0,102.75066375732422,242.31956481933594,0.0009376089437864721,152.98617553710938,247.6090850830078,0.9999998807907104
988,158.46060180664062,186.1843719482422,1.0,136.4675750732422,200.67645263671875,1.0,130.1548614501953,198.8461151123047,0.0012616412714123726,124.45370483398438,198.8888702392578,0.0014998576370999217,180.9918212890625,210.73065185546875,1.0,192.866943359375,214.05918884277344,1.0,121.23637390136719,210.84556579589844,1.0,102.97551727294922,242.57691955566406,0.0008536099339835346,153.00498962402344,247.67471313476562,0.9999998807907104
989,158.6507110595703,186.6195068359375,1.0,136.71865844726562,200.7172393798828,1.0,130.33642578125,198.8154296875,0.0014061782276257873,124.5980453491211,198.90208435058594,0.0013408533995971084,181.14772033691406,210.87594604492188,1.0,192.82530212402344,214.16358947753906,1.0,121.56432342529297,210.8417205810547,1.0,102.94213104248047,242.57418823242188,0.0008995603420771658,153.05581665039062,247.68780517578125,0.9999998807907104
990,158.48336791992188,186.5736846923828,1.0,136.7468719482422,200.79348754882812,1.0,130.27264404296875,198.9152069091797,0.0015448983758687973,124.40928649902344,198.9888458251953,0.0012442008592188358,181.22445678710938,210.65940856933594,1.0,193.22482299804688,214.08572387695312,1.0,121.66758728027344,210.74583435058594,1.0,103.0129165649414,242.90538024902344,0.0010526898549869657,153.77438354492188,248.6619110107422,0.9999997615814209
991,158.8546905517578,186.47415161132812,1.0,136.89610290527344,200.63714599609375,1.0,130.36984252929688,199.0035858154297,0.001586449914611876,124.50648498535156,198.9338836669922,0.0014658371219411492,181.393798828125,210.8153533935547,1.0,193.46011352539062,214.06369018554688,1.0,121.77344512939453,210.33323669433594,1.0,103.06372833251953,243.20912170410156,0.0013272591168060899,153.4303741455078,248.2218780517578,0.9999997615814209
992,159.01368713378906,186.43031311035156,1.0,137.31674194335938,200.54176330566406,1.0,130.2899169921875,198.7010955810547,0.0016204804414883256,124.5057601928711,198.6634979248047,0.001306101679801941,181.4593048095703,210.83090209960938,1.0,193.4097137451172,214.2513885498047,1.0,122.05028533935547,210.27719116210938,1.0,103.17705535888672,243.17465209960938,0.0008703139028511941,153.56544494628906,248.0680694580078,0.9999997615814209
993,158.91546630859375,186.24288940429688,1.0,137.3331298828125,200.34088134765625,1.0,130.26365661621094,198.29490661621094,0.0014879750087857246,124.33683776855469,198.31430053710938,0.0013783482136204839,181.596435546875,210.90380859375,1.0,193.5817413330078,214.19044494628906,1.0,122.1155014038086,210.30540466308594,1.0,103.0063705444336,243.06524658203125,0.0010080472566187382,153.67904663085938,248.14907836914062,0.9999998807907104
994,159.10194396972656,186.36795043945312,1.0,137.60206604003906,200.464599609375,1.0,130.3314208984375,198.30335998535156,0.0016816233983263373,124.37166595458984,198.33926391601562,0.001595019013620913,181.62429809570312,210.89810180664062,1.0,193.5228729248047,214.16110229492188,1.0,122.30450439453125,210.5283660888672,1.0,103.13699340820312,242.96261596679688,0.001193526666611433,154.1337890625,248.12350463867188,0.9999998807907104
995,159.06605529785156,186.73316955566406,1.0,137.69406127929688,200.50674438476562,1.0,130.3751678466797,198.16812133789062,0.0016492238501086831,124.42024993896484,198.27728271484375,0.0018209473928436637,181.56051635742188,210.88623046875,1.0,193.45233154296875,214.1837921142578,1.0,122.45771789550781,210.38937377929688,1.0,103.30207824707031,243.01625061035156,0.0009863548912107944,153.92710876464844,248.20343017578125,0.9999998807907104
996,159.01434326171875,186.69216918945312,1.0,137.59207153320312,200.7276611328125,1.0,130.31118774414062,198.3412322998047,0.0015373454662039876,124.58598327636719,198.2346649169922,0.0014715931611135602,181.53221130371094,211.00579833984375,1.0,193.34312438964844,214.13873291015625,1.0,122.69024658203125,210.48004150390625,1.0,103.00033569335938,242.71751403808594,0.0007193369092419744,153.98179626464844,247.93527221679688,0.9999998807907104
997,158.98196411132812,186.74058532714844,1.0,137.58883666992188,200.75067138671875,1.0,130.321044921875,198.3697052001953,0.001517696538940072,124.37360382080078,198.46669006347656,0.0013767849886789918,181.5753936767578,211.0957794189453,1.0,193.66702270507812,214.29498291015625,1.0,122.548828125,210.59371948242188,1.0,103.37628936767578,243.01596069335938,0.000892364711035043,153.87124633789062,247.99009704589844,0.9999998807907104
998,159.13333129882812,186.5321044921875,1.0,137.7825164794922,200.4654541015625,1.0,130.14340209960938,198.31863403320312,0.0014804446836933494,124.17459869384766,198.49951171875,0.001433966332115233,181.7104034423828,211.04917907714844,1.0,193.65298461914062,214.35836791992188,1.0,122.25550842285156,210.33642578125,1.0,103.28382110595703,242.9847869873047,0.0007914354209788144,153.8636474609375,247.98989868164062,0.9999998807907104
999,159.42599487304688,186.74395751953125,1.0,137.96334838867188,200.46090698242188,1.0,130.37136840820312,198.23126220703125,0.001439072540961206,124.2622299194336,198.42567443847656,0.0014307656092569232,181.7775421142578,211.1258087158203,1.0,193.83456420898438,214.44699096679688,1.0,122.37481689453125,210.2703399658203,1.0,103.3650131225586,243.03854370117188,0.0006041566375643015,153.89453125,248.0313262939453,0.9999998807907104
1000,159.51895141601562,186.90858459472656,1.0,138.1283416748047,200.6234130859375,1.0,130.36659240722656,198.2164306640625,0.0014677542494609952,124.2886962890625,198.53579711914062,0.0014165072934702039,181.6117706298828,211.23414611816406,1.0,193.68885803222656,214.4824676513672,1.0,122.56973266601562,210.55642700195312,1.0,103.25375366210938,242.7725372314453,0.0005533733055926859,153.9937286376953,247.99124145507812,0.9999998807907104
1001,159.274658203125,186.97750854492188,1.0,137.9255828857422,200.60879516601562,1.0,130.41647338867188,198.21926879882812,0.0017484464915469289,124.44671630859375,198.2639923095703,0.0015543210320174694,181.51837158203125,211.28729248046875,1.0,193.50267028808594,214.43321228027344,1.0,122.69358825683594,210.36593627929688,1.0,103.19037628173828,242.5383758544922,0.00038512126775458455,153.9288787841797,248.00396728515625,0.9999998807907104
1002,159.65635681152344,187.28994750976562,1.0,137.9923095703125,200.6826171875,1.0,130.42701721191406,198.35220336914062,0.0017824702663347125,124.48991394042969,198.4683074951172,0.0019442857010290027,181.69361877441406,211.32460021972656,1.0,193.6894073486328,214.45712280273438,1.0,122.80589294433594,210.55996704101562,1.0,103.17330169677734,242.53565979003906,0.0004074872995261103,154.12095642089844,247.9415283203125,0.9999998807907104
1003,159.6012420654297,187.29476928710938,1.0,138.054931640625,201.02035522460938,1.0,130.62937927246094,198.49514770507812,0.0019017680315300822,124.6528091430664,198.53402709960938,0.0016186753055080771,181.6947021484375,211.2070770263672,1.0,193.7887725830078,214.436767578125,1.0,123.17240905761719,210.8516387939453,1.0,103.36077880859375,243.03770446777344,0.0005839070654474199,154.16575622558594,247.86337280273438,0.9999998807907104
1004,159.7757110595703,187.27296447753906,1.0,138.0025177001953,200.9864959716797,1.0,130.6498260498047,198.72018432617188,0.0018704490503296256,124.54176330566406,198.7599334716797,0.0017679821467027068,182.1234130859375,211.22738647460938,1.0,194.32080078125,214.58981323242188,1.0,122.96895599365234,210.88128662109375,1.0,103.15253448486328,243.18804931640625,0.0004947470733895898,154.15975952148438,248.05703735351562,0.9999998807907104
1005,159.8380584716797,186.9244842529297,1.0,137.78504943847656,200.8589324951172,1.0,130.7296600341797,198.52862548828125,0.0016834096750244498,124.71675872802734,198.51547241210938,0.0015375460498034954,182.134033203125,211.2371826171875,1.0,193.86679077148438,214.19789123535156,1.0,122.99819946289062,210.93661499023438,1.0,103.61620330810547,243.39810180664062,0.0004908183473162353,154.2575225830078,248.05357360839844,0.9999998807907104
1006,160.17144775390625,187.03591918945312,1.0,137.96022033691406,200.8181915283203,1.0,130.82579040527344,198.5565185546875,0.0015467051416635513,124.59732818603516,198.54443359375,0.001594500383362174,182.4455108642578,211.2880401611328,1.0,194.5259552001953,214.22715759277344,1.0,122.95199584960938,211.12783813476562,1.0,103.54630279541016,243.02835083007812,0.0006327049341052771,154.49497985839844,247.92115783691406,0.9999998807907104
1007,160.01116943359375,187.24981689453125,1.0,137.91920471191406,200.90008544921875,1.0,130.86129760742188,198.58509826660156,0.001643878873437643,124.4092788696289,198.653076171875,0.0019092161674052477,182.5308074951172,211.03038024902344,1.0,194.5717315673828,214.13336181640625,1.0,122.85322570800781,211.04698181152344,1.0,103.67035675048828,243.10824584960938,0.0007051927968859673,154.43016052246094,248.0355682373047,0.9999998807907104
1008,159.9452362060547,186.8622283935547,1.0,138.2052764892578,200.9049530029297,1.0,130.70126342773438,198.8892822265625,0.0015622609062120318,124.36461639404297,198.62692260742188,0.0011549993650987744,182.84375,211.2018280029297,1.0,194.776611328125,214.42852783203125,1.0,122.8110580444336,210.5396270751953,1.0,103.68997955322266,242.9176483154297,0.0004782307078130543,154.6607208251953,248.27195739746094,0.9999998807907104
1009,159.88568115234375,186.7082061767578,1.0,138.04954528808594,200.83688354492188,1.0,130.7603759765625,198.6627197265625,0.0016662523848935962,124.55957794189453,198.4541473388672,0.001638441113755107,183.0723419189453,211.21324157714844,1.0,194.9672088623047,214.4686279296875,1.0,123.07421112060547,210.45115661621094,1.0,103.62503814697266,243.0773162841797,0.0008776438771747053,154.73167419433594,248.21261596679688,0.9999998807907104
1010,160.14439392089844,186.78024291992188,1.0,138.15440368652344,200.7171173095703,1.0,130.80209350585938,198.61363220214844,0.0019308580085635185,124.58173370361328,198.40841674804688,0.0017182064475491643,183.0872039794922,211.13162231445312,1.0,195.17166137695312,214.4957733154297,1.0,123.06946563720703,210.48495483398438,1.0,103.68791961669922,243.0885467529297,0.00039523933082818985,154.76454162597656,248.19253540039062,0.9999998807907104
1011,160.49658203125,186.91099548339844,1.0,138.53424072265625,200.60177612304688,1.0,130.62864685058594,198.23226928710938,0.002232927829027176,124.27473449707031,198.21026611328125,0.0019291213247925043,183.3446807861328,211.0423126220703,1.0,195.46124267578125,214.5696258544922,1.0,123.28832244873047,210.5221710205078,1.0,103.73915100097656,242.8544921875,0.0004442829522304237,154.78826904296875,248.14520263671875,0.9999998807907104
1012,160.6870880126953,186.84347534179688,1.0,138.46737670898438,200.6173553466797,1.0,130.72926330566406,198.1404571533203,0.0020231129601597786,124.27778625488281,198.23426818847656,0.0017247316427528858,183.5310821533203,211.0740966796875,1.0,195.5304718017578,214.4756622314453,1.0,123.09811401367188,210.45530700683594,1.0,103.95934295654297,242.88824462890625,0.0006162161007523537,154.8013916015625,248.167236328125,0.9999998807907104
1013,161.17906188964844,187.0814666748047,1.0,139.11732482910156,200.58900451660156,1.0,130.88519287109375,198.14810180664062,0.0018373888451606035,124.33576965332031,198.10696411132812,0.0014506238512694836,183.9261016845703,211.07891845703125,1.0,195.73512268066406,214.17691040039062,1.0,123.59709930419922,210.58248901367188,1.0,104.10382843017578,242.63629150390625,0.0004580427485052496,155.0963134765625,248.03053283691406,0.9999998807907104
1014,161.41978454589844,186.9416961669922,1.0,139.11497497558594,200.6006622314453,1.0,130.869384765625,198.12069702148438,0.0016677608946338296,124.39420318603516,198.02896118164062,0.000996899208985269,184.22010803222656,211.24742126464844,1.0,195.92950439453125,214.4078369140625,1.0,123.59883880615234,210.64540100097656,1.0,104.03828430175781,242.696044921875,0.00046072996337898076,155.12217712402344,248.04928588867188,0.9999998807907104
1015,161.36740112304688,187.03494262695312,1.0,139.2932586669922,200.6810760498047,1.0,130.82623291015625,198.11361694335938,0.001559470547363162,124.29086303710938,197.9541015625,0.0008850603480823338,184.2602081298828,211.25320434570312,1.0,196.07579040527344,214.58290100097656,1.0,123.54855346679688,210.5506591796875,1.0,103.97582244873047,242.97817993164062,0.0003135467995889485,155.03163146972656,248.10440063476562,0.9999998807907104
1016,160.9916534423828,187.023681640625,1.0,139.094482421875,200.83245849609375,1.0,130.8833770751953,198.19093322753906,0.001724507543258369,124.25175476074219,197.97698974609375,0.0009287542779929936,184.15237426757812,211.1851043701172,1.0,195.9048614501953,214.3964385986328,1.0,123.65528869628906,210.47830200195312,1.0,104.33229064941406,242.9804229736328,0.00037475008866749704,155.0506134033203,248.0314178466797,0.9999998807907104
1017,160.8141632080078,186.74368286132812,1.0,139.022216796875,200.65269470214844,1.0,130.64195251464844,198.1346893310547,0.0021900408901274204,124.35334014892578,197.80050659179688,0.0010106381960213184,184.38677978515625,211.48179626464844,1.0,196.08055114746094,214.59637451171875,1.0,124.3391342163086,209.85787963867188,1.0,104.34944915771484,243.06973266601562,0.00044932146556675434,154.9105224609375,248.2871856689453,0.9999998807907104
1018,160.91932678222656,186.83609008789062,1.0,139.0799560546875,200.65443420410156,1.0,130.7753448486328,197.8331298828125,0.0021910248324275017,124.38580322265625,197.5977020263672,0.0010533896274864674,184.23570251464844,211.51181030273438,1.0,195.93984985351562,214.67453002929688,1.0,124.50859069824219,210.01596069335938,1.0,104.29731750488281,243.21051025390625,0.00021005666349083185,154.9323272705078,248.1898651123047,0.9999998807907104
1019,161.10369873046875,186.8342742919922,1.0,139.125732421875,200.78729248046875,1.0,130.83164978027344,197.95953369140625,0.0019155043410137296,124.28649139404297,197.6756591796875,0.0010058413026854396,184.24249267578125,211.58766174316406,1.0,195.87765502929688,214.87258911132812,1.0,124.429443359375,210.16351318359375,1.0,104.59361267089844,243.18907165527344,0.00041217426769435406,155.29336547851562,248.05210876464844,0.9999998807907104
1020,161.50509643554688,187.078369140625,1.0,139.10203552246094,200.81573486328125,1.0,130.71295166015625,198.10740661621094,0.001880528638139367,124.48062133789062,198.05126953125,0.00151533680036664,184.06158447265625,211.64041137695312,1.0,196.01710510253906,215.00347900390625,1.0,123.47110748291016,210.8329620361328,1.0,104.23344421386719,243.59844970703125,0.00020332905114628375,154.76702880859375,248.38369750976562,0.9999997615814209
1021,161.24549865722656,186.96044921875,1.0,139.20443725585938,200.78759765625,1.0,130.8029327392578,198.19032287597656,0.0018982070032507181,124.64111328125,198.07362365722656,0.0013636681251227856,184.20672607421875,211.73345947265625,1.0,195.9798126220703,215.15513610839844,1.0,123.59141540527344,210.87225341796875,1.0,104.32014465332031,243.6871795654297,0.0002633997646626085,154.81227111816406,248.39486694335938,0.9999997615814209
1022,161.21624755859375,187.22271728515625,1.0,139.16256713867188,201.02560424804688,1.0,130.77491760253906,198.12965393066406,0.002055887831375003,124.71563720703125,198.05125427246094,0.001591362408362329,184.03472900390625,211.74932861328125,1.0,196.00482177734375,215.32272338867188,1.0,123.64915466308594,210.7980194091797,1.0,104.51728057861328,243.47882080078125,0.0002954631927423179,154.7947540283203,248.44752502441406,0.9999998807907104
1023,161.57205200195312,187.0891876220703,1.0,139.3180389404297,200.85733032226562,1.0,130.74029541015625,198.38368225097656,0.001618236885406077,124.53326416015625,198.2232208251953,0.0015533267287537456,184.193115234375,211.95538330078125,1.0,195.94615173339844,215.3701934814453,1.0,123.68443298339844,210.91725158691406,1.0,104.64824676513672,243.78961181640625,0.00033523314050398767,155.06300354003906,248.41709899902344,0.9999998807907104
1024,161.52491760253906,187.05255126953125,1.0,139.3777313232422,200.96060180664062,1.0,130.63255310058594,198.61984252929688,0.0013701420975849032,124.50920104980469,198.67587280273438,0.0010881900088861585,184.38893127441406,212.0926971435547,1.0,195.9757537841797,215.4393768310547,1.0,123.75148010253906,211.0760498046875,1.0,104.7814712524414,244.08416748046875,0.0002320080529898405,155.37203979492188,248.42532348632812,0.9999998807907104
1025,161.62864685058594,187.14053344726562,1.0,139.61550903320312,201.0503692626953,1.0,130.64474487304688,198.4195098876953,0.0015068951761350036,124.5239028930664,198.42506408691406,0.0011446423595771194,184.01304626464844,211.945556640625,1.0,195.98214721679688,215.380126953125,1.0,123.72872924804688,211.0413055419922,1.0,104.43748474121094,243.7686004638672,0.0003402584989089519,155.25653076171875,248.42713928222656,0.9999998807907104
1026,161.3520050048828,186.94525146484375,1.0,139.5340118408203,200.85610961914062,1.0,130.7081298828125,198.3481903076172,0.0015260165091603994,124.39665985107422,198.2946014404297,0.001066082390025258,183.92649841308594,212.05906677246094,1.0,195.84625244140625,215.4129638671875,1.0,123.6203842163086,210.80233764648438,1.0,104.41502380371094,243.88800048828125,0.0003609761188272387,155.05685424804688,248.60494995117188,0.9999997615814209
1027,161.09420776367188,186.9551544189453,1.0,139.33734130859375,200.965087890625,1.0,130.64370727539062,198.33058166503906,0.00169344840105623,124.58992767333984,198.13275146484375,0.0011653500841930509,183.9096221923828,211.98049926757812,1.0,195.8615264892578,215.4115447998047,1.0,123.78488159179688,210.8052978515625,1.0,104.35657501220703,243.87899780273438,0.0003317931841593236,154.29994201660156,248.48976135253906,0.9999998807907104
1028,160.98387145996094,186.9350128173828,1.0,139.1162872314453,200.91307067871094,1.0,130.6650848388672,198.46121215820312,0.0018581668846309185,124.59916687011719,198.22122192382812,0.0011171246878802776,184.07505798339844,212.03140258789062,1.0,196.0475616455078,215.54931640625,1.0,123.8476333618164,210.68894958496094,1.0,104.4150161743164,243.68104553222656,0.0002708474057726562,154.45330810546875,248.46697998046875,0.9999998807907104
1029,161.23013305664062,186.8292236328125,1.0,139.24745178222656,201.0234832763672,1.0,130.66665649414062,198.3721160888672,0.0020272107794880867,124.6795654296875,198.14932250976562,0.001245616003870964,184.1416015625,212.090087890625,1.0,196.0485382080078,215.6134796142578,1.0,124.18809509277344,211.186279296875,1.0,104.43187713623047,243.73764038085938,0.000321022467687726,154.445556640625,248.44851684570312,0.9999998807907104
1030,160.93959045410156,186.71670532226562,1.0,139.16110229492188,201.04006958007812,1.0,130.567138671875,198.2615203857422,0.0018011085921898484,124.64441680908203,197.9907989501953,0.0009566342923790216,184.18702697753906,212.0637969970703,1.0,196.1549072265625,215.5033416748047,1.0,124.22171783447266,211.22618103027344,1.0,104.78804779052734,243.63502502441406,0.00028417311841621995,154.46206665039062,248.42845153808594,0.9999998807907104
1031,160.91366577148438,186.96047973632812,1.0,139.34678649902344,201.06863403320312,1.0,130.64044189453125,198.27127075195312,0.001974559621885419,124.68766784667969,197.96652221679688,0.0009788506431505084,184.15782165527344,212.09327697753906,1.0,196.13221740722656,215.53823852539062,1.0,124.9662857055664,210.53453063964844,1.0,104.92986297607422,243.52285766601562,0.00028050364926457405,154.4514617919922,248.42156982421875,0.9999998807907104
1032,161.0482177734375,187.5236358642578,1.0,139.57679748535156,201.35513305664062,1.0,130.8949432373047,198.08120727539062,0.0027929951902478933,124.67422485351562,198.1058807373047,0.0016409509116783738,184.09471130371094,212.1418914794922,1.0,195.98426818847656,215.6603240966797,1.0,125.13677215576172,211.03733825683594,1.0,105.1733169555664,242.5152587890625,0.001068843761458993,155.4082489013672,248.71315002441406,0.9999998807907104
1033,160.77874755859375,187.2921600341797,1.0,139.46347045898438,201.24876403808594,1.0,130.87193298339844,198.04232788085938,0.0021326786372810602,124.64327239990234,197.89352416992188,0.001353509840555489,184.20596313476562,212.1761474609375,1.0,196.1120147705078,215.69725036621094,1.0,125.03059387207031,210.8840789794922,1.0,105.05310821533203,242.70751953125,0.0008473892230540514,155.509521484375,248.5921630859375,0.9999998807907104
1034,160.99609375,187.4954833984375,1.0,139.41539001464844,201.37979125976562,1.0,130.91152954101562,198.1509552001953,0.001862808596342802,124.61173248291016,197.95848083496094,0.0009161272901110351,184.32858276367188,212.2442169189453,1.0,196.13949584960938,215.7207489013672,1.0,124.95381927490234,210.90870666503906,1.0,104.99171447753906,242.8352508544922,0.0006874563405290246,155.62237548828125,248.53915405273438,0.9999998807907104
1035,160.93910217285156,187.37307739257812,1.0,139.4539337158203,201.24429321289062,1.0,131.02049255371094,198.2165069580078,0.0022045497316867113,124.61648559570312,198.00721740722656,0.001403279835358262,184.2543182373047,212.18942260742188,1.0,196.2371063232422,215.7600860595703,1.0,124.9131851196289,211.0038299560547,1.0,105.14598846435547,243.13099670410156,0.000545805727597326,155.52708435058594,248.59701538085938,0.9999997615814209
1036,161.067626953125,187.51983642578125,1.0,139.50277709960938,201.33335876464844,1.0,131.01527404785156,198.28140258789062,0.0018371772021055222,124.62039947509766,198.11314392089844,0.0011948528699576855,184.20191955566406,212.15785217285156,1.0,196.1300811767578,215.5557861328125,1.0,124.27478790283203,211.39060974121094,1.0,105.20183563232422,243.30255126953125,0.00067049142671749,154.39559936523438,248.37876892089844,0.9999998807907104
1037,161.0419464111328,187.42315673828125,1.0,139.4680938720703,201.36184692382812,1.0,131.11810302734375,198.1689453125,0.001929145772010088,124.62684631347656,197.90493774414062,0.0017732362030074,184.2506103515625,212.19825744628906,1.0,196.19090270996094,215.62545776367188,1.0,124.69862365722656,211.0157012939453,1.0,105.53435516357422,243.78758239746094,0.0003531599068082869,154.57632446289062,248.31358337402344,0.9999998807907104
1038,160.96026611328125,187.50474548339844,1.0,139.3855743408203,201.2253875732422,1.0,131.02101135253906,197.99745178222656,0.0019180879462510347,124.58768463134766,197.80563354492188,0.002120858058333397,184.19776916503906,212.2221221923828,1.0,196.14540100097656,215.5339813232422,1.0,123.9787368774414,211.5848388671875,1.0,105.22201538085938,243.9573211669922,0.00028631853638216853,154.6444854736328,248.4573211669922,0.9999998807907104
1039,161.14508056640625,187.47898864746094,1.0,139.26620483398438,201.36328125,1.0,131.08404541015625,198.26370239257812,0.00158256059512496,124.68480682373047,197.9524383544922,0.001165922498330474,184.286865234375,212.2965087890625,1.0,196.1114044189453,215.54302978515625,1.0,124.15161895751953,211.6250457763672,1.0,105.2729721069336,243.84071350097656,0.0002086185704683885,154.7460174560547,248.4868927001953,0.9999998807907104
1040,161.19464111328125,187.6007080078125,1.0,139.4610595703125,201.12586975097656,1.0,131.12106323242188,198.1151123046875,0.0022660023532807827,124.83558654785156,197.96653747558594,0.0017383262747898698,184.21571350097656,212.35418701171875,1.0,196.13040161132812,215.87159729003906,1.0,124.79679107666016,210.8123016357422,1.0,105.40773010253906,243.53916931152344,0.00022748172341380268,154.73841857910156,248.62545776367188,0.9999998807907104
1041,161.20382690429688,187.867431640625,1.0,139.37026977539062,201.3914794921875,1.0,131.06869506835938,198.17140197753906,0.0018913416424766183,124.64404296875,198.00735473632812,0.0015402333810925484,184.08584594726562,212.505859375,1.0,196.16661071777344,215.9561767578125,1.0,124.62229919433594,210.97315979003906,1.0,105.41498565673828,243.49903869628906,0.0003157943719998002,154.69076538085938,248.6475830078125,0.9999998807907104
1042,161.22821044921875,187.68019104003906,1.0,139.36122131347656,201.2890625,1.0,130.94163513183594,198.371337890625,0.0018692341400310397,124.46685028076172,198.22085571289062,0.001269866363145411,184.07000732421875,212.59559631347656,1.0,196.13311767578125,215.93336486816406,1.0,124.6358642578125,211.02529907226562,1.0,105.60623168945312,243.58779907226562,0.0003551097179297358,154.78648376464844,248.66107177734375,0.9999998807907104
1043,161.13755798339844,187.7100372314453,1.0,139.3598175048828,201.32177734375,1.0,130.9720916748047,198.36154174804688,0.0019795866683125496,124.48733520507812,198.1960906982422,0.0014670430682599545,184.10165405273438,212.72293090820312,1.0,196.1305389404297,216.09056091308594,1.0,124.66609954833984,210.92422485351562,1.0,105.56814575195312,243.38211059570312,0.00045215163845568895,154.74920654296875,248.65184020996094,0.9999998807907104
1044,161.0615692138672,188.2858428955078,1.0,139.3238983154297,201.85464477539062,1.0,130.8076171875,198.75714111328125,0.001857775030657649,124.5445785522461,198.57460021972656,0.0011829450959339738,183.84970092773438,212.79891967773438,1.0,195.7280731201172,216.0733642578125,1.0,124.34770202636719,211.71609497070312,1.0,105.11125183105469,242.90286254882812,0.000676690018735826,154.4568634033203,248.6610107421875,0.9999998807907104
1045,161.1370391845703,188.28680419921875,1.0,139.02024841308594,201.8593292236328,1.0,130.8607177734375,198.71128845214844,0.0018660927889868617,124.65785217285156,198.3234405517578,0.0012122783809900284,183.29798889160156,211.92677307128906,1.0,196.00347900390625,216.17286682128906,1.0,124.79470825195312,211.40313720703125,1.0,105.09870910644531,242.99290466308594,0.0006186715327203274,154.4467315673828,248.64439392089844,0.9999998807907104
1046,160.99288940429688,188.07203674316406,1.0,139.1006317138672,201.72280883789062,1.0,130.83314514160156,198.55198669433594,0.0017222302267327905,124.62542724609375,198.14962768554688,0.0009827641770243645,184.0510711669922,212.79046630859375,1.0,195.98841857910156,216.05093383789062,1.0,124.83918762207031,211.1398468017578,1.0,105.11312103271484,243.56654357910156,0.00028558436315506697,154.6438751220703,248.74533081054688,0.9999998807907104
1047,161.2041473388672,188.13128662109375,1.0,139.07217407226562,201.72994995117188,1.0,130.9598846435547,198.5327606201172,0.0017198249697685242,124.72669219970703,198.265869140625,0.00118343869689852,184.0780792236328,212.80496215820312,1.0,196.03660583496094,215.9975128173828,1.0,124.20429992675781,211.76087951660156,1.0,105.10665130615234,243.38119506835938,0.000350180605892092,154.66363525390625,248.63504028320312,0.9999998807907104
1048,161.2541961669922,188.10818481445312,1.0,139.0540771484375,201.6418914794922,1.0,130.85995483398438,198.50509643554688,0.0019698322284966707,124.81227111816406,198.29937744140625,0.0012300225207582116,184.0537109375,212.78948974609375,1.0,195.99476623535156,216.0027313232422,1.0,124.17400360107422,211.86912536621094,1.0,105.39747619628906,243.365966796875,0.0004067568515893072,154.73226928710938,248.55198669433594,0.9999998807907104
1049,161.14833068847656,188.13992309570312,1.0,138.878662109375,201.6617431640625,1.0,131.00088500976562,198.50416564941406,0.0019797084387391806,124.89675903320312,198.17959594726562,0.001153527176938951,184.09219360351562,212.68846130371094,1.0,196.0127716064453,215.93988037109375,1.0,124.16793823242188,211.74673461914062,1.0,105.28876495361328,243.33078002929688,0.00031839602161198854,154.7545623779297,248.6352081298828,0.9999998807907104
1050,161.26023864746094,188.07174682617188,1.0,138.98602294921875,201.70175170898438,1.0,130.82470703125,198.5126190185547,0.0018253782764077187,124.71707153320312,198.2687225341797,0.0011247076326981187,184.04629516601562,212.7307891845703,1.0,196.08038330078125,215.96096801757812,1.0,124.75955200195312,211.28807067871094,1.0,105.38404846191406,243.37757873535156,0.00033857845119200647,154.75958251953125,248.66903686523438,0.9999998807907104
1051,161.2558135986328,187.93812561035156,1.0,138.93914794921875,201.66998291015625,1.0,130.98226928710938,198.47442626953125,0.0017736388836055994,124.64656066894531,198.3328857421875,0.00103777798358351,184.0869598388672,212.75833129882812,1.0,196.06446838378906,216.05699157714844,1.0,124.17276763916016,211.84817504882812,1.0,105.36297607421875,243.20033264160156,0.0004660239501390606,154.8236541748047,248.74655151367188,0.9999998807907104
1052,161.4423065185547,188.03997802734375,1.0,139.05213928222656,201.4736785888672,1.0,131.0615997314453,198.4287567138672,0.0020952317863702774,124.70346069335938,198.21949768066406,0.0012794268550351262,183.37796020507812,211.9015350341797,1.0,196.27420043945312,216.18128967285156,1.0,124.76885986328125,211.22972106933594,1.0,105.29180145263672,243.32566833496094,0.0003374164807610214,154.7473907470703,248.592041015625,0.9999998807907104
1053,161.711669921875,188.4124755859375,1.0,139.21319580078125,201.66168212890625,1.0,131.0977325439453,198.3915557861328,0.0016440682811662555,124.67796325683594,198.2156982421875,0.0011563105508685112,183.51458740234375,211.8880157470703,1.0,196.4000244140625,216.1956787109375,1.0,124.85835266113281,211.13197326660156,1.0,105.436767578125,243.43612670898438,0.00023914198391139507,154.85089111328125,248.5962371826172,0.9999998807907104
1054,161.58184814453125,188.1754150390625,1.0,139.41758728027344,201.72244262695312,1.0,131.1636962890625,198.4362335205078,0.0016104555688798428,124.65779113769531,198.2250518798828,0.0013219279935583472,183.630126953125,212.0101776123047,1.0,196.4763946533203,216.21092224121094,1.0,124.85981750488281,211.31480407714844,1.0,105.4538345336914,243.37701416015625,0.00031942795612849295,155.8700408935547,248.96165466308594,0.9999998807907104
1055,161.69212341308594,188.37066650390625,1.0,139.453369140625,201.90322875976562,1.0,131.119873046875,198.45130920410156,0.0014123007422313094,201.46661376953125,212.97637939453125,0.001001407508738339,183.50570678710938,211.93702697753906,1.0,196.4798583984375,216.21682739257812,1.0,125.00094604492188,211.43777465820312,1.0,105.5914077758789,243.330322265625,0.0002291904966114089,155.79957580566406,248.98529052734375,0.9999998807907104
1056,161.3070526123047,188.45956420898438,1.0,139.37118530273438,202.07261657714844,1.0,131.08724975585938,198.43255615234375,0.0016169262817129493,124.63626098632812,198.19970703125,0.0015546008944511414,183.3258819580078,211.84568786621094,1.0,196.03326416015625,216.34423828125,1.0,125.22178649902344,211.75172424316406,1.0,105.57709503173828,243.49639892578125,0.00026980822440236807,155.05703735351562,248.75534057617188,0.9999998807907104
1057,161.33216857910156,188.2914581298828,1.0,139.3070526123047,202.09835815429688,1.0,131.15838623046875,198.85606384277344,0.0017466314602643251,124.67105865478516,198.58352661132812,0.0012823835713788867,184.03126525878906,212.2417755126953,1.0,196.07290649414062,216.39588928222656,1.0,124.98389434814453,211.78201293945312,1.0,105.68485260009766,243.81658935546875,0.00022526872635353357,155.14300537109375,248.91195678710938,0.9999998807907104
1058,161.2931365966797,188.24632263183594,1.0,139.22235107421875,202.09573364257812,1.0,131.13442993164062,198.83555603027344,0.0017053766641765833,124.65606689453125,198.59841918945312,0.0015174925792962313,184.0638427734375,212.3423309326172,1.0,196.1643524169922,216.31478881835938,1.0,124.74903869628906,211.58331298828125,1.0,105.56262969970703,243.84487915039062,0.0002593260433059186,155.22418212890625,248.84844970703125,0.9999998807907104
1059,161.40016174316406,188.04293823242188,1.0,139.43023681640625,202.02667236328125,1.0,131.19467163085938,198.77386474609375,0.0012709976872429252,124.66877746582031,198.32666015625,0.0014326486270874739,183.61273193359375,212.0148162841797,1.0,196.31065368652344,216.48585510253906,1.0,124.6980972290039,211.8880157470703,1.0,105.62062072753906,243.77244567871094,0.00034104817314073443,155.1448974609375,248.87380981445312,0.9999998807907104
1060,161.50213623046875,188.0069122314453,1.0,139.5092315673828,202.0641632080078,1.0,131.22254943847656,198.8767547607422,0.0014754413859918714,124.72111511230469,198.52505493164062,0.0015743948752060533,184.3632354736328,212.39248657226562,1.0,196.40513610839844,216.37606811523438,1.0,124.89702606201172,211.9611053466797,1.0,105.70767974853516,243.70252990722656,0.0002547393669374287,155.14356994628906,248.86618041992188,0.9999998807907104
1061,161.4514617919922,188.0216064453125,1.0,139.56405639648438,202.18130493164062,1.0,131.28709411621094,198.6973419189453,0.0017765481024980545,124.74382781982422,198.30789184570312,0.002544958610087633,184.3284454345703,212.5145721435547,1.0,196.35401916503906,216.4257354736328,1.0,124.85826110839844,212.04696655273438,1.0,105.8282470703125,243.5878448486328,0.00033429896575398743,155.2473907470703,248.93397521972656,0.9999998807907104
1062,161.5631561279297,188.11795043945312,1.0,139.41384887695312,202.0943145751953,1.0,131.1700439453125,198.75173950195312,0.001847452367655933,124.86817169189453,198.38973999023438,0.0016401235479861498,183.87020874023438,212.19189453125,1.0,196.5631103515625,216.70294189453125,1.0,125.0421371459961,211.75692749023438,1.0,105.6962890625,243.6973419189453,0.0001381586625939235,155.34536743164062,248.9405059814453,0.9999998807907104
1063,161.66136169433594,188.2034454345703,1.0,139.41514587402344,202.0518341064453,1.0,131.20181274414062,198.8461151123047,0.001812370726838708,124.72349548339844,198.49404907226562,0.0014097997918725014,184.61817932128906,212.51815795898438,1.0,196.86972045898438,216.60911560058594,1.0,125.02908325195312,211.6831817626953,1.0,105.61920166015625,243.47604370117188,0.00016756165132392198,155.1422882080078,248.77105712890625,0.9999998807907104
1064,161.9774932861328,188.1240234375,1.0,139.62391662597656,201.94540405273438,1.0,131.1690673828125,198.66159057617188,0.0019401708850637078,124.8406753540039,198.34152221679688,0.0015101194148883224,184.07553100585938,212.3370819091797,1.0,196.95729064941406,216.65232849121094,1.0,125.1558837890625,211.69656372070312,1.0,105.66522979736328,243.56996154785156,0.0002022568805841729,155.08811950683594,248.75814819335938,0.9999998807907104
1065,162.01637268066406,188.17431640625,1.0,139.76194763183594,201.94039916992188,1.0,131.0835418701172,198.70472717285156,0.001717104110866785,124.86428833007812,198.27870178222656,0.0017173460219055414,184.66879272460938,212.51632690429688,1.0,196.7521514892578,216.7315673828125,1.0,125.28631591796875,211.65524291992188,1.0,105.61266326904297,243.67001342773438,0.00012878882989753038,155.58460998535156,248.95132446289062,1.0
1066,162.01939392089844,188.2234344482422,1.0,139.73992919921875,202.16366577148438,1.0,131.28668212890625,198.57241821289062,0.0017031754832714796,124.97987365722656,198.0648193359375,0.0017273164121434093,184.67822265625,212.69366455078125,1.0,196.7064208984375,216.6759033203125,1.0,125.31996154785156,211.97491455078125,1.0,105.48458862304688,243.5596923828125,0.0001631249615456909,155.69627380371094,248.91307067871094,1.0
1067,162.04766845703125,188.3064727783203,1.0,139.81033325195312,202.10797119140625,1.0,131.27755737304688,198.61346435546875,0.0016066296957433224,124.8779067993164,198.13449096679688,0.0015490162186324596,184.80816650390625,212.6208038330078,1.0,196.8371124267578,216.83999633789062,1.0,125.41724395751953,211.9820098876953,1.0,105.70307922363281,243.65106201171875,0.00020082658738829195,155.78384399414062,249.03892517089844,1.0
1068,161.75936889648438,188.5023193359375,1.0,139.80929565429688,202.10238647460938,1.0,131.24838256835938,198.6265106201172,0.0018493921961635351,124.6490249633789,198.05812072753906,0.0013522433582693338,184.0784454345703,212.16226196289062,1.0,196.66445922851562,216.70303344726562,1.0,125.6566390991211,211.98562622070312,1.0,105.61565399169922,243.41317749023438,0.00014925957657396793,155.9570770263672,248.93699645996094,1.0
1069,161.62710571289062,188.41619873046875,1.0,139.597900390625,201.98501586914062,1.0,131.1242218017578,198.31741333007812,0.0019048897083848715,124.53900146484375,197.8468780517578,0.0013003709027543664,184.2556610107422,212.28857421875,1.0,196.88278198242188,216.74395751953125,1.0,125.5198974609375,211.76675415039062,1.0,105.72648620605469,243.61671447753906,0.0001760362065397203,156.15809631347656,248.9399871826172,1.0
1070,161.83126831054688,188.21018981933594,1.0,139.7608184814453,202.0084686279297,1.0,131.29026794433594,198.23129272460938,0.0016597091453149915,124.75704193115234,197.81109619140625,0.0011962063144892454,184.16976928710938,212.19351196289062,1.0,196.71102905273438,216.516357421875,1.0,125.57087707519531,211.74197387695312,1.0,114.48033142089844,215.32998657226562,9.948970546247438e-05,155.94219970703125,248.97315979003906,1.0
1071,161.91038513183594,188.11419677734375,1.0,139.90325927734375,201.95730590820312,1.0,130.9744873046875,198.41409301757812,0.0019561920780688524,124.5893325805664,197.97329711914062,0.0009653042070567608,184.30838012695312,212.18650817871094,1.0,196.9335174560547,216.67115783691406,1.0,125.7265396118164,211.7882843017578,1.0,105.99864196777344,243.72239685058594,0.00013838941231369972,156.1100311279297,248.93650817871094,1.0
1072,162.21060180664062,188.1754913330078,1.0,140.13031005859375,201.80331420898438,1.0,131.02761840820312,198.35903930664062,0.0020706376526504755,124.56074523925781,197.82923889160156,0.0010164750274270773,184.56114196777344,212.19015502929688,1.0,197.26673889160156,216.60067749023438,1.0,126.07622528076172,211.71702575683594,1.0,105.9366683959961,243.5762481689453,0.0001537701755296439,156.10134887695312,248.9256134033203,1.0
1073,162.23660278320312,188.30120849609375,1.0,140.1068572998047,201.75001525878906,1.0,131.31686401367188,198.3427734375,0.0017208247445523739,124.71526336669922,197.87571716308594,0.0010707220062613487,184.54547119140625,212.21702575683594,1.0,197.26454162597656,216.63340759277344,1.0,125.81214904785156,211.91725158691406,1.0,106.10801696777344,243.7364044189453,0.00012665535905398428,156.0274658203125,248.9375762939453,1.0
1074,161.97772216796875,188.24160766601562,1.0,139.9971160888672,201.965576171875,1.0,131.5136260986328,198.56019592285156,0.0019150357693433762,124.83264923095703,198.0548095703125,0.001121730892919004,184.34625244140625,212.18849182128906,1.0,197.06781005859375,216.52220153808594,1.0,125.99321746826172,212.31321716308594,1.0,114.52824401855469,215.72293090820312,0.00011097376409452409,156.22325134277344,248.97239685058594,1.0
1075,162.2162628173828,188.333251953125,1.0,139.8519744873047,202.0888214111328,1.0,131.48617553710938,198.7220458984375,0.002220498863607645,124.89366149902344,198.1610107421875,0.0014197836862877011,184.4090576171875,212.31265258789062,1.0,197.0970916748047,216.53970336914062,1.0,125.82644653320312,212.14303588867188,1.0,106.14529418945312,243.3816375732422,0.00014609587378799915,156.12454223632812,248.9124298095703,1.0
1076,162.0382537841797,188.2642059326172,1.0,139.8478546142578,202.09071350097656,1.0,131.30435180664062,198.47152709960938,0.0018753354670479894,124.68168640136719,197.93936157226562,0.0012932349927723408,184.55625915527344,212.42103576660156,1.0,197.31484985351562,216.66749572753906,1.0,125.73880004882812,211.95541381835938,1.0,106.1519546508789,243.56031799316406,9.344877616968006e-05,156.12611389160156,248.99928283691406,1.0
1077,161.9473876953125,188.34547424316406,1.0,139.77349853515625,201.94253540039062,1.0,131.21844482421875,198.47877502441406,0.0020617367699742317,124.76166534423828,198.08294677734375,0.0014083257410675287,184.5872802734375,212.2201690673828,1.0,197.42515563964844,216.5645751953125,1.0,125.76522827148438,211.67837524414062,1.0,106.0693588256836,243.40501403808594,0.00016928672266658396,155.95094299316406,248.83522033691406,1.0
1078,161.686279296875,188.17539978027344,1.0,139.6147003173828,201.9867401123047,1.0,131.17234802246094,198.4535369873047,0.002357067773118615,124.68194580078125,198.13169860839844,0.0015158331952989101,184.59295654296875,212.12098693847656,1.0,197.5628204345703,216.64340209960938,1.0,125.6495361328125,211.83946228027344,1.0,106.01414489746094,243.28860473632812,0.00017023057444021106,155.94677734375,248.91360473632812,1.0
1079,161.7284698486328,188.06304931640625,1.0,139.60415649414062,202.00289916992188,1.0,131.38131713867188,198.60723876953125,0.002396521158516407,124.77693176269531,197.9882354736328,0.0018958550645038486,184.467529296875,212.06320190429688,1.0,197.39830017089844,216.62062072753906,1.0,125.73054504394531,212.00143432617188,1.0,106.19004821777344,243.7820281982422,0.0001797830336727202,155.97412109375,248.9814453125,1.0
1080,162.00123596191406,188.00979614257812,1.0,139.97738647460938,202.28404235839844,1.0,131.4188690185547,198.71759033203125,0.0015045697800815105,125.1584701538086,198.37046813964844,0.0014774827286601067,184.33370971679688,212.4888458251953,1.0,197.13746643066406,216.9114227294922,1.0,125.95171356201172,212.28646850585938,1.0,110.33307647705078,241.7391357421875,0.0002668058150447905,155.97230529785156,249.02761840820312,1.0
1081,162.27317810058594,188.1962127685547,1.0,140.03421020507812,202.35023498535156,1.0,131.60877990722656,198.89280700683594,0.001806741114705801,125.28413391113281,198.47117614746094,0.0018240633653476834,184.416015625,212.33375549316406,1.0,197.28762817382812,216.76039123535156,1.0,126.00128173828125,212.5019073486328,1.0,110.68998718261719,242.1786346435547,0.000114818787551485,155.87278747558594,249.01051330566406,0.9999998807907104
1082,162.38214111328125,188.41001892089844,1.0,140.0771942138672,202.24169921875,1.0,131.437744140625,198.68125915527344,0.0017189434729516506,125.12935638427734,198.35093688964844,0.0017611040966585279,184.4751739501953,212.38299560546875,1.0,197.3389892578125,216.76715087890625,1.0,125.96912384033203,212.17373657226562,1.0,106.11370849609375,243.6319580078125,0.00011699707101797685,156.1904296875,249.11460876464844,0.9999998807907104
1083,162.3571014404297,188.47402954101562,1.0,140.0966796875,202.29676818847656,1.0,131.28604125976562,198.97109985351562,0.0018032204825431108,124.77131652832031,198.55137634277344,0.0016368312062695622,184.38864135742188,212.30136108398438,1.0,197.26097106933594,216.7950439453125,1.0,125.78618621826172,212.25872802734375,1.0,110.7325439453125,241.9812469482422,0.00015956631978042424,155.92665100097656,249.0457763671875,0.9999998807907104
1084,162.26795959472656,188.40463256835938,1.0,140.0905303955078,202.2676544189453,1.0,131.36529541015625,198.8329620361328,0.001508916262537241,124.93029022216797,198.49325561523438,0.0015617543831467628,184.46878051757812,212.25323486328125,1.0,197.3695831298828,216.7330780029297,1.0,125.58404541015625,212.29734802246094,1.0,110.8379135131836,242.1263427734375,0.00012262698146514595,155.9242706298828,249.05467224121094,0.9999998807907104
1085,162.37457275390625,188.45726013183594,1.0,140.07192993164062,202.2555694580078,1.0,131.46929931640625,198.89739990234375,0.0015444910386577249,125.03746032714844,198.29144287109375,0.0016742574516683817,184.63214111328125,212.43214416503906,1.0,197.4483184814453,216.85516357421875,1.0,125.61138916015625,212.27542114257812,1.0,110.71722412109375,241.8243865966797,0.00019327674817759544,155.9844970703125,249.02096557617188,1.0
1086,162.0696258544922,188.58523559570312,1.0,140.1312713623047,202.17153930664062,1.0,131.50894165039062,198.9314727783203,0.0015243478119373322,125.0425033569336,198.39352416992188,0.0018288071732968092,184.79669189453125,212.4593048095703,1.0,197.44386291503906,216.75729370117188,1.0,125.46187591552734,212.32717895507812,1.0,106.0423812866211,243.5446319580078,0.00017197479610331357,156.11419677734375,248.8612518310547,1.0
1087,161.97381591796875,188.44540405273438,1.0,140.22622680664062,202.09649658203125,1.0,131.52110290527344,198.80397033691406,0.0014754560543224216,124.87218475341797,198.2706756591797,0.001546467305161059,184.68214416503906,212.43115234375,1.0,197.33128356933594,216.65570068359375,1.0,125.54598999023438,212.20176696777344,1.0,105.8859634399414,243.31777954101562,0.00015784632705617696,156.14520263671875,248.82357788085938,1.0
1088,162.05947875976562,188.5081329345703,1.0,140.04515075683594,202.1460723876953,1.0,131.59519958496094,198.91744995117188,0.0015103474725037813,125.05887603759766,198.38523864746094,0.001963979098945856,184.71563720703125,212.45205688476562,1.0,197.31553649902344,216.7365264892578,1.0,125.37258911132812,212.5052032470703,1.0,106.04841613769531,243.3979034423828,0.00014776151510886848,156.26683044433594,248.76071166992188,1.0
1089,162.39955139160156,188.56906127929688,1.0,140.0253448486328,202.2705841064453,1.0,131.51246643066406,198.7808074951172,0.0015628732508048415,125.04170989990234,198.22634887695312,0.001624816213734448,184.51547241210938,212.3043212890625,1.0,197.22166442871094,216.63107299804688,1.0,125.75851440429688,212.50360107421875,1.0,106.17784118652344,243.70411682128906,0.00014708100934512913,156.1494140625,248.797119140625,1.0
1090,162.56349182128906,188.55874633789062,1.0,140.20748901367188,202.1948699951172,1.0,131.3379364013672,198.8634490966797,0.0016789112705737352,124.90330505371094,198.37013244628906,0.0012347226729616523,184.51173400878906,212.26519775390625,1.0,197.27291870117188,216.630859375,1.0,125.72804260253906,212.39239501953125,1.0,106.34767150878906,243.54078674316406,0.00018091799574904144,156.2142333984375,248.85784912109375,1.0
1091,162.4766845703125,188.47442626953125,1.0,140.1560821533203,202.25096130371094,1.0,131.3019561767578,198.74562072753906,0.0016978458734229207,124.84429931640625,198.34556579589844,0.001322434633038938,184.62892150878906,212.22451782226562,1.0,197.428955078125,216.46337890625,1.0,125.6925048828125,212.41534423828125,1.0,106.23807525634766,243.58792114257812,0.00016283264267258346,156.4025115966797,248.84877014160156,1.0
1092,162.10096740722656,188.00721740722656,1.0,140.52992248535156,201.90283203125,1.0,131.22125244140625,198.35926818847656,0.0014743233332410455,124.92257690429688,197.80015563964844,0.0009720238158479333,184.81944274902344,212.36343383789062,1.0,197.81480407714844,216.478271484375,1.0,126.1241683959961,211.91981506347656,1.0,106.0197525024414,243.908447265625,9.350680193165317e-05,156.12515258789062,248.97877502441406,0.9999998807907104
1093,162.37184143066406,188.08363342285156,1.0,140.3982696533203,201.8423614501953,1.0,131.4448699951172,198.28672790527344,0.0015234772581607103,125.06627655029297,197.71604919433594,0.001213819719851017,184.82691955566406,212.2450408935547,1.0,197.76644897460938,216.4679718017578,1.0,126.03709411621094,212.10487365722656,1.0,114.69793701171875,215.347412109375,0.00011057289520977065,156.2091522216797,248.90896606445312,0.9999998807907104
1094,162.3596954345703,188.1309814453125,1.0,140.46092224121094,202.04063415527344,1.0,131.26104736328125,198.29220581054688,0.0012829374754801393,124.76502990722656,197.8993682861328,0.0013502840884029865,184.67727661132812,212.30526733398438,1.0,197.65892028808594,216.510009765625,1.0,125.8819580078125,212.12513732910156,1.0,106.49406433105469,243.62547302246094,0.00014895803178660572,156.24111938476562,248.7634735107422,0.9999998807907104
1095,162.40980529785156,188.0941162109375,1.0,140.33213806152344,202.02737426757812,1.0,131.44015502929688,198.3206024169922,0.0013978553470224142,125.04244995117188,197.85089111328125,0.0014412433374673128,184.6710662841797,212.1903076171875,1.0,197.69432067871094,216.5770263671875,1.0,125.90271759033203,212.11021423339844,1.0,106.37020111083984,243.7332305908203,0.0001912461157189682,156.0801544189453,248.9612274169922,0.9999998807907104
1096,162.32696533203125,188.11044311523438,1.0,140.41650390625,201.88790893554688,1.0,131.50418090820312,197.899658203125,0.0014569014310836792,124.872802734375,197.6451873779297,0.0014496337389573455,184.67730712890625,212.23097229003906,1.0,197.7896270751953,216.5973663330078,1.0,125.89508056640625,212.123291015625,1.0,106.30772399902344,243.8668975830078,0.0001475228782510385,156.0061492919922,248.96987915039062,0.9999998807907104
1097,162.41265869140625,188.22047424316406,1.0,140.41464233398438,201.8565216064453,1.0,131.48448181152344,198.12176513671875,0.0013357435818761587,125.06132507324219,197.82406616210938,0.0014247605577111244,184.70663452148438,212.16415405273438,1.0,197.7424774169922,216.43431091308594,1.0,126.09391021728516,211.98086547851562,1.0,110.57874298095703,242.08425903320312,0.00018665134848561138,156.083251953125,248.92327880859375,0.9999998807907104
1098,162.38937377929688,188.0257568359375,1.0,140.46331787109375,201.88668823242188,1.0,131.48377990722656,198.25869750976562,0.0014499292010441422,125.095703125,197.87168884277344,0.0012354759965091944,184.7776336669922,212.25701904296875,1.0,197.7759552001953,216.36483764648438,1.0,126.18455505371094,212.07046508789062,1.0,106.2787094116211,243.8621063232422,0.00013169166049920022,156.3361358642578,248.96807861328125,0.9999998807907104
1099,162.43386840820312,188.1434783935547,1.0,140.61337280273438,201.7797088623047,1.0,131.3424072265625,197.96096801757812,0.0012187898391857743,124.82625579833984,197.67111206054688,0.0014119376428425312,184.84144592285156,212.28419494628906,1.0,197.60572814941406,216.45950317382812,1.0,126.21568298339844,212.02316284179688,1.0,106.23574829101562,243.77947998046875,0.00013033645518589765,156.38796997070312,249.07699584960938,0.9999998807907104
1100,162.24697875976562,188.3140106201172,1.0,140.45396423339844,201.9659881591797,1.0,131.1063232421875,198.16754150390625,0.0013613232877105474,124.53683471679688,197.9830322265625,0.0010542821837589145,184.9020538330078,212.24363708496094,1.0,197.64625549316406,216.42884826660156,1.0,126.12738800048828,211.9820098876953,1.0,110.80648040771484,241.7424774169922,0.00014452367031481117,156.45416259765625,248.94082641601562,0.9999998807907104
1101,162.48001098632812,188.5801544189453,1.0,140.41673278808594,202.12564086914062,1.0,131.2532501220703,198.53466796875,0.0013122481759637594,124.68018341064453,198.44082641601562,0.0010647582821547985,184.97084045410156,212.18052673339844,1.0,197.8269805908203,216.62026977539062,1.0,126.0493392944336,212.2429962158203,1.0,110.63076782226562,241.9649658203125,0.000225067138671875,156.2305908203125,249.02902221679688,1.0
1102,162.3423309326172,188.4603729248047,1.0,140.4459686279297,201.90147399902344,1.0,131.1729736328125,198.37486267089844,0.0013429385144263506,124.5341567993164,198.22470092773438,0.0011787568219006062,184.97451782226562,212.24476623535156,1.0,197.8611602783203,216.57138061523438,1.0,125.90355682373047,212.0570068359375,1.0,110.36758422851562,241.7164764404297,0.00024945932091213763,156.17149353027344,249.05691528320312,1.0
1103,162.36907958984375,188.4671173095703,1.0,140.31153869628906,202.18841552734375,1.0,131.30384826660156,198.467529296875,0.0014699531020596623,124.76021575927734,198.22048950195312,0.0014801964862272143,185.08572387695312,212.44387817382812,1.0,197.95083618164062,216.79196166992188,1.0,125.95209503173828,212.31349182128906,1.0,110.3621826171875,241.56053161621094,0.00028470027609728277,156.1851348876953,248.99972534179688,1.0
1104,162.5040283203125,188.57879638671875,1.0,140.70265197753906,201.87832641601562,1.0,131.06402587890625,198.3813018798828,0.0016108979471027851,124.86809539794922,198.216796875,0.0009260529768653214,185.12957763671875,212.4038543701172,1.0,198.0511016845703,216.53216552734375,1.0,126.42509460449219,211.7039337158203,1.0,110.35610961914062,241.73922729492188,0.0001453935110475868,156.2427520751953,249.0521697998047,0.9999998807907104
1105,162.75685119628906,188.4145050048828,1.0,140.84629821777344,201.8845672607422,1.0,131.22573852539062,198.61798095703125,0.0014215614646673203,124.92646026611328,198.30665588378906,0.000796862062998116,185.13279724121094,212.35894775390625,1.0,198.15335083007812,216.5262451171875,1.0,126.28678131103516,211.77215576171875,1.0,110.73342895507812,241.9976806640625,0.0001403931964887306,156.25204467773438,249.06289672851562,0.9999998807907104
1106,162.43914794921875,188.571533203125,1.0,140.587890625,201.9246368408203,1.0,131.24180603027344,198.58499145507812,0.001797457574866712,200.33985900878906,213.23410034179688,0.0007472179131582379,185.0011444091797,212.32656860351562,1.0,198.10179138183594,216.6029052734375,1.0,126.39244842529297,212.10067749023438,1.0,110.56730651855469,241.95657348632812,0.000166779151186347,156.2562713623047,249.082275390625,0.9999998807907104
1107,162.49905395507812,188.72959899902344,1.0,140.6396484375,201.9351806640625,1.0,131.46153259277344,198.77658081054688,0.0019592244643718004,125.0944595336914,198.47262573242188,0.0013008230598643422,184.92599487304688,212.36024475097656,1.0,198.08738708496094,216.48916625976562,1.0,126.18351745605469,212.13836669921875,1.0,110.6766357421875,241.99575805664062,0.00017634786490816623,156.19960021972656,249.00738525390625,1.0
1108,162.4579620361328,188.63580322265625,1.0,140.53933715820312,201.87088012695312,1.0,131.20289611816406,198.67767333984375,0.0018330710008740425,124.96096801757812,198.2720184326172,0.001037077629007399,185.2075653076172,212.39117431640625,1.0,198.25949096679688,216.55746459960938,1.0,126.40314483642578,212.09295654296875,1.0,110.60083770751953,241.9164581298828,0.0002415596245555207,156.22970581054688,248.89584350585938,0.9999998807907104
1109,162.4319610595703,188.5654296875,1.0,140.583251953125,201.9364471435547,1.0,131.04624938964844,198.62315368652344,0.0013384841149672866,124.71724700927734,198.2159881591797,0.000659869285300374,185.19766235351562,212.4655303955078,1.0,198.17416381835938,216.6746826171875,1.0,126.42211151123047,212.2110595703125,1.0,110.718017578125,241.6645965576172,0.00023822895309422165,156.4158477783203,249.06832885742188,0.9999998807907104
1110,162.7245635986328,188.51377868652344,1.0,140.88037109375,201.6512451171875,1.0,130.92398071289062,198.40301513671875,0.0012922438327223063,124.67181396484375,197.97592163085938,0.0007582887192256749,185.28253173828125,212.487548828125,1.0,198.1367645263672,216.60768127441406,1.0,126.36390686035156,211.8116455078125,1.0,110.85226440429688,241.72366333007812,0.00016286043683066964,156.37440490722656,249.12908935546875,0.9999998807907104
1111,162.83433532714844,188.40574645996094,1.0,140.5065155029297,201.6298828125,1.0,130.87081909179688,198.53250122070312,0.001469648675993085,124.72029876708984,198.2431640625,0.0007229048642329872,185.22833251953125,212.4422607421875,1.0,198.10691833496094,216.78611755371094,1.0,126.34080505371094,211.84585571289062,1.0,110.77955627441406,241.86648559570312,0.000187267767614685,156.45384216308594,249.22483825683594,0.9999998807907104
1112,162.79115295410156,188.50765991210938,1.0,140.6817626953125,201.67037963867188,1.0,130.9024200439453,198.59852600097656,0.0013062371872365475,124.85314178466797,198.22784423828125,0.0006920329760760069,185.3166046142578,212.6071014404297,1.0,198.14590454101562,216.81668090820312,1.0,126.39134979248047,211.6940460205078,1.0,111.0539779663086,242.13502502441406,0.00013655071961693466,156.44439697265625,249.34364318847656,0.9999998807907104
1113,162.7883758544922,188.53941345214844,1.0,140.69708251953125,201.89254760742188,1.0,130.8345184326172,198.77902221679688,0.0012865816242992878,124.6673583984375,198.3134002685547,0.0006757468800060451,185.3047332763672,212.56942749023438,1.0,198.1827850341797,216.80140686035156,1.0,126.47473907470703,211.92526245117188,1.0,110.94510650634766,242.05418395996094,0.0001821627520257607,156.44931030273438,249.10244750976562,0.9999998807907104
1114,162.8592529296875,188.6186981201172,1.0,140.96275329589844,201.61563110351562,1.0,130.79180908203125,198.46536254882812,0.0012503118487074971,124.69056701660156,198.21998596191406,0.0006544424104504287,185.42141723632812,212.561767578125,1.0,198.29171752929688,216.88650512695312,1.0,126.5525894165039,211.8144073486328,1.0,111.02172088623047,242.21104431152344,0.00019554488244466484,156.53819274902344,248.9519500732422,0.9999998807907104
1115,162.90670776367188,188.55801391601562,1.0,140.98721313476562,201.62368774414062,1.0,130.8136749267578,198.49330139160156,0.001219017431139946,124.6317367553711,198.2092742919922,0.0007359826704487205,185.36825561523438,212.64553833007812,1.0,198.4026641845703,216.84690856933594,1.0,126.39232635498047,211.81089782714844,1.0,111.1072998046875,242.10720825195312,0.00022486894158646464,156.64389038085938,249.00393676757812,0.9999998807907104
1116,162.54969787597656,188.47804260253906,1.0,141.181640625,201.70114135742188,1.0,130.78750610351562,198.1531219482422,0.00149272580165416,124.61756896972656,197.9959259033203,0.0010738949058577418,185.3422088623047,212.65606689453125,1.0,198.14743041992188,216.83729553222656,1.0,126.7785873413086,211.42837524414062,1.0,111.27864837646484,241.49754333496094,0.00020044187840539962,156.23646545410156,248.9499053955078,0.9999998807907104
1117,162.4684295654297,188.6033935546875,1.0,141.10665893554688,201.74131774902344,1.0,130.909912109375,198.38343811035156,0.0022297047544270754,124.7618179321289,198.1026611328125,0.001723298686556518,185.27288818359375,212.6405487060547,1.0,198.03323364257812,216.86129760742188,1.0,126.70469665527344,211.8982391357422,1.0,111.22132873535156,241.32186889648438,0.00017514836508780718,156.2495574951172,248.892333984375,0.9999998807907104
1118,162.55641174316406,188.638916015625,1.0,140.9060516357422,201.95143127441406,1.0,130.93711853027344,198.40655517578125,0.0017939566168934107,124.93688201904297,198.2501220703125,0.0013594822958111763,185.12136840820312,212.6248016357422,1.0,197.8568878173828,216.88693237304688,1.0,126.81539916992188,212.0430145263672,1.0,111.40664672851562,241.5674591064453,0.0001817335287341848,156.26316833496094,248.94737243652344,0.9999998807907104
1119,162.68795776367188,188.933837890625,1.0,141.23377990722656,201.9514617919922,1.0,131.05459594726562,198.35377502441406,0.0018642268842086196,124.94850158691406,198.16526794433594,0.0012982838088646531,185.1634063720703,212.61154174804688,1.0,197.77598571777344,216.80979919433594,1.0,126.90642547607422,211.87899780273438,1.0,111.57022094726562,241.6442413330078,0.00015851388161536306,156.17298889160156,249.0928192138672,0.9999998807907104
1120,162.7511444091797,188.659912109375,1.0,141.1680450439453,202.04486083984375,1.0,130.927490234375,198.63766479492188,0.0015512679237872362,124.70751953125,198.29095458984375,0.0008141304133459926,185.18099975585938,212.66143798828125,1.0,197.8751983642578,216.90646362304688,1.0,126.84332275390625,212.0640106201172,1.0,111.49288177490234,241.92222595214844,0.00011831803567474708,156.3247528076172,249.16537475585938,0.9999998807907104
1121,162.62469482421875,188.56756591796875,1.0,141.37713623046875,202.05479431152344,1.0,130.97158813476562,198.54002380371094,0.0016043336363509297,124.71561431884766,198.06564331054688,0.0008172565721906722,185.10235595703125,212.60699462890625,1.0,197.94937133789062,216.8678436279297,1.0,126.91703033447266,212.14602661132812,1.0,111.38109588623047,241.98403930664062,0.00011545261077117175,156.40423583984375,249.0290985107422,0.9999998807907104
1122,162.77084350585938,188.7185516357422,1.0,141.2133331298828,202.08189392089844,1.0,131.00506591796875,198.68824768066406,0.0016513268928974867,124.96054077148438,198.53741455078125,0.0008822628296911716,185.1858673095703,212.60580444335938,1.0,198.00071716308594,216.9766082763672,1.0,126.83199310302734,212.07472229003906,1.0,111.2026138305664,242.01817321777344,0.00011022076068911701,156.27001953125,248.99317932128906,0.9999998807907104
1123,162.70989990234375,188.6938934326172,1.0,140.96055603027344,202.1163330078125,1.0,131.07022094726562,198.71066284179688,0.001725009293295443,125.02180480957031,198.33444213867188,0.0010609556920826435,185.23606872558594,212.63197326660156,1.0,198.0183563232422,216.93295288085938,1.0,126.8418960571289,212.1668243408203,1.0,111.50244903564453,241.95199584960938,0.00010227859456790611,156.5709991455078,249.01788330078125,0.9999998807907104
1124,162.81394958496094,188.58633422851562,1.0,141.20950317382812,201.86038208007812,1.0,130.9774932861328,198.475341796875,0.0014411968877539039,125.0132827758789,198.25653076171875,0.0009582009515725076,185.1997528076172,212.68580627441406,1.0,197.9058074951172,216.96859741210938,1.0,126.69989776611328,211.86817932128906,1.0,111.59925079345703,242.066162109375,0.0001164253699244,156.33045959472656,249.03775024414062,0.9999998807907104
1125,162.9122772216797,188.84713745117188,1.0,141.0330810546875,201.7404327392578,1.0,131.0195770263672,198.59625244140625,0.001586701488122344,124.94441223144531,198.07785034179688,0.0008853880572132766,185.2581787109375,212.7976837158203,1.0,198.00567626953125,217.09280395507812,1.0,126.27924346923828,211.54006958007812,1.0,111.27909851074219,241.91702270507812,0.00014265748905017972,156.36248779296875,248.97384643554688,0.9999998807907104
1126,162.89906311035156,188.92578125,1.0,141.09912109375,201.70692443847656,1.0,130.95350646972656,198.48269653320312,0.0016006602672860026,125.07676696777344,198.0396728515625,0.0008002090617083013,185.36778259277344,212.9051055908203,1.0,198.08834838867188,217.09646606445312,1.0,126.75749969482422,211.67059326171875,1.0,111.53331756591797,242.07530212402344,0.00023063224216457456,156.26548767089844,248.9423065185547,0.9999998807907104
1127,162.82176208496094,188.78089904785156,1.0,140.8333740234375,201.78292846679688,1.0,130.911376953125,198.40333557128906,0.001534402254037559,125.07998657226562,198.00213623046875,0.0006012350786477327,185.98562622070312,212.97677612304688,1.0,198.04966735839844,217.2376251220703,1.0,126.59654998779297,211.81814575195312,1.0,111.63521575927734,241.8632354736328,0.0002707043895497918,156.34890747070312,249.0153045654297,1.0
1128,162.9034881591797,188.84373474121094,1.0,141.1754608154297,201.90472412109375,1.0,131.07666015625,198.63938903808594,0.0015657315962016582,125.10356903076172,198.4534454345703,0.0007126611890271306,185.4036407470703,212.73495483398438,1.0,198.17185974121094,217.04000854492188,1.0,126.79669952392578,211.95040893554688,1.0,111.28826141357422,242.1608123779297,0.00021449613268487155,156.4412078857422,248.92498779296875,0.9999998807907104
1129,162.87037658691406,188.59405517578125,1.0,141.08673095703125,201.88934326171875,1.0,131.3135528564453,198.75889587402344,0.0015801505651324987,125.2790298461914,198.5040740966797,0.0008272833656519651,185.34938049316406,212.79066467285156,1.0,198.10690307617188,217.12161254882812,1.0,126.5618667602539,211.96844482421875,1.0,111.33506774902344,242.26278686523438,0.000319664686685428,156.3396453857422,248.80580139160156,0.9999998807907104
1130,163.0718536376953,188.85719299316406,1.0,141.146728515625,201.85337829589844,1.0,131.41937255859375,198.86830139160156,0.0016873471904546022,125.25254821777344,198.641845703125,0.0009179499465972185,185.60357666015625,212.8802490234375,1.0,198.29022216796875,217.3188934326172,1.0,126.4971923828125,212.06423950195312,1.0,111.55644226074219,242.16104125976562,0.00021536627900786698,156.34974670410156,248.8701629638672,0.9999998807907104
1131,163.20916748046875,188.8496551513672,1.0,141.08062744140625,201.9022674560547,1.0,131.08004760742188,198.88873291015625,0.0018244714010506868,124.88591766357422,198.7532958984375,0.0007594957132823765,185.67108154296875,212.83290100097656,1.0,198.36553955078125,217.34930419921875,1.0,126.46794891357422,212.0568389892578,1.0,115.10008239746094,215.80230712890625,0.00015558100130874664,156.46656799316406,248.92921447753906,0.9999998807907104
1132,163.2346954345703,188.69638061523438,1.0,141.5006103515625,201.585205078125,1.0,130.99246215820312,198.66339111328125,0.0016798346769064665,124.78669738769531,198.5819091796875,0.0007485431269742548,185.62420654296875,212.88975524902344,1.0,198.39488220214844,217.3512725830078,1.0,126.59966278076172,211.95408630371094,1.0,111.63822174072266,242.23995971679688,0.00018672448641154915,156.6676483154297,248.92843627929688,0.9999998807907104
1133,163.1009979248047,188.65963745117188,1.0,141.24298095703125,201.7293243408203,1.0,131.1416015625,198.62994384765625,0.0016897708410397172,124.9727554321289,198.6025390625,0.0007195217185653746,185.62893676757812,212.8667755126953,1.0,198.41944885253906,217.37149047851562,1.0,126.6527328491211,212.0931396484375,1.0,115.22085571289062,215.95704650878906,0.00015917426208034158,156.4982452392578,248.9558563232422,0.9999998807907104
1134,163.03538513183594,188.52639770507812,1.0,141.1165008544922,201.71478271484375,1.0,130.96629333496094,198.61122131347656,0.0016039022011682391,124.86808776855469,198.4573516845703,0.0006520221941173077,185.77210998535156,212.98704528808594,1.0,198.4924774169922,217.2500457763672,1.0,126.67937469482422,211.82240295410156,1.0,115.31360626220703,215.73507690429688,0.00016147788846865296,156.25006103515625,248.9474334716797,0.9999998807907104
1135,162.922607421875,188.58767700195312,1.0,141.04171752929688,201.58876037597656,1.0,131.03741455078125,198.60696411132812,0.001834166469052434,124.73649597167969,198.4569854736328,0.0007606245926581323,185.70863342285156,213.03012084960938,1.0,198.54718017578125,217.32781982421875,1.0,126.50552368164062,211.8861083984375,1.0,111.11317443847656,241.9872589111328,0.00017487934383098036,156.5751495361328,248.867919921875,0.9999998807907104
1136,162.99752807617188,188.58706665039062,1.0,141.1920928955078,201.70094299316406,1.0,131.1094207763672,198.68194580078125,0.00180751271545887,124.96200561523438,198.4481201171875,0.0007989134173840284,185.61480712890625,212.94639587402344,1.0,198.48260498046875,217.27413940429688,1.0,126.57352447509766,212.07177734375,1.0,111.16558837890625,241.87705993652344,0.00020043787662871182,156.48117065429688,248.85205078125,0.9999998807907104
1137,163.05435180664062,188.63430786132812,1.0,141.35223388671875,201.84010314941406,1.0,131.25564575195312,198.53652954101562,0.0017003678949549794,125.16281127929688,198.3122100830078,0.0009504767949692905,185.5397186279297,212.76663208007812,1.0,198.43099975585938,217.23602294921875,1.0,126.78788757324219,212.2786865234375,1.0,115.2237548828125,215.6764373779297,0.00016227357264142483,156.5059356689453,248.89942932128906,0.9999998807907104
1138,162.8953399658203,188.59632873535156,1.0,141.38169860839844,201.80062866210938,1.0,131.25254821777344,198.527099609375,0.001686531468294561,124.98455047607422,198.26101684570312,0.000682143319863826,185.49595642089844,212.84521484375,1.0,198.37557983398438,217.3185272216797,1.0,126.7292709350586,212.19046020507812,1.0,115.09136199951172,215.59632873535156,0.00017205235781148076,156.54177856445312,248.85400390625,0.9999998807907104
1139,162.9416046142578,188.58987426757812,1.0,141.53082275390625,201.9216766357422,1.0,131.15365600585938,198.74464416503906,0.0016184620326384902,124.93516540527344,198.5247344970703,0.0008023829432204366,185.56307983398438,212.90850830078125,1.0,198.39181518554688,217.38185119628906,1.0,126.7570571899414,212.27685546875,1.0,111.73632049560547,242.02999877929688,0.00017340618069283664,156.64553833007812,248.9139404296875,0.9999998807907104
1140,163.04812622070312,188.6374969482422,1.0,141.16456604003906,201.99758911132812,1.0,131.261962890625,198.75784301757812,0.0016092131845653057,125.15208435058594,198.5927734375,0.0007303376914933324,185.6836700439453,213.1514434814453,1.0,198.5164337158203,217.6575927734375,1.0,126.80888366699219,212.1458282470703,1.0,111.25020599365234,242.57974243164062,0.00011073244240833446,156.72413635253906,248.95970153808594,0.9999998807907104
1141,162.95953369140625,188.6865692138672,1.0,141.3416290283203,201.85757446289062,1.0,131.10870361328125,198.4054718017578,0.0014486090512946248,125.11588287353516,198.3643035888672,0.0007658734684810042,186.23886108398438,213.17051696777344,1.0,198.41412353515625,217.60472106933594,1.0,126.8927993774414,211.9401092529297,1.0,111.24322509765625,241.79080200195312,0.00014703486522193998,156.44351196289062,249.03675842285156,0.9999998807907104
1142,162.9961700439453,188.7527618408203,1.0,141.2836456298828,201.9291534423828,1.0,131.1326904296875,198.52516174316406,0.0013616703217849135,125.18669891357422,198.4690704345703,0.0008579848799854517,186.2374725341797,213.2232666015625,1.0,198.4267578125,217.60910034179688,1.0,126.94403839111328,212.0867156982422,1.0,111.2459945678711,241.73129272460938,0.00016642124683130533,156.39259338378906,249.06332397460938,0.9999998807907104
1143,163.15126037597656,188.8215789794922,1.0,141.4130096435547,201.94679260253906,1.0,130.98805236816406,198.50755310058594,0.0013854231219738722,125.1103515625,198.43157958984375,0.0007391205872409046,186.28468322753906,213.1903533935547,1.0,198.4508819580078,217.55393981933594,1.0,126.99732208251953,212.028076171875,1.0,111.33457946777344,241.93832397460938,0.00013610185123980045,156.42031860351562,249.15835571289062,0.9999998807907104
1144,163.10169982910156,188.8219451904297,1.0,141.14593505859375,201.93507385253906,1.0,131.29995727539062,198.51153564453125,0.0014042892726138234,125.16594696044922,198.3920440673828,0.0007387191872112453,186.1763153076172,213.31805419921875,1.0,198.3631591796875,217.6387176513672,1.0,126.85218811035156,212.3165740966797,1.0,111.38676452636719,242.10438537597656,0.00015496315609198064,156.38619995117188,249.15570068359375,0.9999998807907104
1145,163.09909057617188,188.8641357421875,1.0,140.8934783935547,202.04290771484375,1.0,131.2999267578125,198.5869598388672,0.001468510483391583,125.14218139648438,198.46490478515625,0.0007496656617149711,186.189697265625,213.25375366210938,1.0,198.31332397460938,217.61061096191406,1.0,126.89547729492188,212.4411163330078,1.0,111.52213287353516,241.97059631347656,0.00014034782361704856,156.5938262939453,249.08224487304688,0.9999998807907104
1146,163.08645629882812,188.74942016601562,1.0,140.91700744628906,202.01747131347656,1.0,131.18931579589844,198.52294921875,0.001249546417966485,200.459228515625,213.69500732421875,0.0006068357615731657,186.2077178955078,213.15916442871094,1.0,198.3789825439453,217.6342315673828,1.0,126.93097686767578,212.4163360595703,1.0,111.64910125732422,242.0657501220703,0.00016146078996825963,156.68511962890625,249.11013793945312,0.9999998807907104
1147,163.1394500732422,188.72659301757812,1.0,141.00418090820312,202.00233459472656,1.0,131.08644104003906,198.50335693359375,0.001213023904711008,200.55422973632812,213.57522583007812,0.0005513860378414392,186.33058166503906,213.0735626220703,1.0,198.43174743652344,217.64077758789062,1.0,126.9554443359375,212.26983642578125,1.0,111.47611999511719,241.94976806640625,0.00017393758753314614,156.78378295898438,249.00607299804688,1.0
1148,163.24366760253906,188.50465393066406,1.0,141.00672912597656,201.80596923828125,1.0,130.96923828125,198.4890899658203,0.0013004408683627844,125.08963012695312,198.34315490722656,0.0006097316509112716,186.5124053955078,213.12132263183594,1.0,198.7185516357422,217.79258728027344,1.0,126.8987045288086,212.0998992919922,1.0,111.23004913330078,241.87692260742188,0.00022009160602465272,156.5928955078125,249.02401733398438,1.0
1149,163.42791748046875,188.58050537109375,1.0,141.0689239501953,201.8263702392578,1.0,131.07467651367188,198.7301483154297,0.0012597180902957916,124.99455261230469,198.50177001953125,0.0006379988044500351,186.5090789794922,213.1390838623047,1.0,198.64479064941406,217.82373046875,1.0,126.8000259399414,212.35227966308594,1.0,111.2992935180664,241.98045349121094,0.00024334814224857837,156.6531524658203,249.07601928710938,1.0
1150,163.3039093017578,188.47666931152344,1.0,140.98617553710938,201.64837646484375,1.0,130.8811798095703,198.3877716064453,0.0012757726944983006,124.81568908691406,198.13107299804688,0.0008122211438603699,186.4996795654297,213.1868896484375,1.0,198.60757446289062,217.72378540039062,1.0,126.5984115600586,211.98052978515625,1.0,111.3420639038086,241.9934844970703,0.000209152334718965,156.6626739501953,249.1074676513672,0.9999998807907104
1151,163.3678741455078,188.50157165527344,1.0,140.81851196289062,201.72911071777344,1.0,130.8562469482422,198.5968475341797,0.0015930654481053352,124.8721694946289,198.38975524902344,0.0010311430087313056,185.71534729003906,213.23558044433594,1.0,198.52877807617188,217.55369567871094,1.0,126.70426177978516,212.19732666015625,1.0,111.28598022460938,241.8966064453125,0.00021660950733348727,156.63397216796875,249.19801330566406,1.0
1152,162.98927307128906,188.8717803955078,1.0,140.8712921142578,201.91629028320312,1.0,131.0839080810547,198.3443603515625,0.0016296299872919917,125.01591491699219,198.317138671875,0.0011220899177715182,186.1031951904297,213.09376525878906,1.0,198.21395874023438,217.42803955078125,1.0,126.75279998779297,211.8632354736328,1.0,114.99906158447266,215.96058654785156,0.00012415644596330822,156.9999237060547,249.31640625,0.9999998807907104
1153,162.92845153808594,188.76113891601562,1.0,140.90463256835938,201.852294921875,1.0,131.1536102294922,198.32647705078125,0.001774585573002696,125.15948486328125,198.13653564453125,0.0014673657715320587,186.1689453125,213.11888122558594,1.0,198.27391052246094,217.4712677001953,1.0,126.74392700195312,211.94937133789062,1.0,111.38182067871094,241.61940002441406,0.0001459003979107365,156.87530517578125,249.24412536621094,1.0
1154,162.916259765625,188.60406494140625,1.0,140.87823486328125,201.78158569335938,1.0,131.26339721679688,198.5066375732422,0.0017104392172768712,125.04867553710938,198.18572998046875,0.0012702394742518663,186.0651397705078,213.0471649169922,1.0,198.1855010986328,217.3705291748047,1.0,126.66643524169922,212.00465393066406,1.0,111.31101989746094,241.88015747070312,0.00012954272096976638,157.13145446777344,249.31004333496094,1.0
1155,163.0294952392578,188.67630004882812,1.0,141.00502014160156,201.7992401123047,1.0,131.2454833984375,198.734375,0.0016883380012586713,125.09069061279297,198.37437438964844,0.001343951327726245,185.40037536621094,213.10809326171875,1.0,198.2319793701172,217.28240966796875,1.0,126.62562561035156,212.2368621826172,1.0,111.45143127441406,241.8701934814453,0.00011814464232884347,157.22874450683594,249.25653076171875,0.9999998807907104
1156,162.9801025390625,188.48023986816406,1.0,140.9599609375,202.0815887451172,1.0,131.1740264892578,198.94619750976562,0.0016707463655620813,125.04035186767578,198.66314697265625,0.0010668630711734295,185.4818878173828,213.20559692382812,1.0,198.245849609375,217.3472442626953,1.0,126.8492660522461,212.53346252441406,1.0,111.51326751708984,241.85513305664062,0.00014913725317455828,156.98927307128906,249.22056579589844,1.0
1157,162.87611389160156,188.50991821289062,1.0,140.81761169433594,201.8230743408203,1.0,130.90440368652344,198.75144958496094,0.0015665488317608833,124.81649780273438,198.5550994873047,0.000889213290065527,186.0345001220703,213.06134033203125,1.0,198.32276916503906,217.20529174804688,1.0,126.73151397705078,211.9765625,1.0,111.51616668701172,241.79331970214844,0.00017389281128998846,156.81137084960938,249.20774841308594,1.0
1158,162.98753356933594,188.4384307861328,1.0,140.93765258789062,201.93463134765625,1.0,131.0323944091797,198.7353515625,0.0013133016182109714,124.7591552734375,198.64791870117188,0.0007748572970740497,186.04873657226562,213.10984802246094,1.0,198.32315063476562,217.2084197998047,1.0,126.62200164794922,212.1993865966797,1.0,111.42666625976562,241.83013916015625,0.0001611551851965487,156.84585571289062,249.2457275390625,1.0
1159,163.01800537109375,188.3741912841797,1.0,140.9763641357422,201.79196166992188,1.0,131.11032104492188,198.6630401611328,0.0013038103934377432,124.72359466552734,198.5809783935547,0.0006733274785801768,186.0767364501953,213.1373291015625,1.0,198.3450164794922,217.2412567138672,1.0,126.44901275634766,211.95794677734375,1.0,111.61730194091797,242.10775756835938,0.00014003421529196203,156.9249267578125,249.302001953125,1.0
1160,163.09146118164062,188.51776123046875,1.0,141.0915985107422,202.04562377929688,1.0,131.23016357421875,198.7529296875,0.0012598080793395638,124.85003662109375,198.60958862304688,0.0007748924545012414,186.05291748046875,213.12603759765625,1.0,198.355224609375,217.34951782226562,1.0,126.6219711303711,212.35214233398438,1.0,111.70854187011719,242.24191284179688,0.00013188330922275782,156.7781219482422,249.1739044189453,0.9999998807907104
1161,162.7925567626953,188.5498504638672,1.0,141.03382873535156,202.08624267578125,1.0,131.21176147460938,198.64013671875,0.0013859107857570052,124.75911712646484,198.5700225830078,0.000850181095302105,185.99632263183594,213.17791748046875,1.0,198.31353759765625,217.1488037109375,1.0,126.50792694091797,212.13385009765625,1.0,114.94096374511719,215.92605590820312,0.00011925114085897803,157.0364227294922,249.21238708496094,0.9999998807907104
1162,162.85235595703125,188.43702697753906,1.0,141.08926391601562,202.0294952392578,1.0,131.1050262451172,198.75990295410156,0.0013171208556741476,124.68408203125,198.5970916748047,0.0006075067794881761,186.14328002929688,213.12428283691406,1.0,198.35910034179688,217.3193817138672,1.0,126.4640884399414,212.0978240966797,1.0,111.50377655029297,242.32974243164062,0.00013199553359299898,157.1681365966797,249.38394165039062,0.9999998807907104
1163,162.89788818359375,188.358154296875,1.0,141.15252685546875,202.0302734375,1.0,131.27044677734375,198.57383728027344,0.0013653459027409554,124.80352020263672,198.41424560546875,0.0007351036765612662,186.08888244628906,213.12667846679688,1.0,198.1670684814453,217.25791931152344,1.0,126.4971694946289,211.9924774169922,1.0,114.89322662353516,215.8894500732422,0.00011716241715475917,156.85997009277344,249.25445556640625,0.9999998807907104
1164,162.5038299560547,188.65631103515625,1.0,141.14859008789062,202.33529663085938,1.0,131.36700439453125,198.61825561523438,0.0013199156383052468,124.9280776977539,198.2855987548828,0.0011151295620948076,186.28857421875,213.19895935058594,1.0,198.40582275390625,217.60906982421875,1.0,126.71569061279297,212.3866424560547,1.0,110.7898941040039,241.9105987548828,0.00020152922661509365,156.76731872558594,249.1557159423828,1.0
1165,162.5016326904297,188.6677703857422,1.0,141.1417694091797,202.13531494140625,1.0,131.19569396972656,198.46229553222656,0.0014417191268876195,124.87294006347656,198.27920532226562,0.001124379807151854,186.15966796875,213.4024658203125,1.0,198.4056854248047,217.7371368408203,1.0,126.43341827392578,212.04066467285156,1.0,110.85604095458984,241.72271728515625,0.0002696816809475422,156.70408630371094,249.28265380859375,1.0
1166,162.6495361328125,188.5161895751953,1.0,141.20118713378906,202.06350708007812,1.0,131.03619384765625,198.69967651367188,0.0012555579887703061,124.77821350097656,198.5050506591797,0.0008155042887665331,186.10072326660156,213.31784057617188,1.0,198.265869140625,217.48263549804688,1.0,126.46238708496094,212.0511932373047,1.0,110.81361389160156,241.49383544921875,0.00021718814969062805,156.7525634765625,249.17022705078125,1.0
1167,162.6442108154297,188.3490753173828,1.0,141.03916931152344,202.0117950439453,1.0,131.08404541015625,198.62298583984375,0.0015975929563865066,124.93592071533203,198.4158935546875,0.00099259614944458,186.0913848876953,213.29981994628906,1.0,198.24217224121094,217.71153259277344,1.0,126.63240051269531,212.0398712158203,1.0,110.9947280883789,241.83050537109375,0.0001839486649259925,156.80775451660156,249.27354431152344,1.0
1168,162.39520263671875,188.45594787597656,1.0,141.00904846191406,201.93399047851562,1.0,130.97079467773438,198.62359619140625,0.0015793037600815296,124.80634307861328,198.50332641601562,0.0006487929495051503,186.01358032226562,213.2985382080078,1.0,198.22994995117188,217.7042694091797,1.0,126.814697265625,211.9154510498047,1.0,110.40071868896484,238.11309814453125,0.0001584551064297557,156.78463745117188,249.2239990234375,1.0
1169,162.7350616455078,188.32249450683594,1.0,140.97955322265625,201.92147827148438,1.0,131.21688842773438,198.47616577148438,0.001458923565223813,124.84652709960938,198.4749298095703,0.0007552292081527412,186.14930725097656,213.2444305419922,1.0,198.37359619140625,217.6189727783203,1.0,126.61019134521484,212.16403198242188,1.0,115.04508972167969,215.84674072265625,0.00010512379230931401,156.81698608398438,249.20751953125,1.0
1170,162.57647705078125,188.3611297607422,1.0,141.0234375,201.94342041015625,1.0,131.2379150390625,198.45730590820312,0.0014171205693855882,124.74771881103516,198.40545654296875,0.0008789941784925759,186.24827575683594,213.24380493164062,1.0,198.50296020507812,217.5468292236328,1.0,126.38743591308594,212.22427368164062,1.0,106.47222900390625,243.51995849609375,0.00013806148490402848,156.75054931640625,249.1363067626953,1.0
1171,162.55078125,188.50787353515625,1.0,140.82684326171875,202.16738891601562,1.0,131.40029907226562,198.63963317871094,0.0015561700565740466,124.94686126708984,198.500732421875,0.0008675286080688238,186.0543975830078,213.34701538085938,1.0,198.35211181640625,217.45693969726562,1.0,126.44049072265625,212.29832458496094,1.0,110.99219512939453,241.76551818847656,0.00018222842481918633,156.6827850341797,249.174072265625,1.0
1172,162.482177734375,188.41647338867188,1.0,141.1063690185547,202.0142059326172,1.0,131.2228240966797,198.48941040039062,0.0015718918293714523,124.67870330810547,198.46755981445312,0.0007302573067136109,186.12078857421875,213.38572692871094,1.0,198.36795043945312,217.41943359375,1.0,126.33794403076172,212.20584106445312,1.0,114.86947631835938,215.80087280273438,0.00015697158232796937,156.82656860351562,249.3133544921875,1.0
1173,162.55502319335938,188.48390197753906,1.0,140.94281005859375,201.99537658691406,1.0,131.27687072753906,198.53916931152344,0.001889871433377266,124.85485076904297,198.33187866210938,0.0007758355932310224,186.1742401123047,213.43885803222656,1.0,198.54063415527344,217.4373321533203,1.0,126.56553649902344,212.09828186035156,1.0,115.03510284423828,215.85333251953125,0.00014245072088669986,156.88070678710938,249.3231201171875,1.0
1174,162.8035125732422,188.68911743164062,1.0,141.05438232421875,202.15232849121094,1.0,131.25360107421875,198.7202911376953,0.0015576606383547187,124.82041931152344,198.4940948486328,0.0007950697909109294,186.23904418945312,213.43482971191406,1.0,198.5828094482422,217.52198791503906,1.0,126.74369812011719,212.300048828125,1.0,111.57818603515625,242.1399383544922,0.0001168241651612334,156.92828369140625,249.284912109375,1.0
1175,162.96743774414062,188.78762817382812,1.0,141.2091827392578,202.1378936767578,1.0,131.13946533203125,198.57315063476562,0.0013367572100833058,124.85087585449219,198.2555389404297,0.0008541555725969374,186.4214630126953,213.45394897460938,1.0,198.72959899902344,217.5600128173828,1.0,126.73115539550781,212.1170654296875,1.0,115.05398559570312,215.71002197265625,0.00010460699559189379,156.8958740234375,249.3059539794922,1.0
1176,163.1927490234375,188.82723999023438,1.0,141.1326141357422,201.8530731201172,1.0,131.09506225585938,198.51185607910156,0.0015635525342077017,124.70094299316406,198.3848876953125,0.0009242772939614952,185.95753479003906,213.3075714111328,1.0,198.341064453125,217.39306640625,1.0,126.42974090576172,211.8359375,1.0,111.06653594970703,241.72145080566406,0.00028069253312423825,156.5704803466797,249.1059112548828,0.9999998807907104
1177,163.0117950439453,188.7914581298828,1.0,141.20309448242188,201.91162109375,1.0,131.24700927734375,198.56663513183594,0.0015366459265351295,124.95881652832031,198.3835906982422,0.0010055131278932095,186.06248474121094,213.34246826171875,1.0,198.33798217773438,217.3404998779297,1.0,126.58804321289062,212.0489044189453,1.0,111.14521789550781,241.73773193359375,0.00030671380227431655,156.5702667236328,249.2399139404297,0.9999998807907104
1178,162.85662841796875,188.78758239746094,1.0,141.11819458007812,201.9741668701172,1.0,131.37977600097656,198.4999542236328,0.0014277847949415445,125.03741455078125,198.25048828125,0.0011920756660401821,186.15719604492188,213.3101348876953,1.0,198.37486267089844,217.31748962402344,1.0,126.57540893554688,212.02108764648438,1.0,111.17378234863281,241.64535522460938,0.0002766905236057937,156.75927734375,249.25079345703125,0.9999998807907104
1179,162.56480407714844,188.7834930419922,1.0,140.90069580078125,202.04672241210938,1.0,131.3603973388672,198.4794921875,0.00128970667719841,124.9229965209961,198.1747589111328,0.00104617141187191,186.28671264648438,213.32484436035156,1.0,198.455078125,217.34674072265625,1.0,126.4234619140625,212.16976928710938,1.0,111.2454833984375,241.56906127929688,0.0002466889563947916,156.6873779296875,249.234130859375,0.9999998807907104
1180,162.65394592285156,188.76756286621094,1.0,141.07415771484375,201.98831176757812,1.0,131.113525390625,198.3323516845703,0.0012676838086917996,124.75948333740234,198.0769805908203,0.000945745559874922,185.61801147460938,213.29486083984375,1.0,198.58377075195312,217.31455993652344,1.0,126.55412292480469,212.02964782714844,1.0,111.38526916503906,241.6517791748047,0.00024459167616441846,156.66075134277344,249.2470245361328,0.9999998807907104
1181,162.54209899902344,188.77783203125,1.0,140.85690307617188,202.0277557373047,1.0,131.1101531982422,198.3768310546875,0.001305208308622241,124.69080352783203,198.07315063476562,0.0010237658862024546,185.71632385253906,213.2173309326172,1.0,198.6198272705078,217.25462341308594,1.0,126.34624481201172,211.95460510253906,1.0,111.2552490234375,241.80599975585938,0.00016538368072360754,156.64987182617188,249.33258056640625,0.9999998807907104
1182,162.41134643554688,188.7733612060547,1.0,140.9142608642578,202.3168487548828,1.0,131.084716796875,198.57562255859375,0.0012801558477804065,124.9643783569336,198.3347625732422,0.0007528662099502981,186.29371643066406,213.29205322265625,1.0,198.6204071044922,217.23635864257812,1.0,126.78462982177734,212.49363708496094,1.0,106.73282623291016,243.8547821044922,0.00012906249321531504,156.72439575195312,249.37953186035156,0.9999998807907104
1183,162.54359436035156,188.91555786132812,1.0,140.97743225097656,202.22621154785156,1.0,131.18995666503906,198.65908813476562,0.0013938979245722294,124.9163818359375,198.34671020507812,0.0011384397512301803,186.3028106689453,213.29844665527344,1.0,198.5825653076172,217.29034423828125,1.0,126.4501953125,212.20997619628906,1.0,111.36056518554688,241.60662841796875,0.00014187041961122304,156.48020935058594,249.48484802246094,0.9999998807907104
1184,162.81434631347656,188.8050079345703,1.0,140.98895263671875,201.99429321289062,1.0,131.2344512939453,198.4209747314453,0.0015569851966574788,124.86075592041016,198.09596252441406,0.001268537133000791,186.3873291015625,213.3024139404297,1.0,198.79530334472656,217.37747192382812,1.0,126.40865325927734,211.99606323242188,1.0,111.42951202392578,241.80426025390625,0.00013561385276261717,156.5284423828125,249.61932373046875,0.9999998807907104
1185,162.69432067871094,188.6085205078125,1.0,141.01028442382812,201.9612274169922,1.0,131.20248413085938,198.39572143554688,0.0014841760275885463,124.67544555664062,198.01744079589844,0.0009173160069622099,186.49337768554688,213.3434295654297,1.0,198.75132751464844,217.31663513183594,1.0,126.39785766601562,211.85740661621094,1.0,111.45854949951172,241.8824005126953,0.00014062404807191342,156.69949340820312,249.5753936767578,0.9999998807907104
1186,162.6273956298828,188.79212951660156,1.0,140.93980407714844,202.25877380371094,1.0,131.34890747070312,198.20773315429688,0.0014651630772277713,124.87297058105469,197.82763671875,0.001359686371870339,186.40867614746094,213.4254150390625,1.0,198.76329040527344,217.3773651123047,1.0,126.74839782714844,212.3038787841797,1.0,111.3973159790039,241.2450408935547,0.000165147939696908,156.6570281982422,249.4242706298828,0.9999998807907104
1187,162.76602172851562,189.1717071533203,1.0,140.98890686035156,202.31686401367188,1.0,131.47930908203125,198.5453643798828,0.0013511510333046317,124.800537109375,198.18251037597656,0.0011590210488066077,186.4010772705078,213.43093872070312,1.0,198.79153442382812,217.52073669433594,1.0,126.61521911621094,212.28485107421875,1.0,111.56753540039062,241.2541961669922,0.00015319268277380615,156.55557250976562,249.40228271484375,1.0
1188,162.6265869140625,189.44720458984375,1.0,141.33297729492188,202.6239471435547,1.0,131.3453826904297,198.86050415039062,0.0014750480186194181,124.9830551147461,198.42117309570312,0.0008315662271343172,186.40382385253906,213.68650817871094,1.0,198.75489807128906,217.81491088867188,1.0,127.11808776855469,212.3144989013672,1.0,111.5314712524414,241.2712860107422,0.00031977592152543366,156.88323974609375,249.17466735839844,1.0
1189,162.8730926513672,189.4959259033203,1.0,141.44703674316406,202.687744140625,1.0,131.438720703125,198.85940551757812,0.0012211918365210295,125.0912857055664,198.55648803710938,0.0007804065244272351,186.34933471679688,213.6543731689453,1.0,198.66128540039062,217.7533721923828,1.0,127.27750396728516,212.39669799804688,1.0,111.48633575439453,240.96775817871094,0.00032516010105609894,156.97479248046875,249.1741180419922,1.0
1190,162.61758422851562,189.57308959960938,1.0,141.37704467773438,202.70260620117188,1.0,131.36676025390625,198.87269592285156,0.0012797540985047817,125.13543701171875,198.5815887451172,0.0007829391397535801,186.24009704589844,213.5779266357422,1.0,198.62271118164062,217.7200164794922,1.0,127.36109161376953,212.33718872070312,1.0,111.65526580810547,240.91238403320312,0.00028594344621524215,156.96841430664062,249.15992736816406,1.0
1191,162.7421417236328,189.39207458496094,1.0,141.17356872558594,202.72645568847656,1.0,131.7020263671875,198.9932098388672,0.0013897073222324252,200.38967895507812,213.88917541503906,0.0006905154441483319,186.20712280273438,213.5022735595703,1.0,198.55511474609375,217.59103393554688,1.0,127.56105041503906,212.7207794189453,1.0,111.69905090332031,241.2245635986328,0.00033437515958212316,157.17288208007812,249.16123962402344,1.0
1192,162.69076538085938,189.20542907714844,1.0,141.27566528320312,202.4788818359375,1.0,131.55081176757812,198.82794189453125,0.0014232743997126818,200.43777465820312,213.8875274658203,0.0006921220337972045,186.3505096435547,213.52389526367188,1.0,198.65689086914062,217.65554809570312,1.0,127.58123016357422,212.69644165039062,1.0,111.65072631835938,240.95724487304688,0.000368185224942863,157.09193420410156,249.1650848388672,1.0
1193,162.8750762939453,189.3093719482422,1.0,141.19552612304688,202.25064086914062,1.0,131.37982177734375,198.71998596191406,0.0014990323688834906,125.08544921875,198.50169372558594,0.0007726612384431064,186.23648071289062,213.60093688964844,1.0,198.59750366210938,217.72023010253906,1.0,127.23838806152344,212.52757263183594,1.0,111.52529907226562,241.1964111328125,0.00023868637799751014,156.83853149414062,249.39894104003906,1.0
1194,162.8944854736328,189.22247314453125,1.0,141.1352996826172,202.1179656982422,1.0,131.28213500976562,198.67601013183594,0.0015762241091579199,124.87383270263672,198.5515899658203,0.000730841769836843,186.40304565429688,213.52223205566406,1.0,198.8052520751953,217.70285034179688,1.0,127.19681549072266,212.4641876220703,1.0,111.38189697265625,241.00857543945312,0.00035354626015760005,157.43130493164062,249.35520935058594,0.9999998807907104
1195,162.87139892578125,188.90049743652344,1.0,141.07037353515625,201.93492126464844,1.0,131.28135681152344,198.62677001953125,0.0013986049452796578,124.8829574584961,198.38009643554688,0.0009725138079375029,186.33880615234375,213.47996520996094,1.0,198.71009826660156,217.6187744140625,1.0,126.91209411621094,212.32177734375,1.0,111.3478775024414,241.29678344726562,0.00024379913520533592,157.38424682617188,249.35804748535156,1.0
1196,163.08038330078125,189.16644287109375,1.0,141.26718139648438,202.05697631835938,1.0,131.3491973876953,198.74301147460938,0.0015651278663426638,124.9709243774414,198.46923828125,0.000984231592155993,186.3445281982422,213.46617126464844,1.0,198.70970153808594,217.4581298828125,1.0,127.0073471069336,212.21273803710938,1.0,111.455322265625,241.62574768066406,0.00023178805713541806,157.28199768066406,249.30455017089844,1.0
1197,163.1500701904297,188.98788452148438,1.0,141.2681884765625,201.98997497558594,1.0,131.3072509765625,198.44723510742188,0.0013956737238913774,124.92723846435547,198.24371337890625,0.0008549156482331455,186.45083618164062,213.45082092285156,1.0,198.8245849609375,217.63067626953125,1.0,126.87773132324219,212.16944885253906,1.0,111.72003173828125,241.93478393554688,0.0002082004793919623,157.28033447265625,249.5309295654297,1.0
1198,162.99017333984375,189.001708984375,1.0,141.31150817871094,202.14808654785156,1.0,131.31637573242188,198.63658142089844,0.0012278733775019646,124.98698425292969,198.47348022460938,0.0007315069087781012,186.49366760253906,213.50267028808594,1.0,198.82086181640625,217.72264099121094,1.0,127.14987182617188,212.39315795898438,1.0,111.70487213134766,241.62045288085938,0.0001953341270564124,157.38223266601562,249.51394653320312,1.0
1199,163.05862426757812,188.98243713378906,1.0,141.21437072753906,202.00811767578125,1.0,131.32168579101562,198.62940979003906,0.0013005895307287574,125.12114715576172,198.4707794189453,0.0007500490755774081,186.59584045410156,213.4440155029297,1.0,198.85218811035156,217.6683807373047,1.0,127.02989959716797,212.35202026367188,1.0,111.74518585205078,241.68545532226562,0.00024578391457907856,157.39617919921875,249.4770965576172,1.0
1200,163.6723175048828,189.1026611328125,1.0,142.1265106201172,202.2594451904297,1.0,131.3121795654297,198.5692901611328,0.001107382820919156,124.6460952758789,198.53822326660156,0.0006730227614752948,186.37588500976562,213.5711669921875,1.0,198.70933532714844,217.81065368652344,1.0,126.60991668701172,212.26710510253906,1.0,112.04673767089844,241.59957885742188,0.0002737704780884087,157.1615753173828,249.23521423339844,1.0
1201,163.42425537109375,188.93865966796875,1.0,141.44570922851562,202.11764526367188,1.0,131.08746337890625,198.8955841064453,0.0012106801150366664,124.5044937133789,198.8316650390625,0.0005727310781367123,186.3523406982422,213.61595153808594,1.0,198.7020263671875,217.9999237060547,1.0,126.56268310546875,212.2071990966797,1.0,111.89539337158203,241.65919494628906,0.000169736536918208,157.20858764648438,249.34556579589844,1.0
1202,163.39602661132812,188.73594665527344,1.0,141.48562622070312,201.9083709716797,1.0,131.2146759033203,198.4871368408203,0.0012105844216421247,124.6797103881836,198.4851837158203,0.0006959884776733816,186.32456970214844,213.54547119140625,1.0,198.6280059814453,217.72943115234375,1.0,126.59043884277344,212.28982543945312,1.0,111.8939208984375,241.42686462402344,0.00020287126244511455,157.27610778808594,249.36334228515625,0.9999998807907104
1203,163.3127899169922,189.0977020263672,1.0,141.4685821533203,202.22836303710938,1.0,131.34262084960938,198.64877319335938,0.0010447829263284802,124.75657653808594,198.62741088867188,0.001010084873996675,186.37759399414062,213.52362060546875,1.0,198.75436401367188,217.8632354736328,1.0,126.37384796142578,212.2615203857422,1.0,112.2545394897461,241.6086883544922,0.00021596858277916908,157.04258728027344,249.4228973388672,1.0
1204,163.17279052734375,189.04913330078125,1.0,141.49691772460938,202.32431030273438,1.0,131.4226531982422,198.49240112304688,0.0009208215051330626,124.76701354980469,198.34657287597656,0.0011911875335499644,186.33163452148438,213.49900817871094,1.0,198.71072387695312,217.870361328125,1.0,126.21424102783203,212.270751953125,1.0,111.95233154296875,241.60330200195312,0.00016912749561015517,157.04727172851562,249.35498046875,1.0
1205,163.17799377441406,188.9799346923828,1.0,141.65017700195312,202.29168701171875,1.0,131.20668029785156,198.4397735595703,0.0008419532678090036,124.59944915771484,198.1619110107422,0.0009334121132269502,186.2670440673828,213.51605224609375,1.0,198.7091522216797,217.81610107421875,1.0,126.25838470458984,212.15982055664062,1.0,111.95551300048828,241.61532592773438,0.0001471244904678315,156.9566650390625,249.42906188964844,1.0
1206,163.2815704345703,189.09730529785156,1.0,141.66482543945312,202.41693115234375,1.0,131.43124389648438,198.5379180908203,0.0009931197855621576,124.79859161376953,198.4027862548828,0.0009934642584994435,186.27093505859375,213.58306884765625,1.0,198.7229461669922,217.82919311523438,1.0,126.49700164794922,212.6298828125,1.0,111.97850799560547,241.49569702148438,0.00017537812527734786,157.08230590820312,249.3721923828125,1.0
1207,163.30902099609375,189.14736938476562,1.0,141.52182006835938,202.65647888183594,1.0,131.45425415039062,198.68341064453125,0.0007760278531350195,124.87001037597656,198.7103729248047,0.0008639271254651248,186.2895965576172,213.50152587890625,1.0,198.6925811767578,217.85366821289062,1.0,126.26812744140625,212.77000427246094,1.0,112.04698181152344,241.76385498046875,0.00018117710715159774,156.92063903808594,249.36981201171875,1.0
1208,163.4099884033203,189.16513061523438,1.0,141.40185546875,202.57908630371094,1.0,131.2446746826172,198.66204833984375,0.0007353327819146216,124.81599426269531,198.6497344970703,0.0007729726494289935,186.25558471679688,213.43435668945312,1.0,198.57464599609375,217.83641052246094,1.0,126.22032928466797,212.5944061279297,1.0,112.0118408203125,241.8858642578125,0.00017368585395161062,156.88877868652344,249.50946044921875,1.0
1209,163.51263427734375,189.23220825195312,1.0,141.70318603515625,202.66371154785156,1.0,131.27523803710938,198.71136474609375,0.0006864677416160703,124.82978057861328,198.72479248046875,0.0007072276785038412,186.1915283203125,213.44798278808594,1.0,198.51528930664062,217.7502899169922,1.0,126.3597412109375,212.57981872558594,1.0,112.09827423095703,241.9931640625,0.00011270888353465125,156.8436737060547,249.4341583251953,1.0
1210,163.49588012695312,189.16973876953125,1.0,141.68490600585938,202.65777587890625,1.0,131.07057189941406,198.7084197998047,0.0007063476950861514,124.64590454101562,198.63140869140625,0.0006044402834959328,186.211181640625,213.4630584716797,1.0,198.33465576171875,217.73126220703125,1.0,126.51211547851562,212.50283813476562,1.0,112.2611312866211,241.94200134277344,8.909384632715955e-05,156.88055419921875,249.4920654296875,1.0
1211,163.49673461914062,189.31753540039062,1.0,141.65768432617188,202.73838806152344,1.0,131.1130828857422,198.75498962402344,0.0007449253462255001,124.66783142089844,198.67147827148438,0.0006156029994599521,186.16671752929688,213.48936462402344,1.0,198.33685302734375,217.78634643554688,1.0,126.5674819946289,212.5775146484375,1.0,112.30470275878906,241.8897247314453,0.000122640558402054,156.76304626464844,249.45396423339844,1.0
1212,162.6668243408203,189.30279541015625,1.0,141.23806762695312,202.61331176757812,1.0,131.5478057861328,198.68682861328125,0.0011101526906713843,124.99083709716797,198.5018310546875,0.001122537418268621,185.92376708984375,213.65130615234375,1.0,198.27972412109375,217.64523315429688,1.0,126.51517486572266,212.69525146484375,1.0,111.59552764892578,241.42263793945312,0.0001372968836221844,156.73268127441406,249.65896606445312,1.0
1213,162.95065307617188,189.49070739746094,1.0,141.13746643066406,202.38992309570312,1.0,131.4051055908203,198.7996063232422,0.0011642627650871873,124.90946960449219,198.74612426757812,0.0009391883504576981,186.04525756835938,213.62783813476562,1.0,198.40414428710938,217.68289184570312,1.0,126.59281921386719,212.1984100341797,1.0,111.61054229736328,241.56263732910156,0.00016823258192744106,156.8799591064453,249.64512634277344,1.0
1214,162.78990173339844,189.23226928710938,1.0,141.43699645996094,202.47425842285156,1.0,131.40859985351562,198.74136352539062,0.0012308922596275806,124.7782974243164,198.63926696777344,0.0008452534093521535,185.96075439453125,213.63775634765625,1.0,198.26876831054688,217.6965789794922,1.0,126.48506164550781,212.43173217773438,1.0,111.55906677246094,241.61378479003906,0.00020920777751598507,156.92100524902344,249.5461883544922,1.0
1215,162.90469360351562,189.21328735351562,1.0,142.0001678466797,202.42385864257812,1.0,131.42288208007812,198.46835327148438,0.0010151911992579699,124.74641418457031,198.4124298095703,0.0008616179693490267,186.06771850585938,213.61770629882812,1.0,198.3354949951172,217.7841339111328,1.0,126.69757080078125,212.36141967773438,1.0,111.421630859375,241.37327575683594,0.0002958995464723557,157.04489135742188,249.59828186035156,1.0
1216,163.04388427734375,189.5948486328125,1.0,141.79319763183594,202.7657928466797,1.0,131.49813842773438,198.71791076660156,0.000915760756470263,124.68692779541016,198.67410278320312,0.0007073942106217146,186.17520141601562,213.71104431152344,1.0,198.3695068359375,217.9244842529297,1.0,126.87095642089844,212.79493713378906,1.0,111.8294906616211,241.24591064453125,0.0002491082705091685,157.22508239746094,249.5561981201172,1.0
1217,163.16761779785156,189.64138793945312,1.0,141.65704345703125,202.69436645507812,1.0,131.3656005859375,198.68960571289062,0.0009597501484677196,124.62034606933594,198.54527282714844,0.0006489985971711576,186.24668884277344,213.67532348632812,1.0,198.50076293945312,217.87652587890625,1.0,126.81742095947266,212.6869354248047,1.0,111.87483215332031,241.3109588623047,0.00024658971233293414,157.04710388183594,249.48968505859375,1.0
1218,163.12136840820312,189.40304565429688,1.0,141.64984130859375,202.47740173339844,1.0,131.4789276123047,198.68399047851562,0.0011337725445628166,124.72553253173828,198.4331512451172,0.0007040744530968368,186.24818420410156,213.63275146484375,1.0,198.509521484375,217.7214813232422,1.0,126.89553833007812,212.7206268310547,1.0,111.56874084472656,241.2104949951172,0.0002559446729719639,157.44715881347656,249.63079833984375,1.0
1219,163.16546630859375,189.49708557128906,1.0,141.15213012695312,202.6853790283203,1.0,131.56796264648438,198.9510040283203,0.0013953808229416609,124.91111755371094,198.68618774414062,0.0009621026692911983,186.2083282470703,213.6595916748047,1.0,198.46319580078125,217.7340087890625,1.0,127.04068756103516,212.9323272705078,1.0,111.6025390625,241.0300750732422,0.0003199637867510319,157.19142150878906,249.71099853515625,1.0
1220,163.2579345703125,189.396240234375,1.0,141.58468627929688,202.3800506591797,1.0,131.34617614746094,198.9597930908203,0.0011058541713282466,124.72789764404297,198.73414611816406,0.0006174169247969985,186.34579467773438,213.6136474609375,1.0,198.47715759277344,217.66453552246094,1.0,126.94642639160156,212.71945190429688,1.0,111.86392211914062,241.1132354736328,0.0001839385076891631,157.24964904785156,249.67300415039062,1.0
1221,163.25071716308594,189.35244750976562,1.0,141.50628662109375,202.39166259765625,1.0,131.36526489257812,198.6237335205078,0.00103347422555089,124.70512390136719,198.37754821777344,0.0006711364258080721,186.3651580810547,213.596923828125,1.0,198.563232421875,217.75445556640625,1.0,126.92403411865234,212.46728515625,1.0,111.6170883178711,240.90664672851562,0.00017640907026361674,157.39141845703125,249.59756469726562,1.0
1222,163.28807067871094,189.47457885742188,1.0,141.40834045410156,202.37977600097656,1.0,131.47650146484375,198.62591552734375,0.0011955725494772196,124.8279800415039,198.3909912109375,0.0009130834368988872,186.36146545410156,213.53680419921875,1.0,198.55128479003906,217.6903076171875,1.0,126.99504852294922,212.60861206054688,1.0,111.52339172363281,240.80502319335938,0.0002072724892059341,157.2833709716797,249.4754638671875,1.0
1223,163.33746337890625,189.4497833251953,1.0,141.47329711914062,202.3119354248047,1.0,131.40625,198.5018768310547,0.0012443549931049347,124.89118194580078,198.28924560546875,0.0008111753850243986,186.39779663085938,213.55133056640625,1.0,198.66798400878906,217.75340270996094,1.0,127.29398345947266,212.52603149414062,1.0,111.50540924072266,240.86456298828125,0.00017221059533767402,157.2765655517578,249.37156677246094,1.0
1224,163.4679718017578,189.44094848632812,1.0,141.33322143554688,202.35525512695312,1.0,131.4696044921875,198.84954833984375,0.0016024139476940036,124.94673156738281,198.5465545654297,0.0012919441796839237,186.1990966796875,213.4613494873047,1.0,198.38455200195312,217.39361572265625,1.0,127.27381896972656,212.5458984375,1.0,111.24906921386719,241.0913543701172,0.00012441669241525233,157.08477783203125,249.1139678955078,1.0
1225,163.35711669921875,189.2865447998047,1.0,141.2987823486328,202.27723693847656,1.0,131.3165740966797,198.68258666992188,0.0013759867288172245,124.8883285522461,198.49769592285156,0.0011338827898725867,186.29873657226562,213.3474578857422,1.0,198.52084350585938,217.36927795410156,1.0,127.14238739013672,212.3056182861328,1.0,106.59555053710938,236.5786895751953,0.00013904388470109552,157.1235809326172,248.9002227783203,1.0
1226,163.40335083007812,189.206787109375,1.0,141.2977294921875,202.2994842529297,1.0,131.23802185058594,198.77056884765625,0.0014973341021686792,124.70947265625,198.54953002929688,0.0010277384426444769,186.43341064453125,213.3224639892578,1.0,198.5958709716797,217.33241271972656,1.0,127.25792694091797,212.57701110839844,1.0,111.50578308105469,241.03927612304688,0.00021371242473833263,157.08218383789062,248.9777374267578,1.0
1227,163.23951721191406,189.10556030273438,1.0,140.94337463378906,202.27105712890625,1.0,131.24111938476562,198.63746643066406,0.00160211103502661,124.66082763671875,198.46102905273438,0.0011035233037546277,186.2025909423828,213.36729431152344,1.0,198.6012725830078,217.4455108642578,1.0,127.03633117675781,212.7324676513672,1.0,110.97294616699219,240.88250732421875,0.00019033325952477753,157.2579345703125,249.0327911376953,1.0
1228,163.0725860595703,189.22946166992188,1.0,140.90489196777344,202.447265625,1.0,131.3468780517578,198.72940063476562,0.0020255770068615675,124.85063171386719,198.43502807617188,0.0014176543336361647,186.21546936035156,213.3719940185547,1.0,198.5778045654297,217.39878845214844,1.0,127.10356903076172,212.65208435058594,1.0,110.84455871582031,240.709228515625,0.0002598363789729774,157.2295684814453,249.0819854736328,1.0
1229,163.17681884765625,189.3158721923828,1.0,140.86972045898438,202.43568420410156,1.0,131.5011749267578,198.7514190673828,0.0021703410893678665,124.80821228027344,198.47972106933594,0.0015403853030875325,186.24391174316406,213.367431640625,1.0,198.5072021484375,217.40695190429688,1.0,127.13451385498047,212.72586059570312,1.0,110.9101333618164,240.60650634765625,0.00029826455283910036,157.26661682128906,249.10708618164062,1.0
1230,163.14334106445312,189.11997985839844,1.0,140.92636108398438,202.3564453125,1.0,131.4576416015625,198.76211547851562,0.0013394519919529557,124.80638122558594,198.43218994140625,0.0010377517901360989,186.24197387695312,213.46820068359375,1.0,198.55731201171875,217.58212280273438,1.0,126.80574035644531,212.5860595703125,1.0,110.99252319335938,241.15736389160156,0.00020315831352490932,157.25070190429688,249.16282653808594,1.0
1231,163.2012176513672,189.36398315429688,1.0,141.25515747070312,202.54220581054688,1.0,131.37965393066406,198.98904418945312,0.001477202051319182,124.68517303466797,198.65011596679688,0.0012443383457139134,186.35134887695312,213.5169219970703,1.0,198.6354522705078,217.6553192138672,1.0,126.76158905029297,212.5509033203125,1.0,111.17774963378906,240.9617919921875,0.0003135497681796551,157.36483764648438,249.11898803710938,1.0
1232,163.1643524169922,189.21739196777344,1.0,140.9611053466797,202.5435791015625,1.0,131.28668212890625,199.10824584960938,0.0011142035946249962,124.5856704711914,198.88079833984375,0.000697067123837769,186.27474975585938,213.59783935546875,1.0,198.6729736328125,217.7837371826172,1.0,126.65177917480469,212.69427490234375,1.0,111.11913299560547,241.1556854248047,0.0002696690789889544,157.2775421142578,249.2457275390625,1.0
1233,163.0604705810547,189.04795837402344,1.0,141.3149871826172,202.72567749023438,1.0,131.27273559570312,199.00039672851562,0.0012205214006826282,124.65028381347656,198.72927856445312,0.0007794488919898868,186.3218231201172,213.51364135742188,1.0,198.73260498046875,217.8243408203125,1.0,126.79031372070312,212.73138427734375,1.0,111.39080810546875,241.0829315185547,0.0002966619504150003,157.42445373535156,249.39749145507812,1.0
1234,163.14910888671875,188.97740173339844,1.0,140.85281372070312,202.39735412597656,1.0,131.24085998535156,198.81265258789062,0.0012041269801557064,124.6646728515625,198.5029296875,0.0007555305492132902,186.33885192871094,213.49851989746094,1.0,198.69284057617188,217.8162078857422,1.0,126.66974639892578,212.5849609375,1.0,111.26830291748047,241.16552734375,0.0002899111423175782,157.10958862304688,249.32875061035156,1.0
1235,163.29344177246094,188.9922637939453,1.0,141.03761291503906,202.38853454589844,1.0,131.11529541015625,198.98785400390625,0.0013275145320221782,124.62704467773438,198.6713104248047,0.0007399331661872566,186.40472412109375,213.44085693359375,1.0,198.70046997070312,217.8585968017578,1.0,126.81743621826172,212.49349975585938,1.0,111.5661849975586,241.2615966796875,0.00018812126654665917,157.28598022460938,249.34912109375,1.0
1236,163.1417999267578,189.3078155517578,1.0,141.8717498779297,202.43869018554688,1.0,131.29550170898438,198.86097717285156,0.0009626316605135798,124.84004974365234,198.49343872070312,0.0009593180730007589,186.61048889160156,213.5520782470703,1.0,199.0412139892578,217.93927001953125,1.0,126.66280364990234,212.4639129638672,1.0,111.9336929321289,241.6050262451172,0.00010178083903156221,157.2187957763672,249.44493103027344,1.0
1237,163.02012634277344,189.51251220703125,1.0,141.98272705078125,202.5787353515625,1.0,131.2540283203125,198.9322052001953,0.001058513531461358,124.72570037841797,198.6327667236328,0.0008808290585875511,186.60256958007812,213.5752716064453,1.0,198.99432373046875,217.84915161132812,1.0,126.60848999023438,212.35740661621094,1.0,106.83495330810547,243.75759887695312,0.00020051338651683182,157.32020568847656,249.41717529296875,1.0
1238,162.9902801513672,189.1587371826172,1.0,141.75076293945312,202.69740295410156,1.0,131.33721923828125,199.19100952148438,0.0008834206964820623,124.9296875,198.87380981445312,0.0007607833249494433,186.54147338867188,213.57908630371094,1.0,198.9381561279297,217.7650146484375,1.0,126.74092102050781,212.71383666992188,1.0,111.91358184814453,241.84642028808594,0.0001294957910431549,157.4475860595703,249.35940551757812,1.0
1239,162.98272705078125,189.1275634765625,1.0,141.93348693847656,202.63021850585938,1.0,131.23239135742188,199.0292205810547,0.0010126873385161161,124.75080108642578,198.76718139648438,0.0007214152719825506,186.51681518554688,213.60720825195312,1.0,198.85467529296875,217.88926696777344,1.0,126.72537231445312,212.5977783203125,1.0,111.62933349609375,241.67906188964844,0.00016098823107313365,157.22669982910156,249.23916625976562,1.0
1240,162.927490234375,189.3137664794922,1.0,141.4327392578125,202.8023223876953,1.0,131.13038635253906,198.87796020507812,0.0008419235236942768,124.67424011230469,198.72067260742188,0.0005576302064582705,186.53677368164062,213.61695861816406,1.0,199.06307983398438,217.92518615722656,1.0,126.92878723144531,212.5146026611328,1.0,111.90205383300781,241.51344299316406,0.00014879221271257848,157.01947021484375,249.32672119140625,1.0
1241,162.97225952148438,189.51380920410156,1.0,141.4156036376953,202.8561553955078,1.0,131.3009490966797,199.04161071777344,0.0010574768530204892,124.96807861328125,198.80767822265625,0.0006609779666177928,186.4131317138672,213.6179656982422,1.0,198.9060821533203,217.87216186523438,1.0,127.17070007324219,212.73101806640625,1.0,111.48448181152344,241.26986694335938,0.00011996934335911646,157.30264282226562,249.30453491210938,1.0
1242,162.94241333007812,189.28311157226562,1.0,141.5063934326172,202.82533264160156,1.0,131.25247192382812,198.96939086914062,0.0009716326603665948,200.25779724121094,213.92788696289062,0.0005236187134869397,186.54965209960938,213.63943481445312,1.0,198.95086669921875,217.8647918701172,1.0,127.28700256347656,212.77499389648438,1.0,111.71329498291016,241.6766815185547,9.54022616497241e-05,157.37147521972656,249.31884765625,1.0
1243,163.0035400390625,189.1453094482422,1.0,141.23251342773438,202.7010040283203,1.0,131.44229125976562,198.77542114257812,0.0011156549444422126,125.0896987915039,198.61419677734375,0.0006008435157127678,186.73170471191406,213.53164672851562,1.0,199.0106658935547,217.77987670898438,1.0,127.33320617675781,212.8291473388672,1.0,111.05068969726562,237.77146911621094,0.00018388046009931713,157.21466064453125,249.18597412109375,1.0
1244,163.1421661376953,189.19317626953125,1.0,141.6080322265625,202.81747436523438,1.0,131.54043579101562,198.78033447265625,0.0010897875763475895,125.1041259765625,198.63987731933594,0.0006141820922493935,186.80490112304688,213.59132385253906,1.0,198.99847412109375,217.88902282714844,1.0,127.44226837158203,212.895751953125,1.0,111.1710205078125,237.51319885253906,0.00016951253928709775,157.19400024414062,249.1427764892578,1.0
1245,163.1724395751953,189.13697814941406,1.0,141.5006103515625,202.78564453125,1.0,131.46343994140625,199.02322387695312,0.0010824636556208134,125.07417297363281,198.86097717285156,0.0005719427717849612,186.6826171875,213.65621948242188,1.0,198.89662170410156,217.83775329589844,1.0,127.3581314086914,212.95298767089844,1.0,111.62592315673828,241.30242919921875,0.00015372515190392733,157.21339416503906,249.2389373779297,1.0
1246,163.23358154296875,189.21217346191406,1.0,141.47323608398438,202.82278442382812,1.0,131.58656311035156,199.05372619628906,0.001066407305188477,125.19660186767578,198.93417358398438,0.0006684652762487531,186.7618865966797,213.72943115234375,1.0,198.98629760742188,217.97381591796875,1.0,127.38057708740234,212.87545776367188,1.0,111.80351257324219,241.4215087890625,0.00010720460704760626,157.1824951171875,249.20066833496094,1.0
1247,163.2557373046875,189.21597290039062,1.0,141.8556365966797,202.78086853027344,1.0,131.46182250976562,198.98110961914062,0.0010184699203819036,125.0384292602539,198.94285583496094,0.0007230209885165095,186.72068786621094,213.66067504882812,1.0,198.87843322753906,218.00799560546875,1.0,127.3006591796875,212.80413818359375,1.0,111.84349822998047,241.18026733398438,0.00012198844342492521,157.23501586914062,249.2115478515625,1.0
1248,163.73577880859375,188.93043518066406,1.0,141.64991760253906,202.38613891601562,1.0,131.4019775390625,199.0411834716797,0.0012544061755761504,125.2555923461914,198.85382080078125,0.0008530725026503205,186.8067169189453,213.80007934570312,1.0,198.78709411621094,218.1962432861328,1.0,127.16643524169922,212.5763397216797,1.0,112.12510681152344,241.98019409179688,0.00013812929682899266,157.49636840820312,249.38392639160156,1.0
1249,163.79119873046875,188.89279174804688,1.0,142.10494995117188,202.4514617919922,1.0,131.32090759277344,199.14630126953125,0.0011228213552385569,125.31535339355469,198.9650421142578,0.0008804044919088483,186.83560180664062,213.7737274169922,1.0,198.75482177734375,218.21630859375,1.0,127.27310943603516,212.71237182617188,1.0,112.07855987548828,241.79222106933594,0.0001712245721137151,157.49288940429688,249.35398864746094,1.0
1250,164.00462341308594,189.1088104248047,1.0,142.21044921875,202.53350830078125,1.0,131.17356872558594,199.26742553710938,0.0010120526421815157,125.12905883789062,199.10691833496094,0.0007617975352331996,186.87213134765625,213.72789001464844,1.0,198.8363494873047,218.15907287597656,1.0,127.24299621582031,212.69871520996094,1.0,112.49787139892578,238.2569122314453,0.0002207620709668845,157.59796142578125,249.20445251464844,1.0
1251,164.01199340820312,189.229736328125,1.0,141.67889404296875,202.5579376220703,1.0,131.24192810058594,199.40748596191406,0.0011923681013286114,125.11830139160156,199.06263732910156,0.000961913785431534,186.90469360351562,213.6524200439453,1.0,198.76809692382812,218.0576629638672,1.0,127.30138397216797,212.82012939453125,1.0,112.57601928710938,238.1868133544922,0.0001457085454603657,157.8961944580078,249.1182403564453,1.0
1252,163.94659423828125,189.38526916503906,1.0,141.9039764404297,202.41102600097656,1.0,131.2775421142578,199.07965087890625,0.0010277595138177276,125.18428039550781,199.01123046875,0.0008731376146897674,186.72518920898438,213.6494598388672,1.0,198.83319091796875,218.02349853515625,1.0,127.36896514892578,212.4923858642578,1.0,112.68575286865234,238.25990295410156,0.00010793413093779236,157.98684692382812,249.27297973632812,1.0
1253,163.92391967773438,189.51425170898438,1.0,141.85125732421875,202.5209197998047,1.0,131.5453338623047,199.27806091308594,0.0012842603027820587,125.46586608886719,199.09033203125,0.001139153027907014,186.75335693359375,213.67637634277344,1.0,198.8048553466797,217.9610595703125,1.0,127.44103240966797,212.70526123046875,1.0,115.34957885742188,216.0120849609375,9.840615530265495e-05,157.88482666015625,249.29788208007812,1.0
1254,163.68226623535156,189.42926025390625,1.0,141.62387084960938,202.568359375,1.0,131.70458984375,199.26156616210938,0.001479815924540162,125.49712371826172,198.9923553466797,0.001117630279622972,186.767333984375,213.6751251220703,1.0,198.91123962402344,217.91036987304688,1.0,127.3213882446289,212.9004364013672,1.0,112.58679962158203,238.2493896484375,0.00013091415166854858,157.81503295898438,249.23974609375,1.0
1255,163.60763549804688,189.41995239257812,1.0,142.2905731201172,202.57798767089844,1.0,131.6033477783203,199.2077178955078,0.0010994126787409186,125.45587158203125,199.03456115722656,0.0009623859077692032,186.68910217285156,213.80711364746094,1.0,198.83779907226562,218.13804626464844,1.0,127.15727996826172,212.87319946289062,1.0,111.8897933959961,241.77291870117188,0.0001703409943729639,157.68455505371094,249.2852020263672,1.0
1256,163.4521026611328,189.51377868652344,1.0,141.7559051513672,202.55201721191406,1.0,131.61277770996094,199.1012725830078,0.0012872865190729499,125.41710662841797,198.8352813720703,0.0010798352304846048,186.7368621826172,213.81878662109375,1.0,198.90142822265625,218.10882568359375,1.0,127.26741790771484,212.736083984375,1.0,111.73584747314453,242.00172424316406,0.00012442737352102995,157.67977905273438,249.4620361328125,1.0
1257,163.43267822265625,189.29653930664062,1.0,141.73831176757812,202.41232299804688,1.0,131.37765502929688,198.81210327148438,0.0010158340446650982,125.13410186767578,198.52169799804688,0.0008798761991783977,186.69920349121094,213.93443298339844,1.0,198.91160583496094,218.07435607910156,1.0,127.12893676757812,212.6143341064453,1.0,111.98625946044922,241.90505981445312,0.00012146854714956135,157.69410705566406,249.4889678955078,1.0
1258,163.59336853027344,189.3827362060547,1.0,141.75103759765625,202.3570556640625,1.0,131.40150451660156,198.8279266357422,0.0011154668172821403,125.12325286865234,198.5530242919922,0.0010499345371499658,186.76898193359375,213.8457794189453,1.0,198.91458129882812,218.05252075195312,1.0,127.08738708496094,212.55068969726562,1.0,111.79548645019531,241.8882293701172,0.000118031028250698,157.68026733398438,249.50970458984375,1.0
1259,163.3270721435547,189.28895568847656,1.0,141.43898010253906,202.6103057861328,1.0,131.40966796875,198.87005615234375,0.0010338573483750224,125.1292953491211,198.83779907226562,0.0007819471065886319,186.67364501953125,213.7745361328125,1.0,198.8760986328125,217.9013214111328,1.0,127.00189208984375,212.66595458984375,1.0,112.13569641113281,241.83511352539062,0.00014176980766933411,157.7488250732422,249.47772216796875,1.0
1260,163.4501953125,189.45208740234375,1.0,142.09085083007812,202.86294555664062,1.0,131.78700256347656,199.41729736328125,0.0010872568236663938,125.59236907958984,199.33726501464844,0.0009091958636417985,186.86459350585938,213.77178955078125,1.0,198.99642944335938,217.94285583496094,1.0,127.28917694091797,213.2974090576172,1.0,112.64073181152344,242.1786651611328,0.00010258411930408329,157.8177947998047,249.4634552001953,1.0
1261,163.47552490234375,189.40040588378906,1.0,141.50567626953125,202.59262084960938,1.0,131.67564392089844,199.14874267578125,0.0011773064034059644,125.54659271240234,199.09263610839844,0.0010461036581546068,186.83526611328125,213.68136596679688,1.0,198.7469024658203,217.8373565673828,1.0,127.06214904785156,212.7697296142578,1.0,115.21952819824219,216.0665283203125,9.994270658353344e-05,157.87625122070312,249.50326538085938,1.0
1262,163.53721618652344,189.38978576660156,1.0,141.85653686523438,202.44288635253906,1.0,131.5469512939453,199.3025665283203,0.0011361343786120415,125.35895538330078,199.26885986328125,0.0008621566812507808,186.85516357421875,213.6298828125,1.0,198.803466796875,217.7437286376953,1.0,126.95118713378906,212.88661193847656,1.0,115.18809509277344,216.11175537109375,0.0001002469944069162,157.78858947753906,249.4673309326172,1.0
1263,163.51893615722656,189.5216064453125,1.0,141.4260711669922,202.70211791992188,1.0,131.7201385498047,199.11148071289062,0.0011371310101822019,125.58609008789062,198.95188903808594,0.0008197223069146276,186.8778076171875,213.74171447753906,1.0,198.9965362548828,218.06382751464844,1.0,127.02578735351562,212.8765106201172,1.0,115.20109558105469,216.00257873535156,9.249721188098192e-05,157.51568603515625,249.4768829345703,1.0
1264,163.51087951660156,189.4395751953125,1.0,141.5559844970703,202.40829467773438,1.0,131.79690551757812,199.227294921875,0.001061560702510178,125.51593017578125,199.01112365722656,0.0007859672768972814,186.87283325195312,213.63473510742188,1.0,198.9664764404297,217.89825439453125,1.0,127.0884017944336,213.1063232421875,1.0,112.41144561767578,241.62942504882812,0.00010333007230656222,157.6686248779297,249.45611572265625,1.0
1265,163.661376953125,189.3630828857422,1.0,141.4471435546875,202.46543884277344,1.0,131.59881591796875,199.2082977294922,0.0012328263837844133,125.20081329345703,199.0962371826172,0.0011106355814263225,187.08216857910156,213.64219665527344,1.0,199.05821228027344,217.8664093017578,1.0,126.82709503173828,212.87673950195312,1.0,112.08809661865234,241.6370086669922,0.00012446165783330798,157.81089782714844,249.4574432373047,1.0
1266,163.5473175048828,189.2611083984375,1.0,141.80279541015625,202.32467651367188,1.0,131.4466552734375,199.04022216796875,0.001230583875440061,125.08180236816406,198.93548583984375,0.0007813181146048009,187.03018188476562,213.67970275878906,1.0,199.0157928466797,217.87095642089844,1.0,126.82616424560547,212.79835510253906,1.0,114.98149871826172,215.9700164794922,0.00010750455112429336,157.672119140625,249.59524536132812,1.0
1267,163.6251983642578,189.31439208984375,1.0,142.033203125,202.6114044189453,1.0,131.3908233642578,199.21188354492188,0.00112294708378613,124.99332427978516,198.99583435058594,0.000691642053425312,186.91064453125,213.83078002929688,1.0,199.01731872558594,217.8582000732422,1.0,126.86820983886719,213.02891540527344,1.0,114.92716979980469,215.93295288085938,0.00010368569201091304,158.20201110839844,249.44598388671875,1.0
1268,163.69873046875,189.39056396484375,1.0,142.21383666992188,202.4473876953125,1.0,131.37319946289062,199.00509643554688,0.0010942702647298574,124.97711944580078,198.7353515625,0.0007062163786031306,187.04774475097656,213.8324737548828,1.0,199.15406799316406,217.96029663085938,1.0,126.93861389160156,212.71485900878906,1.0,112.19432830810547,241.85862731933594,9.465963375987485e-05,158.12274169921875,249.5207977294922,1.0
1269,163.4993133544922,189.22274780273438,1.0,141.96925354003906,202.39700317382812,1.0,131.41795349121094,199.00669860839844,0.0011466552969068289,125.06788635253906,198.74871826171875,0.0005895489593967795,187.09959411621094,213.80946350097656,1.0,199.17037963867188,218.04251098632812,1.0,126.92024993896484,212.71310424804688,1.0,115.02787780761719,215.67811584472656,9.082716860575601e-05,157.93873596191406,249.46957397460938,0.9999998807907104
1270,163.4717254638672,189.15176391601562,1.0,142.0055694580078,202.48350524902344,1.0,131.43939208984375,199.06427001953125,0.0011762280482798815,125.03784942626953,198.85382080078125,0.0005681866896338761,187.04168701171875,213.90753173828125,1.0,199.064697265625,218.19544982910156,1.0,127.04136657714844,212.7246551513672,1.0,115.11880493164062,215.77197265625,9.210984717356041e-05,157.93765258789062,249.4511260986328,1.0
1271,163.3229217529297,189.3536834716797,1.0,141.6421356201172,202.54641723632812,1.0,131.611083984375,199.10557556152344,0.0014980933628976345,125.35033416748047,198.85643005371094,0.0008493406348861754,187.0500030517578,213.9126739501953,1.0,199.1309814453125,218.2271270751953,1.0,127.0040054321289,212.87527465820312,1.0,115.09909057617188,215.88406372070312,0.00011052007903344929,157.86912536621094,249.42916870117188,1.0
1272,163.73452758789062,189.61094665527344,1.0,142.4624481201172,203.2630157470703,1.0,131.3101043701172,199.79466247558594,0.0011581293074414134,125.3199462890625,199.56045532226562,0.0008116408716887236,186.80482482910156,213.8585205078125,1.0,198.8815155029297,217.90667724609375,1.0,127.4490966796875,213.06578063964844,1.0,112.3743667602539,238.02987670898438,0.0003168359980918467,158.0163116455078,249.15914916992188,1.0
1273,163.9877166748047,189.5723114013672,1.0,142.5403594970703,203.17425537109375,1.0,131.68014526367188,199.63583374023438,0.0011010068701580167,125.5290756225586,199.3646697998047,0.000853199337143451,187.17453002929688,213.85171508789062,1.0,199.29734802246094,218.1557159423828,1.0,127.39028930664062,213.298828125,1.0,111.71166229248047,241.11221313476562,0.0002340851497137919,158.0732421875,249.31300354003906,1.0
1274,163.71031188964844,189.5022430419922,1.0,142.18272399902344,203.26022338867188,1.0,131.35548400878906,199.4768524169922,0.0011314587900415063,125.18951416015625,199.2177734375,0.000747665180824697,187.1112518310547,213.748291015625,1.0,199.18287658691406,218.03773498535156,1.0,127.50588989257812,213.1284942626953,1.0,111.80693817138672,241.15403747558594,0.00021083337196614593,158.2161865234375,249.35926818847656,1.0
1275,163.7952117919922,189.48114013671875,1.0,141.97044372558594,203.0514373779297,1.0,131.5050811767578,199.5273895263672,0.0010697707766667008,125.3548355102539,199.31300354003906,0.0007057881448417902,186.97100830078125,213.777099609375,1.0,199.1019287109375,218.0623779296875,1.0,127.44322204589844,213.2215576171875,1.0,111.79337310791016,241.0821075439453,0.00020773429423570633,158.0411376953125,249.2678985595703,1.0
1276,163.7872314453125,189.48777770996094,1.0,142.00643920898438,203.13775634765625,1.0,131.56515502929688,199.54306030273438,0.0008392607560381293,200.38926696777344,214.10992431640625,0.000468564685434103,186.8632354736328,213.86376953125,1.0,199.04649353027344,218.14447021484375,1.0,127.52403259277344,213.3571319580078,1.0,111.82080841064453,241.07717895507812,0.00019852085097227246,158.0632781982422,249.33302307128906,1.0
1277,163.76504516601562,189.49984741210938,1.0,142.33546447753906,202.83995056152344,1.0,131.63845825195312,199.18446350097656,0.0009424018790014088,125.43880462646484,198.96107482910156,0.0005494970246218145,186.94029235839844,213.81382751464844,1.0,199.15708923339844,218.11827087402344,1.0,127.6641616821289,212.99049377441406,1.0,111.99849700927734,241.15419006347656,0.00017380063945893198,158.2413330078125,249.49142456054688,1.0
1278,163.76019287109375,189.66514587402344,1.0,142.40760803222656,203.03738403320312,1.0,131.52427673339844,199.39535522460938,0.0009011885849758983,200.14657592773438,214.16189575195312,0.0004536209744401276,186.9100799560547,213.85189819335938,1.0,199.25,218.1284942626953,1.0,127.6216049194336,213.0129852294922,1.0,112.12135314941406,241.30567932128906,0.00012365099973976612,158.0533905029297,249.64883422851562,1.0
1279,163.6955108642578,189.6794891357422,1.0,142.32444763183594,203.17283630371094,1.0,131.34475708007812,199.24081420898438,0.0010380379389971495,125.07875061035156,199.0718994140625,0.0004681850259657949,186.87863159179688,213.95616149902344,1.0,199.21795654296875,218.26976013183594,1.0,127.47733306884766,213.00146484375,1.0,112.01262664794922,241.1201629638672,0.00015187059761956334,158.01034545898438,249.54229736328125,1.0
1280,163.72666931152344,189.5342559814453,1.0,142.31771850585938,203.22328186035156,1.0,131.31939697265625,199.23001098632812,0.000994637026451528,124.95001983642578,199.0409698486328,0.0005220752791501582,187.04258728027344,213.88681030273438,1.0,199.2362060546875,218.21865844726562,1.0,127.35283660888672,212.99139404296875,1.0,111.97977447509766,241.20657348632812,0.00018141807231586426,158.20352172851562,249.52581787109375,1.0
1281,163.68484497070312,189.50306701660156,1.0,142.2908172607422,203.2445831298828,1.0,131.38641357421875,199.14498901367188,0.0009885417530313134,124.92526245117188,199.1503143310547,0.0006304264534264803,187.09461975097656,213.88775634765625,1.0,199.23776245117188,218.27517700195312,1.0,127.31753540039062,212.96978759765625,1.0,111.83689880371094,241.02337646484375,0.00023716357827652246,158.16319274902344,249.4967803955078,1.0
1282,163.7659149169922,189.47557067871094,1.0,142.38246154785156,202.94297790527344,1.0,131.2303924560547,199.1272735595703,0.0009532605763524771,200.33839416503906,214.08660888671875,0.0004783335025422275,187.1244659423828,213.81541442871094,1.0,199.16810607910156,218.10919189453125,1.0,127.72554016113281,213.008544921875,1.0,112.16606903076172,241.5451202392578,0.00018662428192328662,158.34332275390625,249.5963897705078,1.0
1283,163.71556091308594,189.3714141845703,1.0,142.30386352539062,203.17202758789062,1.0,131.23362731933594,199.060546875,0.0009430499048903584,200.46401977539062,213.9852294921875,0.0004928107373416424,186.93853759765625,213.852294921875,1.0,199.02687072753906,218.12506103515625,1.0,127.53919219970703,212.9351806640625,1.0,112.02828979492188,241.3122100830078,0.00036401161924004555,158.44081115722656,249.55633544921875,1.0
1284,163.7738494873047,189.4533233642578,1.0,142.9238739013672,202.79698181152344,1.0,131.81692504882812,198.64830017089844,0.0008777864277362823,125.30704498291016,198.56336975097656,0.0006635372992604971,187.12391662597656,214.20730590820312,1.0,199.20179748535156,218.40155029296875,1.0,127.64362335205078,213.1439666748047,1.0,113.15630340576172,241.14572143554688,0.00011760208144551143,158.7035675048828,249.4023895263672,1.0
1285,163.80296325683594,189.2711944580078,1.0,142.38246154785156,202.41329956054688,1.0,131.47825622558594,198.28025817871094,0.0009776637889444828,124.96753692626953,198.09219360351562,0.0008773324079811573,187.201904296875,214.11746215820312,1.0,199.19996643066406,218.3554229736328,1.0,127.53978729248047,212.71905517578125,1.0,114.84844207763672,215.884765625,0.00010080393985845149,158.8140869140625,249.5272674560547,1.0
1286,163.75657653808594,189.36419677734375,1.0,143.0266571044922,202.65264892578125,1.0,131.25599670410156,198.6048126220703,0.0009075141861103475,124.81568908691406,198.47418212890625,0.0008802657248452306,187.40243530273438,214.10098266601562,1.0,199.5454559326172,218.4593963623047,1.0,127.56901550292969,212.71839904785156,1.0,112.87229919433594,241.61302185058594,0.00022647474543191493,158.8912811279297,249.41702270507812,1.0
1287,163.70053100585938,189.369384765625,1.0,143.0443572998047,202.65289306640625,1.0,131.30787658691406,198.65118408203125,0.0009969553211703897,124.87986755371094,198.48709106445312,0.0008968492038547993,187.44236755371094,213.97145080566406,1.0,199.54110717773438,218.34097290039062,1.0,127.66580200195312,212.70730590820312,1.0,113.17704772949219,241.2257537841797,0.00020690602832473814,158.84109497070312,249.2805938720703,1.0
1288,163.99061584472656,189.35035705566406,1.0,143.11471557617188,202.4636688232422,1.0,131.14224243164062,198.64111328125,0.0008951984345912933,124.77946472167969,198.57073974609375,0.000848789291922003,187.5401611328125,214.05206298828125,1.0,199.75665283203125,218.4857635498047,1.0,127.59214782714844,212.7015380859375,1.0,113.19482421875,241.46864318847656,0.00019462339696474373,158.79336547851562,249.49270629882812,1.0
1289,162.4584197998047,189.54244995117188,1.0,142.3330535888672,202.78509521484375,1.0,131.39651489257812,199.0513916015625,0.0009877011179924011,125.0068130493164,198.76742553710938,0.0006837365799583495,185.53060913085938,214.7681884765625,1.0,197.99932861328125,218.70974731445312,1.0,126.96647644042969,212.88815307617188,1.0,112.56533813476562,242.39744567871094,0.00015279353829100728,158.26889038085938,250.1594696044922,1.0
1290,157.19754028320312,196.5974884033203,0.9173482656478882,127.3570327758789,209.0748291015625,0.001546161132864654,127.84528350830078,193.39981079101562,4.082989107700996e-05,124.99116516113281,217.92063903808594,6.280990783125162e-05,179.26327514648438,216.2567138671875,0.00035692009259946644,188.31504821777344,217.76565551757812,0.00042777188355103135,119.35511016845703,210.7244873046875,0.5948235392570496,153.3669891357422,194.13890075683594,0.0008347202674485743,151.02597045898438,236.94955444335938,0.012295220047235489
1291,251.52760314941406,208.02243041992188,4.696792530012317e-05,250.33731079101562,254.95394897460938,2.3003260139375925e-05,233.8754119873047,282.53082275390625,3.2893934985622764e-05,225.62109375,275.1811218261719,0.0003750619071070105,2.429859161376953,282.46484375,5.835202955495333e-06,334.0105285644531,308.6207580566406,2.354603748244699e-05,1.9608938694000244,267.02569580078125,1.5943704056553543e-05,258.9486083984375,263.7740478515625,8.07327960501425e-05,249.0340576171875,250.56028747558594,2.4220815248554572e-05
1292,206.1217803955078,306.83197021484375,7.3497494668117724e-06,249.64537048339844,254.76040649414062,3.844231287075672e-06,203.06007385253906,299.7697448730469,1.0565189768385608e-05,193.12222290039062,270.109619140625,1.3822179425915238e-05,2.310333251953125,282.5107421875,2.4950761599029647e-06,142.77565002441406,293.2999267578125,7.3637320383568294e-06,1.5290231704711914,266.7510681152344,4.923931101075141e-06,214.75576782226562,262.3155822753906,3.987589479947928e-06,139.6924591064453,264.6536560058594,3.323358760098927e-05
1293,189.12464904785156,270.4466247558594,0.00014284750795923173,165.05584716796875,260.76800537109375,7.310439104912803e-05,153.6809539794922,280.5718688964844,0.0006001390283927321,154.88800048828125,265.81207275390625,0.0006356136291287839,171.6259307861328,250.08270263671875,1.95085012819618e-05,159.9774627685547,283.17724609375,3.688614015118219e-05,175.22415161132812,264.8818359375,0.008112314157187939,153.52915954589844,268.04010009765625,0.1803215742111206,192.0934295654297,265.32818603515625,0.0006632285076193511
1294,171.98841857910156,258.73016357421875,8.647671347716823e-05,183.06808471679688,252.29638671875,4.4888722186442465e-05,211.9069366455078,266.8960876464844,2.482681520632468e-05,223.05697631835938,268.08648681640625,8.149437780957669e-05,169.16912841796875,255.05560302734375,1.1012635695806239e-05,184.9300994873047,261.3759765625,8.90340525074862e-05,252.55026245117188,269.4180908203125,7.141227251850069e-05,244.10740661621094,264.8731384277344,2.9040593290119432e-05,278.0060119628906,263.23004150390625,4.937968333251774e-05
1295,220.6750030517578,273.0994873046875,0.00011414023902034387,249.15646362304688,270.89288330078125,0.00015218053886201233,210.8474884033203,266.5127258300781,9.920152660924941e-05,206.263427734375,266.5176086425781,0.0002557670813985169,184.48768615722656,262.7050476074219,4.521282244240865e-05,193.16116333007812,263.7356872558594,0.001612143823876977,250.84530639648438,270.3488464355469,0.002731322543695569,242.45889282226562,266.5709533691406,6.201671931194142e-05,277.0282287597656,264.6018981933594,0.00030288909329101443
1296,221.29441833496094,273.8714904785156,0.00011149891361128539,248.3510284423828,269.04107666015625,4.730121872853488e-05,210.7433319091797,266.6507568359375,6.446323095588014e-05,210.31846618652344,260.3675231933594,0.00014505659055430442,170.81495666503906,269.44732666015625,1.5028144844109192e-05,184.58380126953125,261.62969970703125,0.00016093128942884505,250.66690063476562,266.8482666015625,0.0003341947740409523,274.21575927734375,256.7091979980469,4.2598934669513255e-05,137.23931884765625,201.28915405273438,3.322930933791213e-05
1297,220.6478271484375,273.52325439453125,3.716451465152204e-05,139.27418518066406,255.95632934570312,1.6237798263318837e-05,189.16136169433594,266.1103820800781,3.777744132094085e-05,215.91387939453125,269.4827880859375,0.00011163031012983993,170.93212890625,269.9014587402344,1.8729191651800647e-05,170.8917236328125,261.8624572753906,0.00013406913785729557,266.92437744140625,254.83229064941406,0.0001709920761641115,271.94598388671875,258.3757629394531,0.00010764817125163972,266.46826171875,251.5836944580078,0.0007858018507249653
1298,171.57293701171875,272.7337341308594,0.00011330372944939882,139.35763549804688,269.8365783691406,0.0001952650345629081,125.53816223144531,283.1927795410156,7.15181085979566e-05,141.5049285888672,268.6451110839844,0.00031677589868195355,169.44256591796875,269.59722900390625,8.429276203969494e-05,170.9512939453125,268.40167236328125,0.00031232775654643774,259.9518127441406,251.61782836914062,0.00026907504070550203,131.95542907714844,274.1336975097656,0.011763270944356918,265.80938720703125,250.7854766845703,0.0014264167984947562
1299,269.1019287109375,257.3179931640625,0.00014396963524632156,139.53787231445312,270.724853515625,9.078048606170341e-05,190.25180053710938,268.3998107910156,2.9184990125941113e-05,143.6127166748047,267.718505859375,8.889297168934718e-05,268.0196228027344,253.641357421875,2.544455674069468e-05,268.3932189941406,260.34783935546875,0.00011744889343390241,258.7705078125,250.684326171875,0.00017763838695827872,133.546875,273.822265625,0.00016214765491895378,266.70977783203125,250.3167724609375,0.00045476650120690465
1300,267.15484619140625,254.41314697265625,0.00041566116851754487,139.903564453125,271.091796875,0.00010283073061145842,187.58404541015625,276.1220703125,7.053345325402915e-05,207.97860717773438,262.2420654296875,0.000247321993811056,266.0852355957031,255.67356872558594,5.3259424021234736e-05,267.3130187988281,260.41107177734375,0.0033665900118649006,253.0349578857422,252.0227813720703,0.00022686354350298643,133.46144104003906,274.2646484375,0.00012553020496852696,265.0890197753906,249.14053344726562,9.049629443325102e-05
1301,265.48089599609375,256.03668212890625,1.142974360845983e-05,139.26104736328125,271.0924072265625,3.067974830628373e-05,195.44635009765625,266.3135986328125,1.4766219464945607e-05,208.0922393798828,261.314697265625,0.0003522045153658837,120.60208129882812,251.3045196533203,6.066688911232632e-06,265.6424560546875,253.05548095703125,0.00010790695523610339,130.21665954589844,276.18994140625,6.564902378158877e-06,133.40432739257812,274.5869445800781,4.179348252364434e-05,118.61937713623047,251.64950561523438,5.320151103660464e-05
1302,265.38275146484375,256.0553283691406,1.748227259668056e-05,184.7385711669922,267.9718017578125,4.205559162073769e-05,191.30569458007812,267.399169921875,5.3923442465020344e-05,208.233642578125,261.5349426269531,0.0003168982220813632,120.86772155761719,251.0713653564453,1.0724803360062651e-05,265.63134765625,253.21859741210938,0.00013676821254193783,185.5651092529297,267.1240234375,2.3787919417372905e-05,214.46775817871094,255.58763122558594,3.2925669074757025e-05,118.53532409667969,251.67486572265625,7.709271449130028e-05
1303,204.84970092773438,272.4443054199219,2.055287768598646e-05,139.48681640625,270.3917541503906,0.00010438081517349929,194.76808166503906,267.6282653808594,7.782894681440666e-05,191.2396697998047,268.5851135253906,0.00032976199872791767,154.25924682617188,250.6966552734375,1.863227953435853e-05,162.7040252685547,253.49188232421875,0.0001283844467252493,184.32797241210938,266.8148498535156,2.172476888517849e-05,214.2830047607422,255.7268524169922,6.753458001185209e-05,276.4630432128906,248.72743225097656,5.1681625336641446e-05
1304,269.4815673828125,261.1084289550781,0.21695291996002197,243.08847045898438,270.22943115234375,0.3752391040325165,213.8291778564453,276.673583984375,0.7658480405807495,210.3428497314453,274.98626708984375,0.14553704857826233,271.01556396484375,262.31927490234375,0.0031543150544166565,273.5435791015625,262.14208984375,0.22532404959201813,246.32716369628906,276.367431640625,0.24911971390247345,271.3386535644531,245.76670837402344,0.0004968416178599,258.0993957519531,276.7032165527344,0.01169504877179861
1305,267.79595947265625,269.7149658203125,0.0006745741702616215,249.37982177734375,269.6922607421875,0.0009213081211782992,220.94676208496094,280.42572021484375,4.268266275175847e-05,140.73690795898438,245.58494567871094,0.00023949496971908957,273.0705261230469,271.32733154296875,1.0240682968287729e-05,277.7686767578125,267.8673095703125,0.0026152555365115404,252.84024047851562,271.3042907714844,0.00047850064584054053,138.35302734375,271.5789794921875,3.0159329980961047e-05,265.8280029296875,250.55166625976562,8.385174442082644e-05
1306,266.7800598144531,268.52752685546875,0.0005224428605288267,250.9257354736328,268.37152099609375,0.006389598362147808,221.10984802246094,281.8838195800781,1.4359068700287025e-05,65.00897216796875,235.21580505371094,0.00033504716702736914,273.8244323730469,270.30828857421875,1.106403760786634e-05,278.9795837402344,266.5738830566406,0.06167056784033775,250.89208984375,271.97576904296875,0.0017867183778434992,241.6025390625,267.83709716796875,0.00013528359704650939,259.90997314453125,285.7566223144531,0.00010017351451097056
1307,259.882568359375,262.3981018066406,0.0005293326103128493,250.13465881347656,266.8089294433594,0.0018677819753065705,255.9003448486328,255.4385223388672,2.6103765776497312e-05,65.28462219238281,235.13890075683594,0.0007144472911022604,251.18247985839844,254.3045196533203,2.6497718863538466e-05,276.6954650878906,266.2232360839844,0.39366602897644043,245.9995574951172,273.89715576171875,0.00962845329195261,240.4365234375,268.49945068359375,0.00023168044572230428,265.9637451171875,281.5924072265625,0.0021610702387988567
1308,92.47056579589844,201.2884979248047,6.45910986349918e-05,243.81231689453125,262.2499694824219,9.266769484383985e-05,255.99374389648438,254.24183654785156,5.919975137658184e-06,64.86488342285156,234.3337860107422,0.00044117425568401814,250.42269897460938,253.9587860107422,8.103367690637242e-06,278.064208984375,261.52166748046875,0.001923544448800385,244.93731689453125,266.0436096191406,0.0003668620774988085,242.76919555664062,266.4207763671875,0.00013036467134952545,265.8332214355469,274.219482421875,0.00041062317905016243
1309,265.767333984375,266.3992919921875,9.020466677611694e-05,243.54820251464844,261.5728454589844,0.000136613889480941,256.5334777832031,253.72108459472656,1.1463791452115402e-05,132.65089416503906,244.6824188232422,0.006085125729441643,251.2386474609375,253.0406494140625,1.075446380127687e-05,277.5146179199219,265.2458190917969,0.00335324602201581,244.28224182128906,265.4332275390625,0.0004954910837113857,242.14012145996094,266.0350341796875,0.00022079110203776509,259.5075378417969,277.5098571777344,0.0024368392769247293
1310,266.66168212890625,262.14227294921875,0.02504110336303711,244.42172241210938,263.20489501953125,0.008189350366592407,255.62161254882812,253.6890106201172,3.348085010657087e-05,131.73757934570312,244.06039428710938,0.0018054799875244498,273.2173767089844,263.1587829589844,9.766613220563158e-05,279.2297058105469,263.16851806640625,0.1398473083972931,243.6354522705078,274.2044982910156,0.03947824239730835,253.42991638183594,255.48976135253906,0.0004756667767651379,259.226806640625,282.574462890625,0.333568274974823
1311,264.7262268066406,261.57958984375,0.006457741837948561,243.57266235351562,263.5440673828125,0.0365169532597065,242.17111206054688,253.9962158203125,4.3548170651774853e-05,132.24554443359375,244.45347595214844,0.0010205372236669064,234.41587829589844,251.870361328125,5.2875024266541004e-05,276.65625,261.8088073730469,0.07994440197944641,243.00350952148438,274.1943664550781,0.14405642449855804,230.8933868408203,268.7637023925781,0.000703335041180253,258.6286315917969,281.1997985839844,0.38169044256210327
1312,265.7779235839844,262.0630798339844,0.010264426469802856,243.56234741210938,263.80926513671875,0.0440344475209713,242.49496459960938,253.89071655273438,5.205422712606378e-05,125.12890625,236.34140014648438,0.0004564729752019048,234.01922607421875,251.7006378173828,4.778055881615728e-05,277.1744079589844,264.42730712890625,0.03318088501691818,243.71151733398438,274.26019287109375,0.27447229623794556,230.33189392089844,269.34814453125,0.0009332862100563943,258.88165283203125,281.4865417480469,0.13196520507335663
1313,268.3446044921875,262.93450927734375,0.01760908216238022,248.84498596191406,266.27117919921875,0.0032420670613646507,255.26100158691406,253.29364013671875,3.360233677085489e-05,255.81924438476562,253.31826782226562,0.0001803264021873474,251.7091064453125,253.14215087890625,3.0518873245455325e-05,279.63287353515625,265.958740234375,0.07504510879516602,244.5944366455078,272.98468017578125,0.021077971905469894,253.64627075195312,254.11131286621094,0.0005195868434384465,259.842529296875,281.7612609863281,0.10537903755903244
1314,94.80120849609375,191.73855590820312,0.00027121123275719583,297.61456298828125,252.02127075195312,3.3418709790566936e-05,95.54638671875,236.57901000976562,6.0022639445378445e-06,65.08622741699219,234.7842559814453,0.0001659154804656282,92.27611541748047,234.98280334472656,2.095268246193882e-05,277.64697265625,266.3513488769531,9.585584484739229e-05,251.7886962890625,268.000732421875,3.950210157199763e-05,227.385498046875,261.7157897949219,0.00010379788000136614,86.69184112548828,252.85311889648438,5.9844369388883933e-05
1315,107.48149871826172,191.73416137695312,3.869027568725869e-05,180.82492065429688,262.6314392089844,3.7093908758834004e-05,227.26182556152344,265.0260009765625,5.895984486414818e-06,65.55276489257812,234.53738403320312,9.8696633358486e-05,134.5561065673828,247.41879272460938,8.129514753818512e-06,279.7537536621094,266.77490234375,0.0004368184308987111,187.3416748046875,269.7541809082031,0.00016302434960380197,227.64764404296875,261.8974609375,0.0002452420012559742,250.55438232421875,250.67262268066406,6.575011502718553e-05
1316,205.32553100585938,273.3108215332031,3.127003583358601e-05,180.89271545410156,262.6141052246094,5.7484594435663894e-05,227.35108947753906,265.0255126953125,6.004536771797575e-06,65.78165435791016,234.7848663330078,8.030527533264831e-05,134.173095703125,246.40090942382812,1.3273272088554222e-05,279.0289306640625,266.1636962890625,0.00023253799008671194,187.26881408691406,269.49884033203125,0.00035285751800984144,227.71127319335938,262.6708984375,0.0002676307631190866,267.0570373535156,274.7597351074219,7.437018939526752e-05
1317,268.44427490234375,262.5458984375,0.003642316674813628,245.4497528076172,262.6466369628906,0.00425092363730073,229.66294860839844,263.51324462890625,0.00012309302110224962,225.40664672851562,267.857421875,0.0002103198057739064,134.3020477294922,247.7471160888672,2.8919406759086996e-05,279.9526062011719,265.64862060546875,0.006609103176742792,247.54660034179688,272.0185546875,0.2123844027519226,226.70220947265625,264.1360168457031,0.004321116488426924,265.3400573730469,281.59613037109375,0.17779311537742615
1318,268.1582946777344,263.00103759765625,0.002385237719863653,245.3771209716797,262.5693054199219,0.0020268664229661226,229.90408325195312,262.70526123046875,6.123961793491617e-05,225.80886840820312,266.6247253417969,0.00015496803098358214,134.76620483398438,247.7824249267578,3.289186497568153e-05,278.3799743652344,265.917236328125,0.013219419866800308,247.62513732910156,272.08819580078125,0.1147136315703392,230.95166015625,267.4394226074219,0.003801015205681324,264.8938903808594,281.7685852050781,0.07359563559293747
1319,266.4173583984375,263.4360656738281,0.0005298685282468796,244.4462127685547,262.26861572265625,0.0006415111711248755,224.89707946777344,265.18017578125,1.1441488823038526e-05,65.479736328125,234.79275512695312,0.00015872486983425915,134.78233337402344,248.57211303710938,2.430135282338597e-05,277.3292541503906,265.9274597167969,0.0029874425381422043,246.64483642578125,271.5956115722656,0.022831091657280922,227.62506103515625,264.3324890136719,0.0018609592225402594,263.9325256347656,280.928466796875,0.017866652458906174
1320,267.41455078125,267.3894958496094,6.096720971981995e-05,138.88160705566406,255.1785430908203,4.617351805791259e-05,224.32345581054688,265.9131774902344,8.983915904536843e-06,65.71095275878906,235.5228729248047,8.396167686441913e-05,135.35116577148438,248.8745574951172,2.719523399719037e-05,277.7814636230469,266.0904846191406,0.0001992931356653571,244.73646545410156,272.7590637207031,0.00029427988920360804,227.3563995361328,264.2399597167969,0.0002629172522574663,264.5503234863281,274.8111572265625,0.00015684291429352015
1321,205.07493591308594,273.69598388671875,3.551924237399362e-05,138.7936248779297,254.53269958496094,0.00010005771036958322,223.5636444091797,265.8033142089844,1.9791761587839574e-05,65.69315338134766,235.62559509277344,7.620777614647523e-05,135.66525268554688,247.88002014160156,4.3233030737610534e-05,277.65643310546875,265.73883056640625,0.00026371359126642346,243.7757568359375,272.8244323730469,4.915303725283593e-05,227.17115783691406,262.43597412109375,0.0001425353839294985,134.6473388671875,258.1161804199219,5.4507399909198284e-05
1322,266.6564636230469,268.5646057128906,2.1359957827371545e-05,139.03073120117188,254.68016052246094,9.852850052993745e-05,223.82896423339844,265.8171691894531,1.2694849829131272e-05,65.46988677978516,235.66229248046875,6.189778650877997e-05,136.06846618652344,247.77011108398438,2.6796535166795366e-05,264.7865295410156,266.5873718261719,0.0003077072906307876,243.33277893066406,272.9873046875,4.553969847620465e-05,227.54763793945312,262.7330627441406,0.00021121205645613372,87.2236557006836,252.47654724121094,4.0370781789533794e-05
1323,266.7695617675781,268.55596923828125,3.543429193086922e-05,138.33975219726562,254.65325927734375,5.736395905842073e-05,224.43515014648438,265.74835205078125,1.9140612494084053e-05,224.95404052734375,267.87005615234375,0.00011130144412163645,135.37425231933594,248.11155700683594,4.0721595723880455e-05,272.6956787109375,267.9849548339844,0.0004860915651079267,242.84033203125,273.0013427734375,5.392832463257946e-05,227.1387481689453,263.2696228027344,0.0003280837554484606,87.22024536132812,252.67169189453125,5.3232568461680785e-05
1324,139.13125610351562,237.28839111328125,4.161876131547615e-05,139.3206024169922,254.61239624023438,9.00772720342502e-05,224.17172241210938,266.1886291503906,8.77116144692991e-06,140.27487182617188,234.2435760498047,9.257953934138641e-05,136.61038208007812,248.13986206054688,4.118748620385304e-05,277.0760192871094,265.906494140625,0.0008659734739921987,242.62664794921875,273.0173645019531,2.683942329895217e-05,227.34559631347656,262.6226806640625,0.00015817054372746497,87.08868408203125,252.8154754638672,6.031888187862933e-05
1325,266.5284118652344,268.6292419433594,3.944552372558974e-05,139.46876525878906,254.40213012695312,0.00019099154451396316,223.9322052001953,266.4790954589844,9.35362095333403e-06,139.12353515625,232.06619262695312,0.0002696140727493912,137.04296875,247.95736694335938,5.501823761733249e-05,277.1214294433594,265.6647644042969,0.0010600389214232564,242.5286102294922,272.79742431640625,2.4272239897982217e-05,227.20277404785156,262.35552978515625,0.00016970645810943097,87.18678283691406,252.8580322265625,7.533005555160344e-05
1326,266.2620849609375,268.1011962890625,9.592579590389505e-05,138.79998779296875,254.2425537109375,0.00018799556710291654,223.83604431152344,266.7772521972656,1.4329752957564779e-05,139.67872619628906,232.66378784179688,9.916247654473409e-05,136.19386291503906,248.075439453125,3.433810343267396e-05,277.24212646484375,266.2442932128906,0.004101582337170839,243.0768280029297,272.7749938964844,5.104746014694683e-05,226.9259033203125,262.2372741699219,0.0002894234494306147,86.86347961425781,252.74502563476562,5.338161645340733e-05
1327,266.166748046875,267.7005310058594,0.000116297225758899,139.30242919921875,254.2613983154297,0.00041364168282598257,223.39895629882812,266.8792724609375,1.747110582073219e-05,139.7630615234375,232.4347686767578,0.00014805627870373428,136.62669372558594,247.70567321777344,4.310816802899353e-05,277.68316650390625,266.3599853515625,0.008616133593022823,243.0022430419922,272.7560729980469,7.129591540433466e-05,226.62802124023438,262.1771240234375,0.00038152755587361753,86.81417846679688,252.59320068359375,4.4008698750985786e-05
1328,268.8634033203125,263.38629150390625,0.00891025923192501,236.4984893798828,266.7202453613281,0.001053000334650278,227.07737731933594,263.8083801269531,0.00017888871661853045,213.86912536621094,274.2309875488281,0.0005002431571483612,273.2757263183594,269.29766845703125,0.00010162693070014939,278.65850830078125,266.0907287597656,0.027327369898557663,245.5035858154297,272.4029235839844,0.005705639254301786,224.85179138183594,263.34515380859375,0.001692105084657669,260.2083435058594,277.3378601074219,0.012883870862424374
1329,218.20196533203125,273.9939880371094,0.0021219048649072647,58.516109466552734,272.18035888671875,0.00031215898343361914,212.96047973632812,277.08251953125,3.612704676925205e-05,206.57516479492188,277.5716552734375,8.52836892590858e-05,227.77789306640625,275.3004455566406,0.0008842957322485745,239.5402069091797,279.0425720214844,0.0006703674443997443,60.025901794433594,277.7910461425781,0.013058358803391457,165.60601806640625,263.97442626953125,3.2241739972960204e-05,89.12001037597656,268.1614990234375,0.0011656603310257196
1330,201.94686889648438,257.2498779296875,0.00010157818906009197,137.58807373046875,252.8983154296875,0.0004035950405523181,126.88430786132812,204.74374389648438,2.4939197828643955e-05,175.84030151367188,268.925048828125,0.00021388611639849842,122.96218872070312,202.3527069091797,2.9816445021424443e-05,137.52212524414062,266.3593444824219,0.006118389777839184,139.07151794433594,252.49026489257812,5.0071379519067705e-05,195.51068115234375,234.9770965576172,4.601536056725308e-05,121.63912200927734,198.69056701660156,0.00043036381248384714
1331,190.54510498046875,167.08956909179688,6.86899948050268e-05,170.1426239013672,251.5616455078125,0.0002486097509972751,174.35250854492188,248.77197265625,1.5764600902912207e-05,174.0587615966797,250.7425994873047,6.35726100881584e-05,233.82879638671875,250.5040740966797,5.436168794403784e-05,171.30572509765625,250.85545349121094,0.00014567312609869987,172.153564453125,251.19541931152344,3.6809466109843925e-05,242.6488037109375,249.97337341308594,0.00021352159092202783,169.27871704101562,248.5000762939453,0.00025289098266512156
1332,86.21968841552734,220.8811798095703,0.675998866558075,74.97161102294922,245.17799377441406,0.24584537744522095,92.30531311035156,224.30540466308594,4.75124797958415e-05,95.43232727050781,270.60418701171875,0.0001920382637763396,94.34978485107422,227.85011291503906,0.006456573028117418,96.54479217529297,225.86428833007812,0.5950766801834106,69.90058135986328,261.58819580078125,0.8482252955436707,95.01566314697266,215.98204040527344,7.77716632001102e-05,81.08439636230469,270.135986328125,0.22843395173549652
1333,111.86577606201172,198.0873565673828,0.9993118047714233,98.09854888916016,221.54299926757812,0.4477243423461914,104.16963195800781,210.22459411621094,0.00016103136294987053,103.6478500366211,209.4807891845703,9.68409440247342e-05,139.04774475097656,210.61636352539062,0.012492898851633072,136.59754943847656,214.21754455566406,0.007401062175631523,85.62047576904297,232.0704345703125,0.0046232291497290134,107.87112426757812,199.72906494140625,0.0001284138415940106,110.23831176757812,243.8326873779297,0.0036788075231015682
1334,144.36158752441406,185.69007873535156,0.9999620914459229,119.39781951904297,204.0878448486328,0.47505220770835876,126.1007080078125,188.04005432128906,0.0001084947434719652,132.7493896484375,192.28317260742188,0.00019061750208493322,170.7205810546875,205.76222229003906,0.006024646107107401,180.3465118408203,202.16172790527344,0.00201409007422626,112.34558868408203,214.00926208496094,0.9396264553070068,134.56654357910156,223.19273376464844,0.0007254991796799004,139.71163940429688,234.56683349609375,0.06515125185251236
1335,168.89601135253906,178.0535430908203,1.0,146.9055633544922,194.34902954101562,0.999947190284729,152.29156494140625,183.86709594726562,0.002301789354532957,147.4257354736328,191.4488983154297,0.0016724476590752602,195.52493286132812,206.53408813476562,0.9950782060623169,204.2928466796875,206.15408325195312,0.9998612403869629,137.82101440429688,204.65281677246094,0.9998977184295654,126.06883239746094,236.83485412597656,0.0002344025269849226,171.45181274414062,237.31353759765625,0.5391472578048706
1336,177.8524932861328,175.5553436279297,1.0,159.63059997558594,190.66159057617188,1.0,144.13328552246094,193.7672119140625,0.00038407163810916245,159.3330535888672,180.24378967285156,0.0006208763225004077,202.23121643066406,206.58139038085938,1.0,214.96823120117188,211.40237426757812,1.0,152.0261993408203,202.32472229003906,1.0,130.5315399169922,219.44985961914062,0.3419596552848816,176.22682189941406,247.88424682617188,0.9996457099914551
1337,178.0077362060547,174.29513549804688,1.0,161.0068817138672,189.418212890625,1.0,142.8074188232422,194.26438903808594,0.0005182874156162143,158.87844848632812,180.22982788085938,0.0004376684664748609,202.7420196533203,206.1612091064453,1.0,215.976806640625,211.14120483398438,1.0,153.51841735839844,201.43577575683594,1.0,131.46275329589844,219.6457061767578,0.5986469984054565,176.31747436523438,248.001220703125,0.9999638795852661
1338,177.6863555908203,173.48060607910156,1.0,160.3063201904297,188.84481811523438,1.0,142.00579833984375,193.64703369140625,0.0004734793328680098,219.21902465820312,210.18551635742188,0.00034052671981044114,202.5321502685547,205.57249450683594,1.0,215.60385131835938,210.50054931640625,1.0,151.86508178710938,200.92132568359375,1.0,130.23704528808594,219.2281494140625,0.4676624834537506,175.4750518798828,247.9497528076172,0.9999765157699585
1339,176.7425537109375,173.0637969970703,1.0,159.58926391601562,188.187255859375,1.0,191.9712677001953,207.29278564453125,0.0004908309783786535,219.73870849609375,210.03469848632812,0.00037018751027062535,201.66259765625,204.90744018554688,1.0,214.60964965820312,210.197998046875,1.0,151.35110473632812,200.01992797851562,1.0,129.31825256347656,218.68385314941406,0.0981278195977211,174.67628479003906,247.4322052001953,0.999977707862854
1340,175.8351593017578,173.37286376953125,1.0,158.0406494140625,188.53375244140625,1.0,191.84315490722656,207.48912048339844,0.0005521338316611946,219.72592163085938,209.90879821777344,0.0003073402331210673,201.51522827148438,204.74696350097656,1.0,214.60792541503906,209.94175720214844,1.0,150.2720184326172,200.54722595214844,1.0,128.93368530273438,219.49098205566406,0.47915852069854736,174.50709533691406,247.524169921875,0.9999676942825317
1341,176.07569885253906,173.545654296875,1.0,158.048095703125,189.1400909423828,1.0,191.9707794189453,207.39642333984375,0.0006113149574957788,219.87937927246094,209.90115356445312,0.0002767913101706654,201.09901428222656,204.85597229003906,1.0,214.40423583984375,209.98062133789062,1.0,150.40948486328125,201.18658447265625,1.0,129.43870544433594,220.4073486328125,0.5268030762672424,174.42962646484375,247.3114471435547,0.9999828338623047
1342,176.30067443847656,173.56439208984375,1.0,157.91485595703125,189.8451385498047,1.0,191.79058837890625,207.44175720214844,0.0005474714562296867,219.72718811035156,210.05093383789062,0.00029091484611853957,201.33042907714844,205.09811401367188,1.0,214.56419372558594,210.18707275390625,1.0,149.8324737548828,202.14291381835938,1.0,128.73793029785156,220.02853393554688,0.042782243341207504,174.63720703125,247.6251983642578,0.9999881982803345
1343,175.13526916503906,176.73175048828125,1.0,159.06021118164062,193.4979248046875,1.0,154.42495727539062,186.8156280517578,0.0008434761548414826,158.98240661621094,179.4962615966797,0.0005189983057789505,200.76580810546875,208.11732482910156,1.0,213.46290588378906,211.0254364013672,1.0,151.27630615234375,206.91175842285156,1.0,128.921630859375,225.4405517578125,0.4037645757198334,177.66226196289062,250.2340545654297,0.9999865293502808
1344,170.6873321533203,182.44085693359375,1.0,156.60911560058594,202.09127807617188,1.0,145.43838500976562,199.17727661132812,0.0014413251774385571,216.14991760253906,212.57760620117188,0.0005410456215031445,199.3440399169922,212.40313720703125,1.0,214.3173065185547,214.35507202148438,1.0,151.3080291748047,215.35910034179688,1.0,125.89674377441406,235.49107360839844,0.9999998807907104,179.28627014160156,257.32928466796875,0.9999998807907104
1345,168.5503692626953,186.9640350341797,1.0,155.4114227294922,206.7178192138672,1.0,148.22047424316406,204.70663452148438,0.9985300302505493,139.42079162597656,204.48764038085938,0.9875685572624207,198.62271118164062,213.15293884277344,1.0,213.42953491210938,216.1409912109375,1.0,151.1217803955078,222.3929443359375,1.0,125.54367065429688,240.22283935546875,1.0,180.8548126220703,259.6627502441406,1.0
1346,167.8776092529297,189.3848419189453,1.0,154.8475799560547,212.16287231445312,1.0,145.0303955078125,209.16580200195312,0.9999998807907104,133.48715209960938,209.5072784423828,1.0,195.74253845214844,215.29769897460938,1.0,210.5856475830078,217.1005096435547,1.0,150.6567840576172,227.2130126953125,1.0,125.18648529052734,244.00466918945312,1.0,180.82579040527344,261.9717712402344,1.0
1347,160.99496459960938,194.98486328125,1.0,148.4583282470703,219.3664093017578,1.0,138.50845336914062,215.99354553222656,1.0,127.1925277709961,216.3722686767578,1.0,190.18165588378906,217.68251037597656,1.0,206.63848876953125,218.38812255859375,1.0,145.867919921875,236.92483520507812,1.0,121.93854522705078,254.51077270507812,1.0,179.271484375,264.60198974609375,1.0
1348,157.248779296875,198.79541015625,1.0,146.16941833496094,225.68141174316406,1.0,137.4150848388672,218.67930603027344,1.0,125.39649200439453,218.18963623046875,1.0,188.00685119628906,219.67938232421875,1.0,203.9153289794922,218.51547241210938,1.0,145.15304565429688,243.4723663330078,1.0,120.77114868164062,261.5289611816406,1.0,179.3992462158203,267.2953186035156,1.0
1349,157.18463134765625,199.4569549560547,1.0,147.57350158691406,228.8636932373047,1.0,136.80755615234375,219.13525390625,1.0,124.23367309570312,220.14854431152344,1.0,188.2886199951172,220.86410522460938,1.0,204.21031188964844,218.98411560058594,1.0,147.2567596435547,246.6801300048828,1.0,121.30175018310547,264.2810363769531,1.0,181.16897583007812,268.7620849609375,1.0
1350,156.84828186035156,199.66371154785156,1.0,147.9252166748047,230.15040588378906,1.0,136.3946075439453,219.31358337402344,1.0,124.66722106933594,220.47171020507812,1.0,188.32949829101562,221.20193481445312,1.0,204.04885864257812,218.7808837890625,1.0,148.9508819580078,247.21945190429688,1.0,121.55584716796875,264.0970153808594,1.0,181.88534545898438,269.150390625,1.0
1351,156.51107788085938,199.6790008544922,1.0,148.2898406982422,230.68618774414062,1.0,136.1636505126953,219.32818603515625,1.0,124.57012176513672,220.25624084472656,1.0,187.84915161132812,220.60658264160156,1.0,203.61575317382812,218.88038635253906,1.0,149.1451416015625,247.96861267089844,1.0,121.4192886352539,264.1386413574219,1.0,181.84117126464844,269.2528076171875,1.0
1352,155.79339599609375,199.9404754638672,1.0,147.8021240234375,230.96348571777344,1.0,135.43344116210938,219.60643005371094,1.0,124.12059783935547,220.60214233398438,1.0,187.53697204589844,220.61154174804688,1.0,203.41795349121094,218.85293579101562,1.0,148.81077575683594,248.30931091308594,1.0,121.12964630126953,264.6365661621094,1.0,181.5196533203125,269.084228515625,1.0
1353,154.49888610839844,200.55264282226562,1.0,146.09288024902344,230.81210327148438,1.0,135.26670837402344,220.2425537109375,1.0,123.42911529541016,220.82040405273438,1.0,186.8599853515625,220.8303985595703,1.0,202.46519470214844,219.42808532714844,1.0,146.59698486328125,248.56666564941406,1.0,119.56857299804688,265.36334228515625,1.0,180.4169464111328,269.2184753417969,1.0
1354,151.5297088623047,201.12399291992188,1.0,142.0978546142578,231.4690704345703,1.0,131.68756103515625,221.22059631347656,1.0,120.63196563720703,223.2379913330078,1.0,183.2418670654297,221.8166046142578,1.0,199.7593536376953,219.4195098876953,1.0,141.94418334960938,249.9324951171875,1.0,117.21470642089844,266.5548095703125,1.0,176.79640197753906,269.3629455566406,1.0
1355,149.8682403564453,202.296142578125,1.0,140.11892700195312,231.49940490722656,1.0,130.11029052734375,222.4742431640625,1.0,119.17489624023438,224.80213928222656,1.0,181.15557861328125,222.15823364257812,1.0,197.5487518310547,219.55931091308594,1.0,139.53921508789062,250.94134521484375,1.0,116.25119018554688,267.0943603515625,1.0,175.3193817138672,269.6123046875,0.9999998807907104
1356,148.13720703125,202.90655517578125,1.0,138.99061584472656,231.58816528320312,1.0,129.75592041015625,222.88491821289062,1.0,119.19888305664062,224.99993896484375,1.0,180.5921173095703,222.48129272460938,1.0,196.23899841308594,219.56488037109375,1.0,137.9095916748047,250.4662628173828,1.0,115.48719787597656,267.1726989746094,1.0,174.36282348632812,269.4478759765625,1.0
1357,147.47393798828125,203.1125030517578,1.0,138.25100708007812,232.0094757080078,1.0,129.5342559814453,223.2616729736328,1.0,118.7387924194336,225.7309112548828,1.0,180.4330291748047,222.90228271484375,1.0,196.21206665039062,219.7808837890625,1.0,136.86744689941406,251.08212280273438,1.0,115.2359848022461,267.2720947265625,1.0,172.83026123046875,269.7956848144531,1.0
1358,146.30032348632812,203.4908447265625,1.0,137.189208984375,232.14370727539062,1.0,129.22341918945312,223.4160614013672,1.0,118.68392944335938,226.0435028076172,1.0,179.8517303466797,222.7792510986328,1.0,195.72067260742188,219.8828125,1.0,135.56175231933594,250.61309814453125,1.0,114.77303314208984,267.2334899902344,1.0,171.06532287597656,269.79461669921875,1.0
1359,144.01254272460938,204.17678833007812,1.0,134.99024963378906,232.60568237304688,1.0,127.4266357421875,224.19586181640625,1.0,117.64786529541016,227.50389099121094,1.0,178.04861450195312,222.43406677246094,1.0,193.44102478027344,219.921142578125,1.0,133.0679931640625,250.77679443359375,1.0,113.58631896972656,268.1898193359375,1.0,169.9342498779297,268.91510009765625,1.0
1360,139.973388671875,204.88189697265625,1.0,131.64434814453125,232.86021423339844,1.0,125.02373504638672,224.41592407226562,1.0,115.88426971435547,227.47828674316406,1.0,174.35943603515625,222.04261779785156,1.0,190.44802856445312,219.2640838623047,1.0,129.24838256835938,250.65322875976562,1.0,110.8322982788086,267.8210754394531,1.0,167.7061004638672,268.9429016113281,1.0
1361,138.3464813232422,205.39744567871094,1.0,130.502685546875,233.2767333984375,1.0,123.68280029296875,225.3849639892578,1.0,114.83113098144531,228.99349975585938,1.0,172.44215393066406,221.93687438964844,1.0,188.74765014648438,219.39157104492188,1.0,127.86244201660156,250.99755859375,1.0,109.98799896240234,268.2366027832031,1.0,166.83993530273438,269.10943603515625,1.0
1362,137.80642700195312,205.94862365722656,1.0,129.60491943359375,233.60995483398438,1.0,123.28096771240234,225.7015380859375,1.0,114.6698226928711,229.4951934814453,1.0,172.24050903320312,221.89224243164062,1.0,188.653564453125,219.31692504882812,1.0,127.71482849121094,252.05589294433594,1.0,109.45967102050781,268.0607604980469,1.0,166.30914306640625,269.0426940917969,1.0
1363,137.84617614746094,205.79428100585938,1.0,129.36669921875,233.57481384277344,1.0,123.25053405761719,225.54432678222656,1.0,114.53678131103516,228.96958923339844,1.0,172.3609619140625,221.53369140625,1.0,188.120361328125,219.36436462402344,1.0,127.5525131225586,251.99502563476562,1.0,108.92630767822266,267.7786865234375,1.0,165.8234100341797,269.20538330078125,1.0
1364,138.32154846191406,205.568359375,1.0,130.3466033935547,233.02334594726562,1.0,123.94335174560547,224.53677368164062,1.0,115.2188491821289,228.7395477294922,1.0,173.7772216796875,220.75283813476562,1.0,189.49635314941406,218.9300537109375,1.0,127.64197540283203,251.82769775390625,1.0,109.61382293701172,267.7420349121094,1.0,166.3790740966797,269.03564453125,1.0
1365,142.39889526367188,203.77734375,1.0,133.05226135253906,232.25802612304688,1.0,125.9466323852539,223.2352294921875,1.0,116.4263916015625,226.8292694091797,1.0,176.9419708251953,220.37762451171875,1.0,192.01145935058594,218.420166015625,1.0,130.4871368408203,249.7600860595703,1.0,111.58856964111328,267.4652099609375,1.0,168.6046142578125,268.4772644042969,1.0
1366,143.56021118164062,203.7530975341797,1.0,134.275146484375,231.81790161132812,1.0,126.8011703491211,222.78936767578125,1.0,117.02571868896484,226.74942016601562,1.0,177.464599609375,219.86337280273438,1.0,192.95339965820312,218.00514221191406,1.0,132.02842712402344,248.9568634033203,1.0,112.84484100341797,267.8973083496094,1.0,169.4842529296875,269.04730224609375,1.0
1367,144.4701385498047,203.4272003173828,1.0,134.71556091308594,231.68667602539062,1.0,127.00453186035156,222.63946533203125,1.0,117.03692626953125,226.5221710205078,1.0,178.0421142578125,219.86451721191406,1.0,193.5889434814453,218.103759765625,1.0,132.7903289794922,248.75491333007812,1.0,113.54373168945312,267.7569580078125,1.0,169.87075805664062,268.9352111816406,1.0
1368,144.93153381347656,203.28282165527344,1.0,135.39585876464844,231.9785919189453,1.0,127.35330200195312,222.8696746826172,1.0,117.12098693847656,226.20570373535156,1.0,178.06085205078125,220.018310546875,1.0,193.60159301757812,217.78219604492188,1.0,133.86306762695312,248.59005737304688,1.0,113.7057876586914,267.46875,1.0,170.46063232421875,268.5987243652344,1.0
1369,145.17971801757812,203.3838653564453,1.0,135.61056518554688,231.94290161132812,1.0,127.52851104736328,222.8034210205078,1.0,117.12696075439453,226.16336059570312,1.0,178.03114318847656,219.98423767089844,1.0,193.68601989746094,217.6239776611328,1.0,134.21499633789062,248.79086303710938,1.0,113.77192687988281,267.4017028808594,1.0,170.96307373046875,268.2568359375,1.0
1370,145.4711456298828,203.0734405517578,1.0,135.8917694091797,231.81826782226562,1.0,127.74534606933594,222.59922790527344,1.0,117.23200225830078,226.19671630859375,1.0,178.32952880859375,220.15521240234375,1.0,193.99171447753906,217.77627563476562,1.0,134.29745483398438,248.73020935058594,1.0,113.8926010131836,267.32012939453125,1.0,171.0970001220703,268.30352783203125,1.0
1371,145.20245361328125,203.29978942871094,1.0,135.77032470703125,231.71337890625,1.0,127.68416595458984,222.718017578125,1.0,117.36577606201172,226.3345947265625,1.0,178.389892578125,220.11593627929688,1.0,194.06256103515625,217.7540283203125,1.0,134.1791229248047,248.6907501220703,1.0,113.96863555908203,267.4944763183594,1.0,170.99069213867188,268.4486083984375,1.0
1372,144.48300170898438,203.30523681640625,1.0,135.45770263671875,231.60455322265625,1.0,127.09327697753906,223.0803985595703,1.0,116.81759643554688,226.21893310546875,1.0,177.3842315673828,220.5909423828125,1.0,193.5254364013672,218.03305053710938,1.0,133.97024536132812,248.35546875,1.0,113.72078704833984,267.59228515625,1.0,170.6300506591797,268.7034606933594,1.0
1373,143.31619262695312,203.07102966308594,1.0,133.92897033691406,231.6516876220703,1.0,126.04508972167969,223.6820526123047,1.0,116.19795227050781,226.38052368164062,1.0,175.25587463378906,220.0681915283203,1.0,192.00926208496094,219.06837463378906,1.0,132.01242065429688,248.76206970214844,1.0,112.04925537109375,267.25506591796875,1.0,169.00460815429688,268.2559814453125,1.0
1374,141.68283081054688,203.444091796875,1.0,132.58348083496094,231.93186950683594,1.0,125.1966323852539,224.1551513671875,1.0,115.58341217041016,227.74948120117188,1.0,173.9352569580078,220.39346313476562,1.0,190.3102569580078,219.07821655273438,1.0,129.99757385253906,249.88726806640625,1.0,111.140380859375,267.60919189453125,1.0,168.3022003173828,268.2840881347656,1.0
1375,140.79583740234375,203.9592742919922,1.0,132.02627563476562,232.10459899902344,1.0,125.03997802734375,224.39642333984375,1.0,115.72126770019531,227.90830993652344,1.0,173.66307067871094,220.6339874267578,1.0,190.04421997070312,219.1806640625,1.0,129.1587677001953,250.2692108154297,1.0,110.58130645751953,267.7586364746094,1.0,167.54373168945312,268.47357177734375,1.0
1376,140.29713439941406,204.22421264648438,1.0,131.86354064941406,232.12847900390625,1.0,124.98099517822266,224.42506408691406,1.0,115.52701568603516,228.17759704589844,1.0,173.0882568359375,220.70486450195312,1.0,189.6492919921875,218.93605041503906,1.0,128.91647338867188,250.3561553955078,1.0,110.04991912841797,267.4549255371094,1.0,166.85618591308594,268.6033935546875,1.0
1377,139.816650390625,204.25267028808594,1.0,131.35626220703125,232.09507751464844,1.0,124.80113983154297,224.32009887695312,1.0,115.65412902832031,228.14996337890625,1.0,173.08518981933594,220.78579711914062,1.0,189.4142608642578,218.99691772460938,1.0,128.15252685546875,250.60113525390625,1.0,109.93561553955078,267.5511779785156,1.0,166.5361785888672,268.7546081542969,1.0
1378,139.19850158691406,204.46560668945312,1.0,130.8448486328125,232.4371795654297,1.0,124.55198669433594,224.4352264404297,1.0,115.37310791015625,228.2733917236328,1.0,172.0215606689453,220.96832275390625,1.0,188.9425506591797,218.8167266845703,1.0,128.5081329345703,251.3009490966797,1.0,109.46224975585938,267.1054992675781,1.0,166.08258056640625,268.6640930175781,1.0
1379,138.60751342773438,204.84140014648438,1.0,129.7665252685547,232.68975830078125,1.0,123.85807800292969,224.1878204345703,1.0,115.29730224609375,228.8631591796875,1.0,171.650146484375,220.3544464111328,1.0,188.32943725585938,218.6456298828125,1.0,126.58876037597656,251.2061309814453,1.0,108.90229034423828,267.13134765625,1.0,164.99078369140625,267.7137451171875,1.0
1380,138.42730712890625,204.47930908203125,1.0,128.8270263671875,232.4914093017578,1.0,123.479736328125,224.44557189941406,1.0,115.28736877441406,228.56512451171875,1.0,170.8125,220.6090087890625,1.0,187.49624633789062,218.34165954589844,1.0,125.99345397949219,250.6585235595703,1.0,107.76480865478516,266.8398742675781,1.0,164.04225158691406,267.7228698730469,1.0
1381,138.150634765625,204.79959106445312,1.0,128.5078582763672,232.7432098388672,1.0,123.34817504882812,224.54478454589844,1.0,115.30400848388672,228.92210388183594,1.0,170.87181091308594,220.5760955810547,1.0,187.65516662597656,218.2231903076172,1.0,125.55459594726562,250.9638671875,1.0,108.0475082397461,266.7185363769531,1.0,163.81886291503906,267.6328125,1.0
1382,137.89724731445312,205.02102661132812,1.0,128.3855743408203,232.86341857910156,1.0,123.26384735107422,224.63832092285156,1.0,115.19815063476562,229.11102294921875,1.0,170.7449188232422,220.478515625,1.0,187.358154296875,218.07875061035156,1.0,125.48802947998047,251.04208374023438,1.0,108.16875457763672,267.07440185546875,1.0,163.8251495361328,267.6454772949219,1.0
1383,137.9423370361328,204.92953491210938,1.0,128.3985595703125,232.76039123535156,1.0,123.1546401977539,224.50279235839844,1.0,115.0615463256836,229.0928192138672,1.0,170.8873748779297,220.36968994140625,1.0,187.48350524902344,218.02549743652344,1.0,125.44801330566406,250.99253845214844,1.0,108.07942962646484,267.0807800292969,1.0,164.0481719970703,267.61285400390625,1.0
1384,138.1425323486328,204.93751525878906,1.0,128.51174926757812,232.9727783203125,1.0,123.24195861816406,224.657958984375,1.0,115.21269989013672,229.03956604003906,1.0,171.08001708984375,220.37538146972656,1.0,187.4661407470703,217.85704040527344,1.0,125.50646209716797,251.022216796875,1.0,107.97859954833984,267.01220703125,1.0,163.98782348632812,267.6805725097656,1.0
1385,137.9720458984375,205.0083465576172,1.0,128.47525024414062,232.98178100585938,1.0,123.3552017211914,224.59710693359375,1.0,115.29872131347656,229.00941467285156,1.0,170.80661010742188,220.31060791015625,1.0,187.12242126464844,217.97677612304688,1.0,125.39308166503906,251.12136840820312,1.0,108.12451934814453,267.1812438964844,1.0,163.79225158691406,267.85076904296875,1.0
1386,137.72225952148438,204.99044799804688,1.0,128.19212341308594,232.88421630859375,1.0,123.32601165771484,224.58807373046875,1.0,115.21167755126953,228.82179260253906,1.0,170.82533264160156,220.3377227783203,1.0,187.1498565673828,217.8114471435547,1.0,125.17407989501953,251.13253784179688,1.0,108.13594818115234,267.1354064941406,1.0,163.71871948242188,267.9432678222656,1.0
1387,137.62811279296875,205.12762451171875,1.0,128.0300750732422,232.90650939941406,1.0,123.29179382324219,224.63519287109375,1.0,115.31425476074219,228.8851776123047,1.0,170.77149963378906,220.25680541992188,1.0,187.29884338378906,217.84048461914062,1.0,125.01589965820312,251.07728576660156,1.0,108.07543182373047,266.9554138183594,1.0,163.72544860839844,267.6780090332031,1.0
1388,137.64173889160156,205.20089721679688,1.0,127.87686920166016,232.94009399414062,1.0,123.31134033203125,224.73435974121094,1.0,115.30133056640625,229.17832946777344,1.0,170.78350830078125,220.43829345703125,1.0,187.27113342285156,217.94448852539062,1.0,124.69960021972656,251.11207580566406,1.0,108.02373504638672,267.11700439453125,1.0,163.4387969970703,268.01458740234375,1.0
1389,137.4302215576172,205.16290283203125,1.0,127.63265991210938,233.00933837890625,1.0,123.09091186523438,225.04327392578125,1.0,115.2579116821289,229.23439025878906,1.0,170.63104248046875,220.3818817138672,1.0,186.9748077392578,218.0479736328125,1.0,124.65959930419922,251.07736206054688,1.0,107.89949035644531,267.0344543457031,1.0,163.385986328125,267.79949951171875,1.0
1390,137.42727661132812,205.08152770996094,1.0,127.56220245361328,232.82275390625,1.0,123.12983703613281,224.85015869140625,1.0,115.23328399658203,229.0354461669922,1.0,170.6446533203125,220.20675659179688,1.0,187.10342407226562,217.98211669921875,1.0,124.45099639892578,250.86756896972656,1.0,107.72434997558594,266.8684997558594,1.0,163.18699645996094,267.7978820800781,1.0
1391,137.216796875,205.21485900878906,1.0,127.39859771728516,232.82318115234375,1.0,123.0690689086914,224.96035766601562,1.0,115.32857513427734,229.1044464111328,0.9999998807907104,170.36863708496094,220.21275329589844,1.0,186.96766662597656,218.0835418701172,1.0,124.34618377685547,250.80430603027344,1.0,107.7212142944336,266.69732666015625,1.0,163.3141326904297,267.5569152832031,1.0
1392,137.14376831054688,205.67015075683594,1.0,127.1635971069336,232.61895751953125,1.0,123.1070785522461,224.7142333984375,1.0,115.21861267089844,229.14691162109375,0.9999998807907104,170.1652374267578,220.6477508544922,1.0,186.85833740234375,218.2821044921875,1.0,123.92009735107422,250.71348571777344,1.0,107.55484771728516,266.76898193359375,1.0,163.108154296875,267.3219299316406,1.0
1393,137.16566467285156,205.88401794433594,1.0,127.2295150756836,232.70779418945312,1.0,122.77192687988281,225.1187744140625,1.0,115.16253662109375,229.31747436523438,0.9999998807907104,170.17849731445312,220.69976806640625,1.0,186.8214111328125,218.34498596191406,1.0,124.07562255859375,250.6458282470703,1.0,107.49471282958984,266.8658447265625,1.0,162.79818725585938,267.3658447265625,1.0
1394,137.21925354003906,205.58120727539062,1.0,127.09428405761719,232.76368713378906,1.0,123.08708953857422,224.68638610839844,1.0,115.2345962524414,229.03868103027344,0.9999995231628418,170.11102294921875,220.7079620361328,1.0,186.88128662109375,218.3670196533203,1.0,123.76571655273438,250.6558380126953,1.0,107.55758666992188,266.7773132324219,1.0,162.86456298828125,267.38922119140625,1.0
1395,137.1394500732422,205.70379638671875,1.0,126.82453155517578,232.5317840576172,1.0,122.78547668457031,225.04541015625,0.9999998807907104,115.07796478271484,228.89840698242188,0.9999992847442627,169.9498748779297,220.5917205810547,1.0,186.74346923828125,218.25759887695312,1.0,123.27355194091797,250.30084228515625,1.0,107.2303695678711,266.3148498535156,1.0,162.52700805664062,267.1483154296875,1.0
1396,136.88134765625,205.7777557373047,1.0,126.56120300292969,232.11892700195312,1.0,122.85380554199219,224.75753784179688,0.9999998807907104,114.8875961303711,228.7589569091797,0.9999990463256836,169.8233642578125,220.53390502929688,1.0,186.6747589111328,218.2572021484375,1.0,122.83382415771484,249.74131774902344,1.0,107.05009460449219,266.25958251953125,1.0,162.3937530517578,266.9290466308594,1.0
1397,136.768798828125,205.61538696289062,1.0,126.54376220703125,231.9688262939453,1.0,122.88356018066406,224.5297088623047,0.9999997615814209,114.9747543334961,228.41433715820312,0.999997615814209,169.76402282714844,220.47203063964844,1.0,186.69790649414062,218.3153076171875,1.0,122.73512268066406,249.4649200439453,1.0,107.17949676513672,266.0774230957031,1.0,162.3966522216797,266.7215576171875,1.0
1398,136.5895538330078,205.5140380859375,1.0,126.52804565429688,231.62840270996094,1.0,122.93708038330078,224.4186553955078,0.9999995231628418,115.03272247314453,228.20904541015625,0.9999964237213135,169.72756958007812,220.4697723388672,1.0,186.57028198242188,218.03440856933594,1.0,122.59285736083984,249.70005798339844,1.0,107.26238250732422,265.97406005859375,1.0,161.940673828125,266.1443786621094,1.0
1399,136.6864013671875,205.2764129638672,1.0,126.5726547241211,231.1438446044922,1.0,122.57302856445312,224.4329071044922,0.9999995231628418,115.01287841796875,227.8034210205078,0.9999969005584717,169.7319793701172,220.30979919433594,1.0,186.61477661132812,218.00877380371094,1.0,122.50360870361328,249.0062255859375,1.0,106.82421112060547,265.8648376464844,1.0,161.3201904296875,265.95068359375,1.0
1400,136.53619384765625,205.06307983398438,1.0,126.42756652832031,230.79348754882812,1.0,122.28125,224.51100158691406,0.9999978542327881,114.88756561279297,227.60848999023438,0.9999898672103882,170.1924285888672,219.99111938476562,1.0,186.4425048828125,217.963623046875,1.0,122.07117462158203,248.74795532226562,1.0,106.73201751708984,265.6915588378906,1.0,160.39288330078125,266.0202331542969,1.0
1401,136.45431518554688,204.603271484375,1.0,126.26009368896484,230.34091186523438,1.0,122.48571014404297,223.8926239013672,0.9999915361404419,114.51976776123047,226.8839111328125,0.9999607801437378,170.3112030029297,219.7578582763672,1.0,186.64353942871094,217.85955810546875,1.0,121.9780502319336,248.4546356201172,1.0,106.45354461669922,265.2072448730469,1.0,160.32534790039062,265.959716796875,1.0
1402,136.05868530273438,204.56509399414062,1.0,125.55538940429688,230.17166137695312,1.0,121.7738265991211,224.19873046875,0.9999864101409912,114.09300231933594,226.84243774414062,0.9998995065689087,169.7039794921875,219.85638427734375,1.0,186.46961975097656,217.88333129882812,1.0,121.00337982177734,247.91976928710938,1.0,106.14508056640625,264.93798828125,1.0,160.16549682617188,265.8734436035156,1.0
1403,135.02630615234375,204.835693359375,1.0,125.14122009277344,228.58973693847656,1.0,120.41817474365234,223.49191284179688,0.9981056451797485,113.67942810058594,225.76100158691406,0.972574770450592,167.21170043945312,219.50302124023438,1.0,183.4618682861328,218.1500701904297,1.0,119.90119171142578,246.51556396484375,1.0,104.41371154785156,264.0465087890625,1.0,158.84878540039062,265.0665588378906,1.0
1404,134.20301818847656,204.1561279296875,1.0,123.34603881835938,228.22055053710938,1.0,118.56698608398438,223.54141235351562,0.5194093585014343,112.90818786621094,224.78892517089844,0.27307385206222534,165.7606964111328,219.41966247558594,1.0,182.55369567871094,217.8925323486328,1.0,118.6896743774414,246.67613220214844,1.0,103.7209701538086,263.7796630859375,1.0,157.88670349121094,265.1463623046875,1.0
1405,133.37313842773438,203.92320251464844,1.0,122.85154724121094,228.02236938476562,1.0,117.67984771728516,223.83184814453125,0.11934500932693481,111.97936248779297,225.3922119140625,0.09901614487171173,165.27542114257812,219.7181854248047,1.0,182.0277099609375,218.25729370117188,1.0,118.5246353149414,246.59266662597656,1.0,103.80120849609375,264.1238098144531,1.0,157.822265625,265.1770324707031,1.0
1406,133.3029327392578,204.02743530273438,1.0,122.74334716796875,228.11758422851562,1.0,117.5019302368164,223.88156127929688,0.04427751898765564,111.91656494140625,225.57864379882812,0.059083160012960434,165.18243408203125,219.7497100830078,1.0,181.8349151611328,218.34225463867188,1.0,118.48310089111328,246.44630432128906,1.0,103.66809844970703,264.16387939453125,1.0,157.71148681640625,265.4472961425781,1.0
1407,133.03404235839844,204.03677368164062,1.0,122.04769134521484,228.5027313232422,1.0,117.3635482788086,223.90289306640625,0.012807889841496944,111.2623291015625,225.8661346435547,0.014961202628910542,165.03822326660156,219.8931427001953,1.0,181.89166259765625,218.34666442871094,1.0,118.50343322753906,246.70811462402344,1.0,103.52594757080078,264.119140625,1.0,157.69166564941406,265.3652648925781,1.0
1408,132.73721313476562,203.8341064453125,1.0,121.81721496582031,228.57322692871094,1.0,117.15975952148438,223.8795623779297,0.009007535874843597,111.07505798339844,225.9390411376953,0.011921417899429798,164.8510284423828,220.14634704589844,1.0,181.5677947998047,218.673095703125,1.0,118.3283462524414,246.77078247070312,1.0,103.4564437866211,264.3388977050781,1.0,157.51124572753906,265.6180725097656,1.0
1409,132.93666076660156,203.95252990722656,1.0,121.95673370361328,228.52603149414062,1.0,117.3170394897461,223.8795623779297,0.005835416726768017,111.17245483398438,225.92698669433594,0.007168171927332878,164.81512451171875,220.17233276367188,1.0,181.5331573486328,218.70840454101562,1.0,118.34861755371094,246.74449157714844,1.0,103.44157409667969,264.3247375488281,1.0,157.3211212158203,265.8451843261719,1.0
1410,132.76954650878906,203.84722900390625,1.0,121.57505798339844,228.69944763183594,1.0,116.9715347290039,223.9877166748047,0.0058158584870398045,110.88911437988281,226.15478515625,0.008479315787553787,164.9883270263672,220.1842041015625,1.0,181.68385314941406,218.74378967285156,1.0,118.21763610839844,246.7674560546875,1.0,103.40249633789062,264.41094970703125,1.0,156.96121215820312,266.0374755859375,1.0
1411,132.6097412109375,204.89405822753906,1.0,121.72953796386719,228.76559448242188,1.0,117.00981140136719,223.91726684570312,0.005241366568952799,110.92679595947266,226.25039672851562,0.006312820594757795,165.59825134277344,219.92538452148438,1.0,182.1503143310547,218.76490783691406,1.0,118.25070190429688,246.78712463378906,1.0,103.38702392578125,264.639892578125,1.0,157.41627502441406,265.92645263671875,1.0
1412,132.17550659179688,204.3725128173828,1.0,121.48539733886719,228.787109375,1.0,116.76493072509766,223.81448364257812,0.003786430461332202,110.63338470458984,225.9206085205078,0.004981773439794779,165.40675354003906,219.6916046142578,1.0,182.1121368408203,218.42137145996094,1.0,118.00260925292969,246.49557495117188,1.0,103.18824768066406,264.19549560546875,1.0,157.35630798339844,265.93170166015625,1.0
1413,132.19091796875,204.70602416992188,1.0,121.01526641845703,228.80941772460938,1.0,116.4223861694336,223.9347686767578,0.00106861162930727,110.29669189453125,226.11618041992188,0.0017349831759929657,165.61636352539062,219.7984161376953,1.0,182.3834228515625,218.3147735595703,1.0,117.80754089355469,246.27613830566406,1.0,103.37539672851562,264.62420654296875,1.0,157.5301055908203,265.8914794921875,1.0
1414,132.48690795898438,204.0081787109375,1.0,121.0307388305664,228.4861602783203,1.0,116.44950103759766,223.8267059326172,0.0009498373256064951,110.04063415527344,225.79698181152344,0.0010316165862604976,165.6630401611328,219.6633758544922,1.0,182.35845947265625,218.45294189453125,1.0,117.79722595214844,245.3854522705078,1.0,103.32389068603516,264.4327087402344,1.0,157.60865783691406,265.6430358886719,1.0
1415,132.5180206298828,203.76461791992188,1.0,120.74176025390625,228.0181884765625,1.0,116.38978576660156,223.5765838623047,0.000828673888463527,109.9820556640625,225.06295776367188,0.00143414456397295,165.88711547851562,219.5041961669922,1.0,182.46214294433594,218.46315002441406,1.0,117.60540771484375,244.86941528320312,1.0,103.08504486083984,263.64776611328125,1.0,157.41806030273438,265.2735900878906,1.0
1416,133.06105041503906,203.14956665039062,1.0,121.1543960571289,227.1517791748047,1.0,116.51412200927734,223.70697021484375,0.000982423429377377,110.33382415771484,224.60610961914062,0.0016386120114475489,166.2984161376953,219.23927307128906,1.0,182.4411163330078,217.91233825683594,1.0,117.48861694335938,244.1452178955078,1.0,102.94884490966797,262.7179870605469,1.0,157.72933959960938,265.24395751953125,1.0
1417,133.19810485839844,202.9814453125,1.0,121.05828857421875,227.1197509765625,1.0,116.87287139892578,223.71548461914062,0.0010263557778671384,110.49755859375,224.7003631591797,0.0017084123101085424,166.19134521484375,218.88720703125,1.0,182.61349487304688,218.1124725341797,1.0,117.43628692626953,244.0626220703125,1.0,102.7721176147461,262.40869140625,1.0,157.84872436523438,265.21026611328125,1.0
1418,132.92596435546875,200.42898559570312,1.0,119.04012298583984,225.25253295898438,1.0,113.65331268310547,214.51226806640625,0.0001936543412739411,100.17926025390625,210.18695068359375,0.00025409244699403644,165.3424835205078,216.72100830078125,1.0,181.85096740722656,216.9927520751953,1.0,115.42755126953125,241.48126220703125,1.0,103.11222839355469,260.30145263671875,0.9999995231628418,156.22386169433594,264.1566467285156,1.0
1419,133.09837341308594,198.6883544921875,1.0,119.21158599853516,223.40895080566406,1.0,109.15567779541016,223.9577178955078,0.00018609387916512787,100.3048095703125,209.6771697998047,0.0003354674845468253,164.92141723632812,216.2128143310547,1.0,181.31024169921875,215.58998107910156,1.0,114.26356506347656,240.4199981689453,1.0,102.87236785888672,258.51531982421875,0.9999618530273438,154.9940948486328,262.89410400390625,1.0
1420,132.58627319335938,198.716552734375,1.0,118.49685668945312,223.59153747558594,1.0,109.0936279296875,223.6514892578125,0.00029329003882594407,100.2306137084961,210.2305145263672,0.00020985989249311388,164.72149658203125,216.4481658935547,1.0,180.96109008789062,215.44375610351562,1.0,113.80177307128906,239.5668182373047,1.0,102.37347412109375,258.5172424316406,0.9998681545257568,153.6835174560547,262.95208740234375,1.0
1421,132.80722045898438,198.57882690429688,1.0,118.12875366210938,223.53981018066406,1.0,109.12522888183594,223.6229705810547,0.0004452879948075861,99.89539337158203,210.29693603515625,0.00021669648413080722,164.18032836914062,216.34669494628906,1.0,180.6182403564453,215.6640167236328,1.0,113.2059097290039,239.3284454345703,1.0,102.2309341430664,258.66864013671875,0.999875545501709,152.34327697753906,262.8692626953125,1.0
1422,132.15341186523438,198.4528350830078,1.0,117.35287475585938,223.11233520507812,1.0,108.97161865234375,223.27699279785156,0.0007098459172993898,106.34640502929688,223.71514892578125,0.00029665997135452926,163.07723999023438,216.57176208496094,1.0,178.75137329101562,216.7314910888672,1.0,111.52658081054688,238.54653930664062,1.0,101.3966293334961,258.2930908203125,0.9999188184738159,150.13600158691406,262.7081298828125,1.0
1423,128.87391662597656,199.7509765625,1.0,115.06106567382812,224.82955932617188,1.0,107.49134826660156,223.8509063720703,0.00048702818457968533,192.9283905029297,212.70437622070312,0.00026645397883839905,159.36436462402344,217.79075622558594,1.0,173.7405548095703,215.9415283203125,1.0,107.54660034179688,238.64956665039062,1.0,98.73542785644531,258.1586608886719,0.9951851963996887,146.56198120117188,263.0198974609375,1.0
1424,126.93537139892578,201.48150634765625,1.0,112.98017883300781,226.04617309570312,1.0,106.9864501953125,224.6945343017578,0.0008851121529005468,104.9175796508789,224.3321990966797,0.000367723434465006,157.4064483642578,218.81544494628906,1.0,171.77891540527344,216.79385375976562,1.0,105.28023529052734,239.1035614013672,1.0,96.68223571777344,258.64471435546875,0.987057626247406,143.70864868164062,264.2259826660156,0.9999995231628418
1425,125.67635345458984,202.44894409179688,1.0,111.7647476196289,226.53346252441406,1.0,106.3276596069336,225.57655334472656,0.0009090581443160772,104.05171203613281,224.97657775878906,0.0004706870822701603,156.4081268310547,219.4856414794922,1.0,170.97642517089844,217.82656860351562,1.0,103.1812515258789,239.1298370361328,1.0,95.53275299072266,259.64801025390625,0.8698986172676086,140.71530151367188,264.4217529296875,0.9999988079071045
1426,124.39491271972656,203.45565795898438,1.0,110.29441833496094,227.2814178466797,1.0,105.52591705322266,226.0196990966797,0.0011608575005084276,102.680908203125,225.88023376464844,0.0006172682624310255,155.2284698486328,219.92442321777344,1.0,169.86761474609375,218.9895477294922,1.0,101.95008850097656,239.89004516601562,1.0,94.77725219726562,260.0302734375,0.500484824180603,138.33741760253906,264.6419372558594,0.9999985694885254
1427,121.1451644897461,204.82713317871094,1.0,107.81079864501953,226.73280334472656,1.0,96.91944122314453,226.19749450683594,0.0007752351812086999,82.42552947998047,208.94940185546875,0.0005527852335944772,151.801513671875,220.28204345703125,1.0,165.71087646484375,219.13458251953125,1.0,99.23470306396484,241.79159545898438,1.0,89.65435028076172,259.9067077636719,0.37643593549728394,137.12709045410156,264.9318542480469,0.999998927116394
1428,118.58848571777344,205.21820068359375,1.0,104.72661590576172,226.64378356933594,1.0,94.1153793334961,226.5476837158203,0.0010329766664654016,197.8282470703125,257.5334777832031,0.00048779670032672584,147.7318115234375,219.69808959960938,1.0,161.1158447265625,218.4506072998047,1.0,94.9622802734375,240.8224334716797,1.0,179.9148712158203,276.073974609375,0.5281349420547485,131.79197692871094,265.28631591796875,0.9999996423721313
1429,118.30877685546875,205.1502227783203,1.0,103.47856903076172,225.85891723632812,1.0,93.7996826171875,226.5503692626953,0.0008387331617996097,82.74946594238281,209.66371154785156,0.00023265578784048557,146.78945922851562,220.0133819580078,1.0,159.26576232910156,218.9336395263672,1.0,93.42977905273438,240.2595977783203,1.0,85.1011962890625,256.6594543457031,0.002354057040065527,130.34579467773438,264.76129150390625,0.9999997615814209
1430,118.25653076171875,204.79627990722656,1.0,102.82054138183594,226.40638732910156,1.0,93.91392517089844,226.52850341796875,0.0007096981280483305,82.79228973388672,209.49713134765625,0.000388837099308148,146.4493865966797,219.8174591064453,1.0,159.32000732421875,219.40084838867188,1.0,92.47117614746094,240.08656311035156,1.0,83.76614379882812,256.779296875,0.003984371665865183,127.6343994140625,264.82891845703125,0.9999995231628418
1431,118.45158386230469,204.84616088867188,1.0,102.46976470947266,225.90248107910156,1.0,93.74633026123047,226.83737182617188,0.0006395707605406642,82.76077270507812,209.46807861328125,0.0003602023352868855,145.8967742919922,219.75921630859375,1.0,158.95726013183594,219.62283325195312,1.0,92.18025970458984,240.55374145507812,1.0,83.47654724121094,256.60540771484375,0.004282785579562187,127.68538665771484,264.8112487792969,0.9999995231628418
1432,116.10811614990234,205.65255737304688,1.0,101.36898040771484,226.83543395996094,1.0,93.75281524658203,227.22958374023438,0.0006674114847555757,143.61428833007812,266.3345947265625,0.0003637740155681968,143.2061004638672,222.08547973632812,1.0,154.5262451171875,220.94229125976562,1.0,91.40872192382812,240.58155822753906,1.0,82.85941314697266,257.3756103515625,0.00684769032523036,125.26070404052734,264.9196472167969,0.9999984502792358
1433,111.71330261230469,210.82398986816406,1.0,95.29424285888672,234.11666870117188,1.0,133.0284423828125,229.3779296875,0.0003882426244672388,65.70225524902344,222.3418426513672,0.0005919309332966805,135.99087524414062,226.38914489746094,1.0,145.34619140625,223.8649444580078,1.0,85.54179382324219,249.23773193359375,0.9999998807907104,164.30136108398438,275.2546081542969,0.009974544867873192,117.8987045288086,268.122314453125,0.9999797344207764
1434,105.05288696289062,215.67861938476562,1.0,90.63969421386719,239.7430419921875,1.0,85.4135513305664,232.0131378173828,0.0005436178180389106,66.47410583496094,223.47019958496094,0.0003668031422421336,130.65045166015625,229.75086975097656,1.0,141.0925750732422,226.68739318847656,1.0,81.35060119628906,254.41787719726562,0.9999998807907104,156.69789123535156,278.8603210449219,0.012901167385280132,115.1652603149414,271.3439025878906,0.9999854564666748
1435,102.2828369140625,217.087890625,1.0,88.0918960571289,242.59228515625,1.0,83.27542877197266,232.91233825683594,0.0009495250415056944,176.41354370117188,257.3280029296875,0.00037648764555342495,127.84026336669922,231.37664794921875,1.0,137.7773895263672,228.18930053710938,1.0,80.33750915527344,257.60418701171875,0.9999997615814209,163.0476837158203,276.3199157714844,0.02436700277030468,112.75489807128906,273.2774658203125,0.9999935626983643
1436,101.0395736694336,217.27684020996094,1.0,86.42438507080078,243.399658203125,1.0,77.97044372558594,243.2969207763672,0.0005566462059505284,176.3829803466797,257.456787109375,0.00030940992292016745,126.6913070678711,231.68325805664062,1.0,137.13290405273438,228.64100646972656,1.0,78.78215026855469,259.48016357421875,1.0,164.52166748046875,275.18035888671875,0.007676063105463982,111.99574279785156,274.1864318847656,0.9999990463256836
1437,100.83692169189453,217.72702026367188,1.0,86.05877685546875,243.65087890625,1.0,77.72416687011719,243.3633575439453,0.0006974123534746468,166.7977752685547,264.6199951171875,0.000287332251900807,126.01850128173828,232.05117797851562,1.0,136.06333923339844,229.276123046875,1.0,78.4979019165039,259.3758544921875,1.0,164.65748596191406,275.1233825683594,0.0054303850047290325,111.83253479003906,274.3609924316406,0.9999990463256836
1438,100.52816009521484,217.4567108154297,1.0,85.86544036865234,243.81222534179688,1.0,85.38695526123047,233.59776306152344,0.0007182426052168012,161.22276306152344,263.59881591796875,0.00030302684172056615,125.96302032470703,231.98748779296875,1.0,136.1669464111328,229.31161499023438,1.0,78.59346008300781,259.65533447265625,1.0,165.1498565673828,275.001220703125,0.00479557178914547,111.70732879638672,274.2376403808594,0.9999982118606567
1439,100.18407440185547,217.40884399414062,1.0,85.6755142211914,244.0231170654297,1.0,85.0290756225586,234.0679931640625,0.0005951421335339546,161.4845733642578,263.1727294921875,0.00024525230401195586,125.6444091796875,232.09014892578125,1.0,135.80010986328125,229.4243621826172,1.0,78.41090393066406,259.61871337890625,1.0,165.00978088378906,275.05010986328125,0.01927817240357399,111.79212951660156,274.41754150390625,0.9999978542327881
1440,100.32486724853516,217.05535888671875,1.0,85.26323699951172,244.2412872314453,1.0,85.25434875488281,233.75018310546875,0.0010472458088770509,176.11895751953125,258.6620178222656,0.00044935461482964456,125.68553924560547,231.4994659423828,1.0,135.58132934570312,229.77325439453125,1.0,77.84282684326172,260.3829040527344,1.0,163.33628845214844,276.82659912109375,0.1850210577249527,111.29269409179688,275.0014953613281,0.9999990463256836
1441,100.26019287109375,216.7129364013672,1.0,84.77099609375,244.06654357910156,1.0,88.67094421386719,235.77908325195312,0.000613305252045393,166.8108367919922,265.3627014160156,0.000313302967697382,125.00444793701172,231.24026489257812,1.0,134.7180633544922,229.24462890625,1.0,77.4218521118164,260.6042175292969,1.0,163.0435333251953,275.2283020019531,0.011182480491697788,110.65315246582031,274.8077087402344,0.9999977350234985
1442,100.33717346191406,216.23013305664062,1.0,84.8218994140625,244.04331970214844,1.0,88.6445541381836,235.72158813476562,0.0006487503414973617,160.06613159179688,262.5760192871094,0.0005104240262880921,124.68988037109375,231.2525634765625,1.0,134.49789428710938,229.3909912109375,1.0,77.365966796875,260.4725341796875,1.0,155.82518005371094,278.4918518066406,0.2148207575082779,109.83819580078125,275.167236328125,0.999998927116394
1443,100.16571044921875,216.5679168701172,1.0,84.57215118408203,243.7907257080078,1.0,88.40503692626953,235.8043670654297,0.0005884665297344327,159.46859741210938,263.5139465332031,0.0006968645611777902,124.28018188476562,231.31295776367188,1.0,133.97190856933594,229.24082946777344,1.0,76.96394348144531,260.232421875,1.0,155.71177673339844,278.16802978515625,0.06758267432451248,109.3854751586914,274.897705078125,0.9999991655349731
1444,100.43665313720703,215.8463897705078,1.0,84.44852447509766,243.19430541992188,1.0,79.98136901855469,232.25633239746094,0.0004393358831293881,160.11669921875,262.0810546875,0.00039387488504871726,124.014892578125,231.10116577148438,1.0,133.81515502929688,228.76683044433594,1.0,76.80615234375,259.32379150390625,1.0,155.022216796875,278.282958984375,0.25836843252182007,109.27429962158203,274.9973449707031,0.9999995231628418
1445,100.06832122802734,215.63629150390625,1.0,84.32642364501953,242.88763427734375,1.0,79.84477233886719,231.99005126953125,0.00047821656335145235,175.30233764648438,254.55528259277344,0.00038955037598498166,123.82921600341797,230.5822296142578,1.0,133.61671447753906,228.7953643798828,1.0,76.66829681396484,259.16033935546875,1.0,153.85150146484375,278.9114990234375,0.6697267889976501,108.804443359375,275.24627685546875,0.9999991655349731
1446,100.02775573730469,215.4069366455078,1.0,84.09849548339844,242.92420959472656,1.0,79.8495864868164,231.97390747070312,0.0004981003003194928,174.96315002441406,259.190673828125,0.0003815584641415626,123.58660888671875,230.5751953125,1.0,133.24365234375,228.6257781982422,1.0,76.41934967041016,259.59771728515625,1.0,154.4581298828125,279.2553405761719,0.3626960217952728,108.67781066894531,275.20819091796875,0.9999995231628418
1447,100.25672912597656,214.8746337890625,1.0,84.02043914794922,242.6932830810547,1.0,79.52223205566406,231.70753479003906,0.00048622387112118304,174.32843017578125,259.2669677734375,0.0003702397516462952,123.47872161865234,230.61204528808594,1.0,133.15432739257812,228.45042419433594,1.0,76.27371215820312,259.4071350097656,1.0,154.84133911132812,279.0444030761719,0.2839106619358063,108.77864837646484,275.2454528808594,0.9999995231628418
1448,100.35694885253906,214.0736541748047,1.0,83.97771453857422,242.2724609375,1.0,79.32569885253906,231.13363647460938,0.000594496086705476,160.38185119628906,262.1576232910156,0.0003879806608892977,123.70906066894531,230.30987548828125,1.0,133.33543395996094,228.2677764892578,1.0,76.0837173461914,259.36199951171875,1.0,155.00967407226562,278.7524719238281,0.12582556903362274,108.75493621826172,275.219482421875,0.9999996423721313
1449,100.02254486083984,214.05459594726562,1.0,83.8388671875,241.92498779296875,1.0,78.82568359375,230.67164611816406,0.0007852468406781554,160.61483764648438,263.0825500488281,0.0004073027812410146,123.60433959960938,230.07469177246094,1.0,133.43118286132812,228.06057739257812,1.0,75.90645599365234,259.4474792480469,1.0,155.7349853515625,278.28753662109375,0.033782608807086945,108.68987274169922,275.0306701660156,0.9999997615814209
1450,100.07243347167969,214.3887176513672,1.0,84.07178497314453,241.66119384765625,1.0,79.29611206054688,230.55226135253906,0.0009799690451472998,159.83258056640625,263.0514221191406,0.0006020731525495648,123.50179290771484,229.77464294433594,1.0,133.1322479248047,227.5467071533203,1.0,76.01393127441406,259.1908874511719,1.0,155.30804443359375,277.99151611328125,0.02420787513256073,108.87085723876953,274.7060852050781,0.9999997615814209
1451,100.25079345703125,214.39170837402344,1.0,84.02979278564453,241.6271209716797,1.0,83.40052795410156,230.68524169921875,0.0007552922470495105,159.4073486328125,262.9594421386719,0.0005854233168065548,123.55718994140625,229.67083740234375,1.0,133.18295288085938,227.4544677734375,1.0,75.92218780517578,259.3132629394531,1.0,155.51747131347656,277.5538330078125,0.016540303826332092,108.77972412109375,274.73760986328125,0.9999997615814209
1452,100.11575317382812,214.86395263671875,1.0,84.43209838867188,241.28900146484375,1.0,83.38919830322266,231.05972290039062,0.0009710300946608186,64.57088470458984,208.45489501953125,0.000282802531728521,124.02384948730469,229.62667846679688,1.0,133.93612670898438,227.23406982421875,1.0,76.19650268554688,258.1415710449219,1.0,70.12993621826172,268.5810852050781,0.0033903790172189474,109.35770416259766,274.4898376464844,0.9999997615814209
1453,100.2057113647461,214.60726928710938,1.0,84.54145812988281,240.8065643310547,1.0,79.63213348388672,230.8791961669922,0.0014339227927848697,64.7443618774414,208.63351440429688,0.0002864979614969343,124.18641662597656,230.226318359375,1.0,133.83470153808594,227.17214965820312,1.0,76.23312377929688,257.9698486328125,1.0,155.72515869140625,277.53472900390625,0.01256170216947794,109.19586944580078,274.45782470703125,0.9999997615814209
1454,100.38005065917969,214.01666259765625,1.0,84.3476791381836,240.5308837890625,1.0,79.5947265625,230.64991760253906,0.0012485196348279715,64.84874725341797,208.53939819335938,0.0002486038429196924,124.10978698730469,230.27471923828125,1.0,133.89422607421875,227.2112274169922,1.0,76.0648193359375,257.7091979980469,1.0,155.92544555664062,277.349853515625,0.009171541780233383,109.27515411376953,274.5155944824219,0.9999998807907104
1455,100.48456573486328,214.12277221679688,1.0,84.41705322265625,240.4756622314453,1.0,79.60941314697266,230.48870849609375,0.000890997180249542,64.9124526977539,208.44430541992188,0.0002821427187882364,124.15038299560547,230.21925354003906,1.0,133.83966064453125,227.22378540039062,1.0,75.81246185302734,257.3116760253906,1.0,155.62820434570312,277.1853332519531,0.020277835428714752,109.2131576538086,274.356689453125,0.9999997615814209
1456,100.48391723632812,214.17361450195312,1.0,84.30814361572266,240.14300537109375,1.0,79.34477996826172,230.4572296142578,0.0009033920941874385,64.9475326538086,208.37037658691406,0.0002960414858534932,123.65494537353516,229.89881896972656,1.0,133.44664001464844,226.9385986328125,1.0,75.82460021972656,257.3025817871094,1.0,155.14837646484375,276.8890075683594,0.032560255378484726,107.80776977539062,274.05194091796875,0.9999997615814209
1457,100.35873413085938,213.6956787109375,1.0,84.17767333984375,239.8495330810547,1.0,83.46549987792969,229.74449157714844,0.0005014375783503056,65.00225830078125,208.51028442382812,0.00038056416087783873,121.766845703125,229.4381866455078,1.0,130.75450134277344,227.17164611816406,1.0,75.6620864868164,257.14752197265625,1.0,164.16563415527344,267.2647705078125,0.0040557957254350185,107.30744934082031,273.814453125,0.9999994039535522
1458,99.73957061767578,214.98724365234375,1.0,83.40599822998047,241.36849975585938,1.0,83.58232116699219,228.49142456054688,0.0010659670224413276,157.6336669921875,267.0863342285156,0.00035557468072511256,119.71871185302734,231.55482482910156,0.9999997615814209,126.91151428222656,230.01480102539062,1.0,74.73420715332031,258.7756652832031,1.0,163.57376098632812,262.2555236816406,0.009412789717316628,104.51211547851562,273.7164611816406,0.9999974966049194
1459,97.46770477294922,217.4577178955078,1.0,80.40483093261719,245.68930053710938,1.0,83.08927154541016,229.6674346923828,0.0009012972586788237,147.09678649902344,229.2813262939453,0.00040602852823212743,116.44892120361328,234.55224609375,0.9999996423721313,122.86859893798828,232.05905151367188,1.0,73.17049407958984,264.6150817871094,0.9999991655349731,151.55406188964844,269.89044189453125,0.0007008466636762023,97.88216400146484,274.5473327636719,0.9999703168869019
1460,95.80741882324219,219.67703247070312,1.0,79.03480529785156,248.35182189941406,1.0,82.33495330810547,237.74008178710938,0.0009424260933883488,149.6521453857422,230.63232421875,0.00021346866560634226,114.86339569091797,236.57591247558594,0.9999992847442627,120.80789947509766,233.2693634033203,1.0,73.00704956054688,268.2762756347656,0.999998927116394,152.32803344726562,269.34405517578125,0.0005181938176974654,96.40851593017578,277.2668762207031,0.9998894929885864
1461,94.04178619384766,221.0249786376953,1.0,78.69974517822266,249.2967071533203,1.0,80.24390411376953,240.52545166015625,0.0007348883082158864,74.37769317626953,259.0174255371094,0.00021245339303277433,113.49195098876953,237.18115234375,0.9999998807907104,120.0523452758789,234.05593872070312,1.0,73.15323638916016,269.564453125,0.9999985694885254,152.54798889160156,267.9540710449219,0.0007735555991530418,95.34700012207031,278.31195068359375,0.9994208812713623
1462,93.15151977539062,221.3128662109375,1.0,77.97428131103516,250.0333251953125,1.0,74.93599700927734,234.79551696777344,0.0016386485658586025,74.18478393554688,259.20703125,0.00025102804647758603,111.21951293945312,238.49363708496094,0.9999998807907104,118.7092514038086,234.39108276367188,1.0,72.9076156616211,269.8331298828125,0.9999986886978149,152.08963012695312,267.78692626953125,0.0015047193737700582,94.95924377441406,278.45733642578125,0.9997742772102356
1463,93.21277618408203,221.57781982421875,1.0,77.64535522460938,250.86892700195312,1.0,80.81938934326172,240.0806121826172,0.0015976339345797896,73.78858947753906,259.58612060546875,0.00020084402058273554,110.97731018066406,238.55368041992188,0.9999997615814209,118.15943908691406,234.5831756591797,1.0,72.35124206542969,270.0141296386719,0.999997615814209,152.14263916015625,267.2940979003906,0.0008745014783926308,94.07067108154297,278.6945495605469,0.9995583891868591
1464,92.82266235351562,222.38552856445312,1.0,77.62890625,251.64208984375,1.0,80.49927520751953,240.47637939453125,0.002094252035021782,163.701416015625,219.25059509277344,0.0016561244847252965,110.15235900878906,239.52767944335938,0.9999984502792358,117.4101333618164,235.3133087158203,1.0,71.61443328857422,269.37640380859375,0.9999984502792358,67.14630126953125,276.21563720703125,0.000816690968349576,93.69248962402344,277.938232421875,0.9993775486946106
1465,92.35750579833984,223.09217834472656,1.0,76.9479751586914,252.3563690185547,1.0,80.49365997314453,241.24317932128906,0.0025988381821662188,109.99235534667969,282.2289123535156,0.00022430256649386138,109.79405212402344,239.3454132080078,0.9999994039535522,117.04472351074219,235.54310607910156,1.0,71.49906158447266,270.89678955078125,0.9999986886978149,66.69610595703125,276.7127685546875,0.0006541053880937397,93.94404602050781,278.7591247558594,0.9998205304145813
1466,92.25257110595703,222.8948974609375,1.0,76.58869934082031,252.26930236816406,1.0,80.31018829345703,241.25953674316406,0.0016854824498295784,163.22119140625,220.3593292236328,0.0002861482498701662,108.89620208740234,239.5128936767578,0.9999910593032837,116.68241882324219,235.7783660888672,1.0,70.72940063476562,270.7503662109375,0.9999995231628418,66.24310302734375,276.9211120605469,0.0009664705721661448,93.82160949707031,278.74493408203125,0.9998538494110107
1467,91.89850616455078,222.86825561523438,1.0,76.73556518554688,252.53192138671875,1.0,80.23064422607422,241.46929931640625,0.001421588473021984,72.99847412109375,279.93231201171875,0.0003718232619576156,108.664794921875,239.61390686035156,0.9999967813491821,116.4437026977539,236.0086212158203,1.0,70.92483520507812,271.0343933105469,0.9999995231628418,66.37388610839844,277.058349609375,0.001342042931355536,93.59188842773438,279.2884826660156,0.9998602867126465
1468,91.09716033935547,223.49745178222656,1.0,76.3273696899414,252.60079956054688,1.0,79.00045776367188,243.843017578125,0.0011854440672323108,72.97003936767578,280.0517272949219,0.000409273779951036,109.28551483154297,239.8903350830078,0.9999990463256836,116.40499877929688,236.0179901123047,1.0,70.5121078491211,270.98089599609375,0.9999995231628418,66.08980560302734,277.180908203125,0.0011662167962640524,93.59809875488281,279.507568359375,0.9998325109481812
1469,90.40140533447266,223.7470703125,1.0,75.98495483398438,253.2669219970703,1.0,78.57267761230469,244.30747985839844,0.0010118604404851794,72.61076354980469,279.958740234375,0.00044866272946819663,108.2413330078125,240.19171142578125,0.9999986886978149,116.2161636352539,236.64288330078125,1.0,70.53271484375,271.385986328125,0.9999995231628418,65.89705657958984,277.27557373046875,0.0009763504494912922,93.89234924316406,279.647705078125,0.9996883869171143
1470,90.53568267822266,223.90821838378906,1.0,76.33356475830078,253.46717834472656,1.0,78.68724060058594,244.2252197265625,0.0012739603407680988,72.49352264404297,280.0033874511719,0.00035402097273617983,108.23795318603516,240.1160125732422,0.9999992847442627,116.07691192626953,236.84605407714844,1.0,70.70569610595703,271.2017822265625,0.9999996423721313,65.88823699951172,277.0809631347656,0.0009272298775613308,94.2037353515625,279.6363220214844,0.9994944334030151
1471,90.33810424804688,223.56666564941406,1.0,76.04550170898438,253.8429718017578,1.0,78.57245635986328,244.27577209472656,0.001155587611719966,72.49075317382812,279.7269592285156,0.0004143636906519532,108.33484649658203,240.4803466796875,0.9999998807907104,116.2908706665039,237.5159454345703,1.0,70.4664306640625,271.3094482421875,0.9999996423721313,65.8177490234375,277.25048828125,0.0009205666137859225,94.09459686279297,279.8506774902344,0.9993195533752441
1472,90.65464782714844,222.72494506835938,1.0,76.15945434570312,254.31739807128906,1.0,78.9767837524414,244.40293884277344,0.0009056100388988853,72.56673431396484,279.2223205566406,0.00039046781603246927,111.81912994384766,239.63858032226562,0.9999840259552002,118.6065673828125,237.35238647460938,1.0,70.18602752685547,271.28607177734375,0.9999991655349731,66.2790756225586,277.4898986816406,0.0005324616795405746,94.1506118774414,280.1455078125,0.950815737247467
1473,96.96338653564453,221.7826385498047,1.0,80.04742431640625,253.77059936523438,1.0,84.08021545410156,232.65023803710938,0.00043593463487923145,66.09673309326172,224.43356323242188,0.000544190697837621,119.33666229248047,241.08653259277344,0.9999995231628418,128.9788055419922,237.89183044433594,1.0,74.6480484008789,270.630126953125,0.9999990463256836,67.5184326171875,275.4048767089844,0.00014563603326678276,100.5062255859375,279.74652099609375,0.859799325466156
1474,98.4343032836914,223.69989013671875,1.0,83.6731948852539,256.371337890625,1.0,83.11515808105469,242.5557403564453,0.0005365642718970776,66.36975860595703,225.30364990234375,0.0005847926368005574,126.1924819946289,242.8631134033203,1.0,136.00045776367188,239.93234252929688,1.0,78.26679229736328,272.80633544921875,0.9999992847442627,170.2755584716797,270.3587341308594,9.973772830562666e-05,104.87311553955078,282.8970642089844,0.010733683593571186
1475,97.961669921875,224.885498046875,1.0,83.44184875488281,258.207275390625,1.0,79.22769165039062,243.9285430908203,0.00046039806329645216,66.28173065185547,225.88111877441406,0.00046094783465377986,125.20612335205078,242.8343963623047,1.0,135.17161560058594,239.58767700195312,1.0,78.53459167480469,274.0389404296875,0.9999997615814209,183.35626220703125,258.88116455078125,0.00013444283104036003,107.45349884033203,280.8239440917969,0.00501830130815506
1476,97.43191528320312,224.57920837402344,1.0,83.5689468383789,257.7740783691406,1.0,82.56111907958984,244.0565643310547,0.002084737876430154,66.28881072998047,226.37850952148438,0.00029506091959774494,123.65158081054688,242.7666015625,1.0,134.1213836669922,239.8175048828125,1.0,79.1643295288086,274.2063293457031,0.9999998807907104,68.81550598144531,277.62158203125,7.999061199370772e-05,104.35806274414062,283.95965576171875,0.04005084186792374
1477,97.09952545166016,224.1075897216797,1.0,83.28852081298828,257.4033508300781,1.0,81.42493438720703,242.52377319335938,0.0014494280330836773,66.14422607421875,226.4527130126953,0.00024855099036358297,123.546875,242.7594757080078,1.0,133.95864868164062,239.61180114746094,1.0,78.53900909423828,274.4869079589844,0.9999998807907104,151.60552978515625,273.6229553222656,8.095968223642558e-05,104.21025085449219,283.9529113769531,0.09095492959022522
1478,97.58291625976562,224.10047912597656,1.0,83.10742950439453,257.7512512207031,1.0,82.2839584350586,243.9634246826172,0.0025699634570628405,66.45153045654297,226.23220825195312,0.00037595684989355505,123.15425872802734,242.627685546875,1.0,133.5547637939453,239.85977172851562,1.0,78.54144287109375,274.4503173828125,0.9999998807907104,68.50538635253906,277.8260498046875,8.280745532829314e-05,104.55016326904297,284.10150146484375,0.10199994593858719
1479,97.43751525878906,224.0788116455078,1.0,82.89871215820312,257.39727783203125,1.0,81.21391296386719,242.1820526123047,0.0016247977036982775,66.20672607421875,226.30606079101562,0.00025524868397042155,123.0946273803711,242.620849609375,1.0,133.42074584960938,239.7526092529297,1.0,78.36227416992188,274.2524108886719,0.9999998807907104,151.91067504882812,273.5459289550781,6.866268813610077e-05,104.87428283691406,283.80767822265625,0.21624021232128143
1480,97.60580444335938,223.66094970703125,1.0,82.79051208496094,257.1724853515625,1.0,82.0051040649414,243.6744384765625,0.002141061006113887,66.41679382324219,226.22262573242188,0.000230882185860537,122.58879089355469,242.19268798828125,1.0,133.44517517089844,239.84014892578125,1.0,78.30362701416016,274.29180908203125,0.9999998807907104,68.29737091064453,277.7138977050781,8.687261288287118e-05,105.15113067626953,283.7192077636719,0.3584984242916107
1481,97.53050994873047,223.42996215820312,1.0,82.5398941040039,257.3334655761719,1.0,81.80695343017578,243.55604553222656,0.0020929628517478704,66.42381286621094,226.48452758789062,0.00039896732778288424,122.58871459960938,241.285888671875,1.0,133.7071533203125,239.00778198242188,1.0,78.03223419189453,274.20074462890625,0.9999998807907104,152.05711364746094,273.0730895996094,9.101504838326946e-05,104.99529266357422,283.4767761230469,0.2508198320865631
1482,97.41860961914062,223.58740234375,1.0,82.35842895507812,256.9623718261719,1.0,81.60359191894531,243.54415893554688,0.001621800009161234,51.169246673583984,238.45767211914062,0.0002438105148030445,122.94071960449219,241.01657104492188,1.0,134.11297607421875,238.79331970214844,1.0,77.75831604003906,274.0314636230469,0.9999998807907104,152.03451538085938,273.0177307128906,8.79727813298814e-05,105.12909698486328,283.252685546875,0.36564892530441284
1483,97.38057708740234,223.5666046142578,1.0,82.40592193603516,256.8913269042969,1.0,81.70921325683594,243.65939331054688,0.0018857151735574007,51.359291076660156,238.45159912109375,0.00026675290428102016,123.03926086425781,241.0977020263672,1.0,134.30445861816406,238.79580688476562,1.0,77.88785552978516,274.11083984375,0.9999998807907104,68.18902587890625,277.1590270996094,8.76586782396771e-05,105.66741180419922,282.79071044921875,0.36137741804122925
1484,97.4350814819336,223.5335693359375,1.0,82.47792053222656,256.8653869628906,1.0,81.6616439819336,243.65737915039062,0.0017448397120460868,66.26477813720703,226.57415771484375,0.00022017558512743562,123.21489715576172,241.1452178955078,1.0,134.6191864013672,238.76632690429688,1.0,77.85811614990234,273.8636169433594,0.9999998807907104,68.12999725341797,277.0965881347656,8.905035792849958e-05,106.54903411865234,281.4278564453125,0.3435557186603546
1485,97.8603515625,222.66921997070312,1.0,82.84597778320312,256.3920593261719,1.0,82.12957000732422,242.6908721923828,0.0012986683286726475,66.5558853149414,226.1810302734375,0.00022266694577410817,123.36138916015625,241.20542907714844,1.0,134.6370391845703,238.82644653320312,1.0,77.81500244140625,273.468017578125,1.0,67.96712493896484,276.7517395019531,0.000123778881970793,105.78626251220703,281.081298828125,0.6295621991157532
1486,98.92816925048828,223.13719177246094,1.0,84.3733901977539,255.2367706298828,1.0,83.43548583984375,242.5322265625,0.002985504688695073,67.06835174560547,225.9776611328125,0.0002821900707203895,124.51663970947266,241.07852172851562,1.0,135.61422729492188,238.54991149902344,1.0,79.32410430908203,271.9403381347656,0.9999998807907104,68.5398941040039,275.8474426269531,0.00040608717245049775,107.21590423583984,280.27081298828125,0.22531826794147491
1487,106.37479400634766,223.64537048339844,1.0,90.80636596679688,255.05104064941406,0.9999998807907104,89.47506713867188,239.23077392578125,0.0005492576747201383,68.08406829833984,236.96163940429688,0.0007308755302801728,133.162353515625,241.67454528808594,0.5582687854766846,142.16937255859375,237.51722717285156,1.0,84.26708221435547,272.0045471191406,0.9999997615814209,145.4199676513672,224.0284423828125,5.736456296290271e-05,108.15611267089844,279.12420654296875,0.04448046162724495
1488,131.03871154785156,212.82354736328125,0.13754285871982574,119.50081634521484,248.8759307861328,0.00020065854187123477,156.5327606201172,316.51776123046875,4.080859980604146e-06,126.41077423095703,270.6470031738281,1.8879036360885948e-05,167.79861450195312,223.99212646484375,1.0999609912687447e-05,164.79425048828125,230.3980712890625,0.001408187672495842,138.15249633789062,196.5247039794922,0.00012182001228211448,159.95741271972656,188.8077850341797,4.35321890108753e-05,120.07941436767578,257.36993408203125,3.1280622351914644e-05
1489,157.6103973388672,202.50453186035156,0.9999990463256836,138.53321838378906,229.00411987304688,0.9999990463256836,138.3094024658203,220.01133728027344,0.9956698417663574,131.68019104003906,217.24583435058594,0.9987038373947144,183.5403289794922,228.54212951660156,0.1493135541677475,197.11009216308594,227.80038452148438,0.8244214653968811,131.53236389160156,240.7877197265625,0.999947190284729,118.555419921875,254.14700317382812,0.028022360056638718,159.79061889648438,264.5680236816406,0.06149344518780708
1490,182.71250915527344,192.3855743408203,1.0,162.18772888183594,213.793212890625,0.9999997615814209,159.72555541992188,205.78262329101562,0.9997308850288391,151.84722900390625,202.4547576904297,0.9921140670776367,205.2124481201172,222.0198516845703,0.9999951124191284,221.27239990234375,220.989990234375,0.9999998807907104,155.3867950439453,226.2684783935547,0.9999978542327881,127.07135772705078,230.56057739257812,0.14445659518241882,187.21270751953125,259.07037353515625,0.9421463012695312
1491,194.0430145263672,183.34022521972656,1.0,171.66900634765625,201.09893798828125,0.9999213218688965,147.5479736328125,238.9141845703125,0.3785984516143799,147.15548706054688,240.24688720703125,0.001900541945360601,215.54000854492188,213.4688720703125,1.0,231.56246948242188,219.9615936279297,1.0,163.61813354492188,212.33432006835938,0.9999454021453857,140.5240020751953,229.6640167236328,0.004640632309019566,195.82472229003906,257.9454345703125,0.5874477624893188
1492,199.43829345703125,168.08958435058594,0.9999181032180786,174.06655883789062,174.28599548339844,0.046998199075460434,175.69273376464844,180.23744201660156,4.088350397069007e-05,178.4266357421875,175.806640625,6.487387872766703e-05,220.97113037109375,200.483642578125,0.022896021604537964,227.01123046875,206.3160858154297,0.8179532885551453,156.12266540527344,176.168701171875,0.9997127652168274,140.74061584472656,203.7359619140625,0.014884630218148232,182.9290313720703,216.5481414794922,0.2142290323972702
1493,169.59071350097656,162.43096923828125,0.002295105019584298,185.5823211669922,143.85220336914062,1.136784612754127e-05,238.33685302734375,317.2423400878906,1.7349567542623845e-06,237.44082641601562,317.6875915527344,9.022889571497217e-06,185.41629028320312,123.8227767944336,7.37404843675904e-06,253.67874145507812,245.57432556152344,5.007338404539041e-05,83.03730773925781,220.36865234375,0.004917867016047239,176.10398864746094,157.53089904785156,3.349857433931902e-05,104.05699920654297,234.63473510742188,2.701421908568591e-05
1494,251.24147033691406,207.93133544921875,2.55355207627872e-05,280.4728088378906,252.18524169921875,8.640780833957251e-06,-2.2109923362731934,266.68896484375,2.718937594181625e-06,-0.25212764739990234,238.36221313476562,5.634537956211716e-06,2.6991233825683594,234.3590087890625,9.570987458573654e-06,215.90907287597656,227.56436157226562,1.3128673344908748e-05,281.283447265625,252.62448120117188,1.4150280549074523e-05,254.16075134277344,258.7530517578125,9.791369848244358e-06,280.81097412109375,250.282470703125,3.753977216547355e-05
1495,201.32435607910156,190.4580078125,0.00010269305494148284,219.73162841796875,218.28872680664062,0.00010318168642697856,75.67642974853516,267.2085876464844,7.4981621764891315e-06,0.052460670471191406,237.67626953125,1.0324535651307087e-05,5.764776229858398,227.52442932128906,2.201285860792268e-05,75.2552261352539,266.9314880371094,9.320113349531312e-06,226.56378173828125,223.537353515625,1.576472095621284e-05,211.72128295898438,249.5146484375,0.0014893457992002368,134.78562927246094,249.91287231445312,5.5353208153974265e-05
1496,155.49464416503906,174.26170349121094,0.0005167443887330592,106.68856811523438,250.34983825683594,0.0011660351883620024,111.80343627929688,250.7428741455078,0.00027520168805494905,109.54240417480469,251.5536346435547,0.0008873308543115854,156.02517700195312,201.05633544921875,0.00017834169557318091,104.73780822753906,248.85939025878906,0.0011307422537356615,104.67913818359375,251.529541015625,0.0004068457055836916,178.11326599121094,256.6483459472656,0.02887761779129505,102.64707946777344,248.8647003173828,0.0021514580585062504
1497,281.1294860839844,269.63037109375,8.531435742042959e-05,185.80194091796875,173.3496551513672,0.0018141891341656446,180.0404510498047,216.64488220214844,9.398291877005249e-05,224.28640747070312,266.78662109375,0.00017645550542511046,187.2532958984375,218.22901916503906,7.452971476595849e-05,171.08738708496094,183.46559143066406,0.00021641071361955255,242.02630615234375,267.81829833984375,0.003228461602702737,191.4163818359375,204.5740509033203,0.004168345592916012,230.77427673339844,252.30836486816406,0.0003137154271826148
1498,204.76084899902344,255.16668701171875,0.0005112754297442734,200.42503356933594,166.05459594726562,0.03877140209078789,226.2337646484375,264.86737060546875,0.0008003779221326113,237.5417022705078,253.7303466796875,0.0023349770344793797,226.96844482421875,253.02276611328125,0.00031393294921144843,267.1274719238281,263.7304382324219,0.0017217457061633468,240.63754272460938,273.03662109375,0.052103351801633835,223.71490478515625,277.46563720703125,0.005561426747590303,258.7925109863281,268.0131530761719,0.007853789255023003
1499,175.829833984375,254.75161743164062,7.503417873522267e-05,216.96844482421875,253.24365234375,5.975762542220764e-05,114.63340759277344,251.111083984375,3.2921427191467956e-05,111.44747161865234,251.3377227783203,4.5218082959763706e-05,2.0911638736724854,234.4237518310547,2.106447755068075e-05,202.02349853515625,245.87661743164062,0.0002040134131675586,171.21273803710938,247.34732055664062,2.1688481865567155e-05,116.97566986083984,245.30569458007812,8.218841685447842e-05,173.01734924316406,246.50686645507812,4.2596006096573547e-05
1500,111.62896728515625,253.05831909179688,7.569947047159076e-05,91.54517364501953,251.65249633789062,7.474109588656574e-05,139.392578125,237.52728271484375,6.435028626583517e-05,76.14154815673828,253.1374053955078,7.853159331716597e-05,1.4952807426452637,234.1278533935547,2.1296336853993125e-05,58.497039794921875,188.79959106445312,4.017361061414704e-05,108.87803649902344,244.02748107910156,2.510413105483167e-05,91.91828155517578,231.66510009765625,7.100064249243587e-05,130.1819305419922,230.0357208251953,0.0004855934821534902
1501,202.66934204101562,248.06549072265625,0.8452403545379639,205.90203857421875,269.576416015625,0.5182266235351562,199.7878875732422,258.64459228515625,0.0007117771892808378,200.2014617919922,251.14193725585938,0.002780253067612648,206.64393615722656,255.23069763183594,0.00014759859186597168,213.10089111328125,256.20404052734375,0.006492845248430967,201.53152465820312,276.5100402832031,0.024292368441820145,173.5374755859375,274.81243896484375,0.04112578183412552,170.3211669921875,253.20144653320312,0.00025395533884875476
1502,199.32467651367188,259.32147216796875,0.0006728554144501686,194.14498901367188,275.6247863769531,9.747055446496233e-05,148.91990661621094,274.9715881347656,0.011106877587735653,141.3277587890625,267.0755310058594,0.0033847640734165907,2.1074607372283936,266.2650451660156,0.0001796582801034674,141.67559814453125,281.9042663574219,0.00027420566766522825,3.411571741104126,267.2679138183594,0.00013936657342128456,146.82408142089844,264.5124816894531,0.000535237486474216,136.28317260742188,248.3557586669922,6.027995186741464e-05
1503,211.62368774414062,265.5870361328125,0.9311524629592896,214.29185485839844,276.5116882324219,0.8814480304718018,191.7359619140625,265.3319396972656,0.3219141960144043,186.4151611328125,262.3343811035156,0.060288526117801666,214.8017120361328,275.1786804199219,0.0026958659291267395,222.2903594970703,276.043212890625,0.083401158452034,214.2050323486328,279.9831848144531,0.3928052484989166,170.1294403076172,281.45501708984375,0.36156949400901794,214.5972442626953,287.39068603515625,0.004414572846144438
1504,175.52749633789062,264.0213623046875,0.38404566049575806,185.21665954589844,269.8910827636719,0.1497371643781662,155.57159423828125,264.969970703125,0.22794823348522186,146.7401885986328,260.9223937988281,0.9999595880508423,176.901611328125,265.2337341308594,3.8954211049713194e-05,136.1074676513672,264.9163513183594,0.0001216078526340425,196.7825469970703,273.94390869140625,0.03400380164384842,166.3817138671875,281.7947082519531,0.6171676516532898,154.56546020507812,257.7306213378906,0.00016380219312850386
1505,253.15963745117188,324.11474609375,1.8726066628005356e-05,153.42422485351562,238.20101928710938,8.28478005132638e-06,156.49073791503906,313.74432373046875,3.9888134779175743e-05,157.65582275390625,314.31884765625,2.017485530814156e-05,235.56288146972656,317.6338806152344,1.0650642252585385e-05,156.44717407226562,317.9588317871094,2.168757055187598e-05,155.9204864501953,312.402587890625,1.3640461475006305e-05,131.0215301513672,230.82943725585938,1.2135589713579975e-05,249.53956604003906,310.311279296875,3.0872442948748358e-06
1506,205.88339233398438,234.17880249023438,0.00021407872554846108,201.4939727783203,249.89935302734375,0.00029966034344397485,201.65802001953125,251.02572631835938,7.264025498443516e-06,105.09309387207031,237.63168334960938,3.9206555811688304e-05,5.644877910614014,243.64495849609375,5.7545189520169515e-06,205.04539489746094,247.53099060058594,6.674051837762818e-05,1.950237512588501,266.747314453125,1.885267920442857e-05,205.84339904785156,247.35780334472656,9.366985614178702e-05,203.1602783203125,247.17701721191406,0.000277470622677356
1507,204.5366973876953,248.8196258544922,7.209191244328395e-05,249.5469207763672,264.5323791503906,5.630537634715438e-05,170.2812042236328,250.95138549804688,0.00029490789165720344,155.56607055664062,245.87063598632812,0.4010356664657593,237.59046936035156,266.255615234375,9.999321264331229e-06,153.88502502441406,248.69239807128906,0.00014055072097107768,248.73733520507812,262.64398193359375,6.981362093938515e-05,175.65615844726562,253.55075073242188,0.00011649455700535327,257.78961181640625,265.4134216308594,0.0014095979277044535
1508,218.21092224121094,159.5458984375,0.016768036410212517,218.13229370117188,168.23016357421875,0.0016254723304882646,232.30184936523438,250.14427185058594,0.0005730715347453952,218.26986694335938,250.39224243164062,0.00030748877907171845,260.8099365234375,250.99700927734375,0.0001138005027314648,268.1007080078125,249.7989959716797,0.0001336419372819364,219.10159301757812,132.31968688964844,0.00020465886336751282,249.91079711914062,191.24745178222656,2.689640677999705e-05,254.41285705566406,244.4286651611328,0.008904198184609413
1509,241.6909942626953,160.2836456298828,0.99540776014328,267.7739562988281,174.595947265625,0.5880244970321655,229.61228942871094,170.7181854248047,0.082283616065979,222.5835418701172,170.37112426757812,0.12638863921165466,250.22337341308594,144.32579040527344,0.00012600487389136106,223.38995361328125,170.94830322265625,0.0006630293792113662,255.51339721679688,144.26248168945312,0.0010028653778135777,224.3716583251953,175.77786254882812,0.0005065323202870786,283.5950927734375,233.2109832763672,0.0031130975112318993
1510,284.9977111816406,272.2611999511719,0.0012149682734161615,326.4227294921875,267.8733215332031,0.10485922545194626,313.8769836425781,278.6612243652344,9.406871686223894e-05,254.8612060546875,268.3287353515625,0.0002094201190629974,314.9123229980469,249.4728240966797,7.514000026276335e-05,331.0382080078125,266.5191955566406,6.453358946600929e-05,334.0094299316406,276.0766906738281,0.1641847938299179,241.77810668945312,274.8106689453125,0.0012564965290948749,331.066162109375,272.2672119140625,0.0010558099020272493
1511,250.7206268310547,224.6173095703125,0.00024181563640013337,246.19068908691406,251.64871215820312,7.068899867590517e-05,172.15211486816406,316.3335266113281,2.204948032158427e-05,247.4051055908203,228.24794006347656,4.2254185245838016e-05,171.29840087890625,318.4570007324219,1.267864900000859e-05,237.12640380859375,266.10906982421875,0.00012534433335531503,241.2947235107422,263.1413879394531,0.00042367810965515673,234.54673767089844,259.56817626953125,0.004762017633765936,242.42625427246094,272.40704345703125,0.006491701118648052
1512,204.69393920898438,174.25218200683594,0.00019078425248153508,218.92091369628906,203.62844848632812,3.2727599318604916e-05,204.53428649902344,316.2233581542969,1.4139124687062576e-05,253.1100311279297,218.62591552734375,2.6126655939151533e-05,235.4647979736328,318.28338623046875,1.3539371138904244e-05,250.58642578125,232.3850860595703,0.0004286072216928005,281.9979553222656,123.58940124511719,1.3803024558001198e-05,207.9113006591797,179.16966247558594,0.00042555321124382317,233.92640686035156,256.45648193359375,0.0064305332489311695
1513,214.7564697265625,234.46875,0.08256494253873825,216.41781616210938,248.96170043945312,0.0011378055205568671,206.11973571777344,236.3285675048828,0.0007496725302189589,206.43502807617188,242.59690856933594,0.00013634969945997,207.66510009765625,235.56214904785156,2.433521149214357e-05,233.36251831054688,252.2652587890625,0.0001579917734488845,213.77685546875,230.34860229492188,0.0033718482591211796,206.2032928466797,238.4941864013672,0.012314274907112122,225.70851135253906,245.05169677734375,0.0005763057270087302
1514,267.2850036621094,241.07032775878906,0.011305345222353935,274.9685363769531,237.9010467529297,0.12232965230941772,266.5063781738281,248.91525268554688,0.03157219663262367,264.6266784667969,249.82630920410156,0.06424086540937424,286.8610534667969,267.30133056640625,0.00022702386195305735,287.8962707519531,266.82177734375,0.0007309963693842292,290.9088134765625,235.9024658203125,0.9346380233764648,268.78228759765625,249.21099853515625,0.3282812833786011,288.3607482910156,259.4833679199219,0.0011763519141823053
1515,243.39532470703125,245.84872436523438,0.1770581156015396,272.08209228515625,246.89146423339844,0.7514223456382751,256.37811279296875,251.35040283203125,0.05118498578667641,254.64703369140625,256.5289001464844,0.037425071001052856,244.9990997314453,257.2947082519531,0.00011186568008270115,244.95375061035156,260.24847412109375,0.0010752533562481403,284.2956237792969,247.52890014648438,0.8869202733039856,270.99908447265625,258.70623779296875,0.23352915048599243,222.14028930664062,255.68704223632812,0.022552914917469025
1516,212.69769287109375,242.91244506835938,0.9228864908218384,283.23736572265625,254.03134155273438,0.9189003109931946,258.8485107421875,254.16439819335938,0.09327077120542526,259.4591979980469,258.55535888671875,0.566848874092102,223.9048309326172,255.19447326660156,0.0010658985702320933,230.45916748046875,256.77862548828125,0.004984934348613024,299.2056884765625,259.89361572265625,0.7379371523857117,279.2660217285156,266.3874816894531,0.007572674658149481,224.77548217773438,260.863037109375,0.06127499043941498
1517,233.08148193359375,248.7118682861328,0.0015629157423973083,230.46878051757812,247.2325439453125,0.0018769840244203806,221.39306640625,250.4010467529297,0.00013003913045395166,224.23403930664062,243.70660400390625,0.00017158758419100195,243.1522674560547,266.8939514160156,5.103124931338243e-05,245.63597106933594,262.89825439453125,0.00847459863871336,236.68556213378906,240.99281311035156,0.015947967767715454,215.0540008544922,249.90975952148438,0.000353692244971171,221.99696350097656,264.9119567871094,0.013049322180449963
1518,248.8835906982422,246.3234100341797,1.399983921146486e-05,204.10926818847656,235.54981994628906,4.802518378710374e-05,255.2461395263672,267.60723876953125,4.315831574785989e-06,255.3769073486328,268.1539611816406,1.0130010196007788e-05,5.50128173828125,243.4967498779297,4.655599241232267e-06,248.5654296875,269.7261962890625,1.735746263875626e-05,263.41070556640625,114.68400573730469,6.485474841610994e-06,205.6940155029297,232.97885131835938,4.813513078261167e-05,241.3168487548828,227.76939392089844,3.3250227716052905e-05
1519,286.5452880859375,247.36305236816406,0.0001407245290465653,267.0425109863281,245.88999938964844,0.00017949269386008382,282.4432067871094,269.61907958984375,5.085422162665054e-05,283.4046936035156,271.4845886230469,9.279485675506294e-05,297.8847351074219,204.42108154296875,6.870403467473807e-06,268.5771179199219,266.5583190917969,3.157051105517894e-05,265.69293212890625,241.14108276367188,0.0004938325146213174,284.4883117675781,257.09686279296875,5.5886892369017005e-05,276.4898681640625,257.4854431152344,0.029399648308753967
1520,186.2480926513672,305.90399169921875,9.654639143263921e-06,281.2652282714844,250.06210327148438,2.5484017896815203e-05,237.78343200683594,249.38238525390625,7.043444838927826e-06,157.70729064941406,316.4162902832031,1.0506030776014086e-05,237.66786193847656,234.882568359375,2.162253986170981e-05,221.41287231445312,242.6630096435547,3.3392683690181e-05,284.35394287109375,253.21910095214844,0.00010787464998429641,275.9710998535156,260.42327880859375,3.502541176203522e-06,237.51199340820312,236.78529357910156,0.00017993137589655817
1521,166.00973510742188,168.19235229492188,0.9999996423721313,145.88388061523438,175.50035095214844,0.9290958642959595,152.89202880859375,166.95181274414062,0.00020044991106260568,152.04319763183594,165.44493103027344,0.0003142898785881698,180.6087188720703,188.44253540039062,0.0606672428548336,187.5148468017578,189.69618225097656,0.25372159481048584,125.45701599121094,182.62710571289062,0.9999532699584961,128.96725463867188,212.6185760498047,0.00047722019371576607,146.95916748046875,214.31321716308594,0.884501039981842
1522,167.49722290039062,169.3820343017578,1.0,146.84181213378906,177.35821533203125,0.9993517994880676,154.42617797851562,214.9236297607422,0.00011781422654166818,150.32447814941406,166.00880432128906,0.0007740200380794704,184.57444763183594,192.96177673339844,0.846795380115509,190.80859375,195.08677673339844,0.6435554623603821,128.99729919433594,181.7455596923828,0.9999996423721313,116.89750671386719,222.4021453857422,0.0003750570467673242,151.23056030273438,217.8663787841797,0.9909898042678833
1523,164.26429748535156,172.32667541503906,1.0,144.7366485595703,181.3342742919922,0.9984869956970215,149.48719787597656,181.15586853027344,0.00020538194803521037,146.44384765625,178.94061279296875,0.00211198884062469,183.20733642578125,196.5775604248047,0.5236673951148987,190.28628540039062,197.482666015625,0.1798965483903885,125.50991821289062,186.04443359375,0.9999967813491821,155.47506713867188,273.15850830078125,0.0004914929741062224,153.69583129882812,216.77806091308594,0.9297590851783752
1524,160.26661682128906,173.8587188720703,1.0,142.78756713867188,184.03953552246094,0.999845027923584,130.75711059570312,180.9556121826172,0.0006103214691393077,143.7703399658203,178.4945831298828,0.0010820290772244334,181.04298400878906,196.48919677734375,0.9616919159889221,187.4699249267578,197.47755432128906,0.5995832681655884,123.95337677001953,190.25839233398438,0.9999995231628418,117.13014221191406,231.02120971679688,0.00044641728163696826,149.6620635986328,226.53201293945312,0.997796893119812
1525,168.91639709472656,171.51174926757812,0.9999924898147583,146.08645629882812,180.5081329345703,0.01231061015278101,153.06338500976562,181.47900390625,0.00038114035851322114,151.34353637695312,180.31414794921875,0.0009915729751810431,195.7611541748047,198.6086883544922,0.00011755242303479463,212.87521362304688,204.20404052734375,8.794519089860842e-05,136.81956481933594,182.3658447265625,0.006587564945220947,168.06491088867188,174.86032104492188,0.00024111483071465045,122.78523254394531,189.27723693847656,0.0012209743726998568
1526,195.52630615234375,172.35482788085938,0.9998966455459595,208.46434020996094,183.5967559814453,0.6633533835411072,178.31410217285156,182.55105590820312,0.0002805980620905757,172.98391723632812,181.72494506835938,0.0005635063862428069,202.28260803222656,161.4472198486328,0.0001118054278776981,223.46803283691406,212.27345275878906,0.0003459917788859457,166.1892852783203,185.41217041015625,0.09367980808019638,147.83560180664062,209.34938049316406,0.18045014142990112,207.31973266601562,220.45692443847656,0.8393097519874573
1527,204.47735595703125,173.66058349609375,0.9999996423721313,201.6211395263672,183.3173828125,0.9999945163726807,175.3522186279297,190.15626525878906,0.9128031730651855,165.54747009277344,192.7451934814453,0.6884418725967407,224.3253631591797,212.02371215820312,0.974545419216156,228.92271423339844,216.0215301513672,0.9991484880447388,203.7495880126953,192.08518981933594,0.9999947547912598,161.18960571289062,213.97756958007812,0.9999995231628418,216.1387481689453,231.12628173828125,0.9999268054962158
1528,209.43487548828125,173.23561096191406,0.9999995231628418,211.22181701660156,182.72427368164062,0.9999992847442627,176.04116821289062,192.22755432128906,0.9770025014877319,169.08099365234375,194.03504943847656,0.9904711246490479,232.82164001464844,212.42845153808594,0.31316059827804565,240.05596923828125,215.78399658203125,0.9732190370559692,214.14083862304688,190.76271057128906,0.9999890327453613,170.5032196044922,212.0103302001953,0.9999957084655762,226.7469024658203,228.34930419921875,0.9999903440475464
1529,215.18850708007812,172.8679656982422,0.9999979734420776,222.0052032470703,181.33645629882812,0.9999986886978149,188.6488037109375,190.13587951660156,0.895849347114563,178.32333374023438,191.59046936035156,0.6642235517501831,244.9855499267578,212.21682739257812,0.01684616319835186,247.96266174316406,214.222412109375,0.15103034675121307,227.9799041748047,192.31520080566406,0.9999997615814209,181.00811767578125,212.19346618652344,0.9999843835830688,238.4971466064453,227.41941833496094,0.9999985694885254
1530,222.06944274902344,171.82113647460938,0.9999953508377075,228.2938690185547,181.52586364746094,0.9999998807907104,184.37608337402344,192.13504028320312,0.9999325275421143,177.72914123535156,191.77316284179688,0.9999699592590332,253.30320739746094,222.31915283203125,0.0017358853947371244,255.74795532226562,228.5360565185547,0.0006884601316414773,236.9744110107422,192.00213623046875,0.9999998807907104,190.90220642089844,215.51828002929688,0.9999947547912598,246.44509887695312,229.6395263671875,0.999998927116394
1531,226.8064422607422,175.5145721435547,0.9999568462371826,232.7867431640625,183.0854949951172,0.999993085861206,191.7818145751953,193.8690185546875,0.9975447058677673,184.8264617919922,195.77337646484375,0.9894329905509949,257.367919921875,222.65240478515625,0.0026149346958845854,257.2102355957031,236.49838256835938,0.0012569777900353074,240.02374267578125,195.2479248046875,0.9999995231628418,194.6961669921875,218.1380615234375,0.999994158744812,249.28314208984375,232.25343322753906,0.9999972581863403
1532,224.6644744873047,175.25924682617188,0.9999972581863403,232.8224639892578,183.32119750976562,0.9999996423721313,192.66983032226562,194.90853881835938,0.9984690546989441,184.70164489746094,196.21372985839844,0.9980790615081787,258.58441162109375,223.90391540527344,0.001729584764689207,258.1506652832031,237.67813110351562,0.0014220650773495436,241.5685577392578,195.6862335205078,1.0,195.936279296875,221.45361328125,0.9999911785125732,251.72665405273438,232.17568969726562,0.9999967813491821
1533,223.30592346191406,173.4049530029297,0.9999991655349731,231.50294494628906,185.02723693847656,0.9999998807907104,185.49818420410156,196.59426879882812,0.9999707937240601,177.01876831054688,196.4880828857422,0.9999967813491821,254.78250122070312,237.0803985595703,0.0011432437459006906,257.17449951171875,237.13296508789062,0.0009314154158346355,240.2555389404297,199.59803771972656,0.9999997615814209,194.8408203125,224.94113159179688,0.9999990463256836,249.74452209472656,235.1953582763672,0.9999957084655762
1534,219.09222412109375,173.36964416503906,0.9999997615814209,228.08682250976562,185.2097625732422,1.0,183.94252014160156,197.29592895507812,0.9999409914016724,175.90098571777344,197.156494140625,0.9999803304672241,253.8999481201172,224.45639038085938,0.0006179976626299322,255.96018981933594,228.07400512695312,0.000405020167818293,235.35879516601562,198.1144561767578,1.0,192.73745727539062,226.10459899902344,0.9999943971633911,246.8734893798828,235.2216339111328,0.9999994039535522
1535,215.21185302734375,172.55079650878906,1.0,225.9770965576172,186.13003540039062,1.0,180.08291625976562,197.84983825683594,0.9999990463256836,168.9931182861328,197.71031188964844,0.9999998807907104,252.92054748535156,224.76641845703125,0.00244336249306798,255.08885192871094,228.57510375976562,0.0013489394914358854,233.6026153564453,200.27951049804688,1.0,188.70445251464844,228.66854858398438,0.9999979734420776,245.30099487304688,236.30226135253906,0.9999992847442627
1536,209.86219787597656,174.75315856933594,1.0,218.06419372558594,190.396484375,0.9999998807907104,171.60321044921875,199.3548583984375,0.9999774694442749,160.8486328125,200.0121612548828,0.9999998807907104,240.19854736328125,212.2230987548828,0.0017981379060074687,244.73890686035156,212.95884704589844,0.0013065676903352141,223.90769958496094,203.77508544921875,1.0,177.3931121826172,232.4866485595703,0.9999977350234985,238.09368896484375,235.82974243164062,0.9999983310699463
1537,200.90245056152344,175.37875366210938,1.0,206.24183654785156,193.12474060058594,1.0,164.21029663085938,200.0823974609375,1.0,153.2435302734375,201.00341796875,1.0,228.41104125976562,211.99520874023438,0.010372272692620754,236.6917724609375,213.30152893066406,0.014354034326970577,209.98684692382812,203.8115234375,1.0,165.9450225830078,233.2131805419922,0.9999996423721313,229.6602325439453,236.67288208007812,1.0
1538,188.87379455566406,177.3352813720703,1.0,191.8063201904297,193.00755310058594,0.9999997615814209,158.2047576904297,198.75552368164062,0.9999996423721313,148.4189910888672,199.37896728515625,1.0,212.21034240722656,199.45892333984375,0.15167094767093658,222.0936279296875,201.18145751953125,0.6663968563079834,193.60264587402344,204.13705444335938,0.9999977350234985,153.59983825683594,230.18704223632812,0.9999990463256836,218.67465209960938,235.07044982910156,0.9999890327453613
1539,175.1685333251953,176.55328369140625,1.0,172.6754150390625,193.0933837890625,0.9999998807907104,152.12184143066406,199.2572784423828,0.9999765157699585,143.6407470703125,198.5103759765625,0.999991774559021,204.10324096679688,204.1453857421875,0.9999998807907104,217.69378662109375,204.92396545410156,1.0,169.13058471679688,205.4573516845703,0.9999992847442627,140.1143035888672,229.15432739257812,0.9999998807907104,202.0677490234375,239.98291015625,0.9999967813491821
1540,171.3747100830078,176.22415161132812,1.0,167.28988647460938,192.9919891357422,1.0,149.80856323242188,199.61865234375,0.034649137407541275,132.93592834472656,210.20681762695312,0.01057617086917162,201.95794677734375,204.8632354736328,1.0,215.5451202392578,206.6353759765625,1.0,165.51808166503906,203.76083374023438,1.0,136.3063507080078,227.67703247070312,1.0,197.6011199951172,246.11941528320312,1.0
1541,171.68150329589844,178.5683135986328,1.0,165.8711700439453,194.33416748046875,1.0,145.54296875,207.73995971679688,0.008183933794498444,132.86697387695312,211.63177490234375,0.04416649043560028,201.08583068847656,207.04100036621094,1.0,213.78126525878906,209.37904357910156,1.0,164.52549743652344,204.5944366455078,1.0,136.36952209472656,229.4447784423828,1.0,195.78729248046875,247.39334106445312,0.9999998807907104
1542,167.89450073242188,181.4480438232422,1.0,161.08541870117188,196.35256958007812,0.9999998807907104,146.4212188720703,206.90484619140625,0.00288106850348413,128.96253967285156,212.03858947753906,0.01947859302163124,197.47164916992188,209.85842895507812,1.0,208.32968139648438,210.35545349121094,0.9999998807907104,157.8478546142578,205.13795471191406,1.0,131.49073791503906,229.08380126953125,1.0,190.23162841796875,245.76708984375,0.9999994039535522
1543,163.60960388183594,182.8341522216797,1.0,154.73123168945312,196.07470703125,0.9999997615814209,129.9742431640625,248.277099609375,0.000466376164695248,148.16552734375,182.67849731445312,0.0005182668683119118,193.2056884765625,211.27426147460938,0.9999994039535522,203.4708709716797,212.1187744140625,0.9999997615814209,148.89146423339844,206.34043884277344,1.0,126.20182800292969,229.5090789794922,0.9999936819076538,185.10162353515625,245.31716918945312,0.9999996423721313
1544,160.8719482421875,182.79913330078125,0.9999998807907104,147.2129669189453,194.1620635986328,0.9988822340965271,137.59454345703125,197.13108825683594,0.00020310642139520496,148.8195343017578,181.27349853515625,0.00016653236525598913,189.2924041748047,207.3595733642578,0.9922866821289062,195.97470092773438,204.76588439941406,0.9455045461654663,136.6447296142578,201.0970001220703,0.9999982118606567,119.20667266845703,227.57476806640625,0.03654436767101288,176.0651397705078,237.7101593017578,0.999866247177124
1545,149.46144104003906,188.4240264892578,0.9993669390678406,125.17484283447266,196.3460693359375,0.009082186967134476,140.0206756591797,178.18350219726562,5.935847002547234e-05,140.0975799560547,178.252197265625,0.00011942534911213443,174.77252197265625,203.1400146484375,0.0002865793649107218,180.73782348632812,199.1387939453125,8.41339206090197e-05,109.47737121582031,205.7914276123047,0.9839196801185608,105.54708099365234,233.4453582763672,0.003124383743852377,149.42210388183594,229.9783477783203,0.38379159569740295
1546,129.8290557861328,197.0687713623047,0.008631213568150997,118.95489501953125,205.72999572753906,0.0005718335160054266,251.73150634765625,316.1205139160156,3.805162805292639e-06,122.80328369140625,236.14132690429688,1.1522144632181153e-05,126.44973754882812,232.33157348632812,1.9512111975927837e-05,142.4807891845703,214.7032470703125,5.531247006729245e-05,105.30792236328125,207.3967742919922,0.0341651625931263,145.93746948242188,218.31797790527344,0.00037141129723750055,115.78581237792969,231.11390686035156,0.0018240971257910132
1547,317.0751647949219,272.02398681640625,0.00011072260531364009,154.80694580078125,249.9918670654297,6.030048098182306e-05,299.27044677734375,282.77532958984375,0.00037449487717822194,155.41603088378906,251.3876495361328,0.0001159166858997196,334.3296203613281,279.4720153808594,1.3132555977790616e-05,304.3249206542969,283.4060974121094,0.00012672904995270073,316.54241943359375,253.91055297851562,6.418267003027722e-05,156.76409912109375,237.96348571777344,4.19869102188386e-05,313.4177551269531,249.85061645507812,3.719174492289312e-05
1548,187.60995483398438,159.29310607910156,5.126175892655738e-05,123.00421905517578,250.77359008789062,5.2897063142154366e-05,123.88822937011719,250.7828369140625,0.00018138832820113748,122.07160949707031,253.9057159423828,0.00016049468831624836,126.56155395507812,251.88656616210938,1.492378578404896e-05,104.26295471191406,250.61553955078125,2.420684540993534e-05,139.64625549316406,244.39993286132812,1.0542976269789506e-05,117.85657501220703,233.41448974609375,0.001893160748295486,169.69482421875,233.6488037109375,0.00012178574252175167
1549,143.22869873046875,240.3320770263672,0.0002419817028567195,110.39282989501953,213.91015625,0.00040764251025393605,107.24798583984375,257.6732177734375,0.0006493373075500131,105.66261291503906,261.040283203125,0.0016761546721681952,141.22183227539062,249.08438110351562,0.0001224141160491854,140.73892211914062,248.62222290039062,0.00012851475912611932,113.7490234375,219.9387664794922,0.9466078877449036,103.48674774169922,239.22695922851562,0.292249858379364,145.5330810546875,239.54661560058594,0.437751442193985
1550,187.68946838378906,159.23609924316406,0.0004465043020900339,122.25284576416016,267.282958984375,0.0002204537158831954,116.42050170898438,257.88372802734375,0.00154711096547544,106.26441192626953,260.5153503417969,0.00213619670830667,109.51505279541016,252.69894409179688,0.00016793000395409763,109.38762664794922,260.2818908691406,0.00020669524383265525,115.6516342163086,223.11929321289062,0.0007583617116324604,111.6983642578125,239.8091278076172,0.031750667840242386,145.91973876953125,236.10975646972656,0.010315234772861004
1551,205.04710388183594,172.83517456054688,5.6154647609218955e-05,155.68426513671875,250.27520751953125,4.874013757216744e-05,129.55123901367188,268.6811218261719,0.00012073411198798567,122.75757598876953,256.234619140625,0.00010183433187194169,156.10020446777344,251.09481811523438,1.889395025500562e-05,84.39635467529297,248.6027374267578,0.0005895855138078332,154.89724731445312,245.73733520507812,3.213316813344136e-05,120.9531478881836,234.69189453125,0.0002489439502824098,156.8224639892578,231.2062530517578,0.0005809186259284616
1552,101.80750274658203,223.32066345214844,0.8912399411201477,85.31991577148438,238.9278106689453,0.8032505512237549,111.18193817138672,266.06536865234375,0.00012137590965721756,110.29989624023438,249.11497497558594,0.00040867336792871356,112.42281341552734,230.8955078125,0.003564822021871805,114.90642547607422,223.12994384765625,0.23274411261081696,79.98019409179688,246.2296600341797,0.997255265712738,108.94194793701172,260.1083679199219,0.0006157969473861158,99.60367584228516,258.4490661621094,0.9997212290763855
1553,105.43895721435547,219.3133544921875,0.9999947547912598,88.3553237915039,237.29669189453125,0.9989521503448486,108.14469909667969,268.4322509765625,0.00021029172057751566,110.45451354980469,266.5940856933594,0.0003064416814595461,121.7774658203125,230.6298370361328,0.7838043570518494,127.0516128540039,226.91624450683594,0.9957534074783325,80.08025360107422,252.45692443847656,0.9999719858169556,105.10722351074219,255.9053497314453,0.0004947232664562762,105.49933624267578,262.0687255859375,0.9999876022338867
1554,103.67914581298828,222.2879638671875,1.0,88.72718811035156,238.81407165527344,0.999981164932251,109.3777084350586,269.2369689941406,0.00022453621204476804,170.04031372070312,271.387939453125,0.001292669796384871,121.14935302734375,234.12020874023438,0.9997001886367798,127.26071166992188,230.99993896484375,0.999961256980896,79.65225219726562,254.07150268554688,0.999974250793457,165.79359436035156,258.4081726074219,0.0005506076849997044,103.99545288085938,265.33843994140625,0.9999790191650391
1555,101.4886474609375,225.42733764648438,1.0,86.40686798095703,244.63916015625,0.999991774559021,88.34379577636719,237.73513793945312,0.00019560399232432246,169.03123474121094,271.63421630859375,0.00041381700430065393,119.67960357666016,236.7496795654297,0.9986168146133423,124.6932373046875,235.74220275878906,0.9999251365661621,77.00155639648438,261.01336669921875,0.9999772310256958,166.43893432617188,258.30328369140625,0.0003235194308217615,101.79049682617188,269.362060546875,0.9999352693557739
1556,95.87434387207031,233.14735412597656,0.9999997615814209,81.64376068115234,254.09869384765625,0.9999996423721313,83.8292465209961,243.37330627441406,0.0010113153839483857,111.26948547363281,282.9793395996094,0.00026676052948459983,111.16513061523438,242.75408935546875,0.9698179364204407,115.05613708496094,238.3394775390625,0.9999986886978149,75.62093353271484,270.3082275390625,0.9999879598617554,110.05970764160156,271.4623107910156,0.0004024917434435338,97.419921875,274.5701904296875,0.9999618530273438
1557,91.9706802368164,237.88217163085938,1.0,80.1193618774414,261.8278503417969,0.9999998807907104,82.26985168457031,254.0780792236328,0.0013222710695117712,80.43595123291016,252.83840942382812,0.0003063631011173129,106.219482421875,246.44808959960938,0.993970513343811,111.4856948852539,242.03802490234375,0.9999998807907104,75.19879913330078,274.7821044921875,0.9999992847442627,161.43321228027344,236.1900634765625,0.000349151756381616,97.33024597167969,277.2770690917969,0.999487042427063
1558,90.65021514892578,238.77236938476562,1.0,78.73627471923828,264.44952392578125,1.0,81.50212097167969,255.05319213867188,0.0030527389608323574,80.18109130859375,253.0029754638672,0.00038721892633475363,105.25584411621094,247.07029724121094,0.9981661438941956,110.146240234375,243.66592407226562,1.0,74.76874542236328,277.61395263671875,0.9999973773956299,159.39048767089844,252.8942108154297,0.010778789408504963,97.33479309082031,279.219482421875,0.9658984541893005
1559,89.33484649658203,239.2418212890625,1.0,77.6814193725586,265.2368469238281,0.9999998807907104,81.56938171386719,257.2081604003906,0.0030118206050246954,79.90336608886719,252.6526336669922,0.0004048582341056317,104.33969116210938,247.6114044189453,0.999747097492218,109.3233413696289,244.1473846435547,1.0,74.2191390991211,278.8721008300781,0.9999920129776001,159.60301208496094,256.6113586425781,0.002860219916328788,95.61019897460938,281.53179931640625,0.9812228083610535
1560,89.41588592529297,239.21275329589844,1.0,77.61856079101562,265.3160705566406,0.9999998807907104,81.56929779052734,256.7712097167969,0.0045168278738856316,79.69335174560547,252.50001525878906,0.00047654545051045716,104.79469299316406,247.64144897460938,0.999760091304779,109.91912841796875,243.84478759765625,1.0,74.08230590820312,278.5988464355469,0.9999902248382568,157.92665100097656,253.39317321777344,0.018767954781651497,95.62673950195312,281.34130859375,0.9435103535652161
1561,89.48136138916016,239.1925048828125,1.0,77.2716064453125,265.3964538574219,1.0,81.65354919433594,256.6808166503906,0.0034758958499878645,79.87022399902344,252.42453002929688,0.00037248266744427383,105.05841064453125,247.7045135498047,0.9998314380645752,110.09197998046875,243.86569213867188,1.0,73.79930877685547,278.9392395019531,0.9999876022338867,157.03346252441406,252.2634735107422,0.030207965523004532,95.67626953125,281.53326416015625,0.9387556910514832
1562,89.49129486083984,239.1651611328125,1.0,77.49272918701172,265.2581481933594,0.9999998807907104,81.70884704589844,256.50152587890625,0.0023130609188228846,72.75984191894531,277.4212341308594,0.0002819528745021671,104.89643096923828,247.49923706054688,0.9999353885650635,110.03361511230469,243.7587890625,1.0,73.81475067138672,278.838134765625,0.9999916553497314,158.3314971923828,256.1484680175781,0.012958078645169735,95.57807159423828,281.32080078125,0.9742364883422852
1563,89.30791473388672,239.31805419921875,1.0,76.95040893554688,265.2230224609375,1.0,81.4980239868164,256.5560607910156,0.00263233226723969,72.92716979980469,277.4183044433594,0.00037002237513661385,104.37349700927734,247.78199768066406,0.9999409914016724,109.88660430908203,243.9921875,1.0,73.43059539794922,278.93035888671875,0.9999910593032837,152.90200805664062,260.4510803222656,0.002174648456275463,95.1617202758789,281.7658996582031,0.9754520654678345
1564,89.23289489746094,239.61997985839844,1.0,77.39281463623047,265.33514404296875,0.9999998807907104,81.59552764892578,257.1368713378906,0.0023865997791290283,151.73367309570312,269.6009521484375,0.0005106476601213217,103.46798706054688,248.28306579589844,0.9995983242988586,108.87396240234375,244.4869384765625,1.0,73.70455169677734,279.0426940917969,0.9999935626983643,151.3040008544922,253.84393310546875,0.050418101251125336,94.60267639160156,281.6446838378906,0.9939982891082764
1565,89.87541961669922,239.45545959472656,1.0,77.51860809326172,264.7915344238281,0.9999998807907104,81.57767486572266,257.11328125,0.0024245865643024445,73.48656463623047,277.3827819824219,0.00041945994598791003,103.46797943115234,249.08351135253906,0.9988725781440735,109.30374908447266,244.85958862304688,1.0,73.42196655273438,279.10150146484375,0.999994158744812,151.49900817871094,254.09646606445312,0.0014922723639756441,94.24996948242188,281.9535827636719,0.9983357787132263
1566,90.72599029541016,239.87997436523438,1.0,77.91331481933594,264.5673828125,0.9999998807907104,81.97885131835938,257.1046447753906,0.0021642723586410284,73.65896606445312,277.53448486328125,0.00045154450344853103,103.18582153320312,249.34719848632812,0.999081015586853,109.0136489868164,245.06570434570312,1.0,73.60487365722656,278.7373352050781,0.9999967813491821,150.27149963378906,252.51416015625,0.003868177765980363,94.28919982910156,281.7483215332031,0.9995874762535095
1567,90.93706512451172,239.891845703125,1.0,78.01189422607422,264.47003173828125,0.9999998807907104,81.92784118652344,257.0082702636719,0.0020074474159628153,73.95498657226562,277.5965881347656,0.00065742147853598,103.09300994873047,249.167236328125,0.9987033605575562,108.7796401977539,244.906005859375,1.0,73.3990478515625,278.83123779296875,0.9999986886978149,150.0989990234375,253.3667449951172,0.0009973689448088408,93.91632080078125,281.8778076171875,0.9997840523719788
1568,91.44480895996094,239.8999786376953,1.0,78.17138671875,264.47760009765625,0.9999998807907104,82.48739624023438,257.1864318847656,0.0015886068576946855,74.01719665527344,277.63116455078125,0.0005366348777897656,102.81880950927734,249.0108184814453,0.998823344707489,108.4496841430664,244.8415985107422,1.0,73.38158416748047,278.8515930175781,0.9999988079071045,149.42027282714844,253.16519165039062,0.0009794211946427822,93.47535705566406,282.076171875,0.9999629259109497
1569,91.6063232421875,239.8779296875,1.0,78.15348815917969,264.7049865722656,0.9999998807907104,81.8494644165039,254.82025146484375,0.0013788634678348899,74.16293334960938,277.6442565917969,0.0005399686051532626,101.84998321533203,248.95587158203125,0.996360719203949,107.85719299316406,244.8546905517578,1.0,73.22721862792969,278.945068359375,0.9999985694885254,148.6764678955078,251.56106567382812,0.003018458839505911,93.20145416259766,282.21221923828125,0.9999617338180542
1570,91.48320007324219,240.265869140625,1.0,78.17996215820312,264.72967529296875,0.9999998807907104,82.1042251586914,254.86781311035156,0.0009162696078419685,74.16252899169922,277.7425842285156,0.0005216340650804341,101.77886962890625,248.86541748046875,0.9968717694282532,107.38813018798828,245.11399841308594,1.0,73.28695678710938,278.6731872558594,0.9999986886978149,148.67184448242188,251.05325317382812,0.0010775959817692637,93.01831817626953,281.9766845703125,0.9999638795852661
1571,91.81275939941406,239.75564575195312,1.0,78.2457046508789,264.57550048828125,0.9999998807907104,82.50459289550781,254.7962646484375,0.0009341758559457958,74.43461608886719,277.7021789550781,0.0005185146583244205,102.03872680664062,249.15797424316406,0.9875332117080688,107.2667465209961,245.48683166503906,1.0,73.27592468261719,278.7341003417969,0.9999986886978149,150.1831817626953,254.88421630859375,0.0025820399168878794,92.75242614746094,282.2392883300781,0.9999769926071167
1572,91.37893676757812,240.99061584472656,1.0,78.17256927490234,264.7597351074219,0.9999997615814209,82.27240753173828,255.57998657226562,0.0006136163719929755,74.28980255126953,277.6910705566406,0.0006969805108383298,102.19550323486328,249.76206970214844,0.9831635355949402,106.73294067382812,246.09405517578125,0.9999998807907104,73.21178436279297,278.7649230957031,0.9999983310699463,150.82757568359375,254.48287963867188,0.000767575460486114,92.5527572631836,282.2557373046875,0.999985933303833
1573,91.60868835449219,240.84280395507812,0.9999998807907104,78.36235046386719,264.73504638671875,0.9999997615814209,82.50727844238281,255.64028930664062,0.0005778950871899724,74.36145782470703,277.7748718261719,0.0006735727074556053,102.21443176269531,249.5115203857422,0.9825758934020996,106.7403564453125,246.18551635742188,0.9999997615814209,73.23814392089844,278.7099914550781,0.9999983310699463,148.1966094970703,250.7217559814453,0.0031288452446460724,92.34854888916016,282.467529296875,0.9999879598617554
1574,91.3626480102539,241.0684356689453,0.9999998807907104,77.046630859375,265.072265625,0.9999996423721313,145.52630615234375,270.141357421875,0.0005615186528302729,74.50261688232422,277.7326354980469,0.0007600137614645064,101.8954849243164,249.7158203125,0.9871808886528015,106.23161315917969,246.3597869873047,0.9999992847442627,72.85729217529297,278.8209533691406,0.999995231628418,138.17922973632812,255.3257293701172,0.0012946652714163065,91.67552185058594,282.643798828125,0.9999816417694092
1575,91.03917694091797,240.98272705078125,0.9999997615814209,77.03357696533203,265.2221984863281,0.9999996423721313,145.37791442871094,270.5354309082031,0.000860371277667582,75.04936218261719,277.7582702636719,0.0007191182230599225,101.79210662841797,249.8669891357422,0.9602592587471008,105.5387191772461,246.5018310546875,0.9999983310699463,73.20653533935547,278.6971130371094,0.9999867677688599,138.39419555664062,254.92544555664062,0.0008797621121630073,90.88101196289062,282.8131103515625,0.9999668598175049
1576,91.07796478271484,240.66712951660156,0.9999997615814209,77.30398559570312,265.0638732910156,0.9999996423721313,145.07579040527344,270.3211364746094,0.0010443655773997307,139.58294677734375,269.5057678222656,0.001248430460691452,101.35029602050781,249.61846923828125,0.9875150918960571,105.80197143554688,245.7061767578125,0.9999991655349731,72.6269760131836,278.5581970214844,0.9999868869781494,137.9576416015625,255.06468200683594,0.0011577531695365906,90.67150115966797,282.35491943359375,0.9998983144760132
1577,90.82791137695312,240.5480499267578,0.9999996423721313,78.53985595703125,264.59527587890625,0.9999996423721313,144.7805938720703,270.68011474609375,0.0013797226129099727,138.65318298339844,269.9700622558594,0.0011803202796727419,102.60736083984375,250.04971313476562,0.9968435764312744,104.82611846923828,244.84042358398438,0.9999986886978149,72.76013946533203,278.2718811035156,0.9999895095825195,137.8648681640625,254.76260375976562,0.0031088266987353563,90.77020263671875,282.0561828613281,0.9999004602432251
1578,90.70709228515625,239.9765167236328,0.9999970197677612,78.45030212402344,264.6893310546875,0.9999990463256836,144.615966796875,270.6597900390625,0.0009405991877429187,137.97427368164062,270.7507629394531,0.0010621534893289208,101.17732238769531,249.91424560546875,0.9783310890197754,104.56851959228516,244.98936462402344,0.9999817609786987,72.80319213867188,278.1424865722656,0.9999902248382568,137.2061767578125,253.96185302734375,0.007108435966074467,90.44121551513672,281.9445495605469,0.9998970031738281
1579,90.14131164550781,239.80484008789062,0.9999954700469971,78.27774047851562,264.8392639160156,0.9999992847442627,152.20928955078125,268.099365234375,0.0008880147361196578,137.17694091796875,269.7915344238281,0.00098804896697402,100.81941986083984,249.5872344970703,0.9783158302307129,104.09577941894531,244.6503143310547,0.9999874830245972,72.54178619384766,278.1285095214844,0.9999877214431763,136.68374633789062,254.9940185546875,0.006313272751867771,90.5580825805664,281.89739990234375,0.9999079704284668
1580,89.8943862915039,240.22686767578125,0.9999916553497314,77.20674896240234,264.7404479980469,0.9999988079071045,143.75509643554688,270.0143127441406,0.001088376622647047,137.17626953125,270.2891845703125,0.0009321460966020823,99.0693359375,249.52706909179688,0.9593321084976196,103.4843521118164,245.10826110839844,0.9999819993972778,72.552490234375,277.8708801269531,0.9999862909317017,137.0215606689453,253.3767547607422,0.00908815860748291,90.09233093261719,281.8183288574219,0.9998805522918701
1581,89.79395294189453,240.40249633789062,0.99998939037323,77.1478500366211,264.8965759277344,0.9999986886978149,143.47715759277344,269.8477783203125,0.0009678804781287909,137.1372833251953,270.2858581542969,0.000735534296836704,100.19841766357422,249.687744140625,0.918796181678772,103.12757110595703,245.087646484375,0.9999736547470093,72.60784912109375,278.0799255371094,0.9999841451644897,136.92079162597656,253.6262664794922,0.0013698021648451686,89.95059204101562,281.859375,0.9998892545700073
1582,90.11335754394531,240.68869018554688,0.9999854564666748,78.25779724121094,264.88677978515625,0.9999988079071045,143.4845428466797,270.3290710449219,0.000721229356713593,117.10860443115234,250.89511108398438,0.0006123305065557361,99.9996337890625,249.8349609375,0.8081851005554199,102.86436462402344,245.30723571777344,0.9999382495880127,72.54949951171875,277.9908752441406,0.9999902248382568,135.87481689453125,253.02955627441406,0.0017741152551025152,90.18282318115234,281.8528747558594,0.9999195337295532
1583,90.50740051269531,241.29122924804688,0.9999164342880249,77.0176773071289,265.11669921875,0.9999973773956299,143.79132080078125,270.738525390625,0.0006412941147573292,117.53886413574219,250.87445068359375,0.0008828472928144038,97.94961547851562,249.2267608642578,0.6551814079284668,102.18804931640625,245.6301727294922,0.9997847676277161,72.6452865600586,278.1300048828125,0.9999798536300659,135.84780883789062,252.76898193359375,0.00036660648765973747,89.88440704345703,281.4999694824219,0.9998764991760254
1584,92.24848175048828,243.2488250732422,0.9564997553825378,79.01162719726562,264.6789245605469,0.9997723698616028,143.92086791992188,271.544677734375,0.00039253843715414405,118.5300064086914,251.54067993164062,0.0009498983272351325,97.02510070800781,250.59202575683594,0.10805180668830872,99.2107162475586,245.38406372070312,0.988149106502533,73.26972198486328,276.76812744140625,0.9998325109481812,134.59922790527344,250.43698120117188,0.0001305221376242116,88.60796356201172,279.97039794921875,0.9993441700935364
1585,92.8555908203125,245.61817932128906,0.0899714007973671,76.03984832763672,266.7662658691406,0.9977787137031555,144.09243774414062,271.0552062988281,0.00030415187939070165,190.5489044189453,188.8790740966797,0.0007103738025762141,96.68310546875,257.5650634765625,0.0071167475543916225,97.35851287841797,244.49197387695312,0.1696072369813919,73.26107025146484,276.8462829589844,0.9995162487030029,135.08746337890625,235.4144287109375,0.0005319241899996996,86.49691772460938,280.36236572265625,0.9984706044197083
1586,92.99723815917969,246.0382080078125,0.11700703948736191,75.97321319580078,266.7304382324219,0.9983378648757935,143.77371215820312,271.5582580566406,0.0003379895642865449,118.59083557128906,251.3992156982422,0.000804112758487463,96.81165313720703,257.4100036621094,0.012595066800713539,95.53056335449219,248.2220458984375,0.4465855658054352,73.07074737548828,276.88134765625,0.9997676014900208,134.3188018798828,241.1817169189453,0.0005992336664348841,86.66263580322266,280.3559875488281,0.9993593096733093
1587,92.63435363769531,245.86293029785156,0.008240270428359509,75.66895294189453,267.2851257324219,0.9912949204444885,143.9503936767578,271.9911193847656,0.0003944867057725787,118.98221588134766,251.2867889404297,0.00045350418076850474,97.31935119628906,257.84027099609375,0.0053919958882033825,95.4167251586914,248.798828125,0.07637445628643036,73.41045379638672,276.7358703613281,0.9991346001625061,133.69850158691406,241.4678497314453,0.000326515466440469,85.51261138916016,279.8050842285156,0.9980682730674744
1588,201.23410034179688,160.1725311279297,0.00011841046944027767,74.74807739257812,270.1859436035156,0.0006140097393654287,137.3351287841797,270.9434509277344,5.907786908210255e-05,123.6741714477539,271.14324951171875,0.00018524286861065775,102.90458679199219,251.57310485839844,3.054726039408706e-05,100.79167938232422,249.89651489257812,0.00015759111556690186,69.732666015625,275.2425231933594,0.000880274863447994,242.32919311523438,271.2175598144531,0.00025642511900514364,79.62847137451172,273.71734619140625,0.004121581558138132
1589,172.68405151367188,161.73678588867188,0.00012946862261742353,138.08871459960938,250.62103271484375,1.582731056259945e-05,109.75049591064453,267.8702392578125,3.787743844441138e-05,108.12120819091797,271.287353515625,0.00011218884901609272,107.53839111328125,269.22869873046875,9.971410690923221e-06,106.13853454589844,268.32025146484375,9.910423614201136e-06,137.29879760742188,249.01296997070312,7.94457082520239e-05,114.83502197265625,258.6955871582031,0.012500714510679245,142.78529357910156,250.2075653076172,0.0007017861353233457
1590,220.74183654785156,274.70782470703125,2.8445037969504483e-05,137.42877197265625,251.8177947998047,2.4384018615819514e-05,106.29521942138672,266.32373046875,7.190097676357254e-05,160.21282958984375,205.2473907470703,5.69642725167796e-05,215.79165649414062,269.5749816894531,9.839519407250918e-06,245.7115020751953,253.1804656982422,2.099424455082044e-05,100.33633422851562,256.4281005859375,0.00019908476679120213,104.10363006591797,263.24847412109375,0.02395116351544857,131.63504028320312,262.4865417480469,0.0012093490222468972
1591,240.4806671142578,242.81497192382812,0.0041367895901203156,245.41981506347656,265.40008544921875,0.00028411432867869735,231.82313537597656,249.21347045898438,8.401719242101535e-05,235.7710723876953,267.641357421875,0.00042153586400672793,236.65628051757812,253.35189819335938,0.0001047302721417509,244.0615997314453,260.99285888671875,0.00018011659267358482,106.09979248046875,263.9726257324219,2.686964398890268e-05,106.32108306884766,271.1996154785156,0.0001310274237766862,148.60963439941406,203.45449829101562,6.123406637925655e-05
1592,238.79638671875,240.1598663330078,0.04128037393093109,235.07086181640625,265.10223388671875,0.001030476181767881,230.21847534179688,248.25332641601562,0.00015575526049360633,234.4520721435547,266.26995849609375,0.0008940170519053936,236.6482696533203,263.5141296386719,0.0006130233523435891,243.2694091796875,261.1610412597656,0.0026090664323419333,105.85806274414062,265.8636169433594,2.9202195946709253e-05,215.89105224609375,266.47174072265625,0.0002056439407169819,147.6912078857422,202.2991485595703,7.77786408434622e-05
1593,237.0924072265625,242.30319213867188,0.44802772998809814,240.1466827392578,268.4615173339844,0.015159747563302517,229.0614776611328,249.66488647460938,0.0008485798607580364,231.11038208007812,253.98809814453125,0.0016830915119498968,237.0934600830078,260.1285705566406,0.0031355603132396936,243.07093811035156,261.292236328125,0.027827188372612,240.44642639160156,275.66253662109375,7.770131924189627e-05,215.12355041503906,267.19561767578125,0.0003194181772414595,147.68182373046875,202.00619506835938,0.00012778793461620808
1594,235.9137725830078,241.40078735351562,0.9997724890708923,239.0675811767578,267.351318359375,0.7140021324157715,224.7711181640625,250.49856567382812,0.037701260298490524,225.36387634277344,250.13414001464844,0.014900350011885166,239.5074920654297,259.4149169921875,0.9574254155158997,243.30783081054688,262.9324035644531,0.9970834851264954,240.21047973632812,282.2147216796875,0.00782292801886797,212.877197265625,273.1238098144531,0.002267473144456744,217.79031372070312,239.1984100341797,9.724505071062595e-05
1595,235.65211486816406,240.46009826660156,0.9998239874839783,235.4824676513672,266.1985168457031,0.9027383923530579,226.1787109375,250.62452697753906,0.05750468745827675,225.1693878173828,249.6005401611328,0.01886645145714283,238.9578857421875,260.0821228027344,0.9916069507598877,243.3998565673828,262.3742980957031,0.9994850158691406,239.7108612060547,282.27191162109375,0.0025581135414540768,212.38253784179688,272.89862060546875,0.0016962188528850675,218.02049255371094,239.3904266357422,6.27165354671888e-05
1596,235.6884002685547,240.91558837890625,0.9986135959625244,235.09396362304688,266.9320983886719,0.6479252576828003,226.78030395507812,250.21392822265625,0.006323559675365686,231.67820739746094,263.360107421875,0.004032389726489782,238.63711547851562,260.06549072265625,0.8352786302566528,243.42271423339844,263.2672424316406,0.9862937927246094,241.07269287109375,282.6884460449219,0.0023926720023155212,212.6976776123047,272.79754638671875,0.0010837508598342538,199.2054443359375,269.39910888671875,5.736794992117211e-05
1597,235.74026489257812,241.623291015625,0.9971820116043091,234.33990478515625,266.7640075683594,0.4292256236076355,223.7036590576172,250.35116577148438,0.002320769941434264,231.7200469970703,263.6434631347656,0.0032184189185500145,238.3372344970703,261.2436218261719,0.7038320302963257,242.8150634765625,263.8471984863281,0.9645891189575195,240.573486328125,285.8088073730469,0.0002487857127562165,212.5280303955078,272.9505615234375,0.0015145859215408564,198.9810333251953,269.7341613769531,7.747128984192386e-05
1598,235.21395874023438,241.8860321044922,0.9731695652008057,233.91574096679688,266.46185302734375,0.28447225689888,227.1326904296875,250.52767944335938,0.001128175645135343,232.05068969726562,263.6092834472656,0.002931228606030345,236.88368225097656,261.5345153808594,0.35293135046958923,242.16250610351562,263.6877746582031,0.8702355027198792,241.1392059326172,277.3123779296875,0.00011001999519066885,212.74606323242188,272.787841796875,0.000802484224550426,198.45782470703125,269.4471740722656,7.825955253792927e-05
1599,235.3455810546875,241.7364959716797,0.9756051301956177,234.0287322998047,266.4219665527344,0.4191009998321533,227.20420837402344,250.5961151123047,0.0015221076318994164,232.3327178955078,263.64996337890625,0.0030948661733418703,236.7761688232422,261.26287841796875,0.2763175666332245,242.02133178710938,263.55767822265625,0.8317009210586548,241.33926391601562,277.3718566894531,0.00023386073007714003,212.90956115722656,272.8374938964844,0.0006259623914957047,198.39686584472656,269.3431396484375,7.393777195829898e-05
1600,235.55999755859375,241.97373962402344,0.976394772529602,234.2244415283203,266.8404235839844,0.40765056014060974,227.29031372070312,250.70654296875,0.0012634594459086657,232.56765747070312,263.62030029296875,0.003326581558212638,237.01730346679688,261.6009216308594,0.24441978335380554,242.1549530029297,263.7955322265625,0.7799980044364929,241.4381103515625,277.4870910644531,0.00014711466792505234,212.84327697753906,272.8351745605469,0.0008787262486293912,198.4152374267578,269.5936279296875,7.033658039290458e-05
1601,235.673095703125,241.7572784423828,0.9779989719390869,234.35430908203125,266.6062316894531,0.40081915259361267,227.21665954589844,250.56842041015625,0.001248865737579763,228.96365356445312,263.3097229003906,0.0038284664042294025,236.85560607910156,261.5211486816406,0.16149428486824036,242.047119140625,263.90191650390625,0.6544084548950195,241.87351989746094,277.3407287597656,0.00018770289898384362,212.96713256835938,272.7710876464844,0.0009499458828940988,198.2879180908203,269.3515625,6.857414700789377e-05
1602,235.8778839111328,241.5894775390625,0.9616174101829529,234.21347045898438,266.29150390625,0.37658169865608215,227.1357421875,250.19615173339844,0.0016867859521880746,228.8527069091797,263.2091979980469,0.003235437208786607,236.73419189453125,261.03448486328125,0.053395580500364304,242.12986755371094,263.1116027832031,0.21864384412765503,241.45542907714844,276.9561767578125,0.00015147923841141164,212.99462890625,272.4261169433594,0.0008175144321285188,198.31661987304688,269.1451416015625,7.141847163438797e-05
1603,235.50479125976562,241.4336395263672,0.893541693687439,233.0439910888672,265.1839904785156,0.11728466302156448,227.1184844970703,249.50877380371094,0.0008788706618361175,228.8246612548828,264.2869873046875,0.0019257637904956937,235.8956756591797,261.27740478515625,0.01511572115123272,241.7748565673828,263.61865234375,0.07887917011976242,204.19720458984375,270.5448913574219,7.100477523636073e-05,212.91168212890625,272.0924377441406,0.0006379422848112881,198.52407836914062,269.0259094238281,6.820703856647015e-05
1604,235.52757263183594,241.66949462890625,0.9213314652442932,232.3611297607422,264.8951416015625,0.07514511048793793,227.5836181640625,249.73782348632812,0.001223490689881146,227.07070922851562,249.59523010253906,0.0023455435875803232,235.4866180419922,261.1456604003906,0.02014542929828167,241.3258819580078,263.64208984375,0.06574374437332153,204.20745849609375,270.4056396484375,6.393019430106506e-05,213.1083221435547,271.9056396484375,0.0005201750318519771,198.44882202148438,268.75689697265625,6.498198490589857e-05
1605,235.07427978515625,242.1212615966797,0.8872196078300476,232.4190673828125,264.86798095703125,0.04984549805521965,227.6870880126953,249.55494689941406,0.0006399588310159743,229.38450622558594,264.6238098144531,0.00235910271294415,234.93878173828125,261.4709777832031,0.014271914958953857,241.13099670410156,263.9359436035156,0.0477994866669178,204.1549072265625,270.4221496582031,6.731661414960399e-05,213.0873260498047,271.7386169433594,0.000498093431815505,198.46034240722656,268.4085388183594,7.654258661204949e-05
1606,235.16969299316406,242.02499389648438,0.9544170498847961,232.27598571777344,264.884033203125,0.06726226210594177,227.4033203125,249.20703125,0.0012407369213178754,226.83535766601562,249.453125,0.0020849918946623802,235.1325225830078,261.3123474121094,0.023288436233997345,241.00559997558594,263.8433837890625,0.085382379591465,204.27772521972656,270.26416015625,7.777537393849343e-05,212.84414672851562,271.6194152832031,0.000653704977594316,198.7510528564453,268.43670654296875,9.243910608347505e-05
1607,235.2543487548828,242.44737243652344,0.9403365850448608,232.4355926513672,265.2604675292969,0.11056138575077057,227.5844268798828,249.41580200195312,0.0011777657782658935,227.04782104492188,249.490234375,0.002334017539396882,235.10385131835938,261.2995910644531,0.024813005700707436,241.28733825683594,263.73681640625,0.07006292045116425,241.33555603027344,276.0904541015625,9.009092900669202e-05,212.6477508544922,271.843994140625,0.0008659962913952768,198.8256072998047,268.7679443359375,9.248610149370506e-05
1608,235.56341552734375,243.18394470214844,0.7385075092315674,232.76791381835938,265.02215576171875,0.0703209936618805,228.13758850097656,249.3563232421875,0.0007110307342372835,220.04798889160156,265.71728515625,0.0026367013342678547,234.95606994628906,261.3771057128906,0.007204758934676647,241.28179931640625,263.7017517089844,0.04321365803480148,240.57025146484375,275.82940673828125,0.0001237882097484544,212.8810272216797,271.45751953125,0.0006194397574290633,198.84739685058594,268.5340576171875,7.198921230155975e-05
1609,235.74693298339844,243.70376586914062,0.9560481309890747,233.65139770507812,265.5483093261719,0.22732490301132202,227.99261474609375,250.13230895996094,0.0031432914547622204,227.2676544189453,249.9014434814453,0.005667846649885178,235.5812225341797,261.401611328125,0.03373606503009796,241.65391540527344,264.13702392578125,0.0931040570139885,240.9359130859375,276.2773742675781,0.0003642805095296353,213.0386962890625,271.935546875,0.001269024796783924,198.68804931640625,268.8363037109375,7.957118941703811e-05
1610,235.62554931640625,244.06626892089844,0.8912092447280884,233.6495361328125,265.7134094238281,0.14872997999191284,228.03375244140625,250.0630645751953,0.001440086285583675,227.42337036132812,249.99526977539062,0.003360156435519457,235.4668426513672,261.5568542480469,0.018067829310894012,241.59152221679688,263.8555908203125,0.08678120374679565,241.0525360107422,276.4471740722656,0.00026864619576372206,212.97596740722656,271.7364807128906,0.0010040800552815199,198.7211456298828,268.7692565917969,8.385686669498682e-05
1611,235.64808654785156,243.9773712158203,0.6966444253921509,233.1732635498047,265.03826904296875,0.04126780107617378,224.08340454101562,249.69451904296875,0.0007205780711956322,220.20706176757812,265.8429870605469,0.002881628694012761,233.55148315429688,262.9781188964844,0.006071816198527813,241.477783203125,264.0258483886719,0.026352116838097572,240.98129272460938,275.7444152832031,0.00018345960415899754,212.93919372558594,271.42926025390625,0.0007893182337284088,124.39385223388672,268.089111328125,0.00012659317872021347
1612,235.62596130371094,244.2325439453125,0.8548775911331177,233.38853454589844,265.3273620605469,0.04452352598309517,223.59165954589844,249.7913360595703,0.000768741185311228,220.0022430419922,265.7526550292969,0.0030795871280133724,233.76707458496094,262.92529296875,0.024066081270575523,241.8406982421875,264.4373779296875,0.09269172698259354,100.02650451660156,274.0852966308594,0.0002551155921537429,212.90927124023438,271.65631103515625,0.0005704176728613675,124.67683410644531,268.1850891113281,0.00013331204536370933
1613,236.2833709716797,244.290283203125,0.84848952293396,234.72259521484375,266.3365783691406,0.13057425618171692,223.83665466308594,249.77674865722656,0.0007358806324191391,227.2153778076172,249.92401123046875,0.0034548775292932987,234.43458557128906,263.28375244140625,0.007121054921299219,241.35345458984375,265.2546691894531,0.02544003166258335,241.73001098632812,276.66302490234375,0.0004001761262770742,213.00344848632812,271.909912109375,0.000528797332663089,124.27787780761719,267.6298828125,0.00010381521133240312
1614,235.9592742919922,244.2800750732422,0.854465126991272,235.31707763671875,266.52850341796875,0.1404035985469818,223.64378356933594,249.93238830566406,0.0006246700068004429,227.33612060546875,249.59100341796875,0.0032090991735458374,234.95504760742188,263.41168212890625,0.01133907400071621,241.42738342285156,265.0435791015625,0.036742597818374634,241.80690002441406,276.93927001953125,0.00030889856861904263,213.05894470214844,272.5048828125,0.00050269381608814,124.54766082763672,268.0345764160156,0.00015841174172237515
1615,236.15701293945312,244.6848602294922,0.9678576588630676,235.41233825683594,266.6991271972656,0.1601453721523285,223.868408203125,250.5898895263672,0.0012127384543418884,220.6833953857422,265.486328125,0.005040155258029699,235.5122833251953,263.4716796875,0.04741544649004936,241.8665771484375,265.3799133300781,0.2569480538368225,242.09674072265625,277.22406005859375,0.0003169021219946444,213.4827423095703,272.5862731933594,0.0004899189807474613,124.50962829589844,268.07342529296875,0.0002535537350922823
1616,236.05372619628906,244.59259033203125,0.8732382655143738,235.29139709472656,266.7355041503906,0.08753867447376251,225.82545471191406,264.2955322265625,0.0007512973970733583,220.9020233154297,265.8400573730469,0.005503266118466854,235.28933715820312,263.6252136230469,0.02352491393685341,241.6127166748047,265.4077453613281,0.12553676962852478,101.6273422241211,267.7441101074219,0.0023641143925487995,213.5238494873047,272.4298400878906,0.0004585353017318994,124.55917358398438,268.66717529296875,0.0003880672447849065
1617,236.29110717773438,244.95767211914062,0.9502065777778625,235.61404418945312,266.850830078125,0.10724856704473495,224.1287384033203,250.72003173828125,0.001034475164487958,220.88597106933594,265.519287109375,0.004318431951105595,239.39892578125,266.6158447265625,0.06402820348739624,241.9720458984375,265.7472229003906,0.3586568236351013,101.50595092773438,267.93328857421875,0.0027340047527104616,213.5242919921875,272.5973205566406,0.0004224420408718288,124.5730209350586,268.99267578125,0.000378221768187359
1618,236.19326782226562,244.73797607421875,0.6654976010322571,234.561279296875,266.11883544921875,0.0409037210047245,223.9871368408203,250.2777862548828,0.00047518438077531755,221.02902221679688,266.36865234375,0.003101469948887825,234.55999755859375,263.6648864746094,0.007137346547096968,241.2277069091797,265.6016845703125,0.04007517918944359,101.507080078125,268.3143615722656,0.010769962333142757,213.48631286621094,272.0340270996094,0.00033580392482690513,124.4035873413086,269.2599792480469,0.0009112096740864217
1619,236.35435485839844,244.51039123535156,0.5776932835578918,234.4539337158203,266.2853088378906,0.03323683515191078,223.86102294921875,250.03619384765625,0.0004699854180216789,221.08607482910156,266.6495056152344,0.002452413085848093,234.5579376220703,264.00872802734375,0.006017278414219618,241.6005401611328,265.816650390625,0.02839932218194008,106.4377670288086,269.85748291015625,0.00089136918541044,213.4488983154297,271.9737548828125,0.0001977238425752148,124.06285095214844,268.8116149902344,0.0003085942007601261
1620,236.2681121826172,244.0674591064453,0.04300905019044876,233.80551147460938,266.1976013183594,0.01437223982065916,225.6388702392578,265.52099609375,0.00012029512436129153,220.99578857421875,266.5903015136719,0.0010817147558555007,233.4986572265625,264.6790466308594,0.0012395657831802964,241.14227294921875,266.20556640625,0.004505844786763191,106.60321807861328,269.3695068359375,0.00023295986466109753,213.4544677734375,271.5447692871094,0.0002978130360133946,123.5991439819336,268.6153259277344,0.00024214577570091933
1621,236.2481689453125,244.07952880859375,0.04684510827064514,233.11282348632812,266.0427551269531,0.008055640384554863,225.76361083984375,265.8901062011719,8.901944238459691e-05,221.15863037109375,266.9549560546875,0.0010676891542971134,233.1995391845703,265.2134704589844,0.0010006631491705775,241.16355895996094,266.3355407714844,0.003306132974103093,106.60913848876953,269.5545349121094,0.0003293451154604554,213.57778930664062,271.5337829589844,0.00024752510944381356,123.69344329833984,268.719970703125,0.00024790747556835413
1622,236.462158203125,244.25567626953125,0.08015601336956024,233.37689208984375,265.84832763671875,0.0072211348451673985,226.05987548828125,265.85833740234375,0.00011452464241301641,221.30471801757812,267.15179443359375,0.0010592201724648476,233.41310119628906,265.05633544921875,0.0014369252603501081,241.67074584960938,266.7791442871094,0.004541744012385607,106.81304168701172,269.51177978515625,0.00031298203975893557,215.04185485839844,267.5661926269531,0.00014881760580465198,123.99470520019531,268.7000427246094,0.00028526896494440734
1623,236.08192443847656,244.3075408935547,0.07214267551898956,233.1913299560547,266.12664794921875,0.008197146467864513,225.83082580566406,265.7165222167969,0.0001456929894629866,221.11199951171875,266.8706970214844,0.0015671522123739123,233.37208557128906,265.05072021484375,0.0015951009700074792,241.8190155029297,266.9109191894531,0.005089017562568188,106.8485107421875,268.95233154296875,0.00015347338921856135,215.1077880859375,267.6294250488281,0.00013045358355157077,124.23785400390625,268.66729736328125,0.0001890638959594071
1624,235.61465454101562,244.6199493408203,0.2891400158405304,234.0233917236328,266.51080322265625,0.04871916398406029,225.550048828125,265.1626281738281,0.00043575308518484235,220.79953002929688,266.2914733886719,0.0034007953945547342,234.41705322265625,264.656005859375,0.0054124207235872746,241.648681640625,267.1706848144531,0.015702972188591957,106.72557067871094,269.5709228515625,0.00020439540094230324,215.2920379638672,268.16217041015625,0.00020002698875032365,124.03195190429688,268.67987060546875,0.00018795057258103043
1625,235.37350463867188,244.39361572265625,0.3716927766799927,233.08871459960938,267.0171203613281,0.018044453114271164,225.5140838623047,265.21466064453125,0.000513661652803421,221.16136169433594,266.4388122558594,0.003845578758046031,234.28506469726562,265.6109924316406,0.009175814688205719,241.1831817626953,267.87908935546875,0.03010018914937973,107.07291412353516,269.12432861328125,7.633382483618334e-05,215.4241180419922,267.84521484375,0.00018637622997630388,219.97494506835938,269.36431884765625,0.0001274617825401947
1626,234.9805450439453,244.44029235839844,0.3502576947212219,232.2380828857422,266.455078125,0.027703959494829178,223.0926513671875,250.5698699951172,0.00017490769096184522,228.0170135498047,259.7989501953125,0.001789973583072424,233.33889770507812,265.5236511230469,0.0027056499384343624,240.87710571289062,267.79559326171875,0.015749109908938408,122.92414855957031,268.4121398925781,4.098726640222594e-05,215.43435668945312,267.5003967285156,0.0001155482095782645,123.1349105834961,268.2397155761719,7.66083030612208e-05
1627,235.11788940429688,244.41964721679688,0.14115020632743835,232.2364044189453,266.63116455078125,0.013563738204538822,223.02210998535156,250.07757568359375,0.00013011864211875945,230.12884521484375,265.309814453125,0.0012662250082939863,232.9249267578125,265.6141052246094,0.0008357564802281559,240.92384338378906,267.8941650390625,0.004274704027920961,123.03211975097656,268.8003234863281,4.495182292885147e-05,215.22344970703125,267.0125427246094,7.115151674952358e-05,122.81853485107422,268.32989501953125,7.402045594062656e-05
1628,234.8719482421875,244.24038696289062,0.2633801996707916,232.71731567382812,266.86688232421875,0.02784677781164646,225.89427185058594,264.8936767578125,0.0001825931394705549,230.05062866210938,264.9354248046875,0.0019399547018110752,233.421142578125,265.7315673828125,0.002656852127984166,240.86557006835938,268.2861022949219,0.011020309291779995,123.05067443847656,268.9040832519531,5.771209907834418e-05,215.12521362304688,267.2898254394531,8.706652442924678e-05,122.74248504638672,268.4808044433594,8.67979324539192e-05
1629,234.62074279785156,244.56777954101562,0.5082613229751587,232.97647094726562,267.17022705078125,0.08611054718494415,223.54718017578125,250.90428161621094,0.000289808347588405,221.52639770507812,266.0620422363281,0.0024437005631625652,234.05345153808594,265.53729248046875,0.002792579587548971,241.12997436523438,268.15838623046875,0.01426257286220789,203.9139862060547,270.62945556640625,4.9538772145751864e-05,215.0869903564453,267.7728576660156,0.00010091040167026222,219.27195739746094,269.0531921386719,0.00010258285328745842
1630,234.52548217773438,244.96469116210938,0.6532236337661743,233.40333557128906,267.41973876953125,0.09687288105487823,225.77670288085938,264.5201416015625,0.0005559712299145758,221.59280395507812,266.0146179199219,0.0038118658121675253,234.52305603027344,265.5738830566406,0.008509503677487373,241.18136596679688,268.2709655761719,0.03170473128557205,203.9443817138672,270.76788330078125,5.6619344832142815e-05,215.96728515625,269.76226806640625,0.00013196418876759708,219.38880920410156,269.3293762207031,0.00012150375550845638
1631,234.33375549316406,245.27664184570312,0.7479076981544495,233.35079956054688,267.3663635253906,0.11110685020685196,225.59645080566406,264.3992004394531,0.0006918170256540179,227.8443145751953,260.0718078613281,0.0036746449768543243,234.42848205566406,265.5622253417969,0.020801279693841934,240.7896270751953,268.3036193847656,0.053127221763134,203.95985412597656,270.86163330078125,6.808259058743715e-05,214.77699279785156,268.3962097167969,0.00011812335287686437,219.28573608398438,269.3250732421875,9.957246948033571e-05
1632,233.9761199951172,245.61114501953125,0.9220909476280212,233.89776611328125,267.42352294921875,0.2887822687625885,224.59580993652344,263.9880065917969,0.0010643977439031005,226.47537231445312,251.28787231445312,0.0027824989520013332,235.49464416503906,265.32720947265625,0.09465736895799637,241.234375,268.70538330078125,0.1935708373785019,204.98121643066406,271.1910705566406,7.234286749735475e-05,215.19515991210938,270.16082763671875,0.00018019767594523728,220.72816467285156,270.0233459472656,8.141087891999632e-05
1633,234.48023986816406,245.81289672851562,0.95662921667099,234.4822235107422,267.806884765625,0.4489838778972626,224.89186096191406,263.9084777832031,0.0022646000143140554,226.19224548339844,251.50775146484375,0.0042593288235366344,236.03941345214844,265.36212158203125,0.13053227961063385,241.70071411132812,268.712890625,0.2892686426639557,236.37266540527344,272.2764892578125,0.00011687642108881846,215.2183380126953,270.6600036621094,0.00019322754815220833,220.74777221679688,270.0575256347656,7.480270141968504e-05
1634,234.1645050048828,245.390380859375,0.9394355416297913,234.4072723388672,267.6321716308594,0.3336484432220459,224.82704162597656,263.7315673828125,0.0015920753357931972,223.6042938232422,250.02859497070312,0.004422875586897135,235.90028381347656,265.3521728515625,0.09825298190116882,241.5467987060547,268.7007141113281,0.2130664587020874,205.1280975341797,271.2596130371094,0.00010829651000676677,214.13829040527344,269.1351013183594,0.0002900386170949787,221.17591857910156,270.32147216796875,8.904169226298109e-05
1635,234.0828094482422,245.15211486816406,0.9303228855133057,234.2102813720703,267.6774597167969,0.3484266996383667,224.8975372314453,263.754638671875,0.0021502841264009476,223.9392547607422,249.67218017578125,0.004549621604382992,235.74819946289062,265.556884765625,0.06954774260520935,241.41563415527344,268.84716796875,0.1446145623922348,204.98001098632812,271.1372985839844,0.00011540912237251177,214.25405883789062,268.8119812011719,0.00022793265816289932,221.1306915283203,270.3710632324219,0.00011234448902541772
1636,234.30966186523438,245.8208465576172,0.9573668241500854,234.4739532470703,267.909912109375,0.4214467704296112,224.9252471923828,263.7965087890625,0.005378337576985359,224.17640686035156,250.01841735839844,0.005591553170233965,235.9444580078125,265.6679992675781,0.12982939183712006,241.50083923339844,268.89849853515625,0.27982521057128906,236.439453125,272.20123291015625,9.727630094857886e-05,214.30935668945312,269.208984375,0.00018384592840448022,220.9329376220703,269.9466857910156,9.693378524389118e-05
1637,234.1697235107422,245.916015625,0.9485737681388855,234.44903564453125,267.83587646484375,0.4183144271373749,225.27615356445312,264.02862548828125,0.005700926762074232,229.40367126464844,262.9624328613281,0.007337882183492184,235.72145080566406,265.8648681640625,0.0860181525349617,241.39784240722656,268.9015808105469,0.19301769137382507,236.44577026367188,271.9515075683594,0.00012305252312216908,214.37396240234375,269.0535888671875,0.0001555172202643007,220.28170776367188,269.86981201171875,0.00011521208944031969
1638,233.93223571777344,245.871826171875,0.9707745909690857,234.50950622558594,267.6871337890625,0.3584524691104889,225.18740844726562,263.9853515625,0.007398737128823996,229.25439453125,262.8690185546875,0.00825248472392559,235.7994842529297,265.88201904296875,0.09598513692617416,241.5386505126953,269.0299072265625,0.212858185172081,236.57582092285156,271.4874267578125,0.00014112470671534538,214.4457244873047,268.9226989746094,0.000129062362248078,220.32545471191406,269.87799072265625,0.00010180695244343951
1639,233.41769409179688,245.87806701660156,0.9646929502487183,233.99063110351562,267.6994323730469,0.24964894354343414,224.7533721923828,264.04974365234375,0.004232887644320726,228.9971466064453,262.9307556152344,0.006627622060477734,235.29263305664062,265.9515075683594,0.11163189262151718,241.10015869140625,268.6824035644531,0.3320881426334381,204.6919708251953,271.1427917480469,8.499708928866312e-05,214.24191284179688,268.6649169921875,0.00014085393922869116,220.19651794433594,269.8681945800781,9.837049583438784e-05
1640,233.29905700683594,247.02935791015625,0.9898619651794434,234.7646484375,268.35498046875,0.3658903241157532,226.22998046875,260.38897705078125,0.022400246933102608,228.74058532714844,262.76763916015625,0.01628229394555092,235.51486206054688,266.3633117675781,0.33708786964416504,241.04006958007812,269.4164123535156,0.7057096362113953,236.62342834472656,271.75604248046875,0.00015807646559551358,213.58628845214844,272.5723571777344,0.00016595411580055952,151.08840942382812,233.40199279785156,8.753287693252787e-05
1641,233.39974975585938,247.58470153808594,0.9959831237792969,235.22169494628906,268.6099548339844,0.396862268447876,225.93667602539062,260.50714111328125,0.04967356473207474,228.2428741455078,262.2799987792969,0.014340857975184917,235.7576446533203,265.977783203125,0.5761045217514038,241.04122924804688,269.4355163574219,0.8192381858825684,233.87550354003906,285.4212341308594,0.0002974041854031384,213.3802947998047,273.0611877441406,0.00021558014850597829,150.81365966796875,233.1007080078125,0.00012297581997700036
1642,232.5345458984375,247.6755828857422,0.9723242521286011,233.9783477783203,268.29559326171875,0.10703276097774506,225.86038208007812,260.69891357421875,0.01894897036254406,228.64892578125,263.2880859375,0.012071503326296806,234.66851806640625,266.34454345703125,0.5090619325637817,240.18743896484375,269.2424011230469,0.7570285201072693,204.38417053222656,270.7021179199219,8.236730354838073e-05,214.0014190673828,268.5441589355469,8.206185884773731e-05,150.97149658203125,233.29104614257812,0.0001258486445294693
1643,232.54470825195312,247.73922729492188,0.826215386390686,233.53636169433594,268.2619934082031,0.10785776376724243,226.42166137695312,260.73486328125,0.004740290809422731,229.4281768798828,263.3709411621094,0.009523429907858372,234.21185302734375,266.5361022949219,0.06711656600236893,240.14108276367188,269.47998046875,0.16426748037338257,235.74777221679688,271.095458984375,6.736683280905709e-05,214.1512451171875,268.0986633300781,6.811519415350631e-05,151.15740966796875,233.54946899414062,0.00010314086102880538
1644,230.79083251953125,247.69898986816406,0.9873381853103638,233.3713836669922,268.2496032714844,0.10280483216047287,225.3578338623047,260.625,0.010047477670013905,228.205322265625,262.9665832519531,0.009618755429983139,233.73297119140625,266.2421875,0.39733508229255676,235.4217987060547,267.84368896484375,0.6076098680496216,235.2525177001953,271.25531005859375,7.65208387747407e-05,213.00701904296875,272.2961730957031,7.218822429422289e-05,151.3174285888672,233.01100158691406,7.535900658695027e-05
1645,230.49998474121094,247.58082580566406,0.9993023872375488,231.10342407226562,273.89306640625,0.43152937293052673,224.17083740234375,260.0927734375,0.026070255786180496,221.052490234375,265.349853515625,0.03717125207185745,232.69358825683594,266.4950866699219,0.8258131146430969,234.45993041992188,268.98736572265625,0.8688496947288513,229.1084442138672,285.9406433105469,0.00021266478870529681,212.88734436035156,273.6309509277344,8.582074224250391e-05,151.29165649414062,233.2378387451172,7.006212399573997e-05
1646,229.40841674804688,248.20851135253906,0.9996241331100464,231.70965576171875,274.5355224609375,0.7403640747070312,223.73202514648438,261.0934753417969,0.11151497811079025,221.8525848388672,265.0664978027344,0.12024159729480743,232.78414916992188,266.4595642089844,0.9369754195213318,234.28749084472656,268.7559509277344,0.9373735189437866,233.01170349121094,285.28900146484375,0.0015846571186557412,213.04342651367188,274.22198486328125,7.470283162547275e-05,151.48382568359375,233.56964111328125,6.688157009193674e-05
1647,229.68931579589844,249.82826232910156,0.9998947381973267,230.1116180419922,275.31048583984375,0.9103789925575256,222.38681030273438,261.0561828613281,0.18822769820690155,221.0560760498047,264.2165222167969,0.12486612051725388,232.14254760742188,266.95062255859375,0.9818097352981567,234.45819091796875,269.04351806640625,0.93861323595047,230.26571655273438,286.383056640625,0.008400456048548222,212.4069366455078,275.0412292480469,0.0003066930512432009,224.14337158203125,244.2339630126953,6.533167470479384e-05
1648,228.70053100585938,247.90499877929688,0.9999449253082275,229.78196716308594,274.7939147949219,0.8960070610046387,217.12188720703125,259.4869384765625,0.19532839953899384,221.02464294433594,263.7934875488281,0.06596813350915909,231.8485107421875,266.94390869140625,0.9735006093978882,234.1806182861328,269.1103210449219,0.9109418988227844,229.91587829589844,285.9369812011719,0.007182472851127386,212.22235107421875,274.7897644042969,0.0005170208169147372,151.40365600585938,233.46957397460938,8.640460146125406e-05
1649,229.5428009033203,249.7593536376953,0.9999442100524902,231.90328979492188,275.12860107421875,0.970872700214386,220.70291137695312,261.45751953125,0.45927688479423523,221.12242126464844,264.5475769042969,0.22881962358951569,232.4219512939453,266.8431091308594,0.9711856245994568,234.81346130371094,269.1571350097656,0.8935378789901733,230.39952087402344,286.1866149902344,0.020205091685056686,211.94915771484375,275.05523681640625,0.0006655278848484159,224.46168518066406,244.2978515625,7.656492380192503e-05
1650,229.67877197265625,249.8026885986328,0.9999388456344604,231.94644165039062,275.22735595703125,0.9650391936302185,222.50778198242188,261.2503356933594,0.32862716913223267,221.09970092773438,264.8345031738281,0.13628920912742615,232.4276123046875,267.021484375,0.9699658751487732,234.88558959960938,269.2322692871094,0.9094499349594116,232.8058319091797,285.4815979003906,0.012837235815823078,211.9322967529297,274.8768005371094,0.0006758438539691269,151.34584045410156,233.61788940429688,0.00010299648420186713
1651,229.54071044921875,250.22354125976562,0.9998505115509033,231.8491668701172,275.00079345703125,0.8866994976997375,223.12033081054688,261.37652587890625,0.20066501200199127,221.37875366210938,265.332275390625,0.09595008194446564,231.9727783203125,267.2971496582031,0.9506702423095703,234.48263549804688,269.48065185546875,0.9115626811981201,232.88417053222656,285.41949462890625,0.004325330723077059,212.1209716796875,274.5097961425781,0.00043837414705194533,151.328857421875,233.68585205078125,0.00018107365758623928
1652,229.37063598632812,250.0062255859375,0.9997010231018066,231.81341552734375,274.98760986328125,0.8662044405937195,223.3125,261.18841552734375,0.1593611240386963,221.27694702148438,265.31622314453125,0.08449658751487732,231.58392333984375,267.25933837890625,0.93878173828125,234.0572967529297,269.3433532714844,0.8952459692955017,232.935791015625,285.53497314453125,0.0038057032506912947,212.0862579345703,274.3774108886719,0.0005095177330076694,151.23280334472656,233.67471313476562,0.00013561826199293137
1653,229.34088134765625,250.3487548828125,0.9995073080062866,231.62794494628906,275.0682373046875,0.7819263339042664,223.6363067626953,261.1468505859375,0.12362653017044067,225.43043518066406,261.695556640625,0.053659964352846146,231.09474182128906,267.59124755859375,0.9216551184654236,233.43496704101562,269.5296630859375,0.8833939433097839,233.01168823242188,285.6291809082031,0.00205409643240273,212.1024932861328,274.2486572265625,0.00039067279431037605,151.2129364013672,233.54779052734375,0.00015067971253301948
1654,229.23536682128906,249.93417358398438,0.9996293783187866,231.31149291992188,274.8156433105469,0.7638052701950073,223.2696533203125,260.8623962402344,0.09988583624362946,221.14572143554688,265.0895080566406,0.037244994193315506,230.9827423095703,267.4960021972656,0.9512301683425903,233.22052001953125,269.53497314453125,0.9071449637413025,229.84727478027344,286.33306884765625,0.001990375341847539,211.9792938232422,274.35064697265625,0.00047351091052405536,151.15313720703125,233.61953735351562,0.0001694205857347697
1655,229.153076171875,250.02777099609375,0.999609649181366,231.2809600830078,274.9197082519531,0.7542948722839355,223.251953125,260.76348876953125,0.06381680816411972,220.01234436035156,258.2193908691406,0.02627444826066494,231.02613830566406,267.7048645019531,0.9506117701530457,233.49623107910156,269.77557373046875,0.9113587737083435,232.8780059814453,285.5077819824219,0.002560197375714779,211.6400146484375,274.3154296875,0.0006873374222777784,151.23658752441406,233.68185424804688,0.0001595867215655744
1656,228.16490173339844,247.7978515625,0.9996817111968994,231.3468017578125,274.4604797363281,0.7935270667076111,223.11605834960938,260.71929931640625,0.09169041365385056,225.0205535888672,260.8004150390625,0.024792885407805443,231.04669189453125,267.16070556640625,0.9102180600166321,233.73052978515625,269.1935729980469,0.8823386430740356,232.82273864746094,285.4368591308594,0.0021666318643838167,211.89793395996094,274.7215270996094,0.0009139712201431394,151.35391235351562,233.65151977539062,0.00015754047490190715
1657,229.0326690673828,249.77169799804688,0.9994056224822998,231.31980895996094,274.6664123535156,0.7556419372558594,223.0794677734375,260.9202880859375,0.07939355820417404,219.7274169921875,258.08526611328125,0.03003501333296299,231.0533905029297,267.39178466796875,0.8855125308036804,233.86309814453125,269.3961486816406,0.8754183650016785,232.8443603515625,285.64276123046875,0.002274374710395932,211.80947875976562,274.2982482910156,0.0008289036341011524,151.4088592529297,233.77780151367188,0.00015837610408198088
1658,228.89410400390625,250.08628845214844,0.9990957975387573,231.24485778808594,274.7572937011719,0.6423680186271667,223.5670623779297,261.0522155761719,0.044214703142642975,220.62449645996094,265.24542236328125,0.02233458124101162,230.71047973632812,267.5499572753906,0.8573564887046814,233.3711700439453,269.43817138671875,0.885281503200531,232.89051818847656,285.7521667480469,0.0013948393752798438,211.8513946533203,273.8760681152344,0.0006064091576263309,151.17677307128906,233.49205017089844,0.0001168404269265011
1659,229.06439208984375,250.0286407470703,0.9989859461784363,231.28280639648438,274.7593078613281,0.668090283870697,223.803466796875,260.8769226074219,0.041884612292051315,225.49974060058594,261.21490478515625,0.02306370623409748,230.67738342285156,267.51885986328125,0.8307088613510132,233.36058044433594,269.38140869140625,0.8770968914031982,233.00535583496094,285.7872009277344,0.0015118516748771071,211.98715209960938,273.9380798339844,0.0006897130515426397,151.2524871826172,233.75733947753906,0.0001220053163706325
1660,228.9163818359375,250.09812927246094,0.9990204572677612,231.12637329101562,274.8719177246094,0.6235914826393127,223.59375,260.85516357421875,0.04744667559862137,220.02679443359375,258.2880554199219,0.023607688024640083,230.47044372558594,267.65911865234375,0.8405537009239197,233.04161071777344,269.6338195800781,0.8678076267242432,232.96070861816406,285.8280944824219,0.0012477939017117023,211.93495178222656,273.9918212890625,0.0006151097477413714,151.2587127685547,233.831298828125,0.00014826042752247304
1661,229.0675048828125,250.23443603515625,0.9994731545448303,231.22811889648438,274.943603515625,0.7481396198272705,216.58889770507812,260.8560485839844,0.061119548976421356,220.4406280517578,265.31060791015625,0.025335190817713737,230.82464599609375,267.635986328125,0.8923366665840149,233.4205780029297,269.77374267578125,0.9000727534294128,232.95315551757812,285.6564636230469,0.002123239915817976,211.80532836914062,274.3463439941406,0.00101850472856313,151.18141174316406,233.81051635742188,0.0001332994579570368
1662,229.118408203125,250.44448852539062,0.9997264742851257,231.45486450195312,275.1285705566406,0.7813980579376221,216.47019958496094,260.92559814453125,0.07559061795473099,220.43206787109375,265.2103576660156,0.025351520627737045,231.15882873535156,267.6348876953125,0.9219549298286438,233.66334533691406,269.6263732910156,0.9202950596809387,233.04843139648438,285.77789306640625,0.002972590969875455,211.54627990722656,274.47332763671875,0.0012334102066233754,234.9888916015625,238.30943298339844,7.098061178112403e-05
1663,229.2159423828125,250.5326690673828,0.9995415210723877,231.604736328125,275.077880859375,0.7206227779388428,223.6632843017578,261.22113037109375,0.05531518906354904,225.3618621826172,261.4055480957031,0.0303204283118248,230.95401000976562,267.63134765625,0.8552991151809692,233.5244140625,269.5721130371094,0.8970874547958374,233.2199249267578,285.88140869140625,0.0018755641067400575,211.8055419921875,274.26953125,0.0006640171632170677,151.47061157226562,233.53440856933594,8.618791616754606e-05
1664,229.00350952148438,250.34446716308594,0.9994040727615356,231.59036254882812,274.8733825683594,0.707685112953186,216.38809204101562,260.90191650390625,0.03995147719979286,225.3275909423828,261.2603454589844,0.018478605896234512,230.86891174316406,267.462646484375,0.8508051037788391,233.4325714111328,269.4288635253906,0.8850098252296448,233.29502868652344,285.7053527832031,0.001990287331864238,211.50462341308594,274.2765197753906,0.0006621280335821211,151.42770385742188,233.5194091796875,0.00012076807615812868
1665,229.04185485839844,250.51382446289062,0.9995306730270386,231.65106201171875,274.91448974609375,0.7864285707473755,216.67291259765625,260.9654235839844,0.049523308873176575,220.5955047607422,265.1712951660156,0.02961607277393341,231.00962829589844,267.3333740234375,0.8654905557632446,233.47203063964844,269.2383117675781,0.9017842411994934,233.3414306640625,285.78485107421875,0.002880527637898922,211.64698791503906,274.5475769042969,0.000867026683408767,151.57656860351562,233.59603881835938,8.184436592273414e-05
1666,229.38539123535156,250.36656188964844,0.9988759160041809,231.78201293945312,274.7391662597656,0.7417261004447937,216.68478393554688,260.99615478515625,0.03631800785660744,225.60536193847656,261.1882019042969,0.02385600097477436,230.7881622314453,267.28546142578125,0.7763398885726929,233.32350158691406,269.07080078125,0.8468661308288574,233.4114532470703,285.732177734375,0.0024692206643521786,212.1267852783203,274.3847351074219,0.000661033729556948,151.41586303710938,233.68179321289062,0.00010615134669933468
1667,229.2394256591797,250.42507934570312,0.9965954422950745,231.56646728515625,274.5965576171875,0.5923411250114441,224.6919403076172,261.0137023925781,0.015963038429617882,225.98519897460938,261.3699035644531,0.021122392266988754,230.31454467773438,267.468017578125,0.6126733422279358,233.0050811767578,269.21429443359375,0.8213284015655518,233.49551391601562,285.7453918457031,0.001126676332205534,212.1412353515625,274.2218933105469,0.0006020289729349315,151.24911499023438,233.7611846923828,0.00011088945029769093
1668,229.57711791992188,250.6829833984375,0.9992771744728088,232.20901489257812,275.0326232910156,0.8258897662162781,224.1698455810547,261.1540222167969,0.037910111248493195,225.68295288085938,261.2709045410156,0.024740643799304962,230.88339233398438,267.5148010253906,0.7179145216941833,233.49049377441406,269.1656188964844,0.8394339680671692,233.79922485351562,286.09271240234375,0.004422253929078579,211.60989379882812,274.5218811035156,0.0007327714120037854,151.6591796875,233.6353302001953,0.0001028453407343477
1669,229.26388549804688,250.9566650390625,0.9981343150138855,231.71841430664062,275.0667724609375,0.6670956611633301,216.7642059326172,261.114013671875,0.018412455916404724,225.94151306152344,261.5760498046875,0.012707993388175964,230.28424072265625,267.9586181640625,0.6340903043746948,232.81704711914062,269.6178894042969,0.7864342331886292,233.67529296875,286.12921142578125,0.0023768898099660873,211.764892578125,274.25836181640625,0.000569632276892662,151.62612915039062,233.554443359375,0.00010183433187194169
1670,229.36578369140625,250.9908905029297,0.9954962730407715,231.6204376220703,275.078857421875,0.6088302731513977,224.88436889648438,260.9897155761719,0.01196779403835535,226.43101501464844,261.58935546875,0.009876908734440804,229.9070587158203,268.0797424316406,0.524201512336731,232.4638671875,269.5909729003906,0.6676245927810669,233.7975616455078,286.1623229980469,0.0018546856008470058,211.9670867919922,273.9033203125,0.0003079027228523046,151.41250610351562,233.5226287841797,0.00010787517385324463
1671,229.2574920654297,251.1222381591797,0.9905892610549927,231.58119201660156,274.9068298339844,0.4194023013114929,225.21466064453125,261.0188293457031,0.0052491468377411366,226.59701538085938,261.89727783203125,0.007360479328781366,229.51516723632812,268.0590515136719,0.3874654173851013,232.26210021972656,269.4769592285156,0.5819099545478821,233.70864868164062,286.4297790527344,0.0008008185541257262,212.1658935546875,273.54034423828125,0.00024065666366368532,151.61187744140625,233.792236328125,9.797703387448564e-05
1672,229.08624267578125,250.8160858154297,0.9917348623275757,231.39012145996094,274.82806396484375,0.3437802791595459,216.6175537109375,261.4034729003906,0.006657856050878763,226.62991333007812,261.7630310058594,0.007190689444541931,229.4630889892578,268.12432861328125,0.3841229975223541,232.029052734375,269.4583740234375,0.589415967464447,233.49127197265625,286.4218444824219,0.0006104696076363325,211.9542236328125,273.5429382324219,0.0003394918458070606,151.44219970703125,233.663818359375,0.00011195928527740762
1673,229.1179656982422,250.98097229003906,0.9862560629844666,231.28562927246094,274.8921203613281,0.30830439925193787,216.6885223388672,261.6554260253906,0.006470628548413515,226.594970703125,261.7822570800781,0.007702524773776531,229.423828125,268.35614013671875,0.33657559752464294,231.9951629638672,269.5783996582031,0.560740053653717,233.43394470214844,286.43060302734375,0.00041493491153232753,212.11134338378906,273.45416259765625,0.00026629274361766875,151.5550537109375,233.56881713867188,0.00014142376312520355
1674,229.33096313476562,251.3095703125,0.9927061200141907,231.39682006835938,275.0392761230469,0.3920004069805145,224.97042846679688,261.14947509765625,0.008670315146446228,226.46995544433594,262.04791259765625,0.010458135046064854,229.419677734375,268.35540771484375,0.5141265988349915,232.04652404785156,269.6307373046875,0.6903509497642517,233.4923095703125,286.2312316894531,0.000650128407869488,212.08596801757812,273.5964050292969,0.0003126822703052312,151.41189575195312,233.37713623046875,0.00012135486758779734
1675,229.25999450683594,251.02813720703125,0.9949290752410889,231.33355712890625,274.880126953125,0.43612563610076904,224.6768798828125,260.956787109375,0.013301019556820393,226.19985961914062,261.77142333984375,0.011583256535232067,229.53961181640625,268.2030029296875,0.6087877154350281,232.12860107421875,269.7281799316406,0.7025567889213562,233.3315887451172,286.1304016113281,0.000708620180375874,211.90138244628906,273.625244140625,0.00034915588912554085,151.5452117919922,233.46568298339844,0.00014019627997186035
1676,229.26773071289062,251.06190490722656,0.9959707856178284,231.29739379882812,274.94525146484375,0.43505504727363586,216.4567413330078,261.3026123046875,0.01368655450642109,220.4335174560547,259.0194396972656,0.010250521823763847,229.58580017089844,268.2851867675781,0.560555100440979,232.26502990722656,269.8222961425781,0.6973270773887634,233.3245086669922,286.11083984375,0.0006700742524117231,211.81512451171875,273.6685485839844,0.00037332018837332726,151.617431640625,233.5057830810547,0.00012133333802921697
1677,229.13021850585938,251.11407470703125,0.993729829788208,231.3252410888672,275.0448303222656,0.39617231488227844,216.4081573486328,261.4345397949219,0.011737385764718056,225.93446350097656,261.8189392089844,0.009909766726195812,229.65756225585938,268.2766418457031,0.5339787602424622,232.36927795410156,269.6177673339844,0.7167755961418152,233.3595733642578,286.13714599609375,0.0005968781188130379,211.85264587402344,273.660400390625,0.0004150610766373575,151.65750122070312,233.69821166992188,0.00015041515871416777
1678,229.1726837158203,251.3980712890625,0.9938206076622009,231.2582244873047,275.1445617675781,0.454742431640625,224.8651885986328,261.2120666503906,0.013565600849688053,226.33685302734375,262.0548400878906,0.01445265393704176,229.4800262451172,268.3819274902344,0.6220365166664124,232.03834533691406,269.8150939941406,0.7733943462371826,233.4982147216797,286.20245361328125,0.0007590196910314262,212.0420379638672,273.9547119140625,0.0003511964459903538,151.5099639892578,233.6383819580078,0.00011889245070051402
1679,229.2027130126953,251.31358337402344,0.9936829805374146,231.39410400390625,274.9314270019531,0.5582598447799683,224.79678344726562,261.0456848144531,0.017084019258618355,226.12875366210938,261.8024597167969,0.016192005947232246,229.6336212158203,268.0496520996094,0.6062615513801575,232.23223876953125,269.6508483886719,0.7105361223220825,233.5739288330078,286.02099609375,0.0009462269954383373,211.9644775390625,274.18701171875,0.0005784588283859193,151.46849060058594,233.6207733154297,0.00011662227188935503
1680,228.28594970703125,248.39260864257812,0.9932547211647034,231.56817626953125,274.8360595703125,0.49399203062057495,224.59837341308594,260.9432678222656,0.012607711367309093,225.93392944335938,261.3920593261719,0.01157352700829506,230.04257202148438,268.24261474609375,0.2829066216945648,232.58578491210938,269.611083984375,0.4321286380290985,233.7386932373047,286.39154052734375,0.0010821837931871414,211.8386993408203,273.7796936035156,0.00035597526584751904,151.1904296875,233.83709716796875,9.775129001354799e-05
1681,229.11892700195312,250.69480895996094,0.9948461055755615,231.4002685546875,274.62652587890625,0.47596922516822815,224.59320068359375,261.0335388183594,0.01480724848806858,225.85581970214844,261.3605651855469,0.016801118850708008,230.04808044433594,268.23187255859375,0.3114717900753021,232.46397399902344,269.6290283203125,0.5352647304534912,233.77943420410156,286.0851135253906,0.0005871102912351489,211.99386596679688,273.7383728027344,0.0002908942988142371,149.69580078125,202.76332092285156,9.31433605728671e-05
1682,228.3398895263672,248.35643005371094,0.9919276237487793,231.45425415039062,274.4366149902344,0.3776651620864868,224.9064483642578,260.6918640136719,0.009404589422047138,226.02723693847656,261.2406311035156,0.012680754996836185,229.57643127441406,268.2881774902344,0.22596590220928192,232.2353973388672,269.6777038574219,0.4047577679157257,233.8853302001953,286.06201171875,0.0004153549380134791,212.10238647460938,273.5539245605469,0.00024195422884076834,149.63943481445312,202.6689453125,0.00012115816934965551
1683,229.21377563476562,251.05137634277344,0.9920306205749512,231.44821166992188,274.56524658203125,0.4536510109901428,225.09561157226562,261.0697021484375,0.012422241270542145,226.20687866210938,261.4029541015625,0.01538875512778759,229.81268310546875,268.25311279296875,0.25219792127609253,232.32618713378906,269.48516845703125,0.49541765451431274,233.77955627441406,286.21905517578125,0.0007002411875873804,212.0948028564453,273.7098083496094,0.0002574243117123842,150.059814453125,202.53643798828125,9.869813948171213e-05
1684,229.26625061035156,251.0752410888672,0.9912558794021606,231.36273193359375,274.7569274902344,0.4651123285293579,225.02471923828125,261.1478271484375,0.011858935467898846,226.50807189941406,261.37066650390625,0.012206482701003551,229.71737670898438,268.35394287109375,0.24779658019542694,231.95204162597656,269.5086669921875,0.4500003755092621,233.65087890625,286.3385009765625,0.0008546834578737617,211.9204864501953,273.899169921875,0.0003276386414654553,234.29515075683594,239.37457275390625,6.450572254834697e-05
1685,229.27357482910156,251.42315673828125,0.9924200177192688,231.31564331054688,274.671875,0.453617662191391,224.9843292236328,261.2364196777344,0.015499994158744812,226.32254028320312,261.5774841308594,0.012897506356239319,229.65443420410156,268.46502685546875,0.21425500512123108,232.0367889404297,269.7408142089844,0.37720629572868347,233.65675354003906,286.2227783203125,0.000652967719361186,212.30421447753906,274.05712890625,0.00024111276434268802,151.26499938964844,233.59901428222656,8.100632840069011e-05
1686,229.34988403320312,251.3763885498047,0.9946733117103577,231.4546356201172,274.507080078125,0.5044059157371521,224.80734252929688,261.315673828125,0.02045230008661747,226.32937622070312,261.5726013183594,0.015275279991328716,229.74607849121094,268.1676025390625,0.32162606716156006,232.02279663085938,269.5771789550781,0.5094313025474548,233.772705078125,286.0921936035156,0.0008866962161846459,212.32264709472656,274.2162780761719,0.0002693494316190481,151.1282958984375,233.50869750976562,0.00010613343329168856
1687,229.1289520263672,251.5386505126953,0.9942680597305298,231.27056884765625,274.7709655761719,0.4675334692001343,224.68946838378906,261.4208984375,0.020876679569482803,226.1494598388672,261.7124938964844,0.015074667520821095,229.62525939941406,268.45819091796875,0.3172603249549866,232.04031372070312,269.9002380371094,0.5040407180786133,233.63751220703125,286.2967834472656,0.0007399952155537903,212.40968322753906,274.2502746582031,0.00022050878033041954,151.16761779785156,233.3883819580078,9.825293818721548e-05
1688,229.12448120117188,251.62667846679688,0.9953525066375732,231.0937957763672,274.72418212890625,0.45894843339920044,224.42947387695312,261.31787109375,0.021919121965765953,225.8836669921875,261.5968933105469,0.015260941348969936,229.58078002929688,268.45458984375,0.39126455783843994,232.0394287109375,269.9754333496094,0.5577577948570251,229.6099395751953,286.8948974609375,0.0007932319422252476,212.39468383789062,274.11895751953125,0.0001971147139556706,151.2439422607422,233.33419799804688,0.00010954471508739516
1689,229.24050903320312,251.4923553466797,0.9976451992988586,231.18153381347656,274.80230712890625,0.5966120958328247,216.5146026611328,261.7496643066406,0.028828594833612442,221.22401428222656,260.3144836425781,0.017385918647050858,229.78912353515625,268.4287414550781,0.4144640564918518,232.2515106201172,269.97943115234375,0.511232852935791,229.8598175048828,286.8906555175781,0.0012845570454373956,212.3778076171875,274.37835693359375,0.00028215214842930436,151.00137329101562,233.3014373779297,8.230769890360534e-05
1690,229.2073516845703,251.2797393798828,0.9980278611183167,231.26060485839844,274.5819396972656,0.5461297631263733,224.2399139404297,261.1930847167969,0.03600892052054405,221.31053161621094,260.2463073730469,0.016517274081707,229.9031982421875,268.3538818359375,0.4328078031539917,232.3780059814453,269.91082763671875,0.5360745191574097,229.84263610839844,286.9195251464844,0.000978757394477725,212.4346923828125,274.3494873046875,0.0002120840217685327,151.02850341796875,233.3155059814453,7.552649185527116e-05
1691,229.16062927246094,251.19052124023438,0.998626708984375,231.35643005371094,274.6897277832031,0.6396462917327881,224.1312255859375,261.3423767089844,0.03870702534914017,221.29403686523438,260.4090270996094,0.014440907165408134,230.09542846679688,268.3253479003906,0.5689000487327576,232.57838439941406,269.9706115722656,0.6483111381530762,230.0479736328125,286.801025390625,0.00203772378154099,212.37680053710938,274.60614013671875,0.000240545385167934,234.65945434570312,239.1681365966797,6.784344441257417e-05
1692,229.8861846923828,251.12429809570312,0.9972865581512451,231.83741760253906,274.4847717285156,0.6154868006706238,224.69552612304688,261.49920654296875,0.0441775918006897,226.38119506835938,262.0510559082031,0.02353949286043644,230.3223114013672,268.4605712890625,0.34809044003486633,233.13668823242188,270.23260498046875,0.4195353388786316,233.93154907226562,285.8326416015625,0.0013168862788006663,212.79042053222656,274.2404479980469,0.00017467420548200607,234.9261932373047,239.13015747070312,8.716563024790958e-05
1693,229.59567260742188,251.28598022460938,0.9963468909263611,231.6410369873047,274.62939453125,0.6388258934020996,224.7091522216797,261.596435546875,0.03525082767009735,226.4255828857422,262.0460205078125,0.02020825818181038,230.1574249267578,268.3934020996094,0.37243491411209106,232.69520568847656,270.1111145019531,0.4892660975456238,233.72055053710938,286.0365295410156,0.001953714294359088,212.62864685058594,273.90386962890625,0.00017673603724688292,234.73106384277344,239.11947631835938,0.00011286257358733565
1694,229.59255981445312,251.21868896484375,0.9952234625816345,231.5810089111328,274.6256408691406,0.5527868866920471,224.78651428222656,261.586669921875,0.027447883039712906,226.55567932128906,262.1851806640625,0.017835194244980812,230.18829345703125,268.53546142578125,0.2677340805530548,232.71763610839844,270.0815734863281,0.3987208306789398,233.61753845214844,286.10577392578125,0.0012288971338421106,212.58511352539062,273.7001953125,0.00011437830107752234,151.4265899658203,233.38677978515625,0.0001185396031360142
1695,229.3306427001953,251.24533081054688,0.991790771484375,231.24229431152344,274.8033752441406,0.36676979064941406,224.87135314941406,261.3023681640625,0.014397844672203064,226.6181640625,261.9781188964844,0.008608036674559116,229.69772338867188,268.582763671875,0.2416277825832367,232.37474060058594,270.05975341796875,0.37587788701057434,233.34341430664062,286.3747863769531,0.0006748512969352305,212.4756317138672,273.2301940917969,0.00016176945064216852,151.43922424316406,233.36904907226562,0.0001258628035429865
1696,229.40711975097656,251.4662322998047,0.9910768270492554,231.31497192382812,274.827880859375,0.34440991282463074,224.9516143798828,261.38787841796875,0.014082648791372776,226.6554412841797,262.016357421875,0.010000097565352917,229.64370727539062,268.54827880859375,0.22173810005187988,232.26060485839844,270.0154113769531,0.3754742443561554,233.38946533203125,286.4839782714844,0.0006616548052988946,212.4019012451172,273.418212890625,0.00015253399033099413,151.34344482421875,233.34854125976562,0.0001155750869656913
1697,229.45199584960938,251.75828552246094,0.9881789684295654,231.29148864746094,274.8565979003906,0.39196300506591797,225.35923767089844,261.5521545410156,0.012925667688250542,227.00869750976562,262.15887451171875,0.01166468020528555,229.5650634765625,268.4431457519531,0.17458315193653107,232.08526611328125,269.9209289550781,0.32946887612342834,233.4305419921875,286.4195251464844,0.0007797126309014857,212.5587158203125,273.733154296875,0.0001505962572991848,151.44400024414062,233.3400421142578,0.00010685862071113661
1698,229.30384826660156,251.41885375976562,0.9939019680023193,231.4188232421875,274.8858337402344,0.4464966654777527,224.7732391357422,261.5265197753906,0.02236844040453434,226.5207977294922,261.9385681152344,0.010618632659316063,229.8115692138672,268.58245849609375,0.2715422213077545,232.48806762695312,270.0793151855469,0.42199453711509705,233.4404296875,286.353515625,0.001411499921232462,212.38421630859375,273.86224365234375,0.00019157429051119834,151.40676879882812,233.1601104736328,0.00011720600014086813
1699,229.2096710205078,251.19361877441406,0.9943708777427673,231.3372344970703,274.7143249511719,0.3950410783290863,224.89060974121094,261.509521484375,0.013735884800553322,226.5030975341797,262.0141296386719,0.008568176068365574,229.74636840820312,268.4674987792969,0.2607112228870392,232.32566833496094,269.8458251953125,0.4029911756515503,233.4115753173828,286.3785095214844,0.001262569217942655,212.30877685546875,273.8774719238281,0.0002082830760627985,151.32310485839844,233.34976196289062,9.694627078715712e-05
1700,229.4807586669922,251.21502685546875,0.9914568066596985,231.43577575683594,274.629150390625,0.3359197974205017,225.0877227783203,261.2519836425781,0.011269978247582912,226.64683532714844,261.8265686035156,0.008342210203409195,229.71978759765625,268.4550476074219,0.19634805619716644,232.2254180908203,269.5835876464844,0.3761947751045227,233.54685974121094,286.3429260253906,0.0007131494348868728,212.3681640625,273.6023864746094,0.00016627057630103081,234.53872680664062,238.77207946777344,8.065146539593115e-05
1701,229.47312927246094,251.30845642089844,0.9886138439178467,231.34478759765625,274.62890625,0.31045839190483093,225.34967041015625,261.2409973144531,0.010072803124785423,226.8986053466797,261.77398681640625,0.009526844136416912,229.6477508544922,268.5081481933594,0.14227809011936188,231.9093780517578,269.5167236328125,0.3128364682197571,233.55435180664062,286.3987121582031,0.0006621854263357818,212.41432189941406,273.54010009765625,0.00016224726277869195,234.65481567382812,238.62745666503906,8.777937910053879e-05
1702,229.43283081054688,251.2962188720703,0.991292417049408,231.3971710205078,274.533447265625,0.36623048782348633,225.34381103515625,261.1965026855469,0.016410212963819504,226.86895751953125,261.68035888671875,0.01316737663000822,229.66355895996094,268.3960876464844,0.1587960571050644,231.9142608642578,269.4452819824219,0.3546927273273468,233.66067504882812,286.1647033691406,0.0007051225984469056,212.5966339111328,273.4354553222656,0.0001331215025857091,234.4550018310547,238.78173828125,8.234452252509072e-05
1703,229.28079223632812,251.33566284179688,0.9853948354721069,231.39552307128906,274.5526123046875,0.32748907804489136,225.37351989746094,261.235107421875,0.010551339946687222,226.89842224121094,261.7339172363281,0.010960434563457966,229.5325469970703,268.4507141113281,0.11815503984689713,231.9454803466797,269.4372863769531,0.29191192984580994,233.6620635986328,286.3398742675781,0.0005463550915010273,212.6317596435547,273.276611328125,0.00013061899517197162,151.39634704589844,233.25416564941406,8.24307935545221e-05
1704,229.2870330810547,252.30123901367188,0.9737583994865417,231.06021118164062,274.74041748046875,0.20846186578273773,225.54489135742188,261.56573486328125,0.008710524067282677,227.1803741455078,262.303955078125,0.009895946830511093,229.06878662109375,268.8487548828125,0.08554558455944061,231.64492797851562,270.0574645996094,0.16883404552936554,233.46388244628906,286.6730041503906,0.0003166671667713672,212.46295166015625,273.19378662109375,0.00010115569602930918,151.4864501953125,233.5839385986328,7.179067324614152e-05
1705,229.45835876464844,252.26028442382812,0.9671403765678406,231.05474853515625,274.80487060546875,0.22917580604553223,225.62538146972656,261.5541687011719,0.007566638290882111,227.28842163085938,262.31744384765625,0.010795215144753456,228.9888916015625,268.7685546875,0.07732215523719788,231.4685516357422,269.85498046875,0.15561074018478394,233.41415405273438,286.6919860839844,0.00033997767604887486,212.3746337890625,273.31488037109375,0.00011961054406128824,151.60662841796875,233.64161682128906,6.902284076204523e-05
1706,229.1361846923828,252.4000244140625,0.9569067358970642,230.96063232421875,274.9654541015625,0.18481288850307465,225.67361450195312,261.6662292480469,0.006469212472438812,227.3886260986328,262.53155517578125,0.008936763741075993,228.8678741455078,268.9482727050781,0.07368777692317963,231.28050231933594,269.98724365234375,0.14503760635852814,233.4573211669922,286.7794494628906,0.00022701371926814318,212.41867065429688,273.3667297363281,9.741768008098006e-05,151.6319122314453,233.7835235595703,8.717509626876563e-05
1707,229.23867797851562,252.18893432617188,0.9577798843383789,230.85137939453125,274.9103088378906,0.16967220604419708,225.76943969726562,261.5076599121094,0.007946307770907879,227.47471618652344,262.33026123046875,0.010641410946846008,228.8408660888672,268.9468688964844,0.06851288676261902,231.15306091308594,270.0354919433594,0.13543349504470825,233.40817260742188,286.89495849609375,0.00024088022473733872,212.61154174804688,273.3385925292969,9.07039939193055e-05,151.6934356689453,233.7908477783203,7.379338057944551e-05
1708,228.98159790039062,251.9851531982422,0.9437236785888672,230.75537109375,274.88470458984375,0.1057802066206932,225.76446533203125,261.2024841308594,0.0064754062332212925,227.46493530273438,262.009765625,0.007399731315672398,228.59054565429688,268.9797668457031,0.05738183856010437,231.0948944091797,270.1037902832031,0.09720771014690399,233.2986297607422,286.88519287109375,0.00016815368144307286,212.58253479003906,273.2739562988281,9.475275146542117e-05,151.65061950683594,233.6514892578125,0.00010683947039069608
1709,229.17852783203125,251.91415405273438,0.9538064002990723,230.85031127929688,274.8882141113281,0.1231503114104271,225.76113891601562,261.2731018066406,0.006137431599199772,227.38682556152344,262.0596008300781,0.006678885780274868,228.8683624267578,268.95428466796875,0.06057059019804001,231.3057098388672,270.1230163574219,0.10397816449403763,233.39581298828125,286.9527282714844,0.00019606933346949518,212.4651641845703,273.4758605957031,0.00011313659342704341,151.47862243652344,233.6028594970703,9.489254443906248e-05
1710,229.47129821777344,251.90794372558594,0.973777711391449,230.98121643066406,275.0875549316406,0.23147597908973694,225.6772003173828,261.3693542480469,0.011007178574800491,227.18692016601562,262.0375061035156,0.009694769978523254,229.11769104003906,268.9840087890625,0.08400128781795502,231.5712432861328,270.220458984375,0.15850211679935455,233.40379333496094,286.99969482421875,0.00038183300057426095,212.4564666748047,273.8055114746094,0.00015985719801392406,151.56423950195312,233.35853576660156,6.292248872341588e-05
1711,229.34181213378906,252.10694885253906,0.9340303540229797,230.84605407714844,275.0320129394531,0.1492849588394165,225.93624877929688,261.3525390625,0.006933081429451704,227.55564880371094,262.2501220703125,0.008300790563225746,228.82382202148438,269.0907897949219,0.07646501809358597,231.3531951904297,270.27001953125,0.14273157715797424,233.35000610351562,286.935791015625,0.00024246898829005659,212.5559844970703,273.3064270019531,0.00011636144336080179,151.33184814453125,233.49920654296875,7.635231304448098e-05
1712,229.50625610351562,252.04054260253906,0.9558022618293762,231.05335998535156,275.0346984863281,0.20662617683410645,225.96340942382812,261.3817138671875,0.008031538687646389,227.54469299316406,262.3026123046875,0.010060296393930912,228.95053100585938,269.01544189453125,0.08447758108377457,231.3055419921875,270.19354248046875,0.16084450483322144,233.4664306640625,286.92523193359375,0.00034734216751530766,212.45101928710938,273.5547180175781,0.00013550657604355365,151.330810546875,233.48658752441406,8.638383587822318e-05
1713,229.58351135253906,251.9586944580078,0.9858806729316711,231.330078125,274.8724365234375,0.38435107469558716,225.53369140625,261.56378173828125,0.016000352799892426,227.2781219482422,262.3290710449219,0.012879657559096813,229.34158325195312,268.5939636230469,0.15296348929405212,231.8046417236328,269.93505859375,0.29562443494796753,233.71466064453125,286.66033935546875,0.0008286300580948591,212.54278564453125,273.7629089355469,0.00011710221588145941,151.29359436035156,233.5978546142578,9.398766269441694e-05
1714,229.58099365234375,252.0016326904297,0.990678608417511,231.39456176757812,274.8659973144531,0.48258939385414124,225.56170654296875,261.4871826171875,0.019888658076524734,227.13430786132812,262.2476806640625,0.015055032446980476,229.51905822753906,268.5105285644531,0.18485033512115479,231.94886779785156,269.91552734375,0.350370854139328,233.6890106201172,286.52099609375,0.0011832104064524174,212.54428100585938,273.8570251464844,0.00012083050387445837,151.53524780273438,233.66009521484375,9.823382424656302e-05
1715,229.6691436767578,251.7615966796875,0.9955547451972961,231.3496551513672,274.9085693359375,0.5711033344268799,225.1449432373047,261.5489807128906,0.030907349660992622,226.7730712890625,262.16217041015625,0.018408220261335373,229.84075927734375,268.5153503417969,0.28984344005584717,232.22190856933594,270.0983581542969,0.4753148853778839,233.650634765625,286.40673828125,0.0017767577664926648,212.4578857421875,273.95501708984375,0.00013601624232251197,151.522216796875,233.64935302734375,8.010702003957704e-05
1716,229.25680541992188,252.19374084472656,0.9589565992355347,231.05470275878906,275.0320129394531,0.25356730818748474,225.9623260498047,261.6319885253906,0.006758878007531166,227.54840087890625,262.2627868652344,0.01086257491260767,229.0714111328125,268.8598327636719,0.08630122989416122,231.66078186035156,269.8384094238281,0.2094607949256897,233.52572631835938,286.6990966796875,0.0002539810084272176,212.8808135986328,272.870361328125,7.14156121830456e-05,151.859375,233.7046356201172,8.876159699866548e-05
1717,229.27056884765625,252.3638153076172,0.9194547533988953,230.97511291503906,275.0364074707031,0.20837149024009705,226.14308166503906,261.6540832519531,0.003909369930624962,227.57662963867188,262.25152587890625,0.00998278334736824,229.06698608398438,268.8877258300781,0.04903196543455124,231.59835815429688,269.592041015625,0.13192573189735413,233.5771942138672,286.75567626953125,0.00020752324780914932,213.05111694335938,272.8469543457031,6.051660966477357e-05,151.86024475097656,233.63087463378906,9.399115515407175e-05
1718,229.31112670898438,252.31961059570312,0.934149444103241,231.06585693359375,275.0932922363281,0.1996660679578781,226.08580017089844,261.5632019042969,0.006260553374886513,227.65756225585938,262.09564208984375,0.009869188070297241,228.92556762695312,268.9796142578125,0.06135845556855202,231.481689453125,269.7544860839844,0.15281274914741516,233.61190795898438,286.7422790527344,0.00017592697986401618,212.60968017578125,273.0181579589844,9.874510578811169e-05,151.6792449951172,233.50779724121094,7.519197242800146e-05
1719,229.46078491210938,252.1720428466797,0.9752066731452942,231.2030029296875,275.0836486816406,0.3180844485759735,225.631591796875,261.4086608886719,0.011356263421475887,227.15762329101562,262.0416259765625,0.011926485225558281,229.4089813232422,268.8810729980469,0.11341790854930878,231.84286499023438,269.9512939453125,0.2608546316623688,229.4903106689453,287.4088439941406,0.0003406101604923606,212.60743713378906,273.52679443359375,0.00011156825348734856,151.55450439453125,233.689453125,6.459041469497606e-05
1720,229.48733520507812,252.0282440185547,0.9879283308982849,231.3816375732422,275.007568359375,0.46282127499580383,225.28102111816406,261.5332946777344,0.01864730753004551,226.78562927246094,262.1912841796875,0.014180942438542843,229.7353515625,268.7019348144531,0.1689399778842926,232.31277465820312,270.0641174316406,0.33087384700775146,233.8161163330078,286.49169921875,0.0007148938020691276,212.52919006347656,273.69140625,0.00012582979979924858,150.19700622558594,203.2877197265625,6.287133146543056e-05
1721,229.41021728515625,251.92405700683594,0.9873687624931335,231.5031280517578,274.89959716796875,0.4482128322124481,225.44454956054688,261.62646484375,0.014169048517942429,226.96310424804688,262.17877197265625,0.010392511263489723,229.8970489501953,268.56103515625,0.14557699859142303,232.3502655029297,269.893798828125,0.2751902639865875,233.8850860595703,286.58404541015625,0.0009674006723798811,212.60604858398438,274.0680847167969,0.00014620735601056367,234.72669982910156,239.04412841796875,7.305295730475336e-05
1722,229.347900390625,252.2904052734375,0.9909776449203491,231.33792114257812,275.02142333984375,0.438682496547699,225.24655151367188,261.5396728515625,0.012664788402616978,226.71405029296875,262.0377197265625,0.01008409634232521,229.71533203125,268.67596435546875,0.16440710425376892,232.29931640625,270.0426330566406,0.3117252290248871,233.86770629882812,286.51580810546875,0.0006453696405515075,212.7662353515625,274.1130676269531,0.00014248646039050072,151.35150146484375,233.28173828125,8.03566726972349e-05
1723,229.795166015625,252.2648162841797,0.9850702285766602,231.64459228515625,274.83038330078125,0.500042736530304,225.57989501953125,261.56695556640625,0.017487872391939163,227.21144104003906,261.9585266113281,0.014739461243152618,229.85023498535156,268.3882751464844,0.1257493942975998,232.26206970214844,269.7081604003906,0.24043326079845428,233.90155029296875,286.4163513183594,0.0008039743988774717,212.698974609375,274.0711364746094,0.00019578107458073646,151.3414306640625,233.48533630371094,9.660039359005168e-05
1724,229.64892578125,252.47512817382812,0.9775338768959045,231.7254638671875,274.7440185546875,0.39798974990844727,225.827392578125,261.59613037109375,0.009029243141412735,227.39422607421875,262.05694580078125,0.01338433288037777,229.73660278320312,268.4765319824219,0.06803327053785324,232.0948028564453,269.54693603515625,0.14318928122520447,233.84327697753906,286.4714660644531,0.0005376403569243848,212.65870666503906,273.975341796875,0.00020894345652777702,151.3357696533203,233.5443572998047,0.0001246975880349055
1725,229.87852478027344,252.1308135986328,0.9757291674613953,231.77587890625,274.6712341308594,0.4572889804840088,225.91383361816406,261.37286376953125,0.011063793674111366,227.39358520507812,261.9122314453125,0.015800021588802338,229.65248107910156,268.35797119140625,0.08082715421915054,232.03208923339844,269.4974365234375,0.1640980988740921,233.95147705078125,286.4913635253906,0.0007851427653804421,212.68453979492188,273.9179382324219,0.00018874381203204393,151.47158813476562,233.54812622070312,8.464484562864527e-05
1726,230.0228271484375,252.43777465820312,0.985768735408783,231.79684448242188,274.9167785644531,0.6115339398384094,225.89981079101562,261.6471252441406,0.01902800239622593,227.43067932128906,262.0779724121094,0.020799074321985245,229.9100799560547,268.4684753417969,0.10473913699388504,232.17466735839844,269.6479187011719,0.17767764627933502,233.76904296875,286.4542541503906,0.0015708405990153551,212.60389709472656,274.2734680175781,0.00027714463067241013,151.2449493408203,233.4008331298828,8.070716285146773e-05
1727,229.8074188232422,252.08021545410156,0.9892868995666504,233.0306396484375,269.92095947265625,0.5212680101394653,225.65272521972656,261.5568542480469,0.015973415225744247,227.1634521484375,262.0395202636719,0.014191718772053719,229.9379425048828,268.3285217285156,0.10477164387702942,232.4269561767578,269.564453125,0.2010475993156433,233.70919799804688,286.2419738769531,0.0011395626934245229,212.63760375976562,273.94671630859375,0.00019385258201509714,149.64463806152344,203.4853057861328,0.00012867442274000496
1728,229.3797149658203,251.94581604003906,0.9853156805038452,232.45712280273438,269.5968322753906,0.3653801381587982,225.90109252929688,261.3525085449219,0.008521424606442451,227.7068634033203,261.9683532714844,0.009081212803721428,229.22915649414062,268.23675537109375,0.061903391033411026,231.83998107910156,269.34857177734375,0.11704273521900177,235.0130157470703,277.3550720214844,0.0004681169521063566,212.8856964111328,273.196044921875,6.737717194482684e-05,150.27793884277344,203.35986328125,0.00016152762691490352
1729,229.65127563476562,251.7937469482422,0.9952557682991028,232.89596557617188,269.7794494628906,0.6075760722160339,225.4599151611328,261.5055847167969,0.015733713284134865,227.4433135986328,262.0943603515625,0.01272241398692131,229.89353942871094,268.00787353515625,0.08495709300041199,232.5524444580078,269.3409729003906,0.1715771108865738,233.56520080566406,286.21246337890625,0.001410055672749877,212.677001953125,273.5390319824219,8.193495159503073e-05,151.2730712890625,233.5353240966797,0.0002117389376508072
1730,229.75537109375,251.68145751953125,0.9957939386367798,232.9349365234375,269.6971435546875,0.5657934546470642,225.50601196289062,261.2729187011719,0.017096316441893578,227.55421447753906,261.9536437988281,0.010019991546869278,229.67135620117188,268.0251159667969,0.0870470181107521,232.2631072998047,269.3798828125,0.14469991624355316,233.63821411132812,286.1792907714844,0.0016929276753216982,212.65835571289062,273.64105224609375,9.615522139938548e-05,151.0991668701172,233.49581909179688,0.0001749782677507028
1731,229.8802032470703,251.60165405273438,0.9967417120933533,233.1844024658203,269.82049560546875,0.6295694708824158,225.3195343017578,261.4443359375,0.021009264513850212,227.3626251220703,262.109619140625,0.01116842683404684,230.12078857421875,268.1911315917969,0.10288694500923157,232.8513946533203,269.6522216796875,0.19891883432865143,233.68136596679688,286.1487731933594,0.0020172439981251955,212.69451904296875,273.7044982910156,0.00010351863602409139,150.96514892578125,233.45339965820312,0.00011760545748984441
1732,229.69444274902344,251.77374267578125,0.9937253594398499,232.96347045898438,269.75689697265625,0.5399764776229858,225.527099609375,261.3712463378906,0.013511590659618378,227.45257568359375,261.9892578125,0.007999440655112267,229.71871948242188,268.2662353515625,0.06867492198944092,232.4337158203125,269.6276550292969,0.11715006083250046,233.75808715820312,286.4015808105469,0.0014221430756151676,212.7099151611328,273.6654357910156,0.0001053430387401022,150.9033966064453,233.38856506347656,0.00014409296272788197
1733,229.81552124023438,251.88009643554688,0.9903401732444763,232.93116760253906,269.6412353515625,0.49033522605895996,225.7246551513672,261.529052734375,0.011104216799139977,227.5871124267578,262.0855407714844,0.009082620963454247,229.73231506347656,268.24468994140625,0.05105698108673096,232.36825561523438,269.46771240234375,0.09263405948877335,233.6981201171875,286.5802001953125,0.0012031036894768476,212.7156219482422,273.4446105957031,9.068410145118833e-05,150.13876342773438,203.62457275390625,0.00013730081263929605
1734,229.79649353027344,251.59036254882812,0.9910208582878113,232.9803924560547,269.4882507324219,0.5165161490440369,225.7072296142578,261.3573303222656,0.009608826600015163,227.5269775390625,262.0148620605469,0.0085928188636899,229.7756805419922,268.2635192871094,0.045573145151138306,232.5300750732422,269.5496826171875,0.085959292948246,233.6103057861328,286.38214111328125,0.0013248564209789038,212.6524200439453,273.5084228515625,0.00011514827201608568,150.01992797851562,203.7061767578125,9.907627099892125e-05
1735,229.79953002929688,251.72335815429688,0.9901129007339478,232.97950744628906,269.477783203125,0.4724540114402771,225.78378295898438,261.30902099609375,0.00812107790261507,227.58200073242188,261.9959411621094,0.008295277133584023,229.89625549316406,268.348876953125,0.029759200289845467,232.59800720214844,269.4920959472656,0.06072787195444107,233.53138732910156,286.3918762207031,0.000951966387219727,212.65545654296875,273.29229736328125,9.868147753877565e-05,149.9803924560547,203.98692321777344,0.00011979581177001819
1736,229.8257598876953,251.68276977539062,0.9901021718978882,232.95379638671875,269.4161376953125,0.5037490129470825,225.74090576171875,261.18310546875,0.008567171171307564,227.556396484375,261.7945251464844,0.008440101519227028,229.89646911621094,268.16357421875,0.027723953127861023,232.5232696533203,269.2174377441406,0.05764982849359512,233.52410888671875,286.39935302734375,0.0009263009415008128,212.58050537109375,273.34014892578125,0.00011532629287103191,234.33843994140625,238.85076904296875,8.673720003571361e-05
1737,229.66893005371094,252.10353088378906,0.9856589436531067,232.81260681152344,269.5627746582031,0.42864879965782166,225.90609741210938,261.4065856933594,0.005865819286555052,227.58856201171875,262.1761474609375,0.007751476019620895,229.82151794433594,268.4805603027344,0.02858542650938034,232.4398651123047,269.55902099609375,0.06481222808361053,235.02508544921875,272.87371826171875,0.000669492466840893,212.53924560546875,273.3855895996094,0.000122585246572271,151.26300048828125,233.60842895507812,8.498842362314463e-05
1738,229.6786651611328,251.99940490722656,0.9842377305030823,232.8226318359375,269.45526123046875,0.41817376017570496,225.90721130371094,261.3739013671875,0.005274579394608736,227.57424926757812,262.1924133300781,0.007930903695523739,229.80023193359375,268.37109375,0.027731671929359436,232.38699340820312,269.457763671875,0.05903245508670807,234.96498107910156,277.38092041015625,0.0006435129907913506,212.5379180908203,273.3481750488281,0.00011433392501203343,151.2984161376953,233.6878204345703,9.845242311712354e-05
1739,229.94224548339844,251.82070922851562,0.9885950684547424,233.02853393554688,269.3739929199219,0.5251060724258423,225.9200439453125,261.3280029296875,0.007341307587921619,227.4763946533203,262.0541076660156,0.009436405263841152,229.9342803955078,268.1603698730469,0.02664359100162983,232.61181640625,269.3031005859375,0.06070808321237564,233.79737854003906,286.2841491699219,0.0010090263094753027,212.6302947998047,273.3480529785156,0.0001305072073591873,151.1208953857422,233.54275512695312,0.00010445290536154062
1740,229.54229736328125,251.75070190429688,0.9654353857040405,232.42584228515625,269.31536865234375,0.13343331217765808,225.8331298828125,261.2422790527344,0.0036054218653589487,227.19839477539062,261.84906005859375,0.00454442435875535,229.20803833007812,268.5968017578125,0.018129698932170868,232.05409240722656,269.35443115234375,0.034572962671518326,234.4452362060547,271.90374755859375,0.00023926969151943922,212.73532104492188,272.42022705078125,8.72434611665085e-05,151.4370574951172,233.29086303710938,0.00012593519932124764
1741,229.6152801513672,251.69308471679688,0.9885778427124023,232.5718536376953,269.5957336425781,0.253198504447937,225.24252319335938,261.1867980957031,0.007631289307028055,226.95179748535156,261.81707763671875,0.0053649418987333775,229.66461181640625,268.29461669921875,0.039147429168224335,232.45709228515625,269.3996887207031,0.06678744405508041,233.44244384765625,286.42108154296875,0.00041791150579228997,212.6957244873047,272.88629150390625,0.00010681694402592257,151.38739013671875,233.4308319091797,0.00015058722055982798
1742,229.71400451660156,251.6123046875,0.9828864932060242,232.4628448486328,269.627197265625,0.19726507365703583,225.44610595703125,261.22552490234375,0.006532539613544941,226.9556884765625,261.7255554199219,0.005020859185606241,229.4301300048828,268.60760498046875,0.0334053710103035,232.1865234375,269.541259765625,0.05256376415491104,233.4688262939453,286.5583801269531,0.0003665535768959671,212.5654296875,272.9930725097656,0.00013144538388587534,151.21572875976562,233.49307250976562,0.00010561198723735288
1743,229.772705078125,251.59320068359375,0.9841312766075134,232.66868591308594,269.6379089355469,0.3005601763725281,216.89105224609375,262.0687561035156,0.0060519324615597725,227.0531005859375,261.53155517578125,0.005533942021429539,229.447021484375,268.4886169433594,0.02909543551504612,232.22802734375,269.482666015625,0.04133046790957451,233.5164337158203,286.61822509765625,0.0006275354535318911,212.57586669921875,273.30322265625,0.0002130152570316568,151.2480010986328,233.2423858642578,9.786517330212519e-05
1744,229.76853942871094,252.11813354492188,0.9753268957138062,232.62039184570312,269.66656494140625,0.3194284439086914,225.840576171875,261.3858947753906,0.005324863363057375,227.3076934814453,261.8628845214844,0.00706483842805028,229.5888214111328,268.550537109375,0.02045426331460476,232.17181396484375,269.550048828125,0.035039227455854416,233.4858856201172,286.5956726074219,0.0006960442406125367,212.62594604492188,273.4178771972656,0.0001782784383976832,151.09515380859375,233.00909423828125,8.638078725198284e-05
1745,229.7901611328125,252.1093292236328,0.9727803468704224,232.68080139160156,269.6566162109375,0.34535205364227295,225.82989501953125,261.334716796875,0.005727924406528473,227.30291748046875,261.85528564453125,0.008937503211200237,229.6772003173828,268.6873474121094,0.021123714745044708,232.1759796142578,269.6014099121094,0.04069520905613899,233.59080505371094,286.7174072265625,0.0007732663070783019,212.6493682861328,273.4556579589844,0.0002316159661859274,151.25376892089844,233.18215942382812,8.92144744284451e-05
1746,229.91807556152344,251.91490173339844,0.9790723919868469,232.62022399902344,269.583251953125,0.39435872435569763,225.68795776367188,261.06982421875,0.0066824741661548615,227.10519409179688,261.5697326660156,0.009692915715277195,229.55960083007812,268.4354248046875,0.022237244993448257,232.12840270996094,269.37896728515625,0.0386759452521801,233.6388397216797,286.5950622558594,0.0008031317265704274,212.6221160888672,273.3803405761719,0.0003561716293916106,151.28811645507812,233.22567749023438,9.983964264392853e-05
1747,229.54644775390625,252.06509399414062,0.9712990522384644,232.4448699951172,269.4380187988281,0.3213486969470978,216.81649780273438,262.3751525878906,0.004548371769487858,227.02464294433594,261.44818115234375,0.00653691403567791,229.20449829101562,268.5366516113281,0.01726411283016205,231.94845581054688,269.275390625,0.023150580003857613,234.76329040527344,277.06585693359375,0.0005400421796366572,212.41607666015625,273.302001953125,0.0004194678913336247,151.34934997558594,233.3131103515625,0.000147366983583197
1748,229.83047485351562,251.9091796875,0.9818806648254395,232.65335083007812,269.404052734375,0.4633689820766449,221.1732177734375,262.24322509765625,0.006798095069825649,226.90609741210938,261.3128967285156,0.0075561972334980965,229.65585327148438,268.2330627441406,0.020756663754582405,232.324462890625,269.1050720214844,0.030661024153232574,233.68218994140625,286.715087890625,0.0009396219393238425,212.5072784423828,273.5856018066406,0.00040950870607048273,151.29660034179688,233.2001190185547,0.00014077672676648945
1749,229.8463897705078,252.1929931640625,0.98459792137146,232.72364807128906,269.57733154296875,0.4976579546928406,225.41232299804688,261.2320861816406,0.008651221171021461,226.95603942871094,261.5828552246094,0.00834063533693552,229.74693298339844,268.3192138671875,0.027558300644159317,232.36813354492188,269.3407287597656,0.03958247974514961,234.93948364257812,277.5495300292969,0.001230033696629107,212.6103515625,273.68267822265625,0.00038669881178066134,151.38453674316406,233.2902069091797,0.00010190340253757313
1750,229.76239013671875,252.13648986816406,0.979313313961029,232.60528564453125,269.5249938964844,0.4432913064956665,225.65228271484375,261.2111511230469,0.008704842999577522,227.25155639648438,261.71429443359375,0.009772181510925293,229.6695098876953,268.3226318359375,0.024294406175613403,232.29005432128906,269.3764343261719,0.04037041589617729,234.7870635986328,277.40447998046875,0.0009165088413283229,212.79452514648438,273.3840026855469,0.00034946290543302894,234.6117706298828,238.6009979248047,9.966632205760106e-05
1751,229.6764373779297,252.20278930664062,0.9873316884040833,232.71864318847656,269.5205078125,0.36718007922172546,225.4349365234375,261.3214111328125,0.01423447672277689,227.06370544433594,261.9544372558594,0.010526697151362896,229.75784301757812,268.4633483886719,0.038164958357810974,232.39321899414062,269.6609802246094,0.05847795307636261,234.88865661621094,272.68389892578125,0.0006068282527849078,212.73934936523438,273.32501220703125,0.0003024755569640547,234.65621948242188,238.50875854492188,8.570878708269447e-05
1752,229.58241271972656,251.7751922607422,0.9855688214302063,232.47335815429688,269.2294006347656,0.34003233909606934,225.62872314453125,261.3011779785156,0.008298623375594616,227.18727111816406,261.6805419921875,0.007437677122652531,229.74676513671875,268.2452697753906,0.04411638155579567,232.48782348632812,269.40625,0.06783189624547958,233.53843688964844,286.3892517089844,0.0008036159561015666,212.76370239257812,272.9584045410156,0.00014550167543347925,149.87583923339844,203.2900848388672,0.00011638585419859737
1753,229.482177734375,251.85882568359375,0.9748812913894653,232.5022430419922,269.2313232421875,0.26002299785614014,225.9557647705078,261.365478515625,0.005703548900783062,227.40914916992188,261.9100341796875,0.006161573808640242,229.39935302734375,268.470703125,0.04312226176261902,232.16824340820312,269.3151550292969,0.07309336960315704,233.59071350097656,286.4935607910156,0.000629755319096148,212.7109832763672,273.07391357421875,0.00014359151828102767,149.8594512939453,203.13330078125,8.344072557520121e-05
1754,229.45401000976562,251.78488159179688,0.9851245880126953,232.80795288085938,269.3323669433594,0.3377496302127838,225.68246459960938,261.4772033691406,0.008976511657238007,227.17945861816406,261.9036560058594,0.007718497421592474,229.79293823242188,268.28338623046875,0.05494813248515129,232.40480041503906,269.2620849609375,0.09476300328969955,233.63446044921875,286.5093688964844,0.0009637281764298677,212.6763916015625,273.23919677734375,0.00015576374426018447,149.84243774414062,203.2846221923828,0.00010692008072510362
1755,229.5263671875,251.86927795410156,0.9783753752708435,232.7382049560547,269.4423828125,0.27125582098960876,225.77720642089844,261.51361083984375,0.007251077331602573,227.54876708984375,261.8934631347656,0.006314023397862911,229.59262084960938,268.42547607421875,0.03973042592406273,232.28704833984375,269.3385925292969,0.06517087668180466,233.59506225585938,286.57574462890625,0.0005845309933647513,212.7484130859375,273.11181640625,0.0001213583309436217,234.8134307861328,238.77471923828125,7.330417429329827e-05
1756,229.66282653808594,251.84231567382812,0.9833720326423645,232.9232635498047,269.34625244140625,0.49076059460639954,225.8451690673828,261.4194641113281,0.009212237782776356,227.49298095703125,261.7454833984375,0.0077069541439414024,230.03965759277344,268.14898681640625,0.03729373961687088,232.5646209716797,269.0925598144531,0.07384639233350754,233.75460815429688,286.3851623535156,0.0014689958188682795,212.90777587890625,273.2992858886719,0.0001148950177594088,234.68446350097656,239.00155639648438,8.470426837448031e-05
1757,229.78335571289062,251.69227600097656,0.9810262322425842,233.0532684326172,269.2958679199219,0.4664413332939148,225.87269592285156,261.44952392578125,0.01018418837338686,227.4446258544922,261.7633972167969,0.009117284789681435,230.1178741455078,268.1348571777344,0.04437175393104553,232.60183715820312,269.1260681152344,0.0890796110033989,233.65391540527344,286.4588928222656,0.0012560944305732846,212.84645080566406,273.3138122558594,0.00014241704775486141,234.79591369628906,239.04354858398438,9.254856558982283e-05
1758,230.15481567382812,251.42848205566406,0.9891567230224609,233.14093017578125,269.2784118652344,0.5411255359649658,225.89598083496094,261.4383239746094,0.016357872635126114,227.3206329345703,261.75775146484375,0.0132429338991642,230.27886962890625,267.9457702636719,0.06171567738056183,232.7892608642578,269.1128845214844,0.12581197917461395,233.57968139648438,286.408447265625,0.0018475869437679648,212.81787109375,273.5029296875,0.00014828855637460947,234.71987915039062,239.07318115234375,8.089817856671289e-05
1759,229.81732177734375,251.74781799316406,0.9787898659706116,232.76170349121094,269.30743408203125,0.46450328826904297,225.9922637939453,261.30615234375,0.008006197400391102,221.79527282714844,266.34375,0.009512986987829208,229.86776733398438,268.1409912109375,0.03899206966161728,232.3732452392578,269.0911865234375,0.06826663762331009,233.53904724121094,286.46929931640625,0.0010416076984256506,212.8513641357422,273.22076416015625,0.0001074905158020556,149.58079528808594,203.63124084472656,9.196512110065669e-05
1760,229.62310791015625,252.43350219726562,0.9329859018325806,232.54632568359375,269.3383483886719,0.33759409189224243,226.25845336914062,261.60107421875,0.0033163384068757296,221.87417602539062,266.41754150390625,0.006805139593780041,229.51344299316406,268.38958740234375,0.021322285756468773,232.0253143310547,269.0238342285156,0.03622027859091759,234.4951934814453,277.11248779296875,0.0005905682919546962,212.90460205078125,272.8659973144531,8.763669757172465e-05,149.6123809814453,203.86314392089844,6.746557482983917e-05
1761,229.99044799804688,252.39187622070312,0.9370880722999573,232.63394165039062,269.2763671875,0.33102288842201233,226.32177734375,261.53314208984375,0.0043643745593726635,227.8404541015625,261.8631286621094,0.006783969234675169,229.50137329101562,268.365234375,0.02347046509385109,232.2830810546875,269.0798645019531,0.03477661684155464,234.66671752929688,276.995361328125,0.0005619404837489128,213.005859375,272.85162353515625,6.737659714417532e-05,234.60345458984375,238.8898162841797,6.431414658436552e-05
1762,229.74185180664062,252.36813354492188,0.9621428847312927,232.77288818359375,269.294189453125,0.3138177990913391,226.0371856689453,261.6739807128906,0.005487905815243721,227.61520385742188,261.9701843261719,0.00705512473359704,229.69937133789062,268.3218994140625,0.029710236936807632,232.2727813720703,269.06256103515625,0.05381258949637413,233.46221923828125,286.46343994140625,0.0004954677424393594,212.79901123046875,272.87451171875,8.063692803261802e-05,151.51025390625,233.4738006591797,6.68418433633633e-05
1763,229.67855834960938,252.2300262451172,0.9746008515357971,232.98458862304688,269.2257385253906,0.5258829593658447,225.77316284179688,261.5863037109375,0.00621411856263876,227.39964294433594,261.7505187988281,0.007590655703097582,230.0618438720703,267.9623107910156,0.026885749772191048,232.70816040039062,268.7955627441406,0.04707054793834686,234.9984588623047,277.48541259765625,0.0009946887148544192,212.92529296875,273.2169189453125,0.0001144083944382146,151.31700134277344,233.56350708007812,9.594848961569369e-05
1764,230.3123779296875,252.0257568359375,0.9799728989601135,233.2108917236328,269.4796447753906,0.783132016658783,221.86117553710938,262.764892578125,0.006111370865255594,227.85313415527344,261.6527404785156,0.006388442125171423,230.32778930664062,267.39605712890625,0.016176167875528336,233.13206481933594,268.4314270019531,0.03160542994737625,235.22117614746094,278.0283508300781,0.0037100862246006727,213.13453674316406,273.3539733886719,0.00010454098810441792,151.28187561035156,233.64813232421875,0.00014614281826652586
1765,230.0229034423828,251.8651123046875,0.972854733467102,232.98931884765625,269.44940185546875,0.6073766946792603,226.06967163085938,261.4114074707031,0.004691965878009796,227.8125,261.49493408203125,0.005299687385559082,230.0698699951172,267.5997009277344,0.018340371549129486,232.84042358398438,268.58099365234375,0.037324052304029465,234.86749267578125,277.750244140625,0.001909104292280972,213.00323486328125,273.1682434082031,8.89731090865098e-05,151.03097534179688,233.43289184570312,0.00013590331946033984
1766,230.0173797607422,251.96826171875,0.9693208336830139,233.1277618408203,269.3763732910156,0.6219267845153809,226.01905822753906,261.5136413574219,0.004881313536316156,227.73007202148438,261.6797180175781,0.006385688204318285,230.16256713867188,267.5138244628906,0.01639717072248459,232.80433654785156,268.4107971191406,0.032801561057567596,234.9967803955078,277.6624755859375,0.0017954318318516016,213.07252502441406,273.0352478027344,8.761973731452599e-05,151.2627410888672,233.09791564941406,0.00015244500536937267
1767,229.82174682617188,251.81106567382812,0.9797765612602234,233.019775390625,269.29864501953125,0.529758632183075,225.84725952148438,261.32525634765625,0.005465818103402853,227.37869262695312,261.70550537109375,0.005289263091981411,230.0819091796875,267.5667419433594,0.021045930683612823,232.73507690429688,268.51556396484375,0.03567539155483246,234.99240112304688,277.6332702636719,0.0015302393585443497,212.97378540039062,273.141357421875,7.80196933192201e-05,151.37826538085938,233.322509765625,0.00015328590234275907
1768,229.98306274414062,252.17042541503906,0.9807853698730469,233.15989685058594,269.341552734375,0.5660512447357178,225.90599060058594,261.5608825683594,0.005967938806861639,227.55108642578125,261.9686584472656,0.007992416620254517,230.09934997558594,267.723876953125,0.02021346241235733,232.5934600830078,268.6336364746094,0.04277806356549263,235.0149383544922,277.824951171875,0.0015214643208310008,213.07559204101562,273.04730224609375,7.750365330139175e-05,151.3506317138672,233.314453125,0.00016267993487417698
1769,230.03517150878906,252.0947265625,0.9789014458656311,233.135498046875,269.35296630859375,0.5175572037696838,225.86981201171875,261.5467529296875,0.004748930223286152,227.62518310546875,261.8072814941406,0.006372667849063873,230.13343811035156,267.77227783203125,0.013437499292194843,232.8070831298828,268.6608581542969,0.02798205427825451,234.95018005371094,277.5881042480469,0.0014954424696043134,213.0996856689453,273.1380920410156,8.38275154819712e-05,151.18011474609375,233.12718200683594,0.00016732119547668844
1770,230.0345916748047,252.15162658691406,0.9700544476509094,232.9334716796875,269.24951171875,0.5166587233543396,226.12466430664062,261.5606689453125,0.004240201786160469,227.86622619628906,261.81475830078125,0.006259444169700146,229.81381225585938,267.74176025390625,0.012308052740991116,232.59620666503906,268.5783996582031,0.02328937128186226,234.849609375,277.4860534667969,0.001473471405915916,213.0865936279297,272.981689453125,0.00010545560508035123,151.1702117919922,233.05482482910156,0.000128283238154836
1771,230.0097198486328,251.6956787109375,0.986491322517395,233.11126708984375,269.18035888671875,0.6608846187591553,225.51673889160156,261.3013610839844,0.008269603364169598,227.5006866455078,261.5063171386719,0.00749935070052743,233.10055541992188,266.377685546875,0.02023126184940338,233.078857421875,268.453369140625,0.04294667765498161,234.8626251220703,277.49456787109375,0.0018906143959611654,212.96664428710938,273.15179443359375,0.00012607037206180394,151.10025024414062,233.00473022460938,0.00011658513540169224
1772,230.24319458007812,251.6318817138672,0.9930163621902466,233.2859649658203,269.3654479980469,0.77407306432724,225.32742309570312,261.31842041015625,0.012451529502868652,227.33984375,261.4898986816406,0.01077378261834383,233.30838012695312,266.3531799316406,0.028635293245315552,233.18634033203125,268.4012451171875,0.056348320096731186,235.08168029785156,277.841552734375,0.0024714553728699684,213.04725646972656,273.32086181640625,0.00010770505468826741,234.58396911621094,239.07513427734375,0.00010773247777251527
1773,229.95306396484375,251.8784637451172,0.9922716617584229,233.22994995117188,269.41241455078125,0.7894942760467529,221.63694763183594,262.5682373046875,0.010012554936110973,227.3167724609375,261.72808837890625,0.008271480910480022,233.1704864501953,266.401123046875,0.030266249552369118,233.0305938720703,268.5087585449219,0.06056033447384834,235.06405639648438,278.0039978027344,0.0028152582235634327,212.9350128173828,273.35931396484375,9.885270992526785e-05,151.07711791992188,233.27166748046875,0.00010892692080233246
1774,229.74288940429688,252.13323974609375,0.9886146783828735,233.10426330566406,269.2767333984375,0.6645541787147522,221.6141357421875,262.7402648925781,0.006930373143404722,222.296630859375,260.7960510253906,0.006999985780566931,233.04034423828125,266.400634765625,0.020592300221323967,232.76608276367188,268.4400939941406,0.04454348236322403,234.87338256835938,277.81878662109375,0.0020225055050104856,212.94505310058594,273.2661437988281,6.95412018103525e-05,151.16531372070312,233.2539520263672,0.00010332722013117746
1775,229.5726776123047,252.11752319335938,0.9772998094558716,232.80389404296875,269.2427673339844,0.535491406917572,221.52784729003906,262.5257873535156,0.0054781390354037285,222.32472229003906,260.4479675292969,0.005683858413249254,229.89170837402344,267.65753173828125,0.010652340017259121,232.49908447265625,268.3593444824219,0.017649836838245392,234.6334686279297,277.5320739746094,0.0014074776554480195,212.99842834472656,273.0463562011719,7.137836655601859e-05,149.7185821533203,203.72869873046875,0.00010967965499730781
1776,229.17202758789062,252.93386840820312,0.952262818813324,232.56434631347656,269.7265625,0.20269019901752472,225.82925415039062,261.7052001953125,0.002320734551176429,227.55075073242188,261.96185302734375,0.0033101565204560757,229.2946319580078,268.46136474609375,0.01609078422188759,232.1943817138672,268.9602355957031,0.029968973249197006,234.65328979492188,277.2008972167969,0.00030671877902932465,212.70791625976562,273.125,7.477695180568844e-05,149.96604919433594,204.16168212890625,0.00014607956109102815
1777,229.4202880859375,252.6966552734375,0.961817741394043,232.73904418945312,269.5226135253906,0.2828243672847748,226.0033416748047,261.6851501464844,0.003250026609748602,222.45333862304688,260.6688537597656,0.0045837527140975,229.66619873046875,268.2831726074219,0.016625937074422836,232.46585083007812,268.9321594238281,0.034300547093153,234.71153259277344,277.3259582519531,0.00045685889199376106,212.85414123535156,273.21429443359375,0.00010212948109256104,150.0961456298828,204.20899963378906,0.00013507968105841428
1778,229.41058349609375,252.47930908203125,0.9504943490028381,232.58998107910156,269.6996765136719,0.28129440546035767,221.6660614013672,262.5593566894531,0.003132653422653675,222.51519775390625,260.38201904296875,0.005338187795132399,229.58816528320312,268.229248046875,0.011921754106879234,232.22247314453125,268.912841796875,0.02523164451122284,234.51025390625,277.2301940917969,0.0004133661277592182,212.84068298339844,272.8986511230469,8.390141738345847e-05,150.23155212402344,204.01473999023438,0.00016563950339332223
1779,229.62046813964844,252.5670166015625,0.9144505858421326,232.62315368652344,269.78717041015625,0.44562163949012756,221.9371795654297,262.6587219238281,0.0031071659177541733,222.65542602539062,260.4507751464844,0.007683377712965012,229.63519287109375,267.96490478515625,0.006435373332351446,232.11695861816406,268.39813232421875,0.012617978267371655,234.36593627929688,277.3566589355469,0.0007547659333795309,212.89517211914062,273.0132751464844,9.588968532625586e-05,150.15576171875,204.29696655273438,0.0002574304526206106
1780,229.5311737060547,252.49441528320312,0.8571351170539856,232.37640380859375,269.66632080078125,0.2725028991699219,222.10159301757812,262.6453552246094,0.0024082311429083347,222.84901428222656,260.5240173339844,0.006060149986296892,229.21630859375,268.0426330566406,0.005688069388270378,231.8926239013672,268.3656921386719,0.01010560616850853,234.31033325195312,277.095703125,0.0004370924725662917,212.95401000976562,272.94854736328125,6.575381121365353e-05,150.22146606445312,204.4937744140625,0.00014521476987283677
1781,229.68260192871094,252.95840454101562,0.7473229765892029,232.35971069335938,269.56573486328125,0.316681832075119,222.2578125,262.8966369628906,0.0015756943030282855,222.50503540039062,266.0942077636719,0.00515368627384305,229.09423828125,268.1225280761719,0.003949559293687344,231.73236083984375,268.40228271484375,0.0068940697237849236,234.35597229003906,276.9842224121094,0.0006805594894103706,213.1143341064453,272.88336181640625,5.6111981393769383e-05,150.00794982910156,204.31922912597656,9.677724301582202e-05
1782,229.68885803222656,252.92062377929688,0.8551602363586426,232.5821990966797,269.5679016113281,0.4566282629966736,222.0311737060547,262.9758605957031,0.0019499475602060556,222.3671417236328,265.9053955078125,0.005515785422176123,229.37933349609375,267.91998291015625,0.004705043975263834,232.03271484375,268.3758544921875,0.009203563444316387,234.5441436767578,277.2574157714844,0.0010318263666704297,213.18870544433594,273.2472229003906,7.232589268824086e-05,150.14138793945312,204.545654296875,0.00010982974345097318
1783,229.48146057128906,253.10494995117188,0.7424854040145874,232.50914001464844,269.53753662109375,0.34926268458366394,222.18699645996094,262.9189147949219,0.0013745236210525036,222.5665740966797,266.2833251953125,0.004572171252220869,229.04678344726562,268.16650390625,0.003386841155588627,231.66746520996094,268.41162109375,0.007436688989400864,234.4662322998047,277.1708679199219,0.0007698591216467321,213.11978149414062,272.9781188964844,5.4606145567959175e-05,150.28811645507812,204.30128479003906,9.614403097657487e-05
1784,229.7238311767578,252.61033630371094,0.6787883639335632,232.3776092529297,269.364501953125,0.3973030745983124,222.3111572265625,262.67626953125,0.001040455768816173,222.4731903076172,266.13482666015625,0.003992805257439613,229.0583038330078,267.8680725097656,0.0019176672212779522,231.84469604492188,268.0849609375,0.0036494960077106953,234.2572479248047,276.92059326171875,0.0010893942089751363,213.19239807128906,272.90087890625,6.948750524315983e-05,151.49874877929688,233.815673828125,9.299221710534766e-05
1785,229.62710571289062,252.53924560546875,0.8372697234153748,232.4455108642578,269.3879089355469,0.4925139546394348,222.131103515625,262.7522277832031,0.0018404013244435191,222.31112670898438,266.1365966796875,0.0055592963472008705,229.26300048828125,267.7594909667969,0.003482316853478551,231.87368774414062,268.16571044921875,0.006638505030423403,234.38027954101562,277.1839599609375,0.00135045254137367,213.18186950683594,273.09332275390625,7.561491656815633e-05,151.5789794921875,233.77980041503906,0.00011099703988293186
1786,229.8236846923828,252.03683471679688,0.8987557888031006,232.73789978027344,269.3455810546875,0.589024543762207,222.1007080078125,262.5416564941406,0.0033871892374008894,228.19769287109375,261.024169921875,0.006955477874726057,229.55001831054688,267.5995178222656,0.004235897678881884,232.0718536376953,268.01397705078125,0.00814366340637207,234.6956329345703,277.35882568359375,0.0014856586931273341,213.26467895507812,273.13824462890625,8.973477088147774e-05,151.6953887939453,233.95370483398438,0.00012895496911369264
1787,229.59808349609375,252.46775817871094,0.8825423121452332,232.62896728515625,269.63299560546875,0.39347121119499207,222.19398498535156,262.8164367675781,0.0018288071732968092,222.270751953125,266.2762451171875,0.006283086724579334,229.35296630859375,268.1160888671875,0.0038080960512161255,231.882080078125,268.5131530761719,0.008498444221913815,234.59225463867188,277.3501892089844,0.0007695191306993365,213.1857147216797,273.15692138671875,7.624150748597458e-05,151.5797119140625,233.83766174316406,8.952153439167887e-05
1788,230.1843719482422,252.38711547851562,0.9282401204109192,232.6549835205078,269.5082702636719,0.45724472403526306,226.56422424316406,261.3547668457031,0.003377851564437151,228.0608673095703,261.60662841796875,0.008625821210443974,229.30213928222656,267.8673095703125,0.004093213938176632,231.98939514160156,268.4696044921875,0.00655856728553772,234.7010498046875,277.33917236328125,0.0008439372177235782,213.23660278320312,273.154541015625,5.3481333452509716e-05,150.4039306640625,203.70626831054688,8.886042633093894e-05
1789,230.0571746826172,252.87705993652344,0.9017407894134521,232.68846130371094,269.5765075683594,0.4899670481681824,226.7093505859375,261.6714172363281,0.0029083953704684973,228.1317138671875,261.8737487792969,0.008750904351472855,229.32090759277344,267.9791564941406,0.004447950981557369,231.7762451171875,268.5233154296875,0.007885849103331566,234.69802856445312,277.5313415527344,0.0009800012921914458,213.34616088867188,273.1534423828125,6.80114098940976e-05,150.21697998046875,203.85174560546875,6.331632903311402e-05
1790,230.2258758544922,252.7373809814453,0.9101762175559998,232.39292907714844,269.6363220214844,0.43057408928871155,226.63272094726562,261.5712890625,0.002810245379805565,228.00743103027344,261.8150634765625,0.008104842156171799,229.3040771484375,267.9433898925781,0.004427015781402588,231.7804412841797,268.5892333984375,0.008436483331024647,234.3975830078125,277.3914794921875,0.0009437613189220428,213.21507263183594,273.12432861328125,6.582891364814714e-05,150.25668334960938,203.85409545898438,8.687137597007677e-05
1791,230.15394592285156,252.71841430664062,0.9348223805427551,232.4723358154297,269.6263427734375,0.4458523094654083,226.38458251953125,261.4976501464844,0.0034668580628931522,228.0328369140625,261.7857360839844,0.009337610565125942,229.2639617919922,267.8739929199219,0.005864243023097515,231.72132873535156,268.6197509765625,0.010516658425331116,234.41883850097656,277.4285583496094,0.0008356733014807105,213.09613037109375,273.12286376953125,5.316610258887522e-05,150.1679229736328,203.73146057128906,0.00010705587192205712
1792,229.99911499023438,252.80299377441406,0.8663549423217773,232.35470581054688,269.6533508300781,0.38720718026161194,226.76864624023438,261.4386901855469,0.0024850424379110336,228.1845703125,261.6187744140625,0.007641382049769163,228.9501495361328,267.8262939453125,0.003773846197873354,231.42491149902344,268.22235107421875,0.0070445905439555645,234.3404541015625,277.33966064453125,0.0005334258312359452,213.07479858398438,272.86773681640625,5.877364310435951e-05,150.22523498535156,203.76947021484375,7.85962474765256e-05
1793,230.26657104492188,252.74075317382812,0.9379910826683044,232.5019073486328,269.66162109375,0.46318671107292175,226.45315551757812,261.5916748046875,0.004255637526512146,227.93515014648438,261.8028564453125,0.009133509360253811,229.47805786132812,267.91668701171875,0.006691275630146265,231.88995361328125,268.5976867675781,0.013347359374165535,234.56451416015625,277.5975036621094,0.0009355078800581396,213.01055908203125,273.1572570800781,7.647269376320764e-05,150.11624145507812,203.8264617919922,8.570159116061404e-05
1794,230.18592834472656,252.4392547607422,0.9188270568847656,232.4290008544922,269.66339111328125,0.40584754943847656,226.4832763671875,261.4678955078125,0.0026736492291092873,228.00466918945312,261.6161193847656,0.006956967059522867,229.41641235351562,267.9122619628906,0.004058978985995054,232.029296875,268.3774108886719,0.008576666004955769,234.4626922607422,277.34686279296875,0.0006108658853918314,212.9950714111328,273.0417175292969,6.195447349455208e-05,150.21224975585938,203.892822265625,8.942230488173664e-05
1795,230.06756591796875,252.7506103515625,0.9024001359939575,232.4818878173828,269.7173767089844,0.4378070831298828,226.56114196777344,261.6120910644531,0.0033108973875641823,227.97703552246094,261.7785339355469,0.00918066781014204,229.4709930419922,267.94317626953125,0.004451410844922066,231.80213928222656,268.4750061035156,0.008334414102137089,234.4494171142578,277.570068359375,0.0006219044444151223,213.08633422851562,273.10418701171875,5.992785736452788e-05,149.84205627441406,203.7100372314453,0.00011239002196816728
1796,229.9136505126953,252.807861328125,0.9134249687194824,232.5731201171875,269.726318359375,0.4317769706249237,226.46719360351562,261.6343078613281,0.0029501181561499834,221.9484405517578,266.3171081542969,0.007804636377841234,229.5404815673828,267.9849853515625,0.0038965789135545492,231.75669860839844,268.3561706542969,0.008110648952424526,233.49517822265625,287.0488586425781,0.0006981341866776347,213.0922088623047,273.1279296875,5.7571494835428894e-05,150.07962036132812,203.87106323242188,0.00013193927588872612
1797,229.9793243408203,252.96832275390625,0.8934864401817322,232.4975128173828,269.837890625,0.4677656590938568,226.66213989257812,261.6875,0.0028388791251927614,222.0159149169922,266.3629150390625,0.006882076151669025,229.3541717529297,267.9781188964844,0.004610011819750071,231.59112548828125,268.4309997558594,0.008648162707686424,233.40016174316406,287.1338806152344,0.0009172045974992216,213.33981323242188,273.114013671875,6.781330739613622e-05,149.99765014648438,203.74412536621094,0.00012825781595893204
1798,230.07093811035156,252.4729766845703,0.9513198137283325,232.7433624267578,269.7464599609375,0.5057419538497925,226.3438262939453,261.4217834472656,0.004555508494377136,222.7410888671875,260.6927185058594,0.007588239852339029,229.57977294921875,267.7881164550781,0.004702222067862749,231.96078491210938,268.4342956542969,0.007522558327764273,233.512451171875,286.96356201171875,0.0009186621755361557,213.33847045898438,273.33099365234375,7.44516437407583e-05,150.0415802001953,203.88975524902344,8.451031317235902e-05
1799,230.0526580810547,252.7552032470703,0.9177160859107971,232.8076171875,269.6934814453125,0.5010272264480591,226.7615203857422,261.49810791015625,0.003841724479570985,228.19161987304688,261.5971374511719,0.00758645823225379,229.33055114746094,267.9538269042969,0.0037139884661883116,231.70729064941406,268.43072509765625,0.005806612782180309,234.78102111816406,277.884765625,0.000883542001247406,213.4268341064453,273.2153625488281,7.324184844037518e-05,150.20887756347656,203.65675354003906,0.00016189769667107612
1800,230.2149658203125,252.60655212402344,0.9507318735122681,232.8467559814453,270.24444580078125,0.5801040530204773,222.00396728515625,262.63214111328125,0.005417749751359224,221.96766662597656,265.86614990234375,0.010807085782289505,229.85421752929688,267.7544250488281,0.00325949233956635,232.37612915039062,268.237548828125,0.0046395291574299335,235.0660858154297,278.10931396484375,0.0013461604248732328,213.39076232910156,273.2095031738281,4.503115633269772e-05,150.0494384765625,203.4212188720703,0.0002042572887148708
1801,230.40255737304688,252.35076904296875,0.9333598613739014,233.01734924316406,270.1514587402344,0.6618860960006714,222.32562255859375,262.6459655761719,0.005929834675043821,222.2047576904297,265.77423095703125,0.015108298510313034,229.75051879882812,267.54754638671875,0.0032342916820198298,232.21551513671875,268.0288391113281,0.004498499445617199,235.13111877441406,278.3510437011719,0.0023183091543614864,213.4556121826172,273.470703125,5.052316191722639e-05,149.98568725585938,203.6527099609375,0.00016291682550217956
1802,230.61427307128906,251.95333862304688,0.930187463760376,233.06747436523438,270.0627136230469,0.6545013189315796,222.72531127929688,262.47149658203125,0.0055377427488565445,222.7637176513672,265.65740966796875,0.012384064495563507,229.76629638671875,267.5050964355469,0.002589105861261487,232.35740661621094,268.0245666503906,0.0031984932720661163,235.0486602783203,277.9202575683594,0.00213213381357491,213.2852020263672,273.29119873046875,7.851871487218887e-05,150.12620544433594,203.68826293945312,0.00011257064761593938
1803,230.5771026611328,251.95693969726562,0.9132367372512817,233.08592224121094,270.0278015136719,0.6100594997406006,222.72276306152344,262.6338806152344,0.00497877923771739,222.6667938232422,265.8179626464844,0.014937070198357105,229.74688720703125,267.465087890625,0.0025399811565876007,232.45574951171875,267.809326171875,0.0031669798772782087,235.1116943359375,277.7200012207031,0.001831942587159574,213.33926391601562,273.32666015625,6.792773638153449e-05,150.01620483398438,203.99972534179688,8.347821130882949e-05
1804,230.584716796875,252.40567016601562,0.8637239336967468,233.17819213867188,269.8585205078125,0.5634555816650391,222.80282592773438,262.9400329589844,0.003280819393694401,222.61053466796875,266.1092834472656,0.01661902293562889,229.90603637695312,267.7392883300781,0.0017139274859800935,232.55010986328125,267.91796875,0.002038267906755209,235.0701904296875,277.5785217285156,0.0016018914757296443,213.34329223632812,273.15594482421875,4.9129750550491735e-05,149.760498046875,203.91671752929688,8.254531712736934e-05
1805,230.61453247070312,252.47962951660156,0.9158387184143066,233.19741821289062,269.8315124511719,0.5896340608596802,222.5742645263672,262.97760009765625,0.004389955662190914,222.4941864013672,266.01837158203125,0.016031786799430847,230.02401733398438,267.7122497558594,0.002321362728253007,232.6750030517578,267.9587707519531,0.0031717312522232533,235.11801147460938,277.7461242675781,0.0014056077925488353,213.3386993408203,273.07183837890625,5.964831143501215e-05,149.98399353027344,203.73741149902344,9.13824696908705e-05
1806,230.97543334960938,251.9462432861328,0.8953105807304382,233.273681640625,269.7461853027344,0.615348756313324,222.8502960205078,262.6541748046875,0.005516641307622194,222.59425354003906,265.9022216796875,0.015775615349411964,230.1110076904297,267.38397216796875,0.0013846930814906955,232.90170288085938,267.6268310546875,0.001780231948941946,235.12069702148438,277.78271484375,0.0019453520653769374,213.5597686767578,273.29180908203125,6.629124254686758e-05,150.1321563720703,203.5094757080078,0.0001049428028636612
1807,230.8851318359375,252.33290100097656,0.7920464873313904,233.1891632080078,269.5609436035156,0.5194517970085144,222.83042907714844,262.7378234863281,0.0026517172809690237,222.59776306152344,266.12518310546875,0.011040247045457363,229.82907104492188,267.6266784667969,0.001128657255321741,232.662353515625,267.56982421875,0.0015885737957432866,234.94564819335938,277.4945373535156,0.0015110643580555916,213.34005737304688,273.06524658203125,9.390337072545663e-05,149.99459838867188,203.66860961914062,6.858186679892242e-05
1808,230.7602996826172,251.9933319091797,0.9159743189811707,233.24732971191406,269.6861877441406,0.6307433843612671,222.48985290527344,262.70355224609375,0.00605270080268383,222.25074768066406,265.7914733886719,0.012197533622384071,230.24139404296875,267.4839172363281,0.0017704531783238053,233.00184631347656,267.6414794921875,0.0026319329626858234,235.15347290039062,277.6391906738281,0.0025480289477854967,213.42918395996094,273.3544921875,9.540300379740074e-05,150.21145629882812,203.60948181152344,0.00010298215056536719
1809,230.8623504638672,251.97213745117188,0.8848743438720703,233.29879760742188,269.5320739746094,0.644280731678009,222.80540466308594,262.86431884765625,0.005452211480587721,222.4700164794922,265.9652099609375,0.014333115890622139,230.3919677734375,267.4110107421875,0.0013035570736974478,233.13775634765625,267.27410888671875,0.0018283328972756863,235.26986694335938,277.4213562011719,0.0031493608839809895,213.59950256347656,273.4827880859375,0.00012097381113562733,150.12171936035156,203.90528869628906,0.00011007036664523184
1810,232.6192169189453,251.45840454101562,0.9126676917076111,233.65977478027344,269.6689453125,0.7516508102416992,223.19590759277344,262.8136291503906,0.009699389338493347,222.79566955566406,265.33935546875,0.027411269024014473,230.61563110351562,267.15185546875,0.0011662795441225171,233.218994140625,267.1835021972656,0.001882081967778504,235.52684020996094,277.8936462402344,0.005061873234808445,213.6536102294922,273.38800048828125,0.00013126916019245982,150.1243438720703,203.84605407714844,0.00011032717156922445
1811,232.54295349121094,251.3259735107422,0.9448783993721008,233.82135009765625,269.7576599121094,0.8255227208137512,223.18972778320312,262.7413024902344,0.01253298856317997,222.71568298339844,265.2696228027344,0.029175415635108948,230.71995544433594,267.17608642578125,0.0013378277653828263,233.23667907714844,267.29632568359375,0.0024763918481767178,235.68875122070312,278.1810607910156,0.005847437772899866,213.6796417236328,273.63818359375,0.0001095880797947757,150.2022247314453,203.89501953125,0.0001524912368040532
1812,230.88511657714844,250.78997802734375,0.9650449752807617,233.220703125,269.48992919921875,0.8252209424972534,222.32293701171875,262.2020568847656,0.00695921340957284,221.79734802246094,265.68756103515625,0.015048776753246784,230.6351776123047,266.7376708984375,0.00196572276763618,233.4839630126953,267.0042419433594,0.002406496088951826,235.2405242919922,277.88189697265625,0.005193808581680059,213.47886657714844,273.6006164550781,0.00014250575623009354,150.33323669433594,203.56448364257812,0.0001634583022678271
1813,230.7203826904297,250.81459045410156,0.9543558955192566,233.03855895996094,269.51739501953125,0.7971262335777283,222.30221557617188,262.2104187011719,0.00548755144700408,221.74722290039062,265.5884094238281,0.014799932017922401,230.07470703125,261.7841796875,0.0018815358635038137,233.3131561279297,266.9425048828125,0.0021691995207220316,235.0067138671875,277.8567199707031,0.003909197635948658,213.39639282226562,273.4296569824219,0.00016960939683485776,150.24832153320312,203.5032196044922,7.780148007441312e-05
1814,230.99008178710938,250.89234924316406,0.9730477929115295,233.42742919921875,269.49957275390625,0.8822446465492249,222.48414611816406,262.30145263671875,0.009585393592715263,222.04881286621094,265.4423522949219,0.01535873394459486,230.26231384277344,261.8709716796875,0.0023212411906570196,233.4366455078125,267.0489501953125,0.0025891365949064493,235.42027282714844,278.1114196777344,0.007721944712102413,213.4746551513672,273.4544372558594,0.0002342863444937393,234.86578369140625,239.4727783203125,7.808183727320284e-05
1815,231.44161987304688,249.9346466064453,0.7499147653579712,233.2240753173828,269.1639709472656,0.7311702966690063,222.8259735107422,262.577880859375,0.002052997937425971,222.63246154785156,265.74774169921875,0.010537399910390377,223.44422912597656,265.7855224609375,0.0008626546477898955,233.04295349121094,266.6250915527344,0.0005234722630120814,235.0132293701172,277.330322265625,0.0053340415470302105,213.42291259765625,272.9820861816406,0.00022924886434338987,150.1746063232422,203.78004455566406,7.768294744892046e-05
1816,231.05816650390625,251.54241943359375,0.892855167388916,233.52964782714844,269.5159912109375,0.822326123714447,222.8939666748047,262.6077880859375,0.005450990982353687,222.43031311035156,265.3494567871094,0.01644863933324814,224.00112915039062,265.5716247558594,0.0008299743058159947,233.22080993652344,266.89495849609375,0.000742090109270066,235.42408752441406,277.7769470214844,0.0070748478174209595,213.4136199951172,273.2909240722656,0.00026578694814816117,234.5286407470703,239.5321807861328,6.891792872920632e-05
1817,232.29603576660156,251.3497772216797,0.8410784006118774,233.48097229003906,269.54425048828125,0.7631895542144775,223.03060913085938,262.6297912597656,0.0028887854423373938,222.63890075683594,265.5413513183594,0.012061713263392448,223.9058380126953,265.7452392578125,0.0006440040888264775,233.0902557373047,266.9754943847656,0.0005647398647852242,235.35330200195312,277.87548828125,0.00535901403054595,213.42086791992188,273.21875,0.00024404915166087449,150.27015686035156,203.6383056640625,8.87835121829994e-05
1818,230.89608764648438,251.5814666748047,0.8439652919769287,233.3082733154297,269.5509033203125,0.7687985301017761,222.88499450683594,262.27496337890625,0.0036117329727858305,222.60546875,265.3135070800781,0.011805180460214615,223.79026794433594,265.52398681640625,0.0006301194080151618,232.97097778320312,266.9837341308594,0.0006013003876432776,235.27996826171875,277.7705993652344,0.004196383524686098,213.32823181152344,273.37847900390625,0.0002738357288762927,150.31002807617188,203.5634765625,0.00011589679343160242
1819,230.86280822753906,251.53903198242188,0.7545892000198364,233.15786743164062,269.5514221191406,0.7695710062980652,223.0334014892578,262.124267578125,0.004308387171477079,222.6857452392578,265.24139404296875,0.015419823117554188,223.59548950195312,265.63226318359375,0.0006166429375298321,232.6293487548828,266.9694519042969,0.0005587480263784528,235.0449981689453,277.57037353515625,0.004630781710147858,213.2290496826172,273.1259460449219,0.0002528203767724335,150.3213653564453,203.74497985839844,8.880696259438992e-05
1820,231.59201049804688,250.1246337890625,0.590276837348938,232.8354949951172,269.45648193359375,0.6378984451293945,223.11756896972656,262.0411071777344,0.002181264106184244,222.69723510742188,265.46063232421875,0.009785442613065243,223.33755493164062,265.85247802734375,0.00043835927499458194,221.5139617919922,265.9733581542969,0.00038265142939053476,234.7353057861328,277.2667236328125,0.002854588208720088,213.29319763183594,273.0364990234375,0.0002746224345173687,150.12161254882812,204.0137939453125,7.621511758770794e-05
1821,231.61842346191406,249.92030334472656,0.827418863773346,232.92544555664062,269.23883056640625,0.7553994655609131,223.11326599121094,261.9797058105469,0.0035714234691113234,222.59983825683594,265.2874450683594,0.015864364802837372,229.46136474609375,261.2618103027344,0.0004387543594930321,232.5880889892578,267.0023193359375,0.00046632791054435074,234.78842163085938,277.25244140625,0.0037354519590735435,213.4148712158203,272.9183654785156,0.00020738004241138697,149.9771270751953,204.03060913085938,8.496046211803332e-05
1822,231.77072143554688,250.15638732910156,0.8456961512565613,232.99948120117188,269.311279296875,0.6843396425247192,223.02838134765625,261.9881591796875,0.005275122355669737,222.5139617919922,265.10198974609375,0.014677425846457481,223.87025451660156,265.6064147949219,0.0005702755297534168,222.0535888671875,265.8766174316406,0.0004667702014558017,234.8517608642578,277.33349609375,0.0023697896394878626,213.4108123779297,272.9494934082031,0.00017453717009630054,150.25216674804688,203.89483642578125,0.00011342879588482901
1823,232.36611938476562,250.7318878173828,0.9309952855110168,233.14846801757812,269.4615478515625,0.7742030024528503,222.91769409179688,261.9530944824219,0.007685265503823757,222.29518127441406,264.8837585449219,0.014784261584281921,229.78939819335938,261.6345520019531,0.0007095114560797811,233.0856475830078,267.1249084472656,0.0006242379313334823,235.0480194091797,277.77850341796875,0.0030040417332202196,213.38534545898438,273.4205017089844,0.0002908857131842524,150.29483032226562,203.61268615722656,0.00012436960241757333
1824,231.28541564941406,250.06503295898438,0.9337950944900513,233.0462646484375,269.7103576660156,0.7409186363220215,223.0331268310547,262.0909118652344,0.00674732169136405,222.06887817382812,265.3692321777344,0.018304651603102684,224.13357543945312,265.33074951171875,0.0006811610073782504,235.76205444335938,258.536865234375,0.000594477984122932,234.8124237060547,277.8607177734375,0.0028982560615986586,213.706787109375,273.32586669921875,0.00010090712748933583,234.7266082763672,238.91183471679688,7.041449862299487e-05
1825,231.33737182617188,249.94004821777344,0.9111542105674744,232.68089294433594,269.47161865234375,0.7440261840820312,222.91647338867188,262.01513671875,0.006357826758176088,222.14715576171875,264.9798889160156,0.016065429896116257,223.7117919921875,265.27276611328125,0.000981746008619666,222.23448181152344,265.88665771484375,0.0006989677203819156,234.66192626953125,277.5636901855469,0.004101239610463381,213.6170654296875,273.0842590332031,0.00013024067447986454,219.11781311035156,270.04034423828125,7.01198005117476e-05
1826,230.28086853027344,248.88906860351562,0.9015429019927979,232.47596740722656,269.4459533691406,0.6637318134307861,222.81007385253906,261.9002380371094,0.00605303980410099,222.13284301757812,265.02685546875,0.013262175023555756,223.5510711669922,265.3128662109375,0.0009899998549371958,222.2017364501953,265.8143005371094,0.0007240194245241582,234.4960479736328,277.3822937011719,0.0024850410409271717,213.63372802734375,272.98468017578125,0.0001584765559528023,218.98130798339844,269.94683837890625,6.090688839321956e-05
1827,231.58868408203125,249.9595947265625,0.9127522110939026,232.5955810546875,269.4622802734375,0.6593390107154846,223.0344696044922,261.70703125,0.006031492259353399,222.3885498046875,265.108642578125,0.012981916777789593,223.49749755859375,265.4049072265625,0.0008719760808162391,221.9757537841797,265.8936767578125,0.0006941976607777178,234.5870819091797,277.3927307128906,0.003002750687301159,213.58193969726562,272.9046630859375,0.00014507054584100842,219.00953674316406,270.0035400390625,6.270595622481778e-05
1828,231.4298553466797,249.86318969726562,0.9318990707397461,232.76548767089844,269.3636779785156,0.6834565997123718,222.99151611328125,261.69207763671875,0.006138004828244448,222.1252899169922,265.0745849609375,0.012761554680764675,229.60647583007812,261.4341735839844,0.0007508339476771653,235.36053466796875,258.64813232421875,0.0005896275979466736,234.8415069580078,277.596923828125,0.0034752734936773777,213.5609588623047,272.9870300292969,0.00015069697110448033,234.59005737304688,239.01026916503906,6.803600263083354e-05
1829,231.50881958007812,249.90159606933594,0.9436085224151611,232.91163635253906,269.4853820800781,0.7187885046005249,222.97174072265625,261.71600341796875,0.00755404494702816,222.19607543945312,264.98309326171875,0.012771056033670902,229.8658447265625,261.4021911621094,0.0008020048844628036,235.71615600585938,258.609619140625,0.0007832820410840213,234.7354278564453,277.6517639160156,0.002981840865686536,213.6263427734375,273.1055603027344,0.00011601112055359408,234.66744995117188,238.9679718017578,6.640353967668489e-05
1830,232.15260314941406,250.5092315673828,0.9325250387191772,232.97438049316406,269.5486145019531,0.7666133046150208,223.0367889404297,261.9498291015625,0.006067667622119188,222.26734924316406,265.2381286621094,0.012509322725236416,229.7808074951172,261.63385009765625,0.0008031325996853411,235.5932159423828,258.87518310546875,0.0007006420637480915,234.84408569335938,277.7434387207031,0.0046663121320307255,213.63836669921875,273.2720642089844,0.00013573300384450704,234.60647583007812,238.9227752685547,5.768833216279745e-05
1831,231.66506958007812,250.000732421875,0.9373944401741028,232.9969024658203,269.4739685058594,0.7478163838386536,223.15782165527344,261.6262512207031,0.0064038243144750595,222.3656768798828,264.9973449707031,0.012510848231613636,229.70950317382812,261.4293518066406,0.0008477139635942876,235.63690185546875,258.6686096191406,0.0006439562421292067,234.7007293701172,277.5727233886719,0.004132729489356279,213.6304931640625,273.1015319824219,0.00014962423301767558,219.4498748779297,270.1430969238281,5.9373589465394616e-05
1832,231.50296020507812,250.04306030273438,0.9543741345405579,233.14239501953125,269.5321960449219,0.8475862741470337,223.05528259277344,261.72113037109375,0.008771966211497784,222.32785034179688,264.76080322265625,0.014027941972017288,229.80615234375,261.4587707519531,0.0009296037605963647,235.7874755859375,258.626708984375,0.000787533528637141,234.9000701904297,277.9482727050781,0.00571097619831562,213.5913848876953,273.2709045410156,0.00014702085172757506,234.57809448242188,239.10780334472656,6.601706991204992e-05
1833,231.63523864746094,250.132080078125,0.9155530333518982,233.08651733398438,269.38427734375,0.6853091716766357,223.11895751953125,261.79901123046875,0.006161541678011417,222.39373779296875,265.2137756347656,0.010818167589604855,229.55543518066406,261.6781921386719,0.0007669359911233187,222.25283813476562,265.9829406738281,0.0005550988717004657,234.85299682617188,277.46051025390625,0.0028274646028876305,213.638916015625,272.9889831542969,0.00014667751383967698,219.39984130859375,269.9066467285156,5.8986275689676404e-05
1834,232.38726806640625,250.60311889648438,0.9657154679298401,233.4002227783203,269.488525390625,0.7806534767150879,222.88099670410156,261.8956604003906,0.010241305455565453,222.23960876464844,265.0046691894531,0.01527312770485878,229.8437042236328,261.81329345703125,0.001067504519596696,235.83529663085938,258.9117431640625,0.0006731947069056332,235.10983276367188,277.8667297363281,0.00294898496940732,213.50625610351562,273.1960754394531,0.00015859658014960587,234.71876525878906,238.79647827148438,6.839246634626761e-05
