scorer,DLC_resnet50_facial_directionDec27shuffle1_500000,DLC_resnet50_facial_directionDec27shuffle1_500000,DLC_resnet50_facial_directionDec27shuffle1_500000,DLC_resnet50_facial_directionDec27shuffle1_500000,DLC_resnet50_facial_directionDec27shuffle1_500000,DLC_resnet50_facial_directionDec27shuffle1_500000,DLC_resnet50_facial_directionDec27shuffle1_500000,DLC_resnet50_facial_directionDec27shuffle1_500000,DLC_resnet50_facial_directionDec27shuffle1_500000,DLC_resnet50_facial_directionDec27shuffle1_500000,DLC_resnet50_facial_directionDec27shuffle1_500000,DLC_resnet50_facial_directionDec27shuffle1_500000,DLC_resnet50_facial_directionDec27shuffle1_500000,DLC_resnet50_facial_directionDec27shuffle1_500000,DLC_resnet50_facial_directionDec27shuffle1_500000,DLC_resnet50_facial_directionDec27shuffle1_500000,DLC_resnet50_facial_directionDec27shuffle1_500000,DLC_resnet50_facial_directionDec27shuffle1_500000,DLC_resnet50_facial_directionDec27shuffle1_500000,DLC_resnet50_facial_directionDec27shuffle1_500000,DLC_resnet50_facial_directionDec27shuffle1_500000,DLC_resnet50_facial_directionDec27shuffle1_500000,DLC_resnet50_facial_directionDec27shuffle1_500000,DLC_resnet50_facial_directionDec27shuffle1_500000,DLC_resnet50_facial_directionDec27shuffle1_500000,DLC_resnet50_facial_directionDec27shuffle1_500000,DLC_resnet50_facial_directionDec27shuffle1_500000
bodyparts,Amount,Amount,Amount,Nose,Nose,Nose,Right eye,Right eye,Right eye,Right corner of eye,Right corner of eye,Right corner of eye,Left eye,Left eye,Left eye,Left corner of eye,Left corner of eye,Left corner of eye,Mouth,Mouth,Mouth,Right corner of mouth,Right corner of mouth,Right corner of mouth,Left corner of mouth,Left corner of mouth,Left corner of mouth
coords,x,y,likelihood,x,y,likelihood,x,y,likelihood,x,y,likelihood,x,y,likelihood,x,y,likelihood,x,y,likelihood,x,y,likelihood,x,y,likelihood
0,181.407958984375,221.914794921875,1.0,180.36083984375,263.1182861328125,1.0,157.12913513183594,239.244140625,1.0,143.60775756835938,235.1528778076172,1.0,207.4674072265625,241.5143585205078,1.0,223.60189819335938,238.577880859375,1.0,178.15325927734375,279.09881591796875,0.9999994039535522,149.38400268554688,282.4423828125,0.9380166530609131,216.438720703125,281.56658935546875,0.0019887546077370644
1,178.88548278808594,221.69053649902344,1.0,177.26576232910156,262.7513427734375,1.0,155.03329467773438,238.9215087890625,1.0,142.14361572265625,234.33428955078125,1.0,206.07347106933594,241.45578002929688,1.0,222.0567169189453,238.2198944091797,1.0,174.6671600341797,278.4758605957031,1.0,146.0955352783203,281.9088439941406,0.9996771812438965,212.04177856445312,282.0824279785156,0.002520371461287141
2,178.45498657226562,221.74700927734375,1.0,176.20376586914062,262.7496337890625,1.0,154.67430114746094,239.20709228515625,1.0,141.52517700195312,234.7874755859375,1.0,205.35411071777344,241.56138610839844,1.0,221.55966186523438,238.15213012695312,1.0,173.73497009277344,278.3603515625,1.0,145.54022216796875,282.3409118652344,0.9996106028556824,211.14503479003906,282.5455017089844,0.004582939203828573
3,178.3235626220703,222.11770629882812,1.0,175.9735870361328,262.5263671875,1.0,154.5109405517578,239.47528076171875,1.0,141.23141479492188,234.8264617919922,1.0,204.85076904296875,241.52870178222656,1.0,221.39517211914062,238.26385498046875,1.0,173.5998992919922,278.35955810546875,1.0,145.0576171875,282.25335693359375,0.9991227984428406,211.44515991210938,282.4143981933594,0.0053519573993980885
4,178.05966186523438,222.47171020507812,1.0,175.87364196777344,262.7838134765625,1.0,154.56190490722656,239.512451171875,1.0,141.17794799804688,235.0645751953125,1.0,204.69699096679688,241.60696411132812,1.0,221.36270141601562,238.3138885498047,1.0,173.5677490234375,278.3890075683594,1.0,144.7545623779297,283.39892578125,0.9974337220191956,211.4703369140625,282.4734191894531,0.004124682862311602
5,178.11074829101562,222.40908813476562,1.0,175.99058532714844,263.0365295410156,1.0,154.58802795410156,239.7079315185547,1.0,141.2467498779297,235.06411743164062,1.0,204.80116271972656,241.6451416015625,1.0,221.44552612304688,238.39932250976562,1.0,173.59103393554688,278.43292236328125,1.0,144.88565063476562,283.4122619628906,0.9966191053390503,211.06094360351562,282.6092529296875,0.0027624666690826416
6,178.05947875976562,222.2994384765625,1.0,176.08349609375,263.0540466308594,1.0,154.52041625976562,239.8286895751953,1.0,141.1796875,235.25221252441406,1.0,204.55226135253906,241.73431396484375,1.0,221.2991485595703,238.4591827392578,1.0,173.85708618164062,278.4808044433594,1.0,144.9783935546875,283.5089111328125,0.9944128394126892,210.93373107910156,282.4793701171875,0.0028969114646315575
7,178.09165954589844,222.41851806640625,1.0,176.0361785888672,262.6986389160156,1.0,154.62469482421875,239.75523376464844,1.0,141.23280334472656,235.126708984375,1.0,204.5686798095703,241.73126220703125,1.0,221.27442932128906,238.55125427246094,1.0,174.04653930664062,278.1748352050781,1.0,144.78152465820312,283.3958740234375,0.9955251812934875,210.69810485839844,282.4563293457031,0.004293657839298248
8,178.12222290039062,222.4977569580078,1.0,176.1016387939453,262.7367858886719,1.0,154.61839294433594,239.85214233398438,1.0,141.27320861816406,235.19610595703125,1.0,204.6337890625,241.6351318359375,1.0,221.27484130859375,238.55862426757812,1.0,174.0782928466797,278.3401184082031,1.0,144.83680725097656,283.46722412109375,0.996987521648407,210.60897827148438,282.6198425292969,0.005188457667827606
9,178.1579132080078,222.6458740234375,1.0,176.00926208496094,262.7138671875,1.0,154.66201782226562,239.90188598632812,1.0,141.25048828125,235.26589965820312,1.0,204.73837280273438,241.57928466796875,1.0,221.36744689941406,238.5786590576172,1.0,174.0656280517578,278.530029296875,1.0,145.17108154296875,282.7335205078125,0.9975863695144653,210.7459716796875,282.7693786621094,0.006830632220953703
10,178.13232421875,222.46234130859375,1.0,175.95132446289062,262.48468017578125,1.0,154.7403564453125,239.831787109375,1.0,141.26254272460938,235.43565368652344,1.0,204.6661834716797,241.69651794433594,1.0,221.2512664794922,238.64764404296875,1.0,174.17025756835938,278.34234619140625,1.0,145.08799743652344,283.4814453125,0.9959718585014343,210.619873046875,282.6746520996094,0.005697332322597504
11,178.1364288330078,222.4981231689453,1.0,175.9428253173828,262.57122802734375,1.0,154.7235565185547,239.78506469726562,1.0,141.21095275878906,235.41973876953125,1.0,204.6808319091797,241.72232055664062,1.0,221.1741485595703,238.6234588623047,1.0,174.2259521484375,278.3052673339844,1.0,145.21731567382812,282.7002868652344,0.9981175661087036,210.48341369628906,282.6744079589844,0.006241312250494957
12,178.21243286132812,222.46092224121094,1.0,175.79286193847656,262.78179931640625,1.0,154.8083953857422,239.88238525390625,1.0,141.16647338867188,235.65199279785156,1.0,204.56546020507812,241.8950653076172,1.0,220.93360900878906,238.80287170410156,1.0,174.180419921875,278.28955078125,1.0,145.11453247070312,282.5561218261719,0.9991924166679382,210.54685974121094,282.4488830566406,0.0032916541676968336
13,178.11317443847656,222.54241943359375,1.0,175.69891357421875,262.7311096191406,1.0,154.76641845703125,239.90696716308594,1.0,141.0799560546875,235.7465362548828,1.0,204.7369384765625,241.98291015625,1.0,221.12222290039062,238.71746826171875,1.0,174.1295166015625,278.2231140136719,1.0,144.94200134277344,283.45147705078125,0.9981245398521423,210.40943908691406,282.33367919921875,0.004686212632805109
14,178.21722412109375,222.38116455078125,1.0,175.39234924316406,262.45501708984375,1.0,154.7959442138672,239.87844848632812,1.0,140.9846954345703,235.57530212402344,1.0,204.6063995361328,241.9898223876953,1.0,221.12899780273438,238.80523681640625,1.0,173.9436798095703,278.11236572265625,1.0,144.80023193359375,283.4671325683594,0.9973088502883911,210.37380981445312,282.3816833496094,0.004948004614561796
15,178.24118041992188,222.53689575195312,1.0,175.48504638671875,262.6279296875,1.0,154.82627868652344,239.91506958007812,1.0,141.0098114013672,235.66622924804688,1.0,204.5660400390625,242.00564575195312,1.0,221.0592041015625,238.91163635253906,1.0,173.81643676757812,278.207275390625,1.0,144.74942016601562,282.4283752441406,0.999249279499054,210.4380645751953,282.4358215332031,0.003757867496460676
16,178.12603759765625,222.336669921875,1.0,175.51026916503906,262.6341247558594,1.0,154.771728515625,239.88922119140625,1.0,140.86270141601562,235.88702392578125,1.0,204.49484252929688,242.06919860839844,1.0,221.02944946289062,238.9798126220703,1.0,173.97406005859375,278.1455383300781,1.0,144.8264923095703,282.7951965332031,0.9987394213676453,210.34153747558594,282.3349914550781,0.002935906406491995
17,178.14537048339844,222.3645477294922,1.0,175.63858032226562,262.7183837890625,1.0,154.63758850097656,239.88140869140625,1.0,140.80117797851562,235.7951202392578,1.0,204.30111694335938,242.0261688232422,1.0,220.8970489501953,238.9618682861328,1.0,173.91195678710938,278.01422119140625,1.0,144.76405334472656,282.7466125488281,0.996780276298523,210.3159942626953,282.3241882324219,0.0020445941481739283
18,178.0419464111328,222.2318878173828,1.0,175.53916931152344,262.70294189453125,1.0,154.61093139648438,239.8714599609375,1.0,140.70223999023438,235.7123565673828,1.0,204.15142822265625,242.0151824951172,1.0,220.76126098632812,239.01495361328125,1.0,173.8647003173828,278.0367431640625,1.0,144.5551300048828,282.81195068359375,0.9942705631256104,210.15003967285156,282.42596435546875,0.0018537853611633182
19,177.96243286132812,222.25802612304688,1.0,175.64939880371094,262.721435546875,1.0,154.60165405273438,239.9569549560547,1.0,140.7660675048828,235.6958770751953,1.0,204.10186767578125,241.88201904296875,1.0,220.74777221679688,238.9605712890625,1.0,174.05975341796875,277.9540710449219,1.0,144.6460418701172,283.5494689941406,0.9957528114318848,210.1462860107422,282.2608947753906,0.002467175479978323
20,178.10986328125,222.22264099121094,1.0,175.68853759765625,262.7447814941406,1.0,154.67691040039062,239.9061279296875,1.0,140.782470703125,235.6488037109375,1.0,204.1768341064453,241.91270446777344,1.0,220.6685028076172,238.89474487304688,1.0,174.19383239746094,278.1006774902344,1.0,144.8222198486328,282.92791748046875,0.9971089959144592,210.1209716796875,282.30267333984375,0.0029503086116164923
21,178.0338592529297,222.19955444335938,1.0,175.59132385253906,262.6156005859375,1.0,154.401123046875,239.93634033203125,1.0,140.7098388671875,235.62376403808594,1.0,203.97659301757812,241.93336486816406,1.0,220.48609924316406,239.12454223632812,1.0,174.11904907226562,278.0600280761719,1.0,144.73947143554688,282.845947265625,0.9970752000808716,209.8719024658203,282.37396240234375,0.00350231328047812
22,178.05667114257812,222.3506317138672,1.0,175.75213623046875,262.7865905761719,1.0,154.3389129638672,239.94894409179688,1.0,140.57472229003906,235.6451873779297,1.0,203.95555114746094,241.96185302734375,1.0,220.44363403320312,239.19236755371094,1.0,174.16140747070312,278.01220703125,1.0,144.76849365234375,283.5223083496094,0.9955679774284363,209.7346649169922,282.3705749511719,0.002497631823644042
23,178.13351440429688,222.29051208496094,1.0,175.37625122070312,262.9442138671875,1.0,154.31756591796875,240.06886291503906,1.0,140.59266662597656,235.65170288085938,1.0,203.27951049804688,242.09596252441406,1.0,220.47833251953125,239.18603515625,1.0,173.79547119140625,278.1695861816406,1.0,144.57801818847656,283.6141662597656,0.9955924153327942,209.77088928222656,282.56781005859375,0.0024724421091377735
24,177.89427185058594,222.08877563476562,1.0,175.15016174316406,262.5709533691406,1.0,154.1461639404297,240.0618133544922,1.0,140.56280517578125,235.77796936035156,1.0,202.9147491455078,242.08108520507812,1.0,219.95350646972656,239.3217315673828,1.0,173.54449462890625,278.1409606933594,1.0,144.25527954101562,282.6858825683594,0.9990513920783997,209.53871154785156,282.5912780761719,0.002072460250928998
25,177.8729248046875,222.05361938476562,1.0,175.10003662109375,262.62750244140625,1.0,153.973876953125,240.05377197265625,1.0,140.42593383789062,235.74620056152344,1.0,202.9776153564453,242.08349609375,1.0,220.01895141601562,239.2827606201172,1.0,173.44509887695312,278.0274963378906,1.0,144.17015075683594,282.5713806152344,0.9994869232177734,209.3999481201172,282.4971923828125,0.0022809640504419804
26,177.7149658203125,222.20274353027344,1.0,175.168701171875,262.48773193359375,1.0,153.7896728515625,240.1090087890625,1.0,140.36631774902344,235.76181030273438,1.0,202.9090118408203,242.16790771484375,1.0,220.03041076660156,239.3184814453125,1.0,173.4027557373047,277.8379821777344,1.0,144.0183563232422,282.414794921875,0.9986733198165894,209.11892700195312,282.55584716796875,0.0016114517347887158
27,177.3363037109375,222.27076721191406,1.0,174.9488067626953,262.7481689453125,1.0,153.76060485839844,240.28701782226562,1.0,140.35206604003906,235.70098876953125,1.0,202.550048828125,242.13427734375,1.0,219.74427795410156,239.19862365722656,1.0,173.19166564941406,278.07940673828125,1.0,144.33619689941406,282.83135986328125,0.999479353427887,209.33795166015625,282.4650573730469,0.0021439152769744396
28,174.94300842285156,222.16143798828125,1.0,172.97137451171875,263.6471252441406,1.0,152.0746612548828,240.3763427734375,1.0,139.34921264648438,235.44097900390625,1.0,200.22767639160156,241.6766815185547,1.0,217.9061279296875,239.14353942871094,1.0,170.87448120117188,278.5498046875,1.0,142.0583038330078,283.06231689453125,0.9937283992767334,209.59193420410156,281.7931213378906,0.0028069026302546263
29,163.353515625,220.63401794433594,1.0,157.11122131347656,261.2969665527344,1.0,143.21728515625,238.90872192382812,1.0,132.06179809570312,233.51466369628906,1.0,191.4983367919922,240.59303283691406,1.0,207.9811553955078,236.66143798828125,1.0,156.14137268066406,278.79229736328125,0.9999997615814209,131.8570556640625,282.698974609375,0.9102568626403809,196.75823974609375,281.509521484375,0.033600568771362305
30,154.3623046875,220.9339141845703,1.0,147.9683837890625,260.7977600097656,1.0,136.6029052734375,239.84463500976562,1.0,125.90573120117188,235.87246704101562,1.0,182.53408813476562,240.05783081054688,1.0,200.55491638183594,237.3631134033203,1.0,147.70994567871094,278.48565673828125,1.0,123.65565490722656,282.6044921875,0.9558355808258057,186.95054626464844,285.40423583984375,0.009401573799550533
31,152.67210388183594,220.8717803955078,1.0,145.16677856445312,260.0164489746094,1.0,135.50543212890625,239.84017944335938,1.0,124.1700668334961,236.20608520507812,1.0,181.25485229492188,240.21730041503906,1.0,198.73231506347656,237.68478393554688,1.0,144.1617431640625,279.2760314941406,1.0,120.51237487792969,282.3221130371094,0.9936715364456177,185.60235595703125,284.2019348144531,0.1979966163635254
32,151.98406982421875,220.84515380859375,1.0,144.06057739257812,260.2804260253906,1.0,135.18287658691406,240.07449340820312,1.0,123.97783660888672,236.15382385253906,1.0,180.73098754882812,240.10745239257812,1.0,197.67623901367188,237.67794799804688,1.0,142.697265625,279.46453857421875,1.0,120.35028076171875,282.569091796875,0.9960042834281921,184.9205322265625,284.0440368652344,0.0891808494925499
33,151.83802795410156,220.45819091796875,1.0,143.62564086914062,260.0923156738281,1.0,134.9471435546875,239.8989715576172,1.0,124.1968002319336,235.6812286376953,1.0,180.7473907470703,240.2292938232422,1.0,197.7523956298828,237.83157348632812,1.0,142.34786987304688,279.4520263671875,1.0,119.9911880493164,282.7187805175781,0.9788720011711121,184.20315551757812,284.2685546875,0.1294906884431839
34,151.67897033691406,220.29774475097656,1.0,143.3917999267578,260.1625061035156,1.0,134.74212646484375,240.0299072265625,1.0,124.13997650146484,235.58560180664062,1.0,180.77735900878906,240.37625122070312,1.0,197.68772888183594,237.7234649658203,1.0,142.2919158935547,279.5833740234375,1.0,120.22132110595703,282.09527587890625,0.9916342496871948,184.298095703125,284.38800048828125,0.18060292303562164
35,151.51063537597656,220.43899536132812,1.0,143.44631958007812,260.0756530761719,1.0,134.8511505126953,240.01942443847656,1.0,124.16621398925781,235.8693084716797,1.0,180.7274627685547,240.3717041015625,1.0,197.57884216308594,237.78440856933594,1.0,142.23193359375,279.66741943359375,1.0,120.12779235839844,282.10638427734375,0.9911786913871765,184.0187225341797,284.45196533203125,0.19339574873447418
36,151.40316772460938,220.5096435546875,1.0,143.02191162109375,260.4044189453125,1.0,134.75221252441406,240.2498779296875,1.0,123.44242858886719,235.83705139160156,1.0,180.8687286376953,240.65333557128906,1.0,197.36105346679688,237.77235412597656,1.0,141.71578979492188,279.41131591796875,1.0,119.4469223022461,282.502685546875,0.8322504162788391,184.41574096679688,284.7318115234375,0.2052881419658661
37,151.46075439453125,220.46328735351562,1.0,142.94931030273438,260.3592834472656,1.0,134.82156372070312,240.18284606933594,1.0,123.68521881103516,236.76734924316406,1.0,180.67149353027344,240.55006408691406,1.0,197.47579956054688,237.88705444335938,1.0,141.54147338867188,279.3997497558594,1.0,119.34050750732422,282.602783203125,0.9115483164787292,184.38165283203125,284.7066650390625,0.1577351987361908
38,150.91961669921875,219.81484985351562,1.0,142.68023681640625,259.37188720703125,1.0,134.6571044921875,239.51812744140625,1.0,123.62688446044922,237.0238494873047,1.0,179.97122192382812,238.8492431640625,1.0,197.18467712402344,237.25350952148438,1.0,141.02847290039062,279.09783935546875,1.0,119.3870620727539,281.8204040527344,0.9443449974060059,184.4475555419922,284.4903869628906,0.5970008969306946
39,150.321044921875,219.42160034179688,1.0,142.1629180908203,258.4198913574219,1.0,133.7323760986328,238.97259521484375,1.0,122.751220703125,236.47476196289062,1.0,179.21023559570312,238.1288299560547,1.0,196.19189453125,236.03187561035156,1.0,140.45233154296875,278.7557067871094,1.0,119.10478973388672,281.7655944824219,0.9965329170227051,183.51414489746094,283.80126953125,0.5825396180152893
40,150.61761474609375,218.50819396972656,1.0,141.9849853515625,257.5748596191406,1.0,133.7141876220703,238.4866180419922,1.0,122.90415954589844,236.41783142089844,1.0,178.5758514404297,237.79444885253906,1.0,195.71873474121094,235.36865234375,1.0,139.5668182373047,278.45721435546875,1.0,118.83321380615234,282.017333984375,0.9974268078804016,182.70462036132812,283.5975341796875,0.9440703392028809
41,150.22581481933594,218.26316833496094,1.0,141.78445434570312,257.18438720703125,1.0,133.27598571777344,237.79383850097656,1.0,122.59969329833984,236.7866973876953,1.0,178.4713134765625,237.07958984375,1.0,195.59010314941406,235.111328125,1.0,139.54946899414062,278.1831970214844,1.0,118.50601959228516,282.09600830078125,0.9996397495269775,183.2251739501953,282.5768127441406,0.9849264621734619
42,150.7780303955078,217.57916259765625,1.0,141.77691650390625,255.55426025390625,1.0,133.34385681152344,236.87554931640625,1.0,122.33447265625,236.04812622070312,1.0,179.03335571289062,236.79165649414062,1.0,195.73463439941406,234.5206756591797,1.0,139.6173095703125,277.740478515625,1.0,118.32451629638672,281.9123229980469,0.999923586845398,181.61175537109375,283.40948486328125,0.9997726082801819
43,154.3123779296875,214.4257049560547,1.0,143.2976531982422,251.4468536376953,1.0,135.0553741455078,233.73452758789062,1.0,124.31461334228516,233.3794403076172,1.0,182.02964782714844,232.57521057128906,1.0,198.49530029296875,231.34715270996094,1.0,142.12440490722656,274.4010009765625,1.0,120.86163330078125,281.33062744140625,0.9999998807907104,180.02822875976562,283.1683654785156,0.9999939203262329
44,158.1194610595703,211.376220703125,1.0,148.83433532714844,248.1284942626953,1.0,137.9556121826172,230.00559997558594,1.0,126.78221893310547,230.96368408203125,1.0,185.35992431640625,229.42384338378906,1.0,201.9894561767578,227.5193328857422,1.0,146.78492736816406,270.1023254394531,1.0,126.83405303955078,279.4393615722656,1.0,185.52471923828125,278.74212646484375,1.0
45,160.38156127929688,209.98428344726562,1.0,151.67970275878906,245.74925231933594,1.0,139.4750518798828,228.54270935058594,1.0,128.43588256835938,229.4598846435547,1.0,187.94277954101562,227.02218627929688,1.0,203.8948974609375,226.12326049804688,1.0,149.9240264892578,266.7945861816406,1.0,129.05673217773438,277.1251220703125,1.0,188.35748291015625,275.56243896484375,1.0
46,160.9040985107422,207.99407958984375,1.0,152.91574096679688,243.53179931640625,1.0,139.9415740966797,227.50125122070312,1.0,129.3527069091797,228.67178344726562,1.0,188.83145141601562,225.4247589111328,1.0,205.22393798828125,225.19113159179688,1.0,151.55836486816406,265.03179931640625,1.0,131.1577911376953,276.03802490234375,1.0,189.2969207763672,274.51947021484375,1.0
47,162.5812225341797,207.07606506347656,1.0,154.86289978027344,241.73220825195312,1.0,141.51068115234375,226.2797088623047,1.0,129.99839782714844,227.72244262695312,1.0,189.98683166503906,224.83851623535156,1.0,206.826171875,224.3251953125,1.0,153.08827209472656,262.509033203125,1.0,132.1766815185547,273.8844299316406,1.0,189.8835906982422,273.7327880859375,1.0
48,164.44900512695312,206.15042114257812,1.0,156.70921325683594,239.175048828125,1.0,143.39822387695312,225.0428009033203,1.0,131.17735290527344,226.13101196289062,1.0,192.5765838623047,224.36741638183594,1.0,208.86033630371094,224.07467651367188,1.0,156.871826171875,261.5482177734375,1.0,134.5446319580078,272.54754638671875,1.0,192.97479248046875,272.4189147949219,1.0
49,169.2891387939453,207.21717834472656,1.0,162.84898376464844,242.19158935546875,1.0,147.48350524902344,226.64337158203125,1.0,134.8370361328125,225.44094848632812,1.0,197.5193634033203,225.36376953125,1.0,213.8930206298828,225.90933227539062,1.0,162.22769165039062,264.7888488769531,1.0,138.23878479003906,274.2153625488281,1.0,196.7914581298828,274.84765625,1.0
50,172.63722229003906,208.1372528076172,1.0,167.42347717285156,243.69992065429688,1.0,149.91371154785156,227.24508666992188,1.0,136.32772827148438,226.52919006347656,1.0,199.5015869140625,227.10064697265625,1.0,215.61134338378906,226.97512817382812,1.0,166.93907165527344,265.49761962890625,1.0,141.37167358398438,275.3830871582031,1.0,199.74801635742188,275.33026123046875,1.0
51,174.48507690429688,209.0009307861328,1.0,169.68995666503906,244.5217742919922,1.0,151.28213500976562,227.6449737548828,1.0,137.06301879882812,227.08460998535156,1.0,200.910888671875,227.79226684570312,1.0,216.79010009765625,227.45095825195312,1.0,169.0328369140625,265.8614501953125,1.0,142.38400268554688,275.51068115234375,1.0,201.70718383789062,275.9707946777344,1.0
52,175.5597381591797,209.44610595703125,1.0,170.7766571044922,245.04293823242188,1.0,151.6748809814453,228.177978515625,1.0,137.71185302734375,228.02638244628906,1.0,201.20326232910156,229.09060668945312,1.0,217.3289337158203,228.55604553222656,1.0,169.8440704345703,266.0743103027344,1.0,143.26351928710938,276.05438232421875,1.0,202.76507568359375,276.7865905761719,1.0
53,176.12904357910156,209.6718292236328,1.0,171.55325317382812,245.61907958984375,1.0,152.14083862304688,228.48703002929688,1.0,138.07778930664062,228.1724853515625,1.0,201.78981018066406,229.6036376953125,1.0,218.2484893798828,228.7391815185547,1.0,170.61395263671875,267.0110778808594,1.0,144.18161010742188,276.6644592285156,1.0,203.8106689453125,277.156982421875,1.0
54,176.3559112548828,209.85806274414062,1.0,172.0084991455078,245.7359161376953,1.0,152.53407287597656,228.60853576660156,1.0,138.20547485351562,228.19418334960938,1.0,201.921630859375,229.5968475341797,1.0,218.0877227783203,228.5224609375,1.0,171.17367553710938,267.29095458984375,1.0,144.4051971435547,276.9362487792969,1.0,204.2313995361328,277.43756103515625,1.0
55,176.8038330078125,209.78854370117188,1.0,172.64195251464844,245.76544189453125,1.0,152.80809020996094,228.57168579101562,1.0,138.601318359375,228.3879852294922,1.0,202.4019012451172,229.5746307373047,1.0,218.51942443847656,228.7025909423828,1.0,172.02540588378906,267.50543212890625,1.0,144.69468688964844,277.0414733886719,1.0,204.8895263671875,277.2349548339844,1.0
56,177.06214904785156,210.16282653808594,1.0,172.91419982910156,245.70953369140625,1.0,152.50607299804688,228.1927032470703,1.0,138.88287353515625,228.46372985839844,1.0,202.57940673828125,229.71273803710938,1.0,218.5657196044922,228.91392517089844,1.0,172.23489379882812,268.0189514160156,1.0,144.98196411132812,277.1446838378906,1.0,204.8671875,277.5010681152344,1.0
57,177.38743591308594,210.2218780517578,1.0,173.49037170410156,245.72039794921875,1.0,153.08193969726562,228.23214721679688,1.0,139.22201538085938,228.75128173828125,1.0,202.7695770263672,230.04283142089844,1.0,218.7245330810547,229.19744873046875,1.0,173.03903198242188,268.28082275390625,1.0,145.16644287109375,277.3383483886719,1.0,205.0941925048828,277.5193176269531,1.0
58,177.5612030029297,210.43960571289062,1.0,173.83413696289062,245.4020538330078,1.0,153.60801696777344,228.09693908691406,1.0,139.27691650390625,229.34548950195312,1.0,203.50228881835938,229.99391174316406,1.0,219.8809814453125,229.25794982910156,1.0,173.6457061767578,268.1619873046875,1.0,146.7426300048828,277.5240783691406,1.0,205.7430419921875,277.88714599609375,1.0
59,178.1580047607422,210.30946350097656,1.0,174.3107147216797,245.50057983398438,1.0,154.30709838867188,228.2917022705078,1.0,140.22901916503906,229.38243103027344,1.0,204.464111328125,229.93038940429688,1.0,220.89825439453125,229.68142700195312,1.0,174.10800170898438,268.4385070800781,1.0,147.87203979492188,278.0337219238281,1.0,206.70118713378906,278.1289978027344,1.0
60,178.96990966796875,210.61740112304688,1.0,174.99343872070312,245.74879455566406,1.0,154.5672607421875,228.7686767578125,1.0,140.80987548828125,229.89041137695312,1.0,205.18032836914062,230.3212432861328,1.0,221.23036193847656,230.336181640625,1.0,174.4799041748047,268.31280517578125,1.0,147.9169158935547,277.8378601074219,1.0,206.8383331298828,278.2311096191406,1.0
61,179.08908081054688,210.52735900878906,1.0,175.1976776123047,246.14620971679688,1.0,154.42965698242188,228.69175720214844,1.0,140.8794403076172,229.86367797851562,1.0,205.08868408203125,230.2977294921875,1.0,221.42144775390625,230.24581909179688,1.0,174.8838348388672,268.491455078125,1.0,148.13243103027344,278.1481628417969,1.0,207.3440399169922,278.29510498046875,1.0
62,179.57237243652344,211.0679931640625,1.0,175.7042236328125,246.22216796875,1.0,154.90899658203125,228.60690307617188,1.0,140.9133758544922,229.8821563720703,1.0,205.4265594482422,230.47000122070312,1.0,221.49859619140625,230.4492950439453,1.0,175.32284545898438,268.2244873046875,1.0,148.55206298828125,278.2043151855469,1.0,207.27870178222656,278.4763488769531,1.0
63,179.7710418701172,211.08856201171875,1.0,176.1406707763672,246.40953063964844,1.0,154.81085205078125,228.66683959960938,1.0,141.23666381835938,230.1268310546875,1.0,205.5113067626953,230.57664489746094,1.0,221.65545654296875,230.31727600097656,1.0,175.691162109375,268.4817810058594,1.0,148.71607971191406,278.3500061035156,1.0,207.30474853515625,278.4755859375,1.0
64,180.2992706298828,211.25588989257812,1.0,176.68673706054688,246.4702911376953,1.0,154.98951721191406,228.62217712402344,1.0,141.23782348632812,229.99557495117188,1.0,205.95994567871094,230.82406616210938,1.0,221.8690643310547,230.42625427246094,1.0,176.0797576904297,268.42376708984375,1.0,148.7893829345703,278.23974609375,1.0,207.58326721191406,278.5768127441406,1.0
65,180.4374237060547,211.35214233398438,1.0,177.142578125,246.52369689941406,1.0,155.28237915039062,228.67514038085938,1.0,141.41995239257812,229.99781799316406,1.0,206.1826934814453,230.8386993408203,1.0,222.0734405517578,230.15475463867188,1.0,176.43203735351562,268.2259826660156,1.0,148.96104431152344,278.0736083984375,1.0,208.27525329589844,278.67291259765625,1.0
66,180.55557250976562,211.4163360595703,1.0,177.60635375976562,247.10372924804688,1.0,155.50250244140625,228.8995361328125,1.0,141.73046875,230.24331665039062,1.0,206.42575073242188,231.02442932128906,1.0,222.4541778564453,230.10549926757812,1.0,176.93592834472656,268.35491943359375,1.0,149.50596618652344,278.26202392578125,1.0,208.951416015625,278.63116455078125,1.0
67,181.1114044189453,211.70323181152344,1.0,178.230224609375,246.70643615722656,1.0,155.73193359375,229.02908325195312,1.0,141.59292602539062,230.07969665527344,1.0,206.81463623046875,230.9531707763672,1.0,222.62545776367188,230.29237365722656,1.0,177.75115966796875,268.2021484375,1.0,149.65423583984375,278.3027648925781,1.0,209.29429626464844,278.94244384765625,1.0
68,181.30079650878906,212.20462036132812,1.0,178.56008911132812,246.6725616455078,1.0,156.67791748046875,230.1269989013672,1.0,141.63491821289062,229.94471740722656,1.0,207.13021850585938,230.64151000976562,1.0,222.77354431152344,230.39414978027344,1.0,178.29556274414062,268.53955078125,1.0,149.79354858398438,278.1785888671875,1.0,209.63052368164062,278.9272766113281,1.0
69,181.622802734375,212.13658142089844,1.0,179.13076782226562,246.54360961914062,1.0,156.9043426513672,229.99215698242188,1.0,140.99008178710938,229.91244506835938,1.0,207.11602783203125,230.77880859375,1.0,222.7246551513672,230.4780731201172,1.0,178.45338439941406,268.0763854980469,1.0,149.93116760253906,278.2064514160156,1.0,209.9670867919922,279.0402526855469,1.0
70,181.9324188232422,212.39263916015625,1.0,179.43972778320312,246.86366271972656,1.0,156.88540649414062,230.05824279785156,1.0,141.03749084472656,229.9947509765625,1.0,207.36460876464844,230.72671508789062,1.0,223.07186889648438,230.47630310058594,1.0,178.65464782714844,268.18988037109375,1.0,150.0399627685547,278.203125,1.0,210.1420440673828,279.1423645019531,1.0
71,182.27354431152344,212.29576110839844,1.0,179.9074249267578,246.74737548828125,1.0,156.39768981933594,229.1682891845703,1.0,141.66287231445312,229.7864532470703,1.0,207.51283264160156,230.6748809814453,1.0,223.1270751953125,230.41539001464844,1.0,178.9149169921875,268.1871337890625,1.0,149.97476196289062,278.20458984375,1.0,210.3219757080078,279.1934509277344,1.0
72,182.43617248535156,212.26119995117188,1.0,179.791748046875,247.68911743164062,1.0,156.5904083251953,229.1326446533203,1.0,141.28883361816406,229.84036254882812,1.0,207.9221649169922,231.00900268554688,1.0,223.31964111328125,230.67752075195312,1.0,179.50360107421875,268.12725830078125,1.0,150.28578186035156,278.1591796875,1.0,210.9466552734375,278.9336242675781,1.0
73,182.53717041015625,212.2452392578125,1.0,179.8777313232422,247.7349853515625,1.0,156.63189697265625,229.0579833984375,1.0,141.18557739257812,229.91795349121094,1.0,207.80010986328125,231.11917114257812,1.0,223.38958740234375,230.72264099121094,1.0,179.9354705810547,268.6103515625,1.0,150.41502380371094,278.20672607421875,1.0,210.84288024902344,278.9781188964844,1.0
74,182.9875946044922,212.21595764160156,1.0,180.2694549560547,247.8919219970703,1.0,156.66627502441406,229.0038299560547,1.0,141.28895568847656,229.8885498046875,1.0,207.9430389404297,231.05320739746094,1.0,223.54718017578125,230.81948852539062,1.0,179.68411254882812,268.2025146484375,1.0,150.5109405517578,278.26593017578125,1.0,210.9159393310547,279.1688232421875,1.0
75,183.25588989257812,212.2666473388672,1.0,180.79771423339844,247.66531372070312,1.0,156.76316833496094,228.99595642089844,1.0,141.23812866210938,229.92697143554688,1.0,208.35968017578125,231.3478240966797,1.0,224.19873046875,231.1000518798828,1.0,180.25352478027344,268.1166687011719,1.0,150.44956970214844,278.23211669921875,1.0,211.1338348388672,279.44488525390625,1.0
76,183.68304443359375,212.30441284179688,1.0,181.1549530029297,247.2603759765625,1.0,157.673828125,229.5107879638672,1.0,141.62803649902344,229.6636199951172,1.0,208.5004119873047,231.19473266601562,1.0,224.6786346435547,231.2228240966797,1.0,180.6431884765625,268.0679626464844,1.0,150.2933349609375,278.0121154785156,1.0,211.22117614746094,279.6106262207031,1.0
77,184.04576110839844,211.7497100830078,1.0,181.2721710205078,246.8708953857422,1.0,157.82113647460938,228.0424041748047,1.0,141.9347686767578,229.2937774658203,1.0,208.871826171875,231.0034637451172,1.0,225.1429443359375,231.388671875,1.0,180.3976287841797,268.1936340332031,1.0,150.2140350341797,277.57196044921875,1.0,211.40045166015625,279.399169921875,1.0
78,184.32269287109375,211.63812255859375,1.0,181.38568115234375,246.82965087890625,1.0,157.97793579101562,227.7059783935547,1.0,142.03623962402344,228.66615295410156,1.0,208.936279296875,230.97630310058594,1.0,225.1432342529297,231.47061157226562,1.0,180.3863067626953,268.3236083984375,1.0,149.98184204101562,277.3956298828125,1.0,211.57107543945312,279.5054626464844,1.0
79,184.4232177734375,211.35304260253906,1.0,181.50213623046875,246.46737670898438,1.0,158.1898651123047,227.86526489257812,1.0,141.91787719726562,228.31427001953125,1.0,209.0935516357422,230.9787139892578,1.0,225.23374938964844,231.4263153076172,1.0,180.909912109375,268.4724426269531,1.0,150.32705688476562,277.41253662109375,1.0,211.5087127685547,279.17083740234375,1.0
80,184.9016876220703,211.02764892578125,1.0,182.143310546875,246.1608123779297,1.0,158.9607696533203,227.98629760742188,1.0,142.47325134277344,227.4304962158203,1.0,209.3668975830078,231.16993713378906,1.0,225.414306640625,231.0601043701172,1.0,181.2179412841797,268.1754455566406,1.0,150.92881774902344,277.35028076171875,1.0,211.53363037109375,279.3154602050781,1.0
81,185.66429138183594,209.99192810058594,1.0,182.5757598876953,245.39053344726562,1.0,159.57241821289062,227.1161346435547,1.0,143.40768432617188,226.88604736328125,1.0,209.84219360351562,230.67262268066406,1.0,225.39247131347656,230.9639434814453,1.0,181.35247802734375,267.3778381347656,1.0,150.972900390625,276.0784606933594,1.0,211.33566284179688,279.1560363769531,1.0
82,185.9716033935547,209.8259735107422,1.0,182.677734375,244.80184936523438,1.0,160.00775146484375,226.30850219726562,1.0,144.4160919189453,225.4831085205078,1.0,210.17520141601562,230.69390869140625,1.0,225.8939208984375,230.44786071777344,1.0,181.36599731445312,267.0606689453125,1.0,151.43301391601562,275.2880554199219,1.0,211.37232971191406,279.0227966308594,1.0
83,186.2456512451172,209.5998077392578,1.0,183.10951232910156,244.70028686523438,1.0,160.21893310546875,225.949462890625,1.0,144.74154663085938,225.40921020507812,1.0,210.5181427001953,230.51942443847656,1.0,226.27322387695312,230.62303161621094,1.0,181.5825653076172,267.2109680175781,1.0,151.481201171875,275.2139892578125,1.0,211.44876098632812,278.9708557128906,1.0
84,186.18057250976562,209.64979553222656,1.0,183.33050537109375,244.699462890625,1.0,159.87330627441406,225.99838256835938,1.0,144.75491333007812,224.96942138671875,1.0,210.17095947265625,230.6504669189453,1.0,226.07603454589844,230.63563537597656,1.0,181.6433563232422,267.4578552246094,1.0,151.3080596923828,275.04547119140625,1.0,211.26507568359375,279.21258544921875,1.0
85,179.3738555908203,209.74105834960938,1.0,174.77024841308594,244.6195831298828,1.0,153.51539611816406,226.73037719726562,1.0,140.38450622558594,225.75836181640625,1.0,203.29673767089844,229.77618408203125,1.0,220.7883758544922,229.02894592285156,1.0,172.34017944335938,266.9981689453125,1.0,143.83676147460938,274.824951171875,1.0,205.80104064941406,276.4595031738281,1.0
86,174.7410430908203,209.19371032714844,1.0,168.9180450439453,244.1812744140625,1.0,149.60012817382812,226.98193359375,1.0,136.10482788085938,225.82044982910156,1.0,199.78782653808594,228.43324279785156,1.0,216.70318603515625,228.2430419921875,1.0,167.22607421875,266.2215881347656,1.0,140.5472869873047,274.96734619140625,1.0,201.5666961669922,276.6771545410156,1.0
87,172.9615020751953,209.18167114257812,1.0,166.2122344970703,245.14381408691406,1.0,148.92652893066406,227.03402709960938,1.0,135.3802490234375,225.77667236328125,1.0,197.97418212890625,228.4136505126953,1.0,215.556884765625,228.1237030029297,1.0,164.82899475097656,266.4114074707031,1.0,138.7747802734375,274.847900390625,1.0,199.4795379638672,276.81524658203125,1.0
88,171.36444091796875,209.75482177734375,1.0,164.673095703125,245.419189453125,1.0,147.7966766357422,227.5636444091797,1.0,134.6126251220703,225.40765380859375,1.0,196.6273956298828,228.43492126464844,1.0,214.19749450683594,227.8558807373047,1.0,163.07545471191406,266.42132568359375,1.0,137.3362274169922,274.5368347167969,1.0,198.57028198242188,276.4138488769531,1.0
89,168.0026397705078,209.99826049804688,1.0,161.87940979003906,244.9729461669922,1.0,145.4893035888672,228.38156127929688,1.0,132.78591918945312,225.28318786621094,1.0,194.3017578125,228.03916931152344,1.0,211.443603515625,227.52178955078125,1.0,160.46435546875,266.5103759765625,1.0,135.96127319335938,275.1485290527344,1.0,196.42701721191406,275.5702209472656,1.0
90,164.5405731201172,209.4403076171875,1.0,158.4944305419922,244.31820678710938,1.0,142.88037109375,227.7496795654297,1.0,129.6339874267578,226.832275390625,1.0,191.12294006347656,227.63418579101562,1.0,209.10768127441406,227.27642822265625,1.0,157.34716796875,265.97076416015625,1.0,133.8629608154297,275.4048156738281,1.0,194.02142333984375,275.1072692871094,1.0
91,160.28421020507812,209.9385528564453,1.0,154.03897094726562,245.87930297851562,1.0,138.7747344970703,229.047119140625,1.0,126.33255767822266,228.05865478515625,1.0,187.4035186767578,228.18624877929688,1.0,204.0063934326172,226.90057373046875,1.0,153.12416076660156,266.8722839355469,1.0,129.9388885498047,276.8233642578125,1.0,190.73324584960938,275.4175109863281,1.0
92,156.06248474121094,211.45724487304688,1.0,149.2544708251953,247.06497192382812,1.0,135.24374389648438,229.9515838623047,1.0,123.42557525634766,229.909912109375,1.0,183.506591796875,227.44683837890625,1.0,201.40960693359375,226.14559936523438,1.0,148.77328491210938,267.8758544921875,1.0,125.96975708007812,277.0762634277344,1.0,187.7665557861328,275.58050537109375,1.0
93,152.9362335205078,211.36814880371094,1.0,147.27719116210938,247.14585876464844,1.0,133.2865447998047,230.5065460205078,1.0,120.74429321289062,230.4132843017578,1.0,181.0114288330078,227.7120819091797,1.0,199.2982177734375,225.97006225585938,1.0,146.1941375732422,268.0852355957031,1.0,123.93675231933594,277.80352783203125,1.0,185.2925262451172,276.0386962890625,1.0
94,151.0647735595703,211.52621459960938,1.0,144.6448974609375,246.71160888671875,1.0,131.51837158203125,231.2675018310547,1.0,118.84270477294922,230.87716674804688,1.0,179.6065216064453,227.75759887695312,1.0,197.42713928222656,225.22222900390625,1.0,144.3413848876953,267.8077697753906,1.0,123.25078582763672,278.3810119628906,1.0,183.5365753173828,276.1927490234375,1.0
95,147.9576873779297,211.7180633544922,1.0,142.4181365966797,246.1790771484375,1.0,129.1797637939453,231.46026611328125,1.0,117.40924835205078,231.82290649414062,1.0,176.92970275878906,227.53973388671875,1.0,194.97372436523438,225.1106414794922,1.0,141.76853942871094,267.98992919921875,1.0,121.46257019042969,278.5035400390625,1.0,181.92779541015625,275.69268798828125,1.0
96,145.53854370117188,211.81947326660156,1.0,140.34097290039062,246.91378784179688,1.0,127.11727905273438,231.59007263183594,1.0,116.0816421508789,233.30270385742188,1.0,175.03018188476562,226.70071411132812,1.0,192.38829040527344,225.18565368652344,1.0,139.9590606689453,268.3052978515625,1.0,119.0788803100586,278.57763671875,1.0,180.9146728515625,274.8640441894531,1.0
97,143.15057373046875,211.510498046875,1.0,138.7344512939453,246.44947814941406,1.0,125.47560119628906,231.599609375,1.0,114.76814270019531,233.86349487304688,1.0,173.6649932861328,226.34027099609375,1.0,191.1728973388672,224.6489715576172,1.0,138.49612426757812,268.1826171875,1.0,118.49656677246094,279.2668762207031,1.0,179.0612335205078,274.3992614746094,1.0
98,142.010498046875,211.61593627929688,1.0,137.62167358398438,246.41871643066406,1.0,124.46080017089844,231.53692626953125,1.0,113.22119903564453,233.76467895507812,1.0,172.4287109375,226.24813842773438,1.0,189.4147491455078,224.228759765625,1.0,137.23333740234375,267.76007080078125,1.0,116.94003295898438,279.18914794921875,1.0,177.63719177246094,274.0224914550781,1.0
99,138.57679748535156,211.28709411621094,1.0,136.08880615234375,245.99842834472656,1.0,123.4764404296875,232.82296752929688,1.0,111.92289733886719,234.2805633544922,1.0,169.9852752685547,224.7457733154297,1.0,186.91671752929688,222.7780303955078,1.0,136.69972229003906,267.4635314941406,1.0,117.12471008300781,279.9114074707031,1.0,177.30140686035156,273.0740966796875,1.0
100,133.82110595703125,210.98414611816406,1.0,134.07839965820312,244.9589080810547,1.0,120.0802001953125,234.11166381835938,1.0,109.10818481445312,238.30218505859375,1.0,167.18890380859375,223.406982421875,1.0,183.3396759033203,219.91871643066406,1.0,136.402587890625,266.6500244140625,1.0,117.38030242919922,280.3345947265625,1.0,177.35801696777344,271.4778137207031,1.0
101,131.5057373046875,211.24664306640625,1.0,133.1319122314453,244.70660400390625,1.0,118.60633850097656,234.943359375,1.0,108.19922637939453,240.26995849609375,1.0,165.5189208984375,222.68919372558594,1.0,181.8636016845703,218.58824157714844,1.0,136.29537963867188,266.2265319824219,1.0,117.53539276123047,280.45440673828125,1.0,176.6603546142578,270.0824279785156,1.0
102,130.37496948242188,211.5609130859375,1.0,132.62648010253906,244.35597229003906,1.0,117.88726043701172,235.3754425048828,1.0,107.43988800048828,241.5620574951172,1.0,164.505615234375,221.91842651367188,1.0,180.89614868164062,218.28993225097656,1.0,135.904296875,266.09478759765625,1.0,117.28726196289062,280.681884765625,1.0,176.2647247314453,269.86163330078125,1.0
103,129.09503173828125,211.99569702148438,1.0,132.39328002929688,244.6957550048828,1.0,116.91544342041016,236.71974182128906,1.0,107.04764556884766,242.91201782226562,1.0,163.401123046875,221.4583282470703,1.0,179.76263427734375,217.34408569335938,1.0,136.30374145507812,266.33624267578125,1.0,118.49755859375,281.2335205078125,1.0,177.29055786132812,269.0917053222656,1.0
104,127.55575561523438,212.6306915283203,1.0,132.94921875,244.71664428710938,1.0,116.39714813232422,237.9287567138672,1.0,106.26161193847656,244.04876708984375,1.0,162.599853515625,220.4473419189453,1.0,179.0300750732422,216.20516967773438,1.0,137.9010467529297,265.7734069824219,1.0,119.68394470214844,281.78118896484375,1.0,177.8685302734375,268.29638671875,1.0
105,126.90685272216797,213.48838806152344,1.0,134.4619140625,244.56932067871094,1.0,116.19071197509766,238.6539306640625,1.0,105.76531982421875,245.3466339111328,1.0,163.07508850097656,220.89627075195312,1.0,179.4862823486328,215.28802490234375,1.0,140.26026916503906,265.31756591796875,1.0,122.27967071533203,281.81744384765625,0.9999998807907104,180.30763244628906,265.8115234375,1.0
106,127.96818542480469,213.248046875,1.0,136.03358459472656,243.74586486816406,1.0,116.59517669677734,238.7919464111328,1.0,105.9308090209961,245.16482543945312,1.0,163.3563232421875,220.75714111328125,1.0,179.64413452148438,215.05038452148438,1.0,142.8629608154297,264.02532958984375,1.0,124.08124542236328,281.5650329589844,0.9999998807907104,182.2573699951172,264.7997131347656,1.0
107,129.20010375976562,213.035888671875,1.0,137.3157958984375,243.0189666748047,1.0,117.28425598144531,238.61325073242188,1.0,106.20155334472656,245.0300750732422,1.0,163.41384887695312,220.3751983642578,1.0,179.54830932617188,214.5128173828125,1.0,144.09080505371094,263.2234802246094,1.0,124.92918395996094,281.5073547363281,0.9999998807907104,183.1697235107422,263.9974365234375,1.0
108,128.85366821289062,213.43246459960938,1.0,138.47314453125,243.37222290039062,1.0,117.64972686767578,238.7499542236328,1.0,106.32647705078125,245.49806213378906,1.0,164.2625274658203,220.49476623535156,1.0,179.97897338867188,214.5347442626953,1.0,145.2030792236328,263.5067138671875,1.0,125.27059173583984,281.17242431640625,1.0,183.5457305908203,264.55499267578125,1.0
109,129.00936889648438,213.69503784179688,1.0,139.2845001220703,243.1411895751953,1.0,117.77770233154297,238.90945434570312,1.0,106.37748718261719,245.57423400878906,1.0,164.46542358398438,220.23062133789062,1.0,180.45083618164062,214.4246826171875,1.0,145.86541748046875,263.9503173828125,1.0,126.17483520507812,281.60552978515625,0.9999998807907104,184.7194061279297,264.2297058105469,0.9999998807907104
110,129.3265380859375,213.57308959960938,1.0,139.12860107421875,243.7867431640625,1.0,118.4382095336914,238.90261840820312,1.0,106.60409545898438,245.75747680664062,1.0,164.93824768066406,220.20498657226562,1.0,180.8104705810547,214.21701049804688,1.0,147.40371704101562,263.9541320800781,1.0,127.0963363647461,281.50848388671875,0.9999995231628418,185.82144165039062,264.5240478515625,0.9999998807907104
111,129.54922485351562,213.5288543701172,1.0,139.4431610107422,244.10560607910156,1.0,118.7676773071289,238.76937866210938,1.0,106.95059967041016,245.8504180908203,1.0,164.97215270996094,220.03759765625,1.0,180.74644470214844,213.93836975097656,1.0,148.18482971191406,263.8951110839844,1.0,128.14247131347656,281.2716979980469,0.9999998807907104,186.35353088378906,263.9049072265625,1.0
112,129.7572021484375,213.7696075439453,1.0,139.770751953125,244.16062927246094,1.0,118.96134948730469,238.92367553710938,1.0,106.96330261230469,245.75448608398438,1.0,165.2808380126953,219.96304321289062,1.0,180.939697265625,213.7910919189453,1.0,148.46351623535156,263.8644714355469,1.0,128.6737518310547,281.3511962890625,0.9999998807907104,186.41342163085938,263.56695556640625,1.0
113,129.84571838378906,213.67367553710938,1.0,139.93453979492188,244.25967407226562,1.0,119.18745422363281,238.9574737548828,1.0,107.11199188232422,245.6743927001953,1.0,165.48822021484375,219.91563415527344,1.0,181.15550231933594,213.81483459472656,1.0,148.67581176757812,263.9046936035156,1.0,129.02828979492188,281.3974914550781,0.9999998807907104,186.46762084960938,263.7501525878906,1.0
114,130.40219116210938,213.50857543945312,1.0,140.5028839111328,244.68289184570312,1.0,119.75422668457031,239.3027801513672,1.0,107.8001708984375,245.24050903320312,1.0,165.74632263183594,219.9689483642578,1.0,181.1579132080078,213.9082489013672,1.0,149.10862731933594,263.9975280761719,1.0,129.55947875976562,281.5442810058594,0.9999998807907104,187.0210418701172,263.8221435546875,1.0
115,131.44439697265625,213.26316833496094,1.0,141.23443603515625,243.74093627929688,1.0,119.86274719238281,239.45272827148438,1.0,108.00633239746094,245.1781463623047,1.0,165.771728515625,219.94979858398438,1.0,181.2134552001953,213.95115661621094,1.0,149.60560607910156,263.93975830078125,1.0,129.46401977539062,281.7219543457031,0.9999998807907104,187.41055297851562,263.988037109375,1.0
116,131.91925048828125,213.85931396484375,1.0,141.63670349121094,244.01220703125,1.0,120.08094024658203,239.4681854248047,1.0,108.16910552978516,245.10523986816406,1.0,165.85792541503906,220.09661865234375,1.0,181.30032348632812,214.06277465820312,1.0,150.1331787109375,264.7607116699219,1.0,129.53060913085938,282.1140441894531,0.9999996423721313,187.77682495117188,264.25250244140625,1.0
117,131.81649780273438,214.14039611816406,1.0,141.92478942871094,244.07720947265625,1.0,120.01705932617188,239.56045532226562,1.0,108.20282745361328,245.1737060546875,1.0,165.94073486328125,220.26409912109375,1.0,181.41629028320312,213.9967803955078,1.0,150.395751953125,264.4958190917969,1.0,130.07557678222656,282.0204772949219,0.9999996423721313,187.93191528320312,264.2972106933594,1.0
118,131.72715759277344,214.42465209960938,1.0,141.7850799560547,244.296142578125,1.0,119.92705535888672,239.7074737548828,1.0,108.08445739746094,245.2257843017578,1.0,165.90460205078125,220.5828857421875,1.0,181.67031860351562,213.9986572265625,1.0,150.1442413330078,264.7384033203125,1.0,130.0130157470703,282.0912170410156,0.9999996423721313,187.83193969726562,264.60711669921875,1.0
119,130.62217712402344,215.00865173339844,1.0,139.8792724609375,245.6603240966797,1.0,119.3858871459961,240.04769897460938,1.0,107.709716796875,245.66543579101562,1.0,165.15011596679688,220.85841369628906,1.0,181.0389862060547,215.37074279785156,1.0,148.06163024902344,265.9891357421875,1.0,125.95384216308594,282.37713623046875,0.999998927116394,185.45895385742188,265.6327819824219,0.9999998807907104
120,129.68081665039062,215.4357147216797,1.0,138.89486694335938,245.8222198486328,1.0,118.7712173461914,239.78060913085938,1.0,106.90199279785156,245.9126434326172,1.0,164.25584411621094,220.15576171875,1.0,180.10003662109375,216.31700134277344,1.0,145.0531463623047,267.06756591796875,1.0,125.08851623535156,282.5128173828125,0.9999998807907104,183.4495391845703,266.9563293457031,1.0
121,129.09396362304688,215.70541381835938,1.0,137.799560546875,245.96505737304688,1.0,118.25822448730469,239.73458862304688,1.0,106.89834594726562,246.08399963378906,1.0,163.99771118164062,220.6830596923828,1.0,180.31222534179688,216.42880249023438,1.0,144.03128051757812,266.7374572753906,1.0,123.89130401611328,282.47784423828125,0.9999997615814209,182.47036743164062,268.0317077636719,1.0
122,128.5411376953125,216.3241729736328,1.0,136.9090118408203,246.53189086914062,1.0,117.99573516845703,239.7305450439453,1.0,106.77395629882812,246.15383911132812,1.0,163.24542236328125,221.02467346191406,1.0,180.07347106933594,216.71018981933594,1.0,142.9046630859375,266.9348449707031,1.0,123.21745300292969,282.9164123535156,0.9999994039535522,181.57330322265625,268.0921936035156,1.0
123,126.073486328125,215.23797607421875,1.0,132.13612365722656,248.08335876464844,1.0,116.05718994140625,238.9026641845703,1.0,105.42145538330078,244.83929443359375,1.0,161.5614013671875,222.04507446289062,1.0,177.7521209716797,217.2431640625,1.0,136.01925659179688,266.9372253417969,1.0,120.4700927734375,282.4314880371094,0.9999998807907104,178.07839965820312,269.2388916015625,1.0
124,122.7323226928711,213.08285522460938,1.0,123.99307250976562,245.62095642089844,1.0,113.43576049804688,237.06581115722656,1.0,104.24665069580078,242.3903045654297,1.0,158.8251953125,223.5692901611328,1.0,175.16476440429688,219.62677001953125,1.0,125.5854263305664,267.4518127441406,1.0,112.43223571777344,281.0681457519531,1.0,168.5703887939453,270.987060546875,1.0
125,122.06640625,212.05055236816406,1.0,122.24481964111328,245.0274200439453,1.0,112.69276428222656,236.58966064453125,1.0,104.10673522949219,241.71571350097656,1.0,157.06907653808594,222.9953155517578,1.0,173.49098205566406,219.9462127685547,1.0,122.93136596679688,266.8231506347656,1.0,109.7244873046875,281.3434143066406,1.0,166.472900390625,271.7780456542969,1.0
126,122.46815490722656,211.9635009765625,1.0,121.43782806396484,244.85679626464844,1.0,112.2223892211914,235.9838104248047,1.0,103.9906997680664,241.7647705078125,1.0,156.98548889160156,223.29087829589844,1.0,173.2001495361328,220.61602783203125,1.0,121.9695816040039,266.2830505371094,1.0,108.48933410644531,281.1577453613281,1.0,165.2273712158203,271.8226623535156,1.0
127,123.17172241210938,211.75096130371094,1.0,122.12490844726562,244.61181640625,1.0,112.56519317626953,235.14669799804688,1.0,103.74226379394531,241.7894744873047,1.0,157.67286682128906,223.41302490234375,1.0,174.41134643554688,220.65835571289062,1.0,122.0877456665039,266.22845458984375,1.0,108.6244125366211,280.8518371582031,1.0,164.79405212402344,272.1081237792969,1.0
128,125.52397918701172,211.55494689941406,1.0,123.56758880615234,244.60438537597656,1.0,113.3109130859375,234.49998474121094,1.0,103.680908203125,240.6217803955078,1.0,160.37384033203125,224.27481079101562,1.0,177.21072387695312,221.5095672607422,1.0,123.54942321777344,266.3188171386719,1.0,109.16097259521484,280.2234191894531,1.0,166.3583526611328,272.51739501953125,1.0
129,127.15901947021484,211.20831298828125,1.0,124.93448638916016,244.6490478515625,1.0,114.37371063232422,233.89585876464844,1.0,104.49320983886719,239.53733825683594,1.0,161.26873779296875,224.51861572265625,1.0,178.73146057128906,222.38455200195312,1.0,124.95301818847656,266.2470703125,1.0,110.2908706665039,279.6842346191406,1.0,167.48143005371094,272.7299499511719,1.0
130,127.61444854736328,211.05128479003906,1.0,125.84840393066406,244.13427734375,1.0,114.86526489257812,233.8352508544922,1.0,104.86689758300781,239.41758728027344,1.0,161.4876251220703,224.1310272216797,1.0,179.07615661621094,221.5957794189453,1.0,126.10182189941406,265.6309509277344,1.0,111.3660888671875,279.5018310546875,1.0,168.73333740234375,272.01751708984375,1.0
131,128.5941925048828,208.820068359375,1.0,126.89137268066406,241.90228271484375,1.0,116.26525115966797,232.6121063232422,1.0,105.76970672607422,238.2319793701172,1.0,161.77459716796875,222.4719696044922,1.0,178.9635772705078,220.0975799560547,1.0,127.11736297607422,263.6948547363281,1.0,112.5121841430664,278.24908447265625,1.0,168.36924743652344,271.7931823730469,1.0
132,129.0958709716797,199.20492553710938,1.0,126.08804321289062,231.1605987548828,1.0,115.4874038696289,225.43753051757812,1.0,106.5621109008789,231.0681915283203,1.0,161.66970825195312,214.35728454589844,1.0,178.1942138671875,212.9536895751953,1.0,127.02836608886719,251.80914306640625,1.0,111.39855194091797,271.2616882324219,1.0,166.3668975830078,263.2944641113281,1.0
133,127.35231018066406,195.98980712890625,1.0,126.0457992553711,225.8372344970703,1.0,115.51683807373047,222.55055236816406,1.0,106.48573303222656,228.54464721679688,1.0,162.0870361328125,210.73577880859375,1.0,178.11781311035156,209.70700073242188,1.0,125.53341674804688,245.34751892089844,1.0,110.3473129272461,265.26141357421875,1.0,165.09390258789062,257.0513610839844,1.0
134,127.65355682373047,194.30987548828125,1.0,125.78160858154297,223.9666290283203,1.0,115.34341430664062,221.15774536132812,1.0,106.14952087402344,227.46153259277344,1.0,162.46023559570312,208.9781036376953,1.0,178.74508666992188,208.29171752929688,1.0,125.36934661865234,242.92218017578125,1.0,109.88314056396484,263.0062561035156,1.0,165.13134765625,255.29324340820312,1.0
135,127.65630340576172,194.21498107910156,1.0,125.60538482666016,223.0417022705078,1.0,115.39359283447266,220.3863983154297,1.0,106.45050048828125,227.31451416015625,1.0,162.18052673339844,208.44207763671875,1.0,179.09906005859375,207.6736602783203,1.0,124.96464538574219,241.68287658691406,1.0,110.17009735107422,261.6301574707031,1.0,164.8436279296875,254.1896514892578,1.0
136,128.9981231689453,192.8998565673828,1.0,128.1689910888672,220.38558959960938,1.0,116.64585876464844,219.55113220214844,1.0,106.6774673461914,227.23638916015625,1.0,165.4759063720703,207.6634521484375,1.0,181.9651336669922,206.4686279296875,1.0,127.55167388916016,238.52890014648438,1.0,111.53608703613281,259.0097961425781,1.0,166.0553741455078,252.3856658935547,1.0
137,133.6074676513672,190.86985778808594,1.0,131.47015380859375,216.54571533203125,1.0,119.2978286743164,216.7729949951172,1.0,108.59889221191406,223.01144409179688,1.0,167.59786987304688,206.7424774169922,1.0,184.39183044433594,206.0648193359375,1.0,130.91835021972656,236.283447265625,1.0,113.13347625732422,255.37179565429688,1.0,168.16696166992188,250.83680725097656,1.0
138,135.55398559570312,189.6902313232422,1.0,132.9127197265625,214.86599731445312,1.0,120.73517608642578,215.58297729492188,1.0,109.29885864257812,221.3858184814453,1.0,169.13650512695312,206.84832763671875,1.0,185.98414611816406,206.03089904785156,1.0,132.4441680908203,235.2102813720703,1.0,114.76130676269531,253.75289916992188,1.0,169.54396057128906,249.47900390625,1.0
139,136.47764587402344,189.3761749267578,1.0,134.40216064453125,214.5343017578125,1.0,121.58655548095703,215.30706787109375,1.0,110.17210388183594,220.41293334960938,1.0,169.97369384765625,206.52821350097656,1.0,187.19802856445312,206.11378479003906,1.0,133.7850341796875,234.4733428955078,1.0,115.71533966064453,254.45567321777344,1.0,170.47854614257812,249.48928833007812,1.0
140,136.64439392089844,189.88442993164062,1.0,134.65350341796875,215.62513732910156,1.0,122.17098999023438,215.861572265625,1.0,110.47684478759766,221.01942443847656,1.0,170.49813842773438,207.5510711669922,1.0,187.34532165527344,207.25955200195312,1.0,134.46783447265625,236.4477996826172,1.0,115.58694458007812,255.21588134765625,1.0,171.1013641357422,250.5897674560547,1.0
141,136.42303466796875,194.0830078125,1.0,132.10984802246094,224.53541564941406,1.0,121.45954895019531,219.3061981201172,1.0,110.24342346191406,221.94619750976562,1.0,170.1594696044922,213.21206665039062,1.0,186.46420288085938,212.4739227294922,1.0,132.16799926757812,245.0502166748047,1.0,114.36583709716797,261.98028564453125,1.0,169.91744995117188,260.31976318359375,1.0
142,136.3717041015625,199.05641174316406,1.0,131.99368286132812,231.1754150390625,1.0,120.41200256347656,223.0507049560547,1.0,109.6005630493164,227.86172485351562,1.0,169.7358856201172,217.21011352539062,1.0,186.619384765625,215.41049194335938,1.0,132.75341796875,252.03305053710938,1.0,114.02359008789062,267.96917724609375,1.0,172.04562377929688,264.25732421875,1.0
143,137.04884338378906,200.8034210205078,1.0,133.00283813476562,233.43101501464844,1.0,120.4443130493164,224.28265380859375,1.0,109.66412353515625,228.09481811523438,1.0,168.92735290527344,218.44935607910156,1.0,186.9430694580078,216.6774139404297,1.0,133.42770385742188,253.23492431640625,1.0,114.9805908203125,269.6566162109375,1.0,172.81666564941406,265.82275390625,1.0
144,136.4877471923828,202.8322296142578,1.0,133.42019653320312,235.84652709960938,1.0,121.28239440917969,226.29734802246094,1.0,110.49461364746094,230.0374755859375,1.0,169.76211547851562,220.49871826171875,1.0,186.7468719482422,217.78225708007812,1.0,133.94400024414062,256.0337219238281,1.0,115.71984100341797,271.5894470214844,1.0,174.03378295898438,267.2268981933594,1.0
145,139.6049041748047,203.85464477539062,1.0,136.5581817626953,237.6294403076172,1.0,122.97705078125,226.6695098876953,1.0,111.62739562988281,229.60107421875,1.0,171.7012176513672,221.0435791015625,1.0,188.86416625976562,219.9674530029297,1.0,137.2428436279297,258.5393981933594,1.0,117.3709945678711,272.8204650878906,1.0,175.6293182373047,269.1300048828125,1.0
146,141.2725372314453,204.9607391357422,1.0,138.16342163085938,238.85140991210938,1.0,123.64368438720703,227.10057067871094,1.0,112.0714340209961,229.57664489746094,1.0,172.52633666992188,222.08168029785156,1.0,189.5802459716797,220.6455841064453,1.0,138.74740600585938,259.6494140625,1.0,118.44329071044922,273.4638366699219,1.0,176.53781127929688,270.24127197265625,1.0
147,141.35382080078125,205.59774780273438,1.0,138.62696838378906,239.20452880859375,1.0,123.86846160888672,227.755859375,1.0,112.1494369506836,230.1724090576172,1.0,173.299072265625,222.61383056640625,1.0,190.146484375,220.93862915039062,1.0,138.9309539794922,260.20880126953125,1.0,118.71099853515625,274.0807189941406,1.0,177.57374572753906,271.50323486328125,1.0
148,140.9111785888672,206.26947021484375,1.0,138.67222595214844,239.7203369140625,1.0,124.00365447998047,228.3228759765625,1.0,112.33133697509766,230.57748413085938,1.0,173.8266143798828,223.03883361816406,1.0,190.28834533691406,221.25143432617188,1.0,139.26454162597656,260.8810729980469,1.0,119.0528564453125,274.6241760253906,1.0,177.6625518798828,272.1766052246094,1.0
149,146.2074432373047,208.09176635742188,1.0,141.5887908935547,241.44992065429688,1.0,127.69995880126953,229.8258056640625,1.0,115.30083465576172,229.3673095703125,1.0,178.54518127441406,224.0747528076172,1.0,194.7162322998047,222.0074462890625,1.0,143.4313201904297,262.7930603027344,1.0,121.7218017578125,275.9853820800781,1.0,181.06924438476562,272.8260498046875,1.0
150,175.78646850585938,212.15394592285156,1.0,178.20111083984375,243.9015655517578,0.9999986886978149,151.3732452392578,230.115478515625,1.0,138.55332946777344,226.19691467285156,1.0,199.7086639404297,229.71151733398438,0.9999998807907104,214.91558837890625,225.4390411376953,1.0,174.046630859375,265.1411437988281,0.9999728202819824,138.3033905029297,275.6551513671875,0.9999983310699463,200.87046813964844,276.7171936035156,0.9999970197677612
151,192.84725952148438,210.9855499267578,1.0,195.1079559326172,244.08840942382812,1.0,164.0659637451172,229.3013916015625,1.0,148.92593383789062,226.09194946289062,1.0,215.3021240234375,230.43577575683594,1.0,228.5835723876953,230.25616455078125,1.0,193.94073486328125,266.33837890625,1.0,158.4027862548828,275.62127685546875,1.0,217.62167358398438,277.6277770996094,1.0
152,198.8571319580078,210.82199096679688,1.0,201.3806610107422,244.59332275390625,1.0,169.34841918945312,228.4950714111328,1.0,152.637451171875,227.1266326904297,1.0,220.57899475097656,231.18260192871094,1.0,232.9476318359375,232.88766479492188,1.0,200.232421875,267.193603515625,1.0,164.4529571533203,275.2474060058594,1.0,223.14529418945312,278.5600280761719,1.0
153,200.1637725830078,211.20933532714844,1.0,204.38861083984375,245.6391143798828,1.0,170.5406951904297,228.77447509765625,1.0,153.6246337890625,227.55369567871094,1.0,221.25474548339844,232.09039306640625,1.0,234.13754272460938,234.1857147216797,1.0,202.82676696777344,267.69970703125,1.0,166.45103454589844,276.0715637207031,1.0,225.5226287841797,279.4864807128906,1.0
154,201.93519592285156,211.69024658203125,1.0,205.8669891357422,245.6398162841797,1.0,172.87489318847656,229.3098602294922,1.0,155.3948516845703,228.1846160888672,1.0,222.63656616210938,233.34637451171875,1.0,235.1244354248047,235.06521606445312,1.0,204.5403594970703,268.0646667480469,1.0,168.01239013671875,276.2373046875,1.0,227.57989501953125,279.8931884765625,1.0
155,203.8140869140625,210.91580200195312,1.0,208.56024169921875,246.0891876220703,1.0,173.55633544921875,229.47738647460938,1.0,156.806640625,228.06068420410156,1.0,223.7581787109375,233.40211486816406,1.0,235.84054565429688,235.10873413085938,1.0,206.748046875,267.7543640136719,1.0,170.5526123046875,276.27423095703125,1.0,229.29718017578125,279.6850280761719,1.0
156,204.96763610839844,210.7332305908203,1.0,210.1251678466797,246.1587677001953,1.0,174.49545288085938,229.9961700439453,1.0,157.88827514648438,227.85385131835938,1.0,224.82061767578125,233.5299530029297,1.0,236.23208618164062,235.22622680664062,1.0,209.0699920654297,267.6410217285156,1.0,171.44488525390625,276.57489013671875,1.0,230.91131591796875,279.3802795410156,1.0
157,205.6766357421875,211.01373291015625,1.0,210.71038818359375,246.1298370361328,1.0,175.0063018798828,229.99346923828125,1.0,158.00701904296875,227.76986694335938,1.0,225.74798583984375,233.6729736328125,1.0,237.03273010253906,235.42120361328125,1.0,209.64083862304688,267.8263854980469,1.0,171.9001007080078,275.9925842285156,1.0,231.58021545410156,279.2608337402344,1.0
158,207.40097045898438,211.30274963378906,1.0,212.40097045898438,246.3245849609375,1.0,176.0592041015625,229.8628387451172,1.0,158.83221435546875,227.7503662109375,1.0,227.27183532714844,233.6500244140625,1.0,237.8280029296875,235.20953369140625,1.0,211.82394409179688,268.6969299316406,1.0,172.92544555664062,275.94854736328125,1.0,233.2267303466797,279.3027038574219,1.0
159,209.19259643554688,211.31138610839844,1.0,214.08197021484375,246.55679321289062,1.0,177.50938415527344,230.23463439941406,1.0,161.53170776367188,226.9374237060547,1.0,228.56797790527344,233.5137176513672,1.0,239.14219665527344,234.8093719482422,1.0,213.46742248535156,268.59283447265625,1.0,174.02413940429688,275.95245361328125,1.0,234.55328369140625,278.95556640625,1.0
160,210.69334411621094,211.37734985351562,1.0,214.97921752929688,246.2621307373047,1.0,179.06497192382812,229.1767120361328,1.0,162.59339904785156,226.2165985107422,1.0,229.3823699951172,233.6497039794922,1.0,239.67543029785156,234.77935791015625,1.0,214.1363067626953,268.5928955078125,1.0,174.6459503173828,275.99224853515625,1.0,235.388427734375,278.8374328613281,1.0
161,211.23733520507812,211.30764770507812,1.0,215.79505920410156,246.2060546875,1.0,179.56512451171875,229.20606994628906,1.0,162.99378967285156,226.53143310546875,1.0,230.00949096679688,233.41969299316406,1.0,240.45565795898438,234.8563232421875,1.0,214.9433135986328,268.5636901855469,1.0,175.72999572753906,275.9612121582031,1.0,235.98269653320312,278.662841796875,1.0
162,211.46897888183594,211.22479248046875,1.0,216.2747039794922,246.1378631591797,1.0,179.7110137939453,229.19808959960938,1.0,163.10287475585938,226.54220581054688,1.0,230.51211547851562,233.27894592285156,1.0,240.685546875,234.9027557373047,1.0,215.42308044433594,268.7325744628906,1.0,175.87884521484375,276.20709228515625,1.0,236.37979125976562,278.7167663574219,1.0
163,211.99696350097656,211.27867126464844,1.0,216.76744079589844,245.9456787109375,1.0,179.8992156982422,229.23561096191406,1.0,163.37704467773438,226.80345153808594,1.0,230.83160400390625,233.2419891357422,1.0,240.9017333984375,235.0585479736328,1.0,215.69293212890625,268.7540588378906,1.0,175.95034790039062,276.2221984863281,1.0,236.56155395507812,278.7099914550781,1.0
164,212.28982543945312,211.20140075683594,1.0,217.0484161376953,246.14852905273438,1.0,180.1553497314453,229.33958435058594,1.0,163.47854614257812,226.82334899902344,1.0,230.94569396972656,233.4638671875,1.0,240.87924194335938,235.21038818359375,1.0,216.00279235839844,268.19091796875,1.0,176.08541870117188,276.35113525390625,1.0,236.58428955078125,278.83831787109375,1.0
165,212.42112731933594,211.12832641601562,1.0,217.36721801757812,245.82540893554688,1.0,180.25942993164062,229.42779541015625,1.0,163.72720336914062,226.822509765625,1.0,231.1732940673828,233.25790405273438,1.0,241.1747589111328,235.21551513671875,1.0,216.2544708251953,268.26971435546875,1.0,176.26327514648438,276.5418395996094,1.0,236.76687622070312,278.853759765625,1.0
166,212.7613067626953,210.81082153320312,1.0,217.8586883544922,245.9514617919922,1.0,180.81561279296875,229.47042846679688,1.0,164.1354217529297,226.6402587890625,1.0,231.53147888183594,233.00547790527344,1.0,241.3971710205078,235.36599731445312,1.0,216.49176025390625,268.16668701171875,1.0,176.69390869140625,276.3681640625,1.0,236.8216552734375,278.8887023925781,1.0
167,212.650390625,210.91656494140625,1.0,218.0050048828125,246.05738830566406,1.0,180.601318359375,229.3684844970703,1.0,163.99212646484375,226.49087524414062,1.0,231.60296630859375,233.0089874267578,1.0,241.676025390625,235.1754913330078,1.0,216.6818389892578,268.21295166015625,1.0,176.6473388671875,276.2774353027344,1.0,236.98095703125,278.8493957519531,1.0
168,212.94351196289062,210.49172973632812,1.0,218.1275634765625,246.02061462402344,1.0,180.56077575683594,229.182373046875,1.0,164.24537658691406,225.96725463867188,1.0,231.68746948242188,233.0700225830078,1.0,241.89552307128906,235.26052856445312,1.0,216.78469848632812,268.33538818359375,1.0,176.37716674804688,276.1471252441406,1.0,237.73464965820312,278.7239074707031,1.0
169,212.719970703125,210.54132080078125,1.0,218.43812561035156,245.80072021484375,1.0,180.93885803222656,229.56741333007812,1.0,164.1578826904297,226.00247192382812,1.0,231.77365112304688,232.98828125,1.0,241.97132873535156,235.26693725585938,1.0,217.1602783203125,268.3692932128906,1.0,176.8778076171875,276.30267333984375,1.0,237.85455322265625,278.973388671875,1.0
170,212.85409545898438,210.6072540283203,1.0,218.67599487304688,245.9349365234375,1.0,181.1150665283203,229.35238647460938,1.0,164.26052856445312,226.4833984375,1.0,231.87355041503906,233.00506591796875,1.0,241.85687255859375,234.91685485839844,1.0,217.34002685546875,268.51300048828125,1.0,177.19210815429688,276.3505554199219,1.0,238.07826232910156,279.3304443359375,1.0
171,213.05807495117188,210.39736938476562,1.0,218.70187377929688,245.99249267578125,1.0,181.16607666015625,229.46188354492188,1.0,164.32461547851562,226.54603576660156,1.0,231.9654083251953,232.9579315185547,1.0,242.04444885253906,234.85821533203125,1.0,217.40711975097656,268.4521179199219,1.0,177.03439331054688,276.26715087890625,1.0,237.94802856445312,279.26043701171875,1.0
172,213.1651153564453,210.54502868652344,1.0,218.9989776611328,245.88742065429688,1.0,181.17694091796875,229.48219299316406,1.0,164.38015747070312,226.6727752685547,1.0,232.07273864746094,233.0748748779297,1.0,242.06588745117188,234.98216247558594,1.0,217.62384033203125,268.3714904785156,1.0,176.9702606201172,276.3678283691406,1.0,237.9759063720703,279.3614807128906,1.0
173,213.3145294189453,210.4490509033203,1.0,219.36622619628906,245.9888153076172,1.0,180.9609832763672,229.47946166992188,1.0,164.4339141845703,226.8540802001953,1.0,232.1901397705078,233.07806396484375,1.0,242.1606903076172,234.9332733154297,1.0,217.83291625976562,268.3469543457031,1.0,177.14877319335938,276.5507507324219,1.0,238.1591033935547,279.4664306640625,1.0
174,213.37583923339844,210.60000610351562,1.0,219.2227020263672,246.2082977294922,1.0,181.0697479248047,229.51235961914062,1.0,164.39463806152344,226.8648681640625,1.0,232.31253051757812,233.11166381835938,1.0,242.38705444335938,235.0613555908203,1.0,217.8680877685547,268.4064636230469,1.0,177.24371337890625,276.5615539550781,1.0,238.3300323486328,279.4956970214844,1.0
175,213.58111572265625,210.5249786376953,1.0,219.31280517578125,246.04872131347656,1.0,181.21966552734375,229.57005310058594,1.0,164.43980407714844,227.03982543945312,1.0,232.3756561279297,233.0055694580078,1.0,242.49761962890625,235.1275177001953,1.0,218.01089477539062,268.3100280761719,1.0,177.3786163330078,276.5679016113281,1.0,238.41566467285156,279.5711975097656,1.0
176,213.57940673828125,210.6230926513672,1.0,219.35630798339844,246.18252563476562,1.0,181.1015167236328,229.6105499267578,1.0,164.52664184570312,227.0777587890625,1.0,232.47308349609375,233.0638427734375,1.0,242.57591247558594,235.13739013671875,1.0,218.12838745117188,268.23822021484375,1.0,177.37002563476562,276.8197937011719,1.0,238.67172241210938,279.4610900878906,1.0
177,213.56861877441406,210.55198669433594,1.0,219.38819885253906,246.17950439453125,1.0,181.1970672607422,229.56280517578125,1.0,164.5022735595703,227.10440063476562,1.0,232.4595489501953,232.95278930664062,1.0,242.44764709472656,235.17649841308594,1.0,218.10096740722656,268.3541259765625,1.0,177.22630310058594,276.846923828125,1.0,238.60708618164062,279.58642578125,1.0
178,213.57981872558594,210.5202178955078,1.0,219.4679412841797,246.00526428222656,1.0,180.96337890625,229.33082580566406,1.0,164.4104461669922,226.7769317626953,1.0,232.4464874267578,232.91317749023438,1.0,242.55812072753906,235.08177185058594,1.0,218.06666564941406,268.5067138671875,1.0,177.23118591308594,276.7663269042969,1.0,238.6647186279297,279.5782470703125,1.0
179,212.86622619628906,211.52305603027344,1.0,218.8233642578125,246.75454711914062,1.0,180.9476776123047,230.51742553710938,1.0,163.98643493652344,227.65103149414062,1.0,232.3798370361328,233.36009216308594,1.0,242.5901336669922,235.28172302246094,1.0,217.49241638183594,269.1141662597656,1.0,177.160888671875,277.47406005859375,1.0,238.54774475097656,279.6142578125,1.0
180,212.08363342285156,212.2379913330078,1.0,217.80209350585938,248.0255126953125,1.0,180.35963439941406,231.45262145996094,1.0,163.96551513671875,229.40914916992188,1.0,231.90196228027344,234.5641632080078,1.0,242.71141052246094,235.28651428222656,1.0,216.66195678710938,270.4956970214844,1.0,177.04983520507812,278.0871887207031,1.0,237.81808471679688,280.5631408691406,1.0
181,212.10043334960938,212.27777099609375,1.0,218.02847290039062,248.196533203125,1.0,180.0349578857422,231.53277587890625,1.0,163.69839477539062,229.44583129882812,1.0,231.9824981689453,234.39122009277344,1.0,242.60939025878906,235.4500732421875,1.0,216.7662353515625,270.2738037109375,1.0,176.90830993652344,278.3062438964844,1.0,237.79559326171875,280.3723449707031,1.0
182,212.08346557617188,212.25588989257812,1.0,217.668212890625,248.3125457763672,1.0,179.85531616210938,231.58563232421875,1.0,163.80282592773438,229.74246215820312,1.0,231.8994140625,234.53289794921875,1.0,242.60865783691406,235.525146484375,1.0,216.77708435058594,270.35272216796875,1.0,177.05731201171875,278.8315734863281,1.0,237.93177795410156,280.4514465332031,1.0
183,208.47433471679688,214.30999755859375,1.0,214.71478271484375,249.2943572998047,1.0,177.24546813964844,233.58921813964844,1.0,160.672607421875,231.57611083984375,1.0,229.33473205566406,236.3479461669922,1.0,241.2141571044922,237.004638671875,1.0,214.2246551513672,272.1171875,1.0,174.12767028808594,279.7709655761719,1.0,236.1534423828125,281.4890441894531,1.0
184,203.74261474609375,215.57861328125,1.0,208.70977783203125,252.1208038330078,1.0,173.46324157714844,234.80978393554688,1.0,157.55738830566406,232.03302001953125,1.0,223.91900634765625,236.95787048339844,1.0,238.5778045654297,237.31393432617188,1.0,208.63821411132812,273.5807800292969,1.0,170.83035278320312,281.48870849609375,1.0,232.42111206054688,282.4083251953125,0.9999998807907104
185,201.9518280029297,216.30677795410156,1.0,207.0970916748047,253.22592163085938,1.0,172.22216796875,235.5292205810547,1.0,156.56808471679688,232.41702270507812,1.0,222.90476989746094,237.85452270507812,1.0,237.51882934570312,237.07313537597656,1.0,207.3795166015625,274.1087951660156,1.0,169.60498046875,281.6421813964844,1.0,231.42344665527344,282.83734130859375,1.0
186,202.32522583007812,215.81918334960938,1.0,207.15855407714844,252.64219665527344,1.0,172.3450927734375,234.21511840820312,1.0,156.6291046142578,232.1639862060547,1.0,223.36427307128906,237.34742736816406,1.0,237.71800231933594,237.4200897216797,1.0,207.13577270507812,274.3221130371094,1.0,168.74465942382812,281.8939514160156,1.0,231.89898681640625,282.86968994140625,1.0
187,204.79014587402344,215.47706604003906,1.0,209.22203063964844,252.77328491210938,1.0,174.45054626464844,233.93243408203125,1.0,158.90582275390625,231.79165649414062,1.0,225.29359436035156,237.39273071289062,1.0,238.58033752441406,237.43646240234375,1.0,208.6316375732422,274.4263000488281,1.0,170.95465087890625,281.3906555175781,1.0,232.3870086669922,282.7355041503906,1.0
188,206.10250854492188,215.09542846679688,1.0,210.5688934326172,253.14002990722656,1.0,175.22274780273438,234.0735321044922,1.0,159.5218048095703,231.68649291992188,1.0,226.02963256835938,237.34524536132812,1.0,238.9855194091797,237.63417053222656,1.0,210.09463500976562,274.26959228515625,1.0,171.69200134277344,280.88525390625,1.0,233.02645874023438,282.810302734375,0.9999998807907104
189,206.27943420410156,215.06346130371094,1.0,210.9485626220703,252.68858337402344,1.0,175.3646697998047,233.7180938720703,1.0,159.7347869873047,231.46409606933594,1.0,226.50531005859375,237.08035278320312,1.0,239.0742645263672,237.63980102539062,1.0,210.60723876953125,273.87054443359375,1.0,171.71054077148438,280.79345703125,1.0,232.9068603515625,283.1950378417969,1.0
190,206.6678466796875,214.79891967773438,1.0,211.37060546875,252.6949462890625,1.0,175.5250244140625,233.63311767578125,1.0,159.93490600585938,231.4638671875,1.0,226.8756561279297,237.13775634765625,1.0,239.2057647705078,237.4490509033203,1.0,211.06167602539062,273.9385986328125,1.0,171.92340087890625,280.8475036621094,1.0,233.16262817382812,283.18475341796875,1.0
191,206.9849395751953,215.0858917236328,1.0,211.9322052001953,252.27908325195312,1.0,176.28306579589844,233.48426818847656,1.0,160.2227020263672,231.3668212890625,1.0,227.18360900878906,237.04241943359375,1.0,239.37454223632812,237.6351318359375,1.0,211.39987182617188,273.977294921875,1.0,172.2788543701172,280.799072265625,1.0,233.64414978027344,283.1490478515625,1.0
192,207.8719940185547,214.84335327148438,1.0,213.1494140625,252.04080200195312,1.0,177.13694763183594,233.3551788330078,1.0,160.34530639648438,231.23068237304688,1.0,227.89447021484375,236.86961364746094,1.0,239.76455688476562,238.01766967773438,1.0,212.45126342773438,273.8478698730469,1.0,173.19284057617188,280.27301025390625,1.0,234.70144653320312,283.161376953125,1.0
193,208.45098876953125,214.61341857910156,1.0,213.70855712890625,251.91363525390625,1.0,177.56385803222656,233.4552764892578,1.0,160.79736328125,231.38050842285156,1.0,228.24009704589844,236.73577880859375,1.0,239.9072265625,238.04934692382812,1.0,213.26687622070312,273.20416259765625,1.0,173.47869873046875,280.1136169433594,1.0,235.2371063232422,283.152099609375,1.0
194,208.84725952148438,214.3365020751953,1.0,214.0528564453125,251.44288635253906,1.0,177.73806762695312,233.48558044433594,1.0,160.90606689453125,231.0860137939453,1.0,228.49713134765625,236.67796325683594,1.0,239.9549102783203,238.06683349609375,1.0,213.81961059570312,272.7904052734375,1.0,173.70175170898438,280.2673645019531,1.0,235.5978546142578,282.9167785644531,1.0
195,208.80137634277344,214.32151794433594,1.0,214.1349334716797,251.35142517089844,1.0,177.69619750976562,233.35330200195312,1.0,161.0721435546875,231.0915069580078,1.0,228.6292266845703,236.7053985595703,1.0,239.92886352539062,238.0548553466797,1.0,214.00965881347656,272.7979736328125,1.0,173.72052001953125,280.34259033203125,1.0,235.47572326660156,282.9591369628906,1.0
196,207.2327117919922,214.90286254882812,1.0,213.23052978515625,251.77381896972656,1.0,175.9124298095703,234.1230010986328,1.0,159.4019317626953,231.88031005859375,1.0,227.52842712402344,237.1367950439453,1.0,239.53079223632812,238.13597106933594,1.0,212.82266235351562,273.7699279785156,1.0,172.1356964111328,281.2581787109375,1.0,233.60711669921875,282.9676818847656,1.0
197,204.8946075439453,215.38467407226562,1.0,210.61439514160156,251.59788513183594,1.0,173.29734802246094,234.05738830566406,1.0,157.4300537109375,232.03115844726562,1.0,225.22596740722656,236.6622772216797,1.0,238.48971557617188,238.65174865722656,1.0,209.6433868408203,274.2814636230469,1.0,170.76730346679688,281.7330017089844,1.0,232.66372680664062,282.7523498535156,1.0
198,203.2724609375,215.2339324951172,1.0,208.55897521972656,251.6971893310547,1.0,172.22314453125,234.8131561279297,1.0,156.3780975341797,232.7394561767578,1.0,223.79612731933594,236.4606170654297,1.0,237.00843811035156,237.942138671875,1.0,208.12796020507812,274.4340515136719,1.0,170.43885803222656,281.57525634765625,1.0,232.27490234375,282.32684326171875,1.0
199,201.8348388671875,215.7306365966797,1.0,207.22227478027344,251.52249145507812,1.0,170.96661376953125,235.04237365722656,1.0,155.0743865966797,233.7031707763672,1.0,222.8468475341797,236.25791931152344,1.0,236.6997528076172,237.55709838867188,1.0,207.0113525390625,274.0562438964844,1.0,169.06979370117188,281.6856384277344,1.0,231.62583923339844,282.3407897949219,1.0
200,197.2122344970703,217.4234619140625,1.0,201.2618865966797,253.15122985839844,1.0,168.0679931640625,236.6820068359375,1.0,151.52560424804688,233.80845642089844,1.0,219.41233825683594,237.1405029296875,1.0,233.71731567382812,236.57742309570312,1.0,201.6765899658203,274.2035827636719,1.0,165.0703887939453,282.2132568359375,1.0,227.19619750976562,282.5014343261719,0.9999998807907104
201,195.67410278320312,217.60543823242188,1.0,198.94305419921875,253.15228271484375,1.0,166.567626953125,236.89971923828125,1.0,149.87973022460938,234.06338500976562,1.0,218.34413146972656,237.28993225097656,1.0,232.5433807373047,236.45985412597656,1.0,199.67440795898438,274.5776062011719,1.0,163.85902404785156,282.3634948730469,1.0,225.89651489257812,282.46734619140625,0.9999998807907104
202,195.80001831054688,217.52818298339844,1.0,199.14881896972656,253.42483520507812,1.0,167.0312957763672,236.29241943359375,1.0,149.7890167236328,233.87753295898438,1.0,218.57388305664062,237.0928497314453,1.0,232.79592895507812,236.55511474609375,1.0,199.72206115722656,274.4449768066406,1.0,163.63064575195312,282.1998291015625,1.0,226.09527587890625,282.70989990234375,0.9999998807907104
203,199.50157165527344,216.40121459960938,1.0,203.17662048339844,253.5200653076172,1.0,169.8915252685547,235.78768920898438,1.0,153.64212036132812,233.80723571777344,1.0,220.9154510498047,237.22836303710938,1.0,235.06346130371094,237.40652465820312,1.0,202.9740447998047,274.86224365234375,1.0,165.90126037597656,281.7666320800781,1.0,229.2295379638672,283.0200500488281,0.9999998807907104
204,201.9055633544922,216.51295471191406,1.0,204.85462951660156,252.71929931640625,1.0,170.82203674316406,234.8367462158203,1.0,155.30007934570312,233.18307495117188,1.0,222.38636779785156,237.56527709960938,1.0,236.340576171875,238.33953857421875,1.0,204.6250762939453,274.85009765625,1.0,167.00840759277344,281.439697265625,1.0,230.26023864746094,282.86004638671875,1.0
205,201.99826049804688,215.85655212402344,1.0,205.53619384765625,252.60791015625,1.0,171.36227416992188,234.4667205810547,1.0,155.74134826660156,233.040771484375,1.0,222.6090545654297,237.41110229492188,1.0,236.5458526611328,238.3751220703125,1.0,205.43528747558594,274.51348876953125,1.0,167.85919189453125,281.5968933105469,1.0,231.10208129882812,282.8891906738281,1.0
206,202.21481323242188,216.04751586914062,1.0,205.81109619140625,252.93862915039062,1.0,171.7206573486328,234.61705017089844,1.0,155.91676330566406,233.1080322265625,1.0,222.67727661132812,237.17996215820312,1.0,236.8452606201172,238.57383728027344,1.0,206.24725341796875,274.2735900878906,1.0,168.0225067138672,281.7845764160156,1.0,231.42762756347656,282.852783203125,1.0
207,202.78656005859375,216.1399383544922,1.0,206.21299743652344,252.85374450683594,1.0,171.7389373779297,234.68560791015625,1.0,156.12982177734375,232.43431091308594,1.0,222.90882873535156,237.3657684326172,1.0,237.03717041015625,238.7849884033203,1.0,206.1213836669922,274.6168212890625,1.0,168.47410583496094,281.85711669921875,1.0,231.46536254882812,282.98907470703125,1.0
208,203.01345825195312,215.93092346191406,1.0,206.47015380859375,252.96038818359375,1.0,171.9857635498047,234.72177124023438,1.0,156.3262176513672,232.39732360839844,1.0,223.17405700683594,237.38836669921875,1.0,236.7747344970703,238.54293823242188,1.0,206.46360778808594,274.4978942871094,1.0,168.65858459472656,281.8923645019531,1.0,231.8984832763672,282.84857177734375,1.0
209,204.8693389892578,214.92111206054688,1.0,208.50741577148438,252.8317413330078,1.0,175.10000610351562,233.61155700683594,1.0,158.0337677001953,231.53785705566406,1.0,224.78555297851562,237.32308959960938,1.0,237.6569061279297,237.7662811279297,1.0,208.08065795898438,274.29107666015625,1.0,169.99732971191406,280.9043273925781,1.0,232.0966033935547,283.0492248535156,1.0
210,208.70260620117188,214.2826385498047,1.0,212.95733642578125,251.2027130126953,1.0,177.2464599609375,232.56439208984375,1.0,161.09019470214844,231.18154907226562,1.0,228.15728759765625,236.39730834960938,1.0,239.56895446777344,238.15048217773438,1.0,212.3794403076172,272.7456970214844,1.0,172.66036987304688,280.134033203125,1.0,234.1986541748047,282.8442687988281,1.0
211,212.03675842285156,213.69371032714844,1.0,216.19259643554688,250.3051300048828,1.0,180.01869201660156,232.1817626953125,1.0,163.8575439453125,229.6577911376953,1.0,231.0898895263672,236.15655517578125,1.0,241.5314483642578,238.4172821044922,1.0,215.5138702392578,271.4014587402344,1.0,174.60179138183594,278.9908142089844,1.0,236.7616729736328,282.1875915527344,1.0
212,217.3493194580078,213.32373046875,1.0,220.44407653808594,248.65684509277344,1.0,185.17283630371094,229.49903869628906,1.0,168.19183349609375,227.60366821289062,1.0,235.4351806640625,235.6960906982422,1.0,245.68603515625,237.2261505126953,1.0,219.37399291992188,269.9068603515625,1.0,180.49217224121094,276.598388671875,1.0,239.34747314453125,281.504150390625,1.0
213,225.30015563964844,211.77301025390625,1.0,227.44078063964844,244.35438537597656,1.0,191.8932647705078,225.9649658203125,1.0,175.11500549316406,223.1313018798828,1.0,240.588623046875,235.87948608398438,1.0,251.07147216796875,237.78480529785156,1.0,224.3011474609375,267.1802978515625,1.0,185.10658264160156,273.310791015625,1.0,242.67987060546875,279.8059997558594,1.0
214,232.3113250732422,211.8102569580078,1.0,231.85238647460938,243.55300903320312,1.0,198.8639678955078,223.3885955810547,1.0,180.96629333496094,219.59405517578125,1.0,246.88307189941406,235.9734344482422,1.0,256.2532653808594,239.94808959960938,1.0,228.38482666015625,264.9034729003906,1.0,188.28489685058594,269.27099609375,1.0,245.6267547607422,279.32403564453125,1.0
215,236.3113250732422,211.1024932861328,1.0,235.618896484375,240.95787048339844,1.0,201.59793090820312,221.9661407470703,1.0,183.95628356933594,219.2362823486328,1.0,249.96287536621094,234.8860626220703,1.0,258.6349182128906,239.37403869628906,1.0,231.6722869873047,263.6980895996094,1.0,191.70208740234375,268.2083740234375,1.0,248.65821838378906,278.48443603515625,1.0
216,237.02053833007812,211.3382568359375,1.0,237.87950134277344,240.50770568847656,1.0,203.20724487304688,221.3238983154297,1.0,185.3963623046875,218.5916748046875,1.0,251.1766815185547,235.2578887939453,1.0,259.39752197265625,239.37449645996094,1.0,233.3447723388672,263.3994445800781,1.0,192.70057678222656,268.0406494140625,1.0,250.21328735351562,277.75372314453125,1.0
217,237.84986877441406,210.81166076660156,1.0,238.98019409179688,240.5357208251953,1.0,203.846435546875,221.45420837402344,1.0,186.23739624023438,218.6547393798828,1.0,251.02651977539062,235.30174255371094,1.0,260.0718994140625,239.17466735839844,1.0,234.1320037841797,263.053955078125,1.0,193.2896270751953,267.5301513671875,1.0,250.86614990234375,278.0848693847656,1.0
218,238.20501708984375,210.96026611328125,1.0,239.45318603515625,240.5539093017578,1.0,204.15594482421875,221.58213806152344,1.0,186.73269653320312,218.41073608398438,1.0,251.21517944335938,235.27935791015625,1.0,260.3868103027344,239.21566772460938,1.0,234.32333374023438,263.18487548828125,1.0,193.5809783935547,266.8805236816406,1.0,251.16995239257812,278.08135986328125,1.0
219,238.84085083007812,210.92514038085938,1.0,239.99879455566406,240.65066528320312,1.0,205.0790252685547,220.7573699951172,1.0,187.1977996826172,218.6189727783203,1.0,251.6461639404297,235.59390258789062,1.0,260.64227294921875,239.4764862060547,1.0,234.803466796875,263.0069580078125,1.0,194.2197265625,266.92474365234375,1.0,251.04624938964844,278.37896728515625,1.0
220,243.40980529785156,213.12176513671875,1.0,243.1348876953125,241.62454223632812,1.0,209.05865478515625,221.7443389892578,1.0,191.84547424316406,218.3833465576172,1.0,254.67405700683594,237.50643920898438,1.0,262.54156494140625,240.82022094726562,1.0,238.0061798095703,263.3735656738281,1.0,196.9918670654297,266.4919128417969,1.0,252.62303161621094,279.2358093261719,1.0
221,245.93601989746094,213.88819885253906,1.0,246.06036376953125,242.00509643554688,1.0,210.54049682617188,221.77842712402344,1.0,193.97288513183594,218.00146484375,1.0,256.4173278808594,238.05203247070312,1.0,264.5046081542969,242.24282836914062,1.0,240.3402862548828,263.94647216796875,1.0,199.02951049804688,266.2225646972656,1.0,254.42666625976562,279.43194580078125,1.0
222,247.0409393310547,213.67127990722656,1.0,246.99530029296875,242.13294982910156,1.0,212.1647186279297,222.33970642089844,1.0,195.37351989746094,217.99998474121094,1.0,256.9731140136719,237.5728302001953,1.0,264.69140625,242.2522735595703,1.0,242.00457763671875,263.240966796875,1.0,200.3673095703125,265.8690185546875,1.0,255.70738220214844,279.0255432128906,1.0
223,247.5871124267578,213.97518920898438,1.0,247.7100830078125,242.22911071777344,1.0,212.57467651367188,221.99844360351562,1.0,195.5104522705078,217.5146484375,1.0,257.0599670410156,237.7146759033203,1.0,264.66546630859375,242.63865661621094,1.0,243.07156372070312,263.10009765625,1.0,200.9291534423828,265.700927734375,1.0,255.7347412109375,279.2769775390625,1.0
224,248.37826538085938,214.44863891601562,1.0,248.8951873779297,242.8582000732422,1.0,213.38787841796875,222.1249237060547,1.0,196.13768005371094,217.703369140625,1.0,257.6334533691406,238.0167694091797,1.0,264.55029296875,243.14273071289062,1.0,244.04940795898438,262.9410705566406,1.0,202.80491638183594,265.9811096191406,1.0,256.5097961425781,279.4065856933594,1.0
225,250.20509338378906,214.3828887939453,1.0,250.23353576660156,242.23965454101562,1.0,214.2360076904297,221.59471130371094,1.0,196.98605346679688,217.43753051757812,1.0,258.77984619140625,237.80267333984375,1.0,264.9837951660156,242.5078887939453,1.0,246.0056610107422,262.77593994140625,1.0,203.44114685058594,265.6307678222656,1.0,258.5848693847656,278.791015625,1.0
226,251.29281616210938,211.53147888183594,1.0,251.80043029785156,238.58621215820312,1.0,215.93455505371094,218.15869140625,1.0,199.14454650878906,215.52586364746094,1.0,259.4302978515625,234.7134246826172,1.0,265.2507019042969,240.30224609375,1.0,247.77426147460938,258.52032470703125,1.0,204.83648681640625,264.4668273925781,1.0,259.02069091796875,277.0158996582031,1.0
227,251.40121459960938,209.13546752929688,1.0,253.38418579101562,234.02113342285156,1.0,216.35287475585938,216.0625762939453,1.0,198.54115295410156,212.93804931640625,1.0,259.9813232421875,232.08328247070312,1.0,265.5745544433594,237.26968383789062,1.0,248.3954620361328,254.3917694091797,1.0,205.51486206054688,261.15570068359375,1.0,260.7544250488281,273.65069580078125,1.0
228,250.35812377929688,206.99118041992188,1.0,253.5619659423828,231.7151641845703,1.0,215.43826293945312,213.54696655273438,1.0,198.7268829345703,211.12648010253906,1.0,260.1884460449219,229.9145965576172,1.0,266.0307922363281,235.73716735839844,1.0,248.7798309326172,253.0885772705078,1.0,206.31869506835938,258.8151550292969,1.0,260.8310852050781,270.8641357421875,1.0
229,249.06167602539062,202.92930603027344,1.0,251.60595703125,225.6795196533203,1.0,214.41331481933594,210.50570678710938,1.0,197.7909698486328,207.89825439453125,1.0,259.9122009277344,226.46044921875,1.0,266.9283142089844,233.60118103027344,1.0,249.5203094482422,246.602294921875,1.0,207.3302764892578,255.26597595214844,1.0,261.9244079589844,265.43109130859375,1.0
230,250.3690185546875,201.1782684326172,1.0,251.7672576904297,222.9523468017578,1.0,213.6715087890625,209.26840209960938,1.0,197.15650939941406,206.37762451171875,1.0,259.8231506347656,224.645751953125,1.0,266.9864807128906,231.26846313476562,1.0,249.03408813476562,243.28616333007812,1.0,207.83653259277344,252.83370971679688,1.0,261.90399169921875,262.44256591796875,1.0
231,249.7786407470703,200.666015625,1.0,251.1138458251953,221.10247802734375,1.0,213.03245544433594,208.53167724609375,1.0,196.94277954101562,205.70396423339844,1.0,259.5601806640625,224.0475311279297,1.0,266.85772705078125,230.66236877441406,1.0,249.01869201660156,240.8277130126953,1.0,207.80226135253906,251.52578735351562,1.0,261.66754150390625,260.7984313964844,1.0
232,249.1976318359375,200.30250549316406,1.0,250.49267578125,220.70938110351562,1.0,213.012939453125,208.44894409179688,1.0,196.46343994140625,205.87860107421875,1.0,259.1283874511719,223.77154541015625,1.0,267.5493469238281,229.94436645507812,1.0,248.55490112304688,240.4279327392578,1.0,207.87107849121094,251.06924438476562,1.0,261.2840270996094,259.9586181640625,1.0
233,246.29971313476562,202.09129333496094,1.0,247.9227752685547,223.410888671875,1.0,209.5815887451172,212.16830444335938,1.0,193.43531799316406,209.92420959472656,1.0,258.9610900878906,225.68988037109375,0.9999775886535645,266.2330627441406,229.0402374267578,0.999891996383667,245.13307189941406,242.93968200683594,1.0,204.10592651367188,253.89332580566406,0.9999998807907104,258.620849609375,261.7040710449219,1.0
234,237.45457458496094,206.97474670410156,1.0,239.95462036132812,235.60409545898438,1.0,204.41908264160156,219.59133911132812,1.0,187.905029296875,216.44381713867188,1.0,251.52378845214844,230.91275024414062,1.0,260.0921936035156,235.2294921875,1.0,235.5619659423828,256.3710021972656,1.0,197.04344177246094,265.71295166015625,1.0,252.4675750732422,272.5104675292969,1.0
235,235.46673583984375,209.34368896484375,1.0,236.52052307128906,239.40679931640625,1.0,202.22454833984375,221.75100708007812,1.0,184.7144775390625,219.18980407714844,1.0,250.40940856933594,232.81626892089844,1.0,258.9109191894531,236.7637939453125,1.0,232.81341552734375,261.71533203125,1.0,193.8545379638672,266.9659423828125,1.0,249.5702362060547,276.9133605957031,1.0
236,233.91665649414062,209.56423950195312,1.0,234.9047088623047,240.8200225830078,1.0,201.18057250976562,222.5036163330078,1.0,184.05911254882812,219.8684539794922,1.0,249.3918914794922,233.5556640625,1.0,258.43115234375,237.57083129882812,1.0,231.4260711669922,262.8376770019531,1.0,192.8112030029297,268.1440124511719,1.0,248.70892333984375,277.48712158203125,1.0
237,233.7395782470703,210.0195770263672,1.0,234.7298126220703,241.75022888183594,1.0,200.69300842285156,223.3043975830078,1.0,183.63011169433594,220.5420684814453,1.0,249.36529541015625,234.178466796875,1.0,258.35595703125,238.6896514892578,1.0,231.037353515625,263.7754821777344,1.0,192.34140014648438,269.1419677734375,1.0,248.453125,277.9654541015625,1.0
238,232.99220275878906,211.32655334472656,1.0,233.2632598876953,242.90455627441406,1.0,200.62860107421875,224.9204559326172,1.0,183.76748657226562,221.0970458984375,1.0,249.3692169189453,235.17916870117188,1.0,258.35040283203125,239.231201171875,1.0,230.3413543701172,265.1673583984375,1.0,191.63311767578125,270.5678405761719,1.0,248.0154571533203,279.0081481933594,1.0
239,232.29530334472656,214.9444580078125,1.0,232.06228637695312,249.76544189453125,1.0,199.6856231689453,229.06402587890625,1.0,182.89674377441406,224.10008239746094,1.0,247.7765655517578,239.37684631347656,1.0,258.23260498046875,242.41966247558594,1.0,228.57591247558594,269.82879638671875,1.0,189.92816162109375,274.2061767578125,1.0,247.34706115722656,282.283203125,1.0
240,231.49905395507812,217.60147094726562,1.0,231.70574951171875,250.8250732421875,1.0,199.5270233154297,230.8611297607422,1.0,182.99827575683594,225.9076690673828,1.0,247.70860290527344,241.24851989746094,1.0,258.561767578125,243.99928283691406,1.0,228.55844116210938,272.12664794921875,1.0,190.1235809326172,276.3265075683594,1.0,248.83909606933594,283.0738220214844,0.9999996423721313
241,231.65721130371094,217.8410186767578,1.0,231.8595428466797,252.73516845703125,1.0,199.3174591064453,231.77536010742188,1.0,183.02310180664062,226.974609375,1.0,247.59796142578125,241.42593383789062,1.0,258.7200927734375,244.18905639648438,1.0,228.88674926757812,273.5025634765625,1.0,189.8926544189453,276.8482971191406,1.0,250.75303649902344,282.2243957519531,0.997248113155365
242,231.744873046875,218.58351135253906,1.0,232.38218688964844,254.2101287841797,1.0,199.39166259765625,232.33457946777344,1.0,183.3421630859375,227.4718017578125,1.0,247.63136291503906,241.87619018554688,1.0,258.93389892578125,244.39688110351562,1.0,228.84910583496094,274.1618957519531,1.0,189.62672424316406,277.3277282714844,1.0,250.64071655273438,281.9705505371094,0.501031219959259
243,231.98434448242188,220.12521362304688,1.0,232.8978729248047,255.0333251953125,1.0,199.66354370117188,232.87930297851562,1.0,183.33016967773438,227.80262756347656,1.0,248.06947326660156,242.59205627441406,1.0,259.1430969238281,244.7070770263672,1.0,228.9075164794922,274.75579833984375,1.0,189.46693420410156,277.6344909667969,1.0,251.32557678222656,282.08795166015625,0.08836749941110611
244,231.97689819335938,220.01666259765625,1.0,232.92579650878906,255.97427368164062,1.0,199.76834106445312,232.92623901367188,1.0,183.3477325439453,228.00079345703125,1.0,247.9830322265625,242.7927703857422,1.0,259.13409423828125,245.02395629882812,1.0,228.86778259277344,274.9252014160156,1.0,189.15261840820312,277.78826904296875,1.0,247.4303741455078,283.8797912597656,0.06780847162008286
245,232.2173614501953,219.63168334960938,1.0,233.0277099609375,255.43138122558594,1.0,199.92800903320312,232.51364135742188,1.0,183.0386505126953,227.7463836669922,1.0,247.8079833984375,242.2377166748047,1.0,258.9930419921875,245.03172302246094,1.0,229.05160522460938,274.956787109375,1.0,188.93968200683594,277.6199645996094,1.0,251.4113311767578,281.8034362792969,0.053768958896398544
246,231.16717529296875,214.804443359375,1.0,231.74264526367188,250.29986572265625,1.0,197.76210021972656,228.6543426513672,1.0,180.671630859375,224.9171142578125,1.0,246.3225555419922,239.0889892578125,1.0,257.8205871582031,243.04946899414062,1.0,228.17340087890625,272.9590759277344,1.0,189.2336883544922,276.96697998046875,1.0,248.1516571044922,283.14300537109375,0.9999997615814209
247,230.2700653076172,214.1746368408203,1.0,230.37060546875,249.35650634765625,1.0,196.4774627685547,228.3953399658203,1.0,179.88873291015625,224.2466278076172,1.0,245.8757781982422,238.2660675048828,1.0,256.55682373046875,241.49623107910156,1.0,226.54025268554688,269.4710998535156,1.0,188.70338439941406,275.67340087890625,1.0,246.45205688476562,282.3941955566406,1.0
248,229.33578491210938,214.26846313476562,1.0,229.5029296875,249.37570190429688,1.0,195.3413848876953,228.56927490234375,1.0,179.6443634033203,224.19485473632812,1.0,245.25027465820312,238.29800415039062,1.0,255.90257263183594,240.9927215576172,1.0,225.11912536621094,269.46380615234375,1.0,188.17494201660156,275.5600280761719,1.0,245.60801696777344,282.24298095703125,1.0
249,219.49713134765625,212.4176788330078,1.0,218.70620727539062,247.923095703125,1.0,186.89247131347656,227.3935089111328,1.0,171.77944946289062,225.166015625,1.0,237.3921356201172,234.7689208984375,1.0,250.17752075195312,237.1782684326172,1.0,216.09971618652344,269.5030212402344,1.0,180.47669982910156,275.1019592285156,1.0,239.28414916992188,281.5508728027344,0.9999998807907104
250,211.0722198486328,210.23065185546875,1.0,210.62855529785156,246.16073608398438,1.0,181.1048583984375,228.02403259277344,1.0,165.0903778076172,224.5791778564453,1.0,231.31927490234375,234.5703887939453,1.0,245.359619140625,236.0006561279297,1.0,207.36788940429688,267.7877197265625,1.0,173.5640869140625,274.7206726074219,1.0,231.84693908691406,280.2978210449219,1.0
251,207.69223022460938,210.22357177734375,1.0,206.0235595703125,246.01019287109375,1.0,178.83348083496094,227.9942626953125,1.0,162.74620056152344,226.1536102294922,1.0,228.48553466796875,234.68492126464844,1.0,242.3935546875,234.57565307617188,1.0,204.15985107421875,268.13385009765625,1.0,171.63526916503906,275.11700439453125,1.0,229.24192810058594,279.653076171875,1.0
252,205.2453155517578,210.1014404296875,1.0,203.56915283203125,246.4120330810547,1.0,177.04660034179688,228.31903076171875,1.0,161.0628662109375,225.8277130126953,1.0,226.56712341308594,234.28109741210938,1.0,241.19015502929688,235.1082763671875,1.0,201.41648864746094,267.6236572265625,1.0,169.30307006835938,276.1032409667969,1.0,227.92445373535156,279.6738586425781,1.0
253,203.57069396972656,210.5529327392578,1.0,202.17613220214844,246.42636108398438,1.0,175.30648803710938,228.79522705078125,1.0,159.18045043945312,226.31605529785156,1.0,224.76608276367188,234.50648498535156,1.0,240.02316284179688,235.20167541503906,1.0,200.169677734375,268.0963134765625,1.0,167.65977478027344,276.3055725097656,1.0,226.9342803955078,280.2061462402344,1.0
254,202.83486938476562,210.69955444335938,1.0,201.3538055419922,246.14645385742188,1.0,174.9095916748047,228.24757385253906,1.0,157.9443359375,226.72438049316406,1.0,224.02980041503906,234.37814331054688,1.0,239.1026611328125,235.48211669921875,1.0,199.33914184570312,268.2066955566406,1.0,166.21435546875,275.9848937988281,1.0,225.4267120361328,279.9813232421875,1.0
255,202.55929565429688,210.51214599609375,1.0,200.72352600097656,245.93215942382812,1.0,174.31004333496094,227.95848083496094,1.0,157.3041229248047,226.73812866210938,1.0,223.52239990234375,234.12132263183594,1.0,238.74742126464844,235.224853515625,1.0,198.86090087890625,268.3249816894531,1.0,165.6194305419922,276.2494201660156,1.0,224.8301239013672,279.87713623046875,1.0
256,201.95391845703125,210.35354614257812,1.0,199.91705322265625,245.93084716796875,1.0,173.74583435058594,227.96849060058594,1.0,157.2648468017578,226.88340759277344,1.0,223.0172882080078,234.17059326171875,1.0,238.54940795898438,235.07872009277344,1.0,198.326171875,268.4143981933594,1.0,164.94227600097656,276.37841796875,1.0,224.18121337890625,279.8111572265625,1.0
257,200.6361083984375,210.242431640625,1.0,199.0196990966797,245.9318084716797,1.0,172.7934112548828,227.60171508789062,1.0,156.0159149169922,226.31040954589844,1.0,222.09132385253906,233.33428955078125,1.0,237.7301788330078,234.6685028076172,1.0,197.38104248046875,268.30963134765625,1.0,164.56483459472656,276.0724792480469,1.0,223.6287841796875,279.5318908691406,1.0
258,198.19781494140625,209.51611328125,1.0,197.2294464111328,245.65899658203125,1.0,169.81814575195312,227.42550659179688,1.0,153.86590576171875,226.07333374023438,1.0,221.306884765625,232.0203094482422,1.0,236.3987274169922,232.70635986328125,1.0,195.83364868164062,267.8638000488281,1.0,162.06475830078125,275.90545654296875,1.0,222.62586975097656,278.7872619628906,1.0
259,195.40789794921875,209.74118041992188,1.0,195.12301635742188,245.0830535888672,1.0,166.9281768798828,229.09963989257812,1.0,151.4209747314453,227.1407470703125,1.0,218.73464965820312,230.4895782470703,1.0,233.966552734375,230.9977264404297,1.0,194.57069396972656,267.8380432128906,1.0,160.63616943359375,275.7000427246094,1.0,221.4275360107422,277.77703857421875,1.0
260,193.42420959472656,209.8265380859375,1.0,194.0934600830078,244.6200408935547,1.0,164.99020385742188,229.28565979003906,1.0,149.1688995361328,227.99359130859375,1.0,216.7330780029297,230.33311462402344,1.0,232.1082000732422,230.36050415039062,1.0,193.28684997558594,267.4824523925781,1.0,159.75953674316406,276.2471008300781,1.0,220.68702697753906,277.1804504394531,1.0
261,192.4325408935547,209.81088256835938,1.0,192.96142578125,243.7623748779297,1.0,164.08091735839844,229.0521240234375,1.0,148.5738983154297,227.50502014160156,1.0,215.66073608398438,229.5148468017578,1.0,230.65721130371094,229.461181640625,1.0,192.18255615234375,266.97589111328125,1.0,159.07716369628906,276.4239196777344,1.0,220.2629852294922,276.98565673828125,1.0
262,192.1759033203125,209.80416870117188,1.0,192.66802978515625,243.91241455078125,1.0,163.87725830078125,229.017333984375,1.0,148.3123779296875,227.68544006347656,1.0,215.25828552246094,229.41192626953125,1.0,230.4760284423828,229.3912811279297,1.0,191.9580535888672,266.796630859375,1.0,158.846435546875,276.4864196777344,1.0,220.08370971679688,276.88763427734375,1.0
263,192.04541015625,209.97816467285156,1.0,192.6405487060547,244.0694122314453,1.0,163.8672637939453,229.18801879882812,1.0,148.23797607421875,228.12229919433594,1.0,215.23910522460938,229.4624786376953,1.0,230.34927368164062,229.94297790527344,1.0,191.88563537597656,266.9072265625,1.0,158.99850463867188,276.482177734375,1.0,219.90716552734375,276.97003173828125,1.0
264,192.4542694091797,209.95089721679688,1.0,192.6540985107422,244.3041534423828,1.0,163.87548828125,229.28097534179688,1.0,148.17742919921875,228.61228942871094,1.0,215.72897338867188,229.69558715820312,1.0,230.90672302246094,229.9886016845703,1.0,191.91546630859375,267.0043640136719,1.0,159.4132537841797,276.6346740722656,1.0,220.0200958251953,277.080810546875,1.0
265,202.35800170898438,209.67686462402344,1.0,203.05841064453125,244.4051513671875,1.0,171.9845733642578,227.1781768798828,1.0,155.5712127685547,225.72247314453125,1.0,224.2752685546875,230.00274658203125,1.0,237.1187286376953,231.80831909179688,1.0,201.06065368652344,266.6029052734375,1.0,166.27066040039062,274.39361572265625,1.0,226.0260467529297,277.26513671875,1.0
266,209.3430633544922,209.4877471923828,1.0,211.51666259765625,244.3938751220703,1.0,177.53225708007812,227.40150451660156,1.0,161.23403930664062,224.50547790527344,1.0,230.0310821533203,231.1074981689453,1.0,242.13966369628906,233.15103149414062,1.0,210.22903442382812,266.3219909667969,1.0,173.7067413330078,274.2120056152344,1.0,233.3619384765625,277.68988037109375,1.0
267,212.43814086914062,208.92369079589844,1.0,215.46339416503906,243.9788818359375,1.0,180.91983032226562,227.36231994628906,1.0,163.3350830078125,224.36141967773438,1.0,232.32254028320312,231.3176727294922,1.0,244.1269073486328,234.29931640625,1.0,213.7969970703125,266.177490234375,1.0,176.1688995361328,274.5377197265625,1.0,235.84127807617188,277.89227294921875,1.0
268,213.77928161621094,209.3214874267578,1.0,216.93275451660156,243.70974731445312,1.0,182.0125274658203,227.0185089111328,1.0,164.75491333007812,224.37132263183594,1.0,233.71640014648438,232.0045166015625,1.0,245.18911743164062,234.56752014160156,1.0,215.0651397705078,266.3404235839844,1.0,177.01824951171875,273.79376220703125,1.0,236.97621154785156,278.00567626953125,1.0
269,215.52621459960938,209.1408233642578,1.0,218.55081176757812,244.1751708984375,1.0,183.12574768066406,226.98480224609375,1.0,166.4666290283203,224.69369506835938,1.0,234.94886779785156,232.02976989746094,1.0,246.0985107421875,234.52081298828125,1.0,216.7650146484375,266.847900390625,1.0,178.80209350585938,273.2544250488281,1.0,238.17623901367188,278.31915283203125,1.0
270,216.67185974121094,209.4213104248047,1.0,219.3629608154297,244.2489471435547,1.0,184.44491577148438,227.57080078125,1.0,168.43418884277344,225.20938110351562,1.0,235.66297912597656,232.18359375,1.0,246.61611938476562,234.22244262695312,1.0,219.3904571533203,267.4458312988281,1.0,180.37095642089844,273.47625732421875,1.0,240.0313262939453,278.482666015625,1.0
271,218.2207489013672,209.59043884277344,1.0,222.5874481201172,243.9427947998047,1.0,185.8134765625,227.4545440673828,1.0,169.74713134765625,225.30239868164062,1.0,236.77459716796875,232.1602325439453,1.0,247.42535400390625,233.9220428466797,1.0,221.4099884033203,267.1321716308594,1.0,181.74560546875,273.8070068359375,1.0,241.7406005859375,278.4342041015625,1.0
272,219.05104064941406,209.76454162597656,1.0,223.81336975097656,244.537841796875,1.0,186.52442932128906,227.35888671875,1.0,170.06858825683594,225.38894653320312,1.0,237.36572265625,232.10337829589844,1.0,247.85552978515625,233.93902587890625,1.0,221.9455108642578,267.6101989746094,1.0,182.57334899902344,274.3614807128906,1.0,242.10108947753906,278.6643981933594,1.0
273,219.35260009765625,209.8079376220703,1.0,224.54312133789062,244.5997772216797,1.0,186.7940216064453,227.42544555664062,1.0,170.3335418701172,225.62191772460938,1.0,237.86520385742188,232.05335998535156,1.0,248.1982421875,234.2323760986328,1.0,222.6973419189453,267.49761962890625,1.0,182.91908264160156,274.4379577636719,1.0,242.35816955566406,278.7431335449219,1.0
274,219.43344116210938,209.5272216796875,1.0,224.76025390625,244.72299194335938,1.0,187.0079345703125,227.5016632080078,1.0,170.735107421875,225.6979522705078,1.0,237.96353149414062,232.01992797851562,1.0,248.38821411132812,234.36663818359375,1.0,222.8449249267578,267.5955810546875,1.0,183.31021118164062,274.48797607421875,1.0,242.77883911132812,278.48321533203125,1.0
275,219.42538452148438,209.57150268554688,1.0,225.21958923339844,244.67369079589844,1.0,187.0910186767578,227.708740234375,1.0,170.63827514648438,225.75543212890625,1.0,237.51475524902344,232.0261993408203,1.0,248.4112548828125,234.51705932617188,1.0,223.30690002441406,267.4273681640625,1.0,183.84645080566406,274.95745849609375,1.0,242.71075439453125,278.60992431640625,1.0
276,219.53399658203125,209.78489685058594,1.0,225.31378173828125,244.70761108398438,1.0,187.20973205566406,227.82199096679688,1.0,170.6002655029297,226.17071533203125,1.0,237.7035675048828,231.96710205078125,1.0,248.541259765625,234.6320037841797,1.0,223.4619903564453,267.6363220214844,1.0,183.73204040527344,274.8831481933594,1.0,243.19349670410156,278.2882080078125,1.0
277,219.35035705566406,210.03118896484375,1.0,225.44178771972656,244.57659912109375,1.0,186.58132934570312,228.6420440673828,1.0,169.9962615966797,226.53550720214844,1.0,237.61825561523438,232.37255859375,1.0,248.37033081054688,234.67237854003906,1.0,223.3231658935547,267.5412292480469,1.0,183.5724334716797,275.1100769042969,1.0,242.88258361816406,278.86895751953125,1.0
278,212.96971130371094,214.3582305908203,1.0,217.3264923095703,250.52537536621094,1.0,181.80538940429688,233.13723754882812,1.0,165.14620971679688,230.00975036621094,1.0,233.10736083984375,235.7220001220703,1.0,246.1715545654297,235.52960205078125,1.0,215.97581481933594,272.1972351074219,1.0,178.1227264404297,279.4969482421875,1.0,238.2106475830078,283.10662841796875,1.0
279,210.56204223632812,215.3269500732422,1.0,213.86273193359375,251.28204345703125,1.0,178.7097930908203,234.2218475341797,1.0,162.35125732421875,230.72555541992188,1.0,230.211669921875,237.3231201171875,1.0,243.40179443359375,237.21800231933594,1.0,212.7382049560547,273.5902099609375,1.0,173.89242553710938,280.5517272949219,1.0,235.97640991210938,283.1562194824219,1.0
280,209.0192413330078,216.33889770507812,1.0,212.30210876464844,252.9696807861328,1.0,177.9090576171875,234.6495361328125,1.0,161.72299194335938,231.4856414794922,1.0,229.28665161132812,238.61865234375,1.0,242.4434814453125,237.76568603515625,1.0,211.2432861328125,274.1022644042969,1.0,173.26451110839844,281.23291015625,1.0,234.49546813964844,283.5105895996094,0.9999998807907104
281,203.7602081298828,216.94683837890625,1.0,205.91062927246094,253.60122680664062,1.0,174.51632690429688,234.83828735351562,1.0,157.89036560058594,231.841552734375,1.0,225.09078979492188,238.92263793945312,1.0,240.2298126220703,237.4654998779297,1.0,204.8332061767578,274.7684020996094,1.0,168.42503356933594,281.4862365722656,0.9999998807907104,232.3609161376953,282.6877136230469,0.9999444484710693
282,197.77420043945312,217.63079833984375,1.0,198.37937927246094,256.1535949707031,1.0,169.21768188476562,236.22215270996094,1.0,153.02365112304688,232.39540100097656,1.0,220.48960876464844,239.02133178710938,1.0,236.362548828125,237.37367248535156,1.0,196.54649353027344,274.75836181640625,1.0,163.15243530273438,281.6744689941406,1.0,226.4462127685547,283.0287170410156,0.9974328875541687
283,195.10740661621094,218.0883331298828,1.0,194.12945556640625,254.9049072265625,1.0,167.16746520996094,235.83367919921875,1.0,150.949462890625,232.3956756591797,1.0,218.19564819335938,238.6925811767578,1.0,233.98046875,236.9920654296875,1.0,193.1385955810547,275.4340515136719,1.0,160.5769500732422,281.83209228515625,1.0,223.4671173095703,283.0916442871094,0.9999920129776001
284,178.35833740234375,214.52134704589844,1.0,171.12144470214844,249.01084899902344,0.9999998807907104,154.04835510253906,231.29893493652344,1.0,141.97869873046875,226.49557495117188,1.0,203.68405151367188,233.50604248046875,1.0,220.63998413085938,231.66607666015625,1.0,169.39036560058594,271.7562255859375,1.0,144.22042846679688,279.7022705078125,1.0,205.22747802734375,280.3415832519531,0.9999998807907104
285,168.80960083007812,211.90585327148438,1.0,162.27503967285156,247.71104431152344,1.0,145.6469268798828,229.52279663085938,1.0,133.13824462890625,226.91876220703125,1.0,193.90768432617188,231.44944763183594,1.0,211.03561401367188,231.15139770507812,1.0,159.20274353027344,269.00439453125,1.0,134.46275329589844,276.22076416015625,1.0,195.3309783935547,278.0346374511719,1.0
286,165.61013793945312,212.6747283935547,1.0,158.9724578857422,247.20143127441406,1.0,143.45245361328125,230.35037231445312,1.0,131.31631469726562,227.8651123046875,1.0,191.30397033691406,232.14224243164062,1.0,208.58358764648438,230.88706970214844,1.0,156.72921752929688,269.3486633300781,1.0,132.83377075195312,277.000244140625,1.0,193.4748992919922,278.38555908203125,1.0
287,164.24453735351562,213.30845642089844,1.0,157.522216796875,248.03343200683594,1.0,142.49305725097656,230.87232971191406,1.0,130.30712890625,229.57012939453125,1.0,190.3820037841797,232.32647705078125,1.0,207.77493286132812,231.118896484375,1.0,155.6705322265625,269.96868896484375,1.0,131.6394805908203,277.61785888671875,1.0,192.5201416015625,279.7710876464844,1.0
288,162.7133026123047,212.7721405029297,1.0,155.0939178466797,248.9190673828125,1.0,141.1977081298828,231.4706268310547,1.0,128.8606719970703,229.93832397460938,1.0,188.91612243652344,232.18072509765625,1.0,205.32742309570312,231.1331787109375,1.0,154.39366149902344,270.66851806640625,1.0,129.52865600585938,278.48150634765625,1.0,190.50343322753906,279.2759704589844,1.0
289,160.92506408691406,212.51104736328125,1.0,152.98916625976562,249.12808227539062,1.0,139.7835693359375,231.80825805664062,1.0,127.20329284667969,231.27413940429688,1.0,186.92694091796875,231.73606872558594,1.0,204.422607421875,230.8584747314453,1.0,151.7150421142578,270.2080078125,1.0,127.62141418457031,278.65142822265625,1.0,189.2760467529297,278.9728088378906,1.0
290,159.6436309814453,212.80679321289062,1.0,151.4701690673828,248.6619873046875,1.0,138.765380859375,231.6961669921875,1.0,126.38694763183594,230.85330200195312,1.0,186.5055389404297,231.90570068359375,1.0,204.01036071777344,230.53440856933594,1.0,149.9212188720703,269.9717102050781,1.0,126.665283203125,278.8224182128906,1.0,188.64137268066406,278.8528747558594,1.0
291,158.82705688476562,213.11729431152344,1.0,151.1147003173828,248.9392852783203,1.0,138.1075439453125,231.9598388671875,1.0,124.99803161621094,230.89073181152344,1.0,186.05215454101562,231.76708984375,1.0,203.71292114257812,230.04006958007812,1.0,149.71241760253906,270.3354187011719,1.0,125.91346740722656,278.7803039550781,1.0,188.09642028808594,279.0258483886719,1.0
292,158.04827880859375,213.08436584472656,1.0,149.94271850585938,249.16929626464844,1.0,137.4892578125,231.94073486328125,1.0,124.91162109375,231.4728240966797,1.0,184.6583709716797,231.59547424316406,1.0,202.30233764648438,229.7957763671875,1.0,148.19229125976562,270.38916015625,1.0,124.77946472167969,278.8453063964844,1.0,186.5298309326172,279.01593017578125,1.0
293,156.8981170654297,212.89002990722656,1.0,148.73472595214844,249.29339599609375,1.0,136.38609313964844,231.9061279296875,1.0,123.90547943115234,231.56871032714844,1.0,183.1124725341797,231.32542419433594,1.0,200.77613830566406,229.51345825195312,1.0,146.57785034179688,270.11798095703125,1.0,123.56398010253906,278.7933654785156,1.0,185.63502502441406,278.84228515625,1.0
294,156.1780548095703,213.02281188964844,1.0,148.06344604492188,249.23245239257812,1.0,135.287841796875,231.90005493164062,1.0,122.65008544921875,231.88800048828125,1.0,182.67141723632812,231.4034881591797,1.0,200.27687072753906,229.4122314453125,1.0,146.15663146972656,270.0843505859375,1.0,123.22220611572266,278.6910400390625,1.0,185.85606384277344,278.4811096191406,1.0
295,155.67417907714844,213.306884765625,1.0,147.87217712402344,249.2180938720703,1.0,134.76161193847656,232.1876678466797,1.0,122.17362213134766,231.87660217285156,1.0,182.30972290039062,231.60528564453125,1.0,199.7504425048828,229.69493103027344,1.0,146.17564392089844,270.08233642578125,1.0,122.88194274902344,278.8376159667969,1.0,185.1053466796875,278.62603759765625,1.0
296,155.2606201171875,213.07479858398438,1.0,147.6366729736328,249.28192138671875,1.0,134.4034881591797,232.1268310546875,1.0,121.88027954101562,231.5957794189453,1.0,182.1543731689453,231.3217315673828,1.0,199.4060821533203,229.54986572265625,1.0,146.2222137451172,270.04803466796875,1.0,122.92259216308594,278.9436950683594,1.0,185.0274200439453,278.4715270996094,1.0
297,154.38169860839844,213.0464324951172,1.0,147.21719360351562,249.36126708984375,1.0,133.95248413085938,232.3546905517578,1.0,121.29603576660156,231.6609649658203,1.0,181.40115356445312,231.5420684814453,1.0,199.54811096191406,229.8456573486328,1.0,146.04010009765625,270.0770568847656,1.0,122.39405822753906,279.0417785644531,1.0,184.96592712402344,278.377197265625,1.0
298,153.61691284179688,213.3067169189453,1.0,147.21315002441406,249.0115203857422,1.0,133.412109375,232.50332641601562,1.0,120.51334381103516,231.75595092773438,1.0,180.6571807861328,231.25746154785156,1.0,198.7236785888672,229.6177215576172,1.0,145.6914825439453,269.95166015625,1.0,122.30719757080078,279.33746337890625,1.0,184.25601196289062,278.321044921875,1.0
299,153.03158569335938,213.57107543945312,1.0,146.62139892578125,249.03443908691406,1.0,132.80442810058594,233.0201873779297,1.0,120.12821197509766,231.9103546142578,1.0,180.1888885498047,231.19384765625,1.0,198.3348846435547,229.6409149169922,1.0,145.3619842529297,269.8565979003906,1.0,122.13501739501953,279.4257507324219,1.0,183.77627563476562,278.0915832519531,1.0
300,152.58999633789062,213.10800170898438,1.0,146.29530334472656,249.0113983154297,1.0,132.63754272460938,233.01681518554688,1.0,120.08256530761719,232.1721649169922,1.0,179.81658935546875,230.8383026123047,1.0,197.70115661621094,229.20144653320312,1.0,145.13340759277344,269.8936462402344,1.0,121.83589935302734,279.55010986328125,1.0,183.84841918945312,278.1440734863281,1.0
301,152.50901794433594,213.20391845703125,1.0,146.0779266357422,249.11297607421875,1.0,132.58920288085938,233.07330322265625,1.0,119.96482849121094,232.28858947753906,1.0,179.80386352539062,231.0196533203125,1.0,197.7027587890625,229.20211791992188,1.0,145.03738403320312,269.8110046386719,1.0,121.78284454345703,279.4469909667969,1.0,183.70913696289062,278.0919494628906,1.0
302,151.71742248535156,213.2868194580078,1.0,145.45822143554688,249.27114868164062,1.0,131.9541473388672,233.04885864257812,1.0,119.67860412597656,232.52435302734375,1.0,179.01222229003906,231.0421905517578,1.0,197.03912353515625,229.3477020263672,1.0,144.6862030029297,270.06011962890625,1.0,121.54946899414062,279.62884521484375,1.0,183.55953979492188,277.9900817871094,1.0
303,150.34425354003906,213.41827392578125,1.0,144.03330993652344,249.42665100097656,1.0,130.25888061523438,233.68524169921875,1.0,119.24663543701172,232.84579467773438,1.0,177.5346221923828,231.4639434814453,1.0,195.5655975341797,229.92840576171875,1.0,143.76065063476562,270.6307678222656,1.0,120.11701202392578,280.21246337890625,1.0,182.983154296875,278.2639465332031,1.0
304,149.5654754638672,214.22869873046875,1.0,142.64451599121094,249.958984375,1.0,129.13673400878906,234.02371215820312,1.0,117.64596557617188,234.66079711914062,1.0,176.49209594726562,231.91635131835938,1.0,194.08399963378906,229.89114379882812,1.0,143.2911834716797,271.16387939453125,1.0,119.79216003417969,280.83929443359375,1.0,182.2305145263672,278.4244384765625,1.0
305,146.01971435546875,214.837158203125,1.0,138.14515686035156,250.98513793945312,1.0,126.69534301757812,235.6201171875,1.0,116.59436798095703,235.43115234375,1.0,173.5482940673828,232.30271911621094,1.0,191.2332000732422,230.50596618652344,1.0,139.1260223388672,272.3277587890625,1.0,117.86766052246094,281.73992919921875,1.0,179.20611572265625,278.6080627441406,1.0
306,139.4422607421875,216.54299926757812,1.0,131.3621826171875,251.8921661376953,1.0,122.67227172851562,237.0224609375,1.0,113.09553527832031,235.89039611816406,1.0,167.82293701171875,234.40322875976562,1.0,185.89231872558594,230.70460510253906,1.0,130.34371948242188,273.8954162597656,1.0,112.25177764892578,281.6523742675781,1.0,173.40316772460938,280.098388671875,0.9999998807907104
307,137.42311096191406,216.99444580078125,1.0,129.93399047851562,252.08656311035156,1.0,122.44819641113281,237.51963806152344,1.0,111.52658081054688,237.92030334472656,1.0,166.19985961914062,234.8615264892578,1.0,184.2125701904297,231.11866760253906,1.0,128.92832946777344,274.0411682128906,1.0,109.09573364257812,282.12396240234375,1.0,172.0877227783203,280.48284912109375,0.9999997615814209
308,136.74609375,217.34896850585938,1.0,129.2025604248047,252.38973999023438,1.0,122.21745300292969,237.7784423828125,1.0,111.15373229980469,238.45050048828125,1.0,165.3838653564453,234.65538024902344,1.0,183.2281036376953,231.04698181152344,1.0,128.42254638671875,274.2822265625,1.0,108.21827697753906,282.01007080078125,1.0,170.83543395996094,281.055419921875,0.9999996423721313
309,136.49520874023438,217.67971801757812,1.0,128.75465393066406,252.49746704101562,1.0,121.90019989013672,238.28407287597656,1.0,110.67724609375,238.8346710205078,1.0,165.11904907226562,234.91748046875,1.0,183.16659545898438,231.47341918945312,1.0,128.04498291015625,274.59381103515625,1.0,107.85664367675781,281.975830078125,1.0,171.08534240722656,281.08941650390625,0.9999996423721313
310,136.4821014404297,218.0883026123047,1.0,128.6776580810547,252.76736450195312,1.0,121.77680969238281,238.4423370361328,1.0,110.4424819946289,238.74232482910156,1.0,165.551513671875,235.21786499023438,1.0,183.2533416748047,231.5183563232422,1.0,128.09231567382812,274.6892395019531,1.0,107.87747955322266,282.07269287109375,1.0,171.03602600097656,281.3326416015625,0.9999996423721313
311,137.17234802246094,218.29617309570312,1.0,130.2736053466797,252.94448852539062,1.0,122.11029815673828,238.75582885742188,1.0,110.7331314086914,238.9801788330078,1.0,166.341552734375,235.19406127929688,1.0,184.1190643310547,231.77000427246094,1.0,129.71702575683594,275.6200256347656,1.0,109.61727142333984,282.3938293457031,0.9999998807907104,172.5680694580078,281.72515869140625,0.9999997615814209
312,137.7646026611328,218.12974548339844,1.0,131.576416015625,253.61683654785156,1.0,122.19105529785156,238.8087158203125,1.0,111.02806091308594,239.135986328125,1.0,168.38192749023438,235.35044860839844,1.0,185.77117919921875,232.37710571289062,1.0,131.74676513671875,275.9539794921875,1.0,110.40833282470703,282.8427429199219,1.0,172.537841796875,282.4725646972656,0.9999995231628418
313,138.41958618164062,217.98731994628906,1.0,131.9451904296875,253.44140625,1.0,122.60126495361328,238.9249267578125,1.0,111.19137573242188,238.85562133789062,1.0,168.99000549316406,235.47853088378906,1.0,186.23812866210938,232.4058074951172,1.0,132.7241973876953,275.82672119140625,1.0,110.93585205078125,282.9760437011719,0.9999998807907104,173.25833129882812,282.07879638671875,0.9999995231628418
314,138.91812133789062,218.1170654296875,1.0,132.39857482910156,253.3350372314453,1.0,122.91381072998047,239.023193359375,1.0,111.50743103027344,238.8290557861328,1.0,169.2971954345703,235.6299285888672,1.0,186.56198120117188,232.4321746826172,1.0,132.9644775390625,275.7294006347656,1.0,112.1392822265625,283.094970703125,1.0,173.421142578125,282.0259094238281,0.9999996423721313
315,138.68624877929688,218.70945739746094,1.0,132.29281616210938,253.74057006835938,1.0,123.1585693359375,239.71397399902344,1.0,111.84268188476562,238.5001983642578,1.0,169.7264862060547,236.5506134033203,1.0,186.841064453125,232.87451171875,1.0,133.1986846923828,275.8321838378906,1.0,112.49787139892578,283.2897644042969,1.0,173.4230499267578,282.2310485839844,0.9999997615814209
316,133.4818572998047,222.94647216796875,1.0,130.26548767089844,256.1219482421875,1.0,122.33872985839844,244.99053955078125,0.9999597072601318,110.35234832763672,241.0928955078125,1.0,167.64141845703125,242.3649444580078,0.998561680316925,181.3394012451172,235.37928771972656,1.0,130.25851440429688,277.06988525390625,1.0,110.01482391357422,283.41253662109375,0.9999996423721313,171.21026611328125,282.781005859375,0.9999938011169434
317,133.71742248535156,222.3082733154297,1.0,128.54013061523438,255.84027099609375,1.0,120.08970642089844,243.10072326660156,1.0,109.3307876586914,240.9928436279297,1.0,164.1007843017578,239.42161560058594,1.0,180.5889892578125,234.8143310546875,1.0,128.516357421875,276.8437805175781,1.0,107.91466522216797,282.2270202636719,0.9999996423721313,169.49661254882812,282.70758056640625,0.9999983310699463
318,133.4495849609375,221.4991912841797,1.0,128.24671936035156,255.59925842285156,1.0,119.56661987304688,241.63327026367188,1.0,109.00469207763672,241.6768035888672,1.0,163.3494873046875,237.35899353027344,1.0,180.68313598632812,233.6479949951172,1.0,128.4961395263672,277.0058898925781,1.0,107.02586364746094,281.81329345703125,0.999997615814209,169.74588012695312,282.3759765625,0.9999978542327881
319,134.3104705810547,220.96510314941406,1.0,128.56060791015625,255.34616088867188,1.0,120.00364685058594,241.1277618408203,1.0,109.22811126708984,241.9181365966797,1.0,164.03297424316406,236.79087829589844,1.0,181.63259887695312,233.05615234375,1.0,128.6916961669922,276.72528076171875,1.0,106.97976684570312,281.777099609375,0.9999990463256836,170.50634765625,282.4908752441406,0.9999984502792358
320,134.64939880371094,220.68284606933594,1.0,129.07118225097656,255.5259552001953,1.0,120.27513885498047,240.8096923828125,1.0,109.4090805053711,241.52877807617188,1.0,164.42855834960938,236.45401000976562,1.0,181.82644653320312,232.7904052734375,1.0,128.9055938720703,276.7894592285156,1.0,107.25243377685547,281.63751220703125,0.9999988079071045,171.1204376220703,282.4471435546875,0.9999980926513672
321,134.8599395751953,220.70529174804688,1.0,129.13232421875,255.52537536621094,1.0,120.49557495117188,240.88650512695312,1.0,109.56444549560547,241.7140350341797,1.0,164.44297790527344,236.5331268310547,1.0,182.18283081054688,232.82366943359375,1.0,129.05677795410156,276.82818603515625,1.0,107.772216796875,281.9920654296875,0.9999995231628418,170.79373168945312,282.4796142578125,0.9999980926513672
322,135.12033081054688,220.47842407226562,1.0,129.45269775390625,255.6155242919922,1.0,120.61672973632812,240.6097869873047,1.0,109.60929107666016,241.73617553710938,1.0,164.6538848876953,236.46058654785156,1.0,182.38058471679688,232.82846069335938,1.0,129.81686401367188,276.54486083984375,1.0,107.97450256347656,282.10760498046875,0.9999997615814209,171.3172607421875,282.295654296875,0.9999990463256836
323,135.2041778564453,220.7056121826172,1.0,129.61045837402344,255.69537353515625,1.0,120.67659759521484,240.6974639892578,1.0,109.58855438232422,241.9664764404297,1.0,164.9131317138672,236.25027465820312,1.0,182.51414489746094,232.56396484375,1.0,130.1511993408203,276.61004638671875,1.0,108.38368225097656,282.6575012207031,0.9999998807907104,171.73439025878906,282.1024475097656,0.9999994039535522
324,135.53489685058594,220.98814392089844,1.0,130.2251739501953,255.16844177246094,1.0,120.92586517333984,240.736328125,1.0,109.64129638671875,242.43557739257812,1.0,165.87828063964844,236.6109161376953,1.0,183.01959228515625,232.91610717773438,1.0,131.29095458984375,276.69805908203125,1.0,108.913330078125,283.1326904296875,0.9999998807907104,172.0561981201172,282.1973876953125,0.9999994039535522
325,135.87892150878906,220.76486206054688,1.0,130.30792236328125,254.9846954345703,1.0,120.82500457763672,240.79449462890625,1.0,109.71826171875,242.44293212890625,1.0,165.9301300048828,236.61195373535156,1.0,183.18505859375,232.7708282470703,1.0,131.3631591796875,276.7044677734375,1.0,109.03511810302734,283.15679931640625,0.9999998807907104,171.68479919433594,282.4463195800781,0.9999996423721313
326,136.14512634277344,220.8302764892578,1.0,130.6886444091797,255.02293395996094,1.0,120.85212707519531,240.8124542236328,1.0,109.86890411376953,242.14462280273438,1.0,165.9632110595703,236.36898803710938,1.0,183.3549346923828,232.62599182128906,1.0,131.51527404785156,276.33966064453125,1.0,109.10189056396484,283.1159362792969,0.9999998807907104,171.67562866210938,282.4796142578125,0.9999991655349731
327,135.84555053710938,220.53106689453125,1.0,130.6788787841797,255.0107879638672,1.0,120.63839721679688,240.78477478027344,1.0,109.71141052246094,242.21945190429688,1.0,166.08197021484375,236.18380737304688,1.0,183.46217346191406,232.46829223632812,1.0,131.8365020751953,276.3825378417969,1.0,109.24747467041016,283.3084411621094,0.9999998807907104,171.9034423828125,282.2153625488281,0.9999992847442627
328,134.5038299560547,220.1541290283203,1.0,131.30270385742188,254.97093200683594,1.0,120.30897521972656,240.5613250732422,1.0,109.57225799560547,242.89566040039062,1.0,165.34347534179688,234.7833251953125,1.0,183.00201416015625,230.50537109375,1.0,133.2667694091797,276.2864685058594,1.0,110.8193588256836,283.6088562011719,0.9999997615814209,172.83859252929688,281.7854919433594,0.9999985694885254
329,133.45761108398438,219.31387329101562,1.0,131.32763671875,253.056884765625,1.0,119.91412353515625,240.21249389648438,1.0,108.95732879638672,243.71832275390625,1.0,164.555419921875,232.80316162109375,1.0,182.22503662109375,228.5889434814453,1.0,134.14627075195312,274.47491455078125,1.0,112.1605453491211,283.8961181640625,1.0,174.15061950683594,278.90277099609375,1.0
330,133.36691284179688,219.00010681152344,1.0,131.49588012695312,252.5753173828125,1.0,119.62570190429688,239.86923217773438,1.0,108.78584289550781,243.79238891601562,1.0,164.53497314453125,232.39561462402344,1.0,182.13388061523438,228.07742309570312,1.0,134.24061584472656,274.4421691894531,1.0,111.91883087158203,283.9748840332031,1.0,173.6416473388672,279.2569885253906,1.0
331,132.92120361328125,219.103271484375,1.0,131.0706787109375,252.95721435546875,1.0,119.72450256347656,240.10618591308594,1.0,108.51350402832031,243.7921600341797,1.0,164.48095703125,232.39569091796875,1.0,182.1945343017578,228.07138061523438,1.0,133.99232482910156,274.1444396972656,1.0,112.13833618164062,284.0916748046875,1.0,173.8007049560547,278.86431884765625,1.0
332,132.5639190673828,219.1138916015625,1.0,131.17254638671875,252.90989685058594,1.0,119.36491394042969,240.13772583007812,1.0,108.19918060302734,244.16180419921875,1.0,164.4100799560547,232.3717803955078,1.0,182.27804565429688,228.02635192871094,1.0,134.04098510742188,274.0229187011719,1.0,112.11013793945312,284.08935546875,1.0,174.26806640625,278.2997741699219,1.0
333,132.10047912597656,219.1988983154297,1.0,131.33116149902344,252.96290588378906,1.0,118.86914825439453,240.45346069335938,1.0,107.73867797851562,244.44854736328125,1.0,164.03793334960938,232.1744384765625,1.0,181.67111206054688,227.2005615234375,1.0,134.6186981201172,273.5636291503906,1.0,113.66000366210938,284.2639465332031,1.0,174.82411193847656,277.7403869628906,1.0
334,130.61497497558594,218.78079223632812,1.0,131.92222595214844,252.27218627929688,1.0,117.84394073486328,241.56500244140625,1.0,107.06639862060547,246.1602020263672,1.0,163.7808074951172,230.20001220703125,1.0,180.76406860351562,224.98025512695312,1.0,135.4575653076172,273.07647705078125,1.0,115.11972045898438,284.46002197265625,1.0,175.81692504882812,276.4864501953125,1.0
335,128.68905639648438,219.4060516357422,1.0,132.79702758789062,251.60044860839844,1.0,117.0511703491211,243.7618408203125,1.0,106.34367370605469,248.70350646972656,1.0,162.83206176757812,228.11376953125,1.0,178.82763671875,223.40478515625,1.0,137.2897186279297,271.8624572753906,1.0,117.71472930908203,284.3448791503906,1.0,178.5682830810547,273.4585876464844,1.0
336,127.60875701904297,219.94210815429688,1.0,133.4336395263672,251.67111206054688,1.0,117.14129638671875,245.16220092773438,1.0,106.09777069091797,249.18882751464844,1.0,162.85809326171875,227.63963317871094,1.0,178.6438446044922,222.21775817871094,1.0,138.77810668945312,271.88726806640625,1.0,118.57469177246094,284.54449462890625,0.999998927116394,178.78445434570312,273.2259521484375,1.0
337,127.83560943603516,219.37347412109375,1.0,133.15170288085938,251.47926330566406,1.0,117.58941650390625,244.9924774169922,1.0,106.70951843261719,249.11778259277344,1.0,162.77268981933594,227.15745544433594,1.0,178.67169189453125,221.93313598632812,1.0,139.1332550048828,271.50836181640625,1.0,119.01751708984375,284.47882080078125,0.9999990463256836,178.87986755371094,272.57440185546875,1.0
338,127.74739074707031,219.67648315429688,1.0,133.3585662841797,251.56883239746094,1.0,117.63720703125,245.0676727294922,1.0,106.36519622802734,249.6741485595703,1.0,162.84823608398438,227.2025909423828,1.0,178.6304931640625,221.70556640625,1.0,139.4300994873047,271.3654479980469,1.0,119.42971801757812,284.65887451171875,0.9999979734420776,179.13418579101562,272.6124572753906,1.0
339,127.83788299560547,219.3724822998047,1.0,133.392333984375,251.48367309570312,1.0,117.70127868652344,245.0489501953125,1.0,106.3125,249.53231811523438,1.0,162.8493194580078,227.04986572265625,1.0,179.52828979492188,221.75531005859375,1.0,139.41525268554688,271.1500549316406,1.0,119.61839294433594,284.67926025390625,0.9999991655349731,179.5248260498047,272.4134521484375,1.0
340,128.0679931640625,219.3824005126953,1.0,133.78562927246094,251.4429473876953,1.0,117.85369873046875,244.89906311035156,1.0,106.39891052246094,249.4309844970703,1.0,163.07736206054688,227.06466674804688,1.0,178.71157836914062,221.61685180664062,1.0,139.75018310546875,270.92413330078125,1.0,119.92931365966797,284.4452819824219,0.999998927116394,179.92860412597656,272.27001953125,1.0
341,128.0100555419922,219.6387939453125,1.0,134.04087829589844,251.53993225097656,1.0,118.13543701171875,245.11302185058594,1.0,106.60374450683594,249.50099182128906,1.0,163.3986053466797,226.9527587890625,1.0,179.94882202148438,221.7166290283203,1.0,140.2220916748047,271.26177978515625,1.0,119.77043151855469,284.5881042480469,0.9999977350234985,180.4285888671875,271.9779357910156,1.0
342,128.67111206054688,220.45144653320312,1.0,135.19354248046875,251.05345153808594,1.0,118.26683044433594,245.28334045410156,1.0,106.77107238769531,249.79306030273438,1.0,163.188232421875,226.84715270996094,1.0,179.8673553466797,221.39369201660156,1.0,141.5630340576172,271.089599609375,1.0,120.56309509277344,283.8379821777344,0.9999914169311523,181.2706298828125,270.81756591796875,1.0
343,129.09178161621094,221.51783752441406,1.0,137.28802490234375,250.28671264648438,1.0,118.77079772949219,246.40147399902344,1.0,108.17130279541016,252.96853637695312,1.0,163.18215942382812,225.60702514648438,1.0,179.62022399902344,219.4159393310547,1.0,145.54481506347656,271.45672607421875,1.0,124.95309448242188,283.3591003417969,0.9998456239700317,184.26919555664062,268.4091491699219,1.0
344,128.49139404296875,222.436767578125,1.0,140.0049591064453,250.43008422851562,1.0,120.13855743408203,248.75518798828125,1.0,109.11699676513672,255.74851989746094,1.0,162.8414306640625,224.124267578125,1.0,178.69676208496094,217.8716583251953,1.0,149.05352783203125,269.1863708496094,1.0,130.23220825195312,285.7342834472656,0.9963764548301697,188.03509521484375,267.5181579589844,1.0
345,128.5959014892578,222.3131103515625,1.0,141.383544921875,249.60902404785156,1.0,120.625244140625,249.3867645263672,1.0,109.30375671386719,255.69580078125,1.0,163.4281005859375,224.85902404785156,1.0,178.7727508544922,218.00204467773438,1.0,150.0836944580078,268.96929931640625,1.0,131.63864135742188,286.5953063964844,0.9970834851264954,188.5621795654297,267.4464111328125,1.0
346,128.56661987304688,222.50927734375,1.0,140.9598388671875,250.74444580078125,1.0,120.4835205078125,249.5364227294922,1.0,109.0836410522461,256.0027770996094,1.0,163.23809814453125,225.01316833496094,1.0,178.53575134277344,217.71063232421875,1.0,150.31553649902344,268.72088623046875,1.0,131.70726013183594,286.6040344238281,0.9967262744903564,188.780517578125,266.8967590332031,1.0
347,128.28260803222656,223.39205932617188,1.0,141.24734497070312,250.16102600097656,1.0,120.7470932006836,249.7518768310547,1.0,109.25300598144531,256.5492248535156,1.0,163.0792694091797,224.94696044921875,1.0,178.2859649658203,217.57566833496094,1.0,150.14617919921875,268.65313720703125,1.0,132.65789794921875,285.7788391113281,0.9980096220970154,188.6601104736328,266.58599853515625,1.0
348,128.40728759765625,223.78794860839844,1.0,141.0569610595703,251.07920837402344,1.0,120.882080078125,250.32115173339844,1.0,109.53582000732422,256.8813171386719,1.0,163.05581665039062,224.9960174560547,1.0,178.30577087402344,217.6695556640625,1.0,150.2498779296875,269.3703308105469,1.0,133.12225341796875,286.3394775390625,0.997404158115387,188.58995056152344,266.3447570800781,1.0
349,127.23950958251953,223.99310302734375,1.0,140.78074645996094,250.73037719726562,1.0,120.79464721679688,250.66738891601562,1.0,109.48503112792969,257.4364013671875,1.0,163.19512939453125,224.9479522705078,1.0,178.22073364257812,217.3480987548828,1.0,150.0107879638672,269.0686340332031,1.0,133.4783172607422,286.445068359375,0.997589111328125,188.533935546875,266.2753601074219,1.0
350,127.39501953125,224.38673400878906,1.0,141.0674591064453,250.9434051513672,1.0,120.84696960449219,250.8758544921875,1.0,109.62735748291016,257.5775451660156,1.0,163.13026428222656,224.93601989746094,1.0,178.2120361328125,217.4860382080078,1.0,150.2906951904297,269.2615966796875,1.0,133.6345672607422,286.2769470214844,0.9942501783370972,188.58033752441406,266.1968994140625,1.0
351,127.2178726196289,224.8371124267578,1.0,141.28916931152344,251.4928741455078,1.0,121.19979095458984,250.93804931640625,1.0,109.93079376220703,257.71044921875,1.0,163.1646728515625,225.0447998046875,1.0,178.33348083496094,217.6597137451172,1.0,150.48696899414062,269.3470458984375,1.0,133.7516632080078,286.28851318359375,0.9950771927833557,188.70425415039062,266.1508483886719,1.0
352,127.28840637207031,225.2466583251953,1.0,141.1919403076172,251.52279663085938,1.0,121.26142883300781,251.00982666015625,1.0,109.99736785888672,257.9665222167969,1.0,162.75787353515625,224.87066650390625,1.0,178.079345703125,217.64675903320312,1.0,150.5181884765625,269.5224914550781,1.0,133.8489990234375,286.38372802734375,0.9890176057815552,188.92965698242188,265.70184326171875,0.9999998807907104
353,127.58428192138672,225.79318237304688,1.0,141.22056579589844,251.81321716308594,1.0,121.57920837402344,251.12998962402344,1.0,110.15082550048828,258.2498474121094,1.0,162.69818115234375,224.88262939453125,1.0,177.9530487060547,217.58773803710938,1.0,150.679443359375,269.63812255859375,1.0,133.18275451660156,286.1087646484375,0.986844003200531,189.1133270263672,265.55755615234375,0.9999998807907104
354,127.56279754638672,225.84030151367188,1.0,141.17703247070312,251.96116638183594,1.0,121.44001770019531,251.2396697998047,1.0,110.2335205078125,258.3362121582031,1.0,162.646240234375,224.979248046875,1.0,177.85597229003906,217.68670654296875,1.0,150.87213134765625,269.745361328125,1.0,133.94302368164062,286.2347717285156,0.9826532602310181,189.122314453125,265.6874084472656,1.0
355,127.31450653076172,226.504150390625,1.0,141.30502319335938,252.101806640625,1.0,120.32996368408203,251.08810424804688,1.0,110.27291107177734,258.9566345214844,1.0,162.71844482421875,225.03997802734375,1.0,177.7638702392578,217.69410705566406,1.0,151.0545654296875,269.8907470703125,1.0,133.5030975341797,285.8929138183594,0.9713000059127808,189.2575225830078,265.5736083984375,1.0
356,127.47542572021484,226.486572265625,0.9999998807907104,141.0699005126953,252.44883728027344,1.0,120.28372192382812,251.05970764160156,1.0,110.1174545288086,259.24334716796875,1.0,162.770263671875,225.39166259765625,1.0,177.65142822265625,217.7244415283203,1.0,150.85389709472656,269.77850341796875,1.0,133.46334838867188,285.93048095703125,0.968828558921814,189.19850158691406,265.9071960449219,1.0
357,127.38788604736328,226.24957275390625,1.0,141.19883728027344,252.31336975097656,1.0,121.35928344726562,251.27886962890625,1.0,110.10875701904297,259.2385559082031,1.0,162.5520782470703,225.2908477783203,1.0,177.52426147460938,217.68267822265625,1.0,151.0032958984375,269.83929443359375,1.0,133.35067749023438,286.0742492675781,0.9640126824378967,189.3173065185547,265.763427734375,1.0
358,127.47855377197266,226.2397918701172,1.0,141.1497344970703,252.4024200439453,1.0,121.2961196899414,251.3814239501953,1.0,110.18431854248047,259.2799072265625,1.0,162.64122009277344,225.59329223632812,1.0,177.22665405273438,217.7625732421875,1.0,151.06036376953125,270.09210205078125,1.0,133.55247497558594,285.9704284667969,0.9476175308227539,189.23788452148438,265.90948486328125,1.0
359,127.70060729980469,227.122802734375,1.0,139.65463256835938,254.52777099609375,1.0,120.05548858642578,252.2096405029297,1.0,110.00353240966797,259.0771484375,1.0,162.79052734375,227.69454956054688,1.0,177.0626220703125,219.46856689453125,1.0,150.1998748779297,271.84100341796875,0.9999998807907104,133.24510192871094,286.2723693847656,0.7632088661193848,188.16065979003906,268.975830078125,1.0
360,127.33616638183594,227.1844940185547,1.0,137.78407287597656,255.44976806640625,1.0,119.73046875,252.41775512695312,1.0,110.07002258300781,258.8713684082031,1.0,162.5491943359375,228.98684692382812,1.0,176.5196533203125,220.51199340820312,1.0,146.9857635498047,272.72625732421875,1.0,132.10162353515625,286.6844177246094,0.6383559107780457,185.87060546875,270.1101989746094,0.9999998807907104
361,127.69120788574219,227.62274169921875,1.0,137.54991149902344,255.55426025390625,1.0,119.72073364257812,252.31719970703125,1.0,109.7912368774414,258.3863525390625,1.0,162.8347930908203,229.00511169433594,1.0,177.01376342773438,221.6473846435547,1.0,145.39849853515625,273.030029296875,1.0,130.2554931640625,286.3862609863281,0.9354103803634644,185.19717407226562,270.4403076171875,0.9999998807907104
362,128.45262145996094,227.8743896484375,1.0,137.830322265625,255.8260040283203,1.0,120.01667785644531,252.02748107910156,1.0,110.00643920898438,257.7658386230469,1.0,163.07627868652344,229.09251403808594,1.0,177.43206787109375,221.95494079589844,1.0,145.580322265625,273.2304992675781,1.0,130.0355682373047,286.1314392089844,0.9196063876152039,185.50062561035156,270.8601379394531,0.9999998807907104
363,129.93772888183594,227.9990692138672,1.0,137.92098999023438,256.3273620605469,1.0,122.00274658203125,251.42588806152344,1.0,110.24545288085938,256.77642822265625,1.0,165.74037170410156,228.7375946044922,1.0,181.38473510742188,221.89320373535156,1.0,145.95785522460938,273.33984375,1.0,129.9128875732422,285.345947265625,0.9956973791122437,187.15838623046875,272.32208251953125,0.9999998807907104
364,133.16329956054688,226.6058807373047,1.0,140.18594360351562,256.2823181152344,1.0,124.47374725341797,249.9202880859375,1.0,112.23075103759766,254.94024658203125,1.0,168.2082977294922,228.33934020996094,1.0,183.65040588378906,221.7843475341797,1.0,148.01068115234375,273.964599609375,1.0,130.45849609375,284.87109375,0.9707104563713074,188.8507843017578,272.3082580566406,1.0
365,134.67572021484375,226.19924926757812,1.0,140.63357543945312,255.97933959960938,1.0,125.3935317993164,248.96788024902344,1.0,113.26978302001953,253.96974182128906,1.0,168.91671752929688,228.11766052246094,1.0,184.63063049316406,221.9097900390625,1.0,148.8464813232422,273.95654296875,1.0,130.7479705810547,285.20458984375,0.9972209930419922,189.8902130126953,272.5431213378906,1.0
366,135.25567626953125,225.5252227783203,1.0,141.06695556640625,255.78170776367188,1.0,125.71138763427734,248.6606903076172,1.0,113.83463287353516,253.49224853515625,1.0,169.37059020996094,227.98854064941406,1.0,185.0919952392578,222.28753662109375,1.0,149.51007080078125,273.92352294921875,1.0,130.9459686279297,285.38604736328125,0.999625563621521,190.26275634765625,272.626953125,1.0
367,135.8987579345703,225.9210205078125,1.0,142.03077697753906,255.82603454589844,1.0,125.85411071777344,248.5820770263672,1.0,113.81171417236328,252.6349334716797,1.0,169.49961853027344,228.01751708984375,1.0,185.0432586669922,222.27210998535156,1.0,150.0088653564453,273.9210205078125,1.0,131.23814392089844,285.3338317871094,0.9991998076438904,190.39634704589844,272.4801025390625,1.0
368,136.4658966064453,225.52391052246094,1.0,142.4732208251953,255.467529296875,1.0,126.4302978515625,248.4832000732422,1.0,114.4537353515625,253.0396270751953,1.0,169.90281677246094,228.1380157470703,1.0,185.42469787597656,222.4338836669922,1.0,150.54873657226562,273.6811218261719,1.0,131.0869598388672,285.24468994140625,0.9994644522666931,190.83934020996094,272.4964599609375,1.0
369,136.6951446533203,225.46966552734375,1.0,142.70068359375,255.4032440185547,1.0,126.45164489746094,248.4535675048828,1.0,114.46417999267578,253.34494018554688,1.0,170.14605712890625,228.0791015625,1.0,185.64598083496094,222.5244903564453,1.0,150.6634979248047,273.76007080078125,1.0,131.1016845703125,285.3249206542969,0.999677300453186,191.0423126220703,272.4449157714844,1.0
370,136.49513244628906,225.72230529785156,1.0,142.6984405517578,255.694580078125,1.0,126.40859985351562,249.7239532470703,1.0,114.0790023803711,252.95425415039062,1.0,170.41720581054688,229.19297790527344,1.0,185.8250732421875,222.6671600341797,1.0,150.84329223632812,274.0236511230469,1.0,131.5693359375,285.6632995605469,0.9997482895851135,190.6974639892578,273.1786804199219,1.0
371,136.73648071289062,226.39427185058594,1.0,142.68698120117188,257.10455322265625,1.0,126.2692642211914,250.46124267578125,1.0,113.9494857788086,253.8209686279297,1.0,170.5947265625,231.81314086914062,1.0,186.0615234375,224.33531188964844,1.0,151.11410522460938,274.583984375,1.0,131.2087860107422,284.83197021484375,0.9656680822372437,190.11184692382812,274.8977966308594,1.0
372,136.89584350585938,226.79969787597656,1.0,143.78646850585938,258.21417236328125,1.0,126.36273193359375,250.5972900390625,1.0,114.31866455078125,254.18077087402344,1.0,171.5148468017578,232.29901123046875,1.0,186.9208221435547,224.73826599121094,1.0,150.69448852539062,276.42889404296875,1.0,131.2704315185547,285.56329345703125,0.9388273358345032,189.94300842285156,276.5089416503906,1.0
373,137.0117645263672,227.40773010253906,1.0,143.756103515625,258.1230773925781,1.0,126.73124694824219,250.70191955566406,1.0,114.61376190185547,253.8297882080078,1.0,171.6663360595703,232.52066040039062,1.0,187.0420684814453,224.71383666992188,1.0,150.83470153808594,276.5741882324219,1.0,131.1084442138672,285.7023010253906,0.8849908709526062,190.0984649658203,276.77349853515625,1.0
374,138.27439880371094,226.9536895751953,1.0,144.8873748779297,258.22833251953125,1.0,127.8581771850586,250.0573272705078,1.0,116.26610565185547,252.13037109375,1.0,173.498779296875,233.18540954589844,1.0,189.16441345214844,225.70352172851562,1.0,151.7111358642578,276.2695007324219,1.0,131.4430389404297,285.46136474609375,0.9753119945526123,190.2769775390625,276.89776611328125,1.0
375,142.26416015625,225.64846801757812,1.0,147.0253448486328,258.0866394042969,1.0,130.61264038085938,247.9479217529297,1.0,118.7317123413086,248.92068481445312,1.0,176.62661743164062,233.61868286132812,1.0,192.79147338867188,227.63795471191406,1.0,153.34164428710938,275.99407958984375,1.0,131.46072387695312,284.3900451660156,0.9997265934944153,190.56161499023438,278.3158874511719,1.0
376,144.7453155517578,225.28724670410156,1.0,148.3413848876953,258.8043518066406,1.0,131.72540283203125,247.6013946533203,1.0,119.6811294555664,247.92103576660156,1.0,177.62799072265625,233.8792266845703,1.0,194.38768005371094,227.9976806640625,1.0,154.38270568847656,275.8216247558594,1.0,131.9573974609375,284.41302490234375,0.9982945322990417,192.0626220703125,278.8706359863281,1.0
377,144.95448303222656,224.71728515625,1.0,147.96873474121094,258.772216796875,1.0,131.79507446289062,247.01828002929688,1.0,120.2782211303711,247.16690063476562,1.0,177.6307373046875,234.53407287597656,1.0,194.71836853027344,228.8223114013672,1.0,154.18089294433594,276.01385498046875,1.0,131.5791778564453,284.30126953125,0.9995991587638855,191.3909454345703,279.6374816894531,1.0
378,145.37979125976562,224.31613159179688,1.0,146.9803924560547,259.1469421386719,1.0,131.9319305419922,245.9149627685547,1.0,120.7894515991211,245.1145477294922,1.0,176.95892333984375,235.29551696777344,1.0,194.21954345703125,229.578125,1.0,152.08889770507812,276.42010498046875,1.0,129.29690551757812,284.0225524902344,0.9996434450149536,189.78546142578125,280.30419921875,0.9999997615814209
379,146.20477294921875,222.93255615234375,1.0,146.21713256835938,259.37762451171875,1.0,131.9883270263672,245.36940002441406,1.0,122.01213073730469,243.24876403808594,1.0,177.26312255859375,235.81846618652344,1.0,194.5487060546875,230.50086975097656,1.0,150.70433044433594,276.8928527832031,1.0,128.82310485839844,284.0137634277344,0.9999890327453613,188.16517639160156,281.4695739746094,0.999998927116394
380,146.6514129638672,222.60552978515625,1.0,146.1578369140625,258.87213134765625,1.0,132.52169799804688,245.08169555664062,1.0,122.23361206054688,243.34495544433594,1.0,177.57325744628906,235.7474365234375,1.0,194.5736541748047,230.4361114501953,1.0,150.12725830078125,276.992431640625,1.0,128.40977478027344,284.02874755859375,0.9999656677246094,188.12216186523438,281.08612060546875,0.9999991655349731
381,147.00538635253906,222.140625,1.0,146.1815643310547,258.8214111328125,1.0,132.955810546875,244.73997497558594,1.0,122.76182556152344,243.17176818847656,1.0,177.50625610351562,235.75355529785156,1.0,194.60952758789062,230.23521423339844,1.0,150.31727600097656,276.9374694824219,1.0,128.26177978515625,284.23028564453125,0.9999459981918335,188.08143615722656,281.3702697753906,0.9999994039535522
382,147.34666442871094,221.9228057861328,1.0,146.41085815429688,258.6411437988281,1.0,132.9614715576172,244.75048828125,1.0,122.57151794433594,243.00616455078125,1.0,177.51812744140625,235.9894561767578,1.0,194.52572631835938,230.42152404785156,1.0,150.20574951171875,277.1093444824219,1.0,128.0624542236328,284.1161193847656,0.99989914894104,187.6959991455078,281.5725402832031,0.999998927116394
383,148.19866943359375,221.94931030273438,1.0,146.3733367919922,257.485595703125,1.0,133.8677520751953,243.19541931152344,1.0,122.12523651123047,244.35775756835938,1.0,178.01158142089844,235.08517456054688,1.0,195.84036254882812,229.4193878173828,1.0,150.0161895751953,276.72528076171875,1.0,127.65325164794922,283.6199951171875,0.9998480081558228,188.66539001464844,281.2393798828125,0.9999995231628418
384,150.51495361328125,219.93228149414062,1.0,147.79246520996094,255.18618774414062,1.0,134.58114624023438,240.3158721923828,1.0,123.18505096435547,241.09996032714844,1.0,180.9286651611328,233.74740600585938,1.0,198.11648559570312,229.19903564453125,1.0,150.68728637695312,276.0802001953125,1.0,126.73951721191406,283.4256591796875,0.9999927282333374,190.2019805908203,280.9691467285156,0.9999994039535522
385,151.0222625732422,218.9970703125,1.0,148.23495483398438,254.8906707763672,1.0,134.75794982910156,240.319091796875,1.0,123.63572692871094,240.5158233642578,1.0,180.9688262939453,233.6418914794922,1.0,198.61424255371094,229.88555908203125,1.0,151.3885955810547,276.5713195800781,1.0,126.85386657714844,283.6883850097656,0.9999839067459106,190.1811981201172,281.0534973144531,0.9999995231628418
386,151.26663208007812,218.723388671875,1.0,148.3201904296875,254.72195434570312,1.0,134.82981872558594,240.1371307373047,1.0,123.71014404296875,240.70883178710938,1.0,181.18606567382812,233.7642059326172,1.0,198.6417694091797,230.1490020751953,1.0,151.67514038085938,276.2999572753906,1.0,126.85493469238281,283.6405334472656,0.9999877214431763,190.19503784179688,280.975341796875,0.9999997615814209
387,151.21376037597656,218.62884521484375,1.0,148.26296997070312,254.4775390625,1.0,134.74826049804688,239.8833770751953,1.0,123.50074768066406,240.98448181152344,1.0,181.31680297851562,233.60406494140625,1.0,198.96958923339844,230.07679748535156,1.0,151.4813995361328,276.21795654296875,1.0,126.4586181640625,283.51715087890625,0.9999948740005493,190.29542541503906,280.92889404296875,0.9999998807907104
388,151.453125,218.4185333251953,1.0,148.20367431640625,254.66766357421875,1.0,134.97537231445312,240.02627563476562,1.0,123.53556823730469,240.88055419921875,1.0,181.45230102539062,233.75865173339844,1.0,199.04054260253906,230.08297729492188,1.0,151.78733825683594,276.1818542480469,1.0,126.34671020507812,283.55340576171875,0.9999942779541016,190.5916748046875,281.0205383300781,0.9999997615814209
389,151.2801055908203,218.19769287109375,1.0,148.15093994140625,254.72198486328125,1.0,134.90174865722656,240.11038208007812,1.0,123.1508560180664,241.1876983642578,1.0,181.5848846435547,233.7384490966797,1.0,199.08045959472656,230.04515075683594,1.0,151.68218994140625,276.1505126953125,1.0,126.30197143554688,283.72637939453125,0.9999923706054688,190.171630859375,281.2540588378906,0.9999997615814209
390,151.672119140625,218.2013702392578,1.0,148.40660095214844,254.82061767578125,1.0,135.08790588378906,240.05116271972656,1.0,123.37334442138672,240.90444946289062,1.0,181.9076690673828,234.0686798095703,1.0,198.83010864257812,229.8387908935547,1.0,151.67318725585938,276.2669372558594,1.0,126.43289947509766,283.6624755859375,0.999995231628418,189.8506317138672,281.6329345703125,0.9999997615814209
391,152.29531860351562,218.2751922607422,1.0,148.91282653808594,254.1720733642578,1.0,135.45140075683594,239.65573120117188,1.0,123.97691345214844,240.6161651611328,1.0,182.32083129882812,234.21022033691406,1.0,199.6053924560547,230.19973754882812,1.0,151.69696044921875,276.14813232421875,1.0,126.054443359375,283.36041259765625,0.9999916553497314,189.996826171875,281.8633728027344,0.9999997615814209
392,152.65798950195312,217.96420288085938,1.0,149.0107421875,254.04806518554688,1.0,135.6510467529297,239.4069061279297,1.0,123.96794128417969,240.1728973388672,1.0,182.0930938720703,234.31332397460938,1.0,199.67640686035156,230.25430297851562,1.0,151.72743225097656,276.3030090332031,1.0,126.65116882324219,282.84808349609375,0.9999971389770508,190.22425842285156,281.8225402832031,0.9999996423721313
393,152.61907958984375,217.8617401123047,1.0,149.1343536376953,254.0926513671875,1.0,135.593017578125,239.29043579101562,1.0,123.55986785888672,240.57296752929688,1.0,182.1330108642578,234.44195556640625,1.0,199.76052856445312,230.33743286132812,1.0,151.79505920410156,276.27947998046875,1.0,126.49901580810547,282.8724670410156,0.9999974966049194,190.13925170898438,281.88348388671875,0.9999997615814209
394,152.7115020751953,217.83973693847656,1.0,149.189453125,254.0733642578125,1.0,135.7369842529297,239.25955200195312,1.0,123.71863555908203,240.1981658935547,1.0,182.1442108154297,234.4428253173828,1.0,199.75103759765625,230.5509033203125,1.0,151.9578399658203,276.29833984375,1.0,126.58332061767578,283.05194091796875,0.9999984502792358,190.3023223876953,281.87005615234375,0.9999996423721313
395,152.891357421875,217.7018585205078,1.0,148.81442260742188,253.6234893798828,1.0,135.69790649414062,238.68170166015625,1.0,123.66548156738281,239.4530029296875,1.0,182.2646942138672,234.27569580078125,1.0,199.9669189453125,230.48477172851562,1.0,151.1576690673828,275.9273376464844,1.0,126.60765075683594,283.0072326660156,0.9999997615814209,189.71958923339844,281.1431579589844,0.9999998807907104
396,152.657958984375,217.5861358642578,1.0,147.89366149902344,253.01004028320312,1.0,135.41136169433594,238.25717163085938,1.0,123.32884979248047,239.26278686523438,1.0,181.5335693359375,234.18991088867188,1.0,199.4805145263672,230.6485137939453,1.0,149.4491729736328,274.8809509277344,1.0,125.15194702148438,282.470947265625,0.9999998807907104,188.1345672607422,281.1038818359375,0.9999998807907104
397,152.33798217773438,217.62631225585938,1.0,146.81051635742188,252.54953002929688,1.0,135.00559997558594,237.94046020507812,1.0,122.89143371582031,239.59658813476562,1.0,180.8195037841797,233.84323120117188,1.0,198.36241149902344,229.84170532226562,1.0,147.19149780273438,274.0722961425781,1.0,124.04981231689453,282.5925598144531,1.0,186.91807556152344,280.5022888183594,1.0
398,151.2739715576172,217.10696411132812,1.0,146.2616729736328,252.32249450683594,1.0,134.3780517578125,237.5526123046875,1.0,122.54737854003906,238.9960479736328,1.0,180.286376953125,232.81027221679688,1.0,198.42794799804688,229.51663208007812,1.0,146.47137451171875,273.8269958496094,1.0,123.70956420898438,282.23126220703125,1.0,186.1226348876953,279.8650817871094,1.0
399,149.92005920410156,216.3840789794922,1.0,145.18191528320312,252.48887634277344,1.0,133.41824340820312,237.14794921875,1.0,121.76380157470703,238.32913208007812,1.0,178.27059936523438,232.0441131591797,1.0,196.70579528808594,228.30364990234375,1.0,145.51119995117188,273.3880615234375,1.0,122.9673843383789,282.2054748535156,1.0,185.03134155273438,279.3492431640625,1.0
400,144.4591522216797,215.43606567382812,1.0,138.44691467285156,251.1276397705078,1.0,129.30120849609375,237.98101806640625,1.0,119.75030517578125,238.47320556640625,1.0,174.04620361328125,231.56240844726562,1.0,191.5861053466797,228.55459594726562,1.0,140.88461303710938,272.42816162109375,1.0,120.1194076538086,282.25335693359375,1.0,180.77627563476562,277.7007751464844,1.0
401,140.2112579345703,215.3977813720703,1.0,134.9084930419922,249.45411682128906,1.0,125.70970153808594,237.54336547851562,1.0,115.93704223632812,239.7771453857422,1.0,170.21176147460938,231.04660034179688,1.0,187.2854461669922,228.152587890625,1.0,134.66050720214844,270.6975402832031,1.0,117.12296295166016,282.74072265625,1.0,176.05418395996094,277.40887451171875,1.0
402,137.14891052246094,215.53875732421875,1.0,131.02687072753906,249.24331665039062,1.0,122.84589385986328,237.5599365234375,1.0,113.49919128417969,239.7615203857422,1.0,166.7552032470703,230.1875,1.0,184.48760986328125,227.1890411376953,1.0,130.66796875,270.0079650878906,1.0,114.56759643554688,281.9794616699219,1.0,171.70065307617188,277.2198791503906,1.0
403,133.85646057128906,216.0087890625,1.0,129.2779083251953,249.29173278808594,1.0,120.79873657226562,237.377197265625,1.0,111.51390075683594,240.63302612304688,1.0,164.77944946289062,230.66775512695312,1.0,182.2111053466797,227.2061004638672,1.0,128.60435485839844,270.64825439453125,1.0,112.91473388671875,282.2300109863281,1.0,170.25180053710938,277.3844299316406,1.0
404,133.0965118408203,216.06422424316406,1.0,128.1143341064453,248.86117553710938,1.0,119.8608169555664,237.6688232421875,1.0,110.62227630615234,241.43124389648438,1.0,163.3582000732422,230.96795654296875,1.0,180.57168579101562,227.36245727539062,1.0,127.40028381347656,270.3785400390625,1.0,112.24454498291016,281.6138610839844,1.0,168.88916015625,277.2707214355469,1.0
405,131.4564971923828,213.91995239257812,1.0,126.46855163574219,246.6370086669922,1.0,118.74163818359375,237.46481323242188,1.0,109.98072052001953,242.5679473876953,1.0,161.9140625,227.85202026367188,1.0,177.7268524169922,225.0890655517578,1.0,127.2506332397461,268.646484375,1.0,112.84942626953125,280.65069580078125,1.0,165.55006408691406,277.0379638671875,1.0
406,133.35919189453125,202.51266479492188,1.0,130.09303283691406,231.71231079101562,1.0,120.35121154785156,228.75621032714844,1.0,111.81368255615234,233.31005859375,1.0,166.6382293701172,217.04920959472656,1.0,182.01596069335938,214.35195922851562,1.0,129.666748046875,250.50186157226562,1.0,115.2002182006836,271.2976989746094,1.0,167.68862915039062,263.75933837890625,0.9999998807907104
407,137.44476318359375,198.88186645507812,1.0,136.3050079345703,224.81529235839844,1.0,124.65946960449219,223.5874786376953,1.0,115.68358612060547,229.431884765625,1.0,172.1182403564453,211.56683349609375,1.0,187.26475524902344,210.16436767578125,1.0,135.74440002441406,242.22586059570312,1.0,118.81206512451172,262.8902282714844,1.0,172.72532653808594,254.5072021484375,1.0
408,139.1438446044922,197.0101776123047,1.0,137.547607421875,221.74813842773438,1.0,125.76107025146484,222.40684509277344,1.0,116.35746002197266,227.80604553222656,1.0,172.53810119628906,210.61659240722656,1.0,187.7158203125,209.3998565673828,1.0,137.06036376953125,240.23974609375,1.0,120.21612548828125,260.08721923828125,1.0,174.4351043701172,252.16934204101562,1.0
409,139.5166015625,195.90591430664062,1.0,138.66839599609375,219.18008422851562,1.0,125.44193267822266,221.75157165527344,1.0,115.88541412353516,227.28298950195312,1.0,173.3582000732422,209.28843688964844,1.0,188.8937530517578,208.88014221191406,1.0,138.21095275878906,238.28024291992188,1.0,121.26935577392578,258.69476318359375,1.0,174.80776977539062,251.3837890625,1.0
410,139.87979125976562,192.22789001464844,1.0,139.3765869140625,213.3338165283203,1.0,126.64408111572266,217.19488525390625,0.9999998807907104,117.48704528808594,222.08457946777344,1.0,173.32232666015625,207.19834899902344,1.0,189.2266082763672,206.6817169189453,1.0,137.7735595703125,231.489990234375,1.0,121.08444213867188,250.89199829101562,1.0,173.59542846679688,249.14309692382812,1.0
411,145.95230102539062,181.4566192626953,1.0,137.41522216796875,197.93997192382812,1.0,125.03704833984375,202.45677185058594,0.0023350559640675783,210.02999877929688,197.80441284179688,0.00060780014609918,174.8496856689453,200.18727111816406,1.0,188.3425750732422,200.772705078125,1.0,132.00059509277344,214.46783447265625,1.0,117.25261688232422,235.54872131347656,0.9999998807907104,166.7972412109375,237.9594268798828,1.0
412,148.34042358398438,179.55186462402344,1.0,139.13650512695312,194.93321228027344,1.0,134.11758422851562,196.4110870361328,0.001983801368623972,131.6632080078125,195.22206115722656,0.0007328398642130196,175.2856903076172,198.15846252441406,1.0,188.5917205810547,197.47549438476562,1.0,132.2972412109375,209.47137451171875,1.0,114.02485656738281,230.20338439941406,1.0,164.53761291503906,228.01519775390625,1.0
413,150.9826202392578,178.70538330078125,1.0,140.3157958984375,192.93223571777344,1.0,135.0245819091797,195.1215362548828,0.001577981049194932,113.27471923828125,230.65280151367188,0.0009111493709497154,176.68429565429688,197.3851318359375,1.0,189.46485900878906,197.74365234375,1.0,132.71653747558594,207.12716674804688,1.0,112.79264068603516,227.57125854492188,0.9999998807907104,163.54421997070312,226.55690002441406,1.0
414,155.2322540283203,177.85012817382812,1.0,142.1497344970703,190.33718872070312,0.9999986886978149,136.14923095703125,193.1702423095703,0.0009283286635763943,206.6754150390625,197.15350341796875,0.0009086281643249094,177.62342834472656,196.88034057617188,1.0,190.7974090576172,197.7596435546875,1.0,132.8940887451172,203.10858154296875,1.0,113.33780670166016,224.4549102783203,0.9999990463256836,163.3516082763672,224.50099182128906,1.0
415,168.5170440673828,175.02655029296875,0.9999998807907104,152.5216827392578,182.38516235351562,0.3466251790523529,142.34974670410156,180.88778686523438,0.0011010939488187432,200.75955200195312,197.7361297607422,0.001068948651663959,186.46766662597656,195.9292449951172,1.0,198.02857971191406,197.25955200195312,1.0,139.83851623535156,190.25022888183594,0.9999998807907104,119.83584594726562,220.63909912109375,0.998056948184967,170.9261932373047,219.55764770507812,0.9999984502792358
416,178.3750762939453,174.608642578125,1.0,161.03524780273438,179.77354431152344,0.2033463567495346,131.67117309570312,215.67025756835938,0.00045195576967671514,223.8990936279297,198.08514404296875,0.0010977104539051652,195.53468322753906,194.14219665527344,1.0,205.65826416015625,197.52540588378906,1.0,150.1639862060547,186.8732147216797,1.0,127.45082092285156,213.010498046875,0.9998201727867126,181.6178741455078,214.24851989746094,1.0
417,181.84974670410156,174.85630798339844,0.9999995231628418,162.51278686523438,177.6138153076172,0.014109293930232525,194.6543426513672,216.22589111328125,0.0005851747700944543,130.441650390625,216.02072143554688,0.0009456091211177409,198.51551818847656,194.4999542236328,1.0,208.11264038085938,197.62527465820312,1.0,154.5976104736328,184.44192504882812,1.0,130.6627655029297,210.2225341796875,0.9999591112136841,184.9265594482422,213.15322875976562,1.0
418,182.77720642089844,173.88107299804688,0.9999991655349731,163.77423095703125,176.7005615234375,0.009852382354438305,194.62171936035156,216.4488983154297,0.0006281074602156878,154.2422637939453,172.9325408935547,0.0009412990184500813,199.36203002929688,194.1790771484375,1.0,209.58370971679688,197.60572814941406,1.0,156.03753662109375,183.45021057128906,1.0,133.104736328125,210.46829223632812,0.9999476671218872,186.24598693847656,212.79779052734375,1.0
419,182.8852996826172,174.65237426757812,0.9999997615814209,164.84921264648438,177.7566680908203,0.08569259941577911,157.08494567871094,179.1134796142578,0.0007499618805013597,220.63497924804688,198.41778564453125,0.0014268740778788924,200.08140563964844,194.9305419921875,1.0,210.38075256347656,198.86288452148438,1.0,157.3977508544922,185.1363525390625,1.0,133.96585083007812,211.37042236328125,0.9999589920043945,186.91201782226562,215.18736267089844,0.9999998807907104
420,178.06263732910156,177.6670379638672,1.0,164.97213745117188,184.65676879882812,0.6913221478462219,155.36361694335938,190.51611328125,0.0007426083320751786,222.82162475585938,197.6268310546875,0.0006702406099066138,196.17575073242188,199.04884338378906,1.0,208.5298614501953,202.05772399902344,1.0,153.7972869873047,192.80018615722656,0.9999998807907104,133.8115692138672,220.84556579589844,0.9999736547470093,185.42442321777344,223.92726135253906,0.9999998807907104
421,170.55003356933594,182.53443908691406,1.0,161.53170776367188,194.49929809570312,0.9999998807907104,147.59982299804688,201.97286987304688,0.020683329552412033,133.02630615234375,210.1716766357422,0.005396375898271799,193.71591186523438,203.73011779785156,1.0,207.68992614746094,206.7075653076172,1.0,155.86080932617188,208.7700958251953,1.0,134.28201293945312,228.01673889160156,1.0,185.77671813964844,233.10841369628906,1.0
422,168.1082305908203,185.50582885742188,1.0,159.32325744628906,199.50479125976562,1.0,143.7571258544922,206.16201782226562,0.9990276098251343,135.01316833496094,210.05487060546875,0.9958279728889465,192.5884246826172,205.28204345703125,1.0,206.40151977539062,208.03616333007812,1.0,155.2891845703125,215.84759521484375,1.0,134.02023315429688,232.24278259277344,1.0,185.89599609375,235.43319702148438,1.0
423,165.95782470703125,186.74234008789062,1.0,158.8705291748047,202.11126708984375,1.0,142.85789489746094,208.86061096191406,0.9999995231628418,133.18385314941406,213.7257080078125,0.9999994039535522,191.3267059326172,206.14508056640625,1.0,205.13697814941406,207.52291870117188,1.0,156.62596130371094,218.55813598632812,1.0,134.57012939453125,235.75035095214844,1.0,186.43092346191406,236.95074462890625,1.0
424,165.27978515625,186.7734375,1.0,158.44398498535156,202.7328643798828,1.0,142.67535400390625,209.0246124267578,0.9999998807907104,132.66517639160156,214.4368438720703,1.0,190.74107360839844,206.2918701171875,1.0,204.65631103515625,207.3520965576172,1.0,156.54356384277344,219.4974822998047,1.0,135.4679412841797,237.28451538085938,1.0,186.19822692871094,237.1249542236328,1.0
425,164.82208251953125,186.9869384765625,1.0,158.36386108398438,203.5828857421875,1.0,142.36790466308594,209.70655822753906,1.0,132.08493041992188,214.98056030273438,1.0,190.34664916992188,206.51072692871094,1.0,204.5894317626953,207.76483154296875,1.0,157.13035583496094,220.37191772460938,1.0,135.64988708496094,238.4230499267578,1.0,186.3325653076172,237.97760009765625,1.0
426,163.26687622070312,187.79315185546875,1.0,157.75636291503906,205.53634643554688,1.0,142.12667846679688,211.17662048339844,1.0,131.14779663085938,216.5469512939453,1.0,189.427978515625,206.5362091064453,1.0,203.9628448486328,207.86094665527344,1.0,157.05287170410156,221.78175354003906,1.0,135.54916381835938,241.2412872314453,1.0,186.6213836669922,239.2814178466797,1.0
427,160.1124725341797,190.4459991455078,1.0,156.27638244628906,208.08731079101562,1.0,141.07264709472656,212.680908203125,1.0,129.2866668701172,217.99623107910156,1.0,188.34524536132812,206.98646545410156,1.0,202.68763732910156,207.95596313476562,1.0,155.0613555908203,225.33676147460938,1.0,134.990966796875,244.22177124023438,1.0,185.2121124267578,241.47926330566406,1.0
428,157.78456115722656,191.80262756347656,1.0,155.4323272705078,212.21780395507812,1.0,139.34703063964844,216.70066833496094,1.0,127.5882568359375,219.9553985595703,1.0,186.82374572753906,209.79196166992188,1.0,201.9605255126953,210.33106994628906,1.0,154.62586975097656,231.38775634765625,1.0,134.23289489746094,250.0409698486328,1.0,186.464599609375,246.88449096679688,1.0
429,156.00572204589844,192.7340545654297,1.0,153.89971923828125,214.34255981445312,1.0,138.7747344970703,217.77818298339844,1.0,126.87371063232422,221.68707275390625,1.0,185.7220001220703,210.9133758544922,1.0,200.8828125,211.18243408203125,1.0,154.03321838378906,233.17410278320312,1.0,134.06655883789062,251.935546875,1.0,185.78689575195312,247.66317749023438,1.0
430,156.51016235351562,193.1110076904297,1.0,153.8648223876953,214.6671142578125,1.0,138.99224853515625,217.5885467529297,1.0,127.10238647460938,221.40121459960938,1.0,185.91624450683594,210.6770782470703,1.0,200.74574279785156,210.99501037597656,1.0,154.22930908203125,233.49351501464844,1.0,134.13648986816406,251.94027709960938,1.0,185.496337890625,247.5902099609375,1.0
431,156.57073974609375,193.44935607910156,1.0,154.22244262695312,214.81207275390625,1.0,139.0447998046875,217.6835479736328,1.0,127.16248321533203,221.329833984375,1.0,185.77999877929688,210.8046112060547,1.0,200.78114318847656,211.25082397460938,1.0,154.58555603027344,233.5887451171875,1.0,133.95799255371094,252.0863494873047,1.0,185.94302368164062,247.81739807128906,1.0
432,157.0502166748047,193.19114685058594,1.0,154.58328247070312,214.5200653076172,1.0,138.98948669433594,217.37071228027344,1.0,127.13726043701172,221.34031677246094,1.0,186.32810974121094,210.910400390625,1.0,200.90342712402344,211.09786987304688,1.0,154.71372985839844,233.46533203125,1.0,133.87649536132812,252.1172332763672,1.0,186.3943328857422,248.25921630859375,1.0
433,158.7868194580078,192.30201721191406,1.0,157.1224822998047,214.4974822998047,1.0,139.6863555908203,216.9444580078125,1.0,128.1631622314453,220.36497497558594,1.0,188.35855102539062,210.59576416015625,1.0,203.07757568359375,211.07791137695312,1.0,157.09129333496094,233.48199462890625,1.0,136.12005615234375,253.5363311767578,1.0,189.14608764648438,248.6309814453125,1.0
434,161.11143493652344,191.9542236328125,1.0,159.7332305908203,214.19747924804688,1.0,141.33425903320312,215.53262329101562,1.0,130.30718994140625,219.80191040039062,1.0,190.30458068847656,210.6480255126953,1.0,204.6402587890625,211.39303588867188,1.0,159.04559326171875,233.07359313964844,1.0,137.311279296875,253.2479248046875,1.0,190.74227905273438,248.46774291992188,1.0
435,161.77320861816406,192.03042602539062,1.0,160.52310180664062,214.18701171875,1.0,142.39520263671875,215.1658935546875,1.0,131.27951049804688,219.2540283203125,1.0,190.88446044921875,210.4561767578125,1.0,205.54666137695312,211.45254516601562,1.0,159.695068359375,233.14990234375,1.0,138.058837890625,252.8660888671875,1.0,191.56427001953125,249.19210815429688,1.0
436,161.68746948242188,192.01104736328125,1.0,160.7754669189453,214.29244995117188,1.0,142.2438201904297,215.16114807128906,1.0,131.32791137695312,219.43447875976562,1.0,190.94000244140625,210.36122131347656,1.0,205.66500854492188,211.5088653564453,1.0,160.06996154785156,233.21157836914062,1.0,138.77145385742188,252.96527099609375,1.0,191.97286987304688,249.34423828125,1.0
437,162.27015686035156,192.0869140625,1.0,160.85919189453125,214.83804321289062,1.0,142.3712921142578,215.3209686279297,1.0,131.509033203125,219.44891357421875,1.0,190.99111938476562,210.49620056152344,1.0,205.714111328125,211.78929138183594,1.0,160.45883178710938,233.83544921875,1.0,138.8350067138672,253.64239501953125,1.0,192.28334045410156,249.60992431640625,1.0
438,161.94717407226562,193.7217559814453,1.0,160.1790771484375,219.59950256347656,1.0,141.1825714111328,218.42300415039062,1.0,130.6067657470703,220.26368713378906,1.0,190.3816375732422,213.55641174316406,1.0,204.69737243652344,214.44691467285156,1.0,161.15692138671875,236.84617614746094,1.0,137.52728271484375,256.89208984375,1.0,193.10720825195312,253.41224670410156,1.0
439,157.14683532714844,201.90402221679688,1.0,155.54652404785156,230.38394165039062,1.0,137.13650512695312,225.94668579101562,1.0,126.3750228881836,227.79547119140625,1.0,186.06048583984375,219.84637451171875,1.0,202.23683166503906,219.02090454101562,1.0,156.9878387451172,248.8807373046875,1.0,133.98309326171875,265.9706726074219,1.0,190.65792846679688,264.01068115234375,1.0
440,154.4906768798828,205.3872528076172,1.0,152.38392639160156,234.36154174804688,1.0,135.90060424804688,229.8770294189453,1.0,124.59455108642578,231.60670471191406,1.0,184.71421813964844,222.7578125,1.0,201.1957244873047,222.05130004882812,1.0,153.70413208007812,255.26522827148438,1.0,131.62164306640625,270.9618225097656,1.0,189.20211791992188,267.277099609375,1.0
441,153.23167419433594,207.3458251953125,1.0,150.5671844482422,237.89987182617188,1.0,134.717529296875,230.92703247070312,1.0,123.48481750488281,233.4468994140625,1.0,183.42025756835938,224.2034149169922,1.0,199.9290313720703,222.97422790527344,1.0,152.1634521484375,258.02117919921875,1.0,130.47506713867188,273.2888488769531,1.0,187.10289001464844,269.0062255859375,1.0
442,152.17813110351562,209.94615173339844,1.0,149.80271911621094,240.02076721191406,1.0,134.119384765625,232.1738739013672,1.0,123.02249908447266,233.6938934326172,1.0,182.7278594970703,225.23780822753906,1.0,199.12571716308594,223.8035888671875,1.0,151.13467407226562,260.08453369140625,1.0,129.73367309570312,275.22772216796875,1.0,187.28640747070312,270.9246520996094,1.0
443,148.5211639404297,215.01612854003906,1.0,146.3770294189453,247.93011474609375,1.0,132.16831970214844,237.8048858642578,1.0,121.24923706054688,238.14132690429688,1.0,178.2022705078125,231.46932983398438,1.0,196.41148376464844,228.55477905273438,1.0,146.7808380126953,269.58624267578125,1.0,126.52037811279297,281.06890869140625,1.0,181.6670379638672,280.0386962890625,0.9999997615814209
444,145.95318603515625,218.97921752929688,1.0,142.11224365234375,252.87013244628906,1.0,129.73065185546875,240.94686889648438,1.0,119.22277069091797,241.25567626953125,1.0,175.46241760253906,234.7764434814453,1.0,192.88494873046875,231.32936096191406,1.0,143.72703552246094,274.3762512207031,1.0,120.39656066894531,283.1756286621094,0.9999998807907104,181.31492614746094,280.35577392578125,1.0
445,144.62796020507812,219.32083129882812,1.0,140.56358337402344,254.12416076660156,1.0,128.4656524658203,241.41053771972656,1.0,118.38665008544922,241.2284698486328,1.0,174.07225036621094,235.66171264648438,1.0,191.4226531982422,231.7501983642578,1.0,142.43603515625,274.7943115234375,1.0,119.15747833251953,283.097900390625,1.0,180.05332946777344,281.6068115234375,0.9999998807907104
446,143.87252807617188,219.95492553710938,1.0,140.21217346191406,254.82127380371094,1.0,128.09231567382812,241.57188415527344,1.0,118.08553314208984,242.02120971679688,1.0,173.53555297851562,235.66268920898438,1.0,190.87876892089844,232.00570678710938,1.0,140.8773193359375,275.0538330078125,1.0,118.17129516601562,283.0861511230469,1.0,179.40072631835938,281.23052978515625,0.9999998807907104
447,145.02830505371094,219.2809295654297,1.0,140.02613830566406,254.41378784179688,1.0,128.5024871826172,240.50247192382812,1.0,118.10417175292969,241.40438842773438,1.0,174.46669006347656,234.74014282226562,1.0,191.8467254638672,231.5594940185547,1.0,141.3575897216797,274.76666259765625,1.0,118.31163787841797,282.9271240234375,1.0,179.66184997558594,281.6213684082031,0.9999998807907104
448,145.2731170654297,218.7563934326172,1.0,140.82611083984375,253.2396240234375,1.0,128.43331909179688,239.9091033935547,1.0,117.75971221923828,241.1038055419922,1.0,174.70721435546875,234.09544372558594,1.0,191.68408203125,231.05763244628906,1.0,141.48312377929688,274.42584228515625,1.0,118.459716796875,282.904052734375,1.0,179.92306518554688,281.2894592285156,0.9999998807907104
449,145.24143981933594,218.60275268554688,1.0,140.8170623779297,253.19679260253906,1.0,128.3829803466797,239.8196258544922,1.0,117.46773529052734,240.75192260742188,1.0,174.71200561523438,233.9847412109375,1.0,191.71295166015625,230.99839782714844,1.0,141.58108520507812,274.40838623046875,1.0,118.52676391601562,282.94384765625,1.0,179.9940948486328,280.5412902832031,1.0
450,145.16297912597656,218.47764587402344,1.0,140.74334716796875,252.77316284179688,1.0,128.38084411621094,239.7763214111328,1.0,117.47318267822266,240.92018127441406,1.0,174.6187286376953,234.2041473388672,1.0,191.58099365234375,231.02413940429688,1.0,141.55648803710938,274.0369567871094,1.0,118.63783264160156,282.869873046875,1.0,179.89663696289062,280.7099914550781,1.0
451,145.38125610351562,218.33419799804688,1.0,140.91708374023438,252.71896362304688,1.0,128.43548583984375,239.57244873046875,1.0,117.3472900390625,240.80465698242188,1.0,174.62843322753906,234.2564697265625,1.0,191.6668701171875,230.9921112060547,1.0,141.5385284423828,274.06756591796875,1.0,118.59095001220703,282.8269348144531,1.0,179.90786743164062,280.72137451171875,1.0
452,145.34716796875,218.13816833496094,1.0,140.92620849609375,252.84312438964844,1.0,128.37644958496094,239.52349853515625,1.0,117.46974182128906,240.59848022460938,1.0,174.8055419921875,234.4066162109375,1.0,191.75428771972656,231.08314514160156,1.0,141.58326721191406,274.2683410644531,1.0,118.60208129882812,283.0927734375,1.0,179.75979614257812,280.85919189453125,1.0
453,145.6577606201172,218.25982666015625,1.0,141.0469970703125,253.01663208007812,1.0,128.36770629882812,239.323486328125,1.0,117.43724060058594,240.2570343017578,1.0,174.810546875,234.42730712890625,1.0,191.8339080810547,231.2019805908203,1.0,141.27792358398438,274.26446533203125,1.0,118.71746826171875,282.9335632324219,1.0,179.4802703857422,280.81170654296875,1.0
454,145.4818572998047,218.50604248046875,1.0,141.00485229492188,252.96360778808594,1.0,128.26876831054688,239.30816650390625,1.0,117.44036102294922,240.29095458984375,1.0,174.7150115966797,234.4457244873047,1.0,191.8132781982422,231.03550720214844,1.0,141.40689086914062,274.14556884765625,1.0,118.62384796142578,283.025390625,1.0,179.7381134033203,281.14154052734375,1.0
455,145.54129028320312,218.13015747070312,1.0,140.91348266601562,252.71157836914062,1.0,128.25338745117188,239.1737823486328,1.0,117.2867202758789,240.07119750976562,1.0,174.7660369873047,234.35885620117188,1.0,191.75479125976562,231.09475708007812,1.0,140.9176483154297,274.137939453125,1.0,118.62908172607422,282.9005126953125,1.0,179.62612915039062,281.287353515625,1.0
456,145.72634887695312,218.0272979736328,1.0,140.97189331054688,252.62608337402344,1.0,128.2364959716797,239.19183349609375,1.0,117.01251220703125,239.99229431152344,1.0,175.161376953125,234.204833984375,1.0,192.14283752441406,231.2048797607422,1.0,140.693359375,273.88812255859375,1.0,118.81002044677734,283.01824951171875,1.0,180.0927276611328,281.1678466796875,1.0
457,145.7195587158203,217.92581176757812,1.0,140.9246063232422,252.56626892089844,1.0,128.238037109375,239.22491455078125,1.0,117.14353942871094,239.88209533691406,1.0,175.02455139160156,234.1901092529297,1.0,192.13377380371094,231.25755310058594,1.0,140.65359497070312,273.86114501953125,1.0,118.80780792236328,283.0230712890625,1.0,180.0120391845703,281.2239990234375,1.0
458,145.76722717285156,217.75701904296875,1.0,140.94407653808594,252.67164611816406,1.0,128.24124145507812,239.300537109375,1.0,117.1700668334961,239.91249084472656,1.0,174.94947814941406,234.2607879638672,1.0,192.00460815429688,231.13104248046875,1.0,140.56692504882812,273.8135070800781,1.0,118.85147094726562,282.9980773925781,1.0,180.14816284179688,281.24639892578125,1.0
459,145.71182250976562,217.99618530273438,1.0,141.03607177734375,252.7610321044922,1.0,128.1219482421875,239.3883056640625,1.0,117.08761596679688,240.08543395996094,1.0,174.9663543701172,234.326171875,1.0,192.00039672851562,231.1951141357422,1.0,140.6887969970703,273.81378173828125,1.0,118.79562377929688,283.0096740722656,1.0,180.28663635253906,280.8511047363281,1.0
460,145.81735229492188,218.01864624023438,1.0,141.10238647460938,252.75050354003906,1.0,128.0532989501953,239.40916442871094,1.0,116.91632843017578,239.92054748535156,1.0,175.03665161132812,234.40914916992188,1.0,192.1686553955078,231.2699432373047,1.0,140.7975616455078,273.70947265625,1.0,118.7647705078125,282.9988098144531,1.0,180.31910705566406,281.2982177734375,1.0
461,145.92567443847656,218.1452178955078,1.0,141.2976837158203,252.8553466796875,1.0,128.1211395263672,239.3716278076172,1.0,116.81040954589844,239.88427734375,1.0,175.23973083496094,234.5055389404297,1.0,192.153564453125,231.33668518066406,1.0,140.96348571777344,273.7071228027344,1.0,118.76985931396484,283.1232604980469,1.0,180.38916015625,281.3127746582031,1.0
462,145.90579223632812,218.04730224609375,1.0,141.43563842773438,252.9451446533203,1.0,128.192138671875,239.4741973876953,1.0,116.88497161865234,239.82826232910156,1.0,175.35116577148438,234.59552001953125,1.0,192.38665771484375,231.4245147705078,1.0,141.17431640625,273.7835693359375,1.0,118.69062805175781,283.22650146484375,1.0,180.39479064941406,281.31732177734375,1.0
463,145.94406127929688,217.89056396484375,1.0,141.42431640625,252.89601135253906,1.0,128.23069763183594,239.47799682617188,1.0,116.90174865722656,240.04238891601562,1.0,175.30029296875,234.56126403808594,1.0,192.60963439941406,231.52972412109375,1.0,141.21112060546875,273.74615478515625,1.0,118.82125854492188,283.2671203613281,1.0,180.51780700683594,281.3077697753906,1.0
464,146.3268280029297,218.0805206298828,1.0,141.58749389648438,252.7232208251953,1.0,128.3216552734375,239.34698486328125,1.0,116.7342758178711,240.07635498046875,1.0,175.49705505371094,234.61268615722656,1.0,192.91175842285156,231.73379516601562,1.0,141.13632202148438,273.67144775390625,1.0,118.77312469482422,283.1031188964844,1.0,180.48077392578125,281.4386291503906,1.0
465,146.55540466308594,218.2685089111328,1.0,141.00491333007812,252.89646911621094,1.0,128.5732421875,239.1780548095703,1.0,116.68162536621094,239.639404296875,1.0,175.8493194580078,234.88795471191406,1.0,193.595703125,231.90614318847656,1.0,141.40696716308594,273.833984375,1.0,118.6884765625,283.0321350097656,1.0,180.19361877441406,281.2665710449219,1.0
466,150.2190704345703,217.2369384765625,1.0,140.1619873046875,251.99473571777344,1.0,130.7960662841797,236.49270629882812,1.0,118.75960540771484,234.5084991455078,1.0,177.11441040039062,237.86724853515625,1.0,195.94586181640625,236.0184326171875,1.0,139.0413360595703,274.8970642089844,1.0,117.80758666992188,282.2030944824219,1.0,179.5505828857422,281.9739990234375,1.0
467,153.2770538330078,216.44866943359375,1.0,139.67872619628906,252.2311553955078,1.0,132.97731018066406,234.47415161132812,1.0,121.1551513671875,230.95669555664062,1.0,178.47265625,239.2496795654297,1.0,197.06509399414062,238.2128448486328,1.0,135.6171417236328,273.96734619140625,1.0,116.20989227294922,280.8951721191406,1.0,177.07797241210938,282.7073974609375,0.9999997615814209
468,153.30282592773438,216.76954650878906,1.0,138.8959197998047,252.3614044189453,1.0,132.58663940429688,234.5941925048828,1.0,121.10852813720703,230.25161743164062,1.0,178.0272979736328,239.20077514648438,1.0,196.7427978515625,238.26316833496094,1.0,134.4944610595703,273.7213134765625,1.0,114.8564682006836,280.19989013671875,1.0,175.85531616210938,282.8603820800781,0.9999992847442627
469,153.60443115234375,216.473876953125,1.0,139.22100830078125,252.6436004638672,1.0,133.2238311767578,234.5271759033203,1.0,121.94759368896484,230.19598388671875,1.0,178.38803100585938,239.30169677734375,1.0,197.3007354736328,238.14260864257812,1.0,134.99195861816406,274.0329284667969,1.0,114.95452117919922,280.45526123046875,1.0,175.61648559570312,283.4319763183594,0.9999994039535522
470,153.65992736816406,216.541015625,1.0,139.224609375,252.58743286132812,1.0,133.34815979003906,234.50833129882812,1.0,121.78169250488281,230.63150024414062,1.0,178.42481994628906,239.5859375,1.0,197.37445068359375,238.2266082763672,1.0,134.7670135498047,274.025634765625,1.0,114.7633056640625,280.26654052734375,1.0,175.6988983154297,283.8844299316406,0.9999994039535522
471,153.83616638183594,216.2344512939453,1.0,139.06130981445312,252.58450317382812,1.0,133.29478454589844,234.07791137695312,1.0,121.8198013305664,230.6861114501953,1.0,178.50115966796875,239.97879028320312,1.0,197.490966796875,238.50845336914062,1.0,134.09573364257812,273.97149658203125,1.0,114.05939483642578,280.1598815917969,1.0,175.2989959716797,283.8674621582031,0.9999978542327881
472,153.8722381591797,216.19091796875,1.0,138.66537475585938,252.63967895507812,1.0,133.21859741210938,234.05044555664062,1.0,121.82958221435547,230.70445251464844,1.0,178.1818084716797,240.17510986328125,1.0,197.30178833007812,238.79367065429688,1.0,133.51255798339844,273.8471374511719,1.0,113.80323028564453,279.9141845703125,1.0,174.38955688476562,283.7783508300781,0.9999943971633911
473,153.96302795410156,216.30198669433594,1.0,138.58798217773438,252.59974670410156,1.0,133.35548400878906,233.94696044921875,1.0,121.9693374633789,230.7614288330078,1.0,178.39930725097656,240.3567657470703,1.0,197.38499450683594,239.0517120361328,1.0,133.03257751464844,273.5455322265625,1.0,113.65032958984375,279.6918640136719,1.0,173.89276123046875,283.7246398925781,0.999993085861206
474,153.8861083984375,216.354736328125,1.0,137.95050048828125,252.77435302734375,1.0,133.08633422851562,233.55398559570312,1.0,121.86962890625,230.081787109375,1.0,178.0756378173828,240.3563995361328,1.0,197.1700897216797,239.26953125,1.0,132.303466796875,273.7608947753906,1.0,112.72787475585938,279.66058349609375,1.0,173.49623107910156,283.58660888671875,0.9999938011169434
475,153.80487060546875,216.1538543701172,1.0,137.1020050048828,252.18545532226562,1.0,132.9842529296875,233.31178283691406,1.0,121.8055191040039,229.6256103515625,1.0,177.1240692138672,240.6815948486328,1.0,196.0131072998047,240.15789794921875,1.0,130.31741333007812,273.1527404785156,1.0,111.1889419555664,278.59881591796875,1.0,170.66226196289062,283.3515625,0.999964714050293
476,153.7659149169922,216.0623321533203,1.0,136.41357421875,251.7353973388672,1.0,132.86610412597656,232.57875061035156,1.0,121.73119354248047,228.46600341796875,1.0,176.69314575195312,240.888427734375,1.0,195.47776794433594,240.806884765625,1.0,129.47943115234375,271.9784240722656,1.0,110.03801727294922,277.6238708496094,1.0,170.43565368652344,283.35174560546875,0.9999797344207764
477,153.44381713867188,216.12246704101562,1.0,135.47750854492188,251.3231201171875,1.0,132.71420288085938,232.11514282226562,1.0,121.90251922607422,226.61935424804688,1.0,176.37904357910156,240.94178771972656,1.0,195.4217071533203,241.1919708251953,1.0,128.50006103515625,271.64385986328125,1.0,109.05258178710938,276.9201354980469,1.0,169.84927368164062,283.5476989746094,0.9999746084213257
478,153.58538818359375,216.29664611816406,1.0,135.49282836914062,251.15956115722656,1.0,132.57113647460938,231.9732666015625,1.0,121.62307739257812,226.49285888671875,1.0,176.43994140625,240.80715942382812,1.0,195.35604858398438,241.4340362548828,1.0,128.19020080566406,271.5414733886719,1.0,109.18500518798828,277.0959167480469,1.0,169.5233612060547,283.61505126953125,0.9999750852584839
479,153.4004669189453,216.1693878173828,1.0,135.09921264648438,251.09573364257812,1.0,132.36378479003906,231.84616088867188,1.0,121.41098022460938,226.46072387695312,1.0,176.34683227539062,240.93197631835938,1.0,195.09765625,241.48190307617188,1.0,127.92215728759766,271.5924987792969,1.0,109.12448120117188,276.8568115234375,1.0,169.09107971191406,283.7897644042969,0.9999861717224121
480,153.23255920410156,216.21778869628906,1.0,134.70248413085938,251.68338012695312,1.0,131.90968322753906,232.23709106445312,1.0,120.9983139038086,227.072265625,1.0,176.3110809326172,241.00115966796875,1.0,194.7447509765625,241.60076904296875,1.0,127.63603210449219,271.5032653808594,1.0,108.90917205810547,277.0751647949219,1.0,168.5314483642578,284.048583984375,0.9999963045120239
481,152.55645751953125,216.05685424804688,1.0,134.35691833496094,251.79595947265625,1.0,131.21453857421875,232.51992797851562,1.0,120.4553451538086,226.7969207763672,1.0,175.9108428955078,241.1483154296875,1.0,193.76963806152344,240.74697875976562,1.0,127.39593505859375,271.5002746582031,1.0,108.44435119628906,277.2626953125,1.0,168.57505798339844,283.5163879394531,0.9999961853027344
482,152.34315490722656,216.27183532714844,1.0,133.9422149658203,251.51190185546875,1.0,130.96014404296875,232.56703186035156,1.0,120.45708465576172,226.54220581054688,1.0,175.39389038085938,241.5319061279297,1.0,193.26953125,241.1381072998047,1.0,126.96394348144531,271.5332336425781,1.0,108.07816314697266,277.5116882324219,1.0,168.1178741455078,283.57525634765625,0.9999946355819702
483,151.9980926513672,215.71075439453125,1.0,133.61558532714844,251.55288696289062,1.0,130.80242919921875,232.40635681152344,1.0,120.31387329101562,226.36456298828125,1.0,175.05072021484375,241.70274353027344,1.0,192.8782196044922,240.74864196777344,1.0,126.48741149902344,271.6236877441406,1.0,107.77828216552734,277.4607849121094,1.0,167.74400329589844,283.4353942871094,0.9999918937683105
484,152.0081787109375,215.8677978515625,1.0,133.50048828125,251.68499755859375,1.0,130.5518035888672,232.42486572265625,1.0,120.25189971923828,226.34695434570312,1.0,174.7879180908203,241.8078155517578,1.0,192.73374938964844,240.82740783691406,1.0,126.4030532836914,271.7358093261719,1.0,107.58219909667969,277.4399719238281,1.0,167.783203125,283.39556884765625,0.9999904632568359
485,151.7874755859375,216.0248565673828,1.0,133.3144989013672,251.63941955566406,1.0,130.2140350341797,232.42230224609375,1.0,119.94385528564453,226.35971069335938,1.0,174.46682739257812,241.69573974609375,1.0,192.5611572265625,240.79232788085938,1.0,126.23136901855469,271.69708251953125,1.0,107.54469299316406,277.60577392578125,1.0,167.74954223632812,283.4343566894531,0.9999904632568359
486,151.54241943359375,216.17977905273438,1.0,132.73191833496094,251.83436584472656,1.0,129.91384887695312,232.58013916015625,1.0,119.4140853881836,227.30618286132812,1.0,174.4748992919922,241.6378936767578,1.0,192.41107177734375,240.79818725585938,1.0,126.01286315917969,271.873046875,1.0,107.23734283447266,277.5967712402344,1.0,167.32737731933594,283.5445251464844,0.999984622001648
487,151.29248046875,215.9662628173828,1.0,132.36134338378906,252.0957489013672,1.0,129.81521606445312,232.62303161621094,1.0,119.22346496582031,226.94313049316406,1.0,174.29464721679688,241.7353057861328,1.0,192.2571258544922,240.70062255859375,1.0,125.90463256835938,272.03338623046875,1.0,107.12995147705078,277.58642578125,1.0,167.19528198242188,283.5591735839844,0.999977707862854
488,151.16104125976562,215.91688537597656,1.0,132.21682739257812,252.4017333984375,1.0,129.60951232910156,232.7673797607422,1.0,118.98070526123047,227.29795837402344,1.0,174.17413330078125,241.8690185546875,1.0,192.14610290527344,240.6617431640625,1.0,125.88567352294922,272.459228515625,1.0,107.1094970703125,277.9991149902344,1.0,167.0107879638672,283.6139831542969,0.9999722242355347
489,151.1813201904297,216.05718994140625,1.0,132.15310668945312,252.48101806640625,1.0,129.47970581054688,232.63479614257812,1.0,119.10853576660156,226.18125915527344,1.0,173.89918518066406,241.76126098632812,1.0,191.96524047851562,240.54359436035156,1.0,125.7835464477539,272.5368347167969,1.0,107.13786315917969,278.08502197265625,1.0,166.9631805419922,283.6354675292969,0.9999778270721436
490,150.91053771972656,216.031005859375,1.0,132.04669189453125,252.40284729003906,1.0,129.31263732910156,232.68992614746094,1.0,118.3094711303711,226.6514892578125,1.0,174.0782012939453,241.84921264648438,1.0,191.84963989257812,240.41375732421875,1.0,125.78693389892578,272.5696105957031,1.0,107.0013198852539,278.0932922363281,1.0,166.8926239013672,283.5956726074219,0.9999667406082153
491,150.63385009765625,216.25350952148438,1.0,131.9515380859375,252.41087341308594,1.0,128.82321166992188,232.75892639160156,1.0,118.17889404296875,226.55894470214844,1.0,173.84384155273438,241.79397583007812,1.0,191.85922241210938,240.47024536132812,1.0,125.77388000488281,272.46649169921875,1.0,106.7822265625,277.9789733886719,1.0,167.09315490722656,283.62799072265625,0.9999712705612183
492,150.72605895996094,216.88308715820312,1.0,131.92495727539062,252.24598693847656,1.0,128.58055114746094,233.08050537109375,1.0,117.89120483398438,227.00030517578125,1.0,173.5791778564453,241.7738494873047,1.0,191.83648681640625,240.84848022460938,1.0,125.40473175048828,271.9620666503906,1.0,106.89127349853516,277.8735046386719,1.0,166.42129516601562,283.84368896484375,0.9999936819076538
493,150.5599822998047,216.83583068847656,1.0,131.9323272705078,252.1443634033203,1.0,128.57212829589844,233.07846069335938,1.0,117.81794738769531,227.0935516357422,1.0,173.70465087890625,241.74571228027344,1.0,191.8121337890625,240.88214111328125,1.0,125.42103576660156,272.1982421875,1.0,106.90840148925781,278.0804443359375,1.0,166.57723999023438,283.947265625,0.9999949932098389
494,150.4207305908203,216.98818969726562,1.0,131.89093017578125,252.17262268066406,1.0,128.45310974121094,233.16400146484375,1.0,117.48328399658203,227.2625274658203,1.0,173.68487548828125,241.73794555664062,1.0,191.71774291992188,240.8175811767578,1.0,125.36064147949219,272.1527099609375,1.0,106.9063491821289,278.0320739746094,1.0,166.54905700683594,283.849609375,0.9999945163726807
495,150.230224609375,216.79583740234375,1.0,132.0,252.10067749023438,1.0,128.35256958007812,233.1216583251953,1.0,117.35214233398438,227.46031188964844,1.0,173.64974975585938,241.667236328125,1.0,191.69879150390625,240.79344177246094,1.0,125.41694641113281,272.163818359375,1.0,106.86678314208984,278.1376037597656,1.0,166.9141387939453,283.8865661621094,0.9999915361404419
496,150.11105346679688,216.96633911132812,1.0,131.94821166992188,252.09556579589844,1.0,128.10276794433594,233.2533721923828,1.0,116.8532485961914,227.87661743164062,1.0,173.6861572265625,241.81182861328125,1.0,191.6302490234375,240.73263549804688,1.0,125.39067840576172,272.2698669433594,1.0,106.88775634765625,278.2145690917969,1.0,166.96641540527344,283.86822509765625,0.9999908208847046
497,150.1533203125,216.86212158203125,1.0,132.07241821289062,252.02867126464844,1.0,128.0331268310547,233.32032775878906,1.0,116.80072784423828,228.15142822265625,1.0,173.6685791015625,241.72113037109375,1.0,191.65467834472656,240.78407287597656,1.0,125.52999114990234,272.1817321777344,1.0,106.79196166992188,278.1395568847656,1.0,166.85992431640625,283.94732666015625,0.999993085861206
498,149.8532257080078,216.7764129638672,1.0,131.8092041015625,252.21897888183594,1.0,127.95124053955078,233.28262329101562,1.0,116.48712921142578,228.319091796875,1.0,173.7012939453125,241.81307983398438,1.0,191.70947265625,240.7841339111328,1.0,125.5617904663086,272.4630126953125,1.0,106.92460632324219,278.3871765136719,1.0,167.11355590820312,283.8775329589844,0.9999933242797852
499,149.8431854248047,216.78829956054688,1.0,131.9391326904297,252.2102508544922,1.0,127.91455078125,233.25579833984375,1.0,116.58451843261719,228.17799377441406,1.0,173.63768005371094,241.66336059570312,1.0,191.65093994140625,240.7506103515625,1.0,125.60893249511719,272.4656677246094,1.0,106.73995971679688,278.2144775390625,1.0,167.11053466796875,283.8808898925781,0.9999935626983643
500,149.8619842529297,217.00062561035156,1.0,131.9388427734375,252.42181396484375,1.0,127.81873321533203,233.33078002929688,1.0,116.64018249511719,228.26918029785156,1.0,173.7198944091797,241.73231506347656,1.0,191.68299865722656,240.75067138671875,1.0,125.58819580078125,272.399658203125,1.0,106.69202423095703,278.2237854003906,1.0,166.93701171875,283.8751525878906,0.999993085861206
501,149.7489013671875,217.06727600097656,1.0,132.06362915039062,252.41783142089844,1.0,127.7140121459961,233.42245483398438,1.0,116.58666229248047,228.4870147705078,1.0,173.63575744628906,241.68849182128906,1.0,191.45787048339844,240.69671630859375,1.0,125.53324890136719,272.2731018066406,1.0,106.76631927490234,278.23297119140625,1.0,166.969482421875,283.822021484375,0.9999927282333374
502,149.50868225097656,217.15988159179688,1.0,131.919189453125,252.53265380859375,1.0,127.51326751708984,233.36817932128906,1.0,116.52699279785156,228.36135864257812,1.0,173.51698303222656,241.56051635742188,1.0,191.48077392578125,240.65093994140625,1.0,125.55403900146484,272.3270568847656,1.0,106.78716278076172,278.2529602050781,1.0,167.25001525878906,283.72686767578125,0.9999896287918091
503,149.64825439453125,217.0597381591797,1.0,131.81454467773438,252.48452758789062,1.0,127.35376739501953,233.34963989257812,1.0,116.3247299194336,228.4954376220703,1.0,173.4873504638672,241.5670166015625,1.0,191.4923095703125,240.5157928466797,1.0,125.7525634765625,272.35260009765625,1.0,106.8033218383789,278.2875061035156,1.0,167.3339080810547,283.7162780761719,0.9999911785125732
504,149.32186889648438,217.192626953125,1.0,132.03550720214844,252.62547302246094,1.0,127.17701721191406,233.4165496826172,1.0,116.17874908447266,228.29356384277344,1.0,173.23504638671875,241.25184631347656,1.0,191.58111572265625,240.69293212890625,1.0,126.01934814453125,272.8381652832031,1.0,106.7899169921875,278.5135803222656,1.0,167.2686004638672,283.89923095703125,0.9999961853027344
505,148.98983764648438,217.5340576171875,1.0,132.287353515625,253.49142456054688,1.0,127.07664489746094,234.38821411132812,1.0,116.10941314697266,228.40264892578125,1.0,173.68682861328125,241.66012573242188,1.0,191.7217254638672,240.41111755371094,1.0,127.1577377319336,273.2391357421875,1.0,107.58609771728516,279.3755798339844,1.0,167.81460571289062,284.3047790527344,0.9999980926513672
506,150.27597045898438,218.53599548339844,1.0,136.3847198486328,254.2723846435547,1.0,128.2479248046875,235.20933532714844,1.0,117.23178100585938,230.42518615722656,1.0,175.697998046875,242.44113159179688,1.0,193.77084350585938,240.5901641845703,1.0,132.02464294433594,275.7886657714844,1.0,110.64806365966797,281.08258056640625,1.0,170.7675018310547,283.66192626953125,0.9991143345832825
507,151.23516845703125,218.04359436035156,1.0,137.77169799804688,255.3668670654297,1.0,130.4858856201172,235.75035095214844,1.0,118.56546020507812,230.7061004638672,1.0,176.54995727539062,242.19113159179688,1.0,193.98736572265625,240.37948608398438,1.0,133.18251037597656,276.1072692871094,1.0,111.69963836669922,281.6670227050781,1.0,170.7096405029297,282.49920654296875,0.9899765849113464
508,150.6387939453125,218.41929626464844,1.0,137.84193420410156,255.3377227783203,1.0,129.87608337402344,235.4635467529297,1.0,118.42070770263672,231.00640869140625,1.0,175.43588256835938,241.35238647460938,1.0,193.96359252929688,239.98138427734375,1.0,133.06597900390625,275.90765380859375,1.0,111.87897491455078,281.4978332519531,1.0,172.51553344726562,282.3671569824219,0.995983362197876
509,149.92164611816406,218.31143188476562,1.0,137.12722778320312,255.2773895263672,1.0,128.51449584960938,235.68223571777344,1.0,117.79689025878906,231.43553161621094,1.0,175.3514862060547,240.9591522216797,1.0,193.24658203125,239.3447265625,1.0,132.76026916503906,275.6053771972656,1.0,111.4808120727539,281.4281311035156,1.0,172.83010864257812,282.6395263671875,0.9956573247909546
510,149.6636199951172,218.33546447753906,1.0,136.92848205566406,255.47950744628906,1.0,129.12673950195312,235.68692016601562,1.0,117.57162475585938,231.84835815429688,1.0,175.0027313232422,241.0650177001953,1.0,192.8382110595703,239.4585418701172,1.0,132.94998168945312,275.75579833984375,1.0,111.23453521728516,281.4200134277344,1.0,172.20330810546875,282.94549560546875,0.9984537363052368
511,149.50279235839844,218.06394958496094,1.0,136.37916564941406,255.176513671875,1.0,128.24195861816406,235.71160888671875,1.0,117.3492660522461,231.83135986328125,1.0,174.8592987060547,240.9689178466797,1.0,192.78675842285156,239.32212829589844,1.0,132.4223175048828,275.67901611328125,1.0,111.26897430419922,281.3717041015625,1.0,172.29249572753906,282.8880310058594,0.9978906512260437
512,149.30174255371094,218.04339599609375,1.0,136.12962341308594,255.1920166015625,1.0,128.2621307373047,235.76104736328125,1.0,117.21327209472656,232.01524353027344,1.0,174.93902587890625,241.059814453125,1.0,192.79718017578125,239.42698669433594,1.0,132.2501983642578,275.5402526855469,1.0,111.00457763671875,281.3263244628906,1.0,171.48655700683594,283.4905090332031,0.9989114999771118
513,149.27980041503906,218.01744079589844,1.0,136.0532684326172,255.09597778320312,1.0,128.22340393066406,235.83511352539062,1.0,117.10131072998047,232.23471069335938,1.0,175.03829956054688,240.85304260253906,1.0,192.96353149414062,239.36724853515625,1.0,132.20008850097656,275.3861999511719,1.0,110.94706726074219,281.3822326660156,1.0,171.6649169921875,283.2653503417969,0.9983221888542175
514,149.3240203857422,218.20753479003906,1.0,136.05276489257812,255.07275390625,1.0,128.21804809570312,235.81732177734375,1.0,117.14641571044922,232.24517822265625,1.0,174.88668823242188,240.843994140625,1.0,192.868896484375,239.20352172851562,1.0,132.25439453125,275.53448486328125,1.0,110.95829772949219,281.4000549316406,1.0,171.92575073242188,283.2991943359375,0.9987504482269287
515,149.54861450195312,218.12176513671875,1.0,136.2187957763672,255.11856079101562,1.0,128.35414123535156,235.8063201904297,1.0,117.23359680175781,232.04856872558594,1.0,175.08580017089844,240.79859924316406,1.0,192.92105102539062,238.83547973632812,1.0,132.66213989257812,275.7288513183594,1.0,111.52388763427734,281.5680236816406,1.0,172.1221160888672,283.3125915527344,0.9987912774085999
516,149.86111450195312,218.11097717285156,1.0,136.42649841308594,255.15975952148438,1.0,129.28909301757812,235.94190979003906,1.0,117.4822769165039,231.9163818359375,1.0,175.12948608398438,240.74671936035156,1.0,193.33958435058594,238.8162078857422,1.0,132.75340270996094,275.6257019042969,1.0,112.4992446899414,281.4421081542969,1.0,172.54200744628906,283.6980285644531,0.999470055103302
517,149.62539672851562,218.18682861328125,1.0,136.68524169921875,255.14761352539062,1.0,129.34690856933594,236.04237365722656,1.0,117.44600677490234,231.84552001953125,1.0,175.28231811523438,240.659423828125,1.0,193.43756103515625,238.60418701171875,1.0,132.95777893066406,275.5869445800781,1.0,112.4417495727539,281.3343505859375,1.0,173.04432678222656,284.1712951660156,0.9998704195022583
518,151.82968139648438,218.69688415527344,1.0,140.21031188964844,254.4821319580078,1.0,131.16253662109375,237.3036346435547,1.0,118.75313568115234,232.22933959960938,1.0,178.55726623535156,241.61497497558594,1.0,196.44696044921875,239.0255126953125,1.0,137.38748168945312,277.1006164550781,1.0,115.34371185302734,281.99041748046875,1.0,175.10594177246094,283.1802978515625,0.9991814494132996
519,158.7894287109375,219.92689514160156,1.0,149.32569885253906,257.22320556640625,1.0,136.21942138671875,236.6939697265625,1.0,123.46224212646484,233.39988708496094,1.0,184.0706787109375,241.59234619140625,1.0,201.61476135253906,239.7757110595703,1.0,146.34878540039062,277.06195068359375,1.0,119.67443084716797,281.07855224609375,1.0,182.81935119628906,283.5511779785156,0.9999334812164307
520,161.8305206298828,219.58297729492188,1.0,152.14332580566406,256.9005126953125,1.0,139.2739715576172,236.6060791015625,1.0,125.67750549316406,233.83316040039062,1.0,186.03079223632812,242.1590576171875,1.0,203.07095336914062,240.2138671875,1.0,149.5460205078125,276.62225341796875,1.0,122.286376953125,281.71563720703125,1.0,185.33860778808594,283.6315612792969,0.9990130662918091
521,163.8722686767578,219.5200958251953,1.0,155.07357788085938,257.341552734375,1.0,140.7353057861328,236.19674682617188,1.0,127.0128402709961,233.5638427734375,1.0,189.11766052246094,242.77427673339844,1.0,205.60520935058594,240.2981719970703,1.0,151.8175811767578,276.6751403808594,1.0,124.33651733398438,281.5099182128906,1.0,188.13552856445312,282.89312744140625,0.9940416216850281
522,169.01556396484375,220.88787841796875,1.0,162.24330139160156,258.5382995605469,1.0,146.2181854248047,237.35304260253906,1.0,131.67971801757812,234.4329833984375,1.0,193.65158081054688,243.8376922607422,1.0,209.95416259765625,241.18678283691406,1.0,159.57679748535156,276.4156494140625,1.0,130.5245819091797,281.3517761230469,1.0,194.01307678222656,282.9008483886719,0.8783180713653564
523,173.2814178466797,221.09715270996094,1.0,166.14903259277344,258.9550476074219,1.0,148.59898376464844,237.67002868652344,1.0,133.88853454589844,234.3201141357422,1.0,195.99221801757812,243.9434814453125,1.0,213.416748046875,241.45468139648438,1.0,162.67251586914062,276.7500305175781,1.0,133.87127685546875,280.9775390625,1.0,198.5768585205078,282.7075500488281,0.8320322036743164
524,174.75238037109375,221.2169952392578,1.0,167.7184600830078,258.84051513671875,1.0,149.8484649658203,237.90960693359375,1.0,134.945556640625,234.35720825195312,1.0,197.15365600585938,244.11207580566406,1.0,214.57470703125,241.5743408203125,1.0,164.4154510498047,276.576904296875,1.0,135.5166778564453,281.03509521484375,1.0,200.8226776123047,283.09588623046875,0.09021951258182526
525,171.4889678955078,219.31332397460938,1.0,165.55892944335938,256.2425842285156,1.0,147.73587036132812,236.0906219482422,1.0,133.5110321044922,232.7432861328125,1.0,195.05859375,240.77713012695312,1.0,213.5189666748047,239.4580841064453,1.0,163.2130584716797,275.4993591308594,1.0,135.019287109375,280.8329162597656,1.0,196.9717254638672,283.55242919921875,0.9999963045120239
526,165.26918029785156,216.49237060546875,1.0,157.20887756347656,252.61228942871094,1.0,143.00111389160156,234.19589233398438,1.0,130.3429412841797,232.01121520996094,1.0,190.3543243408203,237.9455108642578,1.0,206.97642517089844,236.30526733398438,1.0,155.24876403808594,272.9532775878906,1.0,130.01622009277344,279.609130859375,1.0,189.42141723632812,283.2606506347656,1.0
527,163.57315063476562,216.702392578125,1.0,155.41795349121094,252.30691528320312,1.0,141.16262817382812,234.12548828125,1.0,129.05374145507812,232.0010986328125,1.0,188.707275390625,237.6357421875,1.0,205.4403076171875,236.87655639648438,1.0,152.97872924804688,272.6846618652344,1.0,127.19906616210938,279.565673828125,1.0,187.49537658691406,283.1712646484375,1.0
528,162.48721313476562,215.69773864746094,1.0,153.9375457763672,252.08917236328125,1.0,140.44883728027344,234.5335693359375,1.0,128.5842742919922,232.10719299316406,1.0,187.51861572265625,237.1045379638672,1.0,204.28436279296875,236.60903930664062,1.0,152.2162628173828,272.7898864746094,1.0,126.74763488769531,279.93426513671875,1.0,186.2592010498047,282.9217224121094,0.9999998807907104
529,161.80430603027344,215.7874298095703,1.0,153.48617553710938,250.8746795654297,1.0,140.084228515625,234.00274658203125,1.0,127.83727264404297,231.86932373046875,1.0,186.73403930664062,236.5419464111328,1.0,203.73048400878906,236.025390625,1.0,151.93359375,272.01055908203125,1.0,126.64555358886719,279.680419921875,1.0,185.74830627441406,282.49249267578125,0.9999998807907104
530,163.720947265625,212.5583953857422,1.0,156.13650512695312,245.86325073242188,1.0,140.68844604492188,231.38539123535156,1.0,130.46237182617188,228.3105010986328,1.0,190.6691436767578,232.63937377929688,1.0,206.9851531982422,231.575927734375,1.0,153.424560546875,267.5224304199219,0.9999996423721313,131.05276489257812,275.9165954589844,1.0,184.0468292236328,282.7093200683594,0.9999860525131226
531,197.33389282226562,206.1147003173828,0.999479353427887,211.89048767089844,235.40640258789062,0.8814613819122314,170.90943908691406,223.92327880859375,0.9972732663154602,157.87237548828125,222.08270263671875,0.9999895095825195,214.44497680664062,225.23431396484375,0.00395276490598917,227.66970825195312,225.0303192138672,0.39167261123657227,203.96017456054688,257.1476745605469,0.043753210455179214,165.7772216796875,266.50634765625,0.2390141487121582,211.7128448486328,268.9161682128906,0.663733184337616
532,221.44613647460938,209.15589904785156,1.0,226.7294464111328,232.906005859375,1.0,189.4423828125,223.5011444091797,1.0,174.3875732421875,221.04393005371094,1.0,236.08670043945312,229.4271240234375,1.0,244.96786499023438,231.81005859375,1.0,226.97772216796875,253.42665100097656,1.0,186.1440887451172,266.6167297363281,1.0,243.40512084960938,269.57635498046875,1.0
533,225.8507843017578,209.1862030029297,1.0,232.58145141601562,233.10816955566406,1.0,194.60914611816406,223.9031524658203,1.0,179.2388916015625,221.79222106933594,1.0,240.59585571289062,231.6065673828125,1.0,249.14938354492188,234.8656768798828,1.0,232.32421875,254.84609985351562,1.0,193.07032775878906,267.18389892578125,1.0,246.88232421875,271.0692138671875,1.0
534,225.58071899414062,210.15548706054688,1.0,232.3655548095703,233.58079528808594,1.0,194.23851013183594,224.25283813476562,1.0,178.16920471191406,222.18446350097656,1.0,240.34136962890625,232.5042724609375,1.0,248.51962280273438,235.93637084960938,1.0,231.90493774414062,255.07998657226562,1.0,193.36083984375,267.8472900390625,1.0,246.7243194580078,271.2537536621094,1.0
535,225.43128967285156,210.91067504882812,1.0,231.94737243652344,234.3509063720703,1.0,193.96505737304688,224.95782470703125,1.0,177.6139678955078,222.80128479003906,1.0,239.9019775390625,232.57766723632812,1.0,249.2098846435547,236.05728149414062,1.0,231.49447631835938,255.40501403808594,1.0,192.70787048339844,268.6417236328125,1.0,246.25460815429688,272.3352355957031,1.0
536,226.55429077148438,213.61245727539062,1.0,231.51548767089844,237.36184692382812,1.0,194.9132080078125,227.0762176513672,1.0,178.8754425048828,223.95736694335938,1.0,240.1091766357422,235.2914581298828,1.0,248.59030151367188,237.85797119140625,1.0,230.4588165283203,259.1081848144531,1.0,191.70144653320312,270.4331359863281,1.0,245.1703338623047,275.8489074707031,1.0
537,223.19076538085938,216.43710327148438,1.0,228.24078369140625,245.82470703125,1.0,192.70486450195312,231.45562744140625,1.0,176.7882080078125,228.75621032714844,1.0,238.64016723632812,238.9801483154297,1.0,247.89688110351562,241.5990753173828,1.0,227.34744262695312,266.6243896484375,1.0,189.38677978515625,275.4609069824219,1.0,243.84280395507812,279.1690368652344,1.0
538,222.42539978027344,217.22901916503906,1.0,227.0646209716797,247.38429260253906,1.0,191.46119689941406,232.66241455078125,1.0,175.4748992919922,229.90673828125,1.0,238.0041046142578,240.4959716796875,1.0,248.1653289794922,243.0484619140625,1.0,225.6868896484375,267.7398681640625,1.0,187.2611083984375,276.9033508300781,1.0,243.18002319335938,280.5978698730469,1.0
539,221.78463745117188,217.9954071044922,1.0,226.40939331054688,248.84857177734375,1.0,190.97569274902344,232.95301818847656,1.0,174.43179321289062,230.46080017089844,1.0,237.97894287109375,240.89788818359375,1.0,248.4217529296875,243.36964416503906,1.0,224.6086883544922,268.0278015136719,1.0,187.03041076660156,277.5455017089844,1.0,243.3607635498047,281.4820556640625,1.0
540,221.01942443847656,217.7548828125,1.0,225.95858764648438,249.25701904296875,1.0,190.50633239746094,232.87277221679688,1.0,173.80101013183594,230.31936645507812,1.0,237.53746032714844,240.93104553222656,1.0,248.334716796875,243.55319213867188,1.0,224.17257690429688,268.1601257324219,1.0,186.2598114013672,277.6802673339844,1.0,243.11888122558594,281.2837219238281,1.0
541,221.01043701171875,217.9535369873047,1.0,225.83399963378906,249.55650329589844,1.0,190.390869140625,233.12939453125,1.0,173.7868194580078,230.48941040039062,1.0,237.6779327392578,241.16915893554688,1.0,248.42544555664062,243.7799835205078,1.0,223.7709197998047,268.49749755859375,1.0,186.2310028076172,278.1679992675781,1.0,243.20106506347656,281.69720458984375,1.0
542,220.66976928710938,217.86708068847656,1.0,225.68272399902344,249.9794464111328,1.0,189.97816467285156,233.1842041015625,1.0,173.3319854736328,230.99554443359375,1.0,237.644287109375,241.1959228515625,1.0,248.35523986816406,243.8977813720703,1.0,223.63818359375,268.828369140625,1.0,185.2081298828125,278.2472229003906,1.0,242.85525512695312,281.9940490722656,1.0
543,220.37045288085938,217.9041748046875,1.0,225.4461669921875,250.20794677734375,1.0,189.65467834472656,233.092529296875,1.0,172.90380859375,230.98007202148438,1.0,237.51646423339844,241.2316436767578,1.0,248.35874938964844,243.88047790527344,1.0,223.347900390625,269.2818298339844,1.0,184.8783416748047,278.41412353515625,1.0,242.64224243164062,282.5054931640625,1.0
544,220.0224609375,217.70660400390625,1.0,225.29217529296875,250.4283447265625,1.0,189.2510223388672,233.14942932128906,1.0,172.000244140625,231.12913513183594,1.0,237.51284790039062,241.11041259765625,1.0,248.3933563232422,243.92422485351562,1.0,223.04014587402344,269.50115966796875,1.0,184.42649841308594,278.4606628417969,1.0,242.7205352783203,282.4801330566406,1.0
545,220.40008544921875,217.58905029296875,1.0,225.1636199951172,250.76573181152344,1.0,189.25511169433594,232.92967224121094,1.0,171.76626586914062,230.97610473632812,1.0,237.36380004882812,241.00038146972656,1.0,248.35076904296875,243.67799377441406,1.0,222.85287475585938,269.9002380371094,1.0,183.9493408203125,278.3607177734375,1.0,242.4339141845703,282.687744140625,1.0
546,219.7053985595703,217.82350158691406,1.0,225.07540893554688,251.01678466796875,1.0,188.6656494140625,233.46141052246094,1.0,171.40261840820312,231.4181365966797,1.0,237.25181579589844,240.84341430664062,1.0,248.31497192382812,243.2836456298828,1.0,223.15245056152344,270.2359313964844,1.0,183.8803253173828,278.7391052246094,1.0,242.46653747558594,282.82562255859375,1.0
547,219.11729431152344,217.78533935546875,1.0,224.8563995361328,251.2119598388672,1.0,187.94549560546875,233.565185546875,1.0,171.02359008789062,231.88644409179688,1.0,237.1614227294922,240.8804931640625,1.0,248.28475952148438,243.2944793701172,1.0,222.97036743164062,270.88714599609375,1.0,183.76344299316406,278.93853759765625,1.0,242.77716064453125,282.5403747558594,1.0
548,219.28533935546875,217.9485321044922,1.0,224.79896545410156,251.749755859375,1.0,187.8385772705078,233.44937133789062,1.0,171.2366485595703,232.00157165527344,1.0,237.1804962158203,240.8732452392578,1.0,248.20358276367188,243.0838623046875,1.0,223.23362731933594,271.3152770996094,1.0,183.6175994873047,279.0735168457031,1.0,242.6679229736328,282.5223693847656,1.0
549,219.02337646484375,217.72499084472656,1.0,224.51007080078125,251.68804931640625,1.0,188.0327911376953,233.4532470703125,1.0,171.1998748779297,231.8529815673828,1.0,237.0091094970703,240.80557250976562,1.0,248.10890197753906,243.1548614501953,1.0,223.0681610107422,271.0916748046875,1.0,183.678466796875,279.35064697265625,1.0,242.75259399414062,282.3918762207031,1.0
550,218.8009490966797,217.86679077148438,1.0,224.49008178710938,251.6912078857422,1.0,187.99667358398438,233.5868682861328,1.0,171.1244659423828,231.88218688964844,1.0,236.99752807617188,240.77975463867188,1.0,248.0434112548828,243.14755249023438,1.0,223.01019287109375,271.2760925292969,1.0,183.6168670654297,279.35955810546875,1.0,242.69496154785156,282.6048583984375,1.0
551,219.01251220703125,217.60409545898438,1.0,224.4852294921875,252.13656616210938,1.0,188.05751037597656,233.6977996826172,1.0,171.09117126464844,232.0242919921875,1.0,237.1075897216797,240.91867065429688,1.0,248.00592041015625,243.16685485839844,1.0,223.08050537109375,271.77960205078125,1.0,183.58047485351562,279.292236328125,1.0,242.54620361328125,282.83465576171875,1.0
552,219.22222900390625,217.97666931152344,1.0,224.4083709716797,252.70944213867188,1.0,188.19415283203125,233.28594970703125,1.0,171.08229064941406,231.87135314941406,1.0,236.99996948242188,241.37545776367188,1.0,247.96273803710938,243.205810546875,1.0,222.97134399414062,271.8906555175781,1.0,183.2327423095703,279.59930419921875,1.0,242.70443725585938,283.0762634277344,1.0
553,219.95542907714844,218.72813415527344,1.0,224.4716339111328,252.71316528320312,1.0,188.44671630859375,233.40380859375,1.0,171.20944213867188,231.9732208251953,1.0,237.04652404785156,241.464599609375,1.0,247.94479370117188,243.18179321289062,1.0,223.0504913330078,271.86346435546875,1.0,183.11915588378906,279.6612243652344,1.0,242.7913818359375,282.9965515136719,1.0
554,221.2360076904297,221.25234985351562,1.0,225.91961669921875,253.98367309570312,1.0,189.989013671875,237.14515686035156,1.0,172.64468383789062,233.2333526611328,1.0,237.09385681152344,242.65174865722656,1.0,247.15975952148438,242.79776000976562,1.0,225.74661254882812,274.818115234375,1.0,184.54165649414062,280.3072204589844,1.0,242.82435607910156,284.3221130371094,0.9999998807907104
555,221.27098083496094,223.13937377929688,1.0,227.39073181152344,256.66058349609375,1.0,189.4215545654297,239.5201873779297,1.0,172.85855102539062,235.453369140625,1.0,235.7139434814453,243.5093231201172,1.0,245.80612182617188,241.50645446777344,1.0,227.58877563476562,277.47247314453125,1.0,186.85934448242188,280.8868103027344,0.9999996423721313,243.4767608642578,284.4591369628906,0.885554850101471
556,220.65489196777344,224.3531036376953,1.0,226.9807586669922,257.4258728027344,1.0,188.86746215820312,239.5106201171875,1.0,172.47781372070312,235.64720153808594,1.0,235.12921142578125,243.28042602539062,1.0,245.32669067382812,240.88058471679688,1.0,227.44253540039062,277.3839416503906,1.0,187.5385284423828,281.04925537109375,0.9999979734420776,244.7541961669922,282.8628845214844,0.16706661880016327
557,220.3699493408203,224.10015869140625,1.0,226.8434295654297,257.5490417480469,1.0,188.95018005371094,239.26979064941406,1.0,171.98391723632812,235.59393310546875,1.0,234.97613525390625,243.0332794189453,1.0,245.229736328125,240.1673126220703,1.0,227.36993408203125,277.7316589355469,1.0,187.082275390625,281.3878173828125,0.9999992847442627,244.69192504882812,282.7995300292969,0.05638762190937996
558,219.9192352294922,223.35787963867188,1.0,226.44830322265625,257.5107116699219,1.0,187.86276245117188,239.11802673339844,1.0,171.42979431152344,235.47515869140625,1.0,234.72662353515625,242.90077209472656,1.0,245.1156768798828,240.3365478515625,1.0,227.06687927246094,277.5468444824219,1.0,186.60606384277344,281.24322509765625,0.9999994039535522,243.98782348632812,283.0010070800781,0.15578871965408325
559,217.07180786132812,223.15664672851562,1.0,224.92361450195312,258.5027770996094,1.0,185.41290283203125,238.8560791015625,1.0,168.81304931640625,235.36346435546875,1.0,233.9789581298828,242.13760375976562,1.0,244.42909240722656,240.56484985351562,1.0,224.79310607910156,276.7784423828125,1.0,184.1206512451172,281.2455139160156,0.9999980926513672,243.1908721923828,282.61187744140625,0.10873980820178986
560,215.05064392089844,222.52359008789062,1.0,222.5779571533203,259.5595397949219,1.0,183.9982147216797,239.3121795654297,1.0,167.59861755371094,235.41844177246094,1.0,232.44859313964844,242.3076934814453,1.0,243.75794982910156,240.28912353515625,1.0,221.60842895507812,277.1185607910156,1.0,182.56605529785156,281.44244384765625,0.9999997615814209,241.57412719726562,282.0036926269531,0.030387524515390396
561,208.25596618652344,221.928955078125,0.9999988079071045,219.7701873779297,252.84158325195312,0.9996974468231201,176.5476531982422,239.19784545898438,0.9999985694885254,162.11239624023438,233.3715057373047,1.0,227.24905395507812,240.1588592529297,0.9995061159133911,239.73606872558594,236.76646423339844,0.9999997615814209,224.41058349609375,277.14544677734375,0.9792337417602539,177.56008911132812,282.09844970703125,0.9966428279876709,234.30206298828125,282.01806640625,0.008292143233120441
562,179.03443908691406,217.889892578125,1.0,178.85296630859375,255.8943634033203,1.0,153.4001922607422,235.83119201660156,1.0,140.21360778808594,232.38809204101562,1.0,203.80520629882812,235.9687957763672,1.0,220.8616943359375,234.75860595703125,1.0,178.1968536376953,275.520751953125,1.0,147.6241912841797,281.4817199707031,1.0,208.7659149169922,283.0907897949219,0.9960107803344727
563,174.05751037597656,216.78366088867188,1.0,172.38165283203125,253.98622131347656,1.0,149.4845733642578,235.8238983154297,1.0,135.5298309326172,234.82029724121094,1.0,199.36219787597656,236.99063110351562,1.0,216.15310668945312,235.20030212402344,1.0,172.12811279296875,275.5640563964844,1.0,143.0992889404297,282.50006103515625,1.0,203.89175415039062,284.8790588378906,0.9999991655349731
564,172.76239013671875,217.03610229492188,1.0,170.71092224121094,254.22158813476562,1.0,149.28793334960938,235.9821319580078,1.0,135.3385772705078,234.99176025390625,1.0,198.70668029785156,236.98629760742188,1.0,215.95315551757812,235.8435516357422,1.0,170.23780822753906,276.05419921875,1.0,140.6503448486328,282.2313232421875,1.0,202.77511596679688,284.3298034667969,0.9999997615814209
565,169.74807739257812,217.12173461914062,1.0,167.2281036376953,254.2015380859375,1.0,147.4166259765625,235.65078735351562,1.0,133.9949493408203,235.22398376464844,1.0,195.3704376220703,236.64259338378906,1.0,213.24647521972656,234.9334716796875,1.0,166.93984985351562,276.6860046386719,1.0,137.802734375,281.8250427246094,1.0,200.53294372558594,283.8995056152344,0.9999994039535522
566,166.49786376953125,217.13670349121094,1.0,162.3465576171875,254.36204528808594,1.0,144.3568878173828,236.13128662109375,1.0,131.99899291992188,236.02110290527344,1.0,192.34689331054688,236.6779022216797,1.0,209.73004150390625,234.86944580078125,1.0,161.5331268310547,276.2936706542969,1.0,134.3377685546875,282.27984619140625,1.0,195.7560577392578,283.3604736328125,0.9999998807907104
567,164.53817749023438,216.94944763183594,1.0,160.26806640625,254.18592834472656,1.0,143.24195861816406,236.27796936035156,1.0,130.7501678466797,236.27197265625,1.0,190.98680114746094,236.2274932861328,1.0,208.1213836669922,234.82362365722656,1.0,160.1112823486328,275.78021240234375,1.0,133.51718139648438,282.0419616699219,1.0,194.53717041015625,283.0400085449219,0.9999998807907104
568,163.99136352539062,216.8572540283203,1.0,159.17623901367188,254.03854370117188,1.0,142.598388671875,236.1472625732422,1.0,130.18511962890625,235.95558166503906,1.0,190.462646484375,236.22105407714844,1.0,207.64987182617188,235.08206176757812,1.0,159.1495819091797,275.6211242675781,1.0,132.5282440185547,282.5240173339844,1.0,193.66944885253906,283.0937194824219,0.9999998807907104
569,163.62689208984375,216.85986328125,1.0,158.6634063720703,253.708984375,1.0,142.33253479003906,236.27552795410156,1.0,129.83599853515625,235.87449645996094,1.0,189.9687957763672,236.20263671875,1.0,207.28768920898438,235.26742553710938,1.0,158.7517852783203,275.6388244628906,1.0,131.692138671875,282.40838623046875,1.0,192.927734375,283.1462097167969,0.9999998807907104
570,162.79808044433594,217.21615600585938,1.0,157.07876586914062,253.79489135742188,1.0,141.52345275878906,236.5687255859375,1.0,129.11825561523438,236.08282470703125,1.0,189.5596466064453,236.74612426757812,1.0,206.24884033203125,235.68641662597656,1.0,157.4163055419922,275.6600036621094,1.0,130.36195373535156,282.5625915527344,1.0,192.30104064941406,283.6951904296875,0.9999998807907104
571,161.35919189453125,217.32908630371094,1.0,155.2135009765625,252.863525390625,1.0,140.72560119628906,236.8662109375,1.0,128.6107940673828,235.68572998046875,1.0,188.01564025878906,236.18994140625,1.0,204.79434204101562,235.45733642578125,1.0,155.683349609375,275.6545104980469,1.0,129.48895263671875,282.6187438964844,1.0,190.95135498046875,283.6846008300781,0.9999998807907104
572,159.7459259033203,217.48739624023438,1.0,153.67752075195312,253.41217041015625,1.0,140.00518798828125,236.92550659179688,1.0,128.08551025390625,235.42391967773438,1.0,187.1898651123047,236.4871368408203,1.0,203.450439453125,234.88980102539062,1.0,153.9784698486328,275.66033935546875,1.0,128.3591766357422,282.7085266113281,1.0,189.3759307861328,283.3561706542969,1.0
573,158.20230102539062,217.34642028808594,1.0,152.04281616210938,254.63377380371094,1.0,138.32272338867188,237.0402069091797,1.0,126.18184661865234,234.60162353515625,1.0,185.47471618652344,236.5376434326172,1.0,201.90936279296875,234.68338012695312,1.0,151.96426391601562,275.9310302734375,1.0,126.22474670410156,282.17889404296875,1.0,187.689208984375,283.1043395996094,0.9999998807907104
574,149.29248046875,218.68359375,1.0,141.416748046875,255.57460021972656,1.0,130.93417358398438,239.42041015625,1.0,120.55364990234375,235.2738037109375,1.0,176.62872314453125,238.8208465576172,1.0,194.81204223632812,235.67202758789062,1.0,140.99557495117188,276.7785339355469,1.0,118.83406066894531,282.2951965332031,0.9999997615814209,178.11264038085938,283.87408447265625,0.9999730587005615
575,145.1804656982422,220.4014129638672,1.0,136.44747924804688,257.5386047363281,1.0,127.71508026123047,240.7454071044922,1.0,117.80841827392578,236.65548706054688,1.0,172.8740692138672,239.348876953125,1.0,189.95285034179688,236.46412658691406,1.0,135.51657104492188,277.6145935058594,1.0,113.83256530761719,282.2008972167969,0.999998927116394,174.30604553222656,283.88690185546875,0.9997957348823547
576,144.55120849609375,219.91400146484375,1.0,135.4248046875,257.6208801269531,1.0,126.74493408203125,241.21261596679688,1.0,116.85527038574219,237.40579223632812,1.0,171.806396484375,239.67489624023438,1.0,189.4792938232422,236.89064025878906,1.0,134.87144470214844,277.79583740234375,1.0,113.21064758300781,282.5658874511719,0.9999971389770508,173.92799377441406,284.262939453125,0.9997875094413757
577,144.02186584472656,220.49917602539062,1.0,134.5165252685547,257.64288330078125,1.0,126.72249603271484,241.26344299316406,1.0,116.86503601074219,237.70443725585938,1.0,171.73707580566406,239.84674072265625,1.0,189.1599884033203,237.04885864257812,1.0,133.89425659179688,277.64508056640625,1.0,112.5492172241211,282.38665771484375,0.9999974966049194,173.4543914794922,283.9610900878906,0.9994747042655945
578,143.40846252441406,220.5401611328125,1.0,134.55772399902344,257.8135681152344,1.0,126.8737564086914,241.2713623046875,1.0,116.81771850585938,238.17123413085938,1.0,170.7566680908203,239.9561004638672,1.0,188.15219116210938,237.02911376953125,1.0,133.42599487304688,277.726318359375,1.0,112.041259765625,282.107177734375,0.9999980926513672,171.85865783691406,284.0643615722656,0.999241828918457
579,124.15240478515625,216.90151977539062,0.9999998807907104,110.41101837158203,251.8705291748047,0.9999920129776001,110.44117736816406,238.54034423828125,0.00793530885130167,85.19557189941406,239.48675537109375,0.0005146018811501563,152.68850708007812,238.78750610351562,0.9890204071998596,167.8357391357422,233.10877990722656,0.9999918937683105,104.08827209472656,273.71142578125,0.9999984502792358,97.0589370727539,276.55987548828125,0.00018042564624920487,145.13394165039062,283.0466003417969,0.04136129468679428
580,106.59960174560547,217.91087341308594,1.0,90.51202392578125,251.8883056640625,0.9999998807907104,91.75202941894531,239.20458984375,0.0009447499760426581,67.98320007324219,237.6736297607422,0.0004535599728114903,131.57594299316406,235.61306762695312,1.0,146.42648315429688,232.31993103027344,1.0,86.17279815673828,272.28607177734375,0.9999998807907104,144.0360565185547,272.9253234863281,0.0002125384780811146,126.36420440673828,278.1294250488281,0.9998032450675964
581,101.82624816894531,217.56797790527344,1.0,86.08816528320312,251.1310577392578,1.0,89.24732971191406,239.2760772705078,0.0011944756843149662,160.7064208984375,229.4985809326172,0.00037211639573797584,125.79463958740234,233.94923400878906,1.0,139.712646484375,230.17784118652344,1.0,80.91305541992188,271.365234375,0.9999998807907104,69.51432800292969,275.32293701171875,0.0011174972169101238,117.42451477050781,278.5295104980469,0.9999873638153076
582,105.36592102050781,213.97254943847656,1.0,86.96682739257812,245.19256591796875,1.0,90.55500030517578,232.58248901367188,0.0012361800763756037,159.29815673828125,228.19285583496094,0.0003898802970070392,127.8157958984375,230.14199829101562,1.0,140.68743896484375,225.8027801513672,1.0,80.26620483398438,265.8012390136719,0.9999994039535522,75.16301727294922,273.41595458984375,0.0012807589955627918,116.39429473876953,274.5229187011719,1.0
583,109.61371612548828,212.06520080566406,1.0,90.29527282714844,241.06768798828125,0.9999997615814209,133.75537109375,228.0727996826172,0.0007967856945469975,162.62574768066406,223.7307586669922,0.0005251163966022432,131.0596160888672,227.76698303222656,1.0,144.66510009765625,224.7148895263672,1.0,82.47061920166016,260.6337585449219,1.0,76.19757843017578,270.7431335449219,0.0028581139631569386,117.75161743164062,271.71929931640625,0.9999998807907104
584,113.58271789550781,208.56207275390625,1.0,94.42552185058594,232.8418426513672,0.9999995231628418,132.8777618408203,226.80294799804688,0.001433599623851478,154.34632873535156,226.18882751464844,0.0005357220652513206,134.12255859375,224.3485565185547,1.0,147.24862670898438,222.95977783203125,1.0,84.77672576904297,253.34530639648438,0.9999984502792358,81.70967864990234,272.6405944824219,0.005282044876366854,117.8452377319336,269.79986572265625,0.9999995231628418
585,125.22893524169922,200.51309204101562,0.9999998807907104,102.71568298339844,219.6185302734375,0.9999855756759644,128.3651580810547,223.15994262695312,0.0015857107937335968,129.33779907226562,223.96969604492188,0.0005055199726484716,141.33309936523438,218.48854064941406,1.0,153.80641174316406,217.10617065429688,0.9999995231628418,90.1312255859375,231.9314422607422,0.9999984502792358,121.79743957519531,252.5038299560547,0.0003123655915260315,119.79268646240234,254.9227752685547,0.9998793601989746
586,133.9261474609375,198.05636596679688,0.9999998807907104,108.01795959472656,213.91543579101562,0.9999804496765137,149.46644592285156,213.31837463378906,0.0010290101636201143,174.02976989746094,211.21998596191406,0.0003434543323237449,148.87742614746094,213.49151611328125,1.0,159.85646057128906,212.42274475097656,1.0,92.7526626586914,226.60313415527344,1.0,86.91217803955078,251.11654663085938,0.0003283603582531214,124.90758514404297,248.5714111328125,0.9999960660934448
587,136.64236450195312,196.09735107421875,1.0,113.31312561035156,210.85507202148438,0.9999536275863647,148.23829650878906,212.81044006347656,0.0012411547359079123,169.51397705078125,211.6876220703125,0.0004741334996651858,152.44580078125,211.57781982421875,1.0,164.1290740966797,210.9385528564453,1.0,96.93102264404297,221.08157348632812,0.9999998807907104,141.07778930664062,238.71438598632812,0.0003058474394492805,127.66021728515625,245.82745361328125,0.9999969005584717
588,148.2538604736328,190.64990234375,0.9999997615814209,123.91453552246094,203.6512451171875,0.9903730154037476,143.5359344482422,209.2073516845703,0.01864081621170044,144.07376098632812,209.2276611328125,0.005126332864165306,160.2010040283203,209.8076934814453,0.9934995174407959,170.65260314941406,212.35556030273438,0.9909466505050659,105.62992095947266,213.4453125,0.9998799562454224,139.4056396484375,235.03599548339844,0.0009418349945917726,131.67991638183594,239.33685302734375,0.9994445443153381
589,157.64498901367188,188.08566284179688,0.9999998807907104,130.16786193847656,199.2944793701172,0.9997650980949402,162.64370727539062,205.21844482421875,0.011829318478703499,143.0221710205078,206.99908447265625,0.0006977221928536892,168.4630584716797,205.76116943359375,0.9999960660934448,178.4035186767578,209.88766479492188,0.9999988079071045,110.41571807861328,208.0239715576172,0.9999992847442627,136.35769653320312,233.93942260742188,0.0006180044147185981,136.5038604736328,233.9683380126953,0.9998842477798462
590,159.37400817871094,185.90060424804688,0.9999998807907104,131.5753173828125,196.65049743652344,0.9998490810394287,161.2671661376953,205.71290588378906,0.01944231428205967,144.04444885253906,196.4686279296875,0.001243274426087737,171.3574981689453,203.52627563476562,0.9999994039535522,183.11167907714844,206.52975463867188,0.9999967813491821,111.24333953857422,205.13571166992188,0.9999998807907104,134.4588165283203,233.77438354492188,0.00024209151160903275,139.83685302734375,232.49546813964844,0.9999974966049194
591,161.81130981445312,184.6315460205078,1.0,135.47447204589844,194.31651306152344,0.999727189540863,160.82266235351562,202.3174285888672,0.01098476629704237,161.85105895996094,207.2459259033203,0.002296451712027192,173.64039611816406,202.3682098388672,0.9999990463256836,184.8028564453125,205.3213653564453,0.9999964237213135,115.19438934326172,202.65789794921875,1.0,106.50956726074219,233.6742706298828,0.0004218769900035113,142.18621826171875,230.78610229492188,0.9999995231628418
592,162.95326232910156,185.62083435058594,1.0,137.3605499267578,194.76727294921875,0.9999630451202393,162.2532196044922,205.6894989013672,0.002969968831166625,185.67349243164062,207.36099243164062,0.0008286884985864162,175.5171356201172,202.51329040527344,0.9999998807907104,186.93588256835938,206.75360107421875,0.9999986886978149,117.3730239868164,203.1820831298828,1.0,107.96360778808594,234.4229278564453,0.0018399687251076102,145.30538940429688,233.6866455078125,0.9999936819076538
593,163.4532012939453,186.64834594726562,1.0,135.53530883789062,199.31588745117188,0.9999854564666748,158.7196502685547,207.97964477539062,0.0008769955602474511,124.00140380859375,197.7412567138672,0.0014804551610723138,176.04437255859375,207.5807342529297,1.0,188.5281982421875,212.4904327392578,1.0,117.88619995117188,209.50143432617188,1.0,104.49774169921875,238.65431213378906,0.03143855929374695,147.98834228515625,241.7593536376953,0.9999988079071045
594,162.07325744628906,188.60562133789062,1.0,135.36907958984375,202.5509796142578,0.9999672174453735,184.42906188964844,211.24432373046875,0.0005445889546535909,123.62168884277344,200.73460388183594,0.0008630283991806209,177.4794464111328,210.09701538085938,1.0,191.0691375732422,213.47457885742188,1.0,117.74655151367188,214.62144470214844,1.0,105.72936248779297,238.82614135742188,0.31676527857780457,150.26939392089844,245.51292419433594,1.0
595,162.61184692382812,188.7468719482422,1.0,137.04824829101562,201.9195556640625,0.9999847412109375,129.294677734375,200.97935485839844,0.0007050849380902946,124.00633239746094,200.8745880126953,0.001042273361235857,178.7744903564453,209.6952362060547,1.0,192.33982849121094,213.66854858398438,1.0,119.28965759277344,214.7569122314453,1.0,108.82710266113281,239.40069580078125,0.25835108757019043,151.94309997558594,245.4728546142578,1.0
596,163.50534057617188,188.91925048828125,1.0,137.45864868164062,202.82579040527344,0.9999879598617554,178.90431213378906,207.38510131835938,0.0010913745500147343,205.1444854736328,212.957763671875,0.0012343639973551035,179.7221221923828,209.5817108154297,1.0,193.6274871826172,213.6678009033203,1.0,120.4811782836914,216.7799835205078,1.0,110.14818572998047,240.5111846923828,0.5591685771942139,153.93406677246094,246.0618438720703,1.0
597,163.55809020996094,189.89431762695312,1.0,137.30868530273438,204.53990173339844,0.9999943971633911,179.0951385498047,207.60133361816406,0.00044246873585507274,205.60984802246094,212.8950653076172,0.0015305746346712112,178.7576141357422,211.5745391845703,1.0,192.07070922851562,215.3740234375,1.0,120.8623275756836,218.99659729003906,1.0,111.35687255859375,242.58578491210938,0.22021208703517914,153.35406494140625,247.3603515625,0.9999998807907104
598,149.79771423339844,199.6564483642578,0.999996542930603,125.27314758300781,216.64378356933594,0.9608812928199768,134.6910400390625,210.11239624023438,0.00021046421898063272,146.2097625732422,209.16404724121094,0.0008071239572018385,172.71820068359375,218.51307678222656,0.2083572894334793,178.5147247314453,217.44139099121094,0.8162393569946289,113.47509002685547,229.45533752441406,0.9990326166152954,150.99261474609375,206.1356201171875,0.001317451591603458,145.91746520996094,249.62274169921875,0.998449444770813
599,124.58480834960938,223.35220336914062,0.9998219609260559,108.96886444091797,246.9130401611328,0.9945539236068726,117.53801727294922,227.3702850341797,0.00028465440846048295,130.19302368164062,235.6354217529297,0.0004858235770370811,144.54652404785156,234.3193817138672,0.05463535711169243,154.14710998535156,232.0618896484375,0.5924913883209229,105.09101867675781,269.84039306640625,0.9915094375610352,104.46247100830078,276.7513122558594,0.0002716682793106884,130.9899444580078,270.800537109375,0.9990070462226868
600,114.93301391601562,230.80938720703125,1.0,100.54292297363281,262.2939758300781,1.0,95.63916778564453,249.231201171875,0.00046254953485913575,156.057373046875,243.50743103027344,0.0006377234240062535,133.1977081298828,246.34535217285156,1.0,143.4369354248047,243.02883911132812,1.0,93.43335723876953,278.3125915527344,0.9999998807907104,84.6207504272461,277.3447570800781,0.00014457300130743533,122.67475128173828,283.2776184082031,0.9039573669433594
601,113.46453857421875,233.40118408203125,1.0,99.87606048583984,264.834228515625,1.0,99.7845230102539,253.27114868164062,0.004002030473202467,157.74024963378906,243.94393920898438,0.0005960932467132807,132.30059814453125,247.56703186035156,1.0,142.4009246826172,243.1650390625,1.0,93.81111907958984,279.21673583984375,0.9999996423721313,169.1826629638672,274.85858154296875,7.594197086291388e-05,124.44939422607422,282.3956604003906,0.02830895408987999
602,112.16788482666016,234.9396209716797,1.0,99.47127532958984,265.81768798828125,1.0,99.20345306396484,253.8045196533203,0.0048525286838412285,158.4573211669922,244.2717742919922,0.0010120776714757085,131.69300842285156,248.0377960205078,1.0,141.65432739257812,243.54217529296875,1.0,93.81311798095703,279.11920166015625,0.9999992847442627,169.35679626464844,275.12689208984375,7.758173887850717e-05,123.54421997070312,282.94488525390625,0.0424896664917469
603,112.38521575927734,235.7855987548828,1.0,99.66664123535156,265.6501159667969,1.0,99.62437438964844,254.23265075683594,0.010615020990371704,158.7085723876953,244.37734985351562,0.0009084779303520918,131.3841094970703,248.2396240234375,1.0,140.86293029785156,243.66207885742188,1.0,93.86992645263672,278.7010192871094,0.9999992847442627,147.8872528076172,275.99169921875,8.595867257099599e-05,123.71843719482422,282.4834289550781,0.027729518711566925
604,112.5105972290039,235.21324157714844,1.0,99.50017547607422,265.5909118652344,1.0,99.78190612792969,254.0005340576172,0.012327121570706367,158.76576232910156,244.23646545410156,0.000998762552626431,131.61776733398438,248.3743896484375,1.0,140.8294677734375,243.7545928955078,1.0,93.69393157958984,278.5645446777344,0.9999991655349731,169.5754852294922,275.0310974121094,8.446560241281986e-05,124.19864654541016,282.12890625,0.018936539068818092
605,112.22491455078125,234.99237060546875,1.0,99.53255462646484,265.7105407714844,1.0,100.04217529296875,253.61181640625,0.009668066166341305,158.7363739013672,244.10174560546875,0.0009420454734936357,131.49063110351562,248.60958862304688,1.0,140.97784423828125,243.8058624267578,1.0,93.9144287109375,278.61920166015625,0.9999984502792358,169.64431762695312,275.0748291015625,9.747668809723109e-05,124.40743255615234,281.8609619140625,0.010030181147158146
606,111.8886489868164,235.58297729492188,1.0,98.99217224121094,266.2873229980469,1.0,99.3991470336914,253.9419708251953,0.010087729431688786,159.10516357421875,244.13623046875,0.0007963108946569264,131.1546630859375,248.76832580566406,1.0,140.7335968017578,243.9421844482422,1.0,93.58086395263672,278.87176513671875,0.9999977350234985,169.58949279785156,275.13671875,8.834418258629739e-05,124.6681137084961,281.8901062011719,0.007330859545618296
607,111.06867218017578,235.250732421875,1.0,98.60755920410156,266.03216552734375,1.0,98.92131042480469,253.91004943847656,0.006971093360334635,159.61216735839844,244.49285888671875,0.0008741432102397084,131.0919952392578,248.73765563964844,1.0,140.61654663085938,244.28660583496094,1.0,93.1141128540039,278.69873046875,0.9999988079071045,169.69956970214844,275.1263122558594,7.570488378405571e-05,124.3704605102539,282.12744140625,0.010568788275122643
608,111.22274780273438,235.16786193847656,1.0,98.68780517578125,265.8519592285156,1.0,99.06050872802734,253.9200439453125,0.008161191828548908,159.5980682373047,244.38412475585938,0.0009405181044712663,130.9904327392578,248.9273223876953,1.0,140.69403076171875,244.3202667236328,1.0,93.0999755859375,278.7884216308594,0.9999991655349731,169.48023986816406,275.1178894042969,8.539665577700362e-05,124.34168243408203,282.13629150390625,0.007766501512378454
609,111.15815734863281,235.28582763671875,1.0,98.6783218383789,266.078857421875,1.0,99.01917266845703,254.15280151367188,0.008155601099133492,159.57716369628906,244.55819702148438,0.0010223122080788016,130.89683532714844,248.86575317382812,1.0,140.67076110839844,244.3254852294922,1.0,93.01936340332031,278.77490234375,0.9999988079071045,169.57151794433594,275.138427734375,7.881014607846737e-05,124.36365509033203,282.0063781738281,0.007086339872330427
610,111.22539520263672,236.4425048828125,1.0,98.61494445800781,265.94024658203125,1.0,98.5740737915039,254.4582977294922,0.007242556195706129,158.613525390625,244.5568389892578,0.0009897315176203847,131.75767517089844,249.26242065429688,1.0,141.82432556152344,245.0437774658203,1.0,93.12860107421875,278.7806091308594,0.999998927116394,169.4391326904297,275.4903259277344,8.326577517436817e-05,124.95929718017578,282.3883972167969,0.010616193525493145
611,111.31814575195312,236.1948699951172,1.0,98.7969741821289,265.4581298828125,1.0,98.53854370117188,254.1120147705078,0.005121019668877125,157.7388458251953,244.57383728027344,0.0008025101851671934,132.48101806640625,248.60067749023438,1.0,142.61434936523438,244.7325439453125,1.0,93.14604949951172,278.5198059082031,0.9999990463256836,169.21939086914062,275.49505615234375,7.347375503741205e-05,123.53140258789062,283.2572937011719,0.02203819900751114
612,109.95279693603516,235.43663024902344,1.0,98.5920639038086,266.5195617675781,1.0,98.33824920654297,254.1735382080078,0.011148245073854923,157.22515869140625,244.3466339111328,0.0006103488267399371,132.1581268310547,248.67822265625,1.0,143.01953125,244.13272094726562,1.0,93.57551574707031,279.30316162109375,0.9999983310699463,168.9705352783203,275.3921203613281,6.972460687393323e-05,125.40623474121094,281.9460144042969,0.0048529887571930885
613,109.62825775146484,234.98098754882812,1.0,98.40050506591797,266.5431213378906,1.0,98.06483459472656,254.3177947998047,0.01509147509932518,157.88336181640625,244.3854522705078,0.0007759960135444999,131.78347778320312,248.5106201171875,1.0,142.4817352294922,243.606689453125,1.0,93.2475814819336,279.35064697265625,0.9999977350234985,168.7838592529297,275.1882019042969,6.468922947533429e-05,125.79273223876953,281.7469787597656,0.003240291029214859
614,109.9527359008789,234.6693115234375,1.0,98.4940414428711,266.08740234375,1.0,98.41077423095703,254.2353973388672,0.01575097069144249,157.9973907470703,244.33763122558594,0.0008090004557743669,131.82672119140625,248.41709899902344,1.0,142.30020141601562,243.7532958984375,1.0,93.14794158935547,279.179931640625,0.9999986886978149,168.7717742919922,275.3402404785156,6.664593820460141e-05,125.41602325439453,281.9237060546875,0.005327660124748945
615,110.38037109375,234.6429901123047,1.0,98.56736755371094,266.1666564941406,1.0,98.68922424316406,254.29473876953125,0.013047417625784874,157.97227478027344,244.54159545898438,0.0008999642450362444,131.94532775878906,248.4459686279297,1.0,142.2040557861328,243.91986083984375,1.0,93.04735565185547,279.27947998046875,0.9999988079071045,168.85438537597656,275.15386962890625,7.111109880497679e-05,125.23757934570312,281.90655517578125,0.004411009605973959
616,111.38037109375,233.66629028320312,1.0,99.07144165039062,265.7962646484375,1.0,99.0797348022461,253.4878692626953,0.003345680423080921,158.22421264648438,244.7056884765625,0.0010997578501701355,132.0028839111328,248.57008361816406,1.0,142.22412109375,244.57843017578125,1.0,93.48173522949219,279.0223388671875,0.9999983310699463,169.11224365234375,275.3173522949219,6.0715632571373135e-05,124.99691009521484,282.2267150878906,0.004640546161681414
617,114.62333679199219,232.88690185546875,1.0,100.13594818115234,265.18792724609375,1.0,100.15479278564453,252.91204833984375,0.0017822973895817995,156.0677947998047,244.43447875976562,0.000622725929133594,134.23333740234375,249.73736572265625,1.0,145.08438110351562,246.79052734375,1.0,93.9764633178711,278.7042541503906,0.9999994039535522,169.31053161621094,275.3819885253906,6.606518581975251e-05,123.14730834960938,283.40277099609375,0.020353345200419426
618,117.82792663574219,233.1219482421875,1.0,102.84208679199219,264.10198974609375,1.0,105.46031188964844,252.8609161376953,0.0028568708803504705,84.17170715332031,240.39842224121094,0.0006680035730823874,138.26370239257812,249.68824768066406,1.0,149.50315856933594,246.74038696289062,1.0,96.28705596923828,278.09423828125,0.9999998807907104,160.46556091308594,232.66287231445312,0.0001140712556662038,123.8744888305664,284.662353515625,0.07924963533878326
619,125.96659851074219,230.05494689941406,1.0,107.91864013671875,261.1290283203125,1.0,105.14897918701172,245.2246856689453,0.0006585693918168545,83.10108184814453,239.14688110351562,0.0011105203302577138,148.63511657714844,248.17575073242188,0.9999974966049194,160.70010375976562,246.15220642089844,1.0,101.76293182373047,277.4085693359375,0.9999998807907104,165.7201690673828,275.4289245605469,5.4616251873085275e-05,129.69769287109375,285.4804992675781,0.0934729278087616
620,142.84056091308594,224.75146484375,0.9999998807907104,123.00416564941406,258.359619140625,0.9999997615814209,121.5724105834961,242.18785095214844,0.0008444978739134967,99.70806884765625,239.44723510742188,0.0007823625928722322,169.10948181152344,246.0979766845703,1.0,184.62696838378906,246.6377716064453,1.0,115.70795440673828,277.2425537109375,1.0,177.52883911132812,256.5373840332031,8.440038072876632e-05,145.51268005371094,285.679443359375,0.11119033396244049
621,152.89796447753906,224.21356201171875,1.0,133.68333435058594,258.5689697265625,1.0,134.12034606933594,244.55738830566406,0.996533989906311,130.136474609375,242.54615783691406,0.06172724440693855,178.26077270507812,247.38270568847656,1.0,194.17620849609375,247.5758819580078,1.0,125.40585327148438,278.240966796875,1.0,112.54776000976562,279.2574768066406,0.0031364886090159416,157.34088134765625,287.0682373046875,0.0076873269863426685
622,157.4679412841797,224.1643829345703,1.0,136.67861938476562,257.3610534667969,1.0,138.28094482421875,242.95025634765625,0.9999079704284668,133.98594665527344,241.38558959960938,0.9532472491264343,181.4242401123047,247.2049102783203,1.0,196.64231872558594,247.40577697753906,1.0,128.2654571533203,277.1252136230469,1.0,113.31969451904297,278.3316955566406,0.019146813079714775,162.4872589111328,286.1604919433594,0.24192117154598236
623,160.48297119140625,223.22720336914062,1.0,139.5690155029297,253.19139099121094,1.0,141.5563507080078,240.79983520507812,0.9999585151672363,135.6188507080078,240.02598571777344,0.9888834357261658,183.3876190185547,246.92080688476562,1.0,198.1565704345703,247.23219299316406,1.0,130.17604064941406,274.1256103515625,1.0,114.95143127441406,278.6773376464844,0.4704229235649109,162.37109375,285.59283447265625,0.9865928292274475
624,161.1678009033203,223.00315856933594,1.0,140.85728454589844,252.32009887695312,1.0,140.9293975830078,241.69776916503906,0.9999918937683105,136.66812133789062,240.67979431152344,0.997121274471283,184.16612243652344,247.0952606201172,1.0,198.936279296875,247.0033721923828,1.0,132.08045959472656,274.24407958984375,1.0,116.25016784667969,279.22088623046875,0.8756506443023682,164.40090942382812,285.61590576171875,0.9980918765068054
625,161.32424926757812,223.14724731445312,1.0,141.05023193359375,252.220458984375,1.0,142.65213012695312,241.2308807373047,0.9999960660934448,136.81484985351562,240.4017333984375,0.9990505576133728,184.55917358398438,247.31234741210938,1.0,199.51995849609375,247.31362915039062,1.0,132.0965576171875,273.6654052734375,1.0,116.20077514648438,279.124755859375,0.8339437246322632,165.20538330078125,285.5749206542969,0.9930369257926941
626,161.23745727539062,223.32806396484375,1.0,141.2913055419922,252.00588989257812,1.0,142.94784545898438,241.29258728027344,0.9999991655349731,137.10462951660156,240.63180541992188,0.9998513460159302,184.56033325195312,247.40150451660156,1.0,199.3607940673828,247.74151611328125,1.0,132.25189208984375,273.81072998046875,1.0,115.99002075195312,279.2512512207031,0.8335835337638855,164.99644470214844,285.8050842285156,0.9863390922546387
627,160.39959716796875,223.65098571777344,1.0,141.01895141601562,252.66641235351562,1.0,142.32156372070312,241.41287231445312,0.9999990463256836,136.2136993408203,241.14112854003906,0.9998214840888977,183.95822143554688,247.0436553955078,1.0,199.13084411621094,247.89439392089844,1.0,131.2862091064453,273.9310302734375,1.0,115.3626480102539,279.1169128417969,0.5904457569122314,164.34072875976562,285.69940185546875,0.8415132761001587
628,160.1831512451172,223.35546875,1.0,139.9560546875,253.3653564453125,1.0,142.030029296875,241.0663299560547,0.999998927116394,135.83541870117188,240.47694396972656,0.9997684359550476,183.1798858642578,246.9100799560547,1.0,198.49940490722656,247.600341796875,1.0,129.8562469482422,274.2068176269531,1.0,114.44342803955078,278.9186096191406,0.36638957262039185,162.17283630371094,287.6551513671875,0.19715753197669983
629,159.47857666015625,223.2833251953125,1.0,138.422607421875,254.2928924560547,1.0,141.45205688476562,240.8879852294922,0.9999988079071045,135.28146362304688,240.07522583007812,0.9995443224906921,182.53614807128906,247.01284790039062,1.0,197.625732421875,248.1910400390625,1.0,128.01075744628906,275.68145751953125,1.0,113.91853332519531,278.2951354980469,0.34056776762008667,160.92710876464844,287.1356506347656,0.40283116698265076
630,158.261962890625,222.8101043701172,1.0,136.56869506835938,254.1777801513672,1.0,138.98057556152344,241.10540771484375,0.9999816417694092,134.4144287109375,239.37022399902344,0.9977545142173767,181.05014038085938,247.22213745117188,1.0,195.7281951904297,248.9790802001953,1.0,126.40750122070312,274.3418884277344,1.0,113.90650177001953,277.8158264160156,0.9163621068000793,156.25814819335938,286.3208923339844,0.9861961603164673
631,156.69174194335938,223.22422790527344,1.0,133.9799346923828,253.06394958496094,1.0,137.05706787109375,240.4928436279297,0.9990787506103516,133.26368713378906,238.30624389648438,0.8285613656044006,179.5415802001953,247.71566772460938,1.0,193.75546264648438,248.93783569335938,1.0,123.5065689086914,273.23101806640625,1.0,111.54960632324219,276.7118835449219,0.7902697920799255,153.14613342285156,285.6628112792969,0.9846402406692505
632,157.00689697265625,223.77322387695312,1.0,135.419677734375,254.728271484375,1.0,137.7792510986328,241.646240234375,0.9996610879898071,133.70321655273438,239.2244110107422,0.9012225866317749,181.22129821777344,248.5226593017578,1.0,195.46566772460938,250.10560607910156,1.0,125.48857879638672,275.5794677734375,1.0,112.57723999023438,277.8506164550781,0.20612138509750366,156.13880920410156,286.4157409667969,0.7928088307380676
633,161.27774047851562,224.56529235839844,1.0,141.0708465576172,253.2415771484375,1.0,140.9400177001953,242.59185791015625,0.9999558925628662,136.05409240722656,240.46353149414062,0.99204021692276,184.59091186523438,249.82252502441406,1.0,199.34185791015625,251.6150665283203,1.0,131.54490661621094,275.63348388671875,1.0,115.56813049316406,278.2481689453125,0.09289779514074326,163.2243194580078,287.3833923339844,0.09325065463781357
634,162.4397735595703,224.52349853515625,1.0,143.20639038085938,253.7474822998047,1.0,143.03981018066406,242.98806762695312,0.9999996423721313,137.06263732910156,241.264892578125,0.9924261569976807,186.55581665039062,250.18954467773438,1.0,201.376953125,251.82286071777344,1.0,134.11572265625,275.1697692871094,1.0,116.28703308105469,278.97137451171875,0.19717592000961304,166.452880859375,286.4209899902344,0.035705603659152985
635,164.91065979003906,225.60023498535156,1.0,144.65023803710938,253.0631866455078,1.0,144.9355010986328,242.8982391357422,1.0,138.42015075683594,241.28762817382812,0.999788224697113,189.1383056640625,250.7628936767578,1.0,204.4998016357422,251.66964721679688,1.0,136.4298553466797,273.7030029296875,1.0,117.62298583984375,278.78900146484375,0.36184757947921753,168.76528930664062,286.46368408203125,0.10658508539199829
636,165.79449462890625,225.98992919921875,1.0,147.07708740234375,252.65931701660156,1.0,146.4303741455078,242.39906311035156,1.0,139.46307373046875,242.08935546875,0.9999853372573853,190.18399047851562,250.38900756835938,1.0,205.8126678466797,251.0798797607422,1.0,139.7694549560547,272.0596618652344,1.0,120.7675552368164,279.5181579589844,0.9922149777412415,169.47291564941406,286.2803649902344,0.7412635087966919
637,167.7015380859375,225.50025939941406,1.0,150.01837158203125,252.30233764648438,1.0,147.88450622558594,242.60110473632812,1.0,139.55917358398438,242.8277587890625,0.9999992847442627,192.1485595703125,250.1024932861328,1.0,208.5050811767578,251.31092834472656,1.0,143.29373168945312,271.4143981933594,1.0,125.84232330322266,279.310546875,1.0,172.7781219482422,286.841064453125,0.9997647404670715
638,168.9324493408203,224.41290283203125,1.0,152.8806915283203,252.3192901611328,1.0,148.4778594970703,242.70016479492188,1.0,138.63699340820312,243.9766082763672,1.0,193.07044982910156,248.81976318359375,1.0,210.0587615966797,250.04437255859375,1.0,145.74810791015625,272.1875915527344,1.0,127.63662719726562,280.47296142578125,0.9999998807907104,177.9774932861328,287.54766845703125,0.9998825788497925
639,168.88259887695312,221.97647094726562,1.0,153.64154052734375,251.70323181152344,1.0,148.6881103515625,241.15663146972656,1.0,138.26052856445312,242.56788635253906,1.0,193.30653381347656,247.48548889160156,1.0,210.39175415039062,248.76524353027344,1.0,147.5899658203125,271.8330993652344,1.0,127.71113586425781,280.0484924316406,1.0,179.279052734375,285.46954345703125,0.9999890327453613
640,168.85916137695312,221.31723022460938,1.0,153.54212951660156,251.97120666503906,1.0,148.49586486816406,240.84072875976562,1.0,137.39730834960938,241.8924102783203,1.0,193.48155212402344,246.0608673095703,1.0,210.22576904296875,246.81539916992188,1.0,148.302490234375,271.8537902832031,1.0,127.8321762084961,280.0560607910156,1.0,181.03866577148438,285.3326110839844,0.9999985694885254
641,168.67530822753906,220.17723083496094,1.0,154.16107177734375,252.35775756835938,1.0,148.36485290527344,240.22523498535156,1.0,136.02944946289062,241.59532165527344,1.0,193.34376525878906,244.4943084716797,1.0,210.09400939941406,244.64297485351562,1.0,149.4604949951172,272.230224609375,1.0,128.5248565673828,280.1584777832031,1.0,182.6779022216797,284.89990234375,0.9999971389770508
642,168.3896484375,218.95289611816406,1.0,155.17123413085938,251.6725311279297,1.0,147.43341064453125,238.30551147460938,1.0,134.41384887695312,238.14381408691406,1.0,193.40151977539062,243.1652374267578,1.0,209.77835083007812,242.34544372558594,1.0,151.12161254882812,271.9377136230469,1.0,129.15699768066406,280.3618469238281,1.0,184.11172485351562,284.59185791015625,0.999998927116394
643,167.98764038085938,217.59298706054688,1.0,154.790771484375,251.3673858642578,1.0,146.20640563964844,237.83450317382812,1.0,134.2105712890625,237.47232055664062,1.0,192.90899658203125,242.15374755859375,1.0,209.4092559814453,240.80435180664062,1.0,151.3596954345703,271.8782958984375,1.0,129.22207641601562,280.1567687988281,1.0,185.288818359375,284.26153564453125,0.9999991655349731
644,168.01907348632812,217.429443359375,1.0,154.82833862304688,250.7512664794922,1.0,146.04270935058594,237.4939422607422,1.0,134.11349487304688,236.40853881835938,1.0,192.96311950683594,241.3898162841797,1.0,210.1346435546875,240.82542419433594,1.0,151.60641479492188,271.508544921875,1.0,129.53810119628906,280.16534423828125,1.0,185.7734832763672,283.8717346191406,0.9999984502792358
645,167.7711944580078,217.2022705078125,1.0,154.60752868652344,250.65809631347656,1.0,145.84800720214844,236.79232788085938,1.0,133.85362243652344,236.97032165527344,1.0,192.5817413330078,241.13673400878906,1.0,210.06895446777344,240.61485290527344,1.0,151.58270263671875,271.3206787109375,1.0,129.55978393554688,280.14154052734375,1.0,186.3403778076172,283.8977355957031,0.9999994039535522
646,167.155029296875,217.21588134765625,1.0,154.34072875976562,250.53207397460938,1.0,145.3264923095703,236.99412536621094,1.0,133.62428283691406,237.3247528076172,1.0,192.3365936279297,241.236572265625,1.0,209.69638061523438,240.46336364746094,1.0,151.44822692871094,271.3173828125,1.0,129.71653747558594,280.3246154785156,1.0,186.868408203125,283.7386474609375,0.9999996423721313
647,166.8332977294922,217.2044677734375,1.0,154.46493530273438,250.46986389160156,1.0,145.38116455078125,236.97247314453125,1.0,133.4784698486328,237.15647888183594,1.0,192.2711181640625,241.15769958496094,1.0,209.6222686767578,240.52391052246094,1.0,151.71397399902344,271.1009826660156,1.0,129.74151611328125,280.3492126464844,1.0,186.82534790039062,283.8414611816406,0.9999997615814209
648,166.22267150878906,217.3780517578125,1.0,154.10948181152344,250.9375762939453,1.0,145.03387451171875,237.62380981445312,1.0,133.00328063964844,236.75186157226562,1.0,192.14691162109375,241.2137451171875,1.0,209.51060485839844,240.48512268066406,1.0,151.5868377685547,271.2243957519531,1.0,129.47772216796875,280.5263977050781,1.0,186.8194122314453,284.1242980957031,0.9999998807907104
649,165.88760375976562,217.6713104248047,1.0,153.70892333984375,250.8250274658203,1.0,144.82557678222656,237.8350830078125,1.0,132.9375457763672,236.83816528320312,1.0,191.92530822753906,241.31039428710938,1.0,208.69313049316406,240.49880981445312,1.0,151.5663604736328,270.959716796875,1.0,129.35182189941406,280.6614990234375,1.0,187.10179138183594,284.0310363769531,0.9999998807907104
650,165.27806091308594,218.07901000976562,1.0,154.0673065185547,251.10708618164062,1.0,144.49819946289062,238.1225128173828,1.0,133.3993377685547,237.08993530273438,1.0,191.45062255859375,241.3125457763672,1.0,207.80154418945312,240.1199493408203,1.0,151.31979370117188,271.0297546386719,1.0,129.30677795410156,280.7532958984375,1.0,186.83482360839844,283.754638671875,0.9999998807907104
651,165.04380798339844,218.1909637451172,1.0,153.74061584472656,251.25399780273438,1.0,144.36962890625,238.22113037109375,1.0,133.23924255371094,237.77162170410156,1.0,191.2879638671875,241.36212158203125,1.0,207.88851928710938,240.2122344970703,1.0,150.62591552734375,270.9955749511719,1.0,129.24514770507812,280.8214111328125,1.0,186.54196166992188,283.8514709472656,0.9999998807907104
652,164.28558349609375,218.38568115234375,1.0,153.04478454589844,251.09661865234375,1.0,144.00762939453125,238.5265655517578,1.0,133.21990966796875,238.4951171875,1.0,190.41749572753906,241.2621612548828,1.0,207.07540893554688,240.48440551757812,1.0,149.72128295898438,271.5854187011719,1.0,128.05625915527344,281.1671447753906,1.0,184.87501525878906,283.9260559082031,0.9999998807907104
653,163.46006774902344,218.3356475830078,1.0,152.06849670410156,251.50054931640625,1.0,143.35084533691406,238.5524444580078,1.0,132.83982849121094,239.201171875,1.0,189.10623168945312,241.23265075683594,1.0,206.2486572265625,240.21060180664062,1.0,148.859619140625,271.90301513671875,1.0,127.3792953491211,281.5655517578125,1.0,184.26181030273438,284.0798645019531,0.9999998807907104
654,159.4644012451172,220.49136352539062,1.0,147.57373046875,252.79946899414062,1.0,141.2581329345703,241.57034301757812,1.0,132.5030517578125,242.11097717285156,1.0,185.15452575683594,241.591064453125,1.0,202.3651123046875,240.6336212158203,1.0,144.96136474609375,272.77490234375,1.0,125.37403869628906,281.87042236328125,1.0,181.23997497558594,283.95025634765625,0.9999997615814209
655,156.5860595703125,221.21395874023438,1.0,144.39068603515625,252.85470581054688,1.0,139.76866149902344,242.11671447753906,1.0,131.66778564453125,241.4389190673828,0.9999998807907104,182.53416442871094,243.33544921875,1.0,199.53363037109375,241.5767822265625,1.0,141.1016387939453,275.11480712890625,1.0,120.99815368652344,280.5198974609375,0.995695948600769,177.2734832763672,284.4405517578125,0.9998148083686829
656,155.61105346679688,221.7136993408203,1.0,142.9608154296875,253.6990966796875,1.0,139.1941375732422,242.56683349609375,1.0,131.2245635986328,242.41322326660156,0.9999924898147583,181.7447509765625,243.35614013671875,1.0,198.66261291503906,241.57147216796875,1.0,139.42808532714844,276.0350341796875,1.0,118.58541107177734,281.1922302246094,0.13957585394382477,176.32167053222656,284.30389404296875,0.9929004907608032
657,155.5548553466797,221.79795837402344,1.0,142.41416931152344,254.4117431640625,1.0,139.0887451171875,242.96031188964844,1.0,131.0767059326172,242.61111450195312,0.9999988079071045,181.5220489501953,243.23045349121094,1.0,198.738525390625,241.87013244628906,1.0,138.72381591796875,276.5718078613281,1.0,118.5422592163086,281.38134765625,0.4219990670681,176.77439880371094,284.7275390625,0.9929174184799194
658,157.0265655517578,224.9915771484375,1.0,142.62998962402344,254.93870544433594,1.0,139.2377166748047,243.61412048339844,0.9999998807907104,132.0923309326172,242.15939331054688,0.9999611377716064,182.6298828125,245.46824645996094,1.0,198.9731903076172,243.57200622558594,1.0,138.4022979736328,276.68048095703125,1.0,118.66988372802734,281.31060791015625,0.0890733078122139,175.491943359375,284.550537109375,0.732692301273346
659,159.87686157226562,225.6221466064453,1.0,143.67030334472656,256.2249755859375,1.0,140.9126739501953,244.29200744628906,1.0,134.5026092529297,243.01995849609375,0.9999910593032837,185.48834228515625,247.6680450439453,1.0,201.99473571777344,246.093505859375,1.0,137.55963134765625,277.5556945800781,1.0,118.7544937133789,280.5047607421875,0.003061343915760517,178.87103271484375,285.0254211425781,0.0030995847191661596
660,160.4433135986328,225.83340454101562,1.0,143.64976501464844,258.06536865234375,1.0,142.33143615722656,245.16409301757812,0.9999998807907104,135.8578338623047,243.0612335205078,0.9999552965164185,185.91282653808594,248.1409149169922,1.0,202.69326782226562,246.86260986328125,1.0,137.47494506835938,278.18975830078125,0.9999998807907104,118.70608520507812,279.0469055175781,0.00028311897767707705,183.52601623535156,281.34503173828125,0.0011185707990080118
661,160.60174560546875,226.1317596435547,1.0,143.58779907226562,257.9732360839844,1.0,142.36459350585938,245.1387939453125,1.0,136.21054077148438,243.21609497070312,0.9999716281890869,185.8994598388672,248.5563201904297,1.0,202.38211059570312,247.05767822265625,1.0,137.17161560058594,278.03936767578125,1.0,118.44099426269531,279.0870361328125,0.0003353823849465698,183.07913208007812,281.23480224609375,0.0018052333034574986
662,158.19375610351562,225.63052368164062,1.0,141.1931610107422,259.24847412109375,1.0,139.73085021972656,245.44949340820312,0.9999974966049194,134.2390899658203,243.57078552246094,0.9962292313575745,183.6802520751953,249.81422424316406,1.0,199.47947692871094,248.88246154785156,1.0,134.9713592529297,278.8851013183594,0.9999997615814209,117.87133026123047,279.0180969238281,0.0002743515942711383,181.91983032226562,281.1142883300781,0.0009026852785609663
663,146.52877807617188,228.591552734375,1.0,129.12741088867188,260.9513244628906,1.0,130.65846252441406,244.97384643554688,0.002722935751080513,128.37559509277344,246.61569213867188,0.0004510871658567339,174.5545196533203,250.7705841064453,0.01616092212498188,184.2819366455078,250.9508056640625,1.0,121.39485168457031,278.4693603515625,0.9999998807907104,217.9914093017578,270.6966552734375,7.224428554764017e-05,89.62869262695312,237.8148193359375,0.0003478357393760234
664,141.39671325683594,227.69715881347656,1.0,121.32794952392578,260.1783142089844,1.0,121.86045837402344,242.47691345214844,0.0007085496326908469,190.4813232421875,245.89389038085938,0.000816360698081553,163.6627197265625,251.4464569091797,1.0,177.11151123046875,251.98846435546875,1.0,113.79312896728516,277.3531188964844,1.0,99.91416931152344,278.5819396972656,9.737784421304241e-05,137.04464721679688,286.7822265625,0.008749200031161308
665,134.36338806152344,231.6285858154297,1.0,113.97044372558594,258.7257995605469,1.0,143.5911865234375,256.2950439453125,0.00044851479469798505,98.38135528564453,226.68539428710938,0.0005732558784075081,153.72293090820312,251.1532440185547,1.0,167.39320373535156,251.39256286621094,1.0,105.80945587158203,276.641845703125,1.0,98.30731201171875,276.27862548828125,0.00010774245311040431,136.87161254882812,283.3337707519531,0.8652191758155823
666,128.66868591308594,231.87765502929688,1.0,106.51593780517578,260.6781311035156,1.0,124.11151123046875,252.3336181640625,0.0008473343914374709,177.25192260742188,245.42901611328125,0.000549861928448081,145.8399200439453,251.60682678222656,1.0,158.0535125732422,250.54515075683594,1.0,98.7189712524414,276.55511474609375,1.0,85.56832885742188,277.21514892578125,0.00014002381067257375,126.89308166503906,284.46343994140625,0.8200771808624268
667,126.43505096435547,233.10105895996094,1.0,104.25762939453125,260.6122131347656,1.0,120.387451171875,254.68812561035156,0.0005882582627236843,83.91291046142578,240.00863647460938,0.00037683144910261035,142.66021728515625,251.7130584716797,1.0,153.09414672851562,250.24981689453125,1.0,95.82788848876953,276.5550537109375,1.0,84.67115020751953,276.69744873046875,0.00026499750674702227,123.74337768554688,283.6381530761719,0.9942263960838318
668,125.06375122070312,232.42105102539062,1.0,100.30854797363281,259.1495056152344,1.0,114.08678436279297,244.80543518066406,0.0007909844862297177,156.16087341308594,245.53639221191406,0.0005538159748539329,138.88531494140625,253.1682891845703,0.9996523857116699,145.94557189941406,250.1470947265625,1.0,91.57041931152344,275.9320373535156,1.0,170.58738708496094,273.6252136230469,0.0001847211242420599,118.17529296875,283.89959716796875,0.9655615091323853
669,122.23595428466797,234.65528869628906,0.9998441934585571,98.5130844116211,253.9354705810547,0.9999890327453613,116.8011245727539,242.17422485351562,0.0003536534495651722,114.86461639404297,241.060791015625,0.0021127157378941774,131.8216094970703,249.17469787597656,0.01732539013028145,134.45814514160156,246.34503173828125,0.998722493648529,90.88555908203125,273.9923400878906,0.9999998807907104,82.99456787109375,276.3499755859375,0.00022679867106489837,113.65559387207031,280.54888916015625,0.9999961853027344
670,122.49372100830078,241.3871612548828,0.00014301732880994678,98.03845977783203,257.6244201660156,0.004854889120906591,92.92113494873047,284.33319091796875,5.114743089507101e-06,93.43804168701172,286.9904479980469,1.5603734937030822e-05,2.8330886363983154,234.34620666503906,7.737749001535121e-06,133.87103271484375,249.471435546875,0.0002048503956757486,97.72998046875,270.4491271972656,0.016462963074445724,130.42086791992188,237.12704467773438,1.0183954145759344e-05,107.3805160522461,275.1981201171875,0.12667842209339142
671,201.24853515625,226.67056274414062,7.467548130080104e-06,0.9069669246673584,253.33493041992188,1.3175681488064583e-06,-2.0143790245056152,251.2218017578125,3.099918785665068e-06,-0.5331315994262695,284.5948486328125,1.1021797035937198e-05,2.8985164165496826,234.3828887939453,1.0345144801249262e-05,191.14979553222656,309.7628479003906,7.205991551018087e-06,1.3928511142730713,252.1621856689453,2.2334101231535897e-05,67.35012817382812,203.9373016357422,5.038512540522788e-07,-1.4717445373535156,249.6216278076172,4.951223672833294e-06
672,187.7388153076172,227.28366088867188,4.330912634031847e-05,188.07000732421875,269.0733642578125,4.618505499820458e-06,194.51055908203125,270.89202880859375,2.8209098672959954e-05,191.47479248046875,272.8806457519531,0.00013237883104011416,2.8433167934417725,234.37661743164062,9.40173413255252e-06,187.66995239257812,266.73919677734375,1.5746465578558855e-05,1.4729485511779785,252.1292266845703,1.8117632862413302e-05,192.5761260986328,265.7915954589844,2.018167833739426e-06,186.86474609375,265.39117431640625,0.0004221664275974035
673,185.96287536621094,225.81988525390625,1.4317500244942494e-05,0.34435200691223145,268.7465515136719,1.7732852484186878e-06,-1.8788070678710938,251.2582550048828,4.128743057663087e-06,-0.5214743614196777,284.5988464355469,1.2205089660710655e-05,2.6701440811157227,234.41627502441406,1.0939979802060407e-05,140.48562622070312,301.7810363769531,6.284686151047936e-06,1.4978923797607422,252.18161010742188,2.7593152481131256e-05,2.2638063430786133,218.56544494628906,4.923471124129719e-07,-1.2655234336853027,249.56326293945312,6.250627393455943e-06
674,172.58242797851562,226.28326416015625,4.496957262745127e-05,171.38656616210938,281.50787353515625,2.556284698584932e-06,-1.853773593902588,251.3115997314453,4.29527653977857e-06,189.01651000976562,287.14886474609375,3.011802982655354e-05,2.576563835144043,234.43394470214844,1.2737766155623831e-05,200.76560974121094,238.62168884277344,1.082751896319678e-05,1.4393985271453857,252.0789031982422,2.4626031517982483e-05,177.2149200439453,204.48155212402344,1.4826675851509208e-06,170.30862426757812,273.51715087890625,7.524763350374997e-05
675,171.8195037841797,226.38357543945312,0.0006951840477995574,183.4014892578125,224.21678161621094,1.0076535545522347e-05,187.33676147460938,299.6797790527344,4.84531483380124e-06,174.03282165527344,285.6580810546875,1.1266460205661133e-05,185.69984436035156,250.98391723632812,0.00011870871094288304,187.7493438720703,243.6221160888672,9.153824066743255e-05,1.524446964263916,252.11492919921875,2.6839805286726914e-05,155.11033630371094,277.19927978515625,8.786349098954815e-06,171.52029418945312,274.7711181640625,0.0003029491344932467
676,185.79721069335938,225.408447265625,0.0005226799985393882,186.07908630371094,229.99734497070312,5.868379957973957e-06,-2.534351348876953,235.42593383789062,4.980129688192392e-06,-0.7755866050720215,222.9894561767578,1.1158909728692379e-05,2.592646360397339,234.45474243164062,1.7693422705633566e-05,188.4130401611328,301.0995788574219,2.15970903809648e-05,1.5369083881378174,252.0484161376953,3.2317555451299995e-05,196.65875244140625,292.71319580078125,1.4146498870104551e-06,183.84005737304688,277.1790771484375,1.9279625121271238e-05
677,186.28981018066406,225.93812561035156,7.384715718217194e-05,186.3809356689453,297.7313232421875,2.9253260436234996e-06,-2.5670456886291504,235.44314575195312,4.959105808666209e-06,-0.7084312438964844,222.97470092773438,1.2101704669476021e-05,2.589871883392334,234.45233154296875,1.7062946426449344e-05,218.3722381591797,253.15634155273438,2.3080587197910063e-05,1.5904903411865234,251.92596435546875,3.776390076382086e-05,151.7320556640625,276.7069091796875,2.2365381937561324e-06,168.68211364746094,252.6953125,1.0043053407571279e-05
678,187.30581665039062,224.193115234375,0.0002323405642528087,188.28237915039062,282.20721435546875,4.592942332237726e-06,-2.571387767791748,235.47503662109375,5.278113803797169e-06,191.6087188720703,289.0188903808594,2.3515071006841026e-05,2.589055061340332,234.4764404296875,1.798324410628993e-05,203.01443481445312,251.7515411376953,2.9598106266348623e-05,1.5618634223937988,252.04078674316406,3.811659189523198e-05,151.96646118164062,276.46209716796875,1.803453528737009e-06,184.434326171875,277.56243896484375,2.0865087208221667e-05
679,214.9866943359375,225.382080078125,0.00037671386962756515,187.7300567626953,282.6249694824219,1.1168363926117308e-05,-2.5431289672851562,235.43125915527344,5.0401026783220004e-06,191.16162109375,287.7245178222656,3.481993917375803e-05,2.571502208709717,234.5082550048828,1.8964046830660664e-05,204.69688415527344,301.828125,2.4662927899044007e-05,1.5396497249603271,252.03028869628906,3.636873952927999e-05,226.16981506347656,209.08729553222656,5.155394319444895e-06,186.27230834960938,272.46942138671875,0.00010462565842317417
680,201.77285766601562,223.69244384765625,0.004942549392580986,200.4026641845703,225.3719482421875,7.568373985122889e-05,195.488525390625,251.18698120117188,5.7758074945013504e-06,194.2786865234375,271.4492492675781,4.235734377289191e-05,2.6739673614501953,234.5471954345703,2.1678679331671447e-05,223.25975036621094,229.00982666015625,5.879387754248455e-05,1.5947051048278809,251.8600616455078,3.330601975903846e-05,224.0016632080078,209.49041748046875,8.055895705183502e-06,184.0303497314453,272.7697448730469,0.0003214423777535558
681,186.9190216064453,207.44374084472656,0.012214827351272106,186.42723083496094,221.0597381591797,2.2805521439295262e-05,-2.8844709396362305,235.36634826660156,4.476969024835853e-06,191.1571044921875,254.32925415039062,3.216428740415722e-05,204.33932495117188,236.0077667236328,2.5779907446121797e-05,184.18292236328125,266.7917785644531,9.460568253416568e-05,1.5322494506835938,251.91012573242188,2.719523399719037e-05,209.19509887695312,203.7967071533203,3.3730146242305636e-05,168.84706115722656,274.62945556640625,0.0008685571374371648
682,185.06175231933594,205.11663818359375,0.0017398096388205886,187.7662811279297,207.11563110351562,5.164329559192993e-05,-2.745612621307373,235.36595153808594,5.6712124205660075e-06,-0.8188695907592773,223.02102661132812,1.3296860743139405e-05,2.85434627532959,234.4980010986328,2.407605279586278e-05,203.06961059570312,214.74343872070312,2.0998812033212744e-05,1.5260398387908936,252.0063018798828,4.210679981042631e-05,211.58424377441406,193.7342987060547,1.2937824067194015e-05,-1.0111794471740723,249.56732177734375,8.511160558555275e-06
683,185.51364135742188,198.55508422851562,0.005536737386137247,187.47328186035156,205.56375122070312,4.34492394560948e-05,-2.603179454803467,235.31637573242188,5.967783181404229e-06,175.68482971191406,255.6887969970703,1.7591346477274783e-05,2.8981850147247314,234.5751495361328,2.3772339773131534e-05,205.17636108398438,210.35227966308594,3.122769339825027e-05,1.557173490524292,251.95298767089844,3.7836067349417135e-05,211.70941162109375,192.97157287597656,1.7372614820487797e-05,151.45669555664062,251.5642547607422,5.413396502262913e-05
684,187.20132446289062,194.79721069335938,0.00016256271919701248,201.41221618652344,192.2075958251953,8.319727385242004e-06,-2.4968061447143555,235.4461669921875,6.631779342569644e-06,0.18009519577026367,238.5514373779297,1.4655151971965097e-05,2.688526153564453,234.55052185058594,2.136185321433004e-05,188.52305603027344,318.1751708984375,9.636095455789473e-06,1.4698200225830078,252.10836791992188,3.597419708967209e-05,211.72470092773438,187.71029663085938,2.0801946448045783e-05,-1.1774516105651855,249.662841796875,1.0276627108396497e-05
685,180.4569091796875,205.46768188476562,0.0004655422526411712,187.20867919921875,205.97177124023438,9.418040463060606e-06,-2.6521968841552734,235.4468536376953,5.058906936028507e-06,-0.5540337562561035,284.4171447753906,1.2759165656461846e-05,2.689232349395752,234.52899169921875,1.6753665477153845e-05,216.4615478515625,213.79876708984375,6.20344071649015e-05,1.4159698486328125,252.30181884765625,3.4249835152877495e-05,193.36085510253906,202.5894775390625,1.392176727676997e-05,-1.0922441482543945,249.68885803222656,8.443090337095782e-06
686,180.82887268066406,205.90016174316406,0.000640423153527081,187.69471740722656,206.8565216064453,7.978605026437435e-06,-1.9256982803344727,251.34413146972656,4.964618710801005e-06,-0.6311297416687012,284.4159240722656,1.3318729543243535e-05,2.688142776489258,234.615234375,1.7541007764521055e-05,216.16702270507812,219.914306640625,2.1236526663415134e-05,1.3926424980163574,252.23121643066406,3.736608414328657e-05,191.82484436035156,190.4262237548828,1.4820760043221526e-05,-1.0928735733032227,249.75852966308594,6.9975494625396095e-06
687,200.56932067871094,199.7313232421875,7.661546260351315e-05,186.61239624023438,204.50936889648438,2.651001295816968e-06,-1.9138340950012207,251.37307739257812,4.4567300392373e-06,-0.6135959625244141,284.3489685058594,1.2856598914368078e-05,2.725794553756714,234.6495819091797,1.6584765035076998e-05,202.3920135498047,213.15969848632812,8.80678362591425e-06,1.3469212055206299,252.1837921142578,3.911778549081646e-05,211.01039123535156,194.37948608398438,8.680036444275174e-06,-1.0605173110961914,249.73046875,6.909775493113557e-06
688,200.48464965820312,198.53665161132812,2.6108175006811507e-05,0.43889498710632324,268.56182861328125,2.6235020413878374e-06,-2.6889142990112305,235.32618713378906,4.472057753446279e-06,-0.5990676879882812,284.25811767578125,1.2464648534660228e-05,2.70662522315979,234.68212890625,1.587689621374011e-05,201.88600158691406,212.06434631347656,5.59631735086441e-06,1.3565244674682617,252.28323364257812,3.7769983464386314e-05,210.33761596679688,201.5509490966797,1.4758307770534884e-05,-1.075693130493164,249.72735595703125,6.118254532339051e-06
689,200.10765075683594,198.9632110595703,5.2445415349211544e-05,0.8974480628967285,253.49354553222656,2.386141886745463e-06,-1.9142956733703613,251.3683624267578,4.669285317504546e-06,-0.6781244277954102,284.2653503417969,1.1297209312033374e-05,2.6806352138519287,234.66188049316406,1.5859010090935044e-05,202.34376525878906,211.4772186279297,1.1545397683221381e-05,1.3511695861816406,252.25765991210938,3.6967379855923355e-05,209.94224548339844,201.55874633789062,1.4980982086854056e-05,-1.0352063179016113,249.83453369140625,6.247099918255117e-06
690,200.70626831054688,198.99703979492188,8.684991917107254e-05,0.820415735244751,253.39442443847656,2.3823922674637288e-06,-1.9397244453430176,251.37149047851562,4.466440259420779e-06,-0.7876386642456055,223.02061462402344,9.594135008228477e-06,2.714787721633911,234.5906982421875,1.5664745660615154e-05,202.26162719726562,211.77381896972656,3.0466035241261125e-05,1.3404390811920166,252.11813354492188,3.486207060632296e-05,211.02813720703125,194.33770751953125,1.5779265595483594e-05,-1.107924461364746,249.8072052001953,6.652283900621114e-06
691,183.12765502929688,205.13174438476562,5.8800214901566505e-05,170.98794555664062,203.67352294921875,3.1363069865619764e-06,-1.861924171447754,251.4062042236328,4.678561253967928e-06,-0.7582592964172363,223.03224182128906,9.346612387162168e-06,2.7027623653411865,234.63002014160156,1.7667001884547062e-05,201.9195556640625,212.85797119140625,3.347229358041659e-05,1.3464462757110596,252.0860595703125,4.0888728108257055e-05,210.21533203125,188.11318969726562,1.6915944797801785e-05,152.15367126464844,240.21788024902344,8.243191587098408e-06
692,199.97518920898438,199.48782348632812,3.738176746992394e-05,201.4636993408203,316.5312805175781,2.7142561975779245e-06,203.88473510742188,315.98162841796875,7.425082458212273e-06,-0.6739954948425293,223.0325927734375,1.0669776202121284e-05,2.73136830329895,234.6398468017578,1.901029099826701e-05,234.71046447753906,268.7506103515625,7.053722583805211e-06,1.3784444332122803,252.0532989501953,4.05295540986117e-05,195.74005126953125,188.0794677734375,1.0665472473192494e-05,-1.1586213111877441,249.748291015625,6.300715085671982e-06
693,185.45367431640625,204.49058532714844,5.6629764003446326e-05,0.8500447273254395,253.42413330078125,2.8578201636264566e-06,219.99452209472656,316.83184814453125,6.6642787714954466e-06,-0.6955881118774414,223.04891967773438,1.0646885129972361e-05,2.707771062850952,234.59854125976562,1.8836954041034915e-05,188.2743682861328,318.6621398925781,6.958572157600429e-06,1.4047362804412842,252.09033203125,4.451911445357837e-05,195.1011962890625,201.93829345703125,6.227773610589793e-06,-1.15305757522583,249.82711791992188,7.734089194855187e-06
694,185.1664581298828,205.20924377441406,2.992109330079984e-05,200.82000732421875,220.61856079101562,3.124455133729498e-06,219.9381561279297,316.6936340332031,7.090567578416085e-06,220.7770538330078,317.3844299316406,1.0629810276441276e-05,2.7210018634796143,234.6424102783203,1.6461932318634354e-05,188.18069458007812,318.5912780761719,8.1163761933567e-06,1.3434717655181885,252.1068878173828,3.8487436540890485e-05,194.9990234375,189.1465606689453,3.8104863051557913e-06,-1.1197519302368164,249.8677520751953,6.552567811013432e-06
695,235.74525451660156,307.51715087890625,1.3646888874063734e-05,0.7813713550567627,253.30223083496094,2.1457483398990007e-06,156.07359313964844,317.7559509277344,4.595939572027419e-06,-0.6267333030700684,284.4529113769531,9.102401236305013e-06,2.6342289447784424,234.6525115966797,1.3055596355115995e-05,188.68763732910156,318.8052673339844,9.086044883588329e-06,1.261204481124878,252.03802490234375,3.172573269694112e-05,194.62838745117188,189.13897705078125,6.5116400946862996e-06,-1.262193202972412,249.85382080078125,5.0890871534647886e-06
696,203.90362548828125,324.17718505859375,1.984572190849576e-05,202.05471801757812,316.56719970703125,2.370589072597795e-06,203.7180633544922,316.4518737792969,1.5185942174866796e-05,204.8907928466797,316.7938232421875,1.579581294208765e-05,2.5980000495910645,234.51324462890625,1.2533844710560516e-05,189.08224487304688,318.1396484375,1.4189996363711543e-05,1.270416021347046,251.81028747558594,2.9317687221919186e-05,178.3760986328125,189.21658325195312,6.549893441842869e-06,-1.3785710334777832,249.6078643798828,5.783159394923132e-06
697,188.51385498046875,323.4604187011719,1.7767855752026662e-05,155.53688049316406,254.80381774902344,3.1161287097347667e-06,203.71633911132812,316.38702392578125,6.8859690145473e-06,-0.7264513969421387,223.02069091796875,1.4116663805907592e-05,2.7591590881347656,234.38113403320312,1.3958113413536921e-05,190.5401611328125,312.0007629394531,3.1799943826626986e-05,1.4516444206237793,251.78021240234375,3.914883200195618e-05,195.92987060546875,251.4582977294922,2.039518903984572e-06,-1.189070701599121,249.5721435546875,7.23160155757796e-06
698,187.85028076171875,303.31024169921875,0.00010559386282693595,197.62255859375,264.81317138671875,0.00012531802349258214,184.34359741210938,298.2628173828125,2.6157318643527105e-05,179.2353515625,254.71546936035156,4.4541109673446044e-05,188.43455505371094,306.9598693847656,3.316924630780704e-05,192.308837890625,300.198486328125,7.896323222666979e-05,196.3553009033203,273.92388916015625,0.5060860514640808,186.68800354003906,279.6196594238281,0.03388882055878639,189.84571838378906,291.6893005371094,8.375081233680248e-05
699,188.54588317871094,322.6087341308594,2.8642443794524297e-05,155.14108276367188,254.81895446777344,2.2962760795053327e-06,140.791015625,317.1706848144531,5.365000561141642e-06,-0.6742181777954102,223.0517578125,9.642787517805118e-06,2.6924610137939453,234.54652404785156,1.189104477816727e-05,207.567138671875,301.2872314453125,1.0342371751903556e-05,1.50038743019104,251.9060516357422,2.607781789265573e-05,194.66070556640625,203.74839782714844,7.035523140075384e-06,-1.259335994720459,249.70877075195312,5.244326075626304e-06
700,189.41131591796875,323.24688720703125,2.3329854229814373e-05,0.6404769420623779,253.11367797851562,1.5823061403352767e-06,201.93861389160156,297.89105224609375,4.4900402826897334e-06,-0.738013744354248,222.94651794433594,8.536937457392924e-06,2.7716991901397705,234.5158233642578,1.2858645277447067e-05,124.74072265625,302.01513671875,7.709876626904588e-06,1.503263235092163,251.97084045410156,2.490416773071047e-05,195.53428649902344,219.12318420410156,8.990369678940624e-06,104.2006607055664,251.28367614746094,9.060302545549348e-06
701,108.66625213623047,308.39447021484375,1.4747754903510213e-05,169.84408569335938,222.6961212158203,1.8832092791853938e-06,171.03623962402344,297.1582946777344,1.3728013982472476e-05,-0.9521493911743164,222.93597412109375,1.0009262041421607e-05,3.0297434329986572,234.33934020996094,1.3235250662546605e-05,124.22927856445312,302.1673278808594,1.2031176083837636e-05,1.5568814277648926,251.80191040039062,2.068501453322824e-05,179.76416015625,204.76608276367188,2.8484626000135904e-06,104.0893783569336,251.23191833496094,7.857545824663248e-06
702,108.60076904296875,307.7721252441406,2.753671469690744e-05,106.87383270263672,298.45947265625,2.104025043081492e-06,139.8677978515625,301.345947265625,4.410011570143979e-06,139.1553497314453,303.3306884765625,9.867702829069458e-06,3.055373191833496,234.41407775878906,1.428780615242431e-05,141.2003173828125,301.9939270019531,3.107111479039304e-05,1.6760737895965576,251.87872314453125,2.525427953514736e-05,162.99839782714844,234.10923767089844,5.235615844867425e-06,-1.201211929321289,249.45880126953125,5.885726750420872e-06
703,108.23561096191406,308.23638916015625,2.3549024263047613e-05,138.15087890625,297.66204833984375,1.4942064581191516e-06,-2.1638708114624023,251.11883544921875,4.028541752632009e-06,-1.049300193786621,223.01248168945312,1.0676574675017036e-05,3.022383451461792,234.41061401367188,1.7055477655958384e-05,140.3341827392578,301.2547607421875,2.969482375192456e-05,1.5704870223999023,251.9797821044922,2.4594908609287813e-05,178.31240844726562,204.50962829589844,2.147652139683487e-06,-1.2841010093688965,249.45654296875,5.600673830485903e-06
704,124.30252075195312,309.69287109375,1.632126259210054e-05,122.08602905273438,297.70867919921875,3.670368414532277e-06,-1.9682903289794922,251.1009521484375,4.948570676788222e-06,-0.843696117401123,223.19456481933594,1.051287654263433e-05,2.8738536834716797,234.58541870117188,1.590883039170876e-05,123.59075164794922,302.3258056640625,1.830357541621197e-05,1.5728864669799805,252.20440673828125,3.866523184115067e-05,176.93740844726562,205.06069946289062,2.686571860976983e-06,-1.2249231338500977,249.55197143554688,8.74889792612521e-06
705,123.90165710449219,309.6230163574219,1.5640460333088413e-05,122.46913146972656,298.1549072265625,2.597050070107798e-06,-1.8893961906433105,251.09857177734375,5.032902663515415e-06,-0.7348880767822266,223.1479034423828,1.2154676369391382e-05,2.7659788131713867,234.66441345214844,1.8875203750212677e-05,124.06852722167969,302.7156982421875,2.1183046555961482e-05,1.537963628768921,252.13816833496094,3.975139406975359e-05,131.11215209960938,292.761474609375,2.6393643111077836e-06,-1.2126474380493164,249.66622924804688,9.152076927421149e-06
706,107.99234008789062,309.5517578125,1.0618696251185611e-05,0.9113979339599609,253.39549255371094,2.140822289220523e-06,220.05397033691406,317.68084716796875,4.696607902587857e-06,-0.46560096740722656,284.7237548828125,1.1402255040593445e-05,2.6886448860168457,234.753662109375,2.1048193957540207e-05,236.69776916503906,302.3636779785156,8.034006896195933e-06,1.474461317062378,252.26956176757812,3.697372812894173e-05,116.42920684814453,292.9066162109375,1.462704972254869e-06,-1.2870068550109863,249.68829345703125,9.281778147851583e-06
707,235.63539123535156,309.0359191894531,8.763193363847677e-06,0.8693935871124268,253.44845581054688,2.2008350697433343e-06,-1.9785099029541016,251.00816345214844,4.819125479116337e-06,-0.4183840751647949,284.8208923339844,1.093255377782043e-05,2.8067679405212402,234.61021423339844,1.726009213598445e-05,236.5046844482422,302.1105651855469,1.0458178621775005e-05,1.5430941581726074,252.22711181640625,3.7754281947854906e-05,116.89614868164062,292.96417236328125,8.968232805273146e-07,-1.2645726203918457,249.6168670654297,9.183183465211187e-06
708,3.3072445392608643,239.7753448486328,8.562351467844564e-06,0.9223921298980713,253.3484344482422,1.8888929389504483e-06,220.195068359375,317.88580322265625,4.50145762442844e-06,-0.931978702545166,223.07330322265625,1.1909213753824588e-05,2.656339645385742,234.44363403320312,2.2891412299941294e-05,140.5344696044922,302.46600341796875,6.726520950905979e-06,1.4289271831512451,252.1224365234375,3.0972187232691795e-05,178.1482696533203,206.0825653076172,2.126574372596224e-06,-1.4630661010742188,249.46844482421875,9.109696293307934e-06
709,3.6751832962036133,225.12344360351562,7.058156825223705e-06,0.9806320667266846,253.38255310058594,1.8673442809813423e-06,-1.8470549583435059,250.992431640625,4.246255684847711e-06,-1.0854902267456055,223.158203125,8.917744708014652e-06,2.6522581577301025,234.52142333984375,1.7430083971703425e-05,140.4647216796875,302.43353271484375,5.89299997955095e-06,1.5771331787109375,252.18040466308594,3.1044339266372845e-05,178.33921813964844,206.1287078857422,1.640579625927785e-06,-1.4249091148376465,249.5237579345703,9.862951628747396e-06
710,107.91877746582031,309.34112548828125,8.681873623572756e-06,0.9193456172943115,253.42837524414062,1.5956761671986897e-06,-1.9703655242919922,251.01687622070312,3.6344113141240086e-06,-0.5904755592346191,284.8192138671875,8.50341166369617e-06,2.5971317291259766,234.4930877685547,1.693846206762828e-05,140.5021209716797,302.4693908691406,5.666600827680668e-06,1.483323335647583,252.2882843017578,2.754393790382892e-05,67.51079559326172,187.87432861328125,1.1500335403979989e-06,-1.5744643211364746,249.5514678955078,8.356560101674404e-06
711,107.85577392578125,309.4184265136719,7.604308848385699e-06,154.58944702148438,208.34735107421875,2.178747081416077e-06,-1.915536880493164,250.97203063964844,3.887617367581697e-06,-0.48276185989379883,284.67022705078125,9.808948561840225e-06,2.5713982582092285,234.53802490234375,1.721055195957888e-05,140.3390655517578,302.37127685546875,6.387698704202194e-06,1.4485936164855957,252.4120635986328,2.8073065550415777e-05,162.1401824951172,204.5284881591797,1.6559605455768178e-06,-1.618675708770752,249.52944946289062,7.300931429199409e-06
712,123.67903900146484,309.1000061035156,1.372565657220548e-05,0.9858393669128418,253.40684509277344,1.6801368474261835e-06,-2.653660774230957,235.15846252441406,3.7671172776754247e-06,-1.0707817077636719,223.1002655029297,9.488213436270598e-06,2.707186698913574,234.536865234375,1.923431955219712e-05,124.947509765625,301.93426513671875,1.3229217984189745e-05,1.5326626300811768,252.351806640625,2.904984648921527e-05,161.94412231445312,204.02085876464844,2.248525106551824e-06,-1.534764289855957,249.4918670654297,8.140445061144419e-06
713,123.37979125976562,309.0978698730469,9.809426046558656e-06,171.06338500976562,208.24989318847656,2.893062855946482e-06,220.28086853027344,317.94952392578125,3.7534578041231725e-06,-0.3120307922363281,238.71241760253906,8.418592187808827e-06,2.570970058441162,234.54029846191406,1.8795395590132102e-05,235.9727783203125,301.8545227050781,1.1901503967237659e-05,1.4419052600860596,252.27792358398438,2.5786004698602483e-05,177.7268524169922,205.5377960205078,1.8178722029915662e-06,-1.5834646224975586,249.48391723632812,8.229601917264517e-06
714,235.94952392578125,308.6552429199219,1.2729169611702673e-05,170.71011352539062,207.99368286132812,2.1342623313103104e-06,220.1490020751953,318.1870422363281,4.974646799382754e-06,220.44723510742188,318.9266662597656,1.056829478329746e-05,2.693570137023926,234.5705108642578,1.628180507395882e-05,236.0921630859375,301.8868103027344,1.5078345313668251e-05,1.4372243881225586,252.30633544921875,2.858944753825199e-05,177.7202911376953,205.37757873535156,1.8578500657895347e-06,-1.5620050430297852,249.53903198242188,8.409932888753247e-06
715,235.71261596679688,308.60736083984375,1.2626546777028125e-05,0.7798447608947754,253.44667053222656,1.9355500171513995e-06,220.10577392578125,317.92388916015625,4.131448804400861e-06,-0.5774378776550293,284.73779296875,8.600948603998404e-06,1.486311435699463,250.41839599609375,1.3472666068992112e-05,124.94517517089844,301.9129943847656,1.4089080650592223e-05,1.420316457748413,252.39794921875,2.9475744668161497e-05,131.21133422851562,292.4085998535156,1.5189575606200378e-06,-1.5388803482055664,249.66368103027344,8.668141163070686e-06
716,123.6900634765625,309.1325378417969,1.579980380483903e-05,0.802985668182373,253.42039489746094,1.7180569784613908e-06,220.16729736328125,317.95770263671875,3.887854290951509e-06,-0.6526937484741211,284.7609558105469,9.121527909883298e-06,2.76839542388916,234.67857360839844,1.4772487702430226e-05,125.00589752197266,301.76202392578125,1.9303872250020504e-05,1.446120023727417,252.39613342285156,2.4966324417619035e-05,131.02432250976562,292.322021484375,1.7317512401859858e-06,-1.5454378128051758,249.47328186035156,7.757402272545733e-06
717,123.61632537841797,308.9389343261719,1.6894824511837214e-05,0.9005346298217773,253.41387939453125,1.688927454779332e-06,220.0623779296875,318.0163879394531,4.2901183405774646e-06,-0.5292768478393555,284.72650146484375,1.076227181329159e-05,2.6937384605407715,234.63966369628906,1.3347006643016357e-05,124.98489379882812,301.6820068359375,2.1935116819804534e-05,1.4936892986297607,252.45672607421875,2.5425199055462144e-05,131.0799102783203,292.3262939453125,1.6495361023771693e-06,-1.597116470336914,249.5388641357422,7.961267328937538e-06
718,124.01141357421875,308.7213134765625,2.1277781343087554e-05,122.70471954345703,297.9944763183594,1.8088379647451802e-06,204.07794189453125,317.858154296875,4.11199562222464e-06,-0.40697193145751953,284.64276123046875,1.3141813724359963e-05,1.6328761577606201,250.5040283203125,1.2015536412945949e-05,125.2150650024414,301.68646240234375,2.2046178855816834e-05,1.4413177967071533,252.49588012695312,2.6104737116838805e-05,130.81094360351562,292.19622802734375,2.240496314698248e-06,-1.5354294776916504,249.5381317138672,6.234743977984181e-06
719,123.95144653320312,308.6567077636719,2.1215293600107543e-05,122.75786590576172,298.1430358886719,2.2751796677766833e-06,-2.0428266525268555,251.07774353027344,4.166787675785599e-06,-0.4195704460144043,284.6434020996094,1.4306295270216651e-05,1.6342706680297852,250.4452362060547,1.2770718058163766e-05,125.05463409423828,301.6840515136719,2.6613044610712677e-05,1.5258960723876953,252.558349609375,2.7592075639404356e-05,130.8610382080078,292.2294006347656,3.1898734960122965e-06,-1.4105110168457031,249.63580322265625,7.233587894006632e-06
720,123.1879653930664,308.93048095703125,1.6180218153749593e-05,0.964529275894165,253.494140625,1.889152372314129e-06,220.07711791992188,317.93408203125,6.973958988965023e-06,220.6099090576172,318.6330261230469,1.2707337191386614e-05,2.606369733810425,234.52984619140625,2.353580202907324e-05,124.94452667236328,302.02752685546875,2.4190900148823857e-05,1.5446786880493164,252.32960510253906,3.074204141739756e-05,130.5898895263672,292.431396484375,2.395686578893219e-06,-1.415349006652832,249.45269775390625,8.225443707488012e-06
721,235.5991668701172,308.951904296875,1.4279143215389922e-05,0.9301044940948486,253.46249389648438,2.0707454950752435e-06,220.09439086914062,317.8870544433594,7.214456672954839e-06,-0.3911738395690918,284.7306823730469,1.4987783288233913e-05,2.6562185287475586,234.5245361328125,2.134002534148749e-05,124.99449920654297,301.9493713378906,2.1518020730582066e-05,1.5789148807525635,252.49017333984375,3.32999843521975e-05,130.65208435058594,292.1945495605469,2.8017004751745844e-06,-1.3767328262329102,249.61863708496094,7.474109679606045e-06
722,235.84600830078125,308.7937316894531,1.4298725545813795e-05,1.1604974269866943,253.42384338378906,2.093353259624564e-06,220.19313049316406,317.7333068847656,7.906548489700072e-06,-0.2142810821533203,284.7048645019531,1.8362879927735776e-05,1.6588337421417236,250.4061737060547,1.535371302452404e-05,124.96381378173828,301.9316711425781,1.956185769813601e-05,1.6593494415283203,252.51190185546875,3.135986844426952e-05,130.67323303222656,292.08489990234375,2.507460976630682e-06,-1.3988537788391113,249.71490478515625,6.80326002111542e-06
723,235.7628631591797,308.7255859375,1.4168104826239869e-05,1.11967134475708,253.3516845703125,2.443985977151897e-06,220.11004638671875,317.6742248535156,8.6559393821517e-06,-0.2531394958496094,284.7723388671875,1.8273194655193947e-05,1.6381611824035645,250.49282836914062,1.7788233890314586e-05,124.58958435058594,301.92535400390625,1.57325357577065e-05,1.6528384685516357,252.4398956298828,3.606250538723543e-05,131.1741943359375,292.244140625,1.916780547617236e-06,-1.3781204223632812,249.69625854492188,7.403734798572259e-06
724,235.6645050048828,308.6486511230469,1.4333716535475105e-05,1.1323888301849365,253.3672637939453,2.62313915300183e-06,220.06796264648438,317.66741943359375,7.077616828610189e-06,-0.2435469627380371,284.74359130859375,1.8566101061878726e-05,1.4864137172698975,250.47958374023438,1.720610453048721e-05,236.51072692871094,302.1275939941406,1.3554629731515888e-05,1.6664230823516846,252.53785705566406,3.8390040572267026e-05,178.21115112304688,205.58277893066406,1.8438298639011919e-06,-1.3733797073364258,249.7589569091797,8.888002412277274e-06
725,235.65719604492188,308.81085205078125,9.954772394848987e-06,1.1795737743377686,253.3739776611328,3.4576801226648968e-06,220.17686462402344,317.71624755859375,6.96673942002235e-06,-0.4074397087097168,284.693359375,1.6463143765577115e-05,1.5202229022979736,250.447265625,1.8244219972984865e-05,124.50651550292969,302.0892028808594,1.15087796075386e-05,1.7699973583221436,252.42140197753906,4.618518505594693e-05,131.34861755371094,292.3846435546875,2.1634893982991343e-06,-1.2063159942626953,249.93499755859375,1.1943277968384791e-05
726,235.63275146484375,308.85162353515625,1.1599120625760406e-05,1.1921906471252441,253.36952209472656,3.0572161904274253e-06,220.20774841308594,317.6026611328125,8.596643056080211e-06,-0.3223724365234375,284.7377014160156,1.886374047899153e-05,2.7578163146972656,234.70126342773438,1.770292510627769e-05,236.55123901367188,302.3208312988281,1.3978558854432777e-05,1.708928108215332,252.47561645507812,4.2608153307810426e-05,131.35653686523438,292.254638671875,1.561838757879741e-06,-1.261453628540039,249.7559051513672,1.0318481145077385e-05
727,235.69322204589844,308.931396484375,1.1944051948376e-05,1.1991276741027832,253.33494567871094,2.3959380541782593e-06,220.0609893798828,317.58538818359375,8.999127203423996e-06,220.61111450195312,318.3050842285156,1.6706948372302577e-05,2.6938729286193848,234.5732879638672,1.4604256648453884e-05,124.44799041748047,301.7271728515625,1.4207112144504208e-05,1.7303087711334229,252.3847198486328,3.8601094274781644e-05,131.42782592773438,292.6299133300781,1.2408894463078468e-06,-1.1326861381530762,249.79197692871094,1.065940159605816e-05
728,235.67868041992188,309.00921630859375,1.0195614777330775e-05,1.2817506790161133,253.40267944335938,2.6382622309029102e-06,204.15740966796875,317.28375244140625,6.086078428779729e-06,-0.4557018280029297,284.62322998046875,1.5976183931343257e-05,1.5291118621826172,250.3495330810547,1.372467704641167e-05,124.33893585205078,301.6966247558594,1.2060193512297701e-05,1.7411324977874756,252.391845703125,4.359312879387289e-05,131.34288024902344,292.2085876464844,1.3789979220746318e-06,-1.131636619567871,249.947998046875,1.186034205602482e-05
729,44.440460205078125,212.88267517089844,1.0853872481675353e-05,1.169475793838501,253.4425506591797,2.6606867322698236e-06,-1.6556892395019531,251.15313720703125,5.458911800815258e-06,-0.39247703552246094,284.65240478515625,1.6343145034625195e-05,1.5433456897735596,250.4125518798828,1.3111218322592322e-05,236.51768493652344,302.1204528808594,1.0397456208011135e-05,1.699512004852295,252.51953125,4.336140409577638e-05,116.92121887207031,291.38165283203125,1.0476949228177546e-06,-1.1819171905517578,249.9464874267578,1.1613864444370847e-05
730,235.5311279296875,308.8262023925781,8.447955224255566e-06,1.1679356098175049,253.3812255859375,2.2052684016671265e-06,204.2355194091797,317.23101806640625,6.004880106047494e-06,-0.4018869400024414,284.6375427246094,1.4257344446377829e-05,1.6185827255249023,250.325927734375,1.1967893442488275e-05,236.4976043701172,301.9905090332031,9.111598956224043e-06,1.6654281616210938,252.45697021484375,3.6730009014718235e-05,147.1732177734375,219.1024627685547,8.802172715149936e-07,-1.2526202201843262,249.7884979248047,1.0339571417716797e-05
731,235.71678161621094,308.9731140136719,8.241248906415422e-06,1.0224182605743408,253.3917236328125,1.8780601749313064e-06,204.28477478027344,317.2503967285156,5.592028173850849e-06,-0.5143451690673828,284.65875244140625,1.3336498341232073e-05,1.5458898544311523,250.40554809570312,1.0942640983557794e-05,236.4688262939453,301.9352111816406,1.0838067282747943e-05,1.6026887893676758,252.3557586669922,2.9284969059517607e-05,147.4757537841797,218.88577270507812,6.188474799273536e-07,-1.386488437652588,249.81527709960938,9.32709463086212e-06
732,235.7118682861328,309.1017150878906,9.762157787918113e-06,0.28834033012390137,268.6187744140625,1.5803699398020399e-06,204.19512939453125,317.2809143066406,6.2375925153901335e-06,-0.514345645904541,284.7288513183594,1.7512758859083988e-05,2.66206693649292,234.56617736816406,1.0995813681802247e-05,236.6852569580078,302.2125244140625,1.1182570233359002e-05,1.4866621494293213,252.35479736328125,2.175424924644176e-05,131.67446899414062,292.2235412597656,9.663865512266057e-07,-1.4958667755126953,249.72976684570312,5.477372269524494e-06
733,235.6885986328125,309.177001953125,8.865442396199796e-06,139.54531860351562,282.1266174316406,1.7429451872885693e-06,219.9805450439453,317.88165283203125,5.345129011402605e-06,-0.5087137222290039,284.71807861328125,1.7362413927912712e-05,2.655446767807007,234.68667602539062,1.0009301149693783e-05,236.4999542236328,302.3271179199219,9.178762411465868e-06,1.4824838638305664,252.34666442871094,2.0674582628998905e-05,131.28648376464844,292.3372497558594,9.149459287982609e-07,-1.447187900543213,249.94236755371094,6.1336304497672245e-06
734,235.68516540527344,308.9035949707031,9.542132829665206e-06,0.349456787109375,268.6446838378906,1.8891721538238926e-06,-1.8541193008422852,250.96641540527344,4.680145138991065e-06,-0.47477245330810547,284.6775817871094,1.7300037143286318e-05,1.668571949005127,250.36050415039062,1.0602930160530377e-05,236.4218292236328,302.0677490234375,1.0281656614097301e-05,1.6206717491149902,252.33663940429688,2.383512764936313e-05,131.66770935058594,292.4160461425781,9.126557642957778e-07,-1.4631547927856445,249.73228454589844,7.974474101501983e-06
735,235.76576232910156,308.99652099609375,1.1023227671103086e-05,0.2724883556365967,268.6263732910156,1.5701992879257887e-06,-1.8301234245300293,250.9814910888672,4.227390945743537e-06,-0.4333772659301758,284.7069396972656,1.4944265785743482e-05,2.7724313735961914,234.6095733642578,9.333989510196261e-06,236.4214630126953,302.1936340332031,1.2537024304037914e-05,1.5527732372283936,252.30287170410156,2.0819968995056115e-05,147.00067138671875,219.2316131591797,9.321254310634686e-07,-1.5947175025939941,249.63429260253906,7.0964529186312575e-06
736,126.38140869140625,324.7862243652344,8.386250556213781e-06,0.28876256942749023,268.64892578125,1.7134295831056079e-06,-1.72682523727417,250.8993377685547,4.495605480769882e-06,-0.4306759834289551,284.7044372558594,1.7348047549603507e-05,1.5282886028289795,250.3515167236328,9.395451343152672e-06,236.53707885742188,302.2342224121094,8.720408914086875e-06,1.5905377864837646,252.30181884765625,2.3198779672384262e-05,146.4659423828125,219.42762756347656,8.780851317169436e-07,-1.5830883979797363,249.72576904296875,7.930562787805684e-06
737,126.50121307373047,324.42303466796875,9.083774784812704e-06,0.34023284912109375,268.6491394042969,1.703154680399166e-06,-1.7662410736083984,250.94747924804688,4.1811736082308926e-06,-0.4287900924682617,284.7392272949219,1.5633822840754874e-05,1.6244547367095947,250.42062377929688,9.01619659998687e-06,236.73240661621094,302.2375183105469,6.171946552058216e-06,1.4615299701690674,252.42079162597656,2.248028431495186e-05,195.4402618408203,204.78761291503906,4.881854920313344e-07,-1.5324387550354004,249.7609405517578,8.178332791430876e-06
738,126.8387451171875,324.7005920410156,1.0255333108943887e-05,0.402271032333374,268.6978454589844,1.9715300823008874e-06,204.26451110839844,317.7940673828125,4.638134214474121e-06,-0.4504122734069824,284.7522277832031,1.8864891899283975e-05,1.7273507118225098,250.388427734375,8.283073839265853e-06,236.8197784423828,302.1946716308594,6.432513600884704e-06,1.565131664276123,252.48316955566406,2.0766547095263377e-05,195.773193359375,204.7586212158203,9.761811270436738e-07,-1.3859686851501465,249.71493530273438,7.185932645370485e-06
739,126.696044921875,324.6612548828125,1.1021692444046494e-05,0.32076549530029297,268.75323486328125,1.5925141951811383e-06,204.21804809570312,317.5699768066406,4.7975640882214066e-06,-0.39841556549072266,284.7638854980469,1.561206954647787e-05,1.741112470626831,250.36611938476562,8.63754303281894e-06,236.9255828857422,302.0970153808594,7.179486146924319e-06,1.550323486328125,252.48263549804688,1.816893563955091e-05,195.78457641601562,204.41041564941406,1.039572453009896e-06,-1.5499367713928223,249.61607360839844,5.922539003222482e-06
740,126.63203430175781,324.6382751464844,1.1915530194528401e-05,0.34003114700317383,268.6681213378906,1.4666860579382046e-06,-1.9868674278259277,250.90321350097656,3.931968876713654e-06,-0.5140767097473145,284.72918701171875,1.3502042747859377e-05,1.7574048042297363,250.42213439941406,9.208054507325869e-06,237.0121612548828,301.81134033203125,8.28419524623314e-06,1.6890101432800293,252.33432006835938,2.004544330702629e-05,196.00430297851562,204.2489776611328,1.1165104751853505e-06,-1.519111156463623,249.557861328125,7.310455657716375e-06
741,126.59862518310547,324.63470458984375,1.0721581929828972e-05,0.23791742324829102,268.68572998046875,1.68909821240959e-06,140.44383239746094,317.94012451171875,4.323964276409242e-06,-0.465944766998291,284.6968078613281,1.4514464965031948e-05,1.6869192123413086,250.48446655273438,9.69041957432637e-06,236.85984802246094,302.0069580078125,8.696118129591923e-06,1.5771174430847168,252.4053497314453,2.0926823708578013e-05,196.07273864746094,204.2448272705078,1.1167192042194074e-06,-1.5353522300720215,249.763427734375,6.603014753636671e-06
742,126.44874572753906,324.9499206542969,9.89290674624499e-06,0.2876746654510498,268.6854553222656,1.7691925222607097e-06,140.45994567871094,317.9996032714844,3.712365469255019e-06,-0.40019655227661133,284.7144775390625,1.4530267435475253e-05,1.6862452030181885,250.50982666015625,9.224059795087669e-06,236.86692810058594,302.07977294921875,7.759318577882368e-06,1.5379416942596436,252.557373046875,2.1573705453192815e-05,196.12814331054688,204.0692596435547,1.2595545513249817e-06,-1.5058178901672363,249.69114685058594,6.161026249174029e-06
743,126.37823486328125,325.11883544921875,9.75782131718006e-06,0.19688034057617188,268.69476318359375,1.6894574628167902e-06,-2.08543062210083,251.11680603027344,3.859302978526102e-06,-0.4186844825744629,284.7345275878906,1.4014251974003855e-05,2.7673025131225586,234.4819793701172,1.14112608571304e-05,236.79925537109375,301.9165344238281,9.628295629227068e-06,1.4503021240234375,252.51315307617188,2.384422259638086e-05,196.08872985839844,204.1228790283203,1.0829841130544082e-06,-1.4832735061645508,249.69676208496094,5.923838216403965e-06
744,126.43121337890625,324.8919372558594,9.450727702642325e-06,0.24536395072937012,268.6146240234375,1.504546162323095e-06,203.8520965576172,317.396484375,3.7585446079901885e-06,-0.3977336883544922,284.6744079589844,1.7167094483738765e-05,2.8192391395568848,234.4073028564453,1.0749080502137076e-05,236.78338623046875,302.13092041015625,8.516251000401098e-06,1.570061206817627,252.36135864257812,2.2944086595089175e-05,195.6112060546875,204.374267578125,1.000554902930162e-06,-1.3900237083435059,249.4668731689453,5.718412467103917e-06
745,126.58525085449219,325.33380126953125,6.013148777128663e-06,0.23116064071655273,268.6512145996094,1.7162391259262222e-06,219.88841247558594,317.58892822265625,3.1693143682787195e-06,-0.39974260330200195,284.7042236328125,1.7280035535804927e-05,2.7946624755859375,234.48001098632812,1.4140769962978084e-05,236.71444702148438,302.2178649902344,5.377391516958596e-06,1.4402737617492676,252.52000427246094,2.350274007767439e-05,195.1190948486328,204.34893798828125,1.7032699588526157e-06,-1.3888373374938965,249.49363708496094,5.711730864277342e-06
746,125.60711669921875,325.2117919921875,7.38613971407176e-06,0.8227074146270752,253.40199279785156,1.975388158825808e-06,219.73143005371094,317.8975830078125,4.9230111471842974e-06,-0.40763425827026367,284.7032470703125,1.767702997312881e-05,2.7928881645202637,234.4604034423828,1.3816023056278937e-05,108.76832580566406,301.6110534667969,4.958968929713592e-06,1.397348403930664,252.56259155273438,3.101028050878085e-05,177.98666381835938,204.75259399414062,1.394274136146123e-06,-1.3371477127075195,249.68064880371094,7.265723070304375e-06
747,2.138641357421875,271.2917785644531,6.797300102334702e-06,0.2861640453338623,268.6570739746094,2.1689927507395623e-06,-1.9497942924499512,251.09774780273438,4.6850350372551475e-06,-0.48163700103759766,284.7294921875,1.797156801330857e-05,1.7536728382110596,250.45030212402344,1.3495529856299981e-05,236.68702697753906,302.2669982910156,4.289901426091092e-06,1.4838886260986328,252.39759826660156,3.4254637284902856e-05,177.76016235351562,204.56521606445312,2.162006239814218e-06,-1.2556767463684082,249.7194366455078,8.866905773174949e-06
748,189.55361938476562,325.85369873046875,6.18567082710797e-06,0.9630556106567383,253.19476318359375,1.6594417502346914e-06,219.48590087890625,317.8325500488281,3.888492301484803e-06,-0.5290341377258301,284.7418518066406,1.4998750884842593e-05,2.8480606079101562,234.60025024414062,1.3546798072638921e-05,236.6514129638672,302.4313659667969,4.608786184689961e-06,1.5582308769226074,252.32794189453125,2.5299865228589624e-05,177.6588897705078,204.8308868408203,2.1863693291379604e-06,-1.4022045135498047,249.45091247558594,8.143776540237013e-06
749,220.5572967529297,325.1165771484375,5.731598321290221e-06,0.8794662952423096,253.15895080566406,1.4675016473120195e-06,219.48048400878906,317.8780212402344,4.065838311362313e-06,-0.47042322158813477,284.6763000488281,1.3968578969070222e-05,2.8677306175231934,234.510986328125,1.0748403838078957e-05,108.7345962524414,301.55450439453125,5.208365109865554e-06,1.470196008682251,252.35653686523438,2.0451638192753308e-05,178.02072143554688,205.17330932617188,2.3888035229902016e-06,-1.4917659759521484,249.47108459472656,7.0714436333219055e-06
750,220.38670349121094,325.0123596191406,4.867471488978481e-06,0.824451208114624,253.207275390625,1.3793951438856311e-06,-2.114954948425293,250.9460906982422,3.094935209446703e-06,-0.4199714660644531,284.77435302734375,1.4712313713971525e-05,2.795896053314209,234.4882049560547,1.0185322935285512e-05,108.71066284179688,301.3049011230469,7.856212505430449e-06,1.4349684715270996,252.27508544921875,1.955409607035108e-05,178.5402069091797,219.8163604736328,3.3953294860111782e-06,-1.4359917640686035,249.54713439941406,7.058661140035838e-06
751,235.20252990722656,309.25933837890625,6.1513219407061115e-06,0.3534207344055176,268.6064147949219,1.4999329778220272e-06,-2.1316118240356445,250.89515686035156,3.445707989158109e-06,-0.3801913261413574,284.8264465332031,1.8579863535705954e-05,2.9443347454071045,234.47848510742188,9.881064215733204e-06,108.55719757080078,301.1329345703125,5.673105533787748e-06,1.7288343906402588,252.2819061279297,2.0669751393143088e-05,178.7725067138672,220.77684020996094,2.7073667752119945e-06,-1.3765358924865723,249.4331512451172,6.346027475956362e-06
752,218.47113037109375,308.8013000488281,6.619547093578149e-06,0.2945241928100586,268.58563232421875,1.1640737511697807e-06,-2.2278952598571777,250.9862060546875,3.054802846236271e-06,-0.34106922149658203,284.80792236328125,1.7467640645918436e-05,2.9138131141662598,234.4583282470703,9.176574167213403e-06,108.76506042480469,301.0794677734375,6.91994455337408e-06,1.720397710800171,252.21853637695312,1.3685818885278422e-05,162.6316375732422,204.82205200195312,1.4871418898110278e-05,-1.4305424690246582,249.36651611328125,5.271905592962867e-06
753,143.5926055908203,257.6803283691406,4.7018478653626516e-05,138.7259063720703,283.1343994140625,1.4853785614832304e-05,142.5513916015625,269.02459716796875,3.120809924439527e-05,141.68905639648438,255.22763061523438,6.0658167058136314e-05,138.86839294433594,268.3761901855469,1.1822194210253656e-05,139.53858947753906,267.3601379394531,6.934360135346651e-05,138.13046264648438,251.4628448486328,3.526337968651205e-05,163.86492919921875,203.62396240234375,0.00013802660396322608,136.4954833984375,248.5409698486328,7.419232133543119e-05
754,155.69000244140625,189.37734985351562,0.06356003880500793,155.96827697753906,205.8228302001953,0.0025128531269729137,139.4794464111328,266.6795349121094,0.00018359243404120207,128.15798950195312,259.37646484375,0.0007803589105606079,140.6007537841797,267.7357177734375,3.147296592942439e-05,141.27931213378906,266.1612854003906,0.0002846495190169662,164.74237060546875,220.5384521484375,0.00223599374294281,159.75205993652344,190.6168212890625,0.00028042157646268606,133.71841430664062,202.4190216064453,0.00025608722353354096
755,164.63487243652344,187.67974853515625,0.9527888298034668,164.60125732421875,212.80857849121094,0.15456902980804443,159.48587036132812,201.98878479003906,0.035444777458906174,151.2386932373047,198.2136993408203,0.2067173421382904,157.52175903320312,268.97039794921875,0.00010954963363474235,140.8567657470703,265.07525634765625,0.0004263527225703001,163.689697265625,230.0345916748047,0.04298676177859306,158.82879638671875,254.2304229736328,0.005917553324252367,134.7355194091797,188.2620391845703,0.0009487812058068812
756,164.6248016357422,185.33859252929688,0.8935008645057678,167.4982147216797,207.97161865234375,0.04986047372221947,152.77638244628906,198.78900146484375,0.03892824053764343,149.93714904785156,196.7659912109375,0.08615350723266602,139.56996154785156,217.0001220703125,0.00013550851144827902,158.43626403808594,267.8656311035156,0.00020126902381889522,171.13916015625,231.44851684570312,0.007170853670686483,158.46058654785156,190.1508331298828,0.0009581183549016714,132.99581909179688,189.09573364257812,0.0010202553821727633
757,169.02293395996094,186.09765625,0.8737679123878479,173.46388244628906,207.8852996826172,0.09850583225488663,155.77943420410156,198.01412963867188,0.029347533360123634,155.33370971679688,196.7318115234375,0.09097789227962494,139.71434020996094,233.8059539794922,7.44507196941413e-05,140.57545471191406,235.2119598388672,0.00010782096796901897,180.11563110351562,236.43495178222656,0.34073522686958313,158.11441040039062,190.15103149414062,0.0009525627829134464,137.7228240966797,233.56436157226562,0.0005514416843652725
758,172.72825622558594,184.38693237304688,0.9933010339736938,173.37664794921875,206.41590881347656,0.0772758424282074,159.47970581054688,195.70074462890625,0.035306915640830994,154.7332305908203,194.96493530273438,0.09412245452404022,162.59237670898438,199.19747924804688,4.174170317128301e-05,201.80438232421875,266.5430908203125,0.0002554251695983112,180.82723999023438,234.93655395507812,0.010133673436939716,172.2935028076172,182.3775177001953,0.0008257098379544914,132.17091369628906,203.41561889648438,0.0006454320391640067
759,174.8157958984375,184.49960327148438,0.9915996789932251,185.09417724609375,206.25210571289062,0.21959717571735382,161.63006591796875,195.80540466308594,0.41109487414360046,156.28036499023438,195.00978088378906,0.6884432435035706,200.54360961914062,263.4263916015625,3.689638106152415e-05,181.34507751464844,198.49594116210938,0.0001237597462022677,182.2266845703125,236.8934783935547,0.047220174223184586,172.0693359375,183.41952514648438,0.0009447558550164104,195.0371856689453,268.892333984375,0.029248815029859543
760,173.50021362304688,183.97593688964844,0.8913269639015198,184.585693359375,204.71372985839844,0.012394735589623451,159.79815673828125,194.6426544189453,0.00605420395731926,155.27467346191406,194.90103149414062,0.022177154198288918,201.6846466064453,264.6506042480469,7.94296502135694e-05,201.6295623779297,265.0610656738281,0.00027941091684624553,186.6065216064453,238.90213012695312,0.006165201775729656,164.40313720703125,190.80491638183594,0.0011002597166225314,195.1436767578125,269.3801574707031,0.019253607839345932
761,178.31224060058594,186.76211547851562,0.47239047288894653,182.41395568847656,231.09629821777344,0.0063680801540613174,162.22824096679688,197.4835968017578,0.0016201871912926435,156.97727966308594,197.47964477539062,0.01076199859380722,201.49249267578125,261.91717529296875,4.14942842326127e-05,201.1497802734375,263.53485107421875,0.00010463234502822161,186.77938842773438,239.9299774169922,0.020031969994306564,172.183349609375,182.47215270996094,0.0003498572623357177,197.84774780273438,271.7701110839844,0.04340394213795662
762,185.0462188720703,187.3533477783203,0.9058148264884949,183.8936004638672,230.3627166748047,0.015270037576556206,168.4954833984375,198.5807342529297,0.0012703544925898314,164.27903747558594,195.80303955078125,0.01520855538547039,188.4564666748047,262.51092529296875,3.5372944694245234e-05,196.08868408203125,199.82044982910156,0.0001682125439401716,194.7623748779297,275.1890563964844,0.029937759041786194,172.47950744628906,189.32322692871094,0.0007645014557056129,196.97592163085938,271.9466247558594,0.024567143991589546
763,191.74264526367188,188.62322998046875,0.9991499185562134,186.8215789794922,221.5104522705078,0.16710342466831207,176.38729858398438,199.08151245117188,0.02236754447221756,169.82583618164062,197.73838806152344,0.06407925486564636,190.26296997070312,215.4613037109375,5.510383198270574e-05,198.18209838867188,200.60226440429688,0.0003089580568484962,183.13916015625,239.4121856689453,0.14231808483600616,176.9195098876953,192.88363647460938,0.0021156903821974993,198.2043914794922,272.1494445800781,0.01700516976416111
764,194.12918090820312,188.1987762451172,0.9999232292175293,199.55377197265625,216.33265686035156,0.3466900885105133,177.5845489501953,199.25120544433594,0.058871444314718246,174.8363800048828,196.96502685546875,0.20686043798923492,190.46714782714844,215.57603454589844,5.477538798004389e-05,197.83535766601562,200.56143188476562,0.0004950692527927458,182.9961395263672,238.82957458496094,0.025625430047512054,176.453857421875,193.26112365722656,0.0014044658746570349,197.2884979248047,271.7311706542969,0.0037968195974826813
765,195.5401153564453,188.9188232421875,0.9996418952941895,200.41310119628906,216.59007263183594,0.36727434396743774,179.67031860351562,199.65008544921875,0.03532920405268669,173.15489196777344,198.77426147460938,0.3723890781402588,171.7022247314453,216.61436462402344,3.875926267937757e-05,198.76438903808594,266.6663818359375,0.00029063152032904327,180.98699951171875,244.6013946533203,0.028446832671761513,177.40769958496094,193.00726318359375,0.0009564110077917576,168.66635131835938,190.87147521972656,0.0008871592581272125
766,198.37770080566406,189.35585021972656,0.9958441853523254,199.25746154785156,221.75794982910156,0.16849951446056366,181.4461669921875,201.53443908691406,0.024526217952370644,177.74166870117188,197.49403381347656,0.2768968939781189,190.302001953125,215.89427185058594,2.9752085538348183e-05,200.02439880371094,266.9311828613281,0.00028467964148148894,179.68495178222656,245.57789611816406,0.029184309765696526,183.28919982910156,189.022216796875,0.0024890394415706396,187.67379760742188,270.21746826171875,0.000820268178358674
767,201.1470184326172,192.5579071044922,0.9972829818725586,199.4153594970703,222.30764770507812,0.1802123785018921,184.94920349121094,201.33346557617188,0.05417857691645622,178.91448974609375,196.83270263671875,0.5855996012687683,175.6827850341797,201.5828094482422,4.395928408484906e-05,201.2413787841797,268.049072265625,0.00020660521113313735,178.0962371826172,244.41615295410156,0.024562546983361244,186.20791625976562,197.1698760986328,0.002615773119032383,167.16546630859375,191.26307678222656,0.0007886760868132114
768,201.7031707763672,192.8879852294922,0.9967471361160278,199.7559814453125,217.73983764648438,0.018434371799230576,182.318115234375,199.42640686035156,0.06366275995969772,179.39364624023438,196.9852294921875,0.5081833600997925,175.0467071533203,201.4679718017578,5.795277320430614e-05,172.6642303466797,199.7383575439453,0.00011074996291426942,172.36013793945312,237.58535766601562,0.004054794553667307,181.17752075195312,197.15228271484375,0.001624061493203044,166.20509338378906,190.88819885253906,0.001835592556744814
769,201.8279571533203,192.4019012451172,0.9979687333106995,199.92198181152344,217.63938903808594,0.02320386841893196,185.37705993652344,201.25115966796875,0.19655776023864746,178.8228302001953,196.21730041503906,0.5936778783798218,175.5806884765625,201.37265014648438,3.675190600915812e-05,214.91119384765625,236.6322021484375,7.227081368910149e-05,173.2965087890625,238.25267028808594,0.009498274885118008,180.9808807373047,197.99942016601562,0.0027457086835056543,166.5426788330078,190.8620147705078,0.0013000130420550704
770,201.26214599609375,192.4794921875,0.9480133652687073,202.7507781982422,205.3807373046875,0.0034947176463901997,185.1529541015625,200.58265686035156,0.03956760838627815,176.9970703125,194.53445434570312,0.14938801527023315,140.80667114257812,265.267822265625,2.5942235879483633e-05,141.91229248046875,264.5232849121094,0.00017557172395754606,172.26145935058594,241.05909729003906,0.00012753035116475075,180.32275390625,195.9259490966797,0.006619501858949661,167.93887329101562,188.71463012695312,0.00032710182131268084
771,194.59349060058594,190.07333374023438,0.0886799618601799,170.7772979736328,266.8214111328125,0.0006497210706584156,177.067138671875,200.20521545410156,0.0018205686938017607,173.73385620117188,195.49537658691406,0.0032512887846678495,135.1147003173828,267.319580078125,7.02964243828319e-05,142.5565948486328,265.3273620605469,0.00046752297203056514,170.6203155517578,267.72772216796875,0.03074127435684204,178.065185546875,195.71046447753906,0.021204734221100807,170.59628295898438,270.0590515136719,0.0031652343459427357
772,197.086181640625,189.5526123046875,0.31889253854751587,156.85040283203125,251.12586975097656,0.0005278840544633567,177.1388702392578,200.8697052001953,0.010884868912398815,171.40061950683594,197.22413635253906,0.057268623262643814,124.0714111328125,265.45648193359375,8.704592619324103e-05,124.78165435791016,266.112060546875,0.0008809776627458632,168.58953857421875,268.48919677734375,0.004041553474962711,172.52792358398438,194.84478759765625,0.04029146209359169,164.61434936523438,268.70538330078125,0.0010055960156023502
773,196.76832580566406,188.10699462890625,0.2591981887817383,140.0236053466797,245.96307373046875,0.0016174936899915338,175.72640991210938,198.845703125,0.01343942154198885,169.44398498535156,196.36688232421875,0.011602643877267838,155.4590606689453,202.04664611816406,1.5614483345416375e-05,125.71742248535156,263.71533203125,0.00014405202819034457,188.6606903076172,178.47775268554688,0.011388913728296757,171.50335693359375,193.59730529785156,0.19408433139324188,150.95278930664062,199.79092407226562,0.00018413871293887496
774,188.3550262451172,192.93605041503906,0.0021383962593972683,105.45491027832031,267.6649475097656,5.824575782753527e-05,171.65133666992188,202.36073303222656,6.194431625772268e-05,162.4438934326172,196.15377807617188,0.0012442783918231726,1.2218940258026123,250.4927520751953,1.1144234122184571e-05,91.36917877197266,283.6072692871094,2.0097144442843273e-05,172.68502807617188,175.55714416503906,4.516395347309299e-05,163.3329620361328,189.2969207763672,0.0026984813157469034,92.35162353515625,266.8316955566406,6.549748650286347e-05
775,181.5409393310547,188.23094177246094,0.05256623029708862,157.38125610351562,203.65316772460938,0.00016154503100551665,164.2609100341797,200.45639038085938,0.0016288806218653917,158.95008850097656,198.13980102539062,0.2244901955127716,1.4179670810699463,250.62586975097656,7.574726623715833e-06,157.6836700439453,200.22088623046875,3.289788946858607e-05,174.24114990234375,176.080078125,0.00010517291229916736,161.85601806640625,191.87867736816406,0.005724120885133743,153.47171020507812,190.73020935058594,0.0002291653654538095
776,179.5355224609375,185.2877197265625,0.810912013053894,158.36669921875,203.9744873046875,0.0004526184347923845,162.82237243652344,199.30613708496094,0.02823241427540779,155.7233123779297,196.93614196777344,0.736432671546936,2.0149526596069336,250.69583129882812,2.3720302124274895e-05,180.36473083496094,193.1285400390625,5.067645543022081e-05,174.73971557617188,176.81471252441406,0.0015697351191192865,167.25076293945312,189.66065979003906,0.017128925770521164,153.87509155273438,193.5782470703125,0.0006199518102221191
777,173.9022674560547,184.68585205078125,0.9838040471076965,184.6520538330078,202.79788208007812,0.0008322233916260302,162.1269989013672,198.35125732421875,0.038754504173994064,149.8730926513672,193.2924041748047,0.8410500288009644,1.6536633968353271,250.7620391845703,2.848130498023238e-05,180.03407287597656,188.41175842285156,8.236204303102568e-05,173.99754333496094,176.17233276367188,0.0003149648255202919,169.51901245117188,189.6554412841797,0.008460970595479012,136.42686462402344,189.32936096191406,0.0012434355448931456
778,173.96533203125,185.05105590820312,0.992580235004425,194.79750061035156,205.72679138183594,0.0010428786044940352,163.40357971191406,197.52928161621094,0.21650297939777374,154.7150115966797,194.80133056640625,0.9745367765426636,1.863126277923584,234.58123779296875,2.9309692763490602e-05,179.45062255859375,188.036865234375,0.0001373738923575729,174.34690856933594,176.0125732421875,0.0001628287573112175,170.49705505371094,191.3818817138672,0.0030075411777943373,136.96014404296875,189.733642578125,0.0011027734726667404
779,174.23399353027344,186.04095458984375,0.7152490019798279,140.21636962890625,204.25531005859375,0.00018462534353602678,165.38238525390625,197.23165893554688,0.06164203956723213,156.150390625,194.9932098388672,0.9748067855834961,2.077148914337158,234.73655700683594,2.0923909687553532e-05,158.08929443359375,191.02169799804688,0.00010382628533989191,174.14508056640625,176.8683319091797,0.00011643226753221825,172.7474822998047,191.9024658203125,0.001265525002963841,137.0104217529297,188.7383270263672,0.00018454669043421745
780,157.95291137695312,190.4164276123047,0.011954574845731258,139.1339111328125,204.76133728027344,4.4192856876179576e-05,166.892578125,202.94207763671875,1.0735414434748236e-05,159.58615112304688,198.6579132080078,0.008914891630411148,2.11208438873291,234.80874633789062,2.612045318528544e-05,154.532958984375,202.8199462890625,2.5652037948020734e-05,1.7937052249908447,251.94876098632812,2.9178005206631497e-05,159.75697326660156,191.59002685546875,0.00012325345596764237,133.6625213623047,203.48779296875,2.740862692007795e-05
781,3.3840575218200684,239.11712646484375,1.0527694939810317e-05,156.25338745117188,205.19129943847656,4.442052613740088e-06,-1.359013557434082,250.2638702392578,5.976725333312061e-06,0.4416635036468506,238.3875274658203,1.2921696907142177e-05,1.9262840747833252,234.75877380371094,2.500619120837655e-05,2.235541343688965,251.71351623535156,4.6693699005118106e-06,2.0274667739868164,252.1471405029297,3.5155062505509704e-05,162.77932739257812,203.51364135742188,1.738819628371857e-05,-1.2631864547729492,249.39013671875,7.299866410903633e-06
782,2.662283182144165,254.61029052734375,9.530173883831594e-06,1.4520084857940674,252.84530639648438,2.686067091417499e-06,-1.4990172386169434,250.2434539794922,6.767288596165599e-06,0.9556951522827148,253.8280029296875,1.3254259101813659e-05,2.102227210998535,234.67454528808594,1.8703489331528544e-05,2.3591299057006836,251.89532470703125,4.391130914882524e-06,2.0955967903137207,252.0684356689453,3.8456328184111044e-05,162.35183715820312,204.54652404785156,4.359448666946264e-06,-1.1862502098083496,249.31190490722656,7.203291715995874e-06
783,123.2412109375,310.023681640625,1.3443672287394293e-05,1.3624043464660645,253.0010223388672,2.4879525426513283e-06,-1.7172532081604004,250.42889404296875,6.184090125316288e-06,0.9151067733764648,254.0718536376953,1.1862491192005109e-05,2.0227363109588623,250.536865234375,1.8827489839168265e-05,140.68663024902344,303.4094543457031,6.2428352975985035e-06,1.825652837753296,252.07879638671875,3.3364511182298884e-05,161.15061950683594,205.2987518310547,2.8942879453097703e-06,-1.3146147727966309,249.3695068359375,7.4612621574488e-06
784,2.593717098236084,254.8817596435547,1.2060343578923494e-05,1.161895751953125,253.01785278320312,2.6755290036817314e-06,-1.812631607055664,250.49681091308594,6.772505457774969e-06,0.8673305511474609,254.07676696777344,1.0367188224336132e-05,1.8839216232299805,250.62046813964844,1.9420976968831383e-05,140.53353881835938,303.5185852050781,5.292963123793015e-06,1.8700287342071533,251.92636108398438,3.637775807874277e-05,99.46216583251953,203.97731018066406,2.2401543446903815e-06,-1.389390468597412,249.5188751220703,7.421330337820109e-06
785,2.630429744720459,254.82522583007812,1.2524655176093802e-05,1.3360719680786133,253.0699462890625,3.028981609531911e-06,-1.7305021286010742,250.4686279296875,7.687630386499222e-06,0.960258960723877,253.96182250976562,1.2566003533720504e-05,1.8527421951293945,250.6009979248047,2.1743755496572703e-05,190.90762329101562,310.636962890625,5.894045898457989e-06,1.9536974430084229,251.9228057861328,4.1609473555581644e-05,99.3611068725586,204.3678741455078,3.5327325349499006e-06,-1.322066307067871,249.5435333251953,8.389506547246128e-06
786,2.705188751220703,254.77627563476562,1.3361524906940758e-05,1.2699925899505615,253.32406616210938,3.0185481136868475e-06,-1.6259269714355469,250.3006591796875,6.640152605541516e-06,0.1456899642944336,238.177001953125,1.405550392519217e-05,2.226761817932129,234.7837677001953,2.7904561648028903e-05,156.66493225097656,303.4503173828125,7.104138148861239e-06,1.8625988960266113,252.27688598632812,2.56466337305028e-05,99.71333312988281,203.74769592285156,1.862654130491137e-06,-1.4562535285949707,249.8521728515625,1.110593348130351e-05
787,123.79969024658203,325.43414306640625,1.5843334040255286e-05,1.1733670234680176,253.3983154296875,3.192840949850506e-06,-1.8313779830932617,250.44528198242188,7.006770829320885e-06,0.029310226440429688,238.40225219726562,1.8221822756459005e-05,2.61171817779541,234.82228088378906,4.310500298743136e-05,189.25051879882812,318.81085205078125,5.845657597092213e-06,1.7317774295806885,252.27540588378906,3.0180706744431518e-05,275.2943115234375,271.05218505859375,1.7118469486376853e-06,-1.434567928314209,249.77252197265625,1.132591387431603e-05
788,271.9333801269531,271.1727294921875,0.00012385645823087543,290.3624267578125,278.7743835449219,7.624542922712862e-05,270.9930725097656,275.6819152832031,0.00010603258124319836,269.84124755859375,268.9578857421875,4.5683933421969414e-05,2.6044039726257324,234.972900390625,2.7103604224976152e-05,271.59173583984375,282.9075622558594,1.3329924513527658e-05,291.6766052246094,276.3289489746094,0.0004857163585256785,266.5221252441406,272.55926513671875,0.00023245843476615846,268.89544677734375,265.9344177246094,7.630055915797129e-05
789,59.33450698852539,227.04209899902344,2.820154077198822e-05,138.7255096435547,207.47181701660156,2.689453367565875e-06,-2.071227550506592,250.655029296875,8.791603249846958e-06,272.0778503417969,270.408935546875,1.364057698083343e-05,1.9149153232574463,250.9054412841797,2.5924502551788464e-05,270.0181884765625,283.61944580078125,1.0275157364958432e-05,1.8929131031036377,252.1912384033203,4.195112705929205e-05,271.892578125,271.31475830078125,2.402536483714357e-05,265.7808837890625,264.7901611328125,1.9056195014854893e-05
790,59.190521240234375,226.71253967285156,2.962496000691317e-05,283.55389404296875,270.6614685058594,6.842052698630141e-06,-1.86613130569458,250.72640991210938,1.0316111001884565e-05,272.5119934082031,271.49542236328125,1.5078158867254388e-05,1.808708667755127,251.0808563232422,3.045403900614474e-05,270.0935974121094,284.37652587890625,8.343668014276773e-06,1.7662572860717773,252.22317504882812,4.543970862869173e-05,272.669189453125,272.1730041503906,2.0987517928006127e-05,280.7864990234375,266.11614990234375,1.767067442415282e-05
791,60.01268005371094,226.01243591308594,7.225867739180103e-05,284.63433837890625,272.3224182128906,0.0002901915577240288,273.6446838378906,270.94061279296875,0.00011932552297366783,271.75958251953125,270.257080078125,0.00015917712880764157,1.7469720840454102,251.19680786132812,2.5701454433146864e-05,40.67237091064453,250.41519165039062,1.2376450285955798e-05,291.16656494140625,276.32415771484375,0.001226370339281857,271.2044372558594,273.3197937011719,3.8073212635936216e-05,268.2615661621094,266.41796875,5.1410581363597885e-05
792,59.17912292480469,225.19407653808594,0.00014839718642178923,283.9185791015625,271.6495361328125,0.0016275838715955615,272.4585266113281,269.55438232421875,0.0006305011920630932,270.1204833984375,268.8096008300781,0.0006566662923432887,2.4318461418151855,234.9238739013672,3.6239292967366055e-05,59.522518157958984,236.8107452392578,1.2648517440538853e-05,291.45672607421875,276.2565612792969,0.002433345653116703,263.4502258300781,268.2380676269531,7.356426067417488e-05,270.0679931640625,266.87835693359375,6.116252188803628e-05
793,58.847694396972656,225.67251586914062,6.128320092102513e-05,284.74237060546875,270.3102111816406,0.0009401777642779052,273.1070251464844,268.59808349609375,6.6940592660103e-05,271.1055908203125,268.67755126953125,0.00024040417338255793,1.4692661762237549,250.90049743652344,3.05489229504019e-05,266.28192138671875,269.4151306152344,1.5194908883131575e-05,291.5527038574219,275.1899719238281,0.00028834762633778155,273.1443786621094,266.56390380859375,1.3972682609164622e-05,268.9796142578125,265.0198974609375,2.456996480759699e-05
794,58.957496643066406,225.59776306152344,6.154370203148574e-05,284.5191345214844,270.2813720703125,0.0006203865632414818,272.91778564453125,268.8345947265625,4.827492739423178e-05,271.1471252441406,268.54510498046875,0.00023837915796320885,2.329359531402588,235.0546112060547,3.90713285014499e-05,265.8351135253906,269.668212890625,1.1868046385643538e-05,291.884033203125,275.0513916015625,0.0001911854196805507,273.7591552734375,266.4729919433594,5.174550096853636e-06,268.30487060546875,265.35357666015625,1.680086279520765e-05
795,74.08379364013672,225.23117065429688,4.625866495189257e-05,266.430419921875,269.04693603515625,4.3523409658519085e-06,-1.152754306793213,250.8061981201172,1.1497141713334713e-05,1.2549970149993896,254.32382202148438,2.641120954649523e-05,2.341945171356201,235.00900268554688,4.570227974909358e-05,264.06011962890625,269.9097900390625,7.908395673439372e-06,1.6884865760803223,252.48326110839844,5.6400062021566555e-05,162.4937286376953,204.7946319580078,2.169961135223275e-06,-1.361593246459961,249.9543914794922,1.5412833818118088e-05
796,59.179840087890625,225.42477416992188,3.431777440709993e-05,1.1382193565368652,253.65928649902344,3.958060005970765e-06,-1.2134613990783691,250.8699188232422,1.0982838830386754e-05,1.207392930984497,254.39756774902344,2.3876144041423686e-05,1.4601497650146484,250.9102325439453,3.334364737384021e-05,220.0240478515625,278.7685546875,1.3214440514275339e-05,1.504723072052002,252.78500366210938,5.033296474721283e-05,162.3110809326172,204.71771240234375,4.747163984575309e-06,-1.3204421997070312,250.3651580810547,1.7166816178360023e-05
797,59.112178802490234,226.13327026367188,3.442840534262359e-05,1.3781640529632568,253.62322998046875,4.358279966254486e-06,-1.0243854522705078,250.76832580566406,1.1519749023136683e-05,1.2827589511871338,254.35458374023438,2.8722120987367816e-05,2.2859442234039307,234.9987335205078,4.628862734534778e-05,263.5494689941406,253.66554260253906,1.2221686120028608e-05,1.4980273246765137,252.6056671142578,5.951547791482881e-05,212.65809631347656,260.87445068359375,4.877513219980756e-06,-1.403007984161377,250.1077117919922,2.0241439415258355e-05
798,59.84131622314453,226.2086181640625,8.078169776126742e-05,1.3425984382629395,253.6508331298828,4.170954071014421e-06,-1.0777010917663574,250.68292236328125,1.1785789865825791e-05,1.3078117370605469,254.33660888671875,2.986490653711371e-05,2.4244384765625,234.9403839111328,4.6397697587963194e-05,263.78546142578125,253.71261596679688,1.7750631741364487e-05,1.5782380104064941,252.56871032714844,6.010333527228795e-05,162.19212341308594,204.3966827392578,3.222912937417277e-06,-1.4124445915222168,250.0284881591797,1.8917298802989535e-05
799,67.42340850830078,224.6284637451172,0.00011319918121444061,1.1157472133636475,253.58453369140625,3.7985460039635655e-06,-1.1926279067993164,250.691162109375,1.0453491086082067e-05,214.56834411621094,258.71875,2.7888068871106952e-05,4.772583961486816,243.9010009765625,3.1799670978216454e-05,221.1815185546875,263.2829284667969,0.00046036840649321675,1.4439396858215332,252.66229248046875,4.723234451375902e-05,178.58445739746094,203.927490234375,2.9625311981362756e-06,217.54718017578125,249.42808532714844,3.794518852373585e-05
800,60.453128814697266,225.96250915527344,0.00013803265755996108,1.0421524047851562,253.55091857910156,3.293519739600015e-06,-1.2634577751159668,250.70620727539062,9.79165815806482e-06,1.3364989757537842,254.1643524169922,2.1461561118485406e-05,4.845566749572754,243.92845153808594,2.8822629246860743e-05,220.6409912109375,263.3133544921875,0.00025305405142717063,1.4538369178771973,252.6127471923828,3.781474879360758e-05,223.47671508789062,248.07791137695312,4.263826212991262e-06,280.0237731933594,248.18130493164062,2.5507797545287758e-05
801,60.459686279296875,225.78492736816406,0.0001511698792455718,1.1840856075286865,253.5377960205078,3.5649318306241184e-06,-1.2577061653137207,250.6685333251953,1.1230630661884788e-05,1.3549647331237793,254.18215942382812,2.202447285526432e-05,4.922494411468506,243.95530700683594,2.9875445761717856e-05,220.19944763183594,263.0189208984375,0.0001663657312747091,1.556173324584961,252.4633331298828,4.460176205611788e-05,178.1261444091797,203.7161102294922,3.170898708049208e-06,201.4125213623047,251.69642639160156,1.7979282347369008e-05
802,68.17711639404297,224.43431091308594,0.00029233586974442005,1.1504018306732178,253.54637145996094,3.4877480175055098e-06,-1.536022663116455,250.69044494628906,1.2168677130830474e-05,1.2150623798370361,254.21836853027344,2.0745148503920063e-05,1.7068243026733398,251.2012481689453,2.9272739993757568e-05,219.7889862060547,262.6094665527344,0.00014671275857836008,1.708631992340088,252.4508514404297,5.01722824992612e-05,162.10398864746094,203.6177978515625,3.117263986496255e-06,280.1932373046875,248.17295837402344,2.1495603505172767e-05
803,68.18754577636719,224.5986785888672,0.00039028210449032485,1.270204782485962,253.54527282714844,3.282519855929422e-06,-1.463921070098877,250.666015625,1.1268211892456748e-05,1.2482802867889404,254.19142150878906,2.0880892407149076e-05,5.2670745849609375,243.6549835205078,2.7726518965209834e-05,217.91127014160156,255.72463989257812,6.454811955336481e-05,1.7080166339874268,252.47787475585938,5.022728510084562e-05,161.76031494140625,203.79058837890625,4.12183453590842e-06,280.0364685058594,248.17202758789062,3.986034062108956e-05
804,60.23875045776367,225.8668670654297,0.0001752405660226941,57.56404495239258,207.99559020996094,2.6678901576815406e-06,-1.7562975883483887,250.70396423339844,8.725351108296309e-06,1.0840985774993896,254.11427307128906,1.5590958355460316e-05,1.683720588684082,251.05812072753906,2.321728243259713e-05,218.9886474609375,262.6267395019531,0.00022918262402527034,1.592618703842163,252.6954803466797,3.5296114219818264e-05,178.18869018554688,203.7097930908203,4.621351763489656e-06,280.4582214355469,248.5933380126953,3.718741572811268e-05
805,67.93123626708984,224.92897033691406,0.00021389813628047705,281.6065673828125,269.42529296875,4.282723239157349e-06,-1.6099162101745605,250.71270751953125,8.990344213088974e-06,206.62338256835938,261.6436767578125,2.3189246348920278e-05,1.682591199874878,251.0917205810547,2.2246651496971026e-05,219.81204223632812,263.4901123046875,0.000168824743013829,1.5217781066894531,252.74771118164062,3.489962546154857e-05,161.8030548095703,203.7266082763672,4.303493824409088e-06,280.361328125,248.4215545654297,5.6889515690272674e-05
806,60.120574951171875,226.25088500976562,0.00011836733756354079,1.1055023670196533,253.68873596191406,3.3038793390005594e-06,-1.5965423583984375,250.73512268066406,1.0204632417298853e-05,1.2356619834899902,254.1355743408203,1.940442598424852e-05,1.6154201030731201,251.0555419921875,2.8588901841430925e-05,264.7884216308594,253.23849487304688,3.8736718124710023e-05,1.671576976776123,252.69647216796875,4.297165651223622e-05,177.60845947265625,204.3769989013672,3.7254735616443213e-06,280.487060546875,248.73768615722656,1.739560866553802e-05
807,73.99163055419922,225.42926025390625,9.529606904834509e-05,285.0458068847656,265.7785949707031,7.095525234035449e-06,269.8501281738281,266.9156494140625,3.766000008909032e-05,268.5666198730469,266.5278625488281,5.0999435188714415e-05,1.688643217086792,250.89112854003906,2.454240166116506e-05,266.385009765625,267.30303955078125,3.100806497968733e-05,1.5986475944519043,252.54502868652344,5.406705167843029e-05,270.9075622558594,255.02008056640625,5.368997517507523e-05,267.48291015625,248.7957763671875,3.254177136113867e-05
808,73.90779876708984,226.20663452148438,4.010272095911205e-05,57.970584869384766,225.1864471435547,6.0092170315328985e-06,-1.4963231086730957,250.8688201904297,9.392763786308933e-06,1.1899375915527344,254.6914520263672,1.5104813428479247e-05,1.751784086227417,250.68002319335938,2.090153247991111e-05,59.45408248901367,237.06900024414062,7.835792530386243e-06,1.4652998447418213,252.3363494873047,5.082319330540486e-05,258.4574890136719,259.9676208496094,0.00018698247731663287,264.67877197265625,248.2737274169922,5.383183452067897e-05
809,236.321533203125,271.0819091796875,2.122247860825155e-05,233.75338745117188,267.3103942871094,2.3065933419275098e-05,226.11427307128906,265.1303405761719,3.115323852398433e-05,222.94818115234375,249.3255615234375,0.0011507307644933462,1.5436737537384033,250.36102294921875,1.5420537238242105e-05,217.3968505859375,267.37353515625,5.1125549362041056e-05,1.5014734268188477,252.3558807373047,4.169511521467939e-05,243.30606079101562,261.6856384277344,0.00040963481296785176,-1.3413729667663574,249.6962890625,1.1104354598501232e-05
810,217.528076171875,209.8244171142578,3.6876677768304944e-05,233.0981903076172,251.5636444091797,3.4656553907552734e-05,236.46278381347656,264.9239196777344,0.00014365575043484569,221.63607788085938,249.25650024414062,0.0026672743260860443,2.8439393043518066,234.42921447753906,1.2910167242807802e-05,216.26937866210938,267.5922546386719,0.0002785953402053565,266.0738220214844,268.7178649902344,4.6893455873942e-05,242.31390380859375,269.79656982421875,0.00014609670324716717,155.51568603515625,250.8582000732422,9.447846241528168e-05
811,216.47503662109375,209.18008422851562,7.004381768638268e-05,264.7248229980469,269.1703796386719,2.0765495719388127e-05,224.0184783935547,264.7818603515625,4.499128044699319e-05,221.66294860839844,264.4541320800781,0.00029931115568615496,1.689281702041626,250.25929260253906,1.3435482287604827e-05,217.082275390625,268.1688537597656,0.0001064041061908938,265.5780334472656,268.98309326171875,4.882406574324705e-05,243.50364685058594,269.1564025878906,1.590399187989533e-05,154.81002807617188,250.3226776123047,1.9724851881619543e-05
812,207.0127716064453,240.01065063476562,2.7307734853820875e-05,265.3220520019531,269.9758605957031,2.2534890376846306e-05,236.55870056152344,267.38922119140625,1.9599781808210537e-05,222.13194274902344,265.02978515625,5.8748704759636894e-05,2.7972018718719482,234.44688415527344,1.340447306574788e-05,217.3033905029297,268.3935546875,3.567267776816152e-05,266.466796875,269.78192138671875,4.491758591029793e-05,197.53504943847656,235.3162841796875,2.621480598463677e-05,220.533203125,235.16261291503906,7.340882439166307e-05
813,216.5542449951172,210.15902709960938,5.74314508412499e-05,265.2635803222656,269.54852294921875,1.0826219295267947e-05,223.0087127685547,265.50408935546875,3.182011641911231e-05,222.48513793945312,259.32122802734375,9.4635906862095e-05,1.7546727657318115,250.28485107421875,1.3241625310911331e-05,217.25836181640625,267.78021240234375,7.081637886585668e-05,1.7354376316070557,252.1678466796875,3.8009580748621374e-05,196.6472930908203,235.43511962890625,9.749315358931199e-05,219.56500244140625,235.8956298828125,0.0004795494896825403
814,216.7545928955078,210.09390258789062,6.213191227288917e-05,265.3482666015625,269.27166748046875,8.68605638970621e-06,223.4706268310547,264.8285827636719,2.9566790544777177e-05,221.83824157714844,264.0695495605469,0.0001256756077054888,1.714003086090088,250.2326202392578,1.1545573215698823e-05,216.60069274902344,267.8882751464844,4.8081641580211e-05,1.6237478256225586,252.1761474609375,3.451884549576789e-05,196.70921325683594,235.00006103515625,2.6123891075258143e-05,219.8562774658203,236.04087829589844,6.646189285675064e-05
815,216.59385681152344,209.98841857910156,4.170561442151666e-05,265.4746398925781,269.2325744628906,9.305193998443428e-06,223.3328399658203,265.2351989746094,2.900762774515897e-05,221.9110870361328,264.852783203125,0.00012461782898753881,2.780843734741211,234.3723602294922,1.2094032172171865e-05,216.6480712890625,268.2288818359375,3.6757828638656065e-05,1.661283254623413,252.1196746826172,3.758064121939242e-05,196.4271697998047,234.57229614257812,1.2390055417199619e-05,219.9707794189453,235.6106414794922,8.009495650185272e-05
816,216.76309204101562,209.58010864257812,0.00010537086927797645,265.614501953125,269.3102722167969,1.9898803657270037e-05,224.52484130859375,265.5177307128906,4.030284617329016e-05,221.289306640625,264.4971923828125,0.00010377957369200885,2.851165771484375,234.39453125,1.2079208318027668e-05,216.80772399902344,268.078369140625,5.032682020100765e-05,1.671621322631836,252.12088012695312,3.186122921761125e-05,196.18707275390625,235.92880249023438,5.233495176071301e-05,219.76800537109375,236.267333984375,0.00022548642300534993
817,216.7892303466797,209.39004516601562,0.00013800579472444952,266.0458984375,269.3014831542969,1.2763472113874741e-05,222.62347412109375,265.37451171875,2.3732722183922306e-05,221.0847625732422,264.9784851074219,5.4744468798162416e-05,2.819108486175537,234.35910034179688,1.5910303773125634e-05,217.52745056152344,267.7716369628906,2.2255944713833742e-05,1.6082546710968018,252.2971954345703,3.270579327363521e-05,195.69468688964844,235.62448120117188,2.07969278562814e-05,219.8395233154297,236.3604736328125,0.00017537579697091132
818,216.87474060058594,209.89797973632812,0.0007030110573396087,201.54664611816406,268.5897216796875,2.5274423023802228e-05,206.59417724609375,264.82196044921875,5.35890540049877e-05,212.54774475097656,263.8325500488281,0.0002775592729449272,2.8877320289611816,234.36412048339844,1.6415107893408276e-05,153.9725799560547,267.99163818359375,2.4896402464946732e-05,1.7235558032989502,252.23416137695312,3.93461887142621e-05,194.69564819335938,237.3450927734375,7.031425775494426e-05,205.0054473876953,238.16566467285156,0.00036700742202810943
819,191.61923217773438,254.93907165527344,4.683481529355049e-05,205.4904022216797,268.7858581542969,4.218826870783232e-05,207.451171875,264.4807434082031,0.00010058568295789883,204.42344665527344,264.90985107421875,0.02830599434673786,2.950197219848633,234.34132385253906,1.3346982086659409e-05,216.55313110351562,228.62852478027344,4.9727055738912895e-05,1.5598137378692627,252.32669067382812,2.5890974939102307e-05,183.8312225341797,250.95907592773438,5.781786603620276e-05,205.33538818359375,240.11163330078125,8.454110502498224e-05
820,180.83462524414062,255.40061950683594,0.0016257865354418755,188.85728454589844,269.3818664550781,0.00027091120136901736,204.45089721679688,264.35113525390625,0.00019026576774194837,173.69229125976562,266.2884216308594,0.003784761531278491,188.9324951171875,255.12924194335938,2.4053331799223088e-05,204.72438049316406,281.6352844238281,0.0004495433531701565,204.19789123535156,267.62127685546875,3.082029797951691e-05,177.28944396972656,258.4983215332031,0.0014931622426956892,189.45162963867188,254.7769317626953,0.0005411093006841838
821,202.43605041503906,222.04539489746094,0.001792822265997529,187.78939819335938,264.06719970703125,0.0038371761329472065,206.42446899414062,234.40602111816406,0.0011231369571760297,208.01318359375,231.32095336914062,0.002106678206473589,194.84490966796875,240.95681762695312,0.0025032619014382362,200.39732360839844,237.01329040527344,0.06713684648275375,169.32676696777344,252.5096893310547,0.0012216782197356224,168.04823303222656,260.3076171875,0.011682703159749508,179.50392150878906,262.74627685546875,0.009633874520659447
822,188.49072265625,224.8119354248047,0.8500497341156006,164.71739196777344,246.6055145263672,0.04144683852791786,183.5946807861328,239.458251953125,0.006383175030350685,169.49607849121094,241.9434356689453,0.011429027654230595,195.88941955566406,251.08815002441406,0.014421200379729271,204.8016357421875,251.2578887939453,0.017429674044251442,161.87464904785156,256.7192687988281,0.03085378184914589,154.089111328125,263.5865478515625,0.05006341263651848,173.52732849121094,271.7541198730469,0.04877488315105438
823,169.2738800048828,230.49501037597656,0.6562624573707581,150.42822265625,259.04510498046875,0.9901434183120728,163.46348571777344,246.2227783203125,0.08089543133974075,152.55160522460938,245.60340881347656,0.45588770508766174,181.6096649169922,255.78001403808594,0.002833910519257188,189.63209533691406,251.12481689453125,0.0054857456125319,146.77796936035156,269.0550231933594,0.9791527390480042,143.20155334472656,271.80169677734375,0.26581886410713196,161.84225463867188,275.3981628417969,0.023437023162841797
824,162.76681518554688,241.0628662109375,2.4178489184123464e-05,250.97035217285156,267.21771240234375,2.0148401745245792e-05,162.5309295654297,250.62002563476562,0.003263178514316678,157.83253479003906,251.84120178222656,0.0031690082978457212,164.69882202148438,256.2496643066406,2.6424186216900125e-05,157.35487365722656,263.79986572265625,1.4288774764281698e-05,1.4645018577575684,252.4402313232422,1.4737758647243027e-05,211.5709228515625,247.32357788085938,1.6291685824398883e-05,216.84304809570312,246.1775665283203,4.379542133392533e-06
825,162.8824005126953,242.67013549804688,2.008434421441052e-05,251.13101196289062,266.23956298828125,4.864736183662899e-05,160.6834716796875,251.41445922851562,0.028583824634552002,155.54893493652344,254.64154052734375,0.00563024403527379,166.05743408203125,255.9174346923828,7.792712131049484e-05,191.08363342285156,266.6448059082031,0.00011727710807463154,259.6826477050781,266.33795166015625,2.4849556211847812e-05,161.93881225585938,247.59828186035156,1.4667918549093883e-05,231.27781677246094,262.0310974121094,7.4024073910550214e-06
826,247.9258575439453,214.1714324951172,6.495831621577963e-05,137.53724670410156,267.7364807128906,0.00012977169535588473,158.03004455566406,252.82196044921875,0.344365656375885,154.7703094482422,254.4186553955078,0.12767444550991058,164.5003204345703,256.58221435546875,2.656489232322201e-05,173.5026092529297,274.9855041503906,6.989662506384775e-05,266.4363708496094,268.20330810546875,4.539176370599307e-05,257.21380615234375,220.7790069580078,8.138432895066217e-05,231.35549926757812,261.3418884277344,2.7891659556189552e-05
827,146.27915954589844,245.2069091796875,0.00010268737241858616,260.1773376464844,222.46739196777344,9.463707829127088e-05,144.58309936523438,250.993408203125,0.8436364531517029,139.55490112304688,254.99191284179688,0.1736913025379181,150.24534606933594,254.33395385742188,4.447464380064048e-05,203.6336669921875,253.25692749023438,6.661137740593404e-05,267.2535095214844,227.10781860351562,4.385666034067981e-05,241.7156524658203,201.01377868652344,9.023520397022367e-05,200.18894958496094,245.310546875,5.439393135020509e-06
828,226.31671142578125,197.96920776367188,0.004929035902023315,249.99185180664062,217.0946807861328,0.00045333951129578054,141.40460205078125,253.54185485839844,0.04706786572933197,139.28526306152344,254.37831115722656,0.005310854874551296,228.3708953857422,220.8839111328125,0.0007955427281558514,237.64266967773438,225.19924926757812,0.002315246034413576,269.6961669921875,222.92247009277344,0.00019355799304321408,225.03497314453125,203.2036895751953,0.0002116817922797054,214.31434631347656,222.2392578125,0.00011625885963439941
829,229.5721435546875,206.54380798339844,0.49417564272880554,252.62261962890625,217.23085021972656,0.7977826595306396,222.89259338378906,216.31089782714844,0.19313551485538483,211.10194396972656,197.8192138671875,0.040622252970933914,224.76809692382812,219.32032775878906,0.003773776115849614,231.13990783691406,227.90000915527344,0.002604568609967828,267.8266296386719,224.9232940673828,0.8524917364120483,220.92750549316406,205.9308319091797,0.00278400513343513,217.16705322265625,230.14894104003906,0.0003412808873690665
830,228.09152221679688,202.5894012451172,0.9999245405197144,252.28250122070312,215.58737182617188,0.9995005130767822,219.39068603515625,217.23890686035156,0.9986960291862488,116.51544189453125,254.36383056640625,0.980250358581543,227.75791931152344,220.9683380126953,0.20207421481609344,227.64393615722656,223.06539916992188,0.0037867145147174597,265.1094970703125,225.47286987304688,0.9993175268173218,250.75047302246094,241.681884765625,0.002413557143881917,198.8848876953125,223.4166717529297,0.0006882196757942438
831,226.07582092285156,201.5269775390625,0.9999496936798096,252.47442626953125,215.3800506591797,0.9997346997261047,214.36216735839844,217.67234802246094,0.9995830655097961,114.151123046875,254.5015106201172,0.977811872959137,226.40296936035156,221.01441955566406,0.5380411148071289,227.72720336914062,222.82736206054688,0.007599968928843737,264.7156677246094,225.5831298828125,0.999670147895813,250.5847625732422,241.29522705078125,0.0022853785194456577,201.29489135742188,190.19891357421875,0.000697505078278482
832,226.69171142578125,201.18081665039062,0.9999762773513794,252.4248504638672,215.3416748046875,0.9999216794967651,215.10836791992188,217.8946533203125,0.9999499320983887,106.66792297363281,256.8387145996094,0.999467670917511,226.70501708984375,220.58505249023438,0.3737446665763855,227.09449768066406,222.28956604003906,0.007329849526286125,264.40142822265625,225.8127899169922,0.9998912811279297,249.2949676513672,241.49624633789062,0.003829972120001912,201.1750946044922,191.024169921875,0.00034993147710338235
833,226.12179565429688,201.45040893554688,0.9998800754547119,252.32777404785156,215.79922485351562,0.9978579878807068,124.9197998046875,253.70530700683594,0.9999823570251465,109.98713684082031,256.08807373046875,0.9998916387557983,226.763671875,219.95887756347656,0.34806740283966064,227.54795837402344,221.39816284179688,0.0058079976588487625,265.2756042480469,226.3836669921875,0.9996252059936523,250.6243133544922,241.49801635742188,0.0022245084401220083,199.08087158203125,222.92147827148438,0.0002857235085684806
834,226.4909210205078,202.63246154785156,0.9992424249649048,252.69845581054688,216.06243896484375,0.9959074258804321,125.76959228515625,252.8818817138672,0.9994693398475647,116.03364562988281,252.58309936523438,0.9992285966873169,227.15220642089844,220.43739318847656,0.12859465181827545,227.48196411132812,222.01763916015625,0.005025571212172508,265.6249084472656,226.24319458007812,0.9988607168197632,251.1751708984375,241.49244689941406,0.002231830498203635,198.7569122314453,234.16690063476562,0.0006296670762822032
835,227.7919464111328,203.31674194335938,0.9994657635688782,253.2161102294922,215.92201232910156,0.9977741837501526,125.56377410888672,253.212158203125,0.9994029998779297,117.26966094970703,252.5110626220703,0.9986879229545593,227.75193786621094,220.58419799804688,0.0571192130446434,227.3361053466797,222.73846435546875,0.006815725471824408,265.8265686035156,226.10818481445312,0.99891197681427,251.22987365722656,241.18569946289062,0.0033412184566259384,199.63589477539062,222.4243621826172,0.0007766674389131367
836,227.51002502441406,202.22189331054688,0.9999243021011353,253.21388244628906,215.6697998046875,0.9995303153991699,125.97339630126953,253.24606323242188,0.9993746876716614,117.7692642211914,252.75755310058594,0.9988595247268677,228.01661682128906,220.42800903320312,0.10475922375917435,227.65182495117188,222.72463989257812,0.008583764545619488,265.68341064453125,226.3234100341797,0.999505877494812,251.689208984375,241.52378845214844,0.0012774037895724177,199.80389404296875,222.49029541015625,0.0005263882922008634
837,227.40567016601562,202.21572875976562,0.9999829530715942,252.5420379638672,215.80926513671875,0.9987214207649231,219.78744506835938,218.29408264160156,0.9995146989822388,117.96450805664062,252.53253173828125,0.99625164270401,233.6582489013672,220.3148956298828,0.3498731553554535,233.8022918701172,226.1844024658203,0.010259204544126987,265.4422912597656,226.37612915039062,0.9976715445518494,253.73025512695312,241.6699981689453,0.0006829758640378714,199.60581970214844,222.73570251464844,0.0008956421515904367
838,226.92721557617188,200.44769287109375,0.999961256980896,252.5683135986328,214.7989501953125,0.999176561832428,215.78407287597656,212.4725341796875,0.9997015595436096,118.01634979248047,252.4493408203125,0.9983046054840088,227.7431640625,218.5660400390625,0.057413823902606964,226.44601440429688,222.1358184814453,0.007741894107311964,264.576416015625,224.50714111328125,0.9971202611923218,251.90536499023438,241.02796936035156,0.003410891629755497,198.52487182617188,221.66098022460938,0.00035002556978724897
839,220.7958984375,196.90097045898438,0.9787300229072571,249.6107635498047,213.3625946044922,0.9808494448661804,128.15634155273438,253.61581420898438,0.9939312934875488,119.60550689697266,252.20472717285156,0.9893996119499207,224.15838623046875,215.83580017089844,0.0022877140436321497,223.75177001953125,221.96270751953125,0.0020330718252807856,261.649169921875,218.09844970703125,0.9965441823005676,250.64205932617188,237.8214569091797,0.07511056959629059,200.39659118652344,190.06646728515625,0.00010703881707740948
840,219.0211181640625,195.09056091308594,0.9979326725006104,245.1898651123047,209.38230895996094,0.9777349233627319,211.595947265625,204.635009765625,0.9947053790092468,205.41510009765625,198.18014526367188,0.9881161451339722,225.18423461914062,214.16526794433594,0.14733271300792694,224.96327209472656,220.30667114257812,0.01360449567437172,261.3020324707031,213.45370483398438,0.9989054203033447,253.94752502441406,238.45225524902344,0.009335449896752834,182.43637084960938,188.44264221191406,0.00016817003779578954
841,215.31761169433594,191.8295440673828,0.9981544613838196,245.1774444580078,208.98220825195312,0.9878494143486023,126.82667541503906,251.1595458984375,0.9904212951660156,121.42357635498047,252.90618896484375,0.9927230477333069,224.05169677734375,214.0056610107422,0.4383195638656616,224.71969604492188,218.93649291992188,0.030566807836294174,260.9263916015625,213.0130615234375,0.9997714161872864,253.38677978515625,237.91751098632812,0.014815812930464745,182.19354248046875,188.4515380859375,0.00038200808921828866
842,218.50914001464844,194.08009338378906,0.9998778104782104,244.7797393798828,208.3588104248047,0.9994762539863586,210.6057891845703,204.63999938964844,0.9991208910942078,202.3081512451172,196.9647674560547,0.9962100982666016,225.30335998535156,213.79847717285156,0.29607877135276794,224.8543701171875,220.44320678710938,0.018101191148161888,260.52642822265625,212.67041015625,0.9999556541442871,251.89010620117188,238.4082794189453,0.007488629315048456,182.4583740234375,188.9961700439453,0.0004401539044920355
843,215.20616149902344,191.16868591308594,0.9996167421340942,244.65919494628906,208.74716186523438,0.998762845993042,210.55758666992188,204.263427734375,0.99674391746521,120.119873046875,253.9799041748047,0.9921576976776123,218.67791748046875,212.36790466308594,0.24894103407859802,224.29600524902344,220.47317504882812,0.03247228264808655,260.4816589355469,212.4206085205078,0.9999575614929199,251.2310791015625,237.99563598632812,0.01413781102746725,182.357666015625,189.06309509277344,0.00042302775545977056
844,215.59532165527344,190.96311950683594,0.9997634291648865,244.2653045654297,208.33819580078125,0.9994233846664429,210.6517333984375,203.912841796875,0.9975906610488892,203.9711151123047,197.6632843017578,0.9895053505897522,224.35780334472656,213.5582733154297,0.295918345451355,224.89173889160156,219.211669921875,0.04243150353431702,260.1209716796875,212.04251098632812,0.9999468326568604,251.79925537109375,237.7933807373047,0.009398226626217365,182.56588745117188,189.24378967285156,0.0004020199121441692
845,215.6844482421875,191.25547790527344,0.9996980428695679,244.07659912109375,208.10191345214844,0.999005138874054,210.94984436035156,203.66854858398438,0.997601330280304,204.19313049316406,197.7633514404297,0.9914514422416687,218.4792022705078,212.00628662109375,0.2351517528295517,224.5757598876953,219.53817749023438,0.05082354694604874,260.0655212402344,211.528076171875,0.9999314546585083,252.17510986328125,238.05606079101562,0.009078901261091232,182.4679412841797,189.0807342529297,0.00022196194913703948
846,215.17100524902344,191.1290740966797,0.9995064735412598,243.73109436035156,208.2693328857422,0.9985167384147644,210.9788818359375,203.6564483642578,0.9959467053413391,204.5843963623047,198.0183868408203,0.9890004396438599,223.6548309326172,213.6952362060547,0.22098404169082642,224.39767456054688,219.14244079589844,0.051746614277362823,259.7607727050781,211.50796508789062,0.9999039173126221,252.4390106201172,237.77713012695312,0.013097328133881092,182.356689453125,188.9093475341797,0.0002088281325995922
847,215.43470764160156,191.0917205810547,0.999386191368103,243.98011779785156,208.32730102539062,0.9982810020446777,211.2450714111328,203.5520782470703,0.9971821308135986,204.628662109375,197.5863037109375,0.9913625121116638,223.91976928710938,213.4678497314453,0.18069732189178467,224.6283416748047,219.12083435058594,0.03837230056524277,259.8495178222656,211.76416015625,0.9999186992645264,252.42173767089844,237.6980743408203,0.01430258434265852,200.85162353515625,222.11520385742188,0.00028711732011288404
848,217.59678649902344,194.3922119140625,0.9991312623023987,243.69705200195312,208.7604217529297,0.9987051486968994,211.93064880371094,203.5985565185547,0.9966458678245544,205.08558654785156,197.80148315429688,0.987185537815094,224.16908264160156,213.38848876953125,0.18118064105510712,224.93321228027344,219.38626098632812,0.02997281402349472,259.6422119140625,212.63201904296875,0.9998576641082764,253.0510711669922,238.0906524658203,0.010030237957835197,200.7627410888672,221.95281982421875,0.0002937349781859666
849,218.6940460205078,194.04135131835938,0.9996092915534973,243.7930145263672,208.46649169921875,0.9996931552886963,212.126953125,204.035888671875,0.9988991022109985,204.96446228027344,198.1696014404297,0.9921450018882751,224.67713928222656,213.21795654296875,0.15612365305423737,225.335205078125,219.13461303710938,0.024959104135632515,259.2405090332031,212.6050262451172,0.9999617338180542,252.02122497558594,238.33839416503906,0.009253269992768764,201.2013397216797,221.8130645751953,0.00029918388463556767
850,217.26522827148438,192.2567138671875,0.9996263980865479,243.7272186279297,208.32632446289062,0.9995711445808411,211.25570678710938,203.52601623535156,0.9986226558685303,203.8988494873047,197.3757781982422,0.9949864149093628,224.325927734375,213.28965759277344,0.20825731754302979,225.5619659423828,219.08599853515625,0.04805219918489456,259.2431945800781,212.62161254882812,0.9999163150787354,251.91629028320312,237.95835876464844,0.008041159249842167,201.36268615722656,222.4151153564453,0.0003299588861409575
851,218.42111206054688,193.359375,0.9998457431793213,243.5394744873047,208.18948364257812,0.9998704195022583,211.6825408935547,204.15103149414062,0.999733030796051,204.28848266601562,197.8749237060547,0.998112678527832,225.12442016601562,213.21080017089844,0.406421035528183,225.83360290527344,218.89703369140625,0.06062188372015953,259.0284729003906,212.83319091796875,0.9999489784240723,251.83656311035156,238.2790069580078,0.00865673553198576,201.26316833496094,222.11000061035156,0.00041012634756043553
852,214.77093505859375,190.83314514160156,0.9953917264938354,243.83767700195312,208.74127197265625,0.9487456679344177,207.45811462402344,199.03460693359375,0.9560665488243103,205.70492553710938,196.65956115722656,0.9720591306686401,222.842529296875,213.40380859375,0.1239127516746521,225.50001525878906,218.7094268798828,0.046811945736408234,259.1006164550781,212.73165893554688,0.9795605540275574,221.20030212402344,205.7659454345703,0.013402934186160564,201.35946655273438,221.76571655273438,0.0006558428867720068
853,213.54867553710938,190.65994262695312,0.9980650544166565,243.001708984375,208.98374938964844,0.7657037973403931,206.8206329345703,199.1348419189453,0.9615004658699036,205.38800048828125,196.52374267578125,0.9697690606117249,222.41050720214844,213.58358764648438,0.2763308882713318,224.97703552246094,218.39895629882812,0.09383932501077652,259.1964416503906,212.77166748046875,0.734235942363739,221.52243041992188,205.41799926757812,0.009337032213807106,201.07884216308594,222.44277954101562,0.0005588002386502922
854,213.34046936035156,190.45260620117188,0.9983439445495605,242.75247192382812,208.75924682617188,0.927319347858429,206.67825317382812,198.6660614013672,0.9826902151107788,204.96458435058594,195.99288940429688,0.9744176864624023,222.62486267089844,213.1355438232422,0.2018074095249176,225.04544067382812,217.9539031982422,0.06433873623609543,258.4773254394531,211.9654083251953,0.9505483508110046,221.48851013183594,205.6542510986328,0.010871329344809055,201.1443634033203,222.2581024169922,0.0005533901858143508
855,213.06216430664062,190.3305206298828,0.9977892637252808,242.0872039794922,208.8512725830078,0.8432071805000305,206.82472229003906,198.2581787109375,0.9803857803344727,205.17530822753906,195.79014587402344,0.97455894947052,222.35989379882812,213.27880859375,0.11646731942892075,224.6510467529297,218.00827026367188,0.06619704514741898,258.2716369628906,211.5438690185547,0.8868597149848938,221.75271606445312,205.7839813232422,0.019773423671722412,200.6396026611328,222.20338439941406,0.0004971963935531676
856,213.2352294921875,190.0489959716797,0.994271993637085,242.08494567871094,208.618896484375,0.7061501145362854,207.07049560546875,197.55076599121094,0.9715851545333862,205.2607421875,195.2126922607422,0.9632776379585266,221.96563720703125,212.96426391601562,0.048964694142341614,224.79371643066406,218.4412384033203,0.041403789073228836,257.93658447265625,211.0357666015625,0.8246915340423584,221.95632934570312,205.9281463623047,0.05720136687159538,200.61688232421875,221.7808837890625,0.0002856982173398137
857,213.14254760742188,190.01885986328125,0.9939929842948914,242.8063507080078,208.73080444335938,0.7075439095497131,207.240478515625,197.31130981445312,0.9659075736999512,205.38217163085938,194.94825744628906,0.9642477035522461,222.16561889648438,212.8004150390625,0.0356135331094265,225.15390014648438,218.46316528320312,0.02277200110256672,256.13665771484375,212.13836669921875,0.8421099781990051,222.53781127929688,205.63182067871094,0.06510845571756363,200.41494750976562,221.58409118652344,0.00026462459936738014
858,213.83314514160156,190.2700958251953,0.9916478395462036,242.30426025390625,208.33917236328125,0.8046634793281555,207.5956268310547,198.00830078125,0.9547839760780334,205.78562927246094,195.25531005859375,0.9676105976104736,222.09278869628906,213.10272216796875,0.08315771073102951,225.0633544921875,218.5573272705078,0.033719778060913086,257.82830810546875,211.0681915283203,0.888733983039856,222.09205627441406,206.01095581054688,0.042997244745492935,200.6029052734375,221.520751953125,0.0005438712541945279
859,213.5851287841797,190.27320861816406,0.9906112551689148,241.94769287109375,208.54879760742188,0.8592340350151062,211.32586669921875,200.7396697998047,0.9598826169967651,206.04661560058594,195.8404998779297,0.9730808734893799,221.92532348632812,212.94888305664062,0.06271263211965561,224.6123809814453,218.29776000976562,0.038564156740903854,255.41700744628906,212.07078552246094,0.9494765400886536,222.34732055664062,206.28799438476562,0.04105484113097191,200.12026977539062,221.1756591796875,0.0005491208285093307
860,213.15225219726562,189.8412322998047,0.987761378288269,242.372802734375,208.5676727294922,0.8092887997627258,207.4123077392578,197.76071166992188,0.9451773762702942,205.74635314941406,195.34976196289062,0.9605460166931152,221.88307189941406,212.76901245117188,0.027342233806848526,224.93983459472656,218.4569854736328,0.02849099226295948,255.6593780517578,211.90008544921875,0.9541655778884888,222.59852600097656,205.61349487304688,0.0832010954618454,200.12078857421875,220.89601135253906,0.0003572276618797332
861,212.73992919921875,189.7083740234375,0.8783989548683167,242.2095489501953,208.42665100097656,0.24983377754688263,211.35617065429688,200.14540100097656,0.4621327519416809,207.0640106201172,195.91531372070312,0.7161182761192322,220.75563049316406,212.78330993652344,0.007187067996710539,224.58460998535156,218.0929718017578,0.016429303213953972,255.2139129638672,211.4309539794922,0.6886306405067444,223.76397705078125,205.42491149902344,0.09148702025413513,199.51327514648438,220.9844970703125,0.00015315615746658295
862,212.86083984375,189.82870483398438,0.9476205110549927,242.1017303466797,208.04647827148438,0.8170318603515625,211.54505920410156,200.396240234375,0.7508693933486938,206.56076049804688,195.87869262695312,0.7807131409645081,214.8959503173828,208.55902099609375,0.007404457312077284,224.88076782226562,217.8603515625,0.015152735635638237,255.28338623046875,211.47853088378906,0.9910869002342224,223.22491455078125,206.08485412597656,0.061003636568784714,199.80995178222656,220.92813110351562,0.0002453395281918347
863,212.53782653808594,189.62283325195312,0.9485943913459778,241.93505859375,208.16111755371094,0.8492595553398132,210.99485778808594,199.9009552001953,0.7833508849143982,205.97122192382812,195.03414916992188,0.7673035860061646,214.94342041015625,208.04786682128906,0.005270380526781082,224.57571411132812,217.78460693359375,0.01198826264590025,255.1505889892578,211.39871215820312,0.9899277091026306,223.01177978515625,206.00247192382812,0.05140889436006546,199.7313995361328,220.61782836914062,0.00019823900947812945
864,212.23265075683594,190.42506408691406,0.30156368017196655,242.36105346679688,209.59727478027344,0.08913604170084,141.6180419921875,250.35479736328125,0.3663139045238495,136.94236755371094,249.85545349121094,0.09644583612680435,219.90078735351562,211.9757843017578,0.0010856976732611656,222.82081604003906,217.84201049804688,0.0072926972061395645,254.7216339111328,211.84552001953125,0.5133350491523743,223.7884521484375,204.1912078857422,0.06932398676872253,184.58322143554688,231.15003967285156,5.265869913273491e-05
865,211.54518127441406,189.32760620117188,0.44080254435539246,242.51246643066406,209.4196319580078,0.09584684669971466,140.96559143066406,250.28396606445312,0.45431122183799744,206.02549743652344,195.25697326660156,0.1457017958164215,220.12356567382812,212.188232421875,0.000837518775369972,222.41722106933594,218.04420471191406,0.004776990041136742,254.63319396972656,212.0376739501953,0.5986708998680115,224.25303649902344,204.28640747070312,0.04598013684153557,184.24813842773438,230.96669006347656,5.223876723903231e-05
866,211.1523895263672,188.91944885253906,0.5223448276519775,242.18373107910156,208.99057006835938,0.0550127737224102,141.0856170654297,250.3910675048828,0.6083395481109619,205.50457763671875,194.79647827148438,0.1271534413099289,219.9920654296875,212.17259216308594,0.0010571163147687912,222.63917541503906,217.70333862304688,0.004908930975943804,254.3174591064453,211.56666564941406,0.3205963969230652,223.9466094970703,204.17633056640625,0.041941288858652115,184.5816192626953,230.92457580566406,5.210736708249897e-05
867,211.59271240234375,189.13063049316406,0.5631100535392761,242.19610595703125,208.50869750976562,0.11000078916549683,141.0783233642578,250.28091430664062,0.6380724310874939,136.19422912597656,250.33193969726562,0.1088976040482521,219.74057006835938,212.16453552246094,0.0010887208627536893,222.65505981445312,218.0649871826172,0.004251908976584673,254.25181579589844,211.2188262939453,0.5997814536094666,224.47763061523438,204.60525512695312,0.020031901076436043,184.69717407226562,231.04063415527344,5.351239815354347e-05
868,211.2935791015625,188.767333984375,0.6795834898948669,241.98072814941406,208.0395050048828,0.09419900178909302,141.60130310058594,250.30686950683594,0.5574344396591187,136.26451110839844,250.83546447753906,0.17532916367053986,219.8030242919922,212.2333221435547,0.0011312293354421854,222.59815979003906,218.03482055664062,0.004273457918316126,254.3431396484375,210.8186798095703,0.290664404630661,224.0537109375,204.06008911132812,0.014679634012281895,184.7653350830078,230.85302734375,4.8711750423535705e-05
869,211.53038024902344,189.32217407226562,0.6499354839324951,242.0607452392578,208.03173828125,0.21334847807884216,141.97332763671875,250.7456817626953,0.5007292032241821,136.568359375,251.1875762939453,0.15158818662166595,220.1278076171875,212.1532745361328,0.0019279040861874819,223.4600372314453,218.1597442626953,0.006705575156956911,254.71327209472656,211.259033203125,0.6203093528747559,223.79652404785156,204.20309448242188,0.021945545449852943,184.8974609375,230.79690551757812,5.968723780824803e-05
870,211.30857849121094,188.9685821533203,0.8260363936424255,241.6930389404297,207.85983276367188,0.18578362464904785,210.4306182861328,199.10040283203125,0.13686969876289368,205.51101684570312,195.20703125,0.1825777292251587,220.2078857421875,212.3380126953125,0.005094587802886963,223.4730987548828,218.1742706298828,0.010725175961852074,254.273681640625,211.09548950195312,0.32216036319732666,223.77517700195312,204.39512634277344,0.015430208295583725,184.7297821044922,230.6104278564453,6.02419713686686e-05
871,209.5895538330078,185.06353759765625,0.09139993786811829,242.00485229492188,207.09278869628906,0.003579183481633663,143.1385955810547,250.5232696533203,0.325857549905777,138.0643768310547,251.15382385253906,0.27998170256614685,218.4265594482422,211.9324493408203,7.2467140853405e-05,221.04220581054688,217.5753631591797,0.001193713047541678,253.00643920898438,209.7674560546875,0.01406862773001194,225.2048797607422,201.71444702148438,0.006521319039165974,183.96395874023438,230.19198608398438,2.0470777599257417e-05
872,208.8908233642578,184.56283569335938,0.02064620703458786,242.01144409179688,206.86984252929688,0.006724744103848934,142.946533203125,250.77932739257812,0.3500858545303345,138.0189971923828,251.2271270751953,0.26445910334587097,153.63803100585938,264.1153869628906,2.1344036213122308e-05,220.2838592529297,217.32981872558594,0.0002355262404307723,253.0908660888672,209.225830078125,0.1275864541530609,225.24134826660156,202.2518310546875,0.012842396274209023,183.92330932617188,229.76968383789062,1.048883223120356e-05
873,209.38548278808594,184.44969177246094,0.04091404378414154,242.0072784423828,207.04354858398438,0.010580029338598251,143.38125610351562,250.98199462890625,0.5518189072608948,138.3206787109375,251.02821350097656,0.6310775279998779,153.6045379638672,263.958740234375,3.4057735319947824e-05,220.14646911621094,217.3296356201172,0.00015156492008827627,253.12567138671875,209.66932678222656,0.21781042218208313,225.78306579589844,202.20751953125,0.007384260650724173,184.0491180419922,229.9503173828125,1.4139287486614194e-05
874,204.71084594726562,184.9410858154297,0.060324352234601974,241.45785522460938,207.04910278320312,0.0040443055331707,142.96421813964844,250.2452392578125,0.4648551046848297,137.89353942871094,250.39157104492188,0.5298268795013428,153.58790588378906,264.2270202636719,4.039585110149346e-05,220.52000427246094,216.94808959960938,0.00021432747598737478,252.77886962890625,209.21270751953125,0.06488975137472153,225.37985229492188,202.0918731689453,0.009821385145187378,184.17918395996094,230.1493377685547,1.5341433027060702e-05
875,202.52566528320312,184.74192810058594,0.005737330298870802,152.68190002441406,273.5561218261719,0.00014426550478674471,142.5529327392578,249.523681640625,0.22340677678585052,137.93955993652344,250.3064422607422,0.21218305826187134,153.76951599121094,264.4888000488281,2.56835173786385e-05,160.22853088378906,250.49986267089844,0.00012028113997075707,252.7757568359375,209.6706085205078,0.001449031988158822,228.48358154296875,199.9569549560547,0.002386314794421196,183.6036376953125,230.03378295898438,6.8729718805116136e-06
876,202.39511108398438,185.6090087890625,0.0009331665933132172,152.05870056152344,273.8041076660156,0.00016463774954900146,142.3271484375,248.67730712890625,0.13784638047218323,138.2273406982422,249.5828857421875,0.2268964797258377,153.9785614013672,265.40472412109375,4.669990812544711e-05,173.87649536132812,252.8727569580078,0.00016444225911982358,252.1454315185547,210.2514190673828,1.9701521523529664e-05,227.98692321777344,200.1048583984375,0.0002716654271353036,183.66600036621094,229.7115478515625,4.217971309117274e-06
877,202.33419799804688,185.29054260253906,0.0008130957721732557,152.99903869628906,273.2886047363281,0.00017522502457723022,143.76829528808594,246.57557678222656,0.37762802839279175,138.59048461914062,248.76327514648438,0.531293511390686,154.053955078125,264.5402526855469,5.2212519221939147e-05,174.77786254882812,252.0985107421875,0.0002262914931634441,252.03945922851562,210.72958374023438,5.314942973200232e-05,242.2205047607422,216.05859375,0.0003332663618493825,138.58782958984375,200.79153442382812,7.013175036263419e-06
878,145.25611877441406,238.92010498046875,0.0010405252687633038,152.59078979492188,273.777587890625,0.00015885174798313528,143.73512268066406,246.32847595214844,0.18673288822174072,133.0084228515625,249.06752014160156,0.22150388360023499,154.31591796875,264.8227844238281,7.625306898262352e-05,158.92984008789062,265.1085205078125,0.00015680582146160305,1.5636868476867676,252.1774444580078,1.1463092050689738e-05,210.29254150390625,185.707763671875,0.00015795984654687345,138.7264862060547,200.798828125,9.420295100426301e-06
879,144.22677612304688,232.68313598632812,0.015639282763004303,122.58271026611328,259.2567138671875,0.0005551560316234827,139.51187133789062,246.1416778564453,0.5948407053947449,125.81602478027344,249.75709533691406,0.7709947824478149,153.57827758789062,264.4725036621094,0.0001447345275664702,174.04803466796875,250.605712890625,0.0005589911597780883,155.98922729492188,234.52871704101562,1.992322359001264e-05,210.72061157226562,185.20729064941406,0.00011497568630147725,138.95489501953125,201.43881225585938,2.0509138266788796e-05
880,145.56541442871094,232.20263671875,0.016892123967409134,141.0301055908203,253.31930541992188,0.0005724075017496943,140.49591064453125,246.645751953125,0.8314454555511475,133.94894409179688,247.78457641601562,0.8731828331947327,171.20077514648438,267.64239501953125,0.00018224265659227967,172.5823211669922,246.0048370361328,0.0007938925409689546,194.9517364501953,231.34251403808594,2.0312794731580652e-05,229.78700256347656,199.5236358642578,0.00027338729705661535,198.79080200195312,230.39932250976562,1.7955242583411746e-05
881,217.3999786376953,195.0052490234375,0.04345406964421272,244.24246215820312,208.77285766601562,0.012364775873720646,143.11143493652344,248.35340881347656,0.7706539034843445,136.2930145263672,248.62303161621094,0.9162914752960205,170.98043823242188,251.28594970703125,9.775882790563628e-05,173.03836059570312,246.19700622558594,0.0009406485478393734,258.8980712890625,213.74642944335938,0.004323536530137062,241.0616912841797,217.62530517578125,0.003473480697721243,199.28457641601562,229.80528259277344,0.00010955297329928726
882,212.73709106445312,190.5845489501953,0.004503717180341482,244.44053649902344,209.19894409179688,0.0006901986780576408,145.3241729736328,247.6702117919922,0.20001228153705597,140.9796905517578,250.15692138671875,0.4357439875602722,186.74371337890625,269.1864013671875,6.67135973344557e-05,173.18617248535156,245.9472198486328,0.0005233557312749326,259.3800354003906,214.30860900878906,0.0008267643861472607,241.03750610351562,218.40985107421875,0.0009668569546192884,199.32733154296875,230.14309692382812,5.44639078725595e-05
883,212.08168029785156,190.41348266601562,0.006235823035240173,141.9416961669922,253.5958709716797,0.000263838330283761,145.1414031982422,247.43333435058594,0.22670584917068481,136.35874938964844,246.74966430664062,0.40610870718955994,186.61672973632812,269.1016540527344,0.0001272505905944854,173.25648498535156,245.5244903564453,0.0010784592013806105,259.5624694824219,214.06796264648438,0.0002645857457537204,241.97244262695312,218.45542907714844,0.0006073605618439615,198.92430114746094,230.44927978515625,4.3920063035329804e-05
884,211.45553588867188,191.10626220703125,0.000582341686822474,163.2684326171875,260.7096252441406,4.727420673589222e-05,146.64752197265625,247.47412109375,0.03821965306997299,141.680908203125,247.29327392578125,0.11010805517435074,186.84466552734375,269.21044921875,7.573131733806804e-05,172.5122833251953,245.57107543945312,0.0005969193298369646,259.84539794921875,213.71664428710938,4.628871465683915e-05,242.34591674804688,218.3664093017578,0.00024274911265820265,199.05941772460938,230.21006774902344,2.5007382646435872e-05
885,211.98953247070312,190.70179748535156,0.0018860034178942442,163.04624938964844,260.8976135253906,7.988321158336475e-05,147.07225036621094,247.5272216796875,0.0669860988855362,142.92327880859375,249.5525665283203,0.2140301614999771,186.6785125732422,269.2835998535156,9.220968058798462e-05,172.41390991210938,245.6705322265625,0.0009269755682907999,259.6347351074219,213.97850036621094,0.00016692520875949413,242.66094970703125,218.1256561279297,0.00040130980778485537,199.06166076660156,230.09564208984375,2.2821968741482124e-05
886,212.9136505126953,190.49618530273438,0.008537259884178638,140.43775939941406,265.8834533691406,0.0001874391018645838,147.14874267578125,247.61807250976562,0.2844277620315552,142.7779541015625,249.38722229003906,0.5576072931289673,186.7762908935547,269.1692810058594,0.00016605001292191446,172.96578979492188,245.65164184570312,0.001201232080347836,259.61798095703125,214.70947265625,0.00018049120262730867,242.72265625,218.69581604003906,0.00026042095851153135,199.00160217285156,230.107421875,2.5481904231128283e-05
887,215.56454467773438,191.9337615966797,0.003188819158822298,163.34033203125,261.05767822265625,9.887560736387968e-05,147.02450561523438,247.43777465820312,0.12872028350830078,142.66671752929688,249.41937255859375,0.3054877817630768,186.82318115234375,269.26373291015625,9.976949513657019e-05,174.5624542236328,249.8833770751953,0.0007052586879581213,259.7159423828125,214.44529724121094,0.00010392187687102705,242.70773315429688,218.47763061523438,0.0003380598209332675,198.66934204101562,230.2306365966797,2.582183515187353e-05
888,212.80320739746094,190.6231231689453,0.013897908851504326,243.128173828125,209.38624572753906,0.0001961106463568285,157.0456085205078,247.83511352539062,0.1913980394601822,143.4178466796875,249.57858276367188,0.364326536655426,186.9293212890625,269.32574462890625,8.637880819151178e-05,175.39639282226562,249.87306213378906,0.00045791701995767653,259.7174072265625,214.78695678710938,8.136570249916986e-05,242.69639587402344,219.6180877685547,0.0006766516016796231,198.7064971923828,230.717041015625,5.710203913622536e-05
889,212.8844451904297,190.7324676513672,0.017276311293244362,243.21539306640625,209.41647338867188,0.0002454574569128454,156.87603759765625,247.8240203857422,0.1275642216205597,142.908203125,249.66845703125,0.4082946181297302,186.8720245361328,269.266357421875,0.0001165989160654135,173.42904663085938,245.12954711914062,0.0004953015013597906,259.750244140625,214.6638641357422,0.00010218237002845854,242.96641540527344,219.61746215820312,0.00037260359385982156,198.57395935058594,230.74119567871094,4.217552123009227e-05
890,212.53453063964844,190.60403442382812,0.008683046326041222,242.99880981445312,209.2469482421875,8.120470738504082e-05,156.62911987304688,247.619873046875,0.19885721802711487,143.1188507080078,249.79132080078125,0.4216594696044922,186.79568481445312,269.2830505371094,0.00011529331095516682,173.52423095703125,245.14602661132812,0.0005509689217433333,259.8405456542969,214.246826171875,4.244031151756644e-05,243.0863037109375,219.23638916015625,0.00023022887762635946,198.7426300048828,230.68260192871094,3.410427598282695e-05
891,212.93104553222656,190.30560302734375,0.01884622313082218,243.238037109375,209.2307891845703,0.00016574314213357866,156.66770935058594,247.84616088867188,0.18678387999534607,142.99610900878906,250.0188751220703,0.43145641684532166,186.7492218017578,269.3866271972656,0.0001058473062585108,174.79405212402344,249.66006469726562,0.000460173177998513,259.90557861328125,214.18606567382812,0.0001387579395668581,242.99844360351562,219.4707794189453,0.00041986777796410024,198.7528839111328,230.57260131835938,4.927877307636663e-05
892,213.7144012451172,190.27146911621094,0.015062629245221615,243.5052490234375,209.67019653320312,0.0002500122063793242,156.418212890625,247.60475158691406,0.1594516485929489,142.77978515625,250.22142028808594,0.49777984619140625,186.57492065429688,269.5454406738281,0.00010306760668754578,173.0575714111328,245.12271118164062,0.00042169567313976586,260.3172607421875,214.99769592285156,0.00019879569299519062,242.9093475341797,219.87060546875,0.0003651344159152359,198.70152282714844,230.5799560546875,3.607017788453959e-05
893,216.60716247558594,192.13185119628906,0.02115599438548088,242.7103729248047,209.9662322998047,0.0001661872083786875,156.85272216796875,247.91481018066406,0.1202017217874527,142.76480102539062,250.7836456298828,0.27226975560188293,186.56639099121094,269.4244689941406,8.158496348187327e-05,203.00784301757812,202.2939910888672,0.00019574002362787724,260.8102722167969,215.38372802734375,5.1631966925924644e-05,242.86279296875,219.93548583984375,0.0001506034459453076,198.74278259277344,230.46902465820312,4.45649420726113e-05
894,217.66383361816406,192.3059844970703,0.012953092344105244,242.8675994873047,209.92623901367188,0.00020367986871860921,157.25814819335938,247.78196716308594,0.050565220415592194,149.49996948242188,245.07321166992188,0.3353346884250641,186.74063110351562,269.535888671875,0.00012892177619505674,154.78173828125,249.70584106445312,0.00020884706464130431,260.6322937011719,215.3485565185547,0.00014602512237615883,258.7987365722656,236.40597534179688,0.00014413830649573356,199.4657440185547,230.42288208007812,4.087313573108986e-05
895,217.27037048339844,191.51754760742188,0.011832239106297493,243.3883819580078,209.41175842285156,0.00024930000654421747,156.88992309570312,247.22250366210938,0.1533208191394806,148.94497680664062,245.12623596191406,0.4499852955341339,186.81838989257812,269.5649719238281,6.63299360894598e-05,202.34645080566406,202.42713928222656,0.00029034874751232564,260.7123107910156,215.56060791015625,0.00024344745907001197,258.51312255859375,236.15150451660156,0.00019977521151304245,199.40150451660156,230.34217834472656,5.322606739355251e-05
896,217.4820556640625,191.5580596923828,0.011327630840241909,243.5814971923828,209.63648986816406,0.0003329360915813595,157.00662231445312,247.98760986328125,0.06092168390750885,149.6707305908203,243.96966552734375,0.2842535972595215,186.9071807861328,269.6124267578125,5.994734965497628e-05,202.15676879882812,202.48782348632812,0.00024923370801843703,260.88848876953125,215.55282592773438,0.00021857148385606706,242.70433044433594,219.46717834472656,0.00022705028823111206,199.3361053466797,230.26661682128906,5.6100532674463466e-05
897,218.11618041992188,191.7864532470703,0.01303640753030777,243.21572875976562,209.5537109375,0.000529891753103584,156.89755249023438,247.71937561035156,0.06821471452713013,150.03562927246094,243.93687438964844,0.2822583019733429,186.83523559570312,269.5704345703125,8.869357407093048e-05,202.1137237548828,202.63900756835938,0.00021865904272999614,260.8721008300781,215.696044921875,0.00023873214377090335,242.51211547851562,219.29351806640625,0.00017040612874552608,198.92391967773438,230.21047973632812,4.2002367990789935e-05
898,217.91078186035156,191.8172149658203,0.01716623082756996,243.36248779296875,209.628662109375,0.0008241962059400976,156.7473602294922,247.49917602539062,0.08867599070072174,150.03402709960938,244.30604553222656,0.40779703855514526,187.0674285888672,269.5692138671875,6.117996235843748e-05,201.81358337402344,202.9668426513672,0.00021151031251065433,260.4643249511719,218.48126220703125,0.0003856060211546719,242.83973693847656,218.6876678466797,0.00017721325275488198,198.7988739013672,230.05264282226562,5.168453208170831e-05
899,218.13389587402344,192.29498291015625,0.00685899518430233,243.4634246826172,209.71926879882812,0.0004853200225625187,156.87779235839844,247.6823272705078,0.06144709512591362,150.19705200195312,244.5449981689453,0.38085004687309265,186.82363891601562,269.46240234375,7.051549619063735e-05,155.7730255126953,249.7813720703125,0.00014946454029995948,260.5486755371094,218.17330932617188,0.000358836812665686,242.94833374023438,218.90179443359375,0.0002726054226513952,198.86212158203125,230.21380615234375,4.125203486182727e-05
900,217.67245483398438,192.53404235839844,0.001642389572225511,154.7401580810547,267.7289123535156,0.0001636150263948366,156.62278747558594,247.39956665039062,0.23386801779270172,150.21900939941406,244.76670837402344,0.4726453423500061,186.76583862304688,269.5987243652344,0.0001082261951523833,155.9470977783203,250.32113647460938,0.00021643671789206564,180.7344970703125,249.2206268310547,1.981945024454035e-05,224.19491577148438,186.23570251464844,5.203070031711832e-05,198.44918823242188,230.21681213378906,1.4526623090205248e-05
901,217.41908264160156,192.76597595214844,0.0008305965457111597,154.83514404296875,267.8790588378906,0.00035757097066380084,156.4586181640625,247.27169799804688,0.19833630323410034,149.86959838867188,244.74415588378906,0.5857346653938293,186.71844482421875,269.6544189453125,0.0001085354233509861,155.80752563476562,265.26177978515625,0.00024366530124098063,180.84596252441406,249.1866455078125,2.1057790945633315e-05,182.00123596191406,245.920654296875,4.1798182792263106e-05,198.84536743164062,230.29150390625,1.863855322881136e-05
902,217.41224670410156,192.82534790039062,0.00031920327455736697,154.8023681640625,267.7166442871094,0.00026690273080021143,156.84579467773438,247.72727966308594,0.09028109163045883,150.25209045410156,244.90859985351562,0.3543856739997864,186.661865234375,269.518310546875,7.480256317649037e-05,155.68112182617188,250.75332641601562,0.00015125784557312727,180.98146057128906,248.64102172851562,1.767674257280305e-05,181.76571655273438,245.55079650878906,3.437801206018776e-05,198.57748413085938,230.1449432373047,2.4148925149347633e-05
903,158.63290405273438,231.80801391601562,0.0002635441778693348,154.5790557861328,267.9090270996094,0.0003173196455463767,156.9727020263672,247.58851623535156,0.05369194597005844,150.1333770751953,244.69549560546875,0.3402683436870575,186.72100830078125,269.59857177734375,0.00010047141404356807,155.64715576171875,265.1100769042969,0.0002256346051581204,181.04847717285156,249.06068420410156,1.8052853192784823e-05,224.9644775390625,185.95819091796875,3.0626048101112247e-05,198.5716094970703,230.31793212890625,1.8549304513726383e-05
904,159.1107940673828,231.97958374023438,0.00022304644517134875,154.6597900390625,268.095703125,0.00026034846086986363,157.5277099609375,247.38511657714844,0.05936299264431,150.7781982421875,244.7649383544922,0.35866573452949524,186.64389038085938,269.4947509765625,0.00011681214527925476,173.53367614746094,249.96240234375,0.0002053357457043603,180.81089782714844,249.2099609375,1.8397638996248133e-05,224.86935424804688,185.5980987548828,2.780868817353621e-05,198.77352905273438,230.51727294921875,2.3565671654068865e-05
905,158.78060913085938,231.99595642089844,0.00042771134758368134,154.91468811035156,268.18280029296875,0.0003189602284692228,157.28201293945312,247.58180236816406,0.1595131903886795,150.15220642089844,244.6396942138672,0.35848554968833923,186.64962768554688,269.5904541015625,0.0001494733733125031,155.38812255859375,251.0752410888672,0.0004260149144101888,180.64955139160156,249.4341583251953,2.4208875402109697e-05,225.07215881347656,186.1627655029297,5.11389080202207e-05,198.52099609375,230.54953002929688,3.403400114621036e-05
906,158.57623291015625,232.39862060546875,0.0007502456428483129,155.46630859375,254.58273315429688,0.00022138662461657077,157.70079040527344,247.86773681640625,0.12796393036842346,150.322265625,249.06283569335938,0.37087756395339966,186.8666229248047,269.4788513183594,0.00012228880950715393,154.94229125976562,251.02804565429688,0.0006321435212157667,180.79226684570312,249.01303100585938,2.5555982574587688e-05,224.2493896484375,186.22775268554688,8.140513091348112e-05,198.76803588867188,230.24586486816406,3.1760755518916994e-05
907,158.1778106689453,232.56497192382812,0.0009542874176986516,162.7752685546875,261.270751953125,0.0001853031135397032,157.26806640625,247.33462524414062,0.15553119778633118,149.3639678955078,244.89149475097656,0.512332022190094,186.8365020751953,269.4201354980469,0.00013324900646694005,154.94093322753906,250.82908630371094,0.0007766973576508462,180.5357208251953,248.86849975585938,2.5520082999719307e-05,224.52760314941406,185.72547912597656,6.95697235642001e-05,198.79588317871094,230.45175170898438,2.854838930943515e-05
908,224.64036560058594,194.77073669433594,0.34592950344085693,242.68264770507812,209.68714904785156,0.0005565162282437086,156.3223114013672,247.22059631347656,0.1204015463590622,148.50900268554688,244.06292724609375,0.4175666868686676,161.9465789794922,252.07754516601562,0.0001070697617251426,221.30657958984375,204.55093383789062,0.0007465986418537796,259.3808288574219,228.75079345703125,2.7644908186630346e-05,213.51358032226562,190.52780151367188,9.595599112799391e-05,198.59059143066406,229.6801300048828,0.00011255325807724148
909,229.17776489257812,198.29966735839844,0.9797948002815247,234.25155639648438,217.1305389404297,0.015170835889875889,222.18136596679688,203.83433532714844,0.14727957546710968,143.73703002929688,246.4764404296875,0.8620030879974365,161.5431365966797,251.60675048828125,0.0002681863261386752,154.252197265625,251.3874053955078,0.002541335765272379,242.01109313964844,257.0233459472656,0.00014020150410942733,224.6639862060547,206.3386688232422,0.0001551024179207161,198.7594451904297,223.98394775390625,0.0003127401287201792
910,158.4422149658203,231.68186950683594,0.007529506925493479,154.20703125,267.34857177734375,0.0005434859776869416,155.04421997070312,242.54339599609375,0.021907148882746696,144.50433349609375,246.06216430664062,0.5107777714729309,170.8864288330078,251.9451446533203,0.0001324984332313761,154.19129943847656,250.8629608154297,0.00222498900257051,242.28688049316406,258.14593505859375,6.531928374897689e-05,166.34231567382812,241.0364532470703,3.639753776951693e-05,214.09268188476562,233.2052459716797,6.774550274712965e-05
911,243.04554748535156,209.76171875,0.06738827377557755,246.77264404296875,223.49681091308594,0.0008274772553704679,159.8339080810547,248.3489990234375,0.009043141268193722,144.0092315673828,246.59678649902344,0.2465112954378128,170.87164306640625,251.7657012939453,0.00020770894479937851,154.98963928222656,250.6831512451172,0.0007971085142344236,259.23583984375,267.0800476074219,7.714860839769244e-05,179.44837951660156,238.50320434570312,3.29919857904315e-05,212.92868041992188,233.1890869140625,7.83836076152511e-05
912,245.3853302001953,210.6678924560547,0.8046399354934692,248.9857177734375,224.85272216796875,0.010364527814090252,237.36842346191406,215.47764587402344,0.09942810982465744,237.1454315185547,213.71568298339844,0.06295907497406006,170.9257049560547,251.86021423339844,0.00021687093249056488,154.64671325683594,251.26023864746094,0.0003951764665544033,259.8367919921875,266.672119140625,0.00022441978217102587,180.01856994628906,245.13253784179688,3.5219756682636216e-05,214.02243041992188,232.7076416015625,0.0003961797629017383
913,247.01806640625,213.64845275878906,0.4347064197063446,257.323974609375,232.5837860107422,0.0028931633569300175,237.5104522705078,214.38116455078125,0.11656612157821655,237.22213745117188,212.9845428466797,0.069508858025074,171.01913452148438,251.8921661376953,0.00011345584061928093,154.97909545898438,265.7320861816406,0.0002208052173955366,267.0489196777344,268.5753479003906,0.00044909684220328927,239.54827880859375,204.20437622070312,2.849464181053918e-05,213.96302795410156,232.5478515625,0.00012007966870442033
914,246.0430145263672,210.13613891601562,0.9930099248886108,250.5744171142578,230.7270965576172,0.16840963065624237,235.7509002685547,214.6769561767578,0.9601852893829346,234.71707153320312,212.36175537109375,0.7456804513931274,239.17515563964844,217.92779541015625,8.3883736806456e-05,247.17884826660156,228.6696319580078,0.0011551561765372753,267.0341491699219,268.3755187988281,0.0015344388084486127,254.9532928466797,206.46885681152344,4.491103027248755e-05,214.52577209472656,232.77354431152344,0.0003184579545632005
915,246.40457153320312,210.68832397460938,0.9834876656532288,250.39598083496094,231.11073303222656,0.0817456766963005,236.04983520507812,215.23324584960938,0.8871101140975952,235.30271911621094,213.01417541503906,0.6030681729316711,238.9579315185547,218.29296875,0.00018936878768727183,247.36920166015625,229.35630798339844,0.001346804783679545,267.36407470703125,268.7464904785156,0.0012790431501343846,255.0093994140625,206.1312255859375,4.580503809847869e-05,214.28489685058594,233.82928466796875,0.0004170767788309604
916,246.96389770507812,211.3104248046875,0.9912317395210266,252.15870666503906,231.54452514648438,0.14542965590953827,236.51890563964844,216.10902404785156,0.8333539962768555,235.6000213623047,214.0789794921875,0.5505133271217346,170.91445922851562,251.01971435546875,0.00016115854668896645,238.9366455078125,219.10105895996094,0.000415260175941512,267.1441650390625,268.8835754394531,0.0019249850884079933,254.8251495361328,205.89981079101562,5.754191442974843e-05,215.0476531982422,232.56480407714844,0.0004668903420679271
917,249.53125,214.60818481445312,0.9922911524772644,256.9853515625,236.45042419433594,0.1853707879781723,237.7649383544922,217.2611541748047,0.41834038496017456,237.23721313476562,214.68701171875,0.764980673789978,187.18338012695312,252.59017944335938,0.00022750643256586045,155.1707305908203,248.61630249023438,0.001368763973005116,266.67681884765625,269.2147216796875,0.0024488670751452446,223.3807830810547,254.64784240722656,0.00011547044414328411,151.90745544433594,268.0555725097656,0.0018482422456145287
918,251.2062225341797,217.92935180664062,0.0327332504093647,248.66879272460938,252.34083557128906,0.007801784202456474,168.203857421875,242.63038635253906,0.0014772569993510842,151.2339324951172,242.11648559570312,0.04471517726778984,187.1350860595703,252.31703186035156,0.0004601766704581678,154.85174560546875,264.37371826171875,0.0011289083631709218,242.91104125976562,259.3599853515625,0.0004993120091967285,130.15040588378906,272.07196044921875,0.00031576756737194955,152.42813110351562,267.67156982421875,0.0030170755926519632
919,252.00430297851562,219.44287109375,0.018595824018120766,244.59642028808594,251.76266479492188,0.10386050492525101,251.25686645507812,229.02487182617188,0.009263928979635239,151.04745483398438,241.4055938720703,0.19962869584560394,244.35055541992188,228.91477966308594,0.002003556350246072,251.45333862304688,232.44248962402344,0.08937142044305801,243.2589874267578,259.2378234863281,0.0028841374441981316,130.2236328125,271.7723083496094,0.00044228381011635065,146.1820068359375,266.6253967285156,0.0062467185780406
920,252.4166259765625,218.8418426513672,0.008457322604954243,248.82594299316406,252.056884765625,0.0053644743748009205,170.00657653808594,236.00108337402344,0.005864109843969345,151.9977264404297,241.58387756347656,0.0864628255367279,186.17868041992188,251.818359375,0.0005634789704345167,188.6064453125,244.91444396972656,0.001661214279010892,139.3486785888672,267.81097412109375,0.0002680828038137406,130.84576416015625,272.0304870605469,0.000575972895603627,146.17860412597656,267.0713195800781,0.004135204944759607
921,253.0448760986328,218.88218688964844,0.002642800100147724,249.40447998046875,252.4312744140625,0.004470855928957462,170.78610229492188,236.34896850585938,0.005303619895130396,152.47592163085938,242.22052001953125,0.03875701129436493,185.95455932617188,251.8157501220703,0.0009278754587285221,187.9627227783203,250.1388397216797,0.0014719042228534818,139.48570251464844,268.49725341796875,0.0005001883255317807,130.8909454345703,272.0559387207031,0.0009069475345313549,152.01998901367188,269.5483703613281,0.005186975933611393
922,171.98391723632812,227.54385375976562,0.0012748889857903123,154.05648803710938,267.2618713378906,0.00510079599916935,170.46583557128906,235.53944396972656,0.015876131132245064,157.91268920898438,243.6881561279297,0.020563526079058647,186.37290954589844,251.7092742919922,0.0007545239641331136,190.28050231933594,245.24147033691406,0.001722096698358655,152.3722686767578,280.23309326171875,0.0002985664177685976,130.97946166992188,271.13226318359375,0.0003710918826982379,152.60028076171875,269.5561218261719,0.00559429544955492
923,172.96466064453125,229.26036071777344,0.005472545977681875,153.10906982421875,265.520751953125,0.012553256936371326,169.75413513183594,236.07833862304688,0.11551996320486069,159.2044219970703,240.74777221679688,0.0602102167904377,186.7808380126953,251.6060791015625,0.0008763030637055635,189.2718505859375,250.30841064453125,0.0027995051350444555,140.77598571777344,269.9169006347656,0.004220226313918829,130.65354919433594,270.63763427734375,0.0016255875816568732,154.4035186767578,271.06072998046875,0.016721520572900772
924,172.36862182617188,229.343505859375,0.0027889765333384275,155.27760314941406,265.7221374511719,0.005450034514069557,169.91246032714844,235.69497680664062,0.06824107468128204,163.22396850585938,241.16294860839844,0.03121083974838257,181.27272033691406,241.0589599609375,0.0005687612574547529,190.2344207763672,245.07911682128906,0.00230028317309916,141.74758911132812,268.4496765136719,0.001030920073390007,132.20213317871094,266.9210510253906,0.0005915070651099086,153.82980346679688,269.58197021484375,0.011416611261665821
925,172.6398162841797,229.7401885986328,0.002914801938459277,155.59132385253906,266.04010009765625,0.0053331912495195866,169.90658569335938,236.1409149169922,0.050832659006118774,158.6718292236328,244.11431884765625,0.04080710560083389,181.3061981201172,241.08204650878906,0.0005982230650261045,190.10263061523438,245.13311767578125,0.0025857570581138134,141.25840759277344,268.0255432128906,0.000313670578179881,131.95355224609375,270.89080810546875,0.0001825421495595947,154.05213928222656,268.8363037109375,0.004015251994132996
926,172.5148468017578,229.63873291015625,0.003182588145136833,155.1956787109375,266.04949951171875,0.00710649136453867,169.62857055664062,236.20921325683594,0.03852882236242294,158.27867126464844,243.95458984375,0.03492448478937149,181.09947204589844,240.958984375,0.0007149642333388329,189.969970703125,244.97438049316406,0.003448805306106806,141.7451171875,268.40557861328125,0.0005191831151023507,131.98849487304688,270.89459228515625,0.0002869112358894199,154.428955078125,269.1168212890625,0.0033387169241905212
927,172.82945251464844,227.43478393554688,0.004904748871922493,154.96214294433594,266.4634094238281,0.005158999003469944,169.69384765625,236.4109344482422,0.04891951382160187,158.6249542236328,244.40103149414062,0.025927431881427765,181.62440490722656,240.78057861328125,0.0007019308395683765,190.43658447265625,244.52882385253906,0.0031196079216897488,153.7476348876953,280.39227294921875,0.0002467987942509353,132.32542419433594,271.0882263183594,0.00011866151908179745,154.2898712158203,268.79705810546875,0.0015650623245164752
928,172.69419860839844,227.8248748779297,0.0005331686115823686,154.53262329101562,266.22174072265625,0.003611041232943535,170.82241821289062,236.23129272460938,0.005744709633290768,158.7086944580078,244.89007568359375,0.007413842249661684,180.88563537597656,241.01016235351562,0.0003682622918859124,190.10772705078125,237.6399383544922,0.0012500957818701863,140.67245483398438,268.40234375,0.0005666137440130115,132.18313598632812,271.1828308105469,0.00019554601749405265,154.08966064453125,269.51544189453125,0.0052988119423389435
929,172.88638305664062,227.70327758789062,0.0002702007768675685,154.10728454589844,267.117919921875,0.002975595649331808,171.26910400390625,236.70274353027344,0.0029198103584349155,159.26541137695312,245.61245727539062,0.004401103127747774,186.34649658203125,251.82057189941406,0.00025407184148207307,189.19139099121094,244.65663146972656,0.00112623639870435,140.44744873046875,269.6539306640625,0.000842506589833647,132.03363037109375,271.689697265625,0.0003311191685497761,154.25225830078125,269.9472961425781,0.005197884980589151
930,253.88592529296875,225.95010375976562,0.0012870768550783396,250.25083923339844,257.6670227050781,0.002729985164478421,172.1656036376953,236.9238739013672,0.001781977480277419,158.89337158203125,244.50308227539062,0.004701394587755203,186.54190063476562,251.5680389404297,0.00025181047385558486,189.00570678710938,244.5809783935547,0.0012140290345996618,139.5547637939453,269.3625793457031,0.0018579182215034962,131.76101684570312,271.3399658203125,0.0006780579569749534,154.15518188476562,270.7182312011719,0.01958496682345867
931,172.22409057617188,227.6607666015625,0.0009148803655989468,153.13339233398438,266.6026611328125,0.0024421734269708395,171.8629150390625,236.65267944335938,0.0027487785555422306,158.41233825683594,244.08509826660156,0.008966680616140366,185.8871307373047,251.77684020996094,0.0003695191699080169,171.3502197265625,250.00462341308594,0.002105593914166093,139.84823608398438,269.2397766113281,0.010652299970388412,132.13954162597656,267.3739929199219,0.002631651470437646,154.05795288085938,271.8487548828125,0.06726739555597305
932,166.72137451171875,228.0929718017578,0.0014190057991072536,149.6207275390625,260.4162902832031,0.002157676499336958,171.20924377441406,236.71954345703125,0.0046716369688510895,152.86839294433594,242.5317840576172,0.01887366734445095,185.9761199951172,251.62197875976562,0.00041943375254049897,171.2742156982422,250.0019073486328,0.002798693021759391,140.25657653808594,268.8077087402344,0.02732856571674347,132.1478271484375,267.7052001953125,0.005774499848484993,153.92657470703125,271.6031494140625,0.11015290021896362
933,172.43125915527344,227.78173828125,0.0017526651499792933,250.55311584472656,257.6026611328125,0.002782853553071618,171.81289672851562,236.72317504882812,0.007579260505735874,158.86776733398438,244.25146484375,0.019091777503490448,203.38143920898438,267.633544921875,0.00039441449916921556,170.8012237548828,249.58416748046875,0.0026783591601997614,140.4630889892578,268.8397216796875,0.02811611443758011,132.34918212890625,267.9390869140625,0.003919569775462151,153.91737365722656,272.1468811035156,0.16072267293930054
934,172.52761840820312,227.8651123046875,0.003396862419322133,152.8235626220703,266.2193298339844,0.0018796641379594803,172.2906494140625,236.7415008544922,0.01183218415826559,159.24606323242188,244.20053100585938,0.02065626159310341,203.2918701171875,267.3135681152344,0.0004614003992173821,170.78269958496094,249.02513122558594,0.004102085251361132,140.21017456054688,268.5295104980469,0.03194878250360489,132.16387939453125,267.6514892578125,0.0029707953799515963,154.0259246826172,272.06439208984375,0.22858136892318726
935,173.25265502929688,228.43392944335938,0.002199161797761917,250.37464904785156,257.60260009765625,0.002469480037689209,172.51422119140625,237.36192321777344,0.01086143683642149,159.01104736328125,244.4171905517578,0.03022969886660576,203.36038208007812,267.1922302246094,0.00040488256490789354,170.82302856445312,249.18544006347656,0.00473382044583559,140.32501220703125,269.1783447265625,0.02571701444685459,132.50360107421875,268.8266906738281,0.0014495543437078595,154.11448669433594,271.9649353027344,0.1638645976781845
936,173.71640014648438,227.8412322998047,0.00027600416797213256,154.0908660888672,282.62689208984375,0.0014688363298773766,174.83248901367188,237.26165771484375,0.0025830629747360945,161.28073120117188,245.2423095703125,0.009224340319633484,203.40740966796875,267.4128112792969,0.00025738211115822196,169.91001892089844,249.62789916992188,0.0008484946447424591,153.71707153320312,281.5870361328125,0.00036383714177645743,132.7133331298828,271.6708679199219,8.420463564107195e-05,154.43792724609375,270.2400817871094,0.0161727461963892
937,173.45465087890625,227.8193359375,0.0004418733296915889,153.92579650878906,282.61669921875,0.0012123320484533906,174.18313598632812,237.3341827392578,0.0022118494380265474,160.7100830078125,244.98854064941406,0.007725402247160673,203.3524627685547,267.2925109863281,0.000277651910437271,169.89825439453125,249.5106201171875,0.00166625389829278,139.582275390625,269.04522705078125,0.0013908625114709139,133.2190704345703,267.2210998535156,0.0002341909712413326,154.6975860595703,270.7236022949219,0.04596882313489914
938,173.52664184570312,228.27072143554688,0.0007697523687966168,152.84564208984375,267.457763671875,0.0010639263782650232,173.15855407714844,237.54013061523438,0.0036069380585104227,160.03384399414062,244.6143035888672,0.015169717371463776,186.22193908691406,251.1429901123047,0.0002503454452380538,170.43702697753906,249.4346923828125,0.0025776533875614405,139.88455200195312,269.0865783691406,0.0017906901193782687,133.43679809570312,268.46063232421875,0.00025785493198782206,154.45123291015625,270.7456970214844,0.06557127088308334
939,173.45887756347656,228.0300750732422,0.0010418915189802647,152.8728485107422,267.4793395996094,0.0013058673357591033,173.0826873779297,237.4394073486328,0.004507804289460182,159.79676818847656,244.7032928466797,0.013601834885776043,186.29859924316406,251.21932983398438,0.0003032250970136374,170.29676818847656,249.55943298339844,0.0025906478986144066,140.09300231933594,268.5822448730469,0.004116775467991829,132.9723358154297,268.70025634765625,0.0006027311319485307,154.70175170898438,270.94171142578125,0.09255611151456833
940,173.64895629882812,227.9844207763672,0.002554552396759391,153.0329132080078,267.2795104980469,0.0016026970697566867,172.44631958007812,237.5834197998047,0.014200220815837383,159.46566772460938,244.7675323486328,0.028568841516971588,186.54611206054688,251.0308837890625,0.0004412255948409438,170.77796936035156,249.2372589111328,0.0032592816278338432,140.22056579589844,268.9755554199219,0.001790146459825337,133.45367431640625,268.59613037109375,0.00039343995740637183,154.1051483154297,270.63177490234375,0.04221601411700249
941,173.89791870117188,228.18572998046875,0.0010275035165250301,154.20565795898438,282.5888671875,0.0013543963432312012,172.988525390625,237.60743713378906,0.0065718749538064,159.79371643066406,245.13088989257812,0.022913293913006783,186.72105407714844,251.19400024414062,0.00042390634189359844,170.50820922851562,249.441650390625,0.0024961994495242834,139.98098754882812,269.01947021484375,0.001279763993807137,133.53810119628906,268.2864990234375,0.00023839484492782503,154.1286163330078,270.2808532714844,0.02331569977104664
942,173.59658813476562,228.11073303222656,0.00022113155864644796,154.58351135253906,282.2669372558594,0.00107290456071496,174.24119567871094,237.99301147460938,0.0017751372652128339,160.18035888671875,244.88858032226562,0.028638942167162895,186.86282348632812,251.9748992919922,0.0003526972432155162,169.3079376220703,249.794677734375,0.0007372813415713608,138.8760528564453,268.9245300292969,0.00014312934945337474,162.8946533203125,260.39990234375,6.50471483822912e-05,152.92967224121094,269.1355895996094,0.006952066905796528
943,156.19163513183594,229.5869598388672,0.03807860240340233,139.7950897216797,253.4076690673828,0.0022604246623814106,153.57997131347656,242.8264617919922,0.10446266829967499,148.2405548095703,241.99749755859375,0.09393265843391418,163.21453857421875,253.1083526611328,0.0005627965438179672,154.4044647216797,263.3214111328125,0.004927368834614754,130.8388671875,269.239990234375,0.0027060590218752623,164.99769592285156,258.3263244628906,0.00010113351163454354,144.08241271972656,273.67572021484375,0.008423314429819584
944,144.01644897460938,242.2329559326172,0.0013797718565911055,117.89083862304688,270.0546875,0.07371881604194641,141.3050079345703,249.47158813476562,0.21337579190731049,138.0436248779297,249.38943481445312,0.16000330448150635,153.11395263671875,266.37115478515625,0.00011205273767700419,142.06687927246094,263.71063232421875,0.00042290418059565127,114.6929702758789,285.8676452636719,0.008445598185062408,179.09959411621094,253.98497009277344,0.000249870412517339,129.230712890625,286.062744140625,5.076303568785079e-05
945,240.62445068359375,208.6765899658203,0.9166399240493774,264.86920166015625,230.0441131591797,0.841083288192749,230.61776733398438,214.38375854492188,0.06912102550268173,226.17344665527344,205.84039306640625,0.1637546867132187,238.50743103027344,231.4716033935547,0.004278444219380617,240.216796875,234.82720947265625,0.0018756319768726826,277.42138671875,239.60818481445312,0.026306018233299255,229.42770385742188,209.3861846923828,0.0005345112294889987,233.56201171875,237.73556518554688,0.0010094450553879142
946,238.13694763183594,206.29483032226562,0.9983952641487122,264.4223937988281,230.63246154785156,0.8352839350700378,228.41917419433594,214.8315887451172,0.740290641784668,224.0585479736328,207.450927734375,0.8637440800666809,240.47511291503906,232.05419921875,0.1618083268404007,241.864990234375,235.60580444335938,0.07493440061807632,276.3661804199219,240.5134735107422,0.10042431205511093,228.58059692382812,210.07000732421875,0.00029476790223270655,217.17343139648438,238.32322692871094,0.0033980149310082197
947,237.9488067626953,205.23928833007812,0.9967293739318848,264.4842834472656,230.0942840576172,0.9380253553390503,229.22708129882812,214.11227416992188,0.5268924236297607,224.95790100097656,206.62298583984375,0.708102822303772,239.04489135742188,231.60302734375,0.08086671680212021,240.48895263671875,235.46923828125,0.04874850809574127,275.6549072265625,240.2847442626953,0.09189256280660629,228.91384887695312,210.21145629882812,0.0004217057430651039,215.76126098632812,237.81968688964844,0.0012832864886149764
948,237.8717041015625,205.3597412109375,0.9987937211990356,264.407958984375,230.48727416992188,0.9844251871109009,228.68910217285156,214.40174865722656,0.8777328729629517,224.1622772216797,206.9041290283203,0.9289486408233643,239.4618377685547,231.1492919921875,0.030592527240514755,240.384521484375,235.356689453125,0.016315920278429985,275.139892578125,244.24876403808594,0.36783474683761597,231.58319091796875,215.9885711669922,0.0007016188465058804,215.59725952148438,237.0997772216797,0.001652120379731059
949,237.01597595214844,205.4091796875,0.9985369443893433,264.7844543457031,230.3106689453125,0.9572032690048218,228.4006805419922,214.37875366210938,0.7810046076774597,223.9894561767578,207.16383361816406,0.8436562418937683,240.49876403808594,229.67161560058594,0.06804055720567703,240.41517639160156,235.49810791015625,0.04350029304623604,275.682861328125,240.46868896484375,0.21114800870418549,229.11880493164062,209.84764099121094,0.0007815433782525361,216.1638946533203,237.3182373046875,0.002732094144448638
950,237.09657287597656,205.72488403320312,0.9968275427818298,264.1877746582031,230.56805419921875,0.8610707521438599,228.47943115234375,214.26174926757812,0.4850904047489166,224.29949951171875,206.82797241210938,0.6516991853713989,238.9502716064453,231.76966857910156,0.04430987685918808,240.3970947265625,235.5596466064453,0.030682919546961784,275.3333740234375,240.2604522705078,0.11987300217151642,229.3358612060547,209.64915466308594,0.0008508680039085448,215.8177490234375,237.5738067626953,0.0015133683336898685
951,236.8473358154297,204.86007690429688,0.9994648098945618,263.7297668457031,230.6438751220703,0.9491568207740784,227.8317413330078,214.0548095703125,0.8582635521888733,223.35122680664062,207.33287048339844,0.9428385496139526,240.57012939453125,228.98788452148438,0.09353796392679214,239.9846954345703,234.78903198242188,0.03470652177929878,274.76043701171875,240.80209350585938,0.12032236903905869,231.16079711914062,216.24896240234375,0.0005413326434791088,216.030029296875,237.35992431640625,0.0019749675411731005
952,237.0621795654297,205.07571411132812,0.9992572665214539,263.2339172363281,231.0051727294922,0.8078112602233887,227.95184326171875,214.02719116210938,0.8539659380912781,223.40371704101562,207.28028869628906,0.9379305839538574,240.35983276367188,229.37033081054688,0.13225634396076202,240.064208984375,234.85519409179688,0.04983656480908394,274.6591796875,240.13848876953125,0.024052180349826813,231.307373046875,216.14317321777344,0.0005008301814086735,215.6409912109375,237.01426696777344,0.002431450644508004
953,236.89889526367188,204.73460388183594,0.9995874762535095,263.0111389160156,230.98818969726562,0.7116479277610779,228.02565002441406,213.5598602294922,0.9352020621299744,223.322021484375,206.9923095703125,0.9823087453842163,240.26321411132812,229.25753784179688,0.1733074188232422,239.8160858154297,234.66366577148438,0.07497584819793701,274.3173522949219,240.53872680664062,0.009045868180692196,231.27664184570312,216.1280059814453,0.0005079647526144981,215.84190368652344,236.99754333496094,0.0017979873809963465
954,236.7996368408203,204.69227600097656,0.9997207522392273,262.6391906738281,230.62290954589844,0.6861371994018555,227.71864318847656,213.52040100097656,0.9584676027297974,223.3411865234375,206.74444580078125,0.989673376083374,240.03663635253906,228.9503936767578,0.19538013637065887,239.85073852539062,234.0004425048828,0.058659013360738754,274.4776916503906,239.81275939941406,0.014118457213044167,231.43194580078125,216.79483032226562,0.0004619177198037505,215.69046020507812,237.29299926757812,0.0017722449265420437
955,237.32154846191406,204.53622436523438,0.999738872051239,262.6466064453125,230.51748657226562,0.8359048962593079,228.35687255859375,213.755615234375,0.9743384718894958,223.53543090820312,207.15440368652344,0.9924781322479248,240.55181884765625,228.96873474121094,0.23678763210773468,240.1083984375,234.29254150390625,0.05682169646024704,274.50726318359375,240.4420166015625,0.01805529184639454,231.16673278808594,216.7906494140625,0.0004904678207822144,215.83306884765625,237.2855987548828,0.0010526522528380156
956,236.58010864257812,204.47113037109375,0.9996724128723145,262.64056396484375,230.4010009765625,0.606878936290741,227.80177307128906,213.3931884765625,0.973663866519928,223.39830017089844,206.64193725585938,0.9925881028175354,239.7718505859375,229.1530303955078,0.3817787766456604,240.02200317382812,234.01718139648438,0.08370082825422287,274.5289611816406,239.52755737304688,0.014328225515782833,231.33209228515625,216.4844207763672,0.0004889600095339119,216.0157928466797,237.60020446777344,0.0010913433507084846
957,236.93992614746094,204.31265258789062,0.9993029832839966,261.6960754394531,227.14089965820312,0.3193352222442627,228.40992736816406,213.3302764892578,0.9220145344734192,223.71429443359375,206.49041748046875,0.9704909324645996,239.51846313476562,229.2869873046875,0.23746508359909058,240.08424377441406,233.7570037841797,0.06521423161029816,274.5294494628906,239.79368591308594,0.003034245688468218,231.49737548828125,216.16580200195312,0.0006130996043793857,215.73760986328125,237.57711791992188,0.0010742474114522338
958,236.15078735351562,204.13607788085938,0.999535083770752,262.3535461425781,230.54226684570312,0.48169729113578796,227.85433959960938,212.91563415527344,0.953551173210144,223.4251708984375,206.38343811035156,0.9868705868721008,239.3717041015625,229.21307373046875,0.2555725872516632,239.94973754882812,233.86532592773438,0.0694291964173317,274.30438232421875,239.5826873779297,0.006119897589087486,231.49623107910156,215.9829559326172,0.0005949218175373971,215.6401824951172,237.18304443359375,0.0010238629765808582
959,234.9625244140625,203.60989379882812,0.9992080330848694,261.34954833984375,226.1187744140625,0.11980576813220978,226.74647521972656,211.74484252929688,0.8657452464103699,222.90428161621094,205.38954162597656,0.9697788953781128,238.94232177734375,229.0372772216797,0.08903142064809799,239.79367065429688,233.51402282714844,0.03572477772831917,274.3387451171875,238.29873657226562,0.0014720080653205514,231.98133850097656,214.6204376220703,0.0008814565953798592,215.76622009277344,236.7660369873047,0.0007094543543644249
960,234.13320922851562,203.46786499023438,0.999810516834259,236.13621520996094,216.8746337890625,0.2841774523258209,224.26881408691406,208.448486328125,0.982982873916626,220.0292510986328,204.4665985107422,0.9941567182540894,238.49957275390625,228.31578063964844,0.41619107127189636,240.432861328125,229.3043212890625,0.18910899758338928,232.13026428222656,216.15792846679688,0.0013678505783900619,231.3351593017578,216.86341857910156,0.0004685718740802258,216.8795623779297,238.34368896484375,0.0018407502211630344
961,234.1771697998047,203.25247192382812,0.9994471669197083,236.28538513183594,216.91757202148438,0.15106923878192902,224.79795837402344,207.3986053466797,0.9415590167045593,220.91615295410156,203.76925659179688,0.9892231225967407,237.91786193847656,228.1889190673828,0.1594841629266739,240.09164428710938,229.2887725830078,0.07859773188829422,231.9898223876953,215.5994415283203,0.0005752728320658207,232.02767944335938,215.46815490722656,0.0005293654394336045,216.3851318359375,237.62635803222656,0.0011954534566029906
962,232.71273803710938,201.5144805908203,0.999478280544281,237.42153930664062,216.52243041992188,0.11771734803915024,224.4874725341797,206.55859375,0.8629949688911438,221.12844848632812,203.16085815429688,0.9642552733421326,238.48951721191406,225.71881103515625,0.04387333244085312,240.66839599609375,226.18353271484375,0.04630856588482857,268.9029541015625,239.6404571533203,0.0011725941440090537,230.78451538085938,210.89199829101562,0.0004235618398524821,216.07150268554688,236.14002990722656,0.0010663204593583941
963,228.82846069335938,198.48854064941406,0.9927011728286743,235.43980407714844,210.40635681152344,0.04188407212495804,222.1267547607422,205.32269287109375,0.2548139691352844,214.7694854736328,200.5321502685547,0.844782292842865,236.47215270996094,226.39703369140625,0.007533716037869453,240.20753479003906,225.77662658691406,0.0056302170269191265,240.1244659423828,208.6538543701172,0.0001336642453679815,224.61892700195312,207.7075958251953,0.00024008094624150544,216.38034057617188,235.6644744873047,0.00043671930325217545
964,229.94825744628906,199.3946533203125,0.9989448189735413,235.28280639648438,212.001953125,0.18008100986480713,221.62014770507812,206.43524169921875,0.5931315422058105,214.4723663330078,201.42616271972656,0.9761888980865479,237.1190185546875,225.9066619873047,0.04418729990720749,240.34552001953125,225.86146545410156,0.07645569741725922,239.465576171875,209.90435791015625,0.00041264170431531966,223.18179321289062,208.9973602294922,0.00019990192959085107,217.20701599121094,236.78005981445312,0.0006896579288877547
965,229.4481658935547,199.62245178222656,0.9844895601272583,235.3350372314453,211.86135864257812,0.028990300372242928,222.21832275390625,205.52423095703125,0.2512396574020386,214.80853271484375,201.2071075439453,0.8421134352684021,237.07611083984375,226.242431640625,0.01397570502012968,240.20672607421875,226.08062744140625,0.02802860550582409,223.50796508789062,221.46792602539062,0.00013053246948402375,223.97027587890625,207.93115234375,0.0003504631749819964,216.94869995117188,235.79473876953125,0.0004445333033800125
966,229.8142547607422,199.7823028564453,0.9942663311958313,235.16287231445312,211.92684936523438,0.05736907944083214,221.57508850097656,205.5969696044922,0.3369687497615814,214.38705444335938,201.01315307617188,0.9453939199447632,236.97317504882812,226.56277465820312,0.04017376899719238,240.1397247314453,226.6153564453125,0.06952610611915588,239.61428833007812,208.91896057128906,0.000196914654225111,223.22413635253906,208.02328491210938,0.00040097098099067807,217.12413024902344,236.0926055908203,0.000575701822526753
967,230.17091369628906,200.13992309570312,0.997269332408905,235.2465057373047,212.33847045898438,0.10359839349985123,221.21121215820312,205.9345703125,0.6121218204498291,214.28958129882812,201.2786407470703,0.9849812984466553,237.26058959960938,226.8186492919922,0.23146744072437286,240.41062927246094,226.8873748779297,0.24504385888576508,239.52194213867188,209.26487731933594,0.0005170961958356202,223.05638122558594,208.79776000976562,0.0003276786010246724,218.03086853027344,236.59788513183594,0.0008165929466485977
968,228.14736938476562,198.46580505371094,0.9510149359703064,235.26614379882812,210.58880615234375,0.010978971607983112,221.8416748046875,204.19589233398438,0.0519796647131443,213.9860382080078,200.0907440185547,0.7833401560783386,235.28392028808594,226.77108764648438,0.010996210388839245,239.1182403564453,226.67884826660156,0.00639504985883832,222.3363494873047,235.01023864746094,0.00019668909953907132,225.0463409423828,206.26876831054688,0.0003053081745747477,217.20033264160156,235.248046875,7.367876241914928e-05
969,217.13876342773438,193.14105224609375,0.00037851862725801766,123.77024841308594,266.42926025390625,7.174995698733255e-05,154.02349853515625,256.5230407714844,0.0009772754274308681,154.03013610839844,252.26316833496094,0.00604983838275075,169.9422607421875,265.0116271972656,1.8566242943052202e-05,190.46636962890625,261.534423828125,8.950608025770634e-05,1.5954649448394775,252.09349060058594,2.1130368622834794e-05,223.83592224121094,185.333740234375,0.00011023254046449438,199.22190856933594,188.0587615966797,1.8554190319264308e-05
970,200.37277221679688,190.70040893554688,0.0037624689284712076,281.71044921875,265.3235168457031,5.7102744904113933e-05,188.93841552734375,258.77923583984375,0.00023349201364908367,185.33599853515625,257.3611755371094,0.009280496276915073,2.3411457538604736,234.3717041015625,1.534959847049322e-05,190.5570831298828,264.8882141113281,9.698593203211203e-05,1.27651047706604,252.1121826171875,2.7321231755195186e-05,204.73570251464844,265.52606201171875,0.001747705857269466,182.53933715820312,190.20736694335938,4.1510589653626084e-05
971,180.72789001464844,182.7561798095703,0.17348791658878326,169.32009887695312,200.08033752441406,0.00013040196790825576,-1.7165532112121582,250.94076538085938,5.634188710246235e-06,172.2129669189453,196.82470703125,4.465768506634049e-05,1.376532793045044,250.6068878173828,1.75612422026461e-05,151.93972778320312,219.0499725341797,9.605716513760854e-06,172.49310302734375,175.773681640625,8.458625961793587e-05,190.70684814453125,188.7713623046875,0.00017812245641835034,167.17318725585938,203.8140411376953,0.00019010220421478152
972,172.63821411132812,184.67788696289062,0.0004573220503516495,171.63916015625,203.5787811279297,4.795720542460913e-06,-1.9680266380310059,251.15403747558594,3.586093043850269e-06,-0.869415283203125,284.58282470703125,9.92823697743006e-06,2.6430845260620117,234.46018981933594,1.1806364454969298e-05,173.59930419921875,302.831787109375,9.628039151721168e-06,1.5857558250427246,252.27133178710938,2.839221815520432e-05,177.03195190429688,187.27670288085938,6.823937292210758e-05,-1.3848309516906738,249.5223388671875,6.1682922023464926e-06
973,154.15408325195312,186.3259735107422,0.00011927012383239344,138.21055603027344,269.61553955078125,1.760504164849408e-05,144.17555236816406,267.9615173339844,5.8310083659307566e-06,141.70370483398438,267.6645202636719,3.968003875343129e-05,2.6392576694488525,234.4620361328125,6.05926516072941e-06,154.13641357421875,268.8321228027344,0.00015824356523808092,129.0499725341797,277.0646057128906,1.452015476388624e-05,151.32997131347656,251.0980682373047,1.316390171268722e-05,154.87576293945312,249.64187622070312,2.1490417566383258e-05
974,147.51991271972656,183.4384307861328,0.3204367756843567,171.49415588378906,205.18731689453125,0.00037759292172268033,145.4559326171875,200.1007537841797,5.4792202718090266e-05,141.44236755371094,198.06881713867188,0.0008851767634041607,142.2017059326172,201.5331268310547,2.25099556701025e-05,143.0674591064453,191.9268798828125,7.619630196131766e-05,140.92686462402344,173.85939025878906,0.00018799700774252415,144.027099609375,189.8778533935547,9.25029453355819e-05,115.69597625732422,205.18223571777344,0.0004730586369987577
975,135.43255615234375,188.03713989257812,0.9990233182907104,110.07938385009766,198.82518005371094,0.049501754343509674,126.62642669677734,198.6458282470703,9.517029684502631e-05,120.85358428955078,192.03919982910156,0.0004160167300142348,145.12481689453125,207.9592742919922,0.0010648282477632165,141.1180877685547,247.62625122070312,8.227835496654734e-05,91.1531753540039,198.37969970703125,0.331106036901474,138.77113342285156,192.02301025390625,0.0006085826898925006,102.45626831054688,225.0024871826172,0.01220797747373581
976,136.8491668701172,191.57469177246094,0.9998735189437866,110.99571990966797,201.83987426757812,0.8064148426055908,134.80796813964844,215.97035217285156,0.0358959324657917,132.53855895996094,215.6001739501953,0.003545440034940839,147.02572631835938,215.7883758544922,0.43056923151016235,154.2550811767578,214.79942321777344,0.0034631583839654922,94.28245544433594,205.29629516601562,0.9928277134895325,137.5913543701172,199.5058135986328,0.00038021261570975184,105.23462677001953,236.52476501464844,0.13478787243366241
977,141.3004608154297,193.12657165527344,0.9999619722366333,115.74346160888672,204.708984375,0.9135721921920776,135.34164428710938,217.47789001464844,0.8017693758010864,133.62449645996094,217.6776123046875,0.10424228757619858,148.0287628173828,217.62503051757812,0.999748170375824,157.5440216064453,217.79458618164062,0.7704378962516785,95.15306091308594,204.41587829589844,0.9997617602348328,156.2564697265625,204.15591430664062,0.00048449725727550685,105.40928649902344,240.43319702148438,0.26285848021507263
978,143.08837890625,193.6473388671875,0.9999755620956421,116.05690002441406,205.09417724609375,0.9496809840202332,135.76170349121094,218.10049438476562,0.9042391777038574,135.13352966308594,222.96421813964844,0.3828175663948059,148.69273376464844,218.190673828125,0.999325156211853,158.82762145996094,218.60940551757812,0.49754780530929565,95.0214614868164,207.18443298339844,0.9997939467430115,155.46519470214844,203.598388671875,0.0005137231783010066,109.39590454101562,241.72218322753906,0.2842819392681122
979,143.20069885253906,192.3318634033203,0.9999724626541138,116.2744140625,203.5110626220703,0.9884167313575745,135.9060516357422,217.79103088378906,0.9264489412307739,135.03826904296875,222.6436004638672,0.349758505821228,148.7365264892578,218.11001586914062,0.9996892213821411,158.8190460205078,219.39305114746094,0.7042046189308167,94.89319610595703,204.47821044921875,0.9999513626098633,163.40357971191406,211.42604064941406,0.0005537740071304142,105.94619750976562,243.8311004638672,0.4286690354347229
980,143.0323028564453,192.05447387695312,0.9999936819076538,115.88072204589844,202.24961853027344,0.9980535507202148,135.3173828125,217.5003662109375,0.5940707325935364,134.539794921875,222.52960205078125,0.12659315764904022,148.01686096191406,218.12088012695312,0.9999641180038452,157.27496337890625,219.57107543945312,0.9244413375854492,95.3564224243164,204.11508178710938,0.9999667406082153,163.10935974121094,211.6099090576172,0.0004803487390745431,107.11210632324219,244.86471557617188,0.7031591534614563
981,143.11744689941406,189.72677612304688,0.9999983310699463,114.89155578613281,200.7210235595703,0.9994111061096191,139.12852478027344,216.44967651367188,0.7890399694442749,135.55844116210938,222.70077514648438,0.2763015627861023,148.22950744628906,217.99610900878906,0.9999603033065796,157.5118865966797,220.0338592529297,0.9183681607246399,94.93560791015625,203.81802368164062,0.9999849796295166,163.36720275878906,212.0118865966797,0.00042269338155165315,106.36824035644531,244.5758819580078,0.7275789380073547
982,143.6009979248047,188.29400634765625,0.9999991655349731,115.17498779296875,199.88734436035156,0.9998645782470703,138.62991333007812,214.74473571777344,0.6964418292045593,134.4355010986328,221.16583251953125,0.0327182412147522,149.2725372314453,216.4149932861328,0.9999784231185913,158.76687622070312,218.5612030029297,0.9646987915039062,93.86238098144531,203.2675323486328,0.9999969005584717,163.72293090820312,212.3698272705078,0.0003050082304980606,108.34086608886719,245.51914978027344,0.9709905982017517
983,142.7720184326172,188.1087188720703,0.9999998807907104,113.01293182373047,200.8400421142578,0.9999030828475952,138.84432983398438,214.7377471923828,0.05189402028918266,133.751953125,217.25619506835938,0.004732358269393444,148.1980438232422,216.35838317871094,0.9999998807907104,157.17037963867188,220.65480041503906,0.9999810457229614,92.6656265258789,206.75611877441406,0.999998927116394,83.25757598876953,237.20745849609375,0.0003775328223127872,111.583251953125,250.07958984375,0.9989159107208252
984,139.73597717285156,189.68539428710938,0.9999994039535522,111.5854263305664,203.59323120117188,0.9999678134918213,132.88592529296875,215.8614501953125,0.01170602161437273,132.2324981689453,223.09092712402344,0.0027159808669239283,145.8836212158203,215.95928955078125,0.9999998807907104,155.31658935546875,222.14239501953125,0.9999979734420776,91.69269561767578,212.24038696289062,0.9999991655349731,163.47607421875,210.75045776367188,0.0001405056973453611,112.33171081542969,252.30751037597656,0.9999136924743652
985,134.87289428710938,193.50067138671875,1.0,109.16992950439453,208.9287567138672,0.9999711513519287,132.21224975585938,221.3990020751953,0.01565815880894661,131.1391143798828,223.43052673339844,0.0017160491552203894,143.83262634277344,218.48654174804688,0.9999998807907104,153.03868103027344,222.3756103515625,0.999998927116394,93.59269714355469,217.7317657470703,0.9999812841415405,68.96292877197266,224.85450744628906,0.00012714011245407164,112.79611206054688,252.47708129882812,0.9886643290519714
986,127.85383605957031,202.38357543945312,0.9999938011169434,107.83294677734375,223.75401306152344,0.9946969747543335,116.491455078125,225.06219482421875,0.18682409822940826,117.22891998291016,222.31842041015625,0.062393978238105774,136.8358917236328,225.095947265625,0.9999921321868896,143.1869354248047,228.53761291503906,0.9999605417251587,96.5498046875,232.84671020507812,0.07914706319570541,167.34890747070312,221.3910369873047,0.0005449220188893378,111.65921783447266,258.4770202636719,0.6435638666152954
987,122.63790893554688,211.2202606201172,0.9999966621398926,100.81847381591797,236.10667419433594,0.9966908693313599,113.56846618652344,229.1107177734375,0.005183156579732895,116.26014709472656,227.11593627929688,0.0022380745504051447,133.7664031982422,230.43148803710938,0.9999921321868896,140.58363342285156,232.00680541992188,0.9999897480010986,92.63170623779297,255.04583740234375,0.7004168033599854,141.8353729248047,217.60366821289062,0.00031827916973270476,110.01602935791016,263.8008728027344,0.9452105760574341
988,123.60986328125,217.8070831298828,0.9999988079071045,100.64698028564453,242.47361755371094,0.9999933242797852,112.94712829589844,240.24215698242188,0.0017252415418624878,113.97969055175781,235.6196746826172,0.0005859771044924855,134.7489013671875,235.9407958984375,0.9999992847442627,141.78102111816406,238.1605224609375,0.9999977350234985,91.48712158203125,261.13409423828125,0.9999853372573853,124.56607055664062,275.66729736328125,0.000465515156975016,114.5584716796875,272.1026611328125,0.9999544620513916
989,124.4288558959961,220.3323516845703,0.9999988079071045,100.92658996582031,244.65982055664062,0.999997615814209,131.0005645751953,239.93243408203125,0.008171956054866314,142.4272003173828,285.56146240234375,0.0006880189757794142,135.46815490722656,238.84683227539062,0.9999985694885254,142.91403198242188,240.67337036132812,0.9999986886978149,91.72241973876953,263.37603759765625,0.9999923706054688,126.11236572265625,270.2184753417969,0.0010707657784223557,114.65985107421875,273.56524658203125,0.9999896287918091
990,130.8856658935547,216.26861572265625,0.9999982118606567,103.77919006347656,239.0364990234375,0.9993606209754944,131.60935974121094,238.41342163085938,0.03804083913564682,116.7341079711914,235.39183044433594,0.00819000881165266,137.59347534179688,236.2271270751953,0.9999881982803345,144.88031005859375,239.57968139648438,0.9999521970748901,96.37669372558594,255.1070556640625,0.9756598472595215,126.51707458496094,274.23297119140625,0.000986565020866692,112.74577331542969,269.9616394042969,0.9937310814857483
991,130.91795349121094,214.1214599609375,0.9999812841415405,107.02671813964844,229.73190307617188,0.9853425025939941,135.450927734375,231.72637939453125,0.036152105778455734,117.45579528808594,228.00701904296875,0.00963512621819973,140.87815856933594,231.06471252441406,0.9938827753067017,143.53091430664062,233.08326721191406,0.9953814744949341,97.05772399902344,242.29965209960938,0.8202165961265564,109.00950622558594,262.4216613769531,0.0007657890673726797,111.96279907226562,260.08734130859375,0.9594183564186096
992,132.603515625,210.66647338867188,0.9999456405639648,108.40251922607422,222.41937255859375,0.9640229940414429,131.8516387939453,226.1837615966797,0.12419454008340836,118.24290466308594,222.6064453125,0.014318053610622883,141.18028259277344,228.15184020996094,0.9957700371742249,146.33290100097656,229.6176300048828,0.9805871248245239,95.657958984375,229.70997619628906,0.9987198114395142,165.98141479492188,223.50611877441406,0.0007062558433972299,110.42705535888672,256.7275390625,0.9523209929466248
993,133.7276153564453,209.57351684570312,0.9998500347137451,108.68045043945312,222.58370971679688,0.9730143547058105,131.6023406982422,225.8061065673828,0.23889078199863434,119.16183471679688,221.094482421875,0.020735587924718857,139.1000518798828,226.77378845214844,0.9972643852233887,146.6538543701172,228.5947723388672,0.9895117878913879,95.8895492553711,229.8883056640625,0.9885327816009521,165.54345703125,224.6728973388672,0.0011195654515177011,109.9526138305664,255.91693115234375,0.9172645211219788
994,133.73580932617188,211.0542755126953,0.999816358089447,108.25318908691406,222.34335327148438,0.9642232060432434,124.94580078125,225.96292114257812,0.2678333520889282,119.21990966796875,222.01504516601562,0.03204452246427536,138.94476318359375,226.9485626220703,0.994852602481842,146.33920288085938,228.56007385253906,0.9774307608604431,96.15460968017578,229.09226989746094,0.9980186223983765,130.1634521484375,259.83880615234375,0.0006662887753918767,106.30634307861328,256.0257263183594,0.921923041343689
995,133.2540283203125,212.07342529296875,0.9997405409812927,107.71753692626953,222.56515502929688,0.9723146557807922,124.88923645019531,226.6658172607422,0.04434693232178688,118.7846450805664,222.3388671875,0.007603429723531008,138.32131958007812,227.8429718017578,0.9938158988952637,145.84854125976562,228.92572021484375,0.9533780813217163,93.80089569091797,229.7557373046875,0.9988484382629395,166.46377563476562,223.79232788085938,0.0005531154456548393,109.66847229003906,255.59246826171875,0.9612826704978943
996,132.80776977539062,211.6087188720703,0.9998095631599426,107.45561218261719,222.93292236328125,0.8913396596908569,125.42363739013672,226.7569580078125,0.17717500030994415,118.65984344482422,226.43946838378906,0.012831803411245346,138.13497924804688,226.9355010986328,0.9959535598754883,145.07278442382812,228.51434326171875,0.985862135887146,96.45133972167969,230.15602111816406,0.9493634700775146,167.53897094726562,223.7607421875,0.0007829596870578825,106.02311706542969,256.4381103515625,0.8366997838020325
997,131.67694091796875,211.79844665527344,0.9999004602432251,107.63162231445312,223.33226013183594,0.9188425540924072,124.45738983154297,226.4656219482422,0.090264230966568,117.58709716796875,226.16392517089844,0.0069825900718569756,137.1761016845703,227.17019653320312,0.9995909333229065,144.02330017089844,227.8873748779297,0.9979686141014099,96.50285339355469,230.93016052246094,0.9419267177581787,167.99339294433594,223.58396911621094,0.001198625541292131,105.55471801757812,256.406494140625,0.7693835496902466
998,131.79945373535156,212.65576171875,0.9971502423286438,108.28993225097656,222.6474609375,0.5455041527748108,125.22045135498047,227.31678771972656,0.015890702605247498,119.85989379882812,226.54461669921875,0.002399241551756859,136.36444091796875,228.0910186767578,0.96098792552948,143.47853088378906,228.09117126464844,0.895671546459198,97.5986557006836,229.32791137695312,0.4626484215259552,114.25029754638672,259.8338928222656,0.00020090682664886117,104.56422424316406,255.32452392578125,0.24325810372829437
999,128.15899658203125,221.00198364257812,0.01950610801577568,106.81302642822266,222.6335906982422,0.0008741927449591458,129.80661010742188,230.7650909423828,0.00021330102754291147,126.33731842041016,228.11724853515625,0.00019311592041049153,133.2470245361328,228.25735473632812,0.0069151753559708595,140.2893524169922,232.8285369873047,0.0029821882490068674,99.84434509277344,228.3038787841797,0.0005346653051674366,132.0738983154297,245.87159729003906,4.295145845389925e-05,117.01530456542969,245.682373046875,0.0016071912832558155
1000,133.83035278320312,214.24937438964844,0.48039019107818604,108.3623046875,222.6212158203125,0.004373752512037754,128.71820068359375,229.9618682861328,0.010019088163971901,124.55047607421875,227.7649688720703,0.0018393445061519742,134.3446044921875,228.68589782714844,0.04358920827507973,140.8238067626953,232.7769775390625,0.01083107478916645,99.59110260009766,228.4472198486328,0.0016679371474310756,146.06021118164062,226.71975708007812,5.3992702305549756e-05,109.74041748046875,246.43870544433594,0.0031775799579918385
1001,133.02761840820312,214.1507110595703,0.48372721672058105,107.48709869384766,221.86729431152344,0.028559532016515732,128.38157653808594,229.6272430419922,0.0021758240181952715,124.63438415527344,227.20899963378906,0.000737024238333106,133.42967224121094,228.53599548339844,0.046764299273490906,139.91908264160156,232.51351928710938,0.023007793352007866,98.93507385253906,228.4459686279297,0.011338223703205585,106.71607208251953,241.8759307861328,5.769190829596482e-05,109.42560577392578,245.92050170898438,0.014926466159522533
1002,135.13119506835938,213.4441680908203,0.6361015439033508,108.68186950683594,220.26852416992188,0.017817728221416473,128.76780700683594,228.51316833496094,0.016646016389131546,123.99877166748047,226.73269653320312,0.0013469182886183262,134.8809356689453,226.91629028320312,0.2586674988269806,141.60899353027344,230.5691680908203,0.06155404448509216,101.43327331542969,222.4270782470703,0.07237102091312408,168.27577209472656,224.32936096191406,0.00011590154463192448,108.98687744140625,244.5234375,0.018955109640955925
1003,139.87576293945312,206.78720092773438,0.918247401714325,125.34149932861328,215.2790985107422,0.01293523982167244,138.18252563476562,228.57760620117188,0.0013813935220241547,140.04110717773438,226.78184509277344,0.0014844763791188598,145.76278686523438,226.86758422851562,0.07651733607053757,149.0926055908203,229.27999877929688,0.054871123284101486,104.46981048583984,221.8860626220703,0.005168625619262457,159.0917205810547,188.16787719726562,6.806611054344103e-05,114.70988464355469,241.72000122070312,0.015444951131939888
1004,150.0447235107422,202.691162109375,0.9998706579208374,160.39389038085938,239.77183532714844,0.06272979080677032,141.7581024169922,219.32957458496094,0.9368613958358765,139.46273803710938,218.09652709960938,0.540002703666687,153.32725524902344,220.44110107421875,0.9939579963684082,161.07911682128906,220.7130889892578,0.9180276393890381,120.0210952758789,208.4339599609375,0.0006668491405434906,156.4294891357422,205.6665496826172,0.000684213126078248,116.8320541381836,238.5606231689453,0.0148422010242939
1005,156.88812255859375,198.51388549804688,0.9993560910224915,137.77249145507812,207.06996154785156,0.27569910883903503,152.40142822265625,216.5586700439453,0.4863911271095276,151.54611206054688,216.8319091796875,0.015455583110451698,158.86154174804688,217.4177703857422,0.9330716729164124,161.28390502929688,219.5760498046875,0.65913325548172,114.95494079589844,201.3196258544922,0.9632040858268738,174.4148712158203,187.9759979248047,0.0004298492567613721,120.1186752319336,235.1658477783203,0.22532349824905396
1006,164.0857696533203,194.47384643554688,0.18484525382518768,153.67543029785156,205.58026123046875,0.00042009339085780084,162.1974334716797,216.22979736328125,1.493507716077147e-05,156.11691284179688,196.95729064941406,8.113203512039036e-05,228.807861328125,271.1559753417969,4.378056473797187e-05,241.6784210205078,269.9461364746094,8.266473741969094e-05,155.57522583007812,189.60536193847656,6.234355532797053e-05,174.4756622314453,188.922119140625,0.000719277304597199,136.15505981445312,205.98434448242188,0.0001230880880029872
1007,179.4698486328125,189.52005004882812,0.9982693195343018,154.3437042236328,192.2140350341797,0.005731113255023956,166.24331665039062,211.82882690429688,0.003728509182110429,168.02020263671875,211.3770751953125,0.005336273927241564,177.78013610839844,213.19528198242188,0.0009730490855872631,186.1888885498047,214.86248779296875,0.0010644879657775164,137.84024047851562,188.1024932861328,0.0010765515035018325,188.8253631591797,188.8330535888672,0.0017301543848589063,151.75587463378906,220.0640869140625,0.002584293019026518
1008,183.84764099121094,189.06410217285156,0.9999525547027588,157.81787109375,190.01593017578125,0.7866456508636475,178.26158142089844,208.71180725097656,0.04738409072160721,182.57594299316406,213.93553161621094,0.0027034739032387733,189.10325622558594,211.5199737548828,0.9912387728691101,195.93441772460938,216.20523071289062,0.9722663164138794,134.63037109375,190.2686767578125,0.996828019618988,189.53048706054688,197.9762725830078,0.0010068590054288507,153.00546264648438,221.7927703857422,0.8146894574165344
1009,192.6251678466797,188.82205200195312,0.9999550580978394,165.7584686279297,188.1466064453125,0.944247305393219,179.75271606445312,208.2573699951172,0.05474061146378517,183.23458862304688,213.08546447753906,0.0032725546043366194,193.37371826171875,212.5001678466797,0.9963298439979553,199.6421661376953,218.80662536621094,0.9330404996871948,142.85211181640625,186.237060546875,0.9998587369918823,208.22943115234375,202.52076721191406,0.0007458726176992059,153.73789978027344,224.1426239013672,0.9789363145828247
1010,195.80047607421875,188.34286499023438,0.9996833801269531,170.86129760742188,187.446533203125,0.8266416192054749,185.97430419921875,212.9058837890625,0.05116196721792221,184.6022491455078,213.2001190185547,0.011401413008570671,195.8694305419922,211.3605499267578,0.2403106391429901,205.4116668701172,219.54519653320312,0.04194830358028412,148.54248046875,184.11280822753906,0.9995664954185486,207.72459411621094,201.931396484375,0.0013509452110156417,157.39552307128906,220.6278076171875,0.9815120100975037
1011,196.06039428710938,190.50645446777344,0.9999191761016846,170.78347778320312,188.2882843017578,0.7238110303878784,187.32101440429688,212.0750732421875,0.11272930353879929,184.91648864746094,212.91017150878906,0.010340584442019463,198.77194213867188,214.67813110351562,0.961378276348114,205.15904235839844,219.59429931640625,0.8503338694572449,148.3898162841797,185.32730102539062,0.9990975856781006,132.75552368164062,213.24366760253906,0.002011203207075596,155.05520629882812,224.22303771972656,0.9846692681312561
1012,195.3262939453125,195.1751251220703,0.9531552791595459,169.0717010498047,189.65829467773438,0.10716735571622849,185.1676788330078,215.3107452392578,0.02309306524693966,184.8768768310547,214.6732635498047,0.004133697133511305,198.5384979248047,216.6302032470703,0.07265505939722061,206.09527587890625,219.60244750976562,0.02905917726457119,147.45587158203125,187.05877685546875,0.998184859752655,134.41880798339844,213.92417907714844,0.0022467607632279396,157.96011352539062,220.8927001953125,0.9397099018096924
1013,194.61070251464844,196.02850341796875,0.03520217165350914,168.14857482910156,191.25772094726562,0.0010165591957047582,158.44366455078125,232.8197479248047,1.8824635844794102e-05,157.5639190673828,226.936279296875,4.235378946759738e-05,144.28672790527344,218.5017852783203,0.00024315841437783092,158.85791015625,225.1012725830078,0.0006849610363133252,143.27886962890625,189.49595642089844,0.5702719688415527,138.8505096435547,219.8846435546875,0.0006665462860837579,155.3327178955078,220.13035583496094,0.1656554937362671
1014,198.78204345703125,205.8131561279297,0.0006716883508488536,167.59693908691406,191.85765075683594,4.560171510092914e-05,187.96145629882812,282.4429626464844,2.6694357075029984e-05,-0.33341121673583984,284.5949401855469,1.2873344530817121e-05,157.9814453125,220.0431671142578,2.114954259013757e-05,255.28353881835938,272.1669616699219,0.0001753298274707049,140.6151885986328,189.9931640625,0.0009245912078768015,208.64393615722656,187.37892150878906,8.516902016708627e-05,154.42568969726562,219.12356567382812,0.0007568972068838775
1015,200.3112335205078,205.39889526367188,0.013385138474404812,217.4134063720703,220.836181640625,6.470706284744665e-05,195.2947998046875,217.7889862060547,2.3443888494512066e-05,195.77398681640625,211.49549865722656,4.522588642430492e-05,2.6953749656677246,234.30361938476562,1.2098370461899322e-05,240.8429412841797,272.6875,0.00012697810598183423,235.69528198242188,241.06459045410156,7.161255780374631e-05,175.44287109375,190.30926513671875,0.00010172679321840405,181.18113708496094,218.51388549804688,1.724668254610151e-05
1016,209.7750244140625,211.04620361328125,0.5495465993881226,227.8958740234375,235.27532958984375,0.33525386452674866,200.98641967773438,216.37640380859375,0.02429387718439102,197.7455291748047,213.11892700195312,0.0045732236467301846,210.07211303710938,219.97586059570312,3.419438871787861e-05,224.4114990234375,270.12103271484375,0.0004518726491369307,236.07672119140625,242.686279296875,0.00036548703792504966,207.00161743164062,195.4046173095703,9.381565178046003e-05,233.72869873046875,249.08526611328125,0.00018012707005254924
1017,214.90725708007812,212.63177490234375,0.9973636269569397,219.7180633544922,235.0023651123047,0.993128776550293,203.73583984375,220.20672607421875,0.62175053358078,201.28807067871094,214.7201690673828,0.3193872570991516,212.3600616455078,220.5545196533203,0.0004013402503915131,210.596435546875,219.3789825439453,0.00018626730889081955,223.63877868652344,281.0086975097656,0.00959098245948553,185.6655731201172,241.736083984375,0.0023505205754190683,208.27996826171875,252.29046630859375,0.0010770207736641169
1018,214.18922424316406,211.40573120117188,0.9999722242355347,215.35987854003906,234.9913787841797,0.998578667640686,199.7942657470703,217.19044494628906,0.953721284866333,195.8041534423828,212.6306915283203,0.9447763562202454,223.2823944091797,225.79278564453125,0.007782799657434225,224.5207977294922,226.2075958251953,0.01611386239528656,216.10504150390625,250.30203247070312,0.8801558613777161,183.62234497070312,246.9136962890625,0.006677746772766113,182.79043579101562,206.90090942382812,0.004003377631306648
1019,203.70179748535156,205.41673278808594,0.9268133640289307,200.43907165527344,227.17076110839844,0.006439618766307831,196.10614013671875,213.61537170410156,0.0024241460487246513,200.27987670898438,212.81219482421875,0.003515667049214244,192.6278533935547,217.47242736816406,3.819169069174677e-05,223.474853515625,222.09715270996094,0.00016072993457783014,187.1197052001953,238.39231872558594,0.007943744771182537,205.18002319335938,196.69029235839844,0.0011616742704063654,182.01585388183594,206.59866333007812,0.000940975733101368
1020,169.23715209960938,266.45709228515625,0.003815371310338378,154.8984832763672,275.946044921875,0.013381047174334526,162.15206909179688,262.8275146484375,0.0006670537986792624,159.03477478027344,263.5580139160156,0.0003635456960182637,156.65794372558594,265.99505615234375,0.00020780263002961874,173.75880432128906,267.0548095703125,0.05343029648065567,147.39002990722656,277.7957763671875,0.0018607359379529953,174.848876953125,257.87750244140625,5.6275159295182675e-05,137.3459014892578,268.3383483886719,0.0001536155614303425
1021,203.1735076904297,200.10743713378906,0.0010100024519488215,143.8280029296875,275.11578369140625,0.05881321057677269,147.2671661376953,266.2562255859375,0.00033271239954046905,144.6237030029297,265.8587341308594,0.000789679354056716,157.05462646484375,267.2763366699219,8.521670679328963e-05,164.84776306152344,267.64825439453125,0.03163347393274307,140.505859375,277.6900634765625,0.009231429547071457,208.84910583496094,203.67398071289062,0.00018710018775891513,136.18202209472656,251.83743286132812,0.0002491745399311185
1022,143.9315948486328,269.43731689453125,0.0009143505012616515,131.61480712890625,275.435546875,0.005936812609434128,124.88249969482422,280.77630615234375,0.00016027157835196704,139.45628356933594,265.34747314453125,0.00040918757440522313,140.25523376464844,268.12823486328125,2.7030275305151008e-05,155.27816772460938,266.197998046875,0.01829209178686142,128.44117736816406,277.48876953125,0.44207268953323364,126.60653686523438,276.43658447265625,0.00022584141697734594,137.97207641601562,252.47288513183594,0.00014766630192752928
1023,204.02586364746094,193.2042999267578,0.0018167798407375813,185.27662658691406,220.3356170654297,2.7921916625928134e-05,123.80986022949219,300.1331787109375,4.725343387690373e-06,202.404296875,217.7888946533203,2.432038490951527e-05,1.3812081813812256,250.59739685058594,1.1991371138719842e-05,125.29505920410156,300.93695068359375,2.076803139061667e-05,1.4824190139770508,252.4154815673828,2.3374730517389253e-05,223.37637329101562,202.2843780517578,8.370315481442958e-05,182.5177764892578,204.18789672851562,7.294519309652969e-05
1024,203.98318481445312,193.17800903320312,0.0009949830127879977,203.09283447265625,220.04859924316406,1.8716051272349432e-05,-1.4360604286193848,250.676513671875,5.19942705068388e-06,204.10792541503906,217.79351806640625,3.359704714966938e-05,1.1989860534667969,250.5525665283203,2.1586361981462687e-05,204.5250244140625,218.5777130126953,3.7602723750751466e-05,1.6273529529571533,252.36993408203125,4.595519203576259e-05,223.23524475097656,202.4602813720703,5.5043798056431115e-05,183.67181396484375,204.81398010253906,4.1540646634530276e-05
1025,218.64352416992188,197.70068359375,0.00439855270087719,202.61593627929688,219.95396423339844,2.4345539713976905e-05,220.67201232910156,216.28025817871094,2.0511855836957693e-05,208.1777801513672,198.7188720703125,7.682565046707168e-05,1.2315843105316162,250.5746307373047,2.1099236619193107e-05,204.117431640625,217.39720153808594,1.968966898857616e-05,1.4392921924591064,252.20484924316406,4.109881410840899e-05,223.0794677734375,203.22520446777344,0.00029521339456550777,183.91192626953125,205.2486114501953,5.8359397371532395e-05
1026,221.2626953125,196.8577880859375,0.17659351229667664,217.20648193359375,219.87718200683594,7.579937664559111e-05,220.96170043945312,215.97113037109375,0.00018889018974732608,209.79356384277344,198.85450744628906,0.0011471781181171536,1.198533535003662,250.49449157714844,2.0188252165098675e-05,224.02365112304688,215.130615234375,3.0328979846672155e-05,221.6717987060547,190.8024444580078,5.9316425904398784e-05,221.9951934814453,203.78524780273438,0.0002887903247028589,199.40309143066406,205.74343872070312,0.0002045851288130507
1027,219.5048370361328,196.8878631591797,0.45402103662490845,217.17115783691406,194.339111328125,0.00023358284670393914,209.8912811279297,204.43984985351562,7.52370833652094e-05,205.5811767578125,199.1781005859375,0.000934590760152787,2.4506826400756836,234.53103637695312,1.6407469956902787e-05,205.95272827148438,194.01927185058594,4.461601565708406e-05,222.74620056152344,190.6870574951172,0.00013649175525642931,221.6464385986328,195.96864318847656,0.0003867626073770225,183.6811981201172,206.44606018066406,0.00037790153874084353
1028,218.4354248046875,197.06338500976562,0.44064605236053467,217.43141174316406,194.2829132080078,0.0006052730605006218,209.59783935546875,204.0555419921875,7.758729043416679e-05,205.33258056640625,199.44723510742188,0.000732195214368403,235.74131774902344,219.23928833007812,5.237279401626438e-05,206.053466796875,193.89451599121094,3.8984981074463576e-05,223.46994018554688,190.92401123046875,0.00013361606397666037,221.6213836669922,204.08816528320312,0.0013100778451189399,183.37449645996094,206.41786193847656,0.0001993695186683908
1029,217.3953399658203,197.5605926513672,0.3013997972011566,216.740234375,194.31289672851562,0.0006406603497453034,210.62112426757812,214.03179931640625,2.623976797622163e-05,204.3654022216797,200.00112915039062,8.646410424262285e-05,235.7359619140625,219.7933349609375,7.90731719462201e-05,248.9054412841797,235.2325439453125,4.439794065547176e-05,223.36251831054688,191.20309448242188,6.602714711334556e-05,221.94447326660156,204.39651489257812,0.00042037220555357635,184.49302673339844,207.3624725341797,0.00013318180572241545
1030,216.2916717529297,198.5113067626953,0.851730465888977,218.3380126953125,208.9705810546875,0.0004884380614385009,210.20489501953125,213.32745361328125,8.270511170849204e-05,198.04615783691406,208.4351043701172,0.00035385123919695616,234.2877197265625,220.46685791015625,4.424476719577797e-05,206.8022918701172,195.71498107910156,5.377621346269734e-05,223.800537109375,192.14602661132812,8.16867031971924e-05,221.7048797607422,195.86618041992188,0.0005358165944926441,183.48695373535156,207.5695343017578,0.00023103809508029372
1031,203.1707000732422,198.8768768310547,0.35060545802116394,216.99005126953125,208.9473114013672,0.00021724739053752273,197.19650268554688,211.86331176757812,1.5308622096199542e-05,195.41612243652344,209.52313232421875,7.832039409549907e-05,2.7460825443267822,234.64048767089844,1.4829865904175676e-05,123.76654815673828,301.8683166503906,1.7858434148365632e-05,1.2896876335144043,252.3750762939453,1.9927309040213004e-05,205.86221313476562,197.9785614013672,0.0003357699897605926,183.09674072265625,208.31356811523438,0.00019704180886037648
1032,194.687744140625,196.35528564453125,0.05123034864664078,184.59814453125,220.17108154296875,2.3512291591032408e-05,-2.7966561317443848,235.28274536132812,4.389744390209671e-06,191.90187072753906,212.2557373046875,3.4918903111247346e-05,2.9109458923339844,234.71304321289062,2.1649777409038506e-05,139.61070251464844,301.91278076171875,1.2171995876997244e-05,1.5707082748413086,252.22254943847656,2.7175865398021415e-05,191.18988037109375,196.93780517578125,0.00011499552783789113,182.65805053710938,220.91734313964844,5.9700101701309904e-05
1033,196.25747680664062,202.40496826171875,0.5902560353279114,216.35647583007812,209.4313507080078,9.998025780078024e-05,195.4535369873047,216.62998962402344,8.777955372352153e-05,191.13235473632812,212.28729248046875,0.0003587575047276914,2.850687026977539,234.62745666503906,1.5538975276285782e-05,190.54298400878906,216.98745727539062,1.763377440511249e-05,188.44334411621094,190.87705993652344,2.6344974685343914e-05,206.20184326171875,205.2440185546875,0.0005946913152001798,180.89431762695312,221.66305541992188,0.00020441178639885038
1034,199.260009765625,204.2655792236328,0.019498243927955627,185.77703857421875,220.4569549560547,1.9645103748189285e-05,198.67373657226562,217.5198974609375,4.185119178146124e-05,194.772216796875,211.92007446289062,0.0006972711416892707,2.7340383529663086,234.4712677001953,1.3868364476365969e-05,186.90274047851562,217.7608642578125,2.6735044230008498e-05,1.418802261352539,252.37245178222656,2.7453725124360062e-05,208.80764770507812,210.56939697265625,0.00015847339818719774,181.35169982910156,219.54811096191406,0.00015176796296145767
1035,211.830078125,206.28973388671875,0.06018954887986183,217.2119140625,209.342529296875,5.471702024806291e-05,199.34515380859375,214.63011169433594,0.00010952321463264525,196.18447875976562,210.27978515625,0.005187896080315113,1.4531373977661133,250.53273010253906,1.57027825480327e-05,186.80992126464844,205.26531982421875,3.236351039959118e-05,1.3713860511779785,252.4667205810547,3.469385774224065e-05,207.3838653564453,197.08270263671875,8.099034312181175e-05,182.3842315673828,208.1925048828125,0.0003738080558832735
1036,212.4174041748047,206.29104614257812,0.4312523305416107,216.69837951660156,210.7736358642578,0.0002650675014592707,199.1956024169922,214.26016235351562,0.0005178871797397733,195.76821899414062,210.1898956298828,0.010693616233766079,1.551612138748169,250.53305053710938,1.9814406186924316e-05,187.29669189453125,205.2594757080078,6.0060821851948276e-05,205.88002014160156,192.13034057617188,4.008727410109714e-05,206.12408447265625,197.6656494140625,0.00017433642642572522,183.2015838623047,208.89149475097656,0.0006613181903958321
1037,212.02259826660156,206.11622619628906,0.6229473948478699,215.93820190429688,210.84400939941406,0.0002776421024464071,198.3895721435547,214.8546142578125,0.0005322549259290099,195.1207733154297,210.4058837890625,0.005526362452656031,2.650540351867676,234.54722595214844,1.616138979443349e-05,187.89010620117188,205.6195068359375,4.772304237121716e-05,205.9546661376953,191.7981719970703,5.505418812390417e-05,205.69081115722656,197.5009765625,0.00023928750306367874,183.382568359375,208.8599395751953,0.0008953161886893213
1038,202.14837646484375,203.91427612304688,0.3937038481235504,215.33677673339844,210.65406799316406,0.00014324593939818442,198.385498046875,216.24490356445312,0.0005936948582530022,193.9288330078125,211.85369873046875,0.0019138467032462358,2.660762310028076,234.48159790039062,1.6191239410545677e-05,187.58056640625,216.42381286621094,3.742506669368595e-05,206.80369567871094,192.02513122558594,3.674150138976984e-05,205.53237915039062,197.56150817871094,0.0003061307070311159,180.9271697998047,220.95516967773438,0.0002389469009358436
1039,198.8319549560547,205.46829223632812,0.24272681772708893,185.25218200683594,219.7722930908203,6.651242438238114e-05,196.91307067871094,217.8587188720703,4.936484765494242e-05,193.4662628173828,212.80833435058594,0.00018264800019096583,2.5814478397369385,234.5199432373047,1.3675799891643692e-05,189.17384338378906,217.7431182861328,1.4505801118502859e-05,1.546973705291748,252.47271728515625,3.068001024075784e-05,206.48191833496094,197.0093994140625,0.00042479834519326687,181.3258514404297,221.6041259765625,0.00019603119289968163
1040,198.44085693359375,205.1732940673828,0.45299026370048523,185.3017120361328,220.54812622070312,6.463089812314138e-05,196.7352294921875,217.4646759033203,0.0003217133926227689,191.58663940429688,212.85595703125,0.001781750121153891,2.88965106010437,234.68045043945312,1.61476473294897e-05,188.62684631347656,217.44003295898438,5.782602966064587e-05,207.4395294189453,192.35244750976562,4.11239052482415e-05,207.03024291992188,196.71128845214844,0.0010823099873960018,180.58021545410156,221.34120178222656,0.00043075578287243843
1041,197.6770477294922,205.5556182861328,0.26891955733299255,184.83697509765625,220.8691864013672,5.002060061087832e-05,196.97366333007812,216.94384765625,0.00041977333603426814,192.1378631591797,212.75177001953125,0.0019890544936060905,2.8711843490600586,234.66578674316406,1.5878289559623227e-05,187.8345489501953,217.70152282714844,9.914592374116182e-05,1.4438786506652832,252.3903045654297,2.405358463875018e-05,208.5111083984375,195.8457794189453,0.0005430947639979422,180.5755615234375,220.87252807617188,0.00042244725045748055
1042,195.5524139404297,205.74229431152344,0.1283097267150879,185.51406860351562,220.52133178710938,3.3342945243930444e-05,195.35647583007812,216.68373107910156,2.5188135623466223e-05,191.52398681640625,213.26791381835938,0.00034661919926293194,2.8061470985412598,234.56539916992188,1.740145125950221e-05,188.92315673828125,217.8474578857422,3.2980533433146775e-05,1.4568932056427002,252.37086486816406,2.3352002244791947e-05,206.4982452392578,202.94810485839844,0.0002558539272285998,182.07415771484375,220.30650329589844,9.468636562814936e-05
1043,195.23269653320312,205.72222900390625,0.1319027543067932,185.16001892089844,220.08753967285156,2.6232588425045833e-05,194.99221801757812,216.6685333251953,4.940031431033276e-06,192.10430908203125,213.40199279785156,7.900827040430158e-05,2.7228779792785645,234.59695434570312,1.6553998648305424e-05,217.73817443847656,216.99684143066406,1.7520877008792013e-05,1.4328370094299316,252.40586853027344,2.2417943910113536e-05,209.64266967773438,194.87884521484375,0.00031206372659653425,182.63429260253906,220.32693481445312,4.6680361265316606e-05
1044,196.1144256591797,205.31564331054688,0.11646398156881332,201.7870330810547,208.10972595214844,4.226704186294228e-05,197.73570251464844,216.90725708007812,5.4906860896153376e-05,193.81405639648438,213.11219787597656,0.0010445212246850133,2.48362135887146,234.69778442382812,1.9369908841326833e-05,186.4305877685547,217.31900024414062,7.722493319306523e-05,1.305539608001709,252.43646240234375,3.0259961931733415e-05,208.7740936279297,209.96896362304688,0.00013006717199459672,181.2235107421875,220.16708374023438,0.00012629573757294565
1045,196.39328002929688,204.45770263671875,0.033980127424001694,216.26844787597656,207.5594024658203,3.5039389331359416e-05,197.42901611328125,216.95257568359375,1.5015709323051851e-05,194.40318298339844,212.78921508789062,0.00038105863495729864,2.4707190990448,234.65663146972656,1.3838558515999466e-05,186.45657348632812,217.62745666503906,4.546566924545914e-05,1.255972146987915,252.35826110839844,2.525177478673868e-05,208.28314208984375,208.35797119140625,0.00012493431859184057,183.65045166015625,208.55691528320312,5.077354217064567e-05
1046,202.5736083984375,200.27456665039062,0.03598647192120552,217.0516815185547,208.38722229003906,5.196326310397126e-05,-1.7162680625915527,250.9463348388672,3.7277268347679637e-06,198.9974822998047,209.80870056152344,0.00022599608928430825,2.58365797996521,234.59005737304688,1.4814570931775961e-05,220.1505584716797,219.8187255859375,2.628672700666357e-05,1.4028754234313965,252.31851196289062,3.0388357117772102e-05,222.85755920410156,203.59503173828125,0.00016938264889176935,183.35191345214844,206.8488006591797,0.0003161576751153916
1047,203.41864013671875,199.69944763183594,0.028770046308636665,217.77183532714844,207.96856689453125,5.962380600976758e-05,211.25758361816406,213.8065948486328,6.404980013030581e-06,198.95602416992188,209.9992218017578,0.00012376860831864178,1.2943246364593506,250.43211364746094,1.7053118426701985e-05,204.0751190185547,196.11505126953125,1.701205655990634e-05,1.429328441619873,252.33395385742188,3.520515019772574e-05,222.6963653564453,203.32931518554688,0.0002571000368334353,182.84007263183594,206.59864807128906,5.532386421691626e-05
1048,205.6874237060547,198.1600341796875,0.05345864221453667,216.73959350585938,194.03599548339844,0.00010527254926273599,211.94895935058594,212.9266815185547,5.4980479035293683e-05,206.6249237060547,209.32029724121094,0.0003481691819615662,1.3385419845581055,250.39491271972656,1.5448562407982536e-05,223.04698181152344,217.1282958984375,3.244989056838676e-05,1.4824285507202148,252.29505920410156,3.5024753742618486e-05,221.86087036132812,204.38174438476562,0.00024655915331095457,183.02801513671875,206.190185546875,6.726052379235625e-05
1049,211.88185119628906,193.84390258789062,0.25711074471473694,217.3616485595703,193.79476928710938,0.00022892362903803587,211.693359375,211.08840942382812,9.711021994007751e-05,205.884033203125,201.51422119140625,0.0018446241738274693,1.4493803977966309,250.2834930419922,1.3001943443669006e-05,224.1233673095703,216.1128692626953,8.963325672084466e-05,224.16946411132812,190.94334411621094,4.147351501160301e-05,223.1196746826172,195.63845825195312,0.0008078899700194597,183.6416778564453,206.8788299560547,6.934565317351371e-05
1050,217.220458984375,196.35391235351562,0.018100515007972717,217.43031311035156,191.4885711669922,6.636903708567843e-05,-3.4639835357666016,219.6486053466797,2.731766926444834e-06,209.4369354248047,198.8506622314453,0.0004227661120239645,1.365837812423706,250.34043884277344,1.2018012057524174e-05,202.84361267089844,203.3990020751953,1.1371044820407405e-05,1.2722506523132324,252.2848358154297,2.280460648762528e-05,239.43621826171875,202.75567626953125,0.00030329247238114476,199.34597778320312,206.18096923828125,3.694256884045899e-05
1051,217.60044860839844,193.68948364257812,0.00048087473260238767,201.64727783203125,221.30963134765625,3.3285981771769e-05,-3.5154457092285156,219.66102600097656,2.8140718768554507e-06,211.1342010498047,198.28982543945312,1.2302584764256608e-05,2.578939914703369,234.53826904296875,1.4190211913955864e-05,202.42864990234375,218.2442626953125,7.702328730374575e-06,1.4256572723388672,252.33541870117188,2.3585884264321066e-05,239.74598693847656,201.93580627441406,0.0003579981566872448,202.0557861328125,205.83790588378906,9.770698852662463e-06
1052,218.14889526367188,193.0421142578125,0.0031250163447111845,201.9107208251953,221.02943420410156,3.8325044442899525e-05,-3.4591331481933594,219.6207733154297,2.945695086964406e-06,210.03636169433594,198.0513153076172,0.00013292628864292055,2.518989086151123,234.62734985351562,1.5017370060377289e-05,202.86883544921875,201.60964965820312,1.3932644833403174e-05,1.250619888305664,252.2948455810547,2.072331881208811e-05,240.4708251953125,201.79661560058594,0.00021788816957268864,200.6844482421875,206.0236358642578,4.682066719396971e-05
1053,217.79212951660156,193.25514221191406,0.0017213179962709546,201.2658233642578,220.62615966796875,2.293846227985341e-05,-3.5367612838745117,219.58349609375,2.9768245894956635e-06,210.1947021484375,197.99826049804688,0.0001730914955260232,2.578166961669922,234.6553192138672,1.758815960783977e-05,202.53402709960938,201.9268035888672,1.4736774573975708e-05,1.3943767547607422,252.3170928955078,2.2395270207198337e-05,240.8592071533203,200.68894958496094,0.00017729961837176234,200.37120056152344,204.81504821777344,2.733095061557833e-05
1054,218.17735290527344,193.77305603027344,0.003399313660338521,201.63975524902344,219.7587127685547,3.602998913265765e-05,-2.6197423934936523,235.036376953125,2.5119463771261508e-06,210.3309783935547,197.87643432617188,0.00016331263759639114,2.5689640045166016,234.75877380371094,1.6719062841730192e-05,217.6226806640625,254.36708068847656,1.06520346889738e-05,1.311608076095581,252.23828125,1.831089139159303e-05,240.667724609375,201.0908966064453,0.000187151221325621,199.45928955078125,205.03318786621094,4.6871235099388286e-05
1055,219.5358428955078,198.27340698242188,0.0048629059456288815,215.28857421875,221.4866943359375,6.78771612001583e-05,-2.0377297401428223,251.0030975341797,2.6913030524156056e-06,214.4132080078125,199.57351684570312,7.604531128890812e-05,2.7263009548187256,234.7509002685547,1.765837805578485e-05,231.97882080078125,271.4547119140625,2.4619548639748245e-05,1.3396904468536377,252.25692749023438,2.135448085027747e-05,223.62100219726562,193.78179931640625,2.7628015232039616e-05,199.40847778320312,205.77403259277344,4.693206210504286e-05
1056,231.12562561035156,200.0923614501953,0.13477720320224762,216.9781036376953,221.42401123046875,0.0001777427678462118,218.2443389892578,211.9560089111328,8.467361112707295e-06,211.77276611328125,199.2989959716797,0.000659868645016104,2.798664093017578,234.6590576171875,1.6067157048382796e-05,222.56678771972656,217.0048370361328,5.5641692597419024e-05,221.14779663085938,190.430419921875,2.558668529673014e-05,222.43984985351562,195.87503051757812,0.00027894298546016216,198.61668395996094,206.75930786132812,8.329229603987187e-05
1057,220.2555389404297,198.0244140625,0.13778041303157806,216.92324829101562,220.8477325439453,0.00012960363528691232,215.4135284423828,205.4473419189453,8.59484680404421e-06,211.80126953125,199.90560913085938,0.0008035394130274653,2.7637038230895996,234.65159606933594,1.8163478671340272e-05,222.1714324951172,217.12188720703125,3.170655691064894e-05,221.49024963378906,191.1918487548828,2.041046718659345e-05,223.0435028076172,196.595703125,0.0002665642532519996,197.64859008789062,206.3487548828125,9.560125909047201e-05
1058,219.09722900390625,198.28660583496094,0.15418028831481934,215.98365783691406,220.8076629638672,9.120201866608113e-05,214.59646606445312,205.7830047607422,5.736918865295593e-06,211.15985107421875,200.0959930419922,0.00018777789955493063,2.8231313228607178,234.65576171875,1.5250249816745054e-05,222.93214416503906,217.35682678222656,4.8556474212091416e-05,1.4556877613067627,252.24232482910156,1.7991444110521115e-05,222.47438049316406,196.05575561523438,0.0002569574280641973,198.17796325683594,206.86962890625,6.281746027525514e-05
1059,219.843505859375,197.50469970703125,0.6639638543128967,216.68128967285156,220.58993530273438,0.00023306094226427376,213.68788146972656,205.9166259765625,4.4061649532523006e-05,209.96334838867188,200.2879638671875,0.0008520671399310231,2.8224611282348633,234.63528442382812,1.3603306797449477e-05,224.2246856689453,216.5723114013672,5.271422196528874e-05,221.63365173339844,191.15147399902344,5.5572229030076414e-05,221.33792114257812,196.8223419189453,0.0005890173488296568,200.54177856445312,190.7812042236328,9.484649490332231e-05
1060,219.48117065429688,198.1597442626953,0.4545783996582031,215.7559814453125,220.47415161132812,8.370004070457071e-05,213.4297637939453,205.8818359375,5.742808298236923e-06,210.752197265625,200.5692138671875,0.00016472817515023053,2.832899570465088,234.70738220214844,1.733119825075846e-05,218.09579467773438,254.74331665039062,3.1925985240377486e-05,222.53591918945312,190.92739868164062,2.9261935196700506e-05,222.123291015625,196.08998107910156,0.0006663964595645666,198.73870849609375,206.78089904785156,6.962560291867703e-05
1061,218.46054077148438,198.2471466064453,0.3934272229671478,215.9415283203125,220.7449951171875,8.30237113405019e-05,-1.9895272254943848,250.91354370117188,4.756231646751985e-06,209.26173400878906,201.00973510742188,9.600550401955843e-05,1.559762954711914,250.5840301513672,1.4171847396937665e-05,217.93711853027344,254.6108856201172,2.6008745408034883e-05,1.5135395526885986,252.35052490234375,2.7587995646172203e-05,222.42579650878906,195.9251251220703,0.0005745235830545425,198.85214233398438,207.03695678710938,5.7956145610660315e-05
1062,218.78709411621094,198.5337371826172,0.35820627212524414,215.970947265625,221.0446014404297,9.612808207748458e-05,-1.9490151405334473,250.9679718017578,4.476828507904429e-06,211.2342529296875,200.64820861816406,0.00010675361409084871,3.309211254119873,218.92822265625,1.3530310752685182e-05,218.02590942382812,254.64572143554688,4.187071317574009e-05,1.4995880126953125,252.34877014160156,2.5701012418721803e-05,222.88917541503906,195.96824645996094,0.0003865082690026611,198.6667022705078,207.71449279785156,4.9706904974300414e-05
1063,219.46685791015625,198.87550354003906,0.35023483633995056,216.31573486328125,221.0113525390625,0.0001047637197189033,217.23257446289062,213.20791625976562,1.2628966942429543e-05,211.53826904296875,200.75253295898438,0.0002546155301388353,1.624175786972046,250.71266174316406,1.2037384294671938e-05,223.70016479492188,216.3128662109375,3.738112354767509e-05,222.9736328125,191.66461181640625,3.033395296370145e-05,222.80538940429688,196.46800231933594,0.00037750060437247157,198.34446716308594,207.83615112304688,5.4987132898531854e-05
1064,219.40512084960938,200.3151397705078,0.09183793514966965,201.4023895263672,219.64581298828125,6.55886105960235e-05,-1.866835117340088,250.9259796142578,4.115487172384746e-06,211.81988525390625,210.35433959960938,6.978260353207588e-05,1.4579212665557861,250.6634521484375,1.085712301573949e-05,217.81268310546875,255.07859802246094,3.312180342618376e-05,1.392505407333374,252.4010772705078,2.2030331820133142e-05,223.23782348632812,195.70404052734375,0.00017526662850286812,198.8107147216797,207.3644561767578,5.060479088569991e-05
1065,218.54901123046875,201.20355224609375,0.02434515953063965,200.7112274169922,219.42173767089844,2.0859695723629557e-05,-1.8905930519104004,251.0089874267578,3.860252490994753e-06,209.9956512451172,207.31109619140625,4.730468936031684e-05,3.2553086280822754,218.81739807128906,1.1795966202043928e-05,124.53605651855469,302.0061950683594,1.4035196727490984e-05,1.4040155410766602,252.363037109375,2.3186657926999032e-05,224.07565307617188,196.01913452148438,6.802497227909043e-05,198.7883758544922,206.8793182373047,5.6384789786534384e-05
1066,218.83108520507812,201.58909606933594,0.00216032681055367,200.9622802734375,219.86636352539062,6.540424692502711e-06,-1.9474377632141113,250.9639129638672,4.029325737064937e-06,210.64773559570312,206.6032257080078,1.627007259230595e-05,1.4173831939697266,250.71775817871094,1.1581556464079767e-05,124.54412078857422,302.06903076171875,1.4631579688284546e-05,1.3731307983398438,252.39736938476562,2.2760934371035546e-05,224.49073791503906,203.99720764160156,3.886263584718108e-05,198.60360717773438,205.92213439941406,4.4519580114865676e-05
1067,219.1178436279297,201.44313049316406,0.007268418557941914,215.60240173339844,220.56497192382812,8.638185136078391e-06,-1.9053153991699219,251.01795959472656,3.6467542940954445e-06,210.1426544189453,206.97645568847656,1.602674092282541e-05,2.6171388626098633,234.59085083007812,1.2752328075293917e-05,124.61564636230469,302.0620422363281,1.4002508578414563e-05,1.362175464630127,252.37936401367188,2.1497962734429166e-05,224.77752685546875,195.8251953125,3.9465914596803486e-05,198.812255859375,207.0047149658203,3.243822357035242e-05
1068,218.3540802001953,202.24502563476562,0.00028902277699671686,186.4303436279297,220.89456176757812,3.944648597098421e-06,-1.7541136741638184,250.88778686523438,4.945984983351082e-06,-0.5285158157348633,284.8729248046875,8.99489714356605e-06,1.49338960647583,250.5957794189453,1.622326635697391e-05,124.70137023925781,302.2160339355469,1.3567977475759108e-05,1.5842878818511963,252.19314575195312,3.220765938749537e-05,224.55636596679688,203.24952697753906,1.1806319889728911e-05,199.3284912109375,205.8031463623047,3.8289206713670865e-05
1069,218.14613342285156,201.9783172607422,0.0001836939773056656,200.47483825683594,218.68606567382812,2.8331530756986467e-06,-1.7068796157836914,250.90573120117188,4.420989625941729e-06,-1.1096649169921875,223.28536987304688,9.332467925560195e-06,1.4115934371948242,250.56790161132812,1.3803262845613062e-05,124.6836166381836,302.226806640625,1.3303138985065743e-05,1.4656970500946045,252.2768096923828,2.921447594417259e-05,224.58729553222656,203.01145935058594,1.3672330169356428e-05,199.2646026611328,205.56727600097656,2.3911967218737118e-05
1070,218.89076232910156,201.9103546142578,0.0007828037487342954,200.9745330810547,218.7984161376953,4.219194579491159e-06,-1.9617066383361816,250.98585510253906,3.614108891270007e-06,210.60057067871094,208.98687744140625,1.4263750017562415e-05,2.7160916328430176,234.6182403564453,1.1385031939425971e-05,124.50071716308594,301.9731140136719,1.4205757906893268e-05,1.3713924884796143,252.4356689453125,2.3211150619317777e-05,224.20443725585938,203.34335327148438,1.9704037185874768e-05,199.34532165527344,205.9633331298828,4.9827354814624414e-05
1071,217.76104736328125,202.5169677734375,0.00011539955448824912,122.71730041503906,298.4271545410156,3.566006398614263e-06,139.66659545898438,299.2977294921875,4.322776931076078e-06,-1.0630993843078613,223.3008270263672,8.367740520043299e-06,1.5012702941894531,250.66294860839844,1.2097204489691649e-05,124.65648651123047,301.84552001953125,1.5250684555212501e-05,1.4064013957977295,252.39833068847656,2.6295478164684027e-05,224.7952880859375,203.55361938476562,8.966233508544974e-06,200.00405883789062,206.1352996826172,2.90494008368114e-05
1072,216.6360321044922,207.962890625,0.00013588322326540947,122.65634155273438,298.6119384765625,3.975309937231941e-06,139.76724243164062,299.3384704589844,3.6595088204194326e-06,210.62831115722656,209.33001708984375,1.2542931472125929e-05,1.5888822078704834,250.69900512695312,1.1216480743314605e-05,124.4643783569336,301.85113525390625,1.4401129192265216e-05,1.3353214263916016,252.2865753173828,2.1891897631576285e-05,225.87591552734375,195.84007263183594,6.426602794817882e-06,199.9849853515625,207.05174255371094,4.996877396479249e-05
1073,216.45277404785156,207.42010498046875,0.0006912907701916993,201.17030334472656,220.0400848388672,1.0070329153677449e-05,-1.895726203918457,250.93626403808594,3.2070217912405496e-06,209.4850311279297,209.65106201171875,1.8466527762939222e-05,2.631190538406372,234.50863647460938,1.2277725545573048e-05,124.37779235839844,301.8426208496094,1.2183237231511157e-05,1.3337047100067139,252.35340881347656,2.0516550648608245e-05,225.12557983398438,195.6844024658203,1.0426172593724914e-05,200.10638427734375,207.5947265625,5.3464198572328314e-05
1074,216.68624877929688,207.2706298828125,0.0019207615405321121,201.01422119140625,219.82911682128906,1.2859221897087991e-05,-2.0450258255004883,250.9563446044922,3.0759824767301325e-06,209.21961975097656,209.75621032714844,3.512212060741149e-05,2.748507499694824,234.54359436035156,1.1630367225734517e-05,184.50274658203125,269.8767395019531,1.1863621693919413e-05,1.329082727432251,252.31277465820312,1.9808321667369455e-05,224.91500854492188,195.57456970214844,1.9575161786633544e-05,200.204833984375,207.88101196289062,0.00010256495443172753
1075,216.8916473388672,206.7578125,0.0029368612449616194,201.25604248046875,219.79808044433594,1.4405346519197337e-05,-1.974228858947754,250.9303741455078,2.9213420020823833e-06,209.31301879882812,209.95352172851562,4.2776013287948444e-05,2.7246885299682617,234.5222930908203,1.2050455552525818e-05,184.4746856689453,269.6923522949219,1.5674235328333452e-05,1.3280518054962158,252.29798889160156,1.849077489168849e-05,224.7977752685547,195.69406127929688,2.0553523427224718e-05,200.13340759277344,207.9683380126953,0.00010009510879172012
1076,216.19284057617188,206.7012176513672,0.003667962970212102,201.23907470703125,219.93630981445312,1.2223958947288338e-05,-1.9602222442626953,250.8871612548828,3.3379342312400695e-06,208.86166381835938,209.84584045410156,4.3681313400156796e-05,2.717280387878418,234.57237243652344,1.1826186891994439e-05,184.69174194335938,269.42401123046875,3.951909457100555e-05,1.408477783203125,252.25257873535156,1.8614429791341536e-05,224.58370971679688,195.51731872558594,1.764635817380622e-05,200.2783203125,208.57684326171875,9.634887828724459e-05
1077,216.37416076660156,206.21705627441406,0.015646615996956825,201.4058837890625,219.77536010742188,3.178872793796472e-05,-1.8986473083496094,250.84530639648438,3.543438879205496e-06,207.99307250976562,210.13134765625,0.00012891979713458568,2.6588687896728516,234.60218811035156,1.2039038665534463e-05,184.80270385742188,269.3641357421875,3.0225812224671245e-05,1.4255573749542236,252.28045654296875,2.123213380400557e-05,223.923583984375,195.5630340576172,2.5498264221823774e-05,200.18438720703125,209.12225341796875,0.00014925148570910096
1078,215.94317626953125,206.44338989257812,0.014996754936873913,201.52024841308594,219.66622924804688,4.0363775042351335e-05,-1.9761595726013184,250.80252075195312,3.4197803415736416e-06,207.5898895263672,210.06590270996094,0.00016199497622437775,1.607330560684204,250.62232971191406,1.1005832675436977e-05,184.44325256347656,269.5644836425781,3.5820867196889594e-05,1.3802697658538818,252.3271026611328,2.0138912077527493e-05,223.9453125,195.56529235839844,2.8276326702325605e-05,200.3599853515625,209.60621643066406,0.00015864150191191584
1079,216.4150848388672,205.61935424804688,0.013048788532614708,201.4510040283203,220.4080810546875,2.8601063604583032e-05,212.62429809570312,213.19175720214844,5.456523012981052e-06,207.91175842285156,209.19473266601562,0.0001885454257717356,1.509392261505127,250.5816192626953,1.0687576832424384e-05,184.55740356445312,269.6310119628906,5.032739500165917e-05,1.2559025287628174,252.35525512695312,2.098455843224656e-05,224.01055908203125,195.20716857910156,2.4772138203843497e-05,199.9207000732422,209.26983642578125,0.0002175624540541321
1080,216.36679077148438,205.82794189453125,0.0052573648281395435,201.86842346191406,221.48876953125,1.618685564608313e-05,213.48202514648438,212.36195373535156,4.894086032436462e-06,211.3132781982422,211.692138671875,0.00020400952780619264,2.6732263565063477,234.4936065673828,1.2287950994505081e-05,184.9937744140625,269.832763671875,8.727416570764035e-05,1.2830989360809326,252.3887176513672,1.5427980542881414e-05,223.20785522460938,204.4058837890625,7.803249172866344e-05,199.9263458251953,208.1044921875,0.00016775492986198515
1081,216.27374267578125,205.42721557617188,0.005292954854667187,201.42208862304688,221.34808349609375,9.559839782014024e-06,213.2370147705078,212.73944091796875,3.765001792999101e-06,211.46449279785156,211.9002685546875,0.00017837568884715438,1.6501328945159912,250.77101135253906,1.1027274922525976e-05,184.5109405517578,269.7582092285156,3.7837329728063196e-05,1.2791852951049805,252.37451171875,1.7212159946211614e-05,223.09332275390625,203.95001220703125,7.700990681769326e-05,199.56748962402344,208.34523010253906,0.00018330382590647787
1082,215.84463500976562,205.6925811767578,0.0012157324235886335,200.55996704101562,221.2454376220703,5.382876679504989e-06,-1.8956422805786133,250.90794372558594,3.7508923469431465e-06,211.4674072265625,212.29818725585938,8.248221274698153e-05,1.587787389755249,250.6979217529297,1.3492596735886764e-05,185.00767517089844,270.1084289550781,2.2113266822998412e-05,1.2222354412078857,252.49729919433594,2.0878043869743124e-05,226.20616149902344,195.23806762695312,3.438939165789634e-05,199.7288360595703,207.69911193847656,0.00013293921074364334
1083,206.2949676513672,200.77542114257812,0.0031476845033466816,201.41952514648438,220.5298309326172,9.172576028504409e-06,-2.0155529975891113,250.92372131347656,3.6020037441630848e-06,210.45721435546875,212.06199645996094,5.624259210890159e-05,1.489396333694458,250.81787109375,1.0587661563477013e-05,204.21493530273438,218.4221954345703,1.1666125828924123e-05,1.5140190124511719,252.4224853515625,1.7379825294483453e-05,223.60194396972656,203.27288818359375,5.002913894713856e-05,199.46275329589844,208.0157470703125,7.072790322126821e-05
1084,216.70458984375,200.87091064453125,0.009136625565588474,201.45199584960938,219.93321228027344,2.0138813852099702e-05,-1.9073410034179688,250.83917236328125,3.69946178579994e-06,208.07611083984375,207.1516876220703,4.71245039079804e-05,1.518326759338379,250.82861328125,1.0344641850679182e-05,202.18907165527344,200.98672485351562,1.9477811292745173e-05,1.4838244915008545,252.40472412109375,1.8487355191609822e-05,224.6681365966797,203.29425048828125,0.00013088680861983448,199.1835479736328,208.0586700439453,8.133576193358749e-05
1085,205.0235137939453,199.7640838623047,0.01767534390091896,201.88539123535156,220.03518676757812,2.6596351744956337e-05,-1.881272315979004,250.89459228515625,4.135726157983299e-06,207.45579528808594,206.964599609375,8.44906535348855e-05,1.5615384578704834,250.86968994140625,1.1030757377739064e-05,203.33177185058594,194.8716278076172,2.4713830498512834e-05,1.4614551067352295,252.41351318359375,1.968597098311875e-05,224.9122772216797,203.3382110595703,0.00010981214290950447,182.23648071289062,205.52317810058594,9.944797784555703e-05
1086,205.49569702148438,199.87391662597656,0.02233228087425232,201.7839813232422,220.0065460205078,3.9249796827789396e-05,-1.8498420715332031,250.88108825683594,3.7855015762033872e-06,207.36663818359375,207.62741088867188,0.00011104034638265148,1.5784564018249512,250.92568969726562,1.0952496268146206e-05,202.9984130859375,201.3579864501953,4.0793347579892725e-05,1.4114794731140137,252.572265625,1.83333449967904e-05,224.4910430908203,203.76695251464844,0.0001546692510601133,182.7505340576172,206.1414337158203,0.0001397225132677704
1087,205.34844970703125,199.77676391601562,0.029323989525437355,201.27992248535156,220.04550170898438,4.7925357648637146e-05,-1.906156063079834,250.882568359375,3.7019606224930612e-06,206.6796112060547,207.00221252441406,0.00010966700938297436,1.533618450164795,250.8240203857422,1.1776532119256444e-05,203.56065368652344,201.85382080078125,3.2564497814746574e-05,1.505061388015747,252.47137451171875,2.1092499082442373e-05,226.39598083496094,195.00518798828125,9.38402590691112e-05,182.36691284179688,206.54739379882812,0.00021402339916676283
1088,205.3693084716797,199.634765625,0.03676741570234299,201.77566528320312,220.36715698242188,9.835622768150643e-05,-1.816063404083252,250.85052490234375,3.838904376607388e-06,206.22203063964844,207.31134033203125,0.00014258974988479167,1.4817149639129639,250.88394165039062,1.158171198767377e-05,203.85745239257812,201.77935791015625,3.97892072214745e-05,1.5310442447662354,252.3525390625,2.041161678789649e-05,223.78952026367188,203.90374755859375,0.00016822617908474058,182.69732666015625,206.7598114013672,0.00027841003611683846
1089,205.4087677001953,199.36692810058594,0.05350580811500549,201.16783142089844,220.3333740234375,0.00010133604519069195,-1.791816234588623,250.90087890625,3.9561391531606205e-06,205.91934204101562,206.765625,0.00018441720749251544,1.5054214000701904,250.88868713378906,1.1873061339429114e-05,204.3660125732422,201.57632446289062,6.164995284052566e-05,1.421905279159546,252.3288116455078,1.974884798983112e-05,224.03579711914062,204.34323120117188,0.00019523041555657983,182.56752014160156,206.82762145996094,0.00024317186034750193
1090,205.7920379638672,199.33749389648438,0.1117144301533699,201.44741821289062,220.36228942871094,0.00013372530520427972,204.33746337890625,213.1788787841797,4.964306299370946e-06,205.46627807617188,206.80494689941406,0.00025326208560727537,1.4827709197998047,250.8443603515625,1.0507313163543586e-05,204.8629913330078,201.50430297851562,5.3210689657134935e-05,205.41806030273438,191.1330108642578,1.9593127944972366e-05,225.88836669921875,195.45266723632812,0.000268313946435228,182.8937530517578,206.9589080810547,0.0003818293334916234
1091,215.5006866455078,200.24070739746094,0.22262750566005707,201.95492553710938,220.0924835205078,0.00017448577273171395,203.69747924804688,212.6266326904297,7.633131644979585e-06,204.79425048828125,206.71096801757812,0.00035721439053304493,1.4979379177093506,250.8715057373047,1.0361623935750686e-05,205.16065979003906,201.53895568847656,5.571704241447151e-05,205.85882568359375,191.2960205078125,2.1758069124189205e-05,222.85641479492188,204.68649291992188,0.0004067560948897153,182.85879516601562,207.26258850097656,0.0004979742807336152
1092,204.16879272460938,199.5817413330078,0.07861661911010742,186.34901428222656,220.59359741210938,0.00013906497042626143,-1.7380080223083496,251.01025390625,3.810286671068752e-06,205.66030883789062,206.99176025390625,5.1349725254112855e-05,1.4823627471923828,250.766845703125,1.1550595445442013e-05,204.14088439941406,195.64076232910156,3.359144466230646e-05,1.2726941108703613,252.48556518554688,2.268409480166156e-05,224.41342163085938,204.4369659423828,0.00027662405045703053,183.50933837890625,206.80760192871094,0.00015670178981963545
1093,204.86471557617188,199.0817413330078,0.2197953462600708,186.41676330566406,220.5911407470703,0.00019409172818996012,203.8260040283203,213.24801635742188,6.130946530902293e-06,204.85935974121094,206.68634033203125,0.00018980879394803196,1.5443220138549805,250.7682342529297,1.1942583114432637e-05,204.68048095703125,195.58737182617188,4.347995127318427e-05,205.80526733398438,190.9211883544922,2.7568981749936938e-05,223.45419311523438,204.9092559814453,0.00043822560110129416,183.30972290039062,207.1019287109375,0.00029245714540593326
1094,204.76583862304688,199.0364532470703,0.25904539227485657,186.57081604003906,220.5867462158203,0.000194954001926817,203.43690490722656,213.19729614257812,8.009327757463325e-06,204.42311096191406,206.7857208251953,0.00015524621994700283,1.6226141452789307,250.7741241455078,1.068053643393796e-05,226.5634765625,215.19583129882812,5.443929694592953e-05,205.6891326904297,191.12637329101562,2.8988326448597945e-05,223.40174865722656,204.8373260498047,0.00044232828076928854,183.1288299560547,207.30152893066406,0.0003282361140009016
1095,205.3116912841797,198.83216857910156,0.28374403715133667,200.74806213378906,220.101318359375,0.00022776518017053604,203.62545776367188,212.91949462890625,1.2053397767886054e-05,204.60610961914062,206.6359100341797,0.0002571704098954797,1.5975933074951172,250.7687530517578,1.2262935342732817e-05,221.2807159423828,216.47283935546875,5.03638839290943e-05,205.7933807373047,191.07640075683594,3.341880437801592e-05,223.45420837402344,204.66397094726562,0.0005503655993379653,183.44573974609375,207.00247192382812,0.00027664488879963756
1096,210.6165313720703,197.65724182128906,0.4602378010749817,200.67547607421875,220.0325927734375,0.00030244325171224773,203.56687927246094,213.35548400878906,2.1496587578440085e-05,204.2432861328125,206.83193969726562,0.0005429809098131955,2.808624267578125,234.73507690429688,1.0286325050401501e-05,226.45225524902344,215.3163299560547,0.00018160432227887213,205.08399963378906,191.2178497314453,4.683589213527739e-05,223.38014221191406,205.24205017089844,0.00040026751230470836,183.2582244873047,207.23829650878906,0.0005986562464386225
1097,210.89027404785156,197.81373596191406,0.5239229202270508,196.77618408203125,222.47996520996094,0.0003380973357707262,203.7503204345703,213.3407745361328,2.6296029318473302e-05,204.3527069091797,206.8301544189453,0.0009364911238662899,219.90228271484375,217.2855682373047,1.285031066800002e-05,226.55355834960938,215.2937469482422,0.00015411540516652167,205.01097106933594,191.17486572265625,5.8231929870089516e-05,223.03970336914062,205.56137084960938,0.00036146576167084277,183.62265014648438,207.3302001953125,0.0004903269000351429
1098,211.2278289794922,198.0063934326172,0.5095241069793701,187.06764221191406,221.05711364746094,0.00033449058537371457,210.56431579589844,211.89842224121094,1.7103608115576208e-05,204.6554412841797,206.93838500976562,0.0009583247010596097,220.35183715820312,217.2367706298828,1.475515546189854e-05,223.59410095214844,210.45716857910156,0.0001434583537047729,204.836181640625,190.8401641845703,8.411979797529057e-05,224.6265411376953,196.2905731201172,0.00028638652293011546,183.7159881591797,207.5120086669922,0.0005239394959062338
1099,210.687744140625,197.71876525878906,0.6931673884391785,187.24032592773438,220.9757537841797,0.0005678739980794489,203.14541625976562,213.28982543945312,2.5852290491457097e-05,203.94444274902344,206.77915954589844,0.001110827666707337,220.41246032714844,217.12338256835938,1.346250792266801e-05,205.21795654296875,195.91229248046875,0.00012637415784411132,204.8887939453125,191.09120178222656,9.429683996131644e-05,223.12542724609375,205.4659881591797,0.0004106404376216233,183.6829071044922,207.7723846435547,0.0004919450148008764
1100,211.23388671875,197.55653381347656,0.6650412082672119,187.3861083984375,220.99205017089844,0.000366243562893942,210.4180145263672,211.58230590820312,4.3337880924809724e-05,204.42868041992188,206.8798828125,0.001689968747086823,220.7703094482422,217.16635131835938,1.8708306015469134e-05,223.80516052246094,210.336181640625,0.00012654309102799743,204.8516082763672,191.42666625976562,8.030795288505033e-05,222.97291564941406,205.4574432373047,0.0004589454911183566,183.77015686035156,207.57725524902344,0.0004217280074954033
1101,210.69778442382812,197.45054626464844,0.661689281463623,187.2045440673828,220.91644287109375,0.0003465732734184712,209.03030395507812,208.22447204589844,3.0149725716910325e-05,204.21075439453125,206.85572814941406,0.0012017149711027741,220.65542602539062,217.24363708496094,1.3525911526812706e-05,205.14492797851562,196.00677490234375,0.00010644296708051115,204.73313903808594,191.26327514648438,7.930024003144354e-05,224.37196350097656,196.37240600585938,0.00031902105547487736,183.8773956298828,207.59986877441406,0.0004406639782246202
1102,210.6708984375,197.57180786132812,0.6648540496826172,187.1654052734375,220.90554809570312,0.0005907537415623665,210.0359649658203,210.92294311523438,2.6173514925176278e-05,204.18572998046875,206.5234832763672,0.001052076811902225,220.4921875,217.15966796875,1.7938420569407754e-05,223.4895477294922,210.56666564941406,0.00010149666923098266,205.12506103515625,190.98597717285156,5.729704207624309e-05,223.17079162597656,205.4247589111328,0.00036132297827862203,183.6486053466797,207.55282592773438,0.00036891867057420313
1103,211.13796997070312,197.49867248535156,0.8659276366233826,202.14927673339844,220.78890991210938,0.0005748050753027201,203.5054473876953,211.87864685058594,9.912720270222053e-05,203.52980041503906,206.26980590820312,0.003649142337962985,220.62176513671875,217.16729736328125,4.208315658615902e-05,222.97586059570312,216.38795471191406,0.0001279638963751495,205.362548828125,191.57635498046875,7.665353768970817e-05,223.13165283203125,205.81626892089844,0.0005016931099817157,183.2183380126953,206.98748779296875,0.0005233034025877714
1104,204.87496948242188,198.76808166503906,0.5691508054733276,187.03294372558594,220.4237823486328,0.0006371292984113097,202.86387634277344,212.758544921875,2.0526533262454905e-05,204.4322967529297,200.98904418945312,0.0004808884405065328,1.2673351764678955,250.89744567871094,1.107621119444957e-05,204.9941864013672,196.34371948242188,0.0001068675919668749,205.68016052246094,191.5626220703125,7.394848944386467e-05,206.82394409179688,196.99505615234375,0.0002733221626840532,183.26873779296875,207.0771026611328,0.0005644100019708276
1105,205.21461486816406,198.55618286132812,0.7827393412590027,187.7169189453125,220.90603637695312,0.0016578022623434663,204.78689575195312,208.6829833984375,3.210606155334972e-05,203.73550415039062,201.0889892578125,0.000892594747710973,208.43373107910156,216.838623046875,1.1859470760100521e-05,226.1304931640625,217.7083740234375,0.00011737745808204636,205.71563720703125,191.5930938720703,7.203398854471743e-05,206.14944458007812,197.2762451171875,0.0004224508593324572,183.2493438720703,207.608154296875,0.0007500748033635318
1106,204.53306579589844,198.20191955566406,0.8065828084945679,196.349365234375,221.95089721679688,0.001225670101121068,203.3537139892578,207.59365844726562,0.00014264346100389957,203.004638671875,200.87039184570312,0.0008329381234943867,208.1581268310547,216.6651153564453,1.2453503586584702e-05,188.23501586914062,203.8179931640625,8.015622734092176e-05,205.83004760742188,191.52157592773438,4.165449718129821e-05,206.42970275878906,196.95681762695312,0.00040935081779025495,182.6546630859375,207.28298950195312,0.0009042865131050348
1107,204.24916076660156,198.8654022216797,0.6960828900337219,187.66192626953125,220.60186767578125,0.0008341410430148244,204.16737365722656,207.18711853027344,7.367812941083685e-05,195.47103881835938,202.6394805908203,0.0007370130042545497,1.2772741317749023,250.92994689941406,1.069186873792205e-05,205.61221313476562,196.05972290039062,0.00011057110532419756,206.27565002441406,191.5097198486328,6.73469839966856e-05,206.93275451660156,196.75628662109375,0.00037781705032102764,182.57188415527344,207.1671600341797,0.0008576072286814451
1108,202.9635467529297,198.38778686523438,0.9152412414550781,197.2857208251953,221.09690856933594,0.0018125250935554504,197.28021240234375,208.05758666992188,0.00013961317017674446,191.56105041503906,207.11294555664062,0.0005699784960597754,218.98248291015625,218.06033325195312,1.0314575774827972e-05,189.04867553710938,204.33731079101562,8.458368392894045e-05,206.4365234375,192.0037841796875,4.2595282138790935e-05,205.98358154296875,196.90200805664062,0.00020925146236550063,182.78179931640625,207.5960235595703,0.0009237143094651401
1109,202.978271484375,198.20387268066406,0.9327511787414551,196.92550659179688,220.99510192871094,0.0027369314339011908,197.08038330078125,208.16741943359375,0.0002974869858007878,191.7126007080078,207.1471405029297,0.001114248181693256,190.25225830078125,205.08807373046875,1.5366074876510538e-05,188.73477172851562,204.2782745361328,0.00013366551138460636,206.34332275390625,192.20164489746094,3.836983523797244e-05,206.18736267089844,197.03897094726562,0.00019088959379587322,182.5649871826172,207.70565795898438,0.0009719418012537062
1110,203.62245178222656,197.70989990234375,0.9301509261131287,196.55474853515625,221.2732391357422,0.0031913770362734795,197.83847045898438,207.9001922607422,0.00041012733709067106,192.29232788085938,206.7416229248047,0.0013403657358139753,207.325439453125,217.0531463623047,1.896153116831556e-05,188.25743103027344,203.82208251953125,0.00012463101302273571,206.3568878173828,192.12796020507812,3.538957753335126e-05,206.05694580078125,196.9844512939453,0.0001838194439187646,182.14596557617188,207.51107788085938,0.0008582064183428884
1111,204.07594299316406,197.66464233398438,0.8998976349830627,196.8773193359375,220.893310546875,0.0019476141314953566,197.87380981445312,207.9093017578125,0.0005735299782827497,192.4459228515625,207.06988525390625,0.0015291222371160984,218.91265869140625,218.42506408691406,1.641249400563538e-05,188.06866455078125,203.86199951171875,0.00014121744607109576,206.44544982910156,192.23739624023438,3.1163701351033524e-05,206.17015075683594,197.29635620117188,0.00022721313871443272,182.2457733154297,207.03538513183594,0.0010834787972271442
1112,203.5395965576172,197.86160278320312,0.8710885643959045,196.47781372070312,221.34219360351562,0.0017212729435414076,197.94383239746094,207.945068359375,0.00021901584113948047,192.49945068359375,207.26528930664062,0.0008321211207658052,207.04751586914062,217.0568389892578,1.165881894849008e-05,206.47877502441406,196.5343780517578,7.696571265114471e-05,206.03868103027344,191.6398162841797,4.125246778130531e-05,205.99618530273438,196.94203186035156,0.0001928323763422668,182.15972900390625,207.30953979492188,0.000714016379788518
1113,202.73562622070312,197.8966522216797,0.8498994708061218,196.50796508789062,221.45855712890625,0.0014016885543242097,197.5209197998047,207.7742919921875,6.279421359067783e-05,192.1271514892578,207.29759216308594,0.00024649640545248985,187.94056701660156,191.80596923828125,8.530037121090572e-06,206.60684204101562,196.70870971679688,5.628052167594433e-05,206.33335876464844,191.5232391357422,3.279176962678321e-05,205.62193298339844,196.59107971191406,0.00020780856721103191,182.2882080078125,207.23388671875,0.00041951730963774025
1114,202.80224609375,197.9398651123047,0.893328845500946,196.37469482421875,221.52122497558594,0.0018088623182848096,197.55015563964844,208.03941345214844,4.174165951553732e-05,192.09400939941406,207.2106170654297,0.00020789062546100467,187.8756561279297,191.88148498535156,9.473259524384048e-06,206.77455139160156,196.90765380859375,5.8782778069144115e-05,206.1773681640625,191.44915771484375,3.614496745285578e-05,205.6088104248047,196.69012451171875,0.0002125589526258409,182.29188537597656,207.6680450439453,0.0003743517445400357
1115,203.08895874023438,198.17193603515625,0.8609713315963745,196.5115203857422,221.5363006591797,0.0013441502815112472,197.57374572753906,208.0821533203125,4.0011920646065846e-05,192.3394775390625,207.5019989013672,0.0002806390111800283,1.5392768383026123,250.7777099609375,9.102410331252031e-06,206.4253692626953,196.49607849121094,5.8592828281689435e-05,206.2105712890625,191.55459594726562,3.905828998540528e-05,205.6915740966797,196.73013305664062,0.0002326881658518687,182.54437255859375,207.5287628173828,0.0005110447527840734
1116,202.37557983398438,198.57577514648438,0.6116414666175842,187.35804748535156,219.74307250976562,0.0003839456767309457,197.3290557861328,207.7130889892578,1.1366923899913672e-05,192.54444885253906,207.88658142089844,0.00018351123435422778,2.832756519317627,234.6068115234375,8.92957359610591e-06,188.47869873046875,204.44065856933594,4.623947825166397e-05,1.251462459564209,252.42532348632812,1.8221475329482928e-05,206.64637756347656,195.982421875,0.00021477446716744453,182.52029418945312,207.96876525878906,0.0006216979236342013
1117,202.51121520996094,198.78305053710938,0.8264537453651428,196.5523223876953,221.20114135742188,0.0010290439240634441,197.21600341796875,208.183837890625,3.1112864235183224e-05,192.22024536132812,207.6553192138672,0.0002322096552234143,2.7933340072631836,234.6374969482422,7.781423846608959e-06,188.93283081054688,204.24893188476562,5.719920591218397e-05,206.76751708984375,191.3651885986328,2.890167888836004e-05,205.98118591308594,196.4942626953125,0.00029705025372095406,182.7535858154297,208.50572204589844,0.0006445785402320325
1118,202.60292053222656,198.54039001464844,0.775492250919342,196.27581787109375,221.28369140625,0.0007514413446187973,197.64059448242188,207.96119689941406,2.6045903723570518e-05,192.4700927734375,207.74781799316406,0.00020760261395480484,1.2992608547210693,250.5532684326172,7.675381311855745e-06,188.4866485595703,203.90667724609375,5.805931141367182e-05,206.89132690429688,191.23916625976562,2.353528543608263e-05,206.33767700195312,196.30706787109375,0.0002448429586365819,182.32162475585938,208.32235717773438,0.0006839985144324601
1119,203.564453125,198.5104522705078,0.681281566619873,196.45172119140625,221.4278106689453,0.0003866853367071599,198.2347869873047,207.60751342773438,3.4898064768640324e-05,192.778564453125,207.15245056152344,0.00021592306438833475,1.269528865814209,250.68418884277344,8.310647899634205e-06,188.1475067138672,203.55694580078125,7.376502617262304e-05,206.38751220703125,191.23731994628906,2.7792331820819527e-05,206.04202270507812,196.33737182617188,0.00023970421170815825,182.4256591796875,207.8182830810547,0.0006639088969677687
1120,203.13404846191406,198.8710479736328,0.67542564868927,196.58734130859375,221.40963745117188,0.00037626465200446546,197.74713134765625,207.93722534179688,2.2353066015057266e-05,192.44410705566406,207.6588897705078,0.00013600975216832012,1.4497692584991455,250.78790283203125,9.691843843029346e-06,188.60336303710938,203.87298583984375,4.2841660615522414e-05,206.4169464111328,190.96250915527344,2.509867408662103e-05,205.65341186523438,196.21482849121094,0.00018617213936522603,182.46180725097656,208.0354766845703,0.0005587517516687512
1121,203.05674743652344,198.76712036132812,0.631847083568573,196.7357635498047,221.69007873535156,0.00032692504464648664,197.7990264892578,208.15493774414062,1.3649791981151793e-05,192.5401611328125,207.79998779296875,0.00013308151392266154,1.4780185222625732,250.88925170898438,9.751290235726628e-06,188.51829528808594,204.0047149658203,4.0441293094772846e-05,206.52012634277344,190.85986328125,2.3223947209771723e-05,205.66883850097656,196.15499877929688,0.00017520380788482726,182.74317932128906,207.9261932373047,0.0005714637809433043
1122,202.51576232910156,199.47344970703125,0.34416377544403076,186.6963653564453,220.70809936523438,0.00010391820251243189,123.98808288574219,300.3287048339844,4.8298552428605035e-06,192.75323486328125,208.2981414794922,4.2560481233522296e-05,1.3762969970703125,250.82015991210938,8.64262710820185e-06,205.2205047607422,196.26426696777344,2.5065332010854036e-05,1.1663832664489746,252.2518310546875,1.7626947737880982e-05,206.56112670898438,190.31263732910156,0.000152428139699623,182.8301544189453,207.63406372070312,0.00027593629783950746
1123,202.69459533691406,199.44509887695312,0.09170469641685486,186.72862243652344,206.99032592773438,5.662155308527872e-05,124.04349517822266,300.3550720214844,4.987896318198182e-06,193.5054473876953,207.8673095703125,3.426140028750524e-05,1.407165288925171,250.81796264648438,9.73357236944139e-06,204.0321807861328,196.0076904296875,1.959325891220942e-05,1.2224178314208984,252.24119567871094,1.880592026282102e-05,207.44459533691406,189.9925537109375,8.53591991472058e-05,182.97634887695312,206.75460815429688,0.00016316695837303996
1124,201.51194763183594,199.94976806640625,0.011546432040631771,186.83746337890625,207.05242919921875,2.360723738092929e-05,123.87641906738281,300.2531433105469,6.721275440213503e-06,-0.48996591567993164,284.8274841308594,1.4819291209278163e-05,1.5104260444641113,250.8416290283203,9.941386451828294e-06,125.18599700927734,301.8868713378906,1.2294761290831957e-05,1.1710350513458252,252.229248046875,1.9479442926240154e-05,208.62094116210938,189.6332550048828,4.8183581384364516e-05,182.99583435058594,206.00929260253906,6.422300793929026e-05
1125,202.00779724121094,200.2252655029297,0.02936105988919735,186.950439453125,206.9400634765625,3.4429027436999604e-05,123.8995590209961,300.2455139160156,5.239846814220073e-06,194.189208984375,207.7339630126953,2.409086846455466e-05,1.403604507446289,250.83689880371094,1.1072134839196224e-05,186.64051818847656,205.44354248046875,1.6903914001886733e-05,1.1713461875915527,252.2538604736328,2.1010529962950386e-05,208.11148071289062,189.77993774414062,3.562905840226449e-05,183.21441650390625,206.0231475830078,0.00015969920787028968
1126,202.0042724609375,200.23585510253906,0.06766946613788605,187.19557189941406,207.08412170410156,6.562239286722615e-05,123.9011001586914,300.3548889160156,4.201374849799322e-06,193.81491088867188,207.89195251464844,2.3309950847760774e-05,1.415414810180664,250.85775756835938,1.1465267562016379e-05,187.30538940429688,205.18389892578125,1.6558815332246013e-05,1.186391830444336,252.18685913085938,2.0375015083118342e-05,207.61903381347656,195.93426513671875,5.016223440179601e-05,183.69390869140625,206.4586181640625,0.00017288315575569868
1127,201.9043731689453,200.48326110839844,0.04821505770087242,187.2485809326172,207.31423950195312,9.25824570003897e-05,-1.668513298034668,250.98672485351562,4.1700832298374735e-06,193.9889678955078,207.96060180664062,1.484571384935407e-05,1.3751485347747803,250.90162658691406,1.2149162103014532e-05,108.85627746582031,300.87823486328125,1.1115522283944301e-05,1.2362070083618164,252.2129669189453,2.0676630811067298e-05,207.4622802734375,195.7284698486328,6.050092270015739e-05,184.1935272216797,206.6380615234375,0.00011393905151635408
1128,201.46775817871094,200.52252197265625,0.03613351657986641,186.3682861328125,206.796142578125,4.256583997630514e-05,123.96484375,300.4818115234375,5.798368874820881e-06,-0.40105390548706055,284.85968017578125,1.133727164415177e-05,1.4883058071136475,250.93685913085938,1.1754315892176237e-05,108.85523223876953,300.9060363769531,9.457949090574402e-06,1.2655072212219238,252.37051391601562,1.9881790649378672e-05,207.67904663085938,195.67282104492188,4.690615969593637e-05,184.02487182617188,206.59701538085938,8.001891546882689e-05
1129,201.2377166748047,200.4517059326172,0.006195508409291506,186.26953125,206.69276428222656,2.0454093828448094e-05,124.010009765625,300.580078125,6.7033070081379265e-06,-0.4217977523803711,284.8439636230469,1.0456084055476822e-05,2.644101619720459,234.61160278320312,1.2251222869963385e-05,125.19947814941406,301.9502258300781,1.0856946573767345e-05,1.3194773197174072,252.49093627929688,2.0709963791887276e-05,208.60333251953125,195.1226348876953,2.6423755116411485e-05,183.74061584472656,205.7729034423828,4.852314668823965e-05
1130,203.21435546875,201.60946655273438,0.0024522976018488407,186.03172302246094,206.59132385253906,1.3033737559453584e-05,124.01202392578125,300.3302307128906,6.718302302033408e-06,-0.3658561706542969,284.7720947265625,9.663334822107572e-06,2.6426095962524414,234.5866241455078,1.3469429177348502e-05,125.30203247070312,301.85931396484375,1.1796810213127173e-05,1.3284533023834229,252.51480102539062,1.9705825252458453e-05,208.32696533203125,189.39703369140625,1.3077889889245853e-05,183.9354705810547,205.42117309570312,3.8057314668549225e-05
1131,210.49229431152344,204.79193115234375,0.0004565963172353804,185.50039672851562,206.81808471679688,1.0868756362469867e-05,123.90553283691406,300.3890686035156,6.61046260574949e-06,-0.2979440689086914,284.77734375,1.1861438906635158e-05,2.5825304985046387,234.53781127929688,1.4208818356564734e-05,125.30976104736328,301.83795166015625,1.1768247532017995e-05,1.3361713886260986,252.50563049316406,1.921790862979833e-05,225.2923583984375,204.00193786621094,9.783940186025575e-06,184.35055541992188,205.27401733398438,2.4263026716653258e-05
1132,202.48561096191406,205.04470825195312,0.00014664660557173193,185.51019287109375,206.72450256347656,6.953159299882827e-06,123.74192810058594,300.4765319824219,5.270126621326199e-06,-0.3292245864868164,284.7143859863281,1.2775309187418316e-05,2.6113505363464355,234.6264190673828,1.1453825209173374e-05,125.23403930664062,301.96087646484375,1.326277015323285e-05,1.2681145668029785,252.53701782226562,1.9128679923596792e-05,209.36624145507812,189.37171936035156,6.389684585883515e-06,183.68222045898438,204.9512939453125,1.8007904145633802e-05
1133,210.37567138671875,204.71224975585938,0.00047457803157158196,185.4677276611328,206.92758178710938,1.027452071866719e-05,123.72744750976562,300.3800964355469,5.418719410954509e-06,-0.3398933410644531,284.6884765625,9.863420928013511e-06,2.65010404586792,234.63096618652344,1.0252243555441964e-05,125.21340942382812,301.8836364746094,1.295214406127343e-05,1.3010034561157227,252.52487182617188,2.0143654182902537e-05,225.8482208251953,203.88609313964844,1.4808497326157521e-05,183.76132202148438,205.4179229736328,2.263830174342729e-05
1134,214.9492645263672,206.32559204101562,0.0015630368143320084,185.16159057617188,206.99107360839844,9.805694389797281e-06,123.90081024169922,300.4466247558594,4.314161287766183e-06,207.7391357421875,208.28359985351562,2.0555604351102374e-05,1.3632335662841797,250.7193145751953,1.143287227023393e-05,125.0454330444336,302.16229248046875,1.135684760811273e-05,1.3340866565704346,252.49644470214844,2.169021900044754e-05,225.38150024414062,203.81048583984375,1.3836804100719746e-05,183.244873046875,205.2068634033203,2.5810362785705365e-05
1135,215.00460815429688,206.52200317382812,0.0010715984972193837,185.35182189941406,207.20433044433594,1.0483511687198188e-05,123.89859771728516,300.2943420410156,5.108780896989629e-06,207.6772003173828,208.23175048828125,1.481475464970572e-05,1.3740036487579346,250.75714111328125,1.1518651263031643e-05,125.14234924316406,301.95123291015625,1.2110144780308474e-05,1.260895013809204,252.50537109375,2.0826995751122013e-05,225.66981506347656,203.87220764160156,1.4816661860095337e-05,183.6136474609375,205.13929748535156,2.3347236492554657e-05
1136,210.46656799316406,204.99237060546875,0.000547874195035547,185.59397888183594,207.33627319335938,1.568308834976051e-05,123.87958526611328,300.38671875,4.910365078103496e-06,-0.3666205406188965,284.6816711425781,1.1020725651178509e-05,1.399369716644287,250.72694396972656,1.0500160897208843e-05,109.06674194335938,301.0137634277344,1.3591610695584677e-05,1.286050796508789,252.4971160888672,2.037400372500997e-05,226.25494384765625,203.93699645996094,1.3668405699718278e-05,183.69786071777344,205.45396423339844,3.075720451306552e-05
1137,202.8436737060547,205.43177795410156,0.00016832260007504374,185.1942901611328,207.43267822265625,1.0000703696277924e-05,123.85363006591797,300.3567199707031,5.721898560295813e-06,-0.44676923751831055,284.7842712402344,9.609894732420798e-06,1.3249409198760986,250.66278076171875,1.1552633623068687e-05,109.06051635742188,300.95709228515625,1.306609465245856e-05,1.3916659355163574,252.3885040283203,2.2750064090359956e-05,226.15182495117188,203.8152618408203,1.1863996405736543e-05,183.75160217285156,205.38780212402344,1.5675328540964983e-05
1138,215.30337524414062,206.71151733398438,0.0006947886431589723,185.07374572753906,207.52760314941406,1.4199323231878225e-05,123.80606842041016,300.34197998046875,4.209821781842038e-06,-0.4287266731262207,284.76751708984375,1.1168363926117308e-05,1.2876510620117188,250.79071044921875,1.2075016456947196e-05,109.0950927734375,300.96661376953125,1.205690477945609e-05,1.3804876804351807,252.36712646484375,2.2902986529516056e-05,225.7082061767578,204.0388946533203,1.3184180716052651e-05,183.87977600097656,205.6695556640625,1.7079275494324975e-05
1139,214.9732208251953,206.97547912597656,0.0013636760413646698,185.0460968017578,207.74554443359375,1.9546603652997874e-05,123.76073455810547,300.3602600097656,4.305985385144595e-06,-0.4206686019897461,284.79132080078125,1.081517621059902e-05,1.476604700088501,250.85227966308594,1.434934983990388e-05,109.06613159179688,300.8889465332031,1.3491514437191654e-05,1.2131450176239014,252.44442749023438,2.229156598332338e-05,225.04173278808594,204.11172485351562,1.2597403838299215e-05,184.0231475830078,205.7394561767578,1.8643459043232724e-05
1140,215.5406951904297,207.2564239501953,0.0007754128309898078,185.97540283203125,207.442626953125,7.99134522821987e-06,123.74343872070312,300.46405029296875,5.436244919110322e-06,-0.5077667236328125,284.79864501953125,1.0787580322357826e-05,1.574587106704712,250.88458251953125,1.622153286007233e-05,125.31428527832031,302.0346984863281,1.2678394341492094e-05,1.2900235652923584,252.50360107421875,2.405166014796123e-05,224.58384704589844,203.7516326904297,2.113226400979329e-05,198.6698455810547,208.0250244140625,1.7327824025414884e-05
1141,215.26864624023438,207.28997802734375,0.0009446226758882403,185.90997314453125,207.67738342285156,1.0312253834854346e-05,123.74443054199219,300.4991455078125,5.671882718161214e-06,-0.5310587882995605,284.7510986328125,1.0548849786573555e-05,1.580230951309204,250.9391326904297,1.6130301446537487e-05,125.25245666503906,301.9419860839844,1.4593981177313253e-05,1.2608420848846436,252.36685180664062,2.549904093029909e-05,224.53134155273438,203.98219299316406,1.9714658265002072e-05,183.8314971923828,205.2496795654297,2.0711562683572993e-05
1142,216.47857666015625,207.0968780517578,0.0011888835579156876,185.57933044433594,207.849365234375,8.271374099422246e-06,123.78543853759766,300.5039978027344,5.19854438607581e-06,-0.4897890090942383,284.78765869140625,1.1055400136683602e-05,1.6124536991119385,250.93125915527344,1.4853899301670026e-05,125.2070083618164,302.00640869140625,1.53144483192591e-05,1.2461268901824951,252.36741638183594,2.456509173498489e-05,224.9403076171875,204.30331420898438,2.442155710014049e-05,197.56234741210938,207.86557006835938,2.4624174329801463e-05
1143,216.45468139648438,207.20298767089844,0.0013969250721856952,185.61485290527344,207.90921020507812,7.4246645453968085e-06,-1.5631489753723145,251.01368713378906,5.556538781092968e-06,-0.41281700134277344,284.7331848144531,1.1011269634764176e-05,1.406099557876587,250.88973999023438,1.6985859474516474e-05,125.18394470214844,301.9661865234375,1.4511806512018666e-05,1.3106532096862793,252.4279022216797,2.733384280872997e-05,224.7093505859375,204.3566131591797,2.25379644689383e-05,197.96026611328125,207.91043090820312,3.0500568755087443e-05
1144,216.2899932861328,207.25680541992188,0.0017708324594423175,185.32464599609375,207.7334747314453,7.529742106271442e-06,-1.6077842712402344,251.03199768066406,5.070513907412533e-06,207.8965606689453,208.5557861328125,1.2661128494073637e-05,1.4435417652130127,250.843017578125,1.685653842287138e-05,125.14885711669922,302.1083679199219,1.3115220099280123e-05,1.2592744827270508,252.4031982421875,2.5732500944286585e-05,224.52980041503906,204.63255310058594,1.9306669855723158e-05,197.9305419921875,208.037841796875,3.59657897206489e-05
1145,216.53953552246094,207.35890197753906,0.001554964343085885,185.41209411621094,207.7372283935547,6.642451353400247e-06,-1.6147689819335938,251.0646514892578,4.876201728620799e-06,207.76296997070312,208.4866485595703,1.2835476809414104e-05,1.4767842292785645,250.80392456054688,1.6684913134668022e-05,125.20034790039062,301.98785400390625,1.1913314665434882e-05,1.2834446430206299,252.45445251464844,2.4780971216387115e-05,224.5037078857422,204.36671447753906,1.3394799680099823e-05,198.23512268066406,208.0292510986328,3.527841545292176e-05
1146,216.37705993652344,207.40060424804688,0.0010148469591513276,185.58470153808594,207.8245391845703,7.67228539189091e-06,123.88444519042969,300.37896728515625,5.664455784426536e-06,207.95755004882812,208.48851013183594,1.0781379387481138e-05,1.4249763488769531,250.828125,1.40641377583961e-05,125.17958068847656,301.98980712890625,1.4141808605927508e-05,1.2327821254730225,252.4919891357422,2.0346200471976772e-05,224.58131408691406,204.51397705078125,1.5222497495415155e-05,198.3011932373047,207.4842529296875,2.8319072953308932e-05
1147,215.59902954101562,207.1906280517578,0.001352732884697616,185.6531524658203,208.12950134277344,1.2205227903905325e-05,123.82484436035156,300.2884826660156,5.564768798649311e-06,-0.47656726837158203,284.7467346191406,1.0301296242687386e-05,1.389042615890503,250.82960510253906,1.500553116784431e-05,125.24441528320312,302.0150146484375,1.4009295227879193e-05,1.2303645610809326,252.46987915039062,2.4941909941844642e-05,224.30615234375,204.5658721923828,1.8768312656902708e-05,198.70452880859375,208.19281005859375,1.6650976249366067e-05
1148,216.60916137695312,206.9701690673828,0.002057468518614769,185.4995880126953,207.788330078125,1.0160719284613151e-05,-1.6255764961242676,250.9623565673828,4.860615263169166e-06,-0.5337104797363281,284.7580261230469,1.0083361303259153e-05,1.391418218612671,250.9196014404297,1.5614141375408508e-05,125.21405029296875,302.1277160644531,1.2786546903953422e-05,1.227123498916626,252.38601684570312,2.619933547975961e-05,224.2421112060547,204.57192993164062,1.6730529750930145e-05,198.6176300048828,207.88235473632812,1.8226828615297563e-05
1149,216.36895751953125,206.8496856689453,0.00118248478975147,185.42127990722656,207.92929077148438,1.0648427632986568e-05,123.91004943847656,300.3169250488281,4.408233053254662e-06,-0.5199193954467773,284.8140563964844,1.0693673175410368e-05,1.3393189907073975,250.84353637695312,1.3201038200350013e-05,125.13887786865234,302.2166442871094,1.257104941032594e-05,1.2424747943878174,252.4643096923828,1.929531390487682e-05,224.99327087402344,204.59645080566406,2.018338091147598e-05,166.75125122070312,220.04896545410156,1.561117824167013e-05
1150,216.44802856445312,207.0146942138672,0.001427692943252623,185.44454956054688,207.8625030517578,1.3220364962762687e-05,123.98145294189453,300.3476867675781,4.212291514704702e-06,-0.4221982955932617,284.75482177734375,1.003288707579486e-05,2.601738452911377,234.68788146972656,1.3392513210419565e-05,125.01148223876953,302.2469787597656,1.1428228390286677e-05,1.2869153022766113,252.48312377929688,2.1765436031273566e-05,224.57005310058594,204.6912841796875,2.0805000531254336e-05,166.80023193359375,220.22686767578125,1.7960535842576064e-05
1151,216.3426055908203,206.94488525390625,0.0009631361463107169,185.56533813476562,207.64129638671875,9.085742021852639e-06,123.97796630859375,300.38421630859375,4.499217084230622e-06,-0.38950634002685547,284.7916259765625,1.1669497325783595e-05,1.3947010040283203,250.69119262695312,1.3329770808923058e-05,125.00506591796875,302.2554931640625,1.1286020708212163e-05,1.2344820499420166,252.53346252441406,2.3048849470796995e-05,224.68194580078125,204.5398712158203,2.4858418328221887e-05,166.3787841796875,220.46778869628906,1.2857995898230001e-05
1152,216.77548217773438,207.74166870117188,0.0008802123484201729,185.2500762939453,207.772705078125,7.70087444834644e-06,123.82009887695312,300.11285400390625,6.127889264462283e-06,-0.47808170318603516,284.65777587890625,1.2503543075581547e-05,2.6852991580963135,234.70040893554688,1.3026357919443399e-05,166.96885681152344,268.45477294921875,1.545895247545559e-05,1.3912031650543213,252.25535583496094,2.2302452634903602e-05,224.38829040527344,204.26263427734375,3.250867666793056e-05,198.7596893310547,207.44384765625,1.6728663467802107e-05
1153,217.1397705078125,207.61441040039062,0.0010748185450211167,185.08267211914062,207.79867553710938,5.92303013036144e-06,123.83523559570312,300.3104248046875,4.8510155465919524e-06,207.82688903808594,209.28643798828125,1.3933229638496414e-05,1.3283050060272217,250.99281311035156,1.2203494407003745e-05,167.014404296875,268.2047424316406,2.5844698029686697e-05,1.3568406105041504,252.3335723876953,2.634753764141351e-05,224.4928436279297,204.28456115722656,2.269313881697599e-05,198.60220336914062,207.2985076904297,2.4845146981533617e-05
1154,216.94058227539062,207.7455596923828,0.0006662541418336332,185.13282775878906,207.4972686767578,7.251843726407969e-06,123.84819030761719,300.26287841796875,3.837242275039898e-06,-0.37401294708251953,284.6875,1.4559616829501465e-05,2.54156231880188,234.82986450195312,1.1740257832570933e-05,167.1129608154297,268.58758544921875,1.8111621102434583e-05,1.3680500984191895,252.31234741210938,2.2403322873287834e-05,224.4822235107422,204.0504150390625,2.3813861844246276e-05,184.15594482421875,204.5791473388672,1.6662303096381947e-05
1155,216.6693572998047,207.54905700683594,0.0005466178990900517,185.37142944335938,207.45982360839844,8.652474207337946e-06,-1.642998218536377,250.97474670410156,4.637939582607942e-06,-0.4163780212402344,284.68182373046875,1.4792928595852572e-05,1.340482473373413,250.9334716796875,1.3687150385521818e-05,167.0574951171875,268.5540466308594,1.6019925169530325e-05,1.397995948791504,252.3597869873047,2.7223932193010114e-05,224.40576171875,204.11248779296875,1.9514640371198766e-05,184.10906982421875,204.70309448242188,1.6924625015235506e-05
1156,204.0536346435547,206.0062713623047,5.066703670308925e-05,185.4802703857422,207.47763061523438,3.4164977478212677e-06,123.84996795654297,300.33697509765625,6.241918526939116e-06,-0.49228858947753906,284.6737060546875,1.2583787793118972e-05,1.1755671501159668,250.89730834960938,1.3176789252611343e-05,167.01988220214844,268.7818908691406,1.4423724678636063e-05,1.3564810752868652,252.24949645996094,2.53329399129143e-05,225.81886291503906,203.7810821533203,8.770324711804278e-06,-1.815028190612793,249.74168395996094,8.627441275166348e-06
1157,216.45974731445312,207.86900329589844,4.887628529104404e-05,185.71456909179688,207.4000244140625,4.217572950437898e-06,123.81434631347656,300.2869873046875,6.205724275787361e-06,-0.49851226806640625,284.65167236328125,1.2987023183086421e-05,1.0200870037078857,250.86196899414062,1.305575824517291e-05,167.0955352783203,269.0285949707031,1.566791434015613e-05,1.280989408493042,252.36135864257812,2.890347059292253e-05,225.87045288085938,203.636474609375,1.3677298738912214e-05,-1.8762283325195312,249.75746154785156,1.0070434655062854e-05
1158,216.17352294921875,207.3872528076172,0.00022210039605852216,185.68145751953125,207.8046417236328,8.266272743640002e-06,123.81600189208984,300.30340576171875,5.86833539273357e-06,-0.5541505813598633,284.67523193359375,1.1797957995440811e-05,1.0530297756195068,250.7855987548828,1.23737836474902e-05,166.9551544189453,269.13507080078125,1.9508239347487688e-05,1.358360767364502,252.265380859375,2.6062378310598433e-05,225.61814880371094,204.08935546875,1.6167015928658657e-05,184.272705078125,204.68209838867188,1.2985116882191505e-05
1159,216.59158325195312,207.39016723632812,0.00021749880397692323,185.6499786376953,207.67578125,7.195436865004012e-06,123.83432006835938,300.2530822753906,5.951210823695874e-06,-0.5371575355529785,284.6893005371094,1.2219904419907834e-05,2.5652332305908203,234.78758239746094,1.2465979125408921e-05,167.09420776367188,269.156494140625,2.4096725610434078e-05,1.355729341506958,252.34872436523438,2.4676524844835512e-05,225.5730743408203,204.08872985839844,1.7835865946835838e-05,184.26715087890625,204.53379821777344,1.1488734344311524e-05
1160,217.04531860351562,207.15550231933594,0.0011686132056638598,185.7847900390625,207.5694122314453,1.0602353540889453e-05,123.81341552734375,300.13958740234375,5.252714800008107e-06,208.19151306152344,209.3802947998047,1.681011235632468e-05,1.238570213317871,250.85025024414062,1.3018285244470462e-05,167.0138702392578,269.07464599609375,2.2996462575974874e-05,1.3547945022583008,252.2974395751953,2.3450151275028475e-05,224.61639404296875,204.4111785888672,3.7228117435006425e-05,198.656982421875,207.2853546142578,2.059197868220508e-05
1161,217.40371704101562,207.2435302734375,0.001613196567632258,185.78402709960938,207.3336944580078,8.959838851296809e-06,123.85986328125,300.1702575683594,4.926956535200588e-06,208.0978240966797,209.50672912597656,2.8984646633034572e-05,1.244884967803955,250.88748168945312,1.2520989912445657e-05,167.02980041503906,268.9029541015625,2.829906952683814e-05,1.2533478736877441,252.34188842773438,2.2129022909211926e-05,224.3970947265625,204.76406860351562,3.375801315996796e-05,198.55921936035156,207.41871643066406,2.5139277568086982e-05
1162,216.91412353515625,207.31414794921875,0.0008168956846930087,185.7515106201172,207.55137634277344,8.083469765551854e-06,123.90636444091797,300.1828918457031,5.493641765497159e-06,208.4283447265625,209.4211883544922,1.4856804227747489e-05,2.6244306564331055,234.52867126464844,1.7516065781819634e-05,166.84304809570312,268.924560546875,2.46471754508093e-05,1.393594741821289,252.3368377685547,2.5255651053157635e-05,224.84999084472656,204.50198364257812,2.6638970666681416e-05,198.30043029785156,207.4922637939453,1.8873888620873913e-05
1163,217.37158203125,207.40325927734375,0.000635684235021472,185.5003662109375,207.61839294433594,7.228208687592996e-06,123.86243438720703,300.2388000488281,5.854991741216509e-06,208.7523193359375,209.67135620117188,1.7842568922787905e-05,2.5883376598358154,234.65321350097656,1.3425325960270129e-05,166.82089233398438,268.79071044921875,2.9638778869411908e-05,1.3640899658203125,252.23622131347656,2.1396595911937766e-05,224.72024536132812,204.1844940185547,2.7802005206467584e-05,198.5677032470703,206.82569885253906,2.0866938939434476e-05
1164,216.2193145751953,207.2798309326172,0.0005979072884656489,185.34092712402344,207.9003143310547,6.229941391211469e-06,123.8936538696289,300.4078369140625,8.007021278899629e-06,-0.2702522277832031,284.7882385253906,1.2029408935632091e-05,1.4413657188415527,250.99803161621094,1.8729620933299884e-05,167.25987243652344,268.18115234375,5.152946323505603e-05,1.2751994132995605,252.2127685546875,3.0501267247018404e-05,225.49993896484375,204.97047424316406,2.1903490051045083e-05,166.05003356933594,220.77171325683594,2.220032001787331e-05
1165,216.30421447753906,207.47369384765625,0.0002559298009146005,185.5156707763672,207.54063415527344,4.954529686074238e-06,123.93055725097656,300.4072265625,7.0228193180810194e-06,-0.27654314041137695,284.70513916015625,1.1733339306374546e-05,1.4001412391662598,251.00088500976562,1.9001065084012225e-05,167.40382385253906,268.09991455078125,6.408468470908701e-05,1.2147021293640137,252.2263946533203,3.190437564626336e-05,225.438720703125,204.41717529296875,1.8461578292772174e-05,166.28775024414062,220.669677734375,2.479946124367416e-05
1166,215.9114990234375,207.76071166992188,0.0001490908907726407,185.55076599121094,207.64532470703125,4.141010776947951e-06,123.81809997558594,300.4027404785156,8.83285883901408e-06,-0.3793630599975586,284.8011169433594,9.2169448180357e-06,1.4203221797943115,250.91343688964844,1.4698724044137634e-05,167.2456512451172,268.318115234375,3.962754999520257e-05,1.2264926433563232,252.1770782470703,2.7702521038008854e-05,225.77444458007812,204.39898681640625,1.3421933545032516e-05,166.32020568847656,220.6592559814453,1.92467232409399e-05
1167,216.35125732421875,207.7740936279297,0.00012385976151563227,185.6223602294922,207.6808624267578,3.5389371078053955e-06,123.83404541015625,300.5301513671875,6.801067684136797e-06,-0.3057975769042969,284.7650146484375,1.0808629667735659e-05,1.2854053974151611,250.93502807617188,1.3370983651839197e-05,167.3004608154297,268.5805969238281,2.737077920755837e-05,1.1333796977996826,252.2422332763672,2.3054277335177176e-05,225.62538146972656,204.27035522460938,1.2173376489954535e-05,166.2880401611328,220.67788696289062,1.0328602911613416e-05
1168,216.5780792236328,207.9727783203125,0.0001276920665986836,185.29466247558594,207.73052978515625,3.0551582312909886e-06,123.87210083007812,300.5667419433594,6.0278021010162774e-06,-0.2904796600341797,284.78179931640625,1.1579170859477017e-05,1.3734216690063477,251.02377319335938,1.3766348274657503e-05,167.1868133544922,268.7408142089844,2.5489876861684024e-05,1.2614433765411377,252.16830444335938,2.6043840989586897e-05,225.1883544921875,204.15692138671875,1.423048979631858e-05,166.3114471435547,220.7349853515625,1.541345045552589e-05
1169,216.13368225097656,207.43057250976562,0.0001958903158083558,185.22393798828125,208.18202209472656,4.230338618071983e-06,123.84426879882812,300.47625732421875,5.5557911764481105e-06,-0.25043296813964844,284.7698059082031,1.1464306226116605e-05,2.5121541023254395,234.5762481689453,1.3572337593359407e-05,166.95767211914062,268.72637939453125,2.160522672056686e-05,1.2560298442840576,252.31871032714844,1.9824348783004098e-05,225.43577575683594,204.34657287597656,2.5072860807995312e-05,166.2027587890625,220.74424743652344,1.3027264685661066e-05
1170,216.43484497070312,207.68089294433594,0.000149852829053998,185.30381774902344,208.13128662109375,4.489937509788433e-06,123.87178802490234,300.549072265625,4.826166787097463e-06,-0.27318859100341797,284.7717590332031,1.1429776350269094e-05,2.5174083709716797,234.57569885253906,1.444701774744317e-05,166.9322509765625,269.06378173828125,2.2939053451409563e-05,1.260396957397461,252.33367919921875,2.3521553885075264e-05,225.45492553710938,204.58087158203125,1.7634347386774607e-05,166.0289764404297,220.7003173828125,9.53498329181457e-06
1171,215.9669952392578,207.96058654785156,0.00011136259854538366,186.23060607910156,222.0548095703125,3.69222607332631e-06,123.81121063232422,300.4495544433594,4.781750703841681e-06,-0.8692831993103027,223.05303955078125,1.0973762982757762e-05,2.55326509475708,234.39820861816406,1.4865845514577813e-05,166.85826110839844,268.8946533203125,1.8267985069542192e-05,1.2883388996124268,252.28140258789062,2.286448943777941e-05,225.55587768554688,204.49925231933594,1.5714736946392804e-05,166.25308227539062,220.87464904785156,1.082324524759315e-05
1172,203.2289581298828,206.9548797607422,4.179917959845625e-05,106.69500732421875,298.1617736816406,2.33514128922252e-06,123.79979705810547,300.475830078125,5.239027359493775e-06,-0.36951208114624023,284.7856140136719,9.840205166256055e-06,2.5716347694396973,234.47901916503906,1.3913032489654142e-05,166.64573669433594,269.0499572753906,2.532144389988389e-05,1.3737268447875977,252.296875,2.2365709810401313e-05,225.93264770507812,204.1825408935547,8.96611345524434e-06,-1.8095698356628418,249.28921508789062,6.198567007231759e-06
1173,215.75491333007812,208.15127563476562,7.273660594364628e-05,185.928955078125,221.8365478515625,3.000031938427128e-06,123.82568359375,300.24371337890625,5.595324637397425e-06,-0.2816009521484375,284.7915344238281,1.1230694326513913e-05,2.5282535552978516,234.49197387695312,1.204537784360582e-05,166.47633361816406,268.9893798828125,1.8613809515954927e-05,1.3058149814605713,252.30807495117188,1.9224195057176985e-05,225.82794189453125,204.06048583984375,9.960413990484085e-06,166.1187744140625,220.76034545898438,7.0681594479538035e-06
1174,215.77212524414062,207.90725708007812,5.7034067140193656e-05,185.24154663085938,208.06996154785156,3.346938910908648e-06,123.80292510986328,300.34222412109375,5.667454843205633e-06,-0.40946292877197266,284.8030090332031,1.033510488923639e-05,1.5525140762329102,250.88375854492188,1.247416093974607e-05,166.639892578125,268.96917724609375,1.9104287275695242e-05,1.2988128662109375,252.17227172851562,2.0237232092767954e-05,226.04385375976562,204.31741333007812,1.070460075425217e-05,166.06979370117188,220.8633270263672,7.201188964245375e-06
1175,215.7388916015625,207.41371154785156,0.00017295654106419533,185.08338928222656,207.68289184570312,3.280442115283222e-06,123.90740203857422,300.5129699707031,4.171527052676538e-06,-0.32111263275146484,284.7300109863281,1.372949373035226e-05,1.4611942768096924,250.97525024414062,1.1750606063287705e-05,190.88218688964844,312.4130554199219,1.1179584362253081e-05,1.253993034362793,252.3435516357422,1.8091319361701608e-05,225.11004638671875,203.97499084472656,1.4483532140729949e-05,183.76783752441406,204.2262420654297,8.779086783761159e-06
1176,214.92529296875,207.38278198242188,0.0005069584003649652,186.58016967773438,222.10638427734375,1.1369614185241517e-05,123.74653625488281,300.26141357421875,7.227244168461766e-06,-0.4933147430419922,284.7715759277344,9.576063348504249e-06,1.481985330581665,250.94381713867188,1.4818598174315412e-05,166.99095153808594,268.1340637207031,3.0414044886128977e-05,1.4377076625823975,252.3542938232422,2.2243997591431253e-05,224.72352600097656,204.04530334472656,2.7817148293252103e-05,165.61383056640625,220.89041137695312,2.161571683245711e-05
1177,215.40411376953125,207.92074584960938,0.0001429220283171162,186.7216796875,221.9192352294922,6.244770702323876e-06,123.79207611083984,300.3639221191406,8.533917934983037e-06,-0.4214787483215332,284.76824951171875,1.2098553270334378e-05,1.554347276687622,250.9875946044922,1.57855265570106e-05,167.1514892578125,268.2132568359375,2.3262162358150817e-05,1.4148023128509521,252.37046813964844,2.307022259628866e-05,225.19374084472656,203.58261108398438,1.5364010323537514e-05,165.64149475097656,220.84291076660156,1.1588627785386052e-05
1178,215.07798767089844,207.9945831298828,0.00012078397412551567,186.5102081298828,221.84385681152344,3.8053369735280285e-06,123.85154724121094,300.3738098144531,5.83780729357386e-06,-0.46343994140625,284.6955261230469,1.0734094757935964e-05,1.4847354888916016,251.07069396972656,1.7989848856814206e-05,167.0992889404297,268.3858642578125,1.963542126759421e-05,1.3438920974731445,252.2886962890625,2.4386577933910303e-05,225.31246948242188,203.4723663330078,1.334217085968703e-05,165.5760955810547,220.85507202148438,1.0188411579292733e-05
1179,214.73974609375,207.38975524902344,0.00010879986075451598,186.63385009765625,221.7649688720703,3.807522489296389e-06,123.87812805175781,300.4063415527344,6.517324891319731e-06,-0.46206092834472656,284.6994323730469,1.0140875019715168e-05,1.484165906906128,250.87770080566406,1.4610886864829808e-05,167.201904296875,268.3103942871094,1.987671021197457e-05,1.2968108654022217,252.36549377441406,2.415811650280375e-05,225.54019165039062,203.37770080566406,1.4054364328330848e-05,165.42689514160156,220.84963989257812,8.032574442040641e-06
1180,215.2357940673828,207.65478515625,0.00015963449550326914,186.87135314941406,222.0509490966797,5.384796622820431e-06,123.98259735107422,300.46392822265625,5.1487709242792334e-06,-0.4910855293273926,284.73956298828125,9.635148671804927e-06,1.5060842037200928,250.95443725585938,1.4940930668672081e-05,167.3784637451172,268.3947448730469,2.135765680577606e-05,1.2946269512176514,252.2484588623047,2.19542853301391e-05,225.5440216064453,203.692138671875,1.1536504644027445e-05,183.7183837890625,204.16351318359375,9.630206477595493e-06
1181,203.39144897460938,207.27342224121094,8.522823918610811e-05,106.68753051757812,297.80322265625,3.6902513329550857e-06,123.95594787597656,300.3511962890625,5.478939783643e-06,-0.5204534530639648,284.69842529296875,9.760649845702574e-06,1.3368902206420898,250.80250549316406,1.6138286810019054e-05,167.44595336914062,268.2296447753906,4.111998714506626e-05,1.345323085784912,252.27203369140625,2.645022868819069e-05,225.363037109375,203.53060913085938,8.839751899358816e-06,165.8250732421875,220.7322540283203,1.0001123882830143e-05
1182,215.387939453125,207.7371368408203,7.343599281739444e-05,186.5634307861328,221.74044799804688,3.0777136998949572e-06,123.96205139160156,300.3936767578125,5.868178504897514e-06,-0.9167461395263672,223.31439208984375,9.536955985822715e-06,1.3777296543121338,250.74513244628906,1.607514059287496e-05,167.20953369140625,268.3731994628906,2.488764403096866e-05,1.3946962356567383,252.18539428710938,2.6802692445926368e-05,225.47752380371094,203.39669799804688,8.82269705471117e-06,-1.7773776054382324,249.54718017578125,9.770941687747836e-06
1183,215.39987182617188,207.51327514648438,0.00026865542167797685,185.5215606689453,207.9871368408203,7.008661668805871e-06,123.94215393066406,300.27508544921875,5.894214154977817e-06,-0.4887566566467285,284.691162109375,9.752471669344231e-06,1.4590396881103516,250.68447875976562,1.6543392121093348e-05,167.23414611816406,268.44061279296875,2.180214323743712e-05,1.3790833950042725,252.1483612060547,2.7683347070706077e-05,225.04832458496094,203.95516967773438,1.5762798284413293e-05,184.13021850585938,204.62156677246094,1.3726809811487328e-05
1184,215.0951690673828,207.56585693359375,0.00026792206335812807,186.55859375,221.79205322265625,7.841414117137901e-06,123.8801040649414,300.2168273925781,6.9156367317191325e-06,-0.49922609329223633,284.7276916503906,9.334497917734552e-06,1.4435937404632568,250.68133544921875,1.5549041563645005e-05,167.0498809814453,268.5417175292969,2.841779132722877e-05,1.2999186515808105,252.21315002441406,2.50027806032449e-05,227.55416870117188,194.97311401367188,1.6510988643858582e-05,184.3553924560547,204.40005493164062,1.4493813978333492e-05
1185,215.1053924560547,207.3719024658203,0.00017452870088163763,186.7384796142578,221.83709716796875,7.20993784852908e-06,123.82115173339844,300.1891174316406,7.116731012501987e-06,-0.5193424224853516,284.728271484375,9.554169992043171e-06,1.4351146221160889,250.7119140625,1.594679088157136e-05,167.3662872314453,268.30322265625,2.755696914391592e-05,1.3551702499389648,252.2412109375,2.697853597055655e-05,224.9833984375,203.95127868652344,9.689524631539825e-06,199.73348999023438,206.82345581054688,9.032600246428046e-06
1186,215.16246032714844,207.8331298828125,5.4148626077221707e-05,186.67625427246094,221.63604736328125,4.512594387051649e-06,123.84607696533203,300.2358093261719,8.866820280672982e-06,-0.5517435073852539,284.7331848144531,9.681099982117303e-06,1.4250099658966064,250.7266082763672,1.5783463823026977e-05,167.13827514648438,268.326416015625,2.4134396880981512e-05,1.3084447383880615,252.25634765625,2.537653381295968e-05,225.412353515625,203.7462921142578,8.407030691159889e-06,166.10134887695312,220.91055297851562,9.052443601831328e-06
1187,203.79501342773438,207.20867919921875,5.0975366320926696e-05,186.572265625,221.6168975830078,5.964102456346154e-06,123.91844940185547,300.3564453125,7.229890798043925e-06,-0.5064306259155273,284.76751708984375,1.005182093649637e-05,1.5178086757659912,250.80271911621094,1.6501464415341616e-05,167.1752166748047,268.2726135253906,2.5339268177049235e-05,1.2576065063476562,252.18553161621094,2.4147218937287107e-05,225.3009490966797,203.66607666015625,8.122857252601534e-06,165.9925079345703,220.83364868164062,9.752806363394484e-06
1188,202.2701416015625,206.32533264160156,0.00013572252646554261,185.71424865722656,207.638916015625,4.217601144773653e-06,123.76353454589844,300.6405029296875,6.170193046273198e-06,-0.2614278793334961,284.7716979980469,1.0301049769623205e-05,2.5010952949523926,234.7257843017578,1.6264610167127103e-05,167.74191284179688,268.32720947265625,2.8133901651017368e-05,1.2425577640533447,252.4213104248047,2.315974052180536e-05,226.5341796875,203.90101623535156,1.0763144018710591e-05,184.32318115234375,204.35397338867188,9.002329534268938e-06
1189,202.14620971679688,206.7098846435547,0.00018085761985275894,186.2108612060547,221.96182250976562,8.197886018024292e-06,123.75614929199219,300.6566162109375,4.998071744921617e-06,-0.3136863708496094,284.6943054199219,1.0950835530820768e-05,2.4284768104553223,234.59234619140625,1.4184301107889041e-05,167.58251953125,268.4908142089844,2.2468753741122782e-05,1.2968101501464844,252.4144287109375,2.0467325157369487e-05,226.1508331298828,203.7852783203125,1.3502185538527556e-05,184.36546325683594,204.44561767578125,1.054847780324053e-05
1190,202.42552185058594,206.3748779296875,0.0001780209131538868,186.25294494628906,222.0796661376953,8.022521797101945e-06,123.79237365722656,300.67681884765625,4.768348844663706e-06,-0.3750648498535156,284.6778869628906,1.1069674656027928e-05,1.1824924945831299,250.76815795898438,1.347500437987037e-05,167.26173400878906,268.46044921875,1.3421959010884166e-05,1.337113857269287,252.38009643554688,2.3385877284454182e-05,226.39410400390625,203.96127319335938,1.5084689039213117e-05,184.27015686035156,204.50119018554688,1.043387055688072e-05
1191,202.80841064453125,206.39523315429688,0.00012208480620756745,186.0193634033203,222.16001892089844,4.498342150327517e-06,123.85819244384766,300.6631164550781,5.264344508759677e-06,-0.3399019241333008,284.65850830078125,1.1733439350791741e-05,1.2055752277374268,250.79049682617188,1.2602631613845006e-05,167.47161865234375,268.2027893066406,2.654761919984594e-05,1.302347183227539,252.3951416015625,2.149665124306921e-05,226.33087158203125,203.88397216796875,1.1728886420314666e-05,183.9961700439453,204.6204833984375,1.1935352631553542e-05
1192,215.69313049316406,207.3443603515625,0.00015586520021315664,185.74969482421875,207.9127655029297,4.7934709073160775e-06,123.89810180664062,300.6588439941406,5.396441338234581e-06,-0.3585081100463867,284.7381591796875,9.992543709813617e-06,1.211920976638794,250.75926208496094,1.3594086340162903e-05,167.47019958496094,268.5415954589844,2.8110865969210863e-05,1.3470311164855957,252.31671142578125,2.102772668877151e-05,226.00436401367188,203.95050048828125,1.733580938889645e-05,184.22975158691406,204.3103485107422,9.841744940786157e-06
1193,202.2919921875,206.49266052246094,8.800256910035387e-05,185.73414611816406,221.90528869628906,4.536815140454564e-06,123.7357177734375,300.73907470703125,4.0673426155990455e-06,-0.32647180557250977,284.7349853515625,1.100475128623657e-05,2.4704909324645996,234.3848114013672,1.3876235243515112e-05,167.00057983398438,268.7337951660156,1.5681711374782026e-05,1.33524751663208,252.42735290527344,2.2006332073942758e-05,226.40032958984375,203.66123962402344,1.0338102583773434e-05,184.08804321289062,204.52230834960938,1.1155929314554669e-05
1194,202.35464477539062,206.76065063476562,7.547652785433456e-05,186.01828002929688,222.1486358642578,5.064231572760036e-06,123.71113586425781,300.6057434082031,4.22401717514731e-06,-0.2936592102050781,284.7508544921875,1.0514670975680929e-05,2.4775068759918213,234.39773559570312,1.422857621946605e-05,166.873291015625,268.9228210449219,1.3272765500005335e-05,1.289461374282837,252.4343719482422,2.056060293398332e-05,226.40464782714844,203.74249267578125,9.58784221438691e-06,184.01705932617188,204.67832946777344,6.65468269289704e-06
1195,202.56930541992188,206.80068969726562,5.758016413892619e-05,186.02529907226562,222.32313537597656,4.399086265038932e-06,123.79307556152344,300.6858215332031,4.888418970949715e-06,-0.3749241828918457,284.699951171875,1.000493921310408e-05,2.4266178607940674,234.3297576904297,1.4987269423727412e-05,166.89271545410156,268.7620849609375,1.4598923371522687e-05,1.2347865104675293,252.45005798339844,2.0224459149176255e-05,226.17149353027344,203.4708251953125,8.782737495494075e-06,183.9588623046875,204.3506317138672,7.719322638877202e-06
1196,216.35928344726562,208.5289306640625,2.2190391973708756e-05,106.67489624023438,297.9031066894531,2.846113829946262e-06,123.87163543701172,300.6727600097656,6.107370609242935e-06,-0.42707061767578125,284.6480712890625,9.058289833774325e-06,1.193390130996704,250.7665252685547,1.2467179658415262e-05,167.14385986328125,268.6050109863281,2.397153730271384e-05,1.2234587669372559,252.27236938476562,2.197831418015994e-05,226.37442016601562,203.3351593017578,7.288958386197919e-06,-1.9157099723815918,249.5680389404297,7.4194340413669124e-06
1197,216.00160217285156,208.20648193359375,5.70497868466191e-05,186.01463317871094,222.52366638183594,3.935679160349537e-06,123.83981323242188,300.6258544921875,5.141328074387275e-06,-0.4195375442504883,284.663818359375,9.341737495560665e-06,2.5324554443359375,234.64520263671875,1.1193955288035795e-05,167.1839599609375,268.58392333984375,2.8796115657314658e-05,1.2198967933654785,252.19808959960938,1.742566382745281e-05,226.1854248046875,203.7139892578125,7.867788553994615e-06,166.32992553710938,220.9742431640625,6.57241935186903e-06
1198,215.7175750732422,207.9171142578125,0.00014719337923452258,186.2174072265625,222.50047302246094,6.334067620628048e-06,123.88957214355469,300.602783203125,5.53957033844199e-06,-0.43755054473876953,284.6932678222656,1.023253207677044e-05,1.2298007011413574,250.83937072753906,1.1311763046251144e-05,166.98391723632812,268.67584228515625,2.6742285626824014e-05,1.2807350158691406,252.1499481201172,1.8973398255184293e-05,225.73497009277344,203.9690704345703,1.1128706319141202e-05,166.05508422851562,220.916259765625,1.0082543667522259e-05
1199,215.9352569580078,207.64479064941406,0.000320406979881227,186.14105224609375,222.3579864501953,6.534184194606496e-06,123.91000366210938,300.5857849121094,4.668835572374519e-06,-0.3700237274169922,284.7194519042969,1.062960745912278e-05,1.1321098804473877,250.9040069580078,1.1681444448186085e-05,167.11895751953125,268.6549072265625,2.464555473125074e-05,1.313950538635254,252.15115356445312,2.060109363810625e-05,225.8961639404297,204.1297607421875,2.170426887460053e-05,183.81185913085938,204.45692443847656,9.615459930500947e-06
1200,215.29226684570312,207.77223205566406,0.0017410980071872473,187.22113037109375,222.09596252441406,1.7302842024946585e-05,124.07788848876953,300.5613708496094,4.42740247308393e-06,-0.3495044708251953,284.7478942871094,1.2010885257041082e-05,1.458268642425537,250.92816162109375,1.4517911949951667e-05,167.5648956298828,267.91455078125,3.289525557192974e-05,1.328648328781128,252.39588928222656,2.118062366207596e-05,224.5834197998047,203.8267059326172,1.4069678400119301e-05,182.57098388671875,221.1043701171875,1.9982724552392028e-05
1201,203.3300323486328,206.39605712890625,0.0012141828192397952,187.04161071777344,222.2377166748047,1.9570290533010848e-05,124.0316162109375,300.5146789550781,4.5660526666324586e-06,-0.3044013977050781,284.7464599609375,1.1537307727849111e-05,1.386364459991455,250.93893432617188,1.206104479933856e-05,167.60939025878906,267.76922607421875,3.632063089753501e-05,1.2668848037719727,252.38807678222656,1.8161243133363314e-05,224.95787048339844,203.7079620361328,1.137489471148001e-05,182.9685516357422,221.1493377685547,2.660517748154234e-05
1202,203.9205780029297,207.1162109375,0.00041186928865499794,186.94467163085938,222.29769897460938,5.649102604365908e-06,124.08451080322266,300.5601806640625,5.120838977745734e-06,-0.30203914642333984,284.7213134765625,1.0865119293157477e-05,2.600294589996338,234.61465454101562,1.3309510904946364e-05,167.72544860839844,267.93060302734375,3.3966203773161396e-05,1.263047695159912,252.47207641601562,1.6670503100613132e-05,225.2570343017578,203.627685546875,9.704551303002518e-06,165.66873168945312,220.0690460205078,1.8946999261970632e-05
1203,216.41708374023438,208.1737060546875,0.0005177902057766914,185.6279296875,207.97402954101562,7.313656169571914e-06,124.07737731933594,300.5981140136719,4.999063548893901e-06,-0.3099703788757324,284.737548828125,1.0669215953384992e-05,2.5172667503356934,234.7014923095703,1.2555640751088504e-05,167.8301239013672,267.8849792480469,3.289368760306388e-05,1.2295644283294678,252.4287872314453,1.720054387988057e-05,224.66160583496094,203.64962768554688,1.259509826923022e-05,165.8505859375,219.9520263671875,1.8331911633140408e-05
1204,215.92787170410156,207.85031127929688,0.0009203403606079519,186.59860229492188,222.58033752441406,7.792169526510406e-06,124.09868621826172,300.5710754394531,4.3722516238631215e-06,-0.41198205947875977,284.65069580078125,1.1833249118353706e-05,1.415649652481079,250.8958282470703,1.2807282473659143e-05,167.65185546875,267.8839416503906,3.4868455259129405e-05,1.3054983615875244,252.42578125,2.0186347683193162e-05,224.7269287109375,203.9296875,1.8141387045034207e-05,165.87232971191406,220.2100372314453,2.116885116265621e-05
1205,215.43576049804688,207.73558044433594,0.000511061807628721,186.46725463867188,222.24220275878906,8.780945790931582e-06,124.13932037353516,300.6360778808594,4.212708972772816e-06,-0.36808156967163086,284.7455139160156,1.1060799806728028e-05,1.3829150199890137,250.89842224121094,1.1000176527886651e-05,167.61358642578125,268.0113830566406,3.314765126560815e-05,1.2838609218597412,252.3359832763672,1.928736674017273e-05,224.90707397460938,203.8584442138672,1.4224750884750392e-05,165.72998046875,220.4565887451172,1.5360126781160943e-05
1206,203.7327880859375,206.10836791992188,0.001685829134657979,186.70050048828125,222.4207305908203,2.3049309675116092e-05,124.16312408447266,300.60003662109375,4.340866780694341e-06,-0.3877143859863281,284.79058837890625,1.153159792011138e-05,1.5324351787567139,250.8049774169922,1.2539511772047263e-05,167.14651489257812,268.2640686035156,2.26640077016782e-05,1.3241302967071533,252.2724151611328,2.0854662579949945e-05,224.5366973876953,204.23191833496094,1.6082103684311733e-05,165.856689453125,220.2388916015625,2.3836901164031588e-05
1207,215.88453674316406,207.65145874023438,0.0047342972829937935,186.8734588623047,222.4110107421875,4.4315584091236815e-05,-2.2253289222717285,250.9250030517578,3.2066641324490774e-06,205.30050659179688,209.5725860595703,1.4425912922888529e-05,1.6048660278320312,250.79312133789062,1.2673281162278727e-05,167.20074462890625,268.1802978515625,1.8611644918564707e-05,1.2805287837982178,252.31996154785156,1.7829097487265244e-05,224.1395263671875,204.79867553710938,1.8498112694942392e-05,165.8786163330078,220.55567932128906,3.712533725774847e-05
1208,215.65525817871094,207.56996154785156,0.0026450669392943382,186.68893432617188,222.29360961914062,2.9358398023759946e-05,124.16986846923828,300.48394775390625,3.5710702377400594e-06,205.90611267089844,209.4551544189453,1.2612393220479134e-05,1.4372467994689941,250.82521057128906,1.2170590707683004e-05,167.2094268798828,267.95025634765625,1.8763284970191307e-05,1.301964521408081,252.20361328125,1.8827202438842505e-05,224.73431396484375,204.47767639160156,1.9602735847001895e-05,166.0975799560547,220.39718627929688,3.0038228942430578e-05
1209,215.83680725097656,207.3270263671875,0.0027161643374711275,186.30599975585938,222.62393188476562,1.8139744497602805e-05,-2.108595371246338,250.9469757080078,3.4964000406034756e-06,209.03436279296875,212.81654357910156,1.7008358554448932e-05,1.4260084629058838,250.82986450195312,1.299206542171305e-05,167.22488403320312,268.189697265625,1.7594902601558715e-05,1.3816626071929932,252.1624298095703,2.222260445705615e-05,224.8590850830078,204.32431030273438,2.183406104450114e-05,183.9344482421875,205.0939178466797,3.05407666019164e-05
1210,215.31033325195312,207.4117889404297,0.0012860249262303114,186.28392028808594,222.72862243652344,1.3366585335461423e-05,-1.9236488342285156,251.05056762695312,4.387878107081633e-06,-1.1330876350402832,223.16331481933594,1.1562928193598054e-05,1.3995184898376465,250.87493896484375,1.533311115053948e-05,167.07830810546875,268.3664245605469,1.883564436866436e-05,1.3157646656036377,252.14698791503906,2.883995148295071e-05,225.12478637695312,204.3261260986328,1.6102269000839442e-05,184.05075073242188,205.00845336914062,2.020857391471509e-05
1211,203.5596923828125,206.45664978027344,0.0005148913478478789,186.03904724121094,222.03004455566406,6.103469786467031e-06,124.14201354980469,300.6405334472656,4.349656592239626e-06,-0.43695783615112305,284.8291320800781,1.2086734386684839e-05,2.6124444007873535,234.42539978027344,1.289872125198599e-05,167.07443237304688,268.430419921875,1.3635441064252518e-05,1.3959829807281494,252.30288696289062,2.5684081265353598e-05,225.362060546875,204.0721435546875,1.1448746590758674e-05,183.63729858398438,204.9929962158203,1.4517566341964994e-05
1212,202.94358825683594,206.73655700683594,0.00025036430452018976,185.88104248046875,222.180419921875,9.514898920315318e-06,123.84773254394531,300.6328430175781,6.359228336805245e-06,-1.2056713104248047,223.09255981445312,9.085888450499624e-06,1.6016216278076172,250.65814208984375,1.5179584806901403e-05,167.31289672851562,268.4449462890625,2.0501021936070174e-05,1.3375306129455566,252.16941833496094,2.3656322809983976e-05,225.4787139892578,204.2583465576172,1.1073422683693934e-05,166.87867736816406,220.49472045898438,1.4023785297467839e-05
1213,203.40936279296875,206.4875030517578,0.0002801113296300173,186.22256469726562,222.12796020507812,9.831763236434199e-06,123.90746307373047,300.7037353515625,5.973887255095178e-06,-0.45081520080566406,284.8669738769531,8.295729458041023e-06,1.556230068206787,250.70550537109375,1.2726681234198622e-05,167.19229125976562,268.5501708984375,2.3304060960072093e-05,1.2590217590332031,252.13558959960938,1.9289464034955017e-05,225.30458068847656,204.1383056640625,1.0327124982723035e-05,184.3110809326172,221.6514892578125,1.0927978109975811e-05
1214,203.00180053710938,206.67620849609375,0.0005723133217543364,186.11402893066406,222.32662963867188,1.8468992493581027e-05,124.01283264160156,300.691650390625,5.553233222599374e-06,-0.4396662712097168,284.7597961425781,9.086295904126018e-06,1.4612412452697754,250.6756134033203,1.2564469216158614e-05,167.23684692382812,268.4855041503906,3.206900510122068e-05,1.2775251865386963,252.1862030029297,2.4046015823842026e-05,225.0077362060547,204.18661499023438,1.2628774129552767e-05,167.0788116455078,220.4882354736328,1.5668347259634174e-05
1215,203.3252410888672,206.28652954101562,0.00030112522654235363,186.15899658203125,222.3450927734375,7.18635055818595e-06,124.0069580078125,300.734130859375,5.444116141006816e-06,-0.3955216407775879,284.81671142578125,9.619614502298646e-06,1.3803095817565918,250.67098999023438,1.3401763681031298e-05,167.6315460205078,268.85443115234375,2.3131731722969562e-05,1.2530944347381592,252.24217224121094,2.7130603484692983e-05,225.41928100585938,204.08595275878906,7.478237876057392e-06,183.64352416992188,221.88241577148438,1.2337927728367504e-05
1216,203.11334228515625,206.20562744140625,9.755275823408738e-05,185.89186096191406,222.13134765625,3.868887688440736e-06,123.8765640258789,300.6826171875,5.900867563468637e-06,-0.3721656799316406,284.7470397949219,1.0264521733915899e-05,1.442798137664795,250.82095336914062,1.5432013242389075e-05,167.47337341308594,268.91796875,2.6652998712961562e-05,1.2621712684631348,252.2626953125,2.8763728550984524e-05,226.04232788085938,204.0308837890625,3.6183992051519454e-06,184.01405334472656,204.49127197265625,9.387033060193062e-06
1217,203.1426544189453,206.1930694580078,0.00020593925728462636,186.17626953125,222.32772827148438,6.324126388790319e-06,123.91572570800781,300.6615295410156,6.5069662014138885e-06,-0.4433164596557617,284.70489501953125,1.007176069833804e-05,1.581721305847168,250.7508087158203,1.1389918654458597e-05,167.33245849609375,268.7250671386719,2.1322815882740542e-05,1.2259910106658936,252.27468872070312,1.9653311028378084e-05,225.70877075195312,204.10556030273438,7.141900823626202e-06,183.96377563476562,204.7997589111328,1.0601867870718706e-05
1218,203.2749786376953,205.98965454101562,0.0009023189195431769,186.5404510498047,222.4073486328125,1.4384464520844631e-05,123.9791030883789,300.5299072265625,5.700139809050597e-06,-0.4183497428894043,284.7612609863281,9.94440142676467e-06,1.4965908527374268,250.5322723388672,1.0750977708084974e-05,167.4667205810547,268.54156494140625,2.5860968889901415e-05,1.2172138690948486,252.23440551757812,1.8603586795507e-05,224.93869018554688,204.50401306152344,1.2881819202448241e-05,166.6394805908203,220.2838897705078,1.7806243704399094e-05
1219,202.96791076660156,205.98269653320312,0.002569865668192506,187.0269775390625,222.5594024658203,3.243670653318986e-05,124.13053131103516,300.55987548828125,4.790966613654746e-06,-0.42167186737060547,284.7718200683594,9.903167665470392e-06,2.576803207397461,234.51385498046875,1.1867492503370158e-05,167.34251403808594,268.5583801269531,1.8949853256344795e-05,1.2407748699188232,252.23643493652344,1.4217168427421711e-05,224.91734313964844,204.86216735839844,2.2467211238108575e-05,184.04824829101562,205.53195190429688,2.4292732632602565e-05
1220,202.34103393554688,206.27749633789062,0.00022869805980008096,186.6725616455078,222.33192443847656,8.161122423189227e-06,124.01988983154297,300.55645751953125,6.4647260842320975e-06,-0.35911130905151367,284.6847229003906,1.131839871959528e-05,2.526094675064087,234.65423583984375,1.1565762179088779e-05,167.45608520507812,268.7214660644531,1.8017180991591886e-05,1.2211039066314697,252.30743408203125,1.540296034363564e-05,225.48812866210938,204.4965362548828,1.1572469702514354e-05,184.10122680664062,204.89743041992188,1.0740442121459637e-05
1221,202.62167358398438,205.81268310546875,0.0008091145427897573,186.60061645507812,222.3064422607422,7.776965503580868e-06,124.0831527709961,300.5503234863281,5.470878022606485e-06,-0.4508528709411621,284.679931640625,1.2260865332791582e-05,1.5308797359466553,250.68016052246094,1.3250177289592102e-05,167.56161499023438,268.78271484375,2.0744970242958516e-05,1.2690730094909668,252.3568572998047,1.8489910871721804e-05,225.20831298828125,204.45127868652344,1.7628057321417145e-05,183.848388671875,205.0796661376953,1.7782755094231106e-05
1222,202.6966094970703,206.01988220214844,0.0005357812624424696,185.1266326904297,208.43722534179688,6.066960850148462e-06,123.99868774414062,300.61279296875,5.123119990457781e-06,-0.4495072364807129,284.7739562988281,1.1210042430320755e-05,1.5293776988983154,250.54779052734375,1.326144138147356e-05,167.320556640625,269.2474670410156,1.6485279047628865e-05,1.3014590740203857,252.35018920898438,1.6703284927643836e-05,225.33969116210938,204.38856506347656,1.7559819752932526e-05,183.4805145263672,204.97909545898438,1.7936537915375084e-05
1223,202.30821228027344,205.99351501464844,0.00022545030515175313,185.28665161132812,208.43263244628906,5.4676179388479795e-06,123.96013641357422,300.6004333496094,5.854098162672017e-06,-0.4462766647338867,284.76397705078125,1.1973293112532701e-05,1.4858758449554443,250.59654235839844,1.2985983630642295e-05,167.30027770996094,269.19183349609375,1.7377173207933083e-05,1.3064026832580566,252.32518005371094,1.7427191778551787e-05,225.70298767089844,204.14495849609375,1.0730788744695019e-05,183.6587371826172,204.9679412841797,1.3475736523105297e-05
1224,203.0139617919922,206.3153076171875,4.88713922095485e-05,106.55815124511719,298.1139221191406,3.5307118650962366e-06,123.94464874267578,300.7483825683594,8.155878276738804e-06,-0.47206592559814453,284.7624816894531,8.980678103398532e-06,2.579728603363037,234.50425720214844,1.2604987205122598e-05,124.95262908935547,302.1427307128906,1.4885012205922976e-05,1.4658839702606201,252.24879455566406,1.966111085494049e-05,225.08621215820312,203.31591796875,9.756676263350528e-06,182.77500915527344,219.50741577148438,6.6197676460433286e-06
1225,215.5175323486328,207.87643432617188,6.032647070242092e-05,106.55775451660156,298.1419982910156,3.4152305943280226e-06,123.99640655517578,300.7419738769531,6.709748049615882e-06,-0.4228978157043457,284.749755859375,1.135537513619056e-05,1.4896841049194336,250.7643585205078,1.2238271665410139e-05,124.89118957519531,302.1468505859375,1.4405964066099841e-05,1.310652494430542,252.3086395263672,1.991292810998857e-05,225.46974182128906,203.35365295410156,1.299775431107264e-05,-1.7201995849609375,249.4765625,5.363292075344361e-06
1226,215.3980712890625,207.56344604492188,0.0001895989553304389,122.61530303955078,299.3500671386719,2.9281648039614083e-06,123.98320007324219,300.67169189453125,6.092262538004434e-06,-0.3958439826965332,284.7621154785156,9.80511413217755e-06,1.400719404220581,250.7469024658203,1.341809365840163e-05,124.81612396240234,302.15118408203125,1.3490820492734201e-05,1.3432507514953613,252.2355194091797,2.175033114326652e-05,224.86302185058594,203.6348876953125,1.9596565834945068e-05,184.0006103515625,204.12176513671875,7.17531111149583e-06
1227,215.6774444580078,207.4600372314453,0.0002184767072321847,106.58130645751953,298.0205993652344,3.0680489544465672e-06,124.01961517333984,300.6083679199219,6.101542567193974e-06,-0.47858619689941406,284.7953796386719,1.001336750050541e-05,1.498884677886963,250.77806091308594,1.5383478967123665e-05,124.8399429321289,302.14764404296875,1.2661334039876238e-05,1.2860383987426758,252.28289794921875,2.4610159016447142e-05,224.95925903320312,203.68814086914062,1.7594820747035556e-05,183.70028686523438,204.33340454101562,6.063074579287786e-06
1228,215.2772979736328,207.51710510253906,0.00035307271173223853,106.55400848388672,298.09661865234375,3.380286898391205e-06,124.09326171875,300.61083984375,6.570257028215565e-06,-0.5081367492675781,284.79241943359375,9.844504347711336e-06,1.5468027591705322,250.84210205078125,1.5173997780948412e-05,124.92291259765625,302.0723571777344,1.2147620509495027e-05,1.2934715747833252,252.29283142089844,2.4039849449764006e-05,224.83584594726562,203.75755310058594,1.921735929499846e-05,166.75535583496094,219.97250366210938,6.590332304767799e-06
1229,215.58834838867188,207.77049255371094,0.0004058021877426654,106.59717559814453,298.0810852050781,3.263193320890423e-06,124.06153106689453,300.5099792480469,5.582031917583663e-06,-0.4712405204772949,284.7906494140625,1.0469544577063061e-05,1.540665626525879,250.83493041992188,1.4917965927452315e-05,109.0904541015625,300.9852600097656,1.1094256478827447e-05,1.275432825088501,252.2618865966797,2.384999970672652e-05,224.79478454589844,203.3223114013672,2.071237213385757e-05,166.83914184570312,219.8662567138672,9.452521226194222e-06
1230,215.2125701904297,208.34344482421875,0.00011140688002342358,106.56988525390625,298.16021728515625,3.775713139475556e-06,123.95742797851562,300.5732727050781,6.2678486756340135e-06,-0.5171737670898438,284.78387451171875,9.645528734836262e-06,1.4805231094360352,250.810302734375,1.3534053323382977e-05,109.15486907958984,300.9959716796875,1.3268399925436825e-05,1.2964732646942139,252.24778747558594,2.39169858105015e-05,225.08311462402344,203.19259643554688,1.0625157301547006e-05,167.01239013671875,219.9072265625,1.126162624132121e-05
1231,215.3264923095703,208.0653533935547,0.00011546560563147068,106.56057739257812,298.08331298828125,3.8090731777629117e-06,123.9079360961914,300.5247802734375,5.839979621669045e-06,-0.4673576354980469,284.7530212402344,9.399036571267061e-06,2.575906276702881,234.450439453125,1.1939530850213487e-05,167.2083282470703,269.2687683105469,1.546850944578182e-05,1.2464749813079834,252.09805297851562,1.6448548194603063e-05,225.4324493408203,203.23312377929688,1.2850210623582825e-05,183.85206604003906,204.16236877441406,6.8439776441664435e-06
1232,215.74014282226562,208.06910705566406,9.019218850880861e-05,106.59431457519531,298.1909484863281,3.5208568078815006e-06,123.91238403320312,300.5180969238281,5.865979346708627e-06,-0.48229217529296875,284.8013610839844,9.402990144735668e-06,1.4699091911315918,250.80055236816406,1.2633135156647768e-05,190.67071533203125,312.1608581542969,1.166391302831471e-05,1.2662074565887451,252.09646606445312,2.04982643481344e-05,225.46096801757812,203.1645050048828,9.953710105037317e-06,-1.6855010986328125,249.44052124023438,5.646091722155688e-06
1233,215.6478271484375,207.6279754638672,0.00018022602307610214,106.5040283203125,298.2044677734375,3.94104654333205e-06,123.8359375,300.5235900878906,6.554105311806779e-06,-0.4989619255065918,284.79608154296875,9.06139121070737e-06,1.3996844291687012,250.76527404785156,1.2237535884196404e-05,109.0697021484375,301.047119140625,1.4452916730078869e-05,1.321929693222046,252.1094512939453,2.0679670342360623e-05,225.326171875,203.34495544433594,1.3767057680524886e-05,183.72274780273438,204.14712524414062,6.068274615245173e-06
1234,215.4632110595703,207.82461547851562,6.587425741599873e-05,106.53482818603516,298.06597900390625,4.098312729183817e-06,123.80906677246094,300.41729736328125,7.1036301960702986e-06,-0.7377004623413086,223.16244506835938,1.052739389706403e-05,2.606595039367676,234.49008178710938,1.4660017768619582e-05,109.09477233886719,300.939208984375,1.4669387383037247e-05,1.3529281616210938,252.25003051757812,2.0709270756924525e-05,225.5208282470703,203.07412719726562,9.022527592605911e-06,-1.662531852722168,249.51751708984375,5.371041424950818e-06
1235,203.06419372558594,206.53297424316406,2.054979995591566e-05,106.5442886352539,298.1769104003906,3.871389708365314e-06,123.77096557617188,300.3848571777344,7.4562544796208385e-06,-0.40416765213012695,284.81640625,1.039901326294057e-05,2.6350064277648926,234.6037139892578,1.2114787750761025e-05,125.00745391845703,302.1224365234375,1.5322177205234766e-05,1.3596818447113037,252.23313903808594,2.0093137209187262e-05,226.51922607421875,203.0508270263672,5.025731752539286e-06,-1.7400908470153809,249.50132751464844,5.470575615618145e-06
1236,203.40699768066406,206.60572814941406,4.18250601796899e-05,122.41773223876953,299.40032958984375,3.564241524145473e-06,123.95918273925781,300.5317687988281,7.879727490944788e-06,-0.43959808349609375,284.8850402832031,8.667776455695275e-06,2.6003785133361816,234.51792907714844,1.6177547877305187e-05,167.42135620117188,268.812255859375,2.7690108254319057e-05,1.3301165103912354,252.19532775878906,1.9713417714228854e-05,226.0929412841797,203.14480590820312,3.230606125725899e-06,-1.7721428871154785,249.40420532226562,5.56288023290108e-06
1237,202.75753784179688,206.3314971923828,8.7071253801696e-05,106.55603790283203,297.85894775390625,4.3149634620931465e-06,123.93289184570312,300.4295959472656,7.134350653359434e-06,-0.373105525970459,284.84503173828125,9.649134881328791e-06,2.634587049484253,234.4558868408203,1.581881588208489e-05,167.68775939941406,268.6662292480469,2.4045742975431494e-05,1.2884271144866943,252.25758361816406,2.0858284187852405e-05,226.0430450439453,203.12808227539062,4.208179689157987e-06,165.84661865234375,220.52371215820312,8.510803127137478e-06
1238,202.6251983642578,206.36170959472656,5.43349415238481e-05,106.49906158447266,298.0252685546875,3.987353920820169e-06,123.9060287475586,300.44403076171875,6.513876087410608e-06,-0.33110904693603516,284.8256530761719,1.0513206689211074e-05,2.5207552909851074,234.5086669921875,1.6331054212059826e-05,124.94232177734375,302.08624267578125,1.4632068086939398e-05,1.201354742050171,252.27822875976562,1.9173608961864375e-05,226.2915802001953,203.1946258544922,3.996883151557995e-06,166.03958129882812,220.79583740234375,7.68229438108392e-06
1239,202.6385955810547,206.27835083007812,7.932201697258279e-05,106.59487915039062,297.9093933105469,3.7481781873793807e-06,123.93563079833984,300.4249267578125,6.224400294740917e-06,-0.36614513397216797,284.8511047363281,1.139335199695779e-05,2.59199595451355,234.52572631835938,1.4931430087017361e-05,167.67556762695312,268.37249755859375,2.720509291975759e-05,1.192000150680542,252.28038024902344,2.1319156076060608e-05,226.0010986328125,203.28500366210938,4.9408508857595734e-06,166.17471313476562,220.6196746826172,1.0658304745447822e-05
1240,202.87864685058594,206.25233459472656,7.978271605679765e-05,106.63776397705078,298.0607604980469,3.40349970429088e-06,123.99320220947266,300.43548583984375,6.377849786076695e-06,-0.35300302505493164,284.862060546875,1.0542282325332053e-05,2.6540369987487793,234.47259521484375,1.8214195733889937e-05,167.59066772460938,268.5387878417969,2.756143658189103e-05,1.311490774154663,252.2722930908203,2.1105033738422208e-05,226.15843200683594,203.32342529296875,3.0349813187058317e-06,166.01815795898438,220.52561950683594,1.1688019185385201e-05
1241,202.89573669433594,206.42697143554688,7.62819399824366e-05,186.0537872314453,221.99288940429688,5.65444406674942e-06,123.98245239257812,300.4722900390625,7.421867849188857e-06,-0.296966552734375,284.8747863769531,1.1876470125571359e-05,2.6228880882263184,234.52342224121094,1.866019556473475e-05,167.30282592773438,268.52880859375,3.2231808290816844e-05,1.2804450988769531,252.312255859375,2.2166810595081188e-05,225.78855895996094,203.25640869140625,4.177726168563822e-06,166.08151245117188,220.7574920654297,1.2744669220410287e-05
1242,202.6681671142578,206.11952209472656,0.0003113849670626223,186.3798828125,222.28207397460938,1.626213088457007e-05,123.9631118774414,300.47833251953125,5.824206255056197e-06,-0.33999013900756836,284.8527526855469,1.159125804406358e-05,2.6682372093200684,234.5252227783203,1.6463016436318867e-05,167.32510375976562,268.5981140136719,2.3908158254926093e-05,1.283012866973877,252.2905731201172,2.253710408695042e-05,225.10231018066406,203.70474243164062,7.526002264057752e-06,166.52842712402344,220.88287353515625,1.694352067715954e-05
1243,202.6248016357422,205.94790649414062,0.0003734745259862393,186.36172485351562,222.4876251220703,2.2509804693982005e-05,123.95987701416016,300.50677490234375,6.464498255809303e-06,-0.41150903701782227,284.79339599609375,1.0855093023565132e-05,2.6009316444396973,234.47708129882812,1.7048225345206447e-05,167.25665283203125,268.43450927734375,3.068662408622913e-05,1.441450834274292,252.30099487304688,2.0318511815275997e-05,228.0455780029297,195.0345916748047,6.868137006676989e-06,166.57481384277344,221.02783203125,1.659829285927117e-05
1244,202.96641540527344,206.13156127929688,0.00019932618306484073,186.4575958251953,222.22064208984375,1.6333578969351947e-05,123.92108917236328,300.5121765136719,6.0986517382843886e-06,-0.3716926574707031,284.8160095214844,1.3250494703243021e-05,2.6561946868896484,234.5255889892578,1.5559959138045087e-05,167.24008178710938,268.67669677734375,1.8728656868916005e-05,1.40032958984375,252.264892578125,1.9112105292151682e-05,227.9359893798828,195.04620361328125,6.050574484106619e-06,166.30116271972656,220.79908752441406,1.4993058357504196e-05
1245,202.34707641601562,205.76275634765625,0.0003682061505969614,186.6472930908203,221.97276306152344,2.344015592825599e-05,123.93399047851562,300.464599609375,6.1856994761910755e-06,-0.41037797927856445,284.7969055175781,1.264118509425316e-05,2.693674325942993,234.5436248779297,1.3253185898065567e-05,167.134521484375,268.3430480957031,2.0662302631535567e-05,1.3482069969177246,252.2239990234375,1.7258676962228492e-05,227.68408203125,194.9237060546875,7.992640348675195e-06,166.29710388183594,221.06103515625,2.73118002951378e-05
1246,202.81752014160156,206.5731201171875,9.853967640083283e-05,186.7413330078125,222.11947631835938,6.397159722837387e-06,123.91702270507812,300.5411376953125,7.020241810096195e-06,-0.3586549758911133,284.780029296875,1.1735498446796555e-05,2.576849937438965,234.6838836669922,1.2666924703808036e-05,167.48583984375,268.6119384765625,1.5563624401693232e-05,1.2408344745635986,252.22669982910156,1.715398502710741e-05,225.03297424316406,203.58831787109375,5.203087766858516e-06,166.2579803466797,220.8292694091797,1.622374475118704e-05
1247,215.33558654785156,208.02186584472656,0.0001935766194947064,186.4801788330078,222.07334899902344,4.541104772215476e-06,123.92447662353516,300.542236328125,5.97580174144241e-06,-0.345395565032959,284.76934814453125,1.3657006093126256e-05,2.628359317779541,234.56243896484375,1.134653120971052e-05,167.37208557128906,268.35711669921875,2.1843892682227306e-05,1.2566235065460205,252.3128204345703,1.963547765626572e-05,225.12374877929688,203.8959503173828,6.9355032792373095e-06,166.1814422607422,220.70628356933594,1.906564830278512e-05
1248,203.32159423828125,206.56982421875,2.085362939396873e-05,122.41313934326172,299.7011413574219,3.2211739835474873e-06,123.8978042602539,300.7616271972656,8.085211447905749e-06,-0.8084630966186523,223.1313018798828,1.2179671102785505e-05,1.427016258239746,250.7130584716797,1.2536283065855969e-05,168.15814208984375,268.46563720703125,1.6254609363386407e-05,1.2054872512817383,252.2476806640625,2.7398878955864348e-05,225.67967224121094,203.01771545410156,3.847216248686891e-06,-1.7039275169372559,249.45042419433594,7.803986591170542e-06
1249,204.1996612548828,206.8571014404297,6.666704575764015e-05,122.54911041259766,299.6037292480469,2.964625309687108e-06,123.94369506835938,300.6904296875,7.342960998357739e-06,-0.7504158020019531,223.1800079345703,1.1026055290130898e-05,1.4753847122192383,250.8007354736328,1.3386192222242244e-05,167.67788696289062,268.5310974121094,1.928457095345948e-05,1.1326770782470703,252.23509216308594,2.0092620616196655e-05,225.18504333496094,203.187255859375,4.345538854977349e-06,166.0677490234375,220.72479248046875,9.212455552187748e-06
1250,203.98709106445312,206.88392639160156,3.5448148992145434e-05,122.59638214111328,299.5322570800781,3.471143600108917e-06,123.99369812011719,300.59600830078125,9.16177850740496e-06,-0.8623776435852051,223.09999084472656,9.908439096761867e-06,1.4175806045532227,250.7554931640625,1.2637689906114247e-05,167.61647033691406,268.1322021484375,3.601343269110657e-05,1.123500108718872,252.24143981933594,1.9172655811416917e-05,225.47406005859375,202.87460327148438,3.0217454423109302e-06,166.3590545654297,220.68722534179688,7.041845947242109e-06
1251,203.78463745117188,207.1321563720703,4.1042727389140055e-05,122.5658187866211,299.6104431152344,3.472676553428755e-06,123.99005889892578,300.7261047363281,7.845363143133e-06,-0.8151469230651855,223.10610961914062,1.0619383829180151e-05,1.4772298336029053,250.8437042236328,1.2393895303830504e-05,167.51588439941406,268.3101806640625,2.7765443519456312e-05,1.1203246116638184,252.09912109375,1.777697616489604e-05,225.2317352294922,203.08201599121094,4.5828351176169235e-06,166.40773010253906,220.50131225585938,8.435139534412883e-06
1252,216.09446716308594,207.8292694091797,6.737993680872023e-05,122.55392456054688,299.5287170410156,3.8080199828982586e-06,124.01129913330078,300.6993408203125,8.611938028479926e-06,-0.48184823989868164,284.86248779296875,8.896126928448211e-06,1.4507973194122314,250.8531951904297,1.0919394298980478e-05,167.55323791503906,268.5218505859375,2.5270421247114427e-05,1.0489399433135986,252.16822814941406,1.7133630535681732e-05,224.79588317871094,202.86329650878906,7.193879810074577e-06,199.00486755371094,205.5625,5.871492703590775e-06
1253,215.3262176513672,207.81561279296875,5.715155566576868e-05,122.61341857910156,299.55242919921875,3.5453217606118415e-06,124.10050964355469,300.8236999511719,8.15020302979974e-06,-0.8392248153686523,223.19061279296875,1.0770507287816145e-05,2.472715377807617,234.4602813720703,1.2560361028590705e-05,167.49249267578125,268.6134338378906,1.4893900697643403e-05,1.162318468093872,252.2039337158203,1.6223930288106203e-05,225.02784729003906,202.66867065429688,9.276043783756904e-06,166.312255859375,220.51467895507812,4.871776582149323e-06
1254,215.17166137695312,208.0555419921875,0.00011280059698037803,186.7957305908203,221.77487182617188,4.9545205911272205e-06,123.96890258789062,300.75018310546875,7.247798748721834e-06,-1.0526938438415527,223.23870849609375,8.85003373696236e-06,2.4842581748962402,234.517333984375,1.2349239113973454e-05,124.92601776123047,302.265625,1.2929141121276189e-05,1.2277753353118896,252.12718200683594,1.5633540897397324e-05,224.85154724121094,203.2516632080078,1.0108104106620885e-05,166.4849090576172,220.9388885498047,6.33553599982406e-06
1255,214.68307495117188,207.8536834716797,0.00014177332923281938,186.7327880859375,221.75332641601562,6.404680334526347e-06,123.9555892944336,300.74658203125,5.551686626859009e-06,-1.0749011039733887,223.3048553466797,8.625022928754333e-06,2.5106730461120605,234.49893188476562,1.1532016287674196e-05,124.87348937988281,302.3686828613281,1.0540473340370227e-05,1.1813490390777588,252.20590209960938,1.9520262867445126e-05,225.00912475585938,203.387939453125,1.1043419362977147e-05,166.31594848632812,220.78817749023438,7.337367151194485e-06
1256,203.4913330078125,206.6197967529297,7.11212633177638e-05,106.64909362792969,298.04010009765625,2.837503870978253e-06,123.85770416259766,300.63836669921875,5.509003131010104e-06,-1.033717155456543,223.26214599609375,7.882584213803057e-06,2.448385238647461,234.5111846923828,1.2684647117566783e-05,124.99822998046875,302.3808288574219,1.1788127267209347e-05,1.1386992931365967,252.1549835205078,1.711354525468778e-05,225.3793487548828,203.24229431152344,4.371083832666045e-06,166.2150421142578,220.69003295898438,9.792564014787786e-06
1257,203.20172119140625,206.70863342285156,8.500309195369482e-05,186.39291381835938,221.48263549804688,5.105644504510565e-06,123.94820404052734,300.72137451171875,6.092297553550452e-06,-1.0550718307495117,223.29977416992188,8.430827620031778e-06,2.471083402633667,234.5389404296875,1.299077757721534e-05,167.2537078857422,268.8218078613281,1.2997777957934886e-05,1.1969718933105469,252.19422912597656,1.882765172922518e-05,225.3165740966797,203.2572021484375,6.6116735979449e-06,166.23609924316406,220.77590942382812,8.517948117514607e-06
1258,215.41795349121094,208.4552459716797,5.375606269808486e-05,186.39022827148438,221.06573486328125,3.116630978183821e-06,123.91761016845703,300.7231750488281,6.117798875493463e-06,-0.5287866592407227,284.8685302734375,8.828428690321743e-06,2.5755999088287354,234.58775329589844,1.2046974916302133e-05,125.0970458984375,302.3647155761719,1.2604156836459879e-05,1.1925570964813232,252.196533203125,1.6612038962193765e-05,224.85108947753906,203.1558837890625,4.565469225781271e-06,166.4283447265625,220.59608459472656,8.020434506761376e-06
1259,203.78028869628906,206.69815063476562,2.615367884573061e-05,122.61970520019531,299.50811767578125,2.612488970044069e-06,123.83621215820312,300.6922607421875,6.129572284407914e-06,-0.9891247749328613,223.2280731201172,9.68050881056115e-06,2.4482970237731934,234.51614379882812,1.2645876267924905e-05,125.14713287353516,302.4119873046875,1.2623379916476551e-05,1.2372171878814697,252.23451232910156,1.7080039469874464e-05,224.8341522216797,203.1000518798828,2.276642590004485e-06,166.4056396484375,220.43960571289062,5.973967290628934e-06
1260,203.24453735351562,206.97259521484375,1.7500738977105357e-05,106.76371765136719,298.3285827636719,3.4200936624984024e-06,124.02165222167969,300.6890869140625,8.950060873758048e-06,-0.9590916633605957,223.2057342529297,1.0570410267973784e-05,2.7106668949127197,234.4306640625,1.1115415873064194e-05,125.02909851074219,302.1904602050781,1.569981759530492e-05,1.0620627403259277,252.38531494140625,1.4521468983730301e-05,225.67417907714844,202.75396728515625,2.7346156912244624e-06,166.38609313964844,220.13377380371094,4.696903488365933e-06
1261,216.26625061035156,208.23931884765625,6.967362423893064e-05,106.7535629272461,298.1055603027344,3.4535082704678643e-06,124.02879333496094,300.62469482421875,7.356439255090663e-06,-0.45487356185913086,284.9113464355469,1.0529833161854185e-05,1.4547958374023438,251.0343780517578,1.1618706594163086e-05,167.4044952392578,268.744140625,1.7186881450470537e-05,1.1096487045288086,252.33688354492188,1.7181966541102156e-05,224.74798583984375,203.06637573242188,4.452740995475324e-06,-1.9732723236083984,249.44053649902344,5.086583769298159e-06
1262,215.9189453125,208.4468536376953,4.779659502673894e-05,106.69584655761719,298.110107421875,3.3930509744095616e-06,124.08030700683594,300.5621032714844,7.715297215327155e-06,-0.3971381187438965,284.9212646484375,1.135392358264653e-05,1.5629913806915283,250.96485900878906,1.0951253898383584e-05,124.9111328125,302.04254150390625,1.3501000466931146e-05,1.1984641551971436,252.3289031982422,1.6670550394337624e-05,225.17784118652344,203.29641723632812,3.1515737646259367e-06,-1.8228888511657715,249.27723693847656,4.765430276165716e-06
1263,215.81385803222656,208.31044006347656,5.070270344731398e-05,106.65141296386719,298.05096435546875,3.233926236134721e-06,123.97730255126953,300.5493469238281,6.964388376218267e-06,-0.4838275909423828,284.83599853515625,1.156430607807124e-05,2.739182472229004,234.71728515625,1.1783699847001117e-05,125.00358581542969,301.971923828125,1.4265764548326842e-05,1.141493320465088,252.38504028320312,1.614292159501929e-05,224.8843994140625,203.2878875732422,3.822329745162278e-06,-1.790461540222168,249.41221618652344,4.863165941060288e-06
1264,216.06600952148438,208.1671142578125,3.452394958003424e-05,106.57548522949219,298.1671142578125,3.2986654332489707e-06,123.95209503173828,300.6724548339844,7.41300482332008e-06,-0.44034767150878906,284.7630615234375,1.126358074543532e-05,2.7345316410064697,234.6080780029297,1.1200905646546744e-05,167.52313232421875,269.0301513671875,1.8630127669894136e-05,1.1832332611083984,252.42007446289062,1.8585107682156377e-05,224.98709106445312,203.0128936767578,3.6508988614514237e-06,-1.7480440139770508,249.5164337158203,6.329943516902858e-06
1265,215.97105407714844,208.2665252685547,2.3897400751593523e-05,106.6505355834961,298.2333984375,3.0250553209043574e-06,124.00614929199219,300.6330261230469,6.41686528979335e-06,-0.4037461280822754,284.76141357421875,1.0655884580046404e-05,1.2906301021575928,251.01318359375,1.070571397576714e-05,167.53370666503906,269.0411376953125,2.8636270144488662e-05,1.1673684120178223,252.42877197265625,1.7990258129430003e-05,225.32191467285156,203.118896484375,2.503434870959609e-06,-1.8374743461608887,249.67298889160156,7.102953077264829e-06
1266,215.86614990234375,208.14915466308594,5.182094537303783e-05,106.66438293457031,298.1840515136719,3.2920909234235296e-06,124.03240203857422,300.61431884765625,7.027362244116375e-06,-0.4082159996032715,284.78765869140625,8.794664609013125e-06,2.501126766204834,234.51490783691406,1.4852468666504137e-05,167.50439453125,268.9432678222656,2.0489471353357658e-05,1.2253944873809814,252.3209991455078,1.6425881767645478e-05,225.0990753173828,203.22312927246094,5.6579065130790696e-06,166.21534729003906,220.48504638671875,5.6978956308739726e-06
1267,203.78305053710938,206.47244262695312,8.450572204310447e-05,106.70354461669922,298.149169921875,2.603711209303583e-06,124.0660400390625,300.73138427734375,5.579589469562052e-06,-0.3781428337097168,284.77001953125,8.316237654071301e-06,2.624018907546997,234.60255432128906,1.5304200132959522e-05,167.46560668945312,268.6094665527344,2.7008783945348114e-05,1.209322452545166,252.31365966796875,1.520469413662795e-05,225.25540161132812,203.19314575195312,4.4268958845350426e-06,165.73464965820312,220.47181701660156,6.490975465567317e-06
1268,215.384033203125,207.96514892578125,0.00010255604865960777,122.42886352539062,299.5352783203125,2.3066706944518955e-06,123.99282836914062,300.66375732421875,5.316461738402722e-06,-0.36060047149658203,284.77691650390625,9.896662959363312e-06,1.4195764064788818,250.94058227539062,1.1364041711203754e-05,167.4137420654297,268.77716064453125,1.9700224584084935e-05,1.1667351722717285,252.4004669189453,1.9824348783004098e-05,225.10911560058594,203.24415588378906,6.007910542393802e-06,165.89804077148438,220.19468688964844,6.993012448219815e-06
1269,215.75547790527344,208.11085510253906,0.0001674353115959093,106.73967742919922,298.1125793457031,2.260994733660482e-06,123.9990463256836,300.6889953613281,4.833550065086456e-06,-0.8278317451477051,223.22525024414062,9.652291737438645e-06,2.5800888538360596,234.52919006347656,1.1749866644095164e-05,167.4459686279297,268.6548767089844,1.9104652892565355e-05,1.1361305713653564,252.4230499267578,2.246494113933295e-05,224.89459228515625,203.4988250732422,6.594946626137244e-06,-1.7103509902954102,249.4263916015625,6.9706538852187805e-06
1270,215.6983642578125,208.0864715576172,8.330755372298881e-05,106.74160766601562,298.0670471191406,2.652862804097822e-06,124.00685119628906,300.7156066894531,5.40830615136656e-06,-0.8259849548339844,223.24322509765625,9.344767931906972e-06,2.4848039150238037,234.48899841308594,1.2377760867821053e-05,167.4317626953125,268.1802978515625,2.352256342419423e-05,1.215423583984375,252.3967742919922,2.2188109142007306e-05,225.46908569335938,203.34043884277344,6.200217285368126e-06,-1.7736220359802246,249.55255126953125,6.743194717273582e-06
1271,215.6429443359375,207.97991943359375,8.147898915922269e-05,106.74362182617188,298.16253662109375,2.5457432002440328e-06,123.96923065185547,300.6953125,4.919941602565814e-06,-1.0268464088439941,223.22093200683594,8.834164873405825e-06,2.665653944015503,234.62054443359375,1.2675421203311998e-05,167.4254608154297,268.2397155761719,2.1320720406947657e-05,1.257272481918335,252.42323303222656,2.0054218111908995e-05,225.51535034179688,203.27072143554688,8.744652404857334e-06,-1.8002734184265137,249.44369506835938,6.356433004839346e-06
1272,203.04190063476562,206.60801696777344,1.939965113706421e-05,106.59092712402344,298.2864990234375,4.032593551528407e-06,123.82185363769531,300.6910400390625,6.839208708697697e-06,-0.3730812072753906,284.706787109375,1.1942172022827435e-05,2.7697553634643555,234.5574951171875,1.1914280548808165e-05,109.17166137695312,301.17388916015625,1.6816558854770847e-05,1.2855093479156494,252.13809204101562,1.6414747733506374e-05,209.3540496826172,204.70140075683594,4.385664851724869e-06,-1.9583659172058105,249.22735595703125,3.5788127661362523e-06
1273,202.7660369873047,206.75897216796875,1.744109067658428e-05,106.61308288574219,298.2944030761719,4.4451844587456435e-06,123.87784576416016,300.6502685546875,6.63975970383035e-06,-1.044097900390625,223.07460021972656,1.177928425022401e-05,2.733584403991699,234.48248291015625,1.4211569578037597e-05,124.94485473632812,302.292236328125,1.5401770724565722e-05,1.2833428382873535,252.21258544921875,2.1881212887819856e-05,209.34327697753906,204.74111938476562,3.1863312415225664e-06,-1.861215591430664,249.25189208984375,6.0791462601628155e-06
1274,123.97840118408203,308.30694580078125,1.655103187658824e-05,106.60994720458984,298.2999267578125,4.420677669259021e-06,123.92694091796875,300.78546142578125,7.452692898368696e-06,-0.42140960693359375,284.7153625488281,1.145884016295895e-05,2.7527971267700195,234.5629425048828,1.4288679267338011e-05,109.14747619628906,301.1343078613281,1.6408219380537048e-05,1.3763701915740967,252.12637329101562,2.144789141311776e-05,226.18116760253906,202.97084045410156,2.8105075671192026e-06,-1.8017282485961914,249.2209014892578,5.442153906187741e-06
1275,202.647216796875,207.0150146484375,1.652461287449114e-05,106.59848022460938,298.1533203125,4.472279215406161e-06,123.91812133789062,300.68194580078125,8.024855560506694e-06,-0.42617273330688477,284.7220764160156,1.306245758314617e-05,2.6849372386932373,234.5498504638672,1.335748856945429e-05,124.92195892333984,302.20745849609375,1.683082155068405e-05,1.3409759998321533,252.22125244140625,2.217279325122945e-05,226.06190490722656,203.15264892578125,2.861253278751974e-06,-1.8389544486999512,249.2790985107422,5.4468582675326616e-06
1276,202.069580078125,207.12005615234375,2.3433094611391425e-05,106.55612182617188,298.0782165527344,4.410120709508192e-06,123.86734008789062,300.6225280761719,7.683685907977633e-06,-0.4511866569519043,284.81585693359375,1.2844391676480882e-05,1.3147943019866943,250.78761291503906,1.3193210179451853e-05,124.99348449707031,302.12255859375,1.6691230484866537e-05,1.3341701030731201,252.23565673828125,2.191830390074756e-05,225.88528442382812,203.03843688964844,3.692412292366498e-06,-1.9544682502746582,249.34866333007812,6.196291906235274e-06
1277,202.26266479492188,207.25643920898438,2.2236956283450127e-05,106.58665466308594,297.96051025390625,4.079346126673045e-06,123.84909057617188,300.5599670410156,6.900457719893893e-06,-0.5238566398620605,284.79644775390625,1.0894493243540637e-05,2.608053684234619,234.33612060546875,1.4007211575517431e-05,125.01154327392578,302.1500244140625,1.4948756870580837e-05,1.3747947216033936,252.2125701904297,2.2678297682432458e-05,225.7148895263672,202.78018188476562,4.236572294757934e-06,-1.9565834999084473,249.34219360351562,6.770406344003277e-06
1278,202.73060607910156,207.44427490234375,2.8745385861839168e-05,122.46897888183594,299.5256652832031,2.8059655505785486e-06,123.93470001220703,300.619140625,6.149866294435924e-06,-0.45461320877075195,284.7554626464844,1.2211819012009073e-05,2.621518611907959,234.41348266601562,1.4353742699313443e-05,124.93775177001953,302.3361511230469,1.3596109056379646e-05,1.364999771118164,252.23609924316406,2.5009625460370444e-05,225.99168395996094,203.0355987548828,5.265474101179279e-06,-1.8583626747131348,249.4078826904297,6.686866527161328e-06
1279,202.6958465576172,207.2755126953125,5.271607733448036e-05,122.55314636230469,299.4388427734375,2.719679287110921e-06,124.00373840332031,300.6644592285156,6.041596861905418e-06,-0.4118924140930176,284.7825622558594,1.1520573934831191e-05,2.606344223022461,234.36070251464844,1.5395953596453182e-05,124.98866271972656,302.2381896972656,1.1603679013205692e-05,1.3360745906829834,252.28636169433594,2.1993473637849092e-05,226.0709228515625,203.41921997070312,4.330282081355108e-06,-1.9731483459472656,249.34510803222656,6.174766895128414e-06
1280,202.7194061279297,207.52081298828125,2.6950712708639912e-05,106.65541076660156,298.01165771484375,3.5318701065989444e-06,124.02976989746094,300.6832275390625,6.867227057227865e-06,-0.4612860679626465,284.73114013671875,1.105170031223679e-05,1.3108606338500977,250.78111267089844,1.3057737305643968e-05,167.65878295898438,268.87744140625,1.417394287273055e-05,1.3929626941680908,252.2091827392578,2.4717364794923924e-05,226.14584350585938,203.29376220703125,3.228607511118753e-06,-1.924957275390625,249.36270141601562,7.0034438977018e-06
1281,215.54354858398438,207.7338409423828,0.00024223700165748596,106.7118911743164,297.9623107910156,3.0055934985284694e-06,124.02759552001953,300.61456298828125,6.0773959376092535e-06,-0.3961491584777832,284.6750183105469,1.0712577022786718e-05,2.7175698280334473,234.4722900390625,1.2544139281089883e-05,167.82005310058594,268.6392517089844,1.6526410036021844e-05,1.2796127796173096,252.24070739746094,2.142875746358186e-05,224.989013671875,203.48150634765625,2.0560542907333e-05,183.80711364746094,204.06765747070312,7.166728209995199e-06
1282,215.1689453125,208.07212829589844,0.00017914135241881013,122.6035385131836,299.19134521484375,2.847286623364198e-06,124.01040649414062,300.57708740234375,5.518336365639698e-06,-0.36455392837524414,284.6201171875,1.3960562682768796e-05,3.096667528152466,218.9549102783203,1.2677233826252632e-05,125.06053161621094,302.1208190917969,1.2276004781597294e-05,1.3236031532287598,252.3707733154297,2.3673859686823562e-05,225.02951049804688,203.6105194091797,1.1363163139321841e-05,198.5573272705078,206.11563110351562,8.711491318535991e-06
1283,215.52737426757812,207.9041290283203,0.000274868420092389,185.2140350341797,207.77935791015625,3.023552608283353e-06,124.0552749633789,300.522705078125,5.18030265084235e-06,-0.36629247665405273,284.64923095703125,1.1733071005437523e-05,2.6823744773864746,234.55812072753906,1.5184145922830794e-05,167.60702514648438,268.8628845214844,1.2495641385612544e-05,1.3708009719848633,252.37509155273438,2.480078546795994e-05,225.0438690185547,203.64346313476562,1.5115490896278061e-05,198.66818237304688,206.28443908691406,8.054266800172627e-06
1284,202.25750732421875,207.39454650878906,0.00010193585330853239,106.69995880126953,298.051513671875,3.912466127076186e-06,123.93228912353516,300.4597473144531,5.825405878567835e-06,-0.2939176559448242,284.6861267089844,1.3103731362207327e-05,2.729750633239746,234.4129638671875,1.44638079291326e-05,167.31625366210938,268.93536376953125,1.514751147624338e-05,1.4562137126922607,252.373291015625,2.2994312530499883e-05,226.09901428222656,204.124267578125,1.0058629413833842e-05,166.17648315429688,220.2762908935547,6.343588211166207e-06
1285,215.0924835205078,207.69529724121094,0.00012839632108807564,106.62820434570312,297.97637939453125,3.744848072528839e-06,123.95128631591797,300.50006103515625,4.813852228835458e-06,-0.30869340896606445,284.7211608886719,1.3313178897078615e-05,2.6036806106567383,234.45851135253906,1.6213460185099393e-05,167.34365844726562,268.8876037597656,1.6190668247872964e-05,1.3183610439300537,252.37022399902344,2.50874745688634e-05,226.1892852783203,204.0354766845703,1.1463430382718798e-05,165.78530883789062,220.41903686523438,8.165085091604851e-06
1286,214.90965270996094,207.6050262451172,0.00016130521544255316,186.69265747070312,222.44956970214844,6.6703632910503075e-06,-1.9043059349060059,250.97511291503906,4.609076313499827e-06,-0.32531070709228516,284.7742919921875,1.235351555806119e-05,2.5936789512634277,234.4785614013672,1.6709291230654344e-05,167.46714782714844,268.989501953125,1.3567367204814218e-05,1.4029655456542969,252.32154846191406,2.3548620447400026e-05,225.94984436035156,204.15936279296875,1.5535197235294618e-05,165.89187622070312,220.50570678710938,1.0179457603953779e-05
1287,214.76007080078125,207.8048858642578,0.0001795764110283926,186.70742797851562,222.5194854736328,7.568481123598758e-06,-1.754793643951416,250.9342041015625,4.774810804519802e-06,-0.31049346923828125,284.7200012207031,1.3274385310069192e-05,2.5727062225341797,234.44357299804688,1.7727843442116864e-05,167.28009033203125,268.8714599609375,1.2561413313960657e-05,1.4048075675964355,252.42872619628906,2.7168765882379375e-05,225.8207244873047,203.92257690429688,1.1629181244643405e-05,165.9507598876953,220.3148651123047,1.0406751243863255e-05
1288,214.6321563720703,207.5811309814453,0.00011223024921491742,186.85781860351562,222.64097595214844,4.332880507718073e-06,124.04547882080078,300.58404541015625,4.8425799832330085e-06,-0.3598008155822754,284.738037109375,1.1783980880863965e-05,2.5591464042663574,234.4048309326172,1.4867477148072794e-05,124.94617462158203,302.3650817871094,1.2248956409166567e-05,1.4609417915344238,252.42098999023438,2.5090344934142195e-05,226.24124145507812,203.687255859375,1.2532947948784567e-05,165.65231323242188,220.5581817626953,7.896947863628156e-06
1289,210.6016845703125,206.080810546875,0.00016273393703158945,186.97885131835938,222.77325439453125,7.821122380846646e-06,-1.654799461364746,250.74407958984375,4.103021183254896e-06,-0.3630704879760742,284.6921691894531,1.1577636541915126e-05,2.718526601791382,234.46058654785156,1.4106355592957698e-05,124.91338348388672,302.37005615234375,1.1036280739062931e-05,1.4794087409973145,252.3623504638672,2.619708720885683e-05,225.97500610351562,203.7903594970703,1.2632749530894216e-05,165.68499755859375,220.59837341308594,9.659622264734935e-06
1290,214.95358276367188,207.7655792236328,0.00013684282021131366,186.87355041503906,222.65699768066406,6.044345809641527e-06,124.06021118164062,300.6661071777344,4.552326117845951e-06,-1.0755109786987305,223.19393920898438,1.0054629456135444e-05,2.6491611003875732,234.4149169921875,1.5498721040785313e-05,124.79401397705078,302.4260559082031,1.1758218533941545e-05,1.4577445983886719,252.4303741455078,2.4568886146880686e-05,226.02899169921875,203.91827392578125,1.3545274669013452e-05,-1.9845380783081055,249.57855224609375,7.641558113391511e-06
1291,215.43435668945312,207.68533325195312,0.00013573352771345526,186.74928283691406,222.60890197753906,4.22218090534443e-06,124.16451263427734,300.648681640625,4.251653535902733e-06,-0.37703943252563477,284.68719482421875,1.0620083230605815e-05,2.674553394317627,234.46694946289062,1.4382640983967576e-05,124.7308349609375,302.4407043457031,1.1291598639218137e-05,1.3848357200622559,252.3789520263672,2.443229459458962e-05,225.89488220214844,203.87100219726562,1.1602971426327713e-05,-1.9580230712890625,249.57518005371094,8.206458915083203e-06
1292,215.69845581054688,207.78089904785156,0.00011183517926838249,106.7029800415039,298.1999816894531,3.321048325233278e-06,124.0667953491211,300.7310791015625,4.39582800026983e-06,-0.43308401107788086,284.6638488769531,1.0575300620985217e-05,2.6883997917175293,234.4119415283203,1.2871736544184387e-05,167.22067260742188,268.7962951660156,1.2765761312039103e-05,1.3131599426269531,252.29930114746094,2.2848666048957966e-05,226.06216430664062,203.82064819335938,1.2575713299156632e-05,-1.9119744300842285,249.41726684570312,6.693840077787172e-06
1293,215.4623260498047,207.92449951171875,9.552206756779924e-05,186.8765411376953,222.3335418701172,4.033528057334479e-06,124.03934478759766,300.7859191894531,4.577632807922782e-06,-0.3891181945800781,284.6949768066406,1.0552784260653425e-05,2.7765772342681885,234.42831420898438,1.4233081856218632e-05,166.9932403564453,268.7723693847656,1.5218141015793663e-05,1.3849079608917236,252.29852294921875,2.138084892067127e-05,225.76222229003906,203.72186279296875,1.2307126780797262e-05,166.3527374267578,220.9067840576172,8.350433745363262e-06
1294,215.80287170410156,207.77450561523438,8.730355330044404e-05,106.6812744140625,298.17120361328125,3.831837602774613e-06,124.00738525390625,300.80426025390625,4.493625510804122e-06,-0.3767070770263672,284.7371826171875,1.1557966899999883e-05,2.7196903228759766,234.4192352294922,1.4435849152505398e-05,124.70751190185547,302.5121765136719,1.285431699216133e-05,1.3822789192199707,252.31088256835938,1.969612821994815e-05,225.58177185058594,203.5926971435547,8.786189937382005e-06,166.51065063476562,220.6666717529297,6.164587830426171e-06
1295,216.19911193847656,207.58360290527344,9.306673746323213e-05,106.68391418457031,298.10302734375,4.039575742353918e-06,124.09022521972656,300.7549133300781,5.7123029364447575e-06,-0.3994021415710449,284.6943359375,1.144921679951949e-05,2.70363187789917,234.417724609375,1.285008966078749e-05,124.70782470703125,302.4151306152344,1.4946262126613874e-05,1.3944146633148193,252.29623413085938,2.0141887944191694e-05,225.51644897460938,203.54473876953125,1.1789330528699793e-05,166.6408233642578,220.77459716796875,6.967849003558513e-06
1296,202.49835205078125,207.2792205810547,5.348658305592835e-05,106.58990478515625,298.25738525390625,3.4219528970425017e-06,124.0774154663086,300.59356689453125,6.101705821492942e-06,-0.8726930618286133,223.05897521972656,9.563605999574065e-06,2.582909345626831,234.39598083496094,1.779101694410201e-05,167.48712158203125,268.2528991699219,2.949492227344308e-05,1.3902430534362793,252.17929077148438,2.2674494175589643e-05,225.96255493164062,204.1907501220703,6.91553805154399e-06,-1.6990885734558105,249.4617156982422,6.090979240980232e-06
1297,215.1636962890625,207.93557739257812,8.207296195905656e-05,106.66230010986328,298.2108154296875,2.876125336115365e-06,124.05016326904297,300.6225891113281,6.049207058822503e-06,-0.4319272041320801,284.7748107910156,9.746362593432423e-06,2.6354641914367676,234.33035278320312,1.515529856987996e-05,167.6348114013672,267.91558837890625,2.9692020689253695e-05,1.4574668407440186,252.14865112304688,2.436802606098354e-05,225.2714080810547,203.74050903320312,1.324538970948197e-05,183.89297485351562,204.24612426757812,5.274777322483715e-06
1298,215.1679229736328,207.78652954101562,0.00019687635358422995,106.74168395996094,298.0840148925781,3.5173059131921036e-06,124.04193878173828,300.59735107421875,5.92914511798881e-06,-0.4439115524291992,284.7954406738281,9.477108505961951e-06,1.5372076034545898,250.6973114013672,1.5320889360737056e-05,167.54269409179688,267.89337158203125,3.226142143830657e-05,1.463315486907959,252.17501831054688,2.489379039616324e-05,225.34214782714844,203.9345703125,1.7086051229853183e-05,198.71531677246094,206.48696899414062,7.436533906002296e-06
1299,215.73805236816406,207.8761749267578,0.0003502006584312767,106.79472351074219,298.06500244140625,3.589524794733734e-06,124.06413269042969,300.56158447265625,5.518847046914743e-06,207.90542602539062,208.87745666503906,8.903272828320041e-06,2.57285213470459,234.4784698486328,1.341809365840163e-05,167.3765869140625,267.9770812988281,4.46629237558227e-05,1.3836007118225098,252.03338623046875,2.3878514184616506e-05,225.12399291992188,203.94244384765625,1.9921286366297863e-05,198.64259338378906,206.5262451171875,1.2921535926579963e-05
1300,215.3695526123047,207.97210693359375,0.00020402876543812454,187.05812072753906,222.58351135253906,4.407619144330965e-06,123.9675064086914,300.4838562011719,5.525993856281275e-06,-0.5060372352600098,284.8633728027344,8.595109648013022e-06,2.720341682434082,234.4136505126953,1.2014815183647443e-05,167.36769104003906,268.2804870605469,3.1107698305277154e-05,1.386383056640625,252.1835479736328,1.90487080544699e-05,225.17015075683594,204.11639404296875,1.437625087419292e-05,198.8896026611328,206.52984619140625,9.453260645386763e-06
1301,215.7287139892578,208.13531494140625,0.00017134510562755167,186.75355529785156,222.6900634765625,3.469416014922899e-06,124.07813262939453,300.57354736328125,5.4772785915702116e-06,-0.48113107681274414,284.9244689941406,8.960958439274691e-06,2.693314552307129,234.3625946044922,1.4142038708087057e-05,167.3880157470703,268.4385070800781,3.250861482229084e-05,1.3939757347106934,252.19967651367188,1.8964154151035473e-05,225.14027404785156,204.0465545654297,1.1753822946047876e-05,198.9129180908203,206.35629272460938,8.388162314076908e-06
1302,216.29452514648438,207.9662322998047,0.00019157373753841966,122.54065704345703,299.362060546875,2.6819127469934756e-06,124.00840759277344,300.48590087890625,5.664255695592146e-06,-0.4553341865539551,284.87152099609375,8.43452744447859e-06,2.6046524047851562,234.46336364746094,1.3010627299081534e-05,167.4741668701172,268.43072509765625,3.5977078368887305e-05,1.3873083591461182,252.1888885498047,1.9654060452012345e-05,225.2789764404297,204.05931091308594,1.0188617125095334e-05,198.63641357421875,206.3088836669922,7.833296876924578e-06
1303,215.4099884033203,208.27386474609375,7.744300091871992e-05,122.60807800292969,299.3433837890625,3.2260434181807796e-06,123.97320556640625,300.579345703125,6.811336788814515e-06,-0.3976268768310547,284.8444519042969,1.0247131285723299e-05,2.677466869354248,234.59104919433594,1.300901476497529e-05,167.4140625,268.2986755371094,3.150542761432007e-05,1.4118921756744385,252.22744750976562,2.1044197637820616e-05,226.02984619140625,203.72207641601562,7.039831416477682e-06,-1.887082576751709,249.36997985839844,3.943212050216971e-06
1304,215.42376708984375,208.58998107910156,3.043760807486251e-05,106.65636444091797,298.2717590332031,3.4124470857932465e-06,123.91736602783203,300.47210693359375,6.762611064914381e-06,-0.43430328369140625,284.8788757324219,1.0789761290652677e-05,2.6673946380615234,234.6351318359375,1.3091651453578379e-05,167.26771545410156,268.5043640136719,3.501006358419545e-05,1.365577220916748,252.27130126953125,2.2592492314288393e-05,226.15882873535156,203.6030731201172,5.118193257658277e-06,-1.9098939895629883,249.3339080810547,5.135638275532983e-06
1305,203.0577392578125,207.54847717285156,2.385696097917389e-05,106.72016906738281,298.2078552246094,3.0532708024111344e-06,123.8960189819336,300.550537109375,6.678893441858236e-06,-0.45710086822509766,284.8414611816406,9.560915714246221e-06,2.612748384475708,234.61126708984375,1.2250135114300065e-05,167.48214721679688,268.491943359375,3.447818380664103e-05,1.317322015762329,252.2470245361328,1.902421900012996e-05,226.6982879638672,203.7978515625,5.006506398785859e-06,-1.9652290344238281,249.3357696533203,3.7442553093569586e-06
1306,215.73158264160156,208.25640869140625,6.58526478218846e-05,106.72737884521484,298.2347717285156,2.7216874514124356e-06,123.96492767333984,300.6050720214844,5.201644398766803e-06,-0.4692845344543457,284.8343200683594,1.071584574674489e-05,1.4400498867034912,250.76583862304688,1.2089051779184956e-05,167.40538024902344,268.5512390136719,2.7922773369937204e-05,1.3274240493774414,252.2890167236328,2.0420202417881228e-05,226.40203857421875,203.74288940429688,7.226527486636769e-06,166.65902709960938,220.99485778808594,5.491080173669616e-06
1307,215.87843322753906,208.49673461914062,0.00010866869706660509,106.71614074707031,298.372314453125,2.5161300527543062e-06,123.92178344726562,300.634033203125,4.911667019769084e-06,-0.45520925521850586,284.8309020996094,1.2178044926258735e-05,1.3927326202392578,250.7718963623047,1.2881758266303223e-05,167.0637969970703,268.7143859863281,2.1471265426953323e-05,1.3396873474121094,252.19932556152344,2.34328254009597e-05,226.02444458007812,203.78680419921875,7.863085556891747e-06,183.22268676757812,204.3750457763672,5.973801307845861e-06
1308,202.65585327148438,207.25808715820312,2.318911356269382e-05,106.69160461425781,298.111328125,3.578181576813222e-06,123.85507202148438,300.7838439941406,7.065490990498802e-06,-0.40641260147094727,284.7870788574219,8.237077054218389e-06,2.6595373153686523,234.5341339111328,1.3148769539839122e-05,124.85069274902344,302.28582763671875,1.736870763124898e-05,1.3479926586151123,252.24371337890625,1.929535028466489e-05,226.22889709472656,203.7147674560547,5.962395789538277e-06,-1.8071069717407227,249.45237731933594,4.3308768908900674e-06
1309,203.10638427734375,207.1009063720703,2.3198335838969797e-05,106.74829864501953,298.12066650390625,3.231703431083588e-06,123.81024932861328,300.73272705078125,7.20136085874401e-06,-0.42618322372436523,284.7571105957031,8.897297448129393e-06,2.740720272064209,234.4905242919922,1.2567154954012949e-05,124.9713134765625,302.32171630859375,1.5560315659968182e-05,1.4305899143218994,252.22933959960938,2.425266575301066e-05,226.1395263671875,203.45523071289062,4.793133030034369e-06,-1.6798787117004395,249.486083984375,6.007395313645247e-06
1310,202.39686584472656,206.92431640625,2.6934216293739155e-05,106.71189880371094,298.01708984375,3.3865437671920517e-06,123.98233795166016,300.7331848144531,7.270262813108275e-06,-1.0386395454406738,223.07875061035156,8.229083505284507e-06,2.612839698791504,234.52154541015625,1.399112352373777e-05,124.91719055175781,302.21246337890625,1.4015174201631453e-05,1.290210485458374,252.2512969970703,2.0937002773280255e-05,226.2437744140625,203.16221618652344,4.51187133876374e-06,166.5953369140625,220.36865234375,5.299569238559343e-06
1311,202.69927978515625,207.095947265625,1.865756348706782e-05,106.63343811035156,298.0818176269531,3.1269557894120226e-06,124.01985931396484,300.7701110839844,6.486817710538162e-06,-0.47837209701538086,284.87786865234375,8.234697816078551e-06,1.2471628189086914,250.63522338867188,1.3930172826803755e-05,124.82227325439453,302.17071533203125,1.5024805179564282e-05,1.1896696090698242,252.35118103027344,2.329306153114885e-05,226.4190673828125,203.3638458251953,3.7214256281004054e-06,-1.9735193252563477,249.54769897460938,7.376502708211774e-06
1312,123.60958862304688,308.2430114746094,1.6898902686079964e-05,122.59002685546875,299.45220947265625,3.0716118999407627e-06,123.86380004882812,300.7364501953125,6.936158115422586e-06,-0.991483211517334,223.10845947265625,8.211641215893906e-06,1.33256196975708,250.6541748046875,1.5070900190039538e-05,124.8481216430664,302.2516174316406,1.606660407560412e-05,1.2783126831054688,252.3556365966797,2.2711563360644504e-05,225.93617248535156,203.0897979736328,2.7662647426041076e-06,-1.8987822532653809,249.54315185546875,7.2429834290232975e-06
1313,123.64970397949219,308.2971496582031,1.6562904420425184e-05,122.5423583984375,299.5570983886719,3.0361425160663202e-06,123.88021087646484,300.7594299316406,6.974437837925507e-06,-0.44116783142089844,284.7861328125,8.944437468016986e-06,1.3599722385406494,250.6466064453125,1.6953848898992874e-05,124.84713745117188,302.2589111328125,1.5609793990734033e-05,1.2534093856811523,252.3599853515625,2.671180118340999e-05,226.5133056640625,202.88204956054688,3.079375574088772e-06,-1.7921080589294434,249.6466064453125,7.4847444011538755e-06
1314,123.7230453491211,308.2783203125,1.542968675494194e-05,122.53231811523438,299.5449523925781,2.9262191674206406e-06,123.97590637207031,300.7596740722656,7.277331860677805e-06,-1.0281705856323242,223.13833618164062,8.064781468419824e-06,1.385787010192871,250.70065307617188,1.3994607797940262e-05,124.87664794921875,302.23333740234375,1.4818018826190382e-05,1.2904024124145508,252.24671936035156,2.41835859924322e-05,226.45205688476562,202.96202087402344,2.0860115910181776e-06,-1.802051067352295,249.60862731933594,7.329282652790425e-06
1315,203.72735595703125,309.6672058105469,1.568106745253317e-05,122.5881118774414,299.4671630859375,3.0987894206191413e-06,124.00567626953125,300.6951599121094,7.3272353802167345e-06,-1.0507946014404297,223.12503051757812,8.110929229587782e-06,1.386457920074463,250.6899871826172,1.3637977644975763e-05,167.57241821289062,269.1739807128906,1.4541814380208962e-05,1.349816083908081,252.2088165283203,2.289602161908988e-05,226.50421142578125,203.10198974609375,2.526146545278607e-06,-1.792917251586914,249.47158813476562,6.30957856628811e-06
1316,171.22523498535156,309.3611755371094,1.4954245671106037e-05,122.57664489746094,299.4942626953125,2.918115114880493e-06,124.05908966064453,300.67767333984375,7.0613341449643485e-06,-1.143998146057129,223.0968780517578,7.126497166609624e-06,1.5703670978546143,250.80625915527344,1.527770291431807e-05,124.89559173583984,302.2637939453125,1.3035640222369693e-05,1.3463513851165771,252.1201629638672,1.9611934476415627e-05,226.39535522460938,203.22715759277344,1.9880258150806185e-06,-1.8092708587646484,249.52362060546875,5.352602784114424e-06
1317,123.74899291992188,308.3607177734375,1.5119541785679758e-05,122.59064483642578,299.6078796386719,2.960943675134331e-06,124.0496826171875,300.78338623046875,6.221047897270182e-06,-0.5520758628845215,284.7824401855469,7.48560842112056e-06,1.557878017425537,250.69541931152344,1.2914033504785039e-05,124.75505828857422,302.34466552734375,1.2844135198974982e-05,1.4231243133544922,252.16049194335938,2.2494845325127244e-05,226.1829071044922,203.296142578125,3.82980988433701e-06,-1.7055726051330566,249.5192413330078,5.7063512031163555e-06
1318,215.8114471435547,208.77809143066406,3.576631934265606e-05,122.63017272949219,299.5957336425781,2.6392210656922543e-06,124.0512466430664,300.7580261230469,5.6482781474187505e-06,-0.5579705238342285,284.79302978515625,6.972468781896168e-06,1.526763677597046,250.77024841308594,1.4072764315642416e-05,167.4813995361328,269.2119445800781,1.268804680876201e-05,1.4011051654815674,252.0894012451172,2.4038978153839707e-05,225.26210021972656,203.42605590820312,6.066538844606839e-06,-1.6691560745239258,249.47755432128906,6.491235581052024e-06
1319,216.0518798828125,208.7310028076172,5.325465463101864e-05,122.5960464477539,299.51165771484375,3.0091928238107357e-06,123.99982452392578,300.67547607421875,6.531885446747765e-06,-0.5530714988708496,284.76751708984375,7.70466522226343e-06,1.5194785594940186,250.80294799804688,1.3994580513099208e-05,124.90489959716797,302.293701171875,1.3430064427666366e-05,1.3570282459259033,252.12225341796875,2.5197170543833636e-05,225.20359802246094,203.58029174804688,7.574626124551287e-06,-1.6279067993164062,249.47669982910156,7.740745786577463e-06
1320,203.04002380371094,207.14254760742188,2.370535185036715e-05,106.62309265136719,298.07470703125,3.568983174773166e-06,124.17022705078125,300.6500244140625,6.648605449299794e-06,-0.41193151473999023,284.71307373046875,1.099634846468689e-05,1.3200573921203613,250.82754516601562,1.4322075912787113e-05,167.74960327148438,268.76519775390625,1.7142128854175098e-05,1.2750611305236816,252.21896362304688,2.4933871827670373e-05,226.2014617919922,203.3588409423828,5.474813406181056e-06,-1.7378997802734375,249.5891571044922,7.63565822126111e-06
1321,215.47628784179688,208.33181762695312,6.545658834511414e-05,106.78421020507812,298.06976318359375,3.5122811823384836e-06,124.19471740722656,300.6307067871094,5.196809524932178e-06,-0.37983179092407227,284.7969970703125,1.2509292901086155e-05,1.410487174987793,250.92645263671875,1.2618073014891706e-05,167.58778381347656,268.5412902832031,1.931363294715993e-05,1.3045382499694824,252.2764892578125,1.968685319297947e-05,226.09959411621094,203.8671112060547,5.668860467267223e-06,166.1192626953125,220.19906616210938,5.83307746637729e-06
1322,204.2080535888672,206.81390380859375,5.35105646122247e-05,106.75402069091797,298.14208984375,4.092649760423228e-06,124.11840057373047,300.5969543457031,5.672856786986813e-06,-0.3797111511230469,284.7842712402344,9.923304787662346e-06,2.611177682876587,234.56063842773438,1.374753537675133e-05,167.46282958984375,268.3845520019531,2.199869413743727e-05,1.352297306060791,252.19309997558594,2.3840560970711522e-05,226.3314208984375,203.8787841796875,5.417448392108781e-06,-1.7454280853271484,249.44393920898438,6.151268735266058e-06
1323,204.7128448486328,206.54454040527344,4.196681038592942e-05,106.74968719482422,298.1161193847656,3.6895719404128613e-06,124.06220245361328,300.53875732421875,4.510223789111478e-06,-0.3389401435852051,284.82867431640625,1.0107872185471933e-05,2.636054515838623,234.5131072998047,1.6611531464150175e-05,167.71412658691406,268.3898010253906,1.5215965504467022e-05,1.3875715732574463,252.21803283691406,2.6071027605212294e-05,225.80728149414062,203.87852478027344,4.614613771991571e-06,-1.8279643058776855,249.44773864746094,7.775303856760729e-06
1324,216.43455505371094,207.7198028564453,9.875010437099263e-05,106.6446762084961,298.12542724609375,3.90866171073867e-06,124.08856964111328,300.5489807128906,4.6466079766105395e-06,-0.4215202331542969,284.9002380371094,1.3114909052092116e-05,1.3513896465301514,250.80332946777344,1.523117953183828e-05,124.86500549316406,302.22650146484375,1.4160377759253606e-05,1.3057491779327393,252.34922790527344,2.6358142349636182e-05,225.48660278320312,203.9936065673828,9.643698831496295e-06,-1.7461605072021484,249.5417938232422,6.9272600740077905e-06
1325,215.6956787109375,207.697998046875,5.012225665268488e-05,106.72679901123047,298.1123046875,4.21762524638325e-06,124.1379165649414,300.5096740722656,4.794673259311821e-06,-0.4442138671875,284.9452819824219,1.2916053492517676e-05,1.3898277282714844,250.78045654296875,1.3227098861534614e-05,124.86500549316406,302.12677001953125,1.3985652913106605e-05,1.2865145206451416,252.28518676757812,2.349124406464398e-05,225.712646484375,203.77334594726562,6.59968463878613e-06,-1.8353919982910156,249.43087768554688,6.59626812193892e-06
1326,216.10107421875,207.9112548828125,4.306814298615791e-05,106.56521606445312,298.2476806640625,4.067067038704408e-06,-1.7909126281738281,250.9396514892578,3.874108188028913e-06,-0.4616250991821289,284.8897399902344,1.2762706319335848e-05,1.337214708328247,250.78611755371094,1.3955410395283252e-05,124.57679748535156,302.15789794921875,1.3632658010465093e-05,1.3079602718353271,252.28543090820312,2.5350991563755088e-05,226.20582580566406,203.24269104003906,4.754770998260938e-06,-1.7134590148925781,249.58860778808594,7.29349903849652e-06
1327,216.33724975585938,207.71408081054688,6.725469575030729e-05,106.63160705566406,298.1562805175781,3.489514938337379e-06,124.06871032714844,300.58197021484375,3.6278461266192608e-06,-0.4845118522644043,284.8101806640625,1.1007795365003403e-05,1.3012852668762207,250.84080505371094,1.2082895409548655e-05,124.58248901367188,302.18572998046875,1.3654685972142033e-05,1.2941303253173828,252.35140991210938,2.318528640898876e-05,226.1532440185547,203.51559448242188,6.0642942116828635e-06,-1.705916404724121,249.62173461914062,6.90112301526824e-06
1328,216.09918212890625,208.060302734375,3.7292713386705145e-05,106.6219482421875,298.363037109375,4.146420451434096e-06,124.05199432373047,300.63116455078125,5.047548711445415e-06,-0.4698657989501953,284.7960510253906,1.1401515621400904e-05,1.25142240524292,250.6883544921875,1.2256679838174023e-05,124.6177978515625,302.17803955078125,1.8262775483890437e-05,1.2674543857574463,252.33078002929688,2.5183597244904377e-05,225.93991088867188,203.43235778808594,5.34809169039363e-06,-1.8444571495056152,249.56597900390625,7.042362994980067e-06
1329,211.1519775390625,206.09075927734375,0.0010710912756621838,201.05316162109375,220.87899780273438,7.108726549631683e-06,124.05756378173828,300.6687316894531,4.697996700997464e-06,-0.3893589973449707,284.75726318359375,1.314285327680409e-05,1.3343915939331055,250.6739501953125,1.2033587154292036e-05,124.82860565185547,302.0418701171875,1.3406543075689115e-05,1.2929270267486572,252.37808227539062,2.2655125576420687e-05,224.60650634765625,204.3192596435547,1.4749189176654909e-05,183.64065551757812,204.9996795654297,1.214758594869636e-05
1330,215.75257873535156,206.7030792236328,0.0033104224130511284,201.14414978027344,221.0537872314453,1.1329057997500058e-05,123.89990234375,300.45574951171875,4.669855115935206e-06,206.51007080078125,209.6630401611328,1.6937268810579553e-05,1.333634614944458,250.73193359375,1.1319553777866531e-05,125.09306335449219,301.95550537109375,1.1249797353229951e-05,1.2703406810760498,252.35406494140625,2.054817377938889e-05,224.51052856445312,205.04763793945312,1.2369112482701894e-05,183.67018127441406,204.89776611328125,2.1129482774995267e-05
1331,211.98348999023438,205.23036193847656,0.001993142068386078,185.0625762939453,208.01788330078125,9.755680366652086e-06,123.90876007080078,300.3597106933594,4.749699655803852e-06,-0.4902510643005371,284.80438232421875,1.1215838640055154e-05,1.3824796676635742,250.6055450439453,9.65604886005167e-06,125.17181396484375,301.9914245605469,9.440214853384532e-06,1.3426544666290283,252.3448944091797,1.8804395949700847e-05,224.8131866455078,204.803466796875,1.1928991625609342e-05,184.0375518798828,204.9541015625,1.6310325008817017e-05
1332,216.73355102539062,206.82565307617188,0.001180019578896463,185.6985626220703,207.83319091796875,8.340175554621965e-06,123.77220916748047,300.4080810546875,7.079216175043257e-06,-0.40491771697998047,284.9191589355469,1.2273007996554952e-05,1.337878942489624,250.7670135498047,1.154583787865704e-05,125.18135070800781,301.8291320800781,1.2707435416814405e-05,1.460315227508545,252.32089233398438,1.874827648862265e-05,224.31158447265625,204.10165405273438,8.564907147956546e-06,183.9613494873047,204.61447143554688,1.314683959208196e-05
1333,217.1443634033203,206.5348663330078,0.004750176798552275,186.0587615966797,207.8582000732422,1.6152960597537458e-05,123.85429382324219,300.27972412109375,6.352699529088568e-06,207.67416381835938,209.31898498535156,1.4564699995389674e-05,1.318974256515503,250.78907775878906,1.1377358532627113e-05,125.16737365722656,301.8212585449219,1.1977439498878084e-05,1.397240161895752,252.3028106689453,1.986547067645006e-05,225.9337158203125,195.13720703125,1.4580751667381264e-05,184.0129852294922,204.96717834472656,3.003622441610787e-05
1334,215.97079467773438,207.70518493652344,5.658005102304742e-05,122.9281005859375,298.927978515625,3.7683066693716682e-06,123.83663177490234,300.35833740234375,9.31859449337935e-06,-0.44049978256225586,284.8634033203125,1.1807727787527256e-05,2.819448947906494,234.53672790527344,1.0332239071431104e-05,125.30874633789062,301.7451171875,1.3634335118695162e-05,1.515423059463501,252.1748046875,1.8441905922372825e-05,225.24972534179688,203.5594482421875,4.408317181514576e-06,184.11233520507812,204.20904541015625,6.6589359448698815e-06
1335,216.85903930664062,207.03074645996094,0.00024887800100259483,185.91383361816406,207.57284545898438,4.839025223191129e-06,123.94154357910156,300.2978515625,8.194634574465454e-06,209.0192413330078,209.5653076171875,1.7181033399538137e-05,2.7656660079956055,234.5857696533203,1.1149229067086708e-05,154.64353942871094,285.7160949707031,3.096796353929676e-05,1.5375416278839111,252.17864990234375,1.9603668988565914e-05,225.26138305664062,204.0645294189453,3.327214471937623e-06,197.74838256835938,206.25885009765625,1.4566297977580689e-05
1336,217.44540405273438,207.08909606933594,0.0013118090573698282,122.81062316894531,298.8977966308594,3.091360213147709e-06,123.86454010009766,300.15673828125,6.34592379356036e-06,211.94435119628906,211.28213500976562,4.563995389617048e-05,2.771549701690674,234.62342834472656,1.2928511750942562e-05,125.25456237792969,301.85076904296875,1.266144317924045e-05,1.5317630767822266,252.33197021484375,2.129323002009187e-05,224.93426513671875,204.30258178710938,1.0362768989580218e-05,197.14974975585938,205.80810546875,4.387498483993113e-05
1337,218.36874389648438,207.517822265625,5.69225157960318e-05,122.69257354736328,298.7792053222656,2.6057680315716425e-06,123.51980590820312,299.929443359375,4.585751412378158e-06,210.09527587890625,208.37103271484375,1.2767283806169871e-05,2.7746262550354004,234.64593505859375,1.1010021808033343e-05,216.71359252929688,269.1388854980469,2.5038667445187457e-05,1.4560716152191162,252.29171752929688,2.42165206145728e-05,225.40628051757812,203.89305114746094,3.961552920372924e-06,197.9303436279297,204.05447387695312,1.9111266738036647e-05
1338,217.8017578125,208.31787109375,0.00021607711096294224,184.9376678466797,272.27362060546875,1.807389480745769e-06,-3.403918743133545,219.8246612548828,4.796836947207339e-06,-0.9212322235107422,223.01004028320312,1.1150472346344031e-05,2.807213068008423,234.6981964111328,1.687764233793132e-05,217.2073974609375,269.08648681640625,5.039367169956677e-05,1.47944974899292,252.1818389892578,2.967899854411371e-05,223.74789428710938,205.426513671875,4.669548161473358e-06,-1.5338115692138672,249.4281768798828,7.582655598525889e-06
1339,233.29779052734375,218.2645721435547,1.6290676285279915e-05,1.3688743114471436,253.27267456054688,2.2310123313218355e-06,-1.3347406387329102,250.95458984375,6.712986760248896e-06,-0.8829092979431152,223.07460021972656,1.235962008649949e-05,1.5204699039459229,250.52362060546875,1.65940509759821e-05,217.2676239013672,269.9048767089844,1.6263851648545824e-05,1.589921236038208,252.27598571777344,4.374767740955576e-05,132.56951904296875,290.923828125,2.5089104838116327e-06,-1.4192132949829102,249.49925231933594,1.135225647885818e-05
1340,2.7513318061828613,255.35736083984375,1.1201376764802262e-05,1.3035521507263184,253.2056121826172,1.9413566860748688e-06,-1.5315427780151367,250.91262817382812,5.5631130635447334e-06,-0.9699492454528809,223.09730529785156,1.0384861525380984e-05,2.8881237506866455,234.60208129882812,1.548022555653006e-05,125.6550064086914,301.5743713378906,8.857566172082443e-06,1.5650193691253662,252.19485473632812,3.6011952033732086e-05,131.44937133789062,285.6611633300781,2.5531783194310265e-06,-1.4229621887207031,249.50033569335938,9.7767197075882e-06
1341,2.7406387329101562,255.34439086914062,1.0976201338053215e-05,1.170257806777954,253.30313110351562,2.071296648864518e-06,-1.5007147789001465,250.85426330566406,5.220568709773943e-06,0.7592685222625732,254.18783569335938,9.013849194161594e-06,2.797616481781006,234.70065307617188,1.4785961866436992e-05,125.88623046875,301.3272399902344,1.0024805305874906e-05,1.4687039852142334,252.27279663085938,3.2933861803030595e-05,131.1188507080078,286.1914978027344,2.795588443404995e-06,-1.5286903381347656,249.62745666503906,9.208300070895348e-06
1342,2.7725117206573486,255.39715576171875,1.0078582818096038e-05,1.1329874992370605,253.35780334472656,1.819981548578653e-06,-1.6529183387756348,250.9001007080078,5.242085535428487e-06,-0.5241279602050781,284.5777893066406,8.428609362454154e-06,1.5622951984405518,250.62313842773438,1.4219854165276047e-05,202.24671936035156,284.8154602050781,1.3444121577776968e-05,1.488752841949463,252.23509216308594,2.8963457225472666e-05,132.6434783935547,290.936767578125,2.134742771886522e-06,-1.6415014266967773,249.57717895507812,7.2540779001428746e-06
1343,124.04412841796875,307.7864685058594,1.2222735676914454e-05,122.7235107421875,298.90875244140625,2.527908236515941e-06,-1.648838996887207,250.92041015625,4.60915498479153e-06,-0.6495394706726074,284.6288146972656,8.00305133452639e-06,2.7501416206359863,234.68785095214844,1.4206664673110936e-05,125.83289337158203,301.53662109375,1.5179599358816631e-05,1.4769952297210693,252.25640869140625,2.653233241289854e-05,149.99391174316406,278.2352600097656,3.063301164729637e-06,-1.7687339782714844,249.58885192871094,6.625514743063832e-06
1344,124.02118682861328,307.92852783203125,1.951397098309826e-05,122.54926300048828,298.5335998535156,4.3000636651413515e-06,123.67252349853516,299.829345703125,6.1219548115332145e-06,-0.4616060256958008,284.67626953125,1.4434594959311653e-05,1.3856241703033447,250.74252319335938,1.5502697351621464e-05,141.6925506591797,301.8979187011719,2.682102785911411e-05,1.495452642440796,252.4111328125,2.7675825549522415e-05,150.04843139648438,278.80120849609375,3.6525664199871244e-06,-1.6856627464294434,249.72486877441406,7.47543572288123e-06
1345,108.4231185913086,308.4520568847656,2.057825622614473e-05,122.46044921875,299.0301513671875,2.636079443618655e-06,140.17965698242188,299.0632019042969,7.032389930827776e-06,-0.4342160224914551,284.782958984375,1.5571729818475433e-05,1.4866745471954346,250.70924377441406,1.5661878933315165e-05,141.25465393066406,302.0661315917969,2.1977433789288625e-05,1.5392086505889893,252.48745727539062,3.1242256227415055e-05,147.32333374023438,284.2948303222656,1.8933817500510486e-06,-1.5935425758361816,249.76824951171875,7.560667654615827e-06
1346,212.27593994140625,208.25994873046875,0.018381882458925247,201.57777404785156,222.70870971679688,3.637723784777336e-05,-1.7626323699951172,250.9229736328125,5.086132659926079e-06,207.29136657714844,210.22598266601562,0.00014542261487804353,1.5600290298461914,250.67161560058594,1.4869688129692804e-05,203.82717895507812,208.73471069335938,1.4254489542508963e-05,1.4581489562988281,252.52304077148438,2.8166679840069264e-05,223.8627166748047,203.97532653808594,2.4562796170357615e-05,199.162109375,207.87734985351562,5.8035791880683973e-05
1347,208.9861602783203,206.4797821044922,0.13105341792106628,186.10076904296875,221.3026123046875,0.00010622658737702295,-1.7626190185546875,250.95236206054688,4.68533880848554e-06,206.4663848876953,212.30409240722656,0.00019978055206593126,218.4551544189453,234.138671875,1.9148137653246522e-05,215.5199737548828,217.21055603027344,3.2974967325571924e-05,1.454850673675537,252.4256591796875,2.262880479975138e-05,224.14659118652344,204.287109375,4.271841316949576e-05,183.9575958251953,207.26217651367188,0.00020830014545936137
1348,207.9655303955078,204.50509643554688,0.23348048329353333,185.83897399902344,220.42022705078125,8.694231655681506e-05,203.6962432861328,215.2572021484375,9.670461622590665e-06,206.03451538085938,211.69285583496094,0.0007129727164283395,1.6225199699401855,250.54795837402344,1.2251900443516206e-05,207.62754821777344,219.1317901611328,5.97445250605233e-05,1.4331984519958496,252.39129638671875,2.0017438146169297e-05,208.3402099609375,197.1879425048828,8.622877794550732e-05,183.06155395507812,206.60641479492188,0.00013075732567813247
1349,199.60919189453125,198.25830078125,0.9733047485351562,228.39002990722656,208.81393432617188,0.02245200239121914,195.92532348632812,210.7906951904297,0.0005651235114783049,196.14788818359375,209.062255859375,0.016298051923513412,190.90042114257812,207.27642822265625,1.7748703612596728e-05,190.03012084960938,206.34169006347656,0.00025341135915368795,247.002685546875,213.48602294921875,0.0007380222668871284,243.31588745117188,218.49740600585938,0.00034266954753547907,183.39891052246094,208.04075622558594,0.0006065480993129313
1350,198.82180786132812,196.1750030517578,0.9932985901832581,227.9075164794922,206.81089782714844,0.39187198877334595,195.3356170654297,206.15936279296875,0.021602636203169823,190.9609832763672,205.5095672607422,0.058499328792095184,207.08399963378906,210.23179626464844,1.151659762399504e-05,206.69728088378906,216.54690551757812,9.902856982080266e-05,245.6387176513672,210.88436889648438,0.15200254321098328,237.08509826660156,218.1895751953125,0.0047317855060100555,183.4684600830078,206.96470642089844,0.00012882125156465918
1351,193.09107971191406,195.5572509765625,0.0012316815555095673,227.75718688964844,208.60426330566406,0.00016544156824238598,154.63890075683594,281.97308349609375,4.534945037448779e-05,139.65347290039062,278.8021240234375,2.3208009224617854e-05,1.8318054676055908,250.36717224121094,1.2430887181835715e-05,141.65640258789062,300.26605224609375,5.310570850269869e-05,244.44525146484375,211.4369659423828,0.006109335459768772,222.79490661621094,215.9808807373047,0.0003491698589641601,234.43263244628906,234.5404815673828,3.382588329259306e-05
1352,193.1505126953125,197.1903076171875,0.008062955923378468,228.64505004882812,211.36639404296875,0.0025306055322289467,152.6504364013672,283.1265869140625,3.783137435675599e-05,134.43019104003906,272.63885498046875,0.000763439224101603,1.6155071258544922,250.5481719970703,1.3257015780254733e-05,206.63510131835938,219.428466796875,3.360730261192657e-05,244.2365264892578,214.16757202148438,0.16482283174991608,234.03176879882812,233.39041137695312,0.0051068635657429695,237.8073272705078,234.01548767089844,0.0001549438020447269
1353,192.7869110107422,202.15782165527344,0.9992141723632812,220.9716033935547,213.8922882080078,0.9999256134033203,186.5299530029297,225.77871704101562,0.9625793695449829,184.83094787597656,232.34986877441406,0.09118106216192245,194.9686737060547,227.0057373046875,0.002496975939720869,193.91505432128906,227.97323608398438,0.00081496755592525,237.94534301757812,221.0103759765625,0.9979069232940674,225.4586639404297,250.31263732910156,0.014165245927870274,241.96749877929688,248.93069458007812,0.0008624722249805927
1354,188.1871795654297,200.03121948242188,0.9999561309814453,214.0113525390625,211.579833984375,0.9999977350234985,178.54684448242188,226.11178588867188,0.995599627494812,172.16761779785156,229.9090118408203,0.9622196555137634,218.59451293945312,199.3267822265625,0.00014887013821862638,218.06983947753906,178.32887268066406,0.0005901946569792926,230.245361328125,220.61643981933594,0.9992994070053101,215.12991333007812,251.85702514648438,0.3202012777328491,226.05662536621094,249.06332397460938,0.0007900560740381479
1355,184.40931701660156,199.58782958984375,1.0,208.7798614501953,212.835693359375,1.0,169.329345703125,230.21542358398438,1.0,157.89306640625,236.20294189453125,0.9999997615814209,207.32406616210938,197.4805450439453,0.0006423891172744334,174.13504028320312,238.80250549316406,0.0041534556075930595,222.96493530273438,225.90194702148438,0.9999998807907104,197.81219482421875,267.5640869140625,0.9998315572738647,241.27493286132812,246.09884643554688,0.00045587311615236104
1356,183.15283203125,200.38668823242188,1.0,203.08612060546875,215.5391845703125,1.0,164.8369903564453,232.22853088378906,1.0,152.81544494628906,238.14901733398438,1.0,207.1782989501953,206.71827697753906,0.0004604441346600652,215.15467834472656,204.3586883544922,0.0022897992748767138,216.2383575439453,229.39125061035156,1.0,190.40878295898438,271.6304016113281,0.9999384880065918,234.6162872314453,248.24095153808594,0.028183527290821075
1357,182.689453125,200.3178253173828,1.0,200.4306640625,217.25613403320312,1.0,161.64463806152344,233.45883178710938,1.0,149.5381317138672,239.68589782714844,1.0,209.37037658691406,212.60586547851562,0.0003659917274489999,154.226806640625,240.3873291015625,0.0063279480673372746,211.65887451171875,232.15582275390625,1.0,185.1619415283203,272.6409912109375,0.9999959468841553,231.59666442871094,248.6637725830078,0.556021511554718
1358,181.561767578125,200.657470703125,1.0,198.4197235107422,219.56649780273438,1.0,159.08511352539062,234.2876434326172,1.0,145.63307189941406,241.50003051757812,1.0,208.351806640625,214.3353271484375,0.0006186278769746423,156.2406005859375,240.4306640625,0.005338040646165609,209.1777801513672,234.82742309570312,1.0,182.16273498535156,274.5630798339844,0.999997615814209,229.76406860351562,250.85667419433594,0.9985488057136536
1359,181.11227416992188,201.00477600097656,1.0,198.2572784423828,221.14239501953125,1.0,158.67091369628906,235.79962158203125,1.0,145.8015899658203,241.4799041748047,1.0,207.8087921142578,215.51058959960938,0.000414843118051067,156.29983520507812,240.80096435546875,0.004488039296120405,209.4478759765625,237.87115478515625,1.0,181.90997314453125,276.0037536621094,0.9999978542327881,229.41506958007812,253.46267700195312,0.9997023940086365
1360,180.5465850830078,202.41891479492188,1.0,200.083984375,222.010986328125,1.0,158.87948608398438,236.1562042236328,1.0,146.0364227294922,241.50506591796875,1.0,208.62786865234375,221.83326721191406,0.0003415977698750794,156.59925842285156,241.1551971435547,0.0033460494596511126,211.49916076660156,239.24232482910156,1.0,182.94216918945312,276.7257080078125,0.9999982118606567,230.66864013671875,254.91773986816406,0.9899200201034546
1361,182.74465942382812,203.6982421875,1.0,202.7635498046875,224.46163940429688,1.0,161.2706756591797,235.8419647216797,1.0,146.98951721191406,241.9044189453125,1.0,209.3749542236328,221.94485473632812,0.00040907837683334947,155.775146484375,241.46669006347656,0.0018206570530310273,214.8270721435547,241.339111328125,1.0,185.30763244628906,278.0771484375,0.9999979734420776,232.26025390625,255.46766662597656,0.9968313574790955
1362,183.2252655029297,205.42498779296875,1.0,204.40182495117188,226.4493408203125,1.0,162.72396850585938,236.2412109375,1.0,149.46917724609375,242.10496520996094,1.0,208.8238983154297,218.6170196533203,0.016971979290246964,212.73974609375,217.06895446777344,0.0048903245478868484,216.9187469482422,244.05467224121094,1.0,186.1795196533203,279.37469482421875,0.9999861717224121,234.91952514648438,257.35772705078125,0.9614542722702026
1363,185.59559631347656,210.85635375976562,1.0,205.677978515625,229.51246643066406,1.0,162.87184143066406,238.08607482910156,1.0,149.45574951171875,244.1817169189453,1.0,207.96824645996094,220.6753387451172,0.9980329871177673,214.13284301757812,221.36778259277344,0.9427369236946106,217.5806121826172,247.9163055419922,0.9999997615814209,186.11866760253906,281.4133605957031,0.9999139308929443,235.78553771972656,259.30816650390625,0.9942448735237122
1364,185.36013793945312,213.6514892578125,1.0,203.9986572265625,235.04493713378906,1.0,161.7881317138672,242.21278381347656,1.0,148.23672485351562,246.41416931152344,1.0,207.8575439453125,226.86056518554688,1.0,216.53143310546875,226.92288208007812,0.9999998807907104,213.39080810546875,253.91256713867188,1.0,181.9427947998047,284.416748046875,0.9986714124679565,234.86642456054688,262.9072265625,0.9999924898147583
1365,185.3144989013672,215.57952880859375,1.0,202.8038787841797,236.70489501953125,1.0,161.20114135742188,243.01846313476562,1.0,147.30621337890625,247.05853271484375,1.0,208.0702362060547,227.89842224121094,1.0,216.55355834960938,227.52105712890625,1.0,211.50209045410156,256.6640625,1.0,179.58123779296875,284.95123291015625,0.9828342199325562,234.69911193847656,264.8398132324219,0.9999996423721313
1366,184.89427185058594,214.9651641845703,1.0,201.88238525390625,237.182373046875,1.0,160.390380859375,243.23130798339844,1.0,146.5222625732422,247.24044799804688,1.0,207.3687286376953,228.28106689453125,1.0,215.82608032226562,227.62106323242188,1.0,210.34884643554688,257.36395263671875,1.0,179.2230224609375,285.2675476074219,0.9951379895210266,233.74815368652344,265.17645263671875,0.9999995231628418
1367,183.73605346679688,215.00653076171875,1.0,200.644775390625,237.26722717285156,1.0,158.37144470214844,243.94093322753906,1.0,144.94261169433594,247.77394104003906,1.0,207.23965454101562,228.15098571777344,1.0,215.32675170898438,227.7357635498047,1.0,209.11825561523438,258.1875915527344,1.0,178.99359130859375,285.35955810546875,0.9961159229278564,232.21942138671875,265.03204345703125,0.9999996423721313
1368,181.75387573242188,214.68421936035156,1.0,198.5660858154297,237.0525665283203,1.0,156.4386444091797,243.9189453125,1.0,142.59254455566406,248.35623168945312,1.0,205.8812255859375,228.65911865234375,1.0,214.83682250976562,228.5917510986328,1.0,207.0089569091797,258.1811828613281,1.0,177.19082641601562,285.8379211425781,0.9520264863967896,230.22824096679688,265.57659912109375,0.9999998807907104
1369,178.56423950195312,214.8740997314453,1.0,196.4871826171875,236.54518127441406,1.0,154.9154052734375,243.9540557861328,1.0,140.67715454101562,248.81922912597656,1.0,205.3463897705078,228.41004943847656,1.0,214.24630737304688,228.41204833984375,1.0,204.60888671875,257.724853515625,1.0,173.48526000976562,284.5115966796875,0.9824597835540771,229.5042724609375,265.8389587402344,1.0
1370,178.40504455566406,215.0248565673828,1.0,195.6112060546875,237.03297424316406,1.0,154.71337890625,243.4564666748047,1.0,139.84365844726562,248.68858337402344,1.0,204.42124938964844,228.23751831054688,1.0,213.7567596435547,228.17623901367188,1.0,203.69464111328125,257.4154968261719,1.0,172.4862060546875,284.0837097167969,0.9187925457954407,228.87181091308594,265.89739990234375,1.0
1371,178.03765869140625,214.7962646484375,1.0,195.34683227539062,238.32550048828125,1.0,154.381591796875,243.48329162597656,1.0,139.66592407226562,248.7241973876953,1.0,203.4953155517578,228.01852416992188,1.0,213.64328002929688,228.65982055664062,1.0,203.20144653320312,257.6924743652344,1.0,170.90528869628906,285.17218017578125,0.9844251871109009,228.38316345214844,266.0997009277344,1.0
1372,178.24468994140625,214.9440155029297,1.0,195.48390197753906,238.0601348876953,1.0,154.400634765625,243.1395721435547,1.0,139.7181854248047,248.33953857421875,1.0,203.42318725585938,227.69241333007812,1.0,213.50083923339844,228.36724853515625,1.0,203.17332458496094,257.6119079589844,1.0,170.54986572265625,284.9360046386719,0.972601592540741,228.28359985351562,265.9040222167969,1.0
1373,178.6344757080078,215.07778930664062,1.0,195.37013244628906,237.97555541992188,1.0,154.49050903320312,243.4067840576172,1.0,140.04888916015625,248.5983123779297,1.0,203.8505401611328,227.84059143066406,1.0,213.70208740234375,228.60324096679688,1.0,202.94387817382812,257.42071533203125,1.0,170.87106323242188,284.7779541015625,0.9731865525245667,228.20094299316406,266.0843811035156,1.0
1374,185.604736328125,214.46766662597656,1.0,198.95437622070312,237.26080322265625,1.0,159.322265625,241.97247314453125,1.0,143.80052185058594,245.6867218017578,1.0,207.75341796875,229.91250610351562,1.0,217.1233367919922,229.16604614257812,1.0,206.0738525390625,257.7518310546875,1.0,170.98342895507812,283.46295166015625,0.998978853225708,230.74098205566406,267.0296936035156,1.0
1375,189.32252502441406,214.50299072265625,1.0,203.94325256347656,237.36427307128906,1.0,163.04684448242188,241.31878662109375,1.0,148.0458221435547,244.40382385253906,1.0,211.54205322265625,229.92587280273438,1.0,221.06947326660156,230.6612548828125,1.0,210.88941955566406,258.0518493652344,1.0,174.38201904296875,284.67523193359375,0.9987297654151917,233.09849548339844,268.4674987792969,0.9999998807907104
1376,190.59825134277344,214.1030731201172,1.0,205.61624145507812,237.96554565429688,1.0,164.64503479003906,240.20599365234375,1.0,149.28150939941406,243.2955780029297,1.0,212.8544464111328,230.2075958251953,1.0,222.4520721435547,230.66297912597656,1.0,212.3883514404297,258.4191589355469,1.0,175.9043426513672,284.69854736328125,0.9993915557861328,234.0724334716797,268.936279296875,1.0
1377,191.64906311035156,214.27493286132812,1.0,206.0172119140625,237.84698486328125,1.0,165.41946411132812,240.1353759765625,1.0,149.7357177734375,243.06002807617188,1.0,213.14727783203125,230.17674255371094,1.0,222.64453125,230.79034423828125,1.0,212.82196044921875,258.3785705566406,1.0,175.8389434814453,284.93353271484375,0.999835729598999,234.78085327148438,269.1214904785156,1.0
1378,192.35264587402344,214.60964965820312,1.0,206.33592224121094,238.14962768554688,1.0,165.8746337890625,240.23658752441406,1.0,150.2396240234375,243.12535095214844,1.0,213.30238342285156,230.30517578125,1.0,222.91831970214844,230.82960510253906,1.0,213.356201171875,258.6737976074219,1.0,175.96669006347656,284.82049560546875,0.9997691512107849,234.8865509033203,269.2066650390625,1.0
1379,193.28225708007812,215.8372039794922,1.0,207.1715850830078,238.88156127929688,1.0,166.2892608642578,240.30252075195312,1.0,150.8141326904297,243.21505737304688,1.0,213.693603515625,230.48593139648438,1.0,223.38919067382812,230.89649963378906,1.0,214.27540588378906,259.53314208984375,1.0,176.12942504882812,284.59930419921875,0.9996235370635986,235.34075927734375,269.4727478027344,1.0
1380,194.4973907470703,215.8260955810547,1.0,208.30435180664062,238.88185119628906,1.0,167.5363311767578,240.20709228515625,1.0,152.1395263671875,242.92108154296875,1.0,214.88479614257812,231.3637237548828,1.0,223.7573699951172,230.99600219726562,1.0,215.0103302001953,259.95050048828125,1.0,176.4707489013672,284.43341064453125,0.9999364614486694,235.91954040527344,269.86273193359375,1.0
1381,195.23399353027344,215.73858642578125,1.0,208.85467529296875,239.04417419433594,1.0,167.29171752929688,240.24734497070312,1.0,151.8717803955078,242.9317169189453,1.0,215.0542755126953,231.44241333007812,1.0,223.90765380859375,231.38067626953125,1.0,215.33526611328125,259.5817565917969,1.0,176.86111450195312,284.5409240722656,0.9998677968978882,235.84495544433594,270.1162414550781,1.0
1382,195.73031616210938,215.80377197265625,1.0,208.9418487548828,239.4709014892578,1.0,167.66868591308594,240.1894073486328,1.0,152.36846923828125,242.81851196289062,1.0,215.21177673339844,231.44732666015625,1.0,224.22177124023438,231.5771942138672,1.0,215.3784942626953,259.934326171875,1.0,176.88427734375,284.59710693359375,0.999883770942688,235.83607482910156,270.52630615234375,1.0
1383,197.41358947753906,216.032470703125,1.0,210.56809997558594,239.609130859375,1.0,169.46331787109375,239.72439575195312,1.0,153.01901245117188,242.03895568847656,1.0,215.88368225097656,231.72671508789062,1.0,225.09744262695312,232.01649475097656,1.0,216.61668395996094,259.9351501464844,1.0,178.27235412597656,284.0077209472656,0.9999510049819946,236.39764404296875,271.0158996582031,0.9999998807907104
1384,200.86962890625,215.6298828125,1.0,213.0157470703125,239.30520629882812,1.0,171.57566833496094,238.45057678222656,1.0,155.5016632080078,240.93609619140625,1.0,218.5748748779297,232.67176818847656,1.0,227.35801696777344,232.8570098876953,1.0,218.82997131347656,260.27410888671875,1.0,179.45108032226562,282.9937438964844,0.9999951124191284,237.77865600585938,271.71026611328125,0.9999998807907104
1385,202.6630096435547,215.24374389648438,1.0,214.44813537597656,240.14068603515625,1.0,172.5135040283203,238.4910430908203,1.0,156.00999450683594,240.5732421875,1.0,219.4010772705078,232.84579467773438,1.0,228.13861083984375,233.61260986328125,1.0,220.0804901123047,261.69354248046875,1.0,180.01539611816406,282.7444763183594,0.9999945163726807,238.91310119628906,271.60650634765625,0.9999995231628418
1386,202.060302734375,215.86578369140625,1.0,214.99697875976562,240.09912109375,1.0,172.83380126953125,238.4645233154297,1.0,156.41905212402344,240.4427032470703,1.0,219.5391082763672,232.3773651123047,1.0,228.3589630126953,233.4163055419922,1.0,220.61648559570312,261.5892333984375,1.0,180.90921020507812,283.0138854980469,0.9999841451644897,239.36256408691406,271.8870849609375,0.9999992847442627
1387,202.3023223876953,215.89805603027344,1.0,215.29660034179688,240.5959014892578,1.0,172.95570373535156,238.5460662841797,1.0,156.46035766601562,240.2014923095703,1.0,219.86537170410156,232.43057250976562,1.0,228.6892852783203,233.44970703125,1.0,220.82583618164062,261.9623107910156,1.0,181.08895874023438,283.0044860839844,0.9999879598617554,239.06448364257812,271.7798767089844,0.9999995231628418
1388,202.59959411621094,215.79110717773438,1.0,215.34352111816406,240.6115264892578,1.0,173.20535278320312,238.497802734375,1.0,156.69769287109375,239.9598846435547,1.0,219.96115112304688,232.42295837402344,1.0,228.7469024658203,233.38900756835938,1.0,221.13209533691406,262.0137939453125,1.0,181.24090576171875,282.98663330078125,0.9999791383743286,239.5667266845703,271.948486328125,0.9999992847442627
1389,202.44293212890625,215.92098999023438,1.0,215.69564819335938,240.8859405517578,1.0,173.2232666015625,238.50767517089844,1.0,156.72482299804688,240.23526000976562,1.0,220.46031188964844,233.19906616210938,1.0,229.2111053466797,233.6348419189453,1.0,221.52162170410156,262.48663330078125,1.0,181.1157684326172,283.05157470703125,0.9999737739562988,239.661865234375,271.763671875,0.9999992847442627
1390,202.61456298828125,215.7489776611328,1.0,215.8966827392578,241.06214904785156,1.0,173.24757385253906,238.49266052246094,1.0,156.8325653076172,240.29537963867188,1.0,220.46145629882812,233.08456420898438,1.0,229.13844299316406,233.38853454589844,1.0,221.4989013671875,262.5124206542969,1.0,181.35470581054688,283.2658996582031,0.9999455213546753,239.71131896972656,271.9708251953125,0.9999992847442627
1391,202.53404235839844,215.7482147216797,1.0,216.04702758789062,240.9858856201172,1.0,173.25340270996094,238.49827575683594,1.0,156.82566833496094,240.31768798828125,1.0,220.5351104736328,232.91574096679688,1.0,229.2144012451172,233.38844299316406,1.0,221.56895446777344,262.4820861816406,1.0,181.44725036621094,283.2632141113281,0.9999465942382812,239.94342041015625,272.1169128417969,0.9999992847442627
1392,202.82754516601562,215.40834045410156,1.0,215.88906860351562,240.3766632080078,1.0,173.43743896484375,238.60031127929688,1.0,156.78472900390625,240.39315795898438,1.0,220.6913299560547,232.98785400390625,1.0,229.8160400390625,233.68972778320312,1.0,221.44894409179688,261.8980407714844,1.0,179.94007873535156,283.7873840332031,0.9997472167015076,239.88516235351562,271.9866943359375,0.9999995231628418
1393,202.73487854003906,215.24453735351562,1.0,215.92037963867188,240.4810333251953,1.0,173.41287231445312,238.64614868164062,1.0,156.74139404296875,240.4136962890625,1.0,220.75778198242188,232.9752960205078,1.0,229.85882568359375,233.51881408691406,1.0,221.4921417236328,261.99871826171875,1.0,180.0763397216797,283.78765869140625,0.9997953772544861,239.95028686523438,272.0558166503906,0.9999996423721313
1394,202.51995849609375,215.19158935546875,1.0,215.7363739013672,240.3001251220703,1.0,173.43435668945312,238.66647338867188,1.0,156.65280151367188,240.45233154296875,1.0,220.77572631835938,233.00186157226562,1.0,229.89422607421875,233.49806213378906,1.0,221.353515625,262.0003356933594,1.0,181.6282958984375,283.6036376953125,0.9998051524162292,240.13087463378906,272.05859375,0.9999995231628418
1395,202.12506103515625,213.74400329589844,1.0,215.78623962402344,236.88925170898438,1.0,173.46798706054688,235.5685577392578,1.0,155.57403564453125,238.65866088867188,1.0,221.0459747314453,230.0581817626953,1.0,230.19329833984375,234.29183959960938,1.0,220.2556915283203,258.6224060058594,1.0,179.97418212890625,282.3400573730469,0.9983499050140381,240.23330688476562,271.141357421875,0.9999995231628418
1396,203.21780395507812,211.6890106201172,1.0,216.73721313476562,235.22100830078125,1.0,174.89797973632812,233.23837280273438,1.0,157.94580078125,236.1112060546875,1.0,221.37081909179688,227.66796875,1.0,230.20989990234375,230.33358764648438,1.0,222.14193725585938,256.3968200683594,1.0,184.33306884765625,279.29693603515625,0.9999933242797852,241.7030792236328,267.93072509765625,0.9999961853027344
1397,203.8671875,210.7821502685547,1.0,218.28990173339844,234.873291015625,1.0,175.7018585205078,232.69790649414062,1.0,159.31784057617188,235.72280883789062,1.0,222.6698760986328,226.76971435546875,1.0,230.74285888671875,229.8450927734375,0.9999998807907104,224.46104431152344,254.82948303222656,1.0,186.24258422851562,280.8910217285156,0.9999992847442627,242.76736450195312,267.9417419433594,0.9999961853027344
1398,204.4625701904297,210.89202880859375,1.0,218.97845458984375,234.94979858398438,1.0,176.5035400390625,232.627685546875,1.0,159.77857971191406,235.8760986328125,1.0,222.86712646484375,226.84327697753906,1.0,231.06829833984375,229.79771423339844,0.9999998807907104,225.25608825683594,254.6944122314453,1.0,186.5848388671875,280.5804138183594,0.9999998807907104,243.56471252441406,268.2738342285156,0.9999915361404419
1399,204.5956573486328,211.0203399658203,1.0,219.28536987304688,235.000732421875,1.0,176.76480102539062,232.59153747558594,1.0,160.1762237548828,235.241943359375,1.0,223.30775451660156,227.07986450195312,1.0,231.32456970214844,229.43545532226562,0.9999998807907104,225.5010528564453,254.93580627441406,1.0,186.88702392578125,280.48114013671875,0.9999998807907104,244.17276000976562,268.29547119140625,0.9999940395355225
1400,205.1835174560547,210.97108459472656,1.0,219.67727661132812,235.29139709472656,1.0,177.1295928955078,232.77337646484375,1.0,160.52993774414062,235.85975646972656,1.0,223.43484497070312,227.35302734375,1.0,231.5709228515625,229.6610870361328,0.9999997615814209,225.83169555664062,255.3732147216797,1.0,187.07310485839844,280.52130126953125,0.9999998807907104,244.1332550048828,268.6532287597656,0.9999926090240479
1401,205.32284545898438,210.88589477539062,1.0,219.74586486816406,235.3290557861328,1.0,177.2392120361328,232.6285400390625,1.0,160.56556701660156,235.24990844726562,1.0,223.651123046875,227.5998077392578,1.0,231.9200897216797,229.7688751220703,0.9999997615814209,225.97201538085938,255.28794860839844,1.0,187.20159912109375,280.6340637207031,0.9999998807907104,244.31649780273438,268.82025146484375,0.9999935626983643
1402,205.1229248046875,211.11351013183594,1.0,219.7481231689453,235.4118194580078,1.0,177.24449157714844,232.5193328857422,1.0,160.68307495117188,235.0697021484375,1.0,223.64019775390625,227.6551055908203,1.0,231.905029296875,229.86778259277344,0.9999997615814209,226.10153198242188,255.3243408203125,1.0,187.1647491455078,280.58404541015625,0.9999998807907104,244.1880645751953,269.040283203125,0.9999939203262329
1403,205.34397888183594,210.79989624023438,1.0,219.7808380126953,235.33432006835938,1.0,177.38674926757812,232.42864990234375,1.0,160.5598907470703,235.09201049804688,1.0,223.98126220703125,227.77212524414062,1.0,232.25628662109375,229.95443725585938,0.9999996423721313,226.10638427734375,255.1543731689453,1.0,186.99798583984375,280.6641540527344,0.9999998807907104,244.1669464111328,269.0412902832031,0.9999935626983643
1404,205.41427612304688,210.69456481933594,1.0,219.52407836914062,234.9977569580078,1.0,176.97518920898438,232.49012756347656,1.0,160.2610321044922,235.4802703857422,1.0,223.65396118164062,227.67758178710938,1.0,232.0301971435547,229.7962646484375,0.9999997615814209,225.9359588623047,255.2895965576172,1.0,186.9305877685547,280.66741943359375,0.9999998807907104,243.45904541015625,269.0855712890625,0.9999974966049194
1405,205.0902099609375,210.62379455566406,1.0,219.62100219726562,235.13265991210938,1.0,176.87149047851562,232.50808715820312,1.0,160.1702117919922,235.4641876220703,1.0,223.7509002685547,227.51124572753906,1.0,232.15174865722656,229.7516326904297,0.9999996423721313,225.90765380859375,255.16542053222656,1.0,186.9876251220703,280.7354431152344,0.9999998807907104,243.83106994628906,268.8485412597656,0.9999977350234985
1406,205.17709350585938,210.4852294921875,1.0,219.25863647460938,234.64768981933594,1.0,176.81422424316406,232.4966278076172,1.0,160.13653564453125,235.51087951660156,1.0,223.7328338623047,227.6139373779297,1.0,232.15127563476562,229.9620361328125,0.9999996423721313,225.69154357910156,254.86599731445312,1.0,186.95339965820312,280.7691345214844,0.9999998807907104,243.89767456054688,268.7973327636719,0.9999982118606567
1407,205.37376403808594,211.03677368164062,1.0,219.64810180664062,235.16949462890625,1.0,176.7453155517578,232.51914978027344,1.0,159.9365692138672,235.46861267089844,1.0,223.7943572998047,227.72561645507812,1.0,232.0709991455078,230.01463317871094,0.9999996423721313,225.56675720214844,254.94151306152344,1.0,186.93914794921875,280.6060791015625,0.9999998807907104,243.42440795898438,268.6921691894531,0.9999973773956299
1408,205.37229919433594,210.76820373535156,1.0,219.3857879638672,234.6505584716797,1.0,176.7111358642578,232.578857421875,1.0,160.1035919189453,235.43016052246094,1.0,223.780029296875,227.60130310058594,1.0,232.3187713623047,229.780517578125,0.9999996423721313,225.5561981201172,254.87661743164062,1.0,186.8098907470703,280.6956787109375,0.9999998807907104,243.5087127685547,268.6125793457031,0.9999964237213135
1409,206.13888549804688,210.49952697753906,1.0,219.68211364746094,234.83334350585938,1.0,177.5108642578125,232.5291748046875,1.0,161.56875610351562,235.67921447753906,1.0,224.47560119628906,227.8878936767578,1.0,232.88418579101562,230.01287841796875,0.9999992847442627,225.80076599121094,254.82691955566406,1.0,186.88531494140625,280.67364501953125,0.9999998807907104,243.77969360351562,269.042724609375,0.9999966621398926
1410,208.36741638183594,210.9535675048828,1.0,220.26087951660156,235.03448486328125,1.0,178.6024169921875,232.26858520507812,1.0,162.4055938720703,234.86912536621094,1.0,226.0352783203125,228.80885314941406,1.0,234.17733764648438,230.2327117919922,0.9999995231628418,226.38636779785156,255.01416015625,1.0,186.92559814453125,279.9139709472656,1.0,244.31381225585938,269.63739013671875,0.9999972581863403
1411,209.19602966308594,211.1190185546875,1.0,220.77169799804688,235.2723388671875,1.0,179.1424102783203,232.1572723388672,1.0,163.27383422851562,234.95570373535156,1.0,226.60882568359375,228.8869171142578,1.0,234.66827392578125,230.68643188476562,0.9999996423721313,227.09603881835938,255.1527862548828,1.0,187.92234802246094,279.2508544921875,1.0,244.95509338378906,269.95989990234375,0.999995231628418
1412,209.85263061523438,210.92483520507812,1.0,221.5852813720703,235.66592407226562,1.0,179.66416931152344,232.09925842285156,1.0,163.73989868164062,235.04559326171875,1.0,227.19351196289062,229.02496337890625,1.0,234.9817352294922,230.6040496826172,0.9999996423721313,227.8104705810547,255.3086700439453,1.0,187.94793701171875,278.915771484375,1.0,245.6555938720703,269.862548828125,0.9999963045120239
1413,210.90145874023438,211.61639404296875,1.0,222.31829833984375,236.04969787597656,1.0,180.28807067871094,232.15127563476562,1.0,164.00860595703125,234.71270751953125,1.0,227.51466369628906,229.22711181640625,1.0,235.11517333984375,230.42079162597656,0.9999994039535522,228.44761657714844,255.83250427246094,1.0,188.3326873779297,278.7005310058594,1.0,245.64324951171875,270.2323303222656,0.9999891519546509
1414,213.88836669921875,213.15301513671875,1.0,226.5318145751953,238.06724548339844,1.0,182.5625762939453,233.0136260986328,1.0,166.27984619140625,235.64691162109375,1.0,229.14080810546875,229.38763427734375,1.0,235.00599670410156,230.51632690429688,0.999997615814209,231.35195922851562,256.96612548828125,1.0,190.63034057617188,279.3704833984375,0.9999998807907104,248.07154846191406,270.83587646484375,0.9999489784240723
1415,214.15267944335938,213.01412963867188,1.0,227.32225036621094,237.7078094482422,1.0,183.62115478515625,233.80313110351562,1.0,167.55670166015625,235.4522705078125,1.0,229.45361328125,230.02536010742188,1.0,236.3533477783203,231.93775939941406,0.9999947547912598,232.82504272460938,257.6205139160156,1.0,191.801025390625,279.61358642578125,0.9999998807907104,249.17921447753906,271.54071044921875,0.9997796416282654
1416,215.15530395507812,213.27557373046875,1.0,228.36256408691406,238.4774169921875,1.0,184.35321044921875,233.85968017578125,1.0,168.69650268554688,235.65414428710938,1.0,229.8517303466797,230.22348022460938,1.0,236.42242431640625,231.73065185546875,0.9999709129333496,233.96359252929688,257.9308166503906,1.0,192.2022247314453,279.6036071777344,1.0,249.16546630859375,271.9241943359375,0.998348593711853
1417,215.7391357421875,213.34605407714844,1.0,228.85267639160156,238.44395446777344,1.0,184.5864715576172,234.25845336914062,1.0,169.39019775390625,235.73670959472656,1.0,230.23687744140625,230.12826538085938,1.0,236.84486389160156,231.7489013671875,0.9999247789382935,234.68785095214844,258.21258544921875,1.0,192.11537170410156,279.9097900390625,1.0,248.68870544433594,272.95458984375,0.9981014132499695
1418,217.4978790283203,214.88880920410156,1.0,231.10794067382812,240.74224853515625,1.0,185.72035217285156,236.214599609375,1.0,170.4276580810547,237.1363067626953,1.0,231.7495880126953,232.3434600830078,1.0,238.7520751953125,233.1841278076172,0.999470055103302,236.9484405517578,261.1053771972656,1.0,192.7924346923828,279.96124267578125,1.0,249.6132354736328,273.7274169921875,0.9817044734954834
1419,217.6458282470703,215.22430419921875,1.0,231.9739532470703,241.90338134765625,1.0,186.28797912597656,237.1116485595703,1.0,170.93601989746094,238.69847106933594,1.0,232.54443359375,233.4976043701172,0.9999998807907104,239.9451904296875,234.95269775390625,0.9997875094413757,237.1920928955078,262.0595703125,1.0,194.16993713378906,280.8777160644531,0.9999996423721313,250.60952758789062,274.4883728027344,0.9977036118507385
1420,217.9839324951172,216.47328186035156,0.9999998807907104,232.2074737548828,242.4793243408203,1.0,186.5388641357422,237.61488342285156,1.0,171.69679260253906,238.92884826660156,1.0,232.36695861816406,233.18211364746094,0.9999998807907104,240.10089111328125,234.77432250976562,0.9996572732925415,237.50474548339844,262.67181396484375,1.0,194.7061004638672,281.5293884277344,0.9999995231628418,250.94992065429688,274.9951171875,0.9973292350769043
1421,218.0920867919922,216.23977661132812,1.0,232.3600311279297,242.67335510253906,1.0,186.68185424804688,237.60830688476562,1.0,171.71966552734375,238.68019104003906,1.0,232.56692504882812,233.34268188476562,0.9999998807907104,240.34861755371094,234.9317626953125,0.9996925592422485,237.5360107421875,262.5965576171875,1.0,195.29501342773438,281.4353942871094,0.9999982118606567,250.87472534179688,274.8610534667969,0.9952644109725952
1422,218.1724853515625,216.2578125,1.0,232.48536682128906,242.75625610351562,1.0,186.74380493164062,237.55552673339844,1.0,171.7869415283203,238.6356964111328,1.0,232.62759399414062,233.5457763671875,0.9999998807907104,240.38735961914062,235.3878631591797,0.9997455477714539,237.71913146972656,262.65069580078125,1.0,195.2355194091797,281.6146240234375,0.9999953508377075,251.07611083984375,274.90325927734375,0.9959774613380432
1423,218.33428955078125,216.59776306152344,1.0,232.88052368164062,242.97044372558594,1.0,187.11207580566406,237.65830993652344,1.0,171.86512756347656,238.74061584472656,1.0,232.87826538085938,233.75949096679688,0.9999998807907104,240.85939025878906,235.68182373046875,0.9997913241386414,238.0172119140625,262.8661804199219,1.0,195.21937561035156,281.5971984863281,0.9999983310699463,251.33682250976562,275.1142883300781,0.9868423342704773
1424,218.77049255371094,216.3916473388672,1.0,233.0948028564453,243.1502227783203,1.0,187.16664123535156,237.50157165527344,1.0,171.7852020263672,238.7140350341797,1.0,232.9409637451172,233.75450134277344,0.9999998807907104,240.88064575195312,235.32371520996094,0.9998180270195007,238.11874389648438,263.220703125,1.0,194.9424285888672,281.6087951660156,0.9999974966049194,251.39028930664062,275.11029052734375,0.9346214532852173
1425,218.90582275390625,216.63372802734375,1.0,233.20008850097656,243.5193328857422,1.0,187.34085083007812,237.5819854736328,1.0,172.1388702392578,238.79481506347656,1.0,232.82810974121094,233.9814910888672,0.9999998807907104,240.77757263183594,235.6723175048828,0.9999023675918579,238.16848754882812,263.5928955078125,1.0,195.30755615234375,281.6578674316406,0.9999980926513672,251.41171264648438,275.26690673828125,0.9822446703910828
1426,219.0140838623047,216.62518310546875,1.0,233.60755920410156,243.57870483398438,1.0,187.58030700683594,237.6939697265625,1.0,172.24195861816406,238.76011657714844,1.0,233.07493591308594,233.95982360839844,0.9999998807907104,241.23680114746094,235.48655700683594,0.9996920824050903,238.392333984375,264.023193359375,1.0,195.5493927001953,281.50836181640625,0.999998927116394,253.61329650878906,275.02142333984375,0.897760272026062
1427,219.1800537109375,216.7677001953125,1.0,233.66586303710938,243.76174926757812,1.0,187.5029754638672,237.6427459716797,1.0,171.73179626464844,238.4315643310547,1.0,233.20962524414062,234.18032836914062,0.9999998807907104,241.3212432861328,235.81198120117188,0.9997643828392029,238.48980712890625,264.05499267578125,1.0,195.2803497314453,281.4749755859375,0.9999994039535522,253.76596069335938,275.0736999511719,0.9448806643486023
1428,219.39288330078125,216.46041870117188,1.0,233.72483825683594,243.64950561523438,1.0,187.76258850097656,237.32762145996094,1.0,171.83938598632812,238.50448608398438,1.0,233.3279266357422,234.29698181152344,0.9999998807907104,241.2879180908203,235.45361328125,0.9998419284820557,238.78187561035156,264.4407958984375,1.0,194.98544311523438,281.8006896972656,0.9999978542327881,253.87124633789062,275.0194396972656,0.9592359066009521
1429,219.4464874267578,216.12864685058594,1.0,233.76681518554688,243.58299255371094,1.0,187.96949768066406,237.5489501953125,1.0,171.98619079589844,238.3664093017578,1.0,233.27459716796875,234.16700744628906,0.9999998807907104,241.2696075439453,235.25929260253906,0.9998258948326111,238.9736785888672,264.3312072753906,1.0,195.17172241210938,281.87158203125,0.9999958276748657,254.01507568359375,274.87445068359375,0.9655821323394775
1430,219.53346252441406,216.2138671875,1.0,233.8613739013672,243.73764038085938,1.0,188.23269653320312,237.69656372070312,1.0,172.3835906982422,238.2159423828125,1.0,233.3119659423828,234.35975646972656,0.9999998807907104,241.15975952148438,235.24111938476562,0.9997630715370178,238.8221893310547,264.35577392578125,1.0,195.22891235351562,281.68804931640625,0.9999961853027344,253.8541259765625,274.8507385253906,0.977260410785675
1431,219.8043975830078,216.41818237304688,1.0,234.20611572265625,244.0535125732422,1.0,188.2987060546875,237.68800354003906,1.0,172.49420166015625,238.10247802734375,1.0,233.81199645996094,233.4468536376953,0.9999998807907104,241.4544219970703,235.31472778320312,0.9997201561927795,239.1378936767578,264.7511901855469,1.0,195.20236206054688,281.6500244140625,0.9999959468841553,253.9627227783203,275.0763854980469,0.9460911750793457
1432,219.78738403320312,216.20152282714844,1.0,234.1691131591797,243.7339324951172,1.0,188.14447021484375,237.5838165283203,1.0,172.5568084716797,238.09054565429688,1.0,233.47189331054688,234.3846893310547,0.9999997615814209,241.44248962402344,235.3416290283203,0.9997010827064514,239.11512756347656,264.7122802734375,1.0,195.33583068847656,281.7787780761719,0.9999960660934448,254.11048889160156,275.2481994628906,0.9517953395843506
1433,217.4830322265625,215.83641052246094,1.0,231.72698974609375,243.16366577148438,1.0,185.52842712402344,238.27471923828125,1.0,170.809814453125,239.4855194091797,1.0,232.9894256591797,233.64361572265625,1.0,240.72793579101562,236.22213745117188,0.9999960660934448,236.78195190429688,264.0487060546875,1.0,194.9761505126953,282.61749267578125,0.9999938011169434,251.33010864257812,273.805419921875,0.9950785636901855
1434,214.3600311279297,216.472412109375,1.0,228.28457641601562,242.21572875976562,1.0,183.72976684570312,238.43539428710938,1.0,168.35704040527344,239.62425231933594,1.0,230.22512817382812,233.84225463867188,1.0,238.40994262695312,234.8612823486328,0.9999891519546509,233.74595642089844,262.6180725097656,1.0,193.5178985595703,282.5667724609375,0.9999940395355225,249.90797424316406,274.31707763671875,0.9992057681083679
1435,213.5084686279297,216.90135192871094,1.0,226.85801696777344,242.7301483154297,1.0,183.1432342529297,238.64837646484375,1.0,167.35194396972656,239.7415313720703,1.0,229.05044555664062,233.72267150878906,1.0,237.3365020751953,234.9125518798828,0.9999984502792358,232.2330780029297,262.38470458984375,1.0,192.03663635253906,282.3393859863281,0.9999966621398926,248.73585510253906,274.2045593261719,0.9999339580535889
1436,212.7141876220703,216.593994140625,1.0,226.493408203125,243.25848388671875,1.0,182.67991638183594,238.56707763671875,1.0,166.54762268066406,239.59738159179688,1.0,228.65464782714844,233.6962890625,1.0,236.88516235351562,234.79127502441406,0.9999979734420776,231.77340698242188,262.71392822265625,1.0,191.8194580078125,282.0293273925781,0.9999960660934448,248.64645385742188,273.6891174316406,0.9995550513267517
1437,212.6930389404297,216.62362670898438,1.0,226.0960235595703,243.10275268554688,1.0,182.42550659179688,238.59646606445312,1.0,166.3551483154297,239.55455017089844,1.0,228.4349822998047,233.87759399414062,1.0,236.55880737304688,234.86924743652344,0.9999969005584717,231.35447692871094,262.75067138671875,1.0,191.5585174560547,282.02691650390625,0.9999988079071045,248.14503479003906,273.72003173828125,0.9995675683021545
1438,212.246337890625,217.0454864501953,1.0,225.7311553955078,243.28550720214844,1.0,181.8406982421875,239.0406494140625,1.0,166.1089630126953,239.4489288330078,1.0,228.1646270751953,234.0030975341797,1.0,236.404541015625,235.35784912109375,0.9999979734420776,231.26187133789062,262.91583251953125,1.0,191.05471801757812,282.3786315917969,0.9999974966049194,247.91331481933594,273.8584289550781,0.9998350143432617
1439,212.18304443359375,217.42530822753906,1.0,225.4161376953125,243.00929260253906,1.0,181.544921875,239.25778198242188,1.0,165.86224365234375,239.48974609375,1.0,227.98287963867188,234.04092407226562,1.0,236.08163452148438,235.5157012939453,0.9999977350234985,230.77490234375,262.8462219238281,1.0,191.18980407714844,282.3276672363281,0.9999985694885254,247.4597625732422,274.0769348144531,0.999784529209137
1440,211.2127685546875,217.04537963867188,1.0,225.19094848632812,242.60809326171875,1.0,180.68397521972656,239.78135681152344,1.0,165.54298400878906,239.74661254882812,1.0,227.68466186523438,233.9051971435547,1.0,236.12353515625,235.2801055908203,0.9999980926513672,230.37820434570312,262.742431640625,1.0,190.55902099609375,281.9385681152344,0.9999986886978149,247.4833984375,273.80804443359375,0.9991600513458252
1441,210.95960998535156,217.02671813964844,1.0,224.5679931640625,242.45677185058594,1.0,180.33689880371094,239.7091522216797,1.0,164.8585968017578,239.60682678222656,1.0,227.85182189941406,234.0493621826172,1.0,236.40167236328125,235.2965087890625,0.9999991655349731,229.55526733398438,263.0944519042969,1.0,189.48403930664062,281.5775451660156,0.9999988079071045,248.51705932617188,273.19805908203125,0.9994561076164246
1442,210.25045776367188,216.91220092773438,1.0,224.1656951904297,242.26751708984375,1.0,180.20326232910156,239.85662841796875,1.0,164.64381408691406,239.70037841796875,1.0,227.42250061035156,234.11680603027344,1.0,236.04107666015625,235.13719177246094,0.999998927116394,229.3731231689453,262.80926513671875,1.0,188.90074157714844,281.9265441894531,0.9999988079071045,248.50961303710938,272.95367431640625,0.9983729124069214
1443,209.2162322998047,216.33169555664062,1.0,223.23143005371094,242.36248779296875,1.0,179.65689086914062,239.88986206054688,1.0,163.8818359375,239.7437744140625,1.0,227.24205017089844,234.09173583984375,1.0,235.5095672607422,235.371337890625,0.9999996423721313,228.47430419921875,262.5146789550781,1.0,187.7544708251953,282.48834228515625,0.9999964237213135,247.77841186523438,273.2629089355469,0.9998481273651123
1444,208.17633056640625,216.3931121826172,1.0,222.17872619628906,242.10064697265625,1.0,178.4651336669922,239.41522216796875,1.0,162.34698486328125,240.46827697753906,1.0,226.89187622070312,234.20265197753906,1.0,235.1279754638672,235.52120971679688,0.9999998807907104,226.99560546875,262.156005859375,1.0,186.93539428710938,282.0127868652344,0.9999978542327881,245.9696044921875,272.7445068359375,0.9999867677688599
1445,206.61549377441406,215.7692413330078,1.0,220.7086639404297,241.97377014160156,1.0,178.1038360595703,239.25694274902344,1.0,161.83645629882812,240.29783630371094,1.0,226.6368408203125,234.22097778320312,1.0,234.8058624267578,235.6358184814453,0.9999998807907104,225.93099975585938,261.8243103027344,1.0,186.4745330810547,282.4054260253906,0.9999957084655762,245.34481811523438,272.3319396972656,0.9999915361404419
1446,206.29904174804688,215.63182067871094,1.0,220.12945556640625,241.6106719970703,1.0,178.02284240722656,239.29466247558594,1.0,161.5050048828125,240.07266235351562,1.0,225.99766540527344,234.37876892089844,1.0,234.84185791015625,235.77822875976562,1.0,225.43023681640625,261.55108642578125,1.0,186.35232543945312,282.1802673339844,0.9999954700469971,245.14617919921875,272.6473693847656,0.9999958276748657
1447,206.38040161132812,215.38645935058594,1.0,220.07235717773438,241.86183166503906,1.0,177.9833984375,239.08860778808594,1.0,161.29904174804688,239.7010955810547,1.0,225.75375366210938,234.30587768554688,1.0,234.49813842773438,235.9167022705078,0.9999998807907104,225.38516235351562,261.57635498046875,1.0,186.1649932861328,282.0750732421875,0.9999969005584717,245.1222381591797,272.5045471191406,0.9999960660934448
1448,206.53509521484375,215.4798583984375,1.0,219.98558044433594,241.58621215820312,1.0,177.86306762695312,239.0009765625,1.0,161.14639282226562,239.6543731689453,1.0,225.68209838867188,234.2957305908203,1.0,234.4005889892578,235.9207000732422,0.9999998807907104,225.24281311035156,261.4911804199219,1.0,185.9914093017578,282.1669006347656,0.9999951124191284,245.0220184326172,272.552490234375,0.9999970197677612
1449,206.73675537109375,215.6747589111328,1.0,220.09735107421875,241.45697021484375,1.0,178.222412109375,238.91383361816406,1.0,161.20375061035156,239.48965454101562,1.0,225.7116241455078,234.23619079589844,1.0,234.4557342529297,235.8831024169922,0.9999998807907104,225.19210815429688,261.2779846191406,1.0,185.84329223632812,282.3286437988281,0.999992847442627,245.12380981445312,272.6170349121094,0.9999960660934448
1450,212.40736389160156,216.539306640625,1.0,225.04229736328125,243.21932983398438,1.0,181.6161346435547,239.14678955078125,1.0,165.57977294921875,239.2711639404297,1.0,227.8136444091797,235.1309356689453,1.0,235.1317138671875,235.40438842773438,0.9999850988388062,229.364501953125,263.84503173828125,1.0,187.96994018554688,280.51080322265625,0.9999997615814209,245.95892333984375,274.4835205078125,0.9988738894462585
1451,214.95545959472656,217.4947967529297,1.0,227.42623901367188,244.02859497070312,1.0,183.56866455078125,239.0917205810547,1.0,167.73544311523438,239.5602569580078,1.0,229.18389892578125,236.03836059570312,1.0,237.31687927246094,237.6187286376953,0.9999990463256836,231.22596740722656,264.1427307128906,1.0,190.9796600341797,282.0823059082031,0.9999951124191284,247.46937561035156,275.772216796875,0.9999947547912598
1452,216.1070556640625,216.79823303222656,1.0,228.9315643310547,243.9190673828125,1.0,184.77471923828125,239.1256866455078,1.0,169.6094970703125,239.52969360351562,1.0,230.4658966064453,235.3121795654297,1.0,238.6883087158203,236.70230102539062,0.9999958276748657,233.16119384765625,264.6866455078125,1.0,191.5117950439453,281.8349914550781,0.9999995231628418,249.065673828125,275.6337890625,0.9999552965164185
1453,216.4380645751953,216.96376037597656,1.0,229.3306427001953,244.09812927246094,1.0,185.2877960205078,239.29251098632812,1.0,169.92140197753906,239.57472229003906,1.0,231.09384155273438,234.84007263183594,1.0,238.9910125732422,237.0811309814453,0.9999984502792358,233.5170440673828,264.80609130859375,1.0,191.26121520996094,282.3817138671875,0.9999991655349731,249.3212127685547,276.1289367675781,0.999983549118042
1454,216.78164672851562,217.0398406982422,1.0,229.75173950195312,244.48846435546875,1.0,185.78787231445312,239.17694091796875,1.0,170.24588012695312,239.43984985351562,1.0,231.25843811035156,234.91648864746094,1.0,238.96282958984375,237.07997131347656,0.9999959468841553,233.9123992919922,264.8340759277344,1.0,191.6175079345703,282.11590576171875,0.9999991655349731,249.63539123535156,275.84521484375,0.9999591112136841
1455,218.77496337890625,217.35409545898438,1.0,231.56106567382812,244.85964965820312,1.0,187.051025390625,238.86883544921875,1.0,171.59324645996094,239.45758056640625,1.0,232.25601196289062,234.86807250976562,1.0,239.5253448486328,236.81491088867188,0.999751627445221,235.5449981689453,266.0312194824219,1.0,193.49179077148438,281.672607421875,0.9999998807907104,250.80783081054688,276.11065673828125,0.9852360486984253
1456,221.9389190673828,216.93667602539062,1.0,235.6887969970703,246.1853790283203,1.0,191.93692016601562,239.60919189453125,1.0,174.85818481445312,238.6837921142578,1.0,235.61141967773438,235.3997344970703,0.99950110912323,244.6912384033203,236.76951599121094,0.05184732750058174,240.3556671142578,268.4591369628906,1.0,196.49356079101562,280.98455810546875,0.9999997615814209,256.69061279296875,276.9987487792969,0.12567882239818573
1457,224.0478973388672,218.45619201660156,1.0,237.6478271484375,246.7371368408203,1.0,194.30093383789062,240.6611328125,1.0,177.92091369628906,239.87158203125,1.0,236.3839874267578,235.28102111816406,0.9988918900489807,246.0206298828125,237.0284423828125,0.009163537994027138,245.25033569335938,269.6911926269531,1.0,200.09080505371094,281.1377868652344,0.9999990463256836,259.9024658203125,276.8227844238281,0.011569224298000336
1458,225.8239288330078,219.63587951660156,1.0,240.13949584960938,248.22373962402344,1.0,195.97496032714844,240.8115692138672,1.0,179.423828125,239.98062133789062,1.0,239.51609802246094,236.08627319335938,0.9997146725654602,247.50294494628906,237.08106994628906,0.004833071026951075,247.35504150390625,270.59490966796875,1.0,201.60826110839844,280.7550048828125,0.9999923706054688,259.47314453125,276.5948791503906,0.0031063093338161707
1459,225.70596313476562,218.7081756591797,1.0,240.9832763671875,250.3188934326172,1.0,197.01683044433594,240.97991943359375,1.0,181.06771850585938,239.84730529785156,1.0,240.2784881591797,236.33055114746094,0.9997566342353821,248.290283203125,235.40609741210938,0.0012026092736050487,248.89569091796875,271.5320739746094,1.0,203.40707397460938,280.72418212890625,0.9999879598617554,260.889404296875,277.23199462890625,0.002562888665124774
1460,226.2297821044922,219.0748291015625,1.0,241.65159606933594,250.67236328125,1.0,197.4541778564453,240.9344482421875,1.0,181.6432342529297,240.050537109375,1.0,240.617431640625,236.42723083496094,0.9999041557312012,249.62332153320312,238.80076599121094,0.0015992129920050502,249.53759765625,271.4800720214844,1.0,204.44326782226562,280.96673583984375,0.9999966621398926,261.4738464355469,277.2659606933594,0.001606531674042344
1461,225.91067504882812,218.87100219726562,1.0,241.7597198486328,250.45069885253906,1.0,197.39796447753906,241.0398712158203,1.0,181.4920654296875,240.0524139404297,1.0,240.799072265625,236.4617462158203,0.9998443126678467,248.76705932617188,237.07664489746094,0.0016468294197693467,249.5782470703125,271.5648193359375,1.0,204.30384826660156,281.2544250488281,0.9999980926513672,261.4707946777344,277.5486755371094,0.001992903184145689
1462,226.147216796875,218.9271240234375,1.0,241.90359497070312,250.4352569580078,1.0,197.71580505371094,241.0683135986328,1.0,181.8899383544922,240.14425659179688,1.0,240.76300048828125,236.41290283203125,0.9998723268508911,249.0044708251953,236.8407745361328,0.001433726167306304,249.82119750976562,271.312744140625,1.0,204.8323211669922,281.16998291015625,0.9999974966049194,261.7904052734375,277.2461853027344,0.0021768182050436735
1463,226.9833984375,216.8605499267578,1.0,242.73532104492188,249.03173828125,1.0,199.52947998046875,241.38949584960938,1.0,183.74343872070312,240.43113708496094,1.0,246.86767578125,235.52511596679688,0.005286168307065964,185.14698791503906,246.4793243408203,0.0005728055839426816,250.6769561767578,272.5215759277344,1.0,204.23257446289062,281.255126953125,0.9999884366989136,262.968017578125,277.4561462402344,0.0009407958714291453
1464,228.84445190429688,216.81167602539062,1.0,243.6344757080078,248.44595336914062,1.0,204.7038116455078,242.21066284179688,0.021097511053085327,189.4855194091797,242.06985473632812,0.9999998807907104,251.28985595703125,241.12977600097656,0.00028899384778924286,183.5335235595703,244.85130310058594,0.0001831256231525913,250.78443908691406,272.2176208496094,1.0,202.57345581054688,281.49658203125,0.9999982118606567,262.9366149902344,277.83935546875,0.0007924190140329301
1465,228.42864990234375,216.33401489257812,1.0,243.6699981689453,248.2112579345703,1.0,201.99716186523438,240.88095092773438,1.0,187.32102966308594,241.17803955078125,1.0,247.12205505371094,235.272705078125,0.000783250667154789,182.76284790039062,246.09371948242188,0.0012590577825903893,253.11544799804688,271.5607604980469,1.0,206.54019165039062,280.94610595703125,0.9999954700469971,264.95635986328125,276.7696228027344,0.0007611897890456021
1466,229.7572479248047,216.93826293945312,1.0,245.1466522216797,248.68243408203125,1.0,202.83753967285156,239.95523071289062,1.0,185.799560546875,241.39218139648438,1.0,247.96035766601562,233.9698944091797,0.0029625839088112116,181.95921325683594,246.30279541015625,0.0005439503001980484,255.02325439453125,271.45281982421875,1.0,209.08885192871094,281.5026550292969,0.9937917590141296,266.5893249511719,276.8731689453125,0.0005715449806302786
1467,230.09474182128906,217.59103393554688,1.0,246.25003051757812,249.69677734375,1.0,203.58128356933594,239.17433166503906,1.0,186.78570556640625,241.00364685058594,1.0,248.119140625,234.1484375,0.006942753214389086,181.5269012451172,246.2448272705078,0.0005717362510040402,256.5449523925781,272.0777587890625,1.0,210.22933959960938,281.4604187011719,0.943423330783844,269.218505859375,276.9479675292969,0.0005522809806279838
1468,230.14599609375,217.82699584960938,1.0,246.8408966064453,249.95436096191406,1.0,204.45484924316406,239.71603393554688,1.0,187.82752990722656,241.09324645996094,1.0,248.75064086914062,234.4501495361328,0.001376581029035151,180.83111572265625,246.39068603515625,0.0005121719441376626,257.0550842285156,272.28216552734375,1.0,212.13584899902344,281.7612609863281,0.8264562487602234,269.5641174316406,276.9827880859375,0.0006109104724600911
1469,230.47433471679688,217.7494659423828,1.0,247.39219665527344,250.05564880371094,1.0,204.58737182617188,240.015869140625,1.0,188.13511657714844,241.33050537109375,1.0,248.92697143554688,234.69479370117188,0.001760796527378261,180.7067413330078,246.55215454101562,0.00044334540143609047,257.6230773925781,272.59649658203125,1.0,212.39157104492188,282.02239990234375,0.4316810667514801,270.214599609375,277.0084533691406,0.0007693164516240358
1470,230.40989685058594,217.91441345214844,1.0,247.66293334960938,249.88552856445312,1.0,204.45343017578125,240.33175659179688,1.0,188.20181274414062,241.45059204101562,1.0,248.8040771484375,234.57391357421875,0.001989037496969104,180.71449279785156,246.49981689453125,0.0003668141725938767,258.1054992675781,272.4444580078125,1.0,212.71868896484375,282.185546875,0.6292777061462402,270.9454040527344,276.96429443359375,0.0008387943380512297
1471,230.60743713378906,218.03160095214844,1.0,247.62095642089844,249.76564025878906,1.0,204.7020263671875,240.49673461914062,1.0,188.36764526367188,241.44918823242188,1.0,248.9283447265625,234.88876342773438,0.001443142769858241,180.5514678955078,246.6344451904297,0.0003768294700421393,258.0370178222656,272.26678466796875,1.0,212.7881622314453,282.0520935058594,0.5489689111709595,271.0039367675781,277.0916442871094,0.0006860632565803826
1472,230.88478088378906,218.21585083007812,1.0,248.15005493164062,250.1152801513672,1.0,205.5748748779297,240.26177978515625,1.0,188.83096313476562,241.2212677001953,1.0,249.04209899902344,235.03810119628906,0.001496632699854672,262.4129943847656,229.62765502929688,0.0003944312047678977,258.44024658203125,272.5766906738281,1.0,213.32916259765625,281.83331298828125,0.4688200354576111,271.3572998046875,277.0849914550781,0.0006806781748309731
1473,231.1178741455078,217.95858764648438,1.0,248.32183837890625,249.785888671875,1.0,206.22605895996094,239.93170166015625,1.0,189.21485900878906,240.85476684570312,1.0,249.27337646484375,234.88125610351562,0.0006983943749219179,262.4484558105469,229.59942626953125,0.0004850760451517999,258.4786071777344,272.61383056640625,1.0,214.15907287597656,281.2452392578125,0.7441293001174927,271.5011291503906,276.746826171875,0.0007398066227324307
1474,230.9533233642578,218.16372680664062,1.0,248.60699462890625,249.8830108642578,1.0,206.3163299560547,239.8616180419922,1.0,189.7777099609375,241.1726837158203,1.0,252.6835174560547,231.3721923828125,0.0004983589169569314,262.74639892578125,229.5099334716797,0.0005937236710451543,259.01220703125,272.54791259765625,1.0,215.42709350585938,279.3935241699219,0.6288101077079773,271.9858093261719,276.5284118652344,0.0006883009918965399
1475,231.4816131591797,218.0583038330078,1.0,248.63795471191406,249.45790100097656,1.0,206.7817840576172,239.8031463623047,1.0,190.15081787109375,241.219970703125,1.0,253.01339721679688,231.28395080566406,0.0006545166252180934,263.1217956542969,229.49478149414062,0.0007251856732182205,259.817138671875,272.26666259765625,1.0,215.22764587402344,281.15997314453125,0.3248874843120575,272.6980895996094,276.17047119140625,0.0008825130062177777
1476,231.1273651123047,217.98876953125,1.0,248.8374481201172,249.67446899414062,1.0,206.87335205078125,239.72552490234375,1.0,189.74884033203125,241.52532958984375,1.0,250.174560546875,240.2241668701172,0.0004026354872621596,262.2192687988281,229.23040771484375,0.00038564609712921083,260.0179443359375,272.7477111816406,1.0,215.11143493652344,281.32427978515625,0.3303661048412323,272.885986328125,276.00836181640625,0.0007077407790347934
1477,231.13333129882812,218.07510375976562,1.0,248.75265502929688,249.45181274414062,1.0,207.22409057617188,239.88206481933594,1.0,190.0733184814453,241.66244506835938,1.0,252.32496643066406,230.9577178955078,0.0003680941881611943,280.3609313964844,224.7720184326172,0.0003713711048476398,260.2731018066406,272.62127685546875,1.0,216.39019775390625,280.12237548828125,0.30321571230888367,273.0640869140625,275.8895568847656,0.0006621623761020601
1478,230.834228515625,217.82229614257812,1.0,248.79605102539062,248.95892333984375,1.0,207.1468505859375,239.4864959716797,1.0,189.64703369140625,241.70654296875,1.0,250.16732788085938,239.79592895507812,0.00024405171279795468,262.0072326660156,229.32705688476562,0.00033637715387158096,260.5685119628906,272.112548828125,1.0,215.92611694335938,282.30169677734375,0.0231434628367424,273.78533935546875,275.41021728515625,0.00042213144479319453
1479,228.5484619140625,215.93194580078125,1.0,247.9129638671875,246.85003662109375,1.0,204.49444580078125,237.78900146484375,1.0,187.65403747558594,240.83294677734375,1.0,251.85650634765625,229.46408081054688,0.0003674991603475064,263.5635070800781,226.00364685058594,0.00043093343265354633,260.0341796875,270.7864074707031,0.9999998807907104,217.7897186279297,288.1678466796875,0.0015953659312799573,273.1202392578125,274.2173767089844,0.0009140170295722783
1480,222.95220947265625,212.5550994873047,1.0,241.38247680664062,242.0647735595703,1.0,197.3700408935547,235.4810028076172,1.0,181.6370849609375,237.90615844726562,1.0,239.40518188476562,229.94615173339844,0.00033220273326151073,185.3876953125,242.68673706054688,0.0013245530426502228,254.444580078125,264.2869873046875,0.9999995231628418,211.95587158203125,279.6663818359375,0.9833158850669861,265.0000915527344,270.4452209472656,0.0013373882975429296
1481,219.07598876953125,210.5346221923828,1.0,238.7534942626953,239.10621643066406,1.0,194.0139923095703,233.61892700195312,1.0,177.18035888671875,236.8846893310547,1.0,244.4094696044922,222.56759643554688,0.0001452150463592261,188.6307830810547,242.3897247314453,0.0012410696363076568,250.5226593017578,261.19189453125,1.0,205.90176391601562,279.09356689453125,0.999925971031189,263.15240478515625,270.75238037109375,0.0019356976263225079
1482,216.41400146484375,209.46519470214844,1.0,236.71461486816406,237.39315795898438,1.0,192.14743041992188,233.46307373046875,1.0,175.80789184570312,236.32666015625,1.0,234.4949951171875,226.04354858398438,0.0002797598426695913,189.40940856933594,241.72418212890625,0.00150868424680084,247.7161865234375,259.5802917480469,1.0,206.2934112548828,279.9766845703125,0.9999997615814209,260.2920837402344,272.42108154296875,0.019169457256793976
1483,215.3762969970703,209.1307373046875,1.0,235.97128295898438,236.40576171875,1.0,190.8964385986328,233.03883361816406,1.0,174.0355224609375,236.03277587890625,1.0,234.1624755859375,225.28619384765625,0.0003888871578965336,189.78506469726562,241.578857421875,0.00166430848184973,246.94239807128906,258.35040283203125,1.0,205.4969940185547,279.9402770996094,0.9999994039535522,260.4163818359375,271.62493896484375,0.003865738632157445
1484,214.5151824951172,208.36572265625,1.0,235.646484375,236.3355255126953,1.0,190.2908935546875,233.1136474609375,1.0,173.8522491455078,235.78102111816406,1.0,233.73739624023438,225.1572723388672,0.0009680686052888632,189.8926239013672,241.3465118408203,0.0015083035686984658,246.1750946044922,258.3810119628906,1.0,204.966552734375,280.2001647949219,0.9999992847442627,259.5806579589844,271.57208251953125,0.010395562276244164
1485,214.4935760498047,208.34959411621094,1.0,235.3218994140625,235.90634155273438,1.0,190.1471710205078,233.7945098876953,1.0,173.98672485351562,235.99485778808594,1.0,233.58535766601562,225.13572692871094,0.0015104790218174458,190.6636505126953,241.75856018066406,0.0009662202792242169,245.90040588378906,258.4563293457031,1.0,204.52810668945312,280.5067138671875,0.9999995231628418,259.5125732421875,271.4355773925781,0.004356400575488806
1486,214.58624267578125,208.6744384765625,1.0,235.18716430664062,236.2590789794922,1.0,189.6066436767578,234.28189086914062,1.0,173.6037139892578,236.6309814453125,1.0,233.3439178466797,225.44638061523438,0.0053716301918029785,191.0202178955078,242.32046508789062,0.0009297964279539883,245.0022430419922,258.67431640625,1.0,204.11517333984375,280.8563232421875,0.9999997615814209,258.7120361328125,271.4794006347656,0.01957455649971962
1487,214.204345703125,208.94821166992188,1.0,235.0035400390625,236.40731811523438,1.0,189.1232147216797,234.5855255126953,1.0,173.0784454345703,237.10690307617188,1.0,232.786376953125,225.54103088378906,0.02528848685324192,191.4205322265625,242.54946899414062,0.0008021524408832192,244.86622619628906,258.6607666015625,1.0,203.56129455566406,281.1820983886719,0.9999994039535522,258.5722351074219,271.5384216308594,0.016390588134527206
1488,214.12692260742188,209.4143829345703,1.0,234.12608337402344,236.29702758789062,1.0,189.3055419921875,234.5592041015625,1.0,172.9965057373047,237.45777893066406,1.0,233.1635284423828,225.40162658691406,0.019826970994472504,191.1393585205078,242.48895263671875,0.0007986644050106406,244.824951171875,258.5681457519531,1.0,203.41529846191406,280.8227844238281,0.9999997615814209,258.58331298828125,271.8077697753906,0.00879836268723011
1489,213.99021911621094,209.62977600097656,1.0,234.1181640625,236.29083251953125,1.0,189.21385192871094,234.54412841796875,1.0,173.0410919189453,237.49600219726562,1.0,232.5794677734375,225.3893280029297,0.15504997968673706,191.13357543945312,242.58132934570312,0.0008380848448723555,244.5665740966797,258.61505126953125,1.0,203.29730224609375,281.03668212890625,0.9999997615814209,258.3088684082031,271.82830810546875,0.010248858481645584
1490,213.80368041992188,209.97714233398438,1.0,234.16429138183594,236.0149383544922,1.0,188.909912109375,234.602294921875,1.0,172.8788604736328,237.52293395996094,1.0,231.87100219726562,225.09881591796875,0.7613564133644104,236.61785888671875,220.43238830566406,0.0019204975105822086,244.6879425048828,258.2494201660156,1.0,202.7690887451172,280.5055847167969,0.9999997615814209,258.7220153808594,271.6495056152344,0.004170367028564215
1491,213.77488708496094,210.16781616210938,1.0,233.58514404296875,235.44412231445312,1.0,186.9729766845703,234.08641052246094,1.0,171.6569366455078,236.96485900878906,1.0,230.8063201904297,224.40525817871094,0.9881048202514648,236.3026885986328,221.09815979003906,0.009919545613229275,243.45431518554688,257.9721984863281,1.0,202.62188720703125,280.9928894042969,0.9999998807907104,258.4692077636719,268.9128112792969,0.002685055835172534
1492,212.54360961914062,209.406005859375,1.0,233.201171875,234.46957397460938,1.0,185.29611206054688,233.27919006347656,1.0,170.04425048828125,236.63043212890625,1.0,230.2159423828125,223.8560028076172,0.9820521473884583,236.33380126953125,221.19558715820312,0.012405258603394032,241.45053100585938,256.59527587890625,1.0,201.36624145507812,279.57476806640625,0.9999998807907104,253.7328643798828,271.6510009765625,0.02293560653924942
1493,212.50662231445312,209.4178924560547,1.0,232.53919982910156,234.4754638671875,1.0,184.71109008789062,233.07435607910156,1.0,169.1063690185547,235.89065551757812,1.0,230.50265502929688,223.8872833251953,0.998292863368988,237.54270935058594,225.73672485351562,0.21557648479938507,240.1779022216797,256.0762939453125,1.0,200.9500732421875,279.16290283203125,0.9999998807907104,252.6244659423828,268.9543762207031,0.06650221347808838
1494,212.70201110839844,210.83743286132812,1.0,231.8758544921875,236.05453491210938,1.0,184.18690490722656,234.69146728515625,1.0,168.8905792236328,237.4704132080078,1.0,230.58189392089844,225.35748291015625,0.9961126446723938,237.3119354248047,226.8764190673828,0.06335421651601791,239.2726593017578,257.6513671875,1.0,199.28944396972656,279.6370544433594,0.9999995231628418,252.54373168945312,269.17437744140625,0.40288200974464417
1495,215.46246337890625,213.75013732910156,1.0,231.5125274658203,241.26007080078125,1.0,184.81529235839844,237.19717407226562,1.0,169.97427368164062,239.21876525878906,1.0,230.75555419921875,230.39968872070312,0.9999992847442627,238.29714965820312,231.9859619140625,0.9036858677864075,238.16323852539062,262.0898132324219,1.0,197.46470642089844,280.62774658203125,0.9999940395355225,250.80535888671875,272.98114013671875,0.9511648416519165
1496,216.3755645751953,214.21743774414062,1.0,231.4744873046875,240.48770141601562,1.0,184.71298217773438,237.91909790039062,1.0,169.6999969482422,239.625,1.0,231.26258850097656,231.0011749267578,1.0,238.08839416503906,232.07020568847656,0.9966474175453186,238.33242797851562,261.15899658203125,1.0,197.7449188232422,281.1781005859375,0.9999995231628418,251.92037963867188,272.3504333496094,0.75413578748703
1497,215.5113067626953,214.64382934570312,1.0,230.74420166015625,240.94876098632812,1.0,184.38650512695312,238.4111785888672,1.0,169.2327117919922,240.34536743164062,1.0,230.55484008789062,231.02716064453125,1.0,237.4278564453125,232.2021026611328,0.9994625449180603,237.7075958251953,261.296630859375,1.0,197.0685577392578,281.5727233886719,0.9999998807907104,251.46395874023438,272.22332763671875,0.6372986435890198
1498,212.087890625,215.2936553955078,1.0,228.27272033691406,241.12681579589844,1.0,182.38851928710938,238.90208435058594,1.0,167.3094940185547,240.4779815673828,1.0,228.41238403320312,230.79331970214844,1.0,235.3691864013672,232.27687072753906,0.9999808073043823,235.41787719726562,261.2871398925781,1.0,195.38999938964844,282.1273498535156,0.9999998807907104,250.2186279296875,271.86083984375,0.9709332585334778
1499,210.36898803710938,215.33914184570312,1.0,225.96630859375,240.3839111328125,1.0,180.93519592285156,238.91355895996094,1.0,165.42921447753906,240.33335876464844,1.0,227.62838745117188,230.32696533203125,1.0,234.22645568847656,232.1146697998047,0.9999772310256958,232.95262145996094,261.0235595703125,1.0,193.20480346679688,281.8808898925781,0.9999995231628418,250.26133728027344,271.103515625,0.9942697286605835
1500,210.2010040283203,215.1021728515625,1.0,225.4901123046875,241.3242950439453,1.0,180.7421112060547,238.95742797851562,1.0,165.28382873535156,239.8768310546875,1.0,226.90118408203125,230.6893768310547,1.0,234.12594604492188,232.4397430419922,0.999994158744812,231.52943420410156,260.90673828125,1.0,192.0249786376953,281.8027038574219,0.9999994039535522,249.56224060058594,271.40191650390625,0.9998475313186646
1501,210.05929565429688,214.9729766845703,1.0,225.2401885986328,241.57247924804688,1.0,180.5276336669922,239.036376953125,1.0,165.09323120117188,239.66748046875,1.0,226.91925048828125,231.09579467773438,1.0,234.61697387695312,232.72523498535156,0.999992847442627,231.32736206054688,261.01641845703125,1.0,191.7481689453125,282.0241394042969,0.9999994039535522,249.58731079101562,271.583740234375,0.9994592070579529
1502,209.83351135253906,214.94155883789062,1.0,224.85655212402344,241.4261016845703,1.0,180.46710205078125,239.0570068359375,1.0,165.05320739746094,239.6842803955078,1.0,226.8338165283203,231.33990478515625,1.0,234.63783264160156,233.26475524902344,0.9999958276748657,231.16012573242188,261.1871643066406,1.0,191.5361328125,282.1454772949219,0.9999984502792358,249.59512329101562,271.66876220703125,0.9997069239616394
1503,210.24386596679688,214.97576904296875,1.0,224.9586944580078,241.41879272460938,1.0,180.58334350585938,239.02967834472656,1.0,165.20594787597656,239.7272186279297,1.0,227.04751586914062,231.2606964111328,1.0,234.6298370361328,232.96949768066406,0.9999934434890747,231.3070831298828,261.1676330566406,1.0,191.69964599609375,282.1477355957031,0.9999988079071045,249.59701538085938,271.6577453613281,0.9987881779670715
1504,210.28750610351562,214.81735229492188,1.0,224.96026611328125,241.61158752441406,1.0,180.6773223876953,238.90975952148438,1.0,165.28712463378906,239.7138214111328,1.0,227.13217163085938,231.52178955078125,1.0,234.9270477294922,233.33399963378906,0.9999966621398926,231.2191162109375,261.2908935546875,1.0,191.57815551757812,282.2729797363281,0.9999988079071045,249.68600463867188,271.6959533691406,0.9993541836738586
1505,209.98971557617188,214.8567657470703,1.0,225.0070037841797,241.6769256591797,1.0,180.565185546875,238.9757843017578,1.0,165.22767639160156,239.68536376953125,1.0,226.95179748535156,231.52041625976562,1.0,234.80638122558594,233.2363739013672,0.9999942779541016,231.3041534423828,261.4729919433594,1.0,191.5628204345703,282.1828918457031,0.9999988079071045,249.6791534423828,271.92022705078125,0.9988403916358948
1506,210.11370849609375,214.96360778808594,1.0,225.01853942871094,241.73284912109375,1.0,180.69480895996094,238.99240112304688,1.0,165.31053161621094,239.77609252929688,1.0,227.04525756835938,231.63308715820312,1.0,234.78335571289062,233.22308349609375,0.999995231628418,231.22084045410156,261.3067321777344,1.0,191.58741760253906,282.1507568359375,0.9999988079071045,249.60360717773438,272.046630859375,0.9990617632865906
1507,209.95846557617188,215.19259643554688,1.0,225.00022888183594,241.7505340576172,1.0,180.7051239013672,238.9458770751953,1.0,165.3122100830078,239.921875,1.0,226.932861328125,231.49630737304688,1.0,234.71209716796875,233.15406799316406,0.9999957084655762,231.3091583251953,261.3018798828125,1.0,191.6907501220703,282.1291809082031,0.9999990463256836,248.634765625,272.5884094238281,0.9992103576660156
1508,209.94473266601562,215.1439971923828,1.0,225.1476287841797,241.73281860351562,1.0,180.58126831054688,238.9406280517578,1.0,165.28335571289062,239.9784698486328,1.0,227.02098083496094,231.30197143554688,1.0,234.72695922851562,233.100341796875,0.9999949932098389,231.4727020263672,261.3594665527344,1.0,191.69027709960938,282.22076416015625,0.9999990463256836,249.73130798339844,272.1755676269531,0.9983057975769043
1509,209.93209838867188,215.06240844726562,1.0,224.95066833496094,241.5146942138672,1.0,180.5601043701172,238.9330291748047,1.0,165.3093719482422,240.0511474609375,1.0,227.0997772216797,231.26806640625,1.0,234.92063903808594,233.19288635253906,0.9999969005584717,231.3168182373047,261.26751708984375,1.0,191.59165954589844,282.1806640625,0.9999992847442627,249.53207397460938,272.04705810546875,0.9986881613731384
1510,209.8516082763672,215.1756591796875,1.0,224.9110870361328,241.53518676757812,1.0,180.62184143066406,238.79226684570312,1.0,165.1269989013672,239.92474365234375,1.0,226.9838409423828,231.35166931152344,1.0,234.91712951660156,233.38406372070312,0.9999973773956299,231.282958984375,261.3378601074219,1.0,191.58180236816406,282.26715087890625,0.9999990463256836,249.6820526123047,272.0215759277344,0.998469889163971
1511,210.23902893066406,215.1721954345703,1.0,224.83311462402344,241.6437530517578,1.0,180.72296142578125,238.83517456054688,1.0,165.14215087890625,239.98153686523438,1.0,227.09059143066406,231.47894287109375,1.0,234.85789489746094,233.4156036376953,0.9999978542327881,231.1431427001953,261.3319396972656,1.0,191.52577209472656,282.3305358886719,0.9999992847442627,249.69482421875,272.1560974121094,0.9989050626754761
1512,210.13735961914062,215.49021911621094,1.0,225.2111358642578,241.68185424804688,1.0,180.14047241210938,238.47377014160156,1.0,164.75308227539062,240.0367431640625,1.0,226.7109375,231.2593536376953,1.0,234.21170043945312,233.32504272460938,0.9999979734420776,231.4016876220703,261.7007141113281,1.0,191.76962280273438,282.2923583984375,0.9999988079071045,249.50814819335938,271.6635437011719,0.9982686042785645
1513,202.6519012451172,215.63668823242188,0.9999997615814209,216.96360778808594,239.8446044921875,1.0,171.80682373046875,238.67156982421875,1.0,157.2249755859375,240.9539794921875,1.0,219.6669158935547,229.5821075439453,1.0,227.8057403564453,229.0383758544922,0.9999970197677612,223.6896514892578,262.84210205078125,1.0,186.45132446289062,280.4907531738281,0.9999997615814209,241.4225616455078,268.5498962402344,0.9999890327453613
1514,191.36033630371094,213.36448669433594,1.0,205.44183349609375,237.7400360107422,1.0,163.2423553466797,240.26947021484375,1.0,149.38861083984375,242.5747528076172,1.0,213.28512573242188,228.0860595703125,1.0,222.91488647460938,229.5522918701172,1.0,211.75379943847656,258.1702880859375,1.0,177.84547424316406,282.12933349609375,0.9999939203262329,234.47372436523438,268.225341796875,1.0
1515,188.8447723388672,212.78314208984375,1.0,203.10154724121094,237.64474487304688,1.0,161.0885772705078,239.8641815185547,1.0,146.77801513671875,243.26895141601562,1.0,211.08880615234375,229.04037475585938,1.0,220.99285888671875,229.24038696289062,1.0,209.4170379638672,258.971923828125,1.0,175.52996826171875,283.7664489746094,0.9998961687088013,232.44606018066406,267.90008544921875,1.0
1516,187.31825256347656,213.14659118652344,1.0,201.06240844726562,237.6865692138672,1.0,160.09446716308594,240.1649169921875,1.0,145.87442016601562,243.5631561279297,1.0,209.91209411621094,227.81744384765625,1.0,220.153076171875,229.2227020263672,1.0,207.973388671875,259.5113830566406,1.0,174.87867736816406,283.4727478027344,0.9997063279151917,231.27772521972656,267.982177734375,1.0
1517,186.67715454101562,213.19215393066406,1.0,200.72576904296875,237.65907287597656,1.0,159.50318908691406,240.0646514892578,1.0,145.52752685546875,243.7037353515625,1.0,209.3512725830078,228.36483764648438,1.0,220.0743865966797,229.4936065673828,1.0,207.41717529296875,258.66998291015625,1.0,174.84307861328125,283.2603454589844,0.9996198415756226,230.88082885742188,268.22039794921875,1.0
1518,186.74522399902344,213.53451538085938,1.0,200.49462890625,237.51385498046875,1.0,159.3585662841797,240.15550231933594,1.0,145.17156982421875,243.85321044921875,1.0,209.18812561035156,228.3657989501953,1.0,219.71951293945312,229.55316162109375,1.0,207.40139770507812,259.233642578125,1.0,173.68382263183594,283.8091125488281,0.9996887445449829,230.87164306640625,268.369140625,1.0
1519,186.00270080566406,213.62503051757812,1.0,199.90089416503906,237.78224182128906,1.0,159.01278686523438,240.40174865722656,1.0,145.05679321289062,244.07965087890625,1.0,209.0478973388672,227.90155029296875,1.0,219.12274169921875,229.37120056152344,1.0,206.9376678466797,259.1476135253906,1.0,173.6199951171875,284.00531005859375,0.9997748732566833,230.42733764648438,268.52069091796875,1.0
1520,185.41526794433594,213.39126586914062,1.0,199.30294799804688,237.59365844726562,1.0,158.6276397705078,240.8977813720703,1.0,144.42555236816406,244.26141357421875,1.0,208.4669647216797,228.66802978515625,1.0,219.1016845703125,229.70738220214844,1.0,206.0512237548828,259.2069396972656,1.0,173.41297912597656,283.920654296875,0.9995118379592896,230.089599609375,268.6809387207031,1.0
1521,184.5877227783203,213.8904571533203,1.0,198.40249633789062,237.95877075195312,1.0,157.67027282714844,241.36851501464844,1.0,142.9505615234375,244.82705688476562,1.0,207.65377807617188,228.95887756347656,1.0,218.20375061035156,229.1542510986328,1.0,204.8065185546875,259.3938903808594,1.0,172.12960815429688,283.873779296875,0.999788224697113,229.635986328125,268.17816162109375,1.0
1522,184.2000274658203,214.339599609375,1.0,197.7095184326172,238.0303497314453,1.0,157.46018981933594,241.51699829101562,1.0,142.62759399414062,244.9057159423828,1.0,207.60740661621094,228.240966796875,1.0,217.86480712890625,229.47042846679688,1.0,203.8785400390625,259.1800842285156,1.0,171.00572204589844,284.0013732910156,0.9996297359466553,229.28756713867188,268.5030212402344,1.0
1523,183.390869140625,214.5226593017578,1.0,196.819580078125,238.01002502441406,1.0,157.4280548095703,241.55125427246094,1.0,142.38937377929688,244.97653198242188,1.0,207.3162078857422,228.1077117919922,1.0,217.91781616210938,229.43336486816406,1.0,203.21487426757812,259.04864501953125,1.0,170.5767364501953,284.1407775878906,0.9997411370277405,229.1084442138672,268.640625,1.0
1524,183.5892791748047,214.05520629882812,1.0,196.85214233398438,237.9374542236328,1.0,157.3282470703125,241.21917724609375,1.0,142.04319763183594,244.98828125,1.0,207.58775329589844,228.57847595214844,1.0,217.67227172851562,229.4170684814453,1.0,203.15406799316406,258.60296630859375,1.0,169.86293029785156,284.0477600097656,0.9994090795516968,229.16952514648438,268.4944763183594,1.0
1525,183.8258514404297,214.05697631835938,1.0,196.83999633789062,237.7517547607422,1.0,157.1669158935547,241.2153778076172,1.0,142.01365661621094,245.1278076171875,1.0,207.1197509765625,228.72203063964844,1.0,217.61831665039062,229.262939453125,1.0,203.17652893066406,258.4791564941406,1.0,169.88648986816406,284.05670166015625,0.9995285272598267,229.07823181152344,268.179931640625,1.0
1526,183.4237060546875,214.2171630859375,1.0,196.6427764892578,237.83798217773438,1.0,157.07176208496094,241.25975036621094,1.0,141.67355346679688,245.0609588623047,1.0,207.36685180664062,228.2876434326172,1.0,217.61032104492188,229.16046142578125,1.0,202.96983337402344,258.5151672363281,1.0,169.63919067382812,284.281494140625,0.9994602799415588,229.09971618652344,268.2889099121094,1.0
1527,183.4481658935547,214.20709228515625,1.0,196.39010620117188,237.9366455078125,1.0,156.7739715576172,241.36827087402344,1.0,141.8460235595703,245.17417907714844,1.0,207.09774780273438,228.3643035888672,1.0,217.35177612304688,229.2406768798828,1.0,202.83602905273438,258.5685119628906,1.0,169.59597778320312,284.16375732421875,0.9997830986976624,228.99490356445312,268.1502380371094,1.0
1528,182.89874267578125,213.9762725830078,1.0,196.08236694335938,238.00192260742188,1.0,156.72283935546875,241.1822052001953,1.0,141.8444061279297,245.13372802734375,1.0,206.8142852783203,228.15249633789062,1.0,217.0480194091797,229.04995727539062,1.0,202.72323608398438,258.55816650390625,1.0,169.88571166992188,284.1403503417969,0.9997966885566711,228.7935333251953,267.9320983886719,1.0
1529,183.03709411621094,214.05882263183594,1.0,196.0876922607422,237.92478942871094,1.0,156.57545471191406,241.1938018798828,1.0,141.73773193359375,245.05691528320312,1.0,207.05218505859375,228.03977966308594,1.0,217.1260528564453,229.0408172607422,1.0,202.7901611328125,258.68023681640625,1.0,169.87655639648438,284.27874755859375,0.999640941619873,228.73631286621094,268.0874938964844,1.0
1530,182.9037322998047,214.19659423828125,1.0,195.90220642089844,238.1968994140625,1.0,156.55960083007812,241.2559356689453,1.0,141.80906677246094,245.03839111328125,1.0,206.3907012939453,228.6838836669922,1.0,217.16043090820312,229.17843627929688,1.0,202.690673828125,258.6987609863281,1.0,169.8708038330078,284.37109375,0.9994218349456787,228.7903289794922,268.0486145019531,1.0
1531,182.66896057128906,214.02536010742188,1.0,195.71702575683594,238.80606079101562,1.0,156.5665283203125,241.17330932617188,1.0,141.59637451171875,244.99301147460938,1.0,206.68067932128906,228.61427307128906,1.0,216.92654418945312,229.2658233642578,1.0,202.50245666503906,258.5497741699219,1.0,169.7467803955078,284.5161437988281,0.9990636706352234,228.721435546875,268.09490966796875,1.0
1532,182.79403686523438,214.18130493164062,1.0,196.01893615722656,238.19119262695312,1.0,156.52928161621094,241.23728942871094,1.0,141.57058715820312,244.98423767089844,1.0,206.8667755126953,228.54183959960938,1.0,217.04141235351562,229.40328979492188,1.0,202.6409454345703,258.6207580566406,1.0,169.64610290527344,284.45709228515625,0.9990008473396301,228.8340301513672,267.8785095214844,1.0
1533,182.52456665039062,214.223388671875,1.0,196.00125122070312,238.22572326660156,1.0,156.61936950683594,241.38156127929688,1.0,141.63633728027344,245.10142517089844,1.0,206.64768981933594,228.55282592773438,1.0,216.937744140625,229.24952697753906,1.0,202.69004821777344,258.53515625,1.0,169.76715087890625,284.4932861328125,0.9992794394493103,228.8625946044922,268.0342712402344,1.0
1534,183.4305419921875,213.9551544189453,1.0,195.77769470214844,238.64794921875,1.0,158.0865478515625,240.74569702148438,1.0,143.24853515625,244.69129943847656,1.0,206.79180908203125,228.38534545898438,1.0,216.970947265625,229.05686950683594,1.0,202.61968994140625,258.5117492675781,1.0,171.26922607421875,283.2501525878906,0.9999557733535767,228.7618408203125,268.1637268066406,1.0
1535,185.80247497558594,213.20401000976562,1.0,198.24649047851562,237.08001708984375,1.0,159.29722595214844,239.15940856933594,1.0,143.76974487304688,243.60867309570312,1.0,208.7875518798828,228.00987243652344,1.0,218.87779235839844,228.73924255371094,1.0,204.34954833984375,258.4282531738281,1.0,171.63233947753906,282.3133850097656,0.9999899864196777,229.35122680664062,267.2098388671875,1.0
1536,186.29928588867188,212.03726196289062,1.0,200.46359252929688,235.38034057617188,1.0,159.80960083007812,237.72738647460938,1.0,144.87692260742188,242.94874572753906,1.0,209.5677947998047,226.06521606445312,1.0,219.5921630859375,228.2705078125,1.0,206.7543487548828,255.62803649902344,1.0,171.80636596679688,281.95025634765625,0.9999992847442627,231.08090209960938,266.06695556640625,1.0
1537,186.59945678710938,211.2605438232422,0.9999998807907104,200.81719970703125,234.16009521484375,1.0,159.66175842285156,237.34100341796875,1.0,144.69358825683594,242.8020782470703,1.0,209.83914184570312,225.69161987304688,1.0,219.53533935546875,227.75230407714844,1.0,207.42755126953125,254.80819702148438,1.0,173.27011108398438,281.7066955566406,0.9999971389770508,231.1361846923828,265.4111328125,1.0
1538,186.42076110839844,211.0984344482422,1.0,200.495849609375,234.03009033203125,1.0,159.97972106933594,237.25804138183594,1.0,144.81265258789062,242.3748779296875,1.0,209.53871154785156,225.4518585205078,1.0,219.04469299316406,227.0242462158203,1.0,207.21221923828125,254.40757751464844,1.0,173.32247924804688,281.716796875,0.9999983310699463,231.26727294921875,265.5838317871094,1.0
1539,186.4635467529297,211.23582458496094,1.0,200.79966735839844,234.1144561767578,1.0,160.1184539794922,237.13558959960938,1.0,144.874755859375,242.50575256347656,1.0,209.34024047851562,225.3939971923828,1.0,219.3705596923828,227.1903839111328,1.0,207.57102966308594,254.03842163085938,1.0,173.42637634277344,281.4491882324219,0.999997615814209,231.4250030517578,265.77178955078125,1.0
1540,186.2596893310547,211.40333557128906,1.0,200.8810272216797,233.994384765625,1.0,160.1585235595703,237.07296752929688,1.0,144.8913116455078,242.446533203125,1.0,209.60848999023438,225.34620666503906,1.0,219.90847778320312,227.3495330810547,1.0,207.5489044189453,254.14646911621094,1.0,173.89134216308594,281.1740417480469,0.9999982118606567,231.35325622558594,266.0597839355469,1.0
1541,186.46487426757812,211.0802459716797,1.0,201.16648864746094,234.25152587890625,1.0,160.0984344482422,236.9414520263672,1.0,145.11990356445312,242.00982666015625,1.0,209.65640258789062,225.4790802001953,1.0,220.0291290283203,227.38551330566406,1.0,207.49734497070312,254.1219940185547,1.0,174.1545867919922,281.136474609375,0.9999982118606567,231.26275634765625,265.931884765625,1.0
1542,187.03216552734375,211.05575561523438,1.0,200.83946228027344,234.00289916992188,1.0,160.39414978027344,238.35983276367188,1.0,144.9945068359375,242.2948455810547,1.0,210.2518768310547,226.85650634765625,1.0,219.80332946777344,228.17440795898438,1.0,207.74261474609375,254.0623779296875,1.0,174.11807250976562,281.13372802734375,0.9999990463256836,231.22958374023438,265.6194763183594,1.0
1543,187.125,211.46914672851562,1.0,201.49305725097656,234.8474578857422,1.0,160.3380126953125,238.6875457763672,1.0,145.19351196289062,242.93008422851562,1.0,210.10543823242188,227.31613159179688,1.0,220.38059997558594,229.00823974609375,1.0,207.81358337402344,255.64801025390625,1.0,174.20753479003906,281.0788269042969,0.9999994039535522,231.2818603515625,266.4682312011719,1.0
1544,186.88023376464844,211.74957275390625,1.0,200.95187377929688,235.15452575683594,1.0,160.01275634765625,238.9521942138672,1.0,144.98590087890625,242.95181274414062,1.0,209.7406005859375,227.2884521484375,1.0,220.19741821289062,229.08282470703125,1.0,207.5368194580078,256.19140625,1.0,173.8906707763672,281.8238220214844,0.9999995231628418,231.24905395507812,266.8262634277344,1.0
1545,186.35626220703125,212.8552703857422,1.0,200.1116943359375,236.4579620361328,1.0,159.54537963867188,239.3702850341797,1.0,144.87274169921875,242.9700927734375,1.0,208.87673950195312,227.7991485595703,1.0,219.7929229736328,229.18402099609375,1.0,206.82179260253906,257.41949462890625,1.0,172.888671875,282.680908203125,0.9999985694885254,230.89840698242188,266.99945068359375,1.0
1546,185.14761352539062,213.24346923828125,1.0,198.8484649658203,236.97366333007812,1.0,158.60006713867188,240.31764221191406,1.0,144.41897583007812,243.67254638671875,1.0,208.24276733398438,228.4469757080078,1.0,218.93984985351562,229.49407958984375,1.0,205.53414916992188,257.9341735839844,1.0,172.1260223388672,282.90911865234375,0.9999942779541016,229.85372924804688,267.80126953125,1.0
1547,184.5662841796875,213.37594604492188,1.0,198.34732055664062,237.449462890625,1.0,157.80517578125,241.15716552734375,1.0,143.5480194091797,244.8485107421875,1.0,207.6869659423828,229.0886993408203,1.0,218.48776245117188,229.29971313476562,1.0,204.8058624267578,258.2600402832031,1.0,171.59481811523438,283.33740234375,0.9999850988388062,229.3118896484375,268.1086730957031,1.0
1548,184.45651245117188,213.4438018798828,1.0,197.6946258544922,237.25108337402344,1.0,157.68386840820312,241.1761932373047,1.0,142.9190216064453,244.5908203125,1.0,207.6008758544922,228.9360809326172,1.0,217.60305786132812,229.30087280273438,1.0,204.4200439453125,257.7190246582031,1.0,171.1389923095703,283.24700927734375,0.9999911785125732,229.28648376464844,267.61083984375,1.0
1549,184.45394897460938,213.33140563964844,1.0,197.7100067138672,236.88619995117188,1.0,157.6284637451172,241.1178436279297,1.0,142.85226440429688,244.6113739013672,1.0,206.97592163085938,228.87904357910156,1.0,217.66024780273438,229.2210235595703,1.0,204.33436584472656,257.9118347167969,1.0,170.7357940673828,283.56927490234375,0.9999961853027344,229.2962646484375,267.6741943359375,1.0
1550,183.82203674316406,213.446044921875,1.0,197.49166870117188,237.02706909179688,1.0,157.45716857910156,241.04635620117188,1.0,142.5089111328125,244.72445678710938,1.0,206.644287109375,229.0557403564453,1.0,217.5214080810547,229.42474365234375,1.0,204.15829467773438,257.9711608886719,1.0,170.49270629882812,283.6341247558594,0.9999953508377075,228.9635467529297,267.8355407714844,1.0
1551,183.68557739257812,213.62680053710938,1.0,197.1435089111328,237.11105346679688,1.0,157.3056182861328,241.15052795410156,1.0,142.23233032226562,244.87515258789062,1.0,206.61282348632812,229.06126403808594,1.0,217.49368286132812,229.30355834960938,1.0,203.89610290527344,257.8690490722656,1.0,170.57034301757812,283.8847961425781,0.9999921321868896,228.99661254882812,267.6208190917969,1.0
1552,183.4203643798828,213.53964233398438,1.0,197.00347900390625,237.33502197265625,1.0,157.32029724121094,241.2279510498047,1.0,142.37753295898438,244.94053649902344,1.0,206.4429931640625,229.0804901123047,1.0,217.22866821289062,229.18661499023438,1.0,203.8985137939453,257.94464111328125,1.0,170.18862915039062,283.8267517089844,0.9999806880950928,229.02708435058594,267.5700988769531,1.0
1553,183.43157958984375,213.8634796142578,1.0,197.04730224609375,237.35189819335938,1.0,157.17648315429688,241.22901916503906,1.0,142.11346435546875,244.8894805908203,1.0,206.42605590820312,228.91543579101562,1.0,217.2206268310547,229.1750030517578,1.0,203.85653686523438,257.8397216796875,1.0,170.15731811523438,283.89727783203125,0.9999808073043823,228.98272705078125,267.5535583496094,1.0
1554,183.2717742919922,213.53729248046875,1.0,196.85093688964844,237.433837890625,1.0,157.29441833496094,241.49856567382812,1.0,142.13467407226562,244.89813232421875,1.0,206.6509246826172,229.11289978027344,1.0,217.31369018554688,229.17234802246094,1.0,203.65151977539062,257.93023681640625,1.0,170.2521514892578,283.9242858886719,0.9999836683273315,228.9390106201172,267.82958984375,1.0
1555,186.47225952148438,214.81936645507812,1.0,198.9129180908203,237.52197265625,1.0,159.9418487548828,242.5497589111328,1.0,145.73046875,245.63299560546875,1.0,208.66030883789062,231.18336486816406,1.0,219.0570831298828,229.97767639160156,1.0,205.59799194335938,258.85015869140625,1.0,171.51583862304688,283.40570068359375,0.9999908208847046,229.5634002685547,269.8282775878906,1.0
1556,190.28045654296875,215.82711791992188,1.0,201.6111297607422,238.9499969482422,1.0,163.8508758544922,242.1698455810547,1.0,148.89956665039062,244.8885498046875,1.0,211.30665588378906,231.8876953125,1.0,221.08204650878906,231.0873260498047,1.0,208.19793701171875,259.8182373046875,1.0,173.69239807128906,284.415771484375,0.9999412298202515,231.7214813232422,270.81085205078125,1.0
1557,192.09425354003906,215.7174835205078,1.0,203.5335693359375,239.96739196777344,1.0,165.2873992919922,241.82266235351562,1.0,150.26113891601562,244.5714874267578,1.0,213.2752227783203,231.75978088378906,1.0,223.33798217773438,231.81094360351562,1.0,210.25436401367188,260.8094787597656,1.0,174.58970642089844,284.5727844238281,0.9997686743736267,233.30572509765625,271.6877136230469,0.9999998807907104
1558,194.0177001953125,216.98831176757812,1.0,205.75926208496094,240.7128143310547,1.0,166.58053588867188,241.36729431152344,1.0,151.32366943359375,244.24111938476562,1.0,214.13072204589844,232.05551147460938,1.0,223.933837890625,232.1091766357422,1.0,212.02427673339844,261.4825744628906,1.0,175.49925231933594,284.34228515625,0.9998623132705688,234.89352416992188,271.48193359375,0.9999998807907104
1559,194.7716064453125,217.30735778808594,1.0,207.05197143554688,241.3591766357422,1.0,167.3275146484375,240.9528045654297,1.0,151.91854858398438,244.1205291748047,1.0,214.5000457763672,231.95034790039062,1.0,224.28338623046875,232.03875732421875,1.0,213.65731811523438,261.6423034667969,1.0,176.7107696533203,284.7213134765625,0.9988560676574707,235.49789428710938,271.4988098144531,0.9999998807907104
1560,194.6358642578125,217.2239532470703,1.0,207.4285430908203,241.4508819580078,1.0,167.51544189453125,240.74732971191406,1.0,152.25921630859375,243.84896850585938,1.0,214.28611755371094,232.45187377929688,1.0,224.16587829589844,232.3492431640625,1.0,214.26974487304688,261.4176025390625,1.0,178.11422729492188,284.33453369140625,0.9992873072624207,235.4996337890625,271.3796081542969,0.9999998807907104
1561,195.3857879638672,216.9474334716797,1.0,207.864990234375,241.4127197265625,1.0,167.603759765625,240.8025360107422,1.0,152.1466522216797,243.85154724121094,1.0,214.85986328125,232.3069305419922,1.0,224.90196228027344,232.4281768798828,1.0,214.41888427734375,261.67010498046875,1.0,178.10092163085938,284.55218505859375,0.9991989731788635,236.12928771972656,271.3941955566406,1.0
1562,196.2900390625,216.67324829101562,1.0,208.69570922851562,241.7885284423828,1.0,168.1740264892578,240.8431396484375,1.0,152.65577697753906,243.792236328125,1.0,215.4879608154297,232.58596801757812,1.0,225.51211547851562,232.63563537597656,1.0,214.92343139648438,261.8938903808594,1.0,178.0846710205078,284.6944580078125,0.9992473125457764,236.77691650390625,271.7230529785156,1.0
1563,196.94265747070312,217.15399169921875,1.0,209.2991485595703,241.6746063232422,1.0,168.73402404785156,240.6712188720703,1.0,152.91114807128906,243.572021484375,1.0,215.9711456298828,232.51119995117188,1.0,225.9270477294922,232.47061157226562,1.0,215.31008911132812,261.8431396484375,1.0,178.88677978515625,284.8076171875,0.9996215105056763,236.96556091308594,271.68450927734375,1.0
1564,197.11317443847656,217.05894470214844,1.0,209.839111328125,241.92471313476562,1.0,169.1211700439453,240.67083740234375,1.0,153.2777862548828,243.3901824951172,1.0,216.19190979003906,232.65145874023438,1.0,226.16351318359375,232.3323516845703,1.0,215.75733947753906,261.7703857421875,1.0,178.35931396484375,284.6527404785156,0.9987911581993103,237.0716552734375,271.93939208984375,1.0
1565,197.3990478515625,217.33883666992188,1.0,210.28826904296875,242.01414489746094,1.0,169.53021240234375,240.6214141845703,1.0,153.4513702392578,243.12156677246094,1.0,216.42515563964844,232.67300415039062,1.0,226.68350219726562,232.37290954589844,1.0,216.25999450683594,262.13067626953125,1.0,178.38433837890625,284.6097717285156,0.9988627433776855,237.2608642578125,272.1180419921875,1.0
1566,198.18992614746094,216.92642211914062,1.0,210.74346923828125,241.81982421875,1.0,169.92918395996094,240.35948181152344,1.0,153.91067504882812,242.95858764648438,1.0,216.92965698242188,232.63323974609375,1.0,226.76979064941406,232.48025512695312,1.0,216.74728393554688,262.1419677734375,1.0,178.6819610595703,284.28558349609375,0.9994845390319824,237.86790466308594,271.578125,1.0
1567,198.64161682128906,216.71241760253906,1.0,211.33441162109375,241.94361877441406,1.0,170.42684936523438,240.23455810546875,1.0,154.54364013671875,242.8020782470703,1.0,217.36131286621094,232.68470764160156,1.0,227.10324096679688,232.41738891601562,1.0,217.466796875,262.2388610839844,1.0,178.9459228515625,284.13623046875,0.9997665286064148,238.35972595214844,271.4547119140625,1.0
1568,199.4013671875,216.78598022460938,1.0,211.99884033203125,242.2082977294922,1.0,170.63235473632812,240.02862548828125,1.0,153.5278778076172,242.2973175048828,1.0,217.7395782470703,232.76158142089844,1.0,227.3553466796875,232.5675506591797,1.0,218.2735595703125,262.52911376953125,1.0,178.98428344726562,283.6776123046875,0.9999686479568481,238.47108459472656,271.8671569824219,0.9999998807907104
1569,199.30775451660156,217.10560607910156,1.0,212.3619842529297,242.14407348632812,1.0,170.85218811035156,239.96875,1.0,153.89627075195312,242.13491821289062,1.0,217.8160858154297,232.38845825195312,1.0,227.58802795410156,232.3566436767578,1.0,218.59706115722656,262.5611267089844,1.0,179.38294982910156,283.7789306640625,0.999893069267273,238.71127319335938,271.7940979003906,0.9999998807907104
1570,199.86846923828125,217.1962432861328,1.0,212.52383422851562,242.01661682128906,1.0,171.12216186523438,239.9373779296875,1.0,154.5670166015625,241.97341918945312,1.0,217.98289489746094,232.37432861328125,1.0,227.56175231933594,232.38778686523438,1.0,218.78408813476562,262.8394775390625,1.0,179.33062744140625,283.749755859375,0.9998922348022461,238.96267700195312,271.7254638671875,0.9999998807907104
1571,199.8625030517578,216.88015747070312,1.0,212.80026245117188,242.1236114501953,1.0,171.126708984375,239.69349670410156,1.0,154.64793395996094,241.8134765625,1.0,217.9672393798828,232.49752807617188,1.0,227.48275756835938,232.4955596923828,1.0,219.08450317382812,262.8907165527344,1.0,179.0921173095703,283.9483337402344,0.9998216032981873,238.74649047851562,271.80010986328125,0.9999998807907104
1572,199.9707489013672,216.8463897705078,1.0,212.82005310058594,242.1639862060547,1.0,171.56478881835938,239.5322265625,1.0,154.90528869628906,241.83731079101562,1.0,217.9019012451172,232.5656280517578,1.0,227.2525634765625,232.37879943847656,1.0,218.99124145507812,262.7677917480469,1.0,179.3130340576172,283.429931640625,0.9999449253082275,238.5419158935547,272.57147216796875,0.9999998807907104
1573,199.85659790039062,216.71737670898438,1.0,213.16329956054688,241.8734893798828,1.0,171.51687622070312,239.5283660888672,1.0,154.86158752441406,241.96746826171875,1.0,218.1583709716797,232.46490478515625,1.0,227.4563751220703,232.5321502685547,1.0,219.1050262451172,262.696044921875,1.0,179.2076873779297,283.6443176269531,0.9998766183853149,238.5237579345703,272.33135986328125,0.9999998807907104
1574,200.000244140625,216.49732971191406,1.0,213.01016235351562,241.71559143066406,1.0,171.5751953125,239.44155883789062,1.0,154.8134765625,241.93505859375,1.0,218.1731719970703,232.2792510986328,1.0,227.3447265625,232.419189453125,1.0,219.02362060546875,262.5891418457031,1.0,179.16403198242188,283.7745361328125,0.9997506737709045,238.64950561523438,272.2284240722656,0.9999998807907104
1575,200.04641723632812,216.4100341796875,1.0,213.1473846435547,241.70370483398438,1.0,171.62557983398438,239.4811248779297,1.0,154.8778839111328,241.8999481201172,1.0,218.17691040039062,232.30809020996094,1.0,227.3171844482422,232.51724243164062,1.0,219.1360626220703,262.714111328125,1.0,179.1456756591797,283.9310302734375,0.9998326301574707,238.73431396484375,272.3535461425781,0.9999998807907104
1576,199.80606079101562,216.22952270507812,1.0,212.96018981933594,241.5906524658203,1.0,171.73304748535156,239.59710693359375,1.0,154.94447326660156,242.0491943359375,1.0,218.11050415039062,232.16265869140625,1.0,227.2261505126953,232.23452758789062,1.0,219.1524200439453,262.6242980957031,1.0,179.25486755371094,283.88134765625,0.9998353719711304,238.76092529296875,272.17816162109375,0.9999998807907104
1577,199.83016967773438,216.48484802246094,1.0,213.0469207763672,241.6022491455078,1.0,171.55154418945312,239.78775024414062,1.0,155.00222778320312,242.09304809570312,1.0,218.08392333984375,232.19976806640625,1.0,227.28074645996094,232.26901245117188,1.0,219.1150360107422,262.59716796875,1.0,179.26956176757812,283.9376525878906,0.9998195767402649,238.86268615722656,272.34576416015625,0.9999998807907104
1578,199.847412109375,216.51849365234375,1.0,212.95323181152344,241.61932373046875,1.0,171.5882110595703,239.88638305664062,1.0,155.02911376953125,242.29962158203125,1.0,218.17552185058594,232.16075134277344,1.0,227.33827209472656,232.0900115966797,1.0,219.10104370117188,262.7135925292969,1.0,179.357666015625,284.09796142578125,0.9996533393859863,238.83779907226562,272.2333679199219,0.9999998807907104
1579,199.95291137695312,216.5191192626953,1.0,213.19931030273438,241.6138916015625,1.0,171.55160522460938,239.90216064453125,1.0,154.947265625,242.17811584472656,1.0,218.37100219726562,232.13034057617188,1.0,227.47088623046875,232.17071533203125,1.0,219.31752014160156,262.70751953125,1.0,179.50489807128906,283.9840393066406,0.9995997548103333,238.8727569580078,272.3062438964844,0.9999998807907104
1580,199.84950256347656,216.51974487304688,1.0,213.24667358398438,241.72915649414062,1.0,171.58538818359375,239.8710174560547,1.0,154.88888549804688,242.1283721923828,1.0,218.485595703125,232.17051696777344,1.0,227.61083984375,232.0964813232422,1.0,219.3142852783203,262.87591552734375,1.0,179.407470703125,283.8350524902344,0.9993439316749573,239.12789916992188,272.1621398925781,0.9999998807907104
1581,200.2150115966797,216.6336212158203,1.0,213.38787841796875,241.60693359375,1.0,171.57211303710938,239.90277099609375,1.0,154.86740112304688,242.03302001953125,1.0,218.60250854492188,232.22076416015625,1.0,227.67373657226562,232.0884246826172,1.0,219.41456604003906,262.90185546875,1.0,179.3641357421875,283.82720947265625,0.9994449019432068,239.1437530517578,272.30731201171875,0.9999998807907104
1582,200.24256896972656,216.63510131835938,1.0,213.26707458496094,241.7357635498047,1.0,171.5359649658203,239.87847900390625,1.0,154.84629821777344,242.16546630859375,1.0,218.5640411376953,232.21914672851562,1.0,227.7152557373047,232.07737731933594,1.0,219.42874145507812,262.9644470214844,1.0,179.2652130126953,283.7518310546875,0.9996465444564819,239.21075439453125,272.2802429199219,0.9999998807907104
1583,200.26402282714844,216.7606658935547,1.0,213.40029907226562,241.59437561035156,1.0,171.5771026611328,240.03814697265625,1.0,154.6817169189453,242.1947479248047,1.0,218.5350341796875,232.13365173339844,1.0,227.7155303955078,232.11996459960938,1.0,219.4513702392578,262.8258361816406,1.0,179.19740295410156,284.0860595703125,0.9995856881141663,239.17864990234375,272.2228698730469,0.9999998807907104
1584,200.37384033203125,216.4464111328125,1.0,213.55575561523438,241.27325439453125,1.0,171.58822631835938,239.9263153076172,1.0,155.0644989013672,242.37135314941406,1.0,218.38235473632812,231.9393310546875,1.0,227.58993530273438,232.09461975097656,1.0,219.8997802734375,262.61553955078125,1.0,179.35037231445312,284.08367919921875,0.9997269511222839,239.21881103515625,272.0770263671875,0.9999998807907104
1585,199.98403930664062,216.9537811279297,1.0,213.5498504638672,241.3086700439453,1.0,171.53713989257812,239.907470703125,1.0,155.0419158935547,242.22048950195312,1.0,218.20516967773438,231.94142150878906,1.0,227.48602294921875,232.4007110595703,1.0,219.87684631347656,262.5699768066406,1.0,179.73435974121094,284.1568908691406,0.9996501207351685,239.38461303710938,271.98382568359375,0.9999998807907104
1586,200.24839782714844,216.66018676757812,1.0,213.5631561279297,241.2252655029297,1.0,171.5875244140625,239.81358337402344,1.0,155.11302185058594,242.27752685546875,1.0,218.3005828857422,231.95973205566406,1.0,227.49978637695312,232.42007446289062,1.0,219.88021850585938,262.7348937988281,1.0,179.4339141845703,284.1770935058594,0.9997872710227966,239.46905517578125,272.04229736328125,0.9999998807907104
1587,200.74200439453125,216.46444702148438,1.0,214.20574951171875,241.23651123046875,1.0,172.42953491210938,239.98892211914062,1.0,155.94224548339844,242.68414306640625,1.0,218.73451232910156,232.0959014892578,1.0,227.76136779785156,232.64654541015625,1.0,220.8727569580078,263.4551696777344,1.0,180.7764892578125,284.01507568359375,0.9999628067016602,239.5832977294922,272.3012390136719,0.9999997615814209
1588,200.9606170654297,216.76742553710938,1.0,214.64804077148438,241.7233123779297,1.0,172.65206909179688,239.9915313720703,1.0,156.1846160888672,242.7720947265625,1.0,218.98085021972656,232.27182006835938,1.0,228.04173278808594,232.6848602294922,1.0,221.9440155029297,263.39764404296875,1.0,181.19924926757812,283.5797424316406,0.9999707937240601,240.09349060058594,271.98089599609375,0.9999996423721313
1589,201.82400512695312,216.8272705078125,0.9999998807907104,215.26515197753906,242.01324462890625,1.0,173.33157348632812,240.27525329589844,1.0,156.8563232421875,243.0981903076172,1.0,219.23622131347656,232.31112670898438,1.0,228.25625610351562,232.6611785888672,1.0,222.72637939453125,263.5124206542969,1.0,181.97259521484375,282.84393310546875,0.9999910593032837,241.7984161376953,272.1349182128906,0.9999994039535522
1590,205.48121643066406,216.63453674316406,1.0,221.0568084716797,243.93240356445312,1.0,177.82315063476562,239.5740203857422,1.0,161.2936248779297,242.9493408203125,1.0,222.30398559570312,232.36094665527344,1.0,229.93612670898438,232.40380859375,1.0,227.7936553955078,264.0019226074219,1.0,186.1962890625,281.24237060546875,0.9999984502792358,245.8440399169922,272.59307861328125,0.9993939399719238
1591,209.9649658203125,217.1512451171875,1.0,225.41354370117188,243.027099609375,1.0,181.27362060546875,239.6423797607422,1.0,164.65965270996094,241.87796020507812,1.0,226.3509063720703,231.91806030273438,1.0,233.52175903320312,232.83396911621094,0.999990701675415,231.7859649658203,264.4372863769531,1.0,190.19395446777344,282.8453063964844,0.9983609318733215,249.01646423339844,273.7127990722656,0.7330605983734131
1592,211.47955322265625,217.18670654296875,1.0,226.8806610107422,243.5460205078125,1.0,182.62840270996094,240.0586395263672,1.0,166.128662109375,242.3394012451172,1.0,227.54046630859375,231.48533630371094,1.0,233.9545440673828,232.4403839111328,0.999817430973053,234.693603515625,264.8888244628906,1.0,192.53550720214844,282.8407287597656,0.9988546371459961,251.15728759765625,274.2298583984375,0.20548482239246368
1593,211.54331970214844,217.52003479003906,1.0,227.44610595703125,244.13748168945312,1.0,182.90939331054688,240.336181640625,1.0,166.5722198486328,242.7501678466797,1.0,227.2911376953125,232.5493621826172,1.0,234.10887145996094,232.8658905029297,0.9999352693557739,235.4312744140625,265.276123046875,1.0,192.9816131591797,282.9094543457031,0.9959314465522766,251.36207580566406,274.0191345214844,0.43346482515335083
1594,211.8671417236328,218.07254028320312,1.0,227.64273071289062,244.0296630859375,1.0,183.0756378173828,240.17562866210938,1.0,166.61810302734375,242.62979125976562,1.0,227.8807373046875,231.2554931640625,1.0,234.03565979003906,233.013916015625,0.999982476234436,234.99583435058594,264.95599365234375,1.0,192.85939025878906,283.0028991699219,0.9926323294639587,251.34402465820312,273.6083984375,0.5758756995201111
1595,211.67401123046875,218.2244415283203,1.0,227.8433380126953,243.97247314453125,1.0,183.1243133544922,240.0929718017578,1.0,166.55458068847656,242.57720947265625,1.0,227.96214294433594,231.36798095703125,1.0,234.14283752441406,233.4095001220703,0.9999852180480957,235.0341796875,265.1100769042969,1.0,192.95001220703125,283.2579345703125,0.9946359992027283,251.41529846191406,273.6501159667969,0.5805561542510986
1596,213.3005828857422,218.85084533691406,1.0,228.3157958984375,244.109375,1.0,183.90679931640625,240.47457885742188,1.0,167.64015197753906,243.1468505859375,1.0,228.2635955810547,231.43905639648438,1.0,234.43255615234375,232.95619201660156,0.9999411106109619,235.5313262939453,265.1138610839844,1.0,193.28884887695312,282.9113464355469,0.9940365552902222,252.1913604736328,273.2890319824219,0.19631457328796387
1597,213.34344482421875,218.74269104003906,1.0,228.67820739746094,244.22738647460938,1.0,183.80853271484375,240.4881134033203,1.0,167.23240661621094,242.90667724609375,1.0,228.38339233398438,231.2650604248047,1.0,234.63027954101562,232.8240203857422,0.999941349029541,235.84225463867188,265.1248779296875,1.0,193.75738525390625,283.0081481933594,0.9922829270362854,252.35374450683594,273.30670166015625,0.18636319041252136
1598,213.2705841064453,218.8410186767578,1.0,228.73472595214844,244.09361267089844,1.0,183.87403869628906,240.18087768554688,1.0,166.9755401611328,242.69277954101562,1.0,228.333251953125,231.23040771484375,1.0,234.6368865966797,232.997314453125,0.999950647354126,236.201171875,265.08673095703125,1.0,192.71754455566406,283.4692077636719,0.9882310032844543,252.4274139404297,273.2217102050781,0.14205852150917053
1599,212.3603515625,218.3079071044922,1.0,228.71389770507812,244.20126342773438,1.0,184.0556640625,240.15684509277344,1.0,167.04576110839844,242.60939025878906,1.0,228.3861083984375,231.29248046875,1.0,234.5704345703125,232.93373107910156,0.9999523162841797,236.10565185546875,265.09881591796875,1.0,192.90985107421875,283.3202209472656,0.989823043346405,252.26068115234375,273.12384033203125,0.18103592097759247
1600,212.35264587402344,217.93777465820312,1.0,228.765625,244.0984649658203,1.0,184.0276641845703,239.9892578125,1.0,166.99221801757812,242.7920684814453,1.0,228.42588806152344,231.10769653320312,1.0,234.61602783203125,232.3717803955078,0.9999023675918579,236.24844360351562,265.002685546875,1.0,192.9900665283203,283.4573974609375,0.987414538860321,252.8050994873047,272.8871765136719,0.14300371706485748
1601,212.31544494628906,217.74900817871094,1.0,228.79823303222656,243.83700561523438,1.0,184.17030334472656,239.886474609375,1.0,167.26821899414062,242.7376251220703,1.0,228.09828186035156,232.06967163085938,1.0,234.74282836914062,232.2828369140625,0.9998699426651001,236.19461059570312,264.8058166503906,1.0,194.2733917236328,283.1834716796875,0.9882042407989502,252.9442138671875,273.0143737792969,0.17117175459861755
1602,212.2323455810547,218.01553344726562,1.0,228.689697265625,243.85626220703125,1.0,184.13949584960938,239.96778869628906,1.0,167.61956787109375,242.87887573242188,1.0,228.3171844482422,231.17242431640625,1.0,234.69223022460938,232.55564880371094,0.9998877048492432,236.075927734375,264.5640563964844,1.0,193.30978393554688,283.49163818359375,0.9861695766448975,252.9624786376953,273.70819091796875,0.21724511682987213
1603,214.1797332763672,218.32611083984375,1.0,229.60238647460938,244.39230346679688,1.0,185.2857208251953,240.43882751464844,1.0,169.78919982910156,242.88954162597656,1.0,228.47117614746094,232.3209686279297,1.0,234.87094116210938,232.7144775390625,0.999813973903656,236.80453491210938,265.32257080078125,1.0,194.1216583251953,282.8238525390625,0.9973927736282349,253.74310302734375,273.5153503417969,0.24504105746746063
1604,214.68826293945312,217.92567443847656,1.0,231.3598175048828,244.04444885253906,1.0,185.6092987060547,240.4663543701172,1.0,170.1353302001953,243.21746826171875,1.0,229.57252502441406,231.7600555419922,1.0,235.72877502441406,232.4073028564453,0.998904824256897,239.1422119140625,265.11248779296875,1.0,194.8438262939453,282.4215087890625,0.9994106292724609,254.80929565429688,274.0296325683594,0.0690002590417862
1605,216.71607971191406,218.25018310546875,1.0,232.4191131591797,244.26406860351562,1.0,185.94265747070312,240.75772094726562,1.0,170.6277313232422,243.47915649414062,1.0,230.0154266357422,231.64613342285156,1.0,236.0423126220703,232.49449157714844,0.9993564486503601,239.9012451171875,265.8498229980469,1.0,195.42059326171875,281.9085388183594,0.9998540878295898,254.98728942871094,274.76751708984375,0.18757681548595428
1606,216.90878295898438,218.28065490722656,1.0,232.83914184570312,244.30101013183594,1.0,186.37689208984375,240.6858673095703,1.0,170.92874145507812,243.32406616210938,1.0,230.24574279785156,231.98150634765625,1.0,236.5298309326172,232.9581298828125,0.9983463287353516,240.14830017089844,265.719970703125,1.0,195.96531677246094,282.0673828125,0.9996141195297241,255.91030883789062,274.6466064453125,0.15836650133132935
1607,216.7040557861328,217.8188018798828,0.9999998807907104,233.19264221191406,244.8953857421875,1.0,186.7034454345703,240.79022216796875,1.0,171.5037384033203,243.3347930908203,1.0,230.55816650390625,232.11656188964844,1.0,236.64077758789062,232.99896240234375,0.9978000521659851,240.52720642089844,266.3220520019531,1.0,196.35105895996094,281.7063903808594,0.999277651309967,255.7034149169922,274.80950927734375,0.2110409140586853
1608,218.08355712890625,219.2810821533203,0.9999998807907104,233.82801818847656,245.8694610595703,1.0,187.66708374023438,241.22811889648438,1.0,172.74176025390625,243.16616821289062,1.0,230.64306640625,231.97300720214844,1.0,236.9783477783203,232.10548400878906,0.9961737990379333,241.18466186523438,266.7821044921875,1.0,196.12437438964844,281.4330139160156,0.9992319345474243,256.25701904296875,275.13177490234375,0.08022908121347427
1609,219.0184783935547,219.25660705566406,0.9999998807907104,234.4556427001953,245.6772918701172,1.0,188.11729431152344,240.8134307861328,1.0,172.53720092773438,243.20884704589844,1.0,231.22642517089844,232.25025939941406,1.0,237.6092987060547,232.59658813476562,0.9860104322433472,242.2508087158203,266.9661560058594,1.0,197.5340118408203,281.3605041503906,0.9985291957855225,257.4219055175781,274.54736328125,0.026579583063721657
1610,217.6015167236328,218.41578674316406,0.9999998807907104,234.55934143066406,245.96681213378906,1.0,188.41748046875,240.47796630859375,1.0,173.0559844970703,242.80581665039062,1.0,231.31370544433594,232.31100463867188,0.9999998807907104,237.73326110839844,232.7686767578125,0.9456369280815125,242.33975219726562,267.3478088378906,1.0,198.2350616455078,281.0106201171875,0.9982126951217651,257.5259094238281,274.4653015136719,0.0377410426735878
1611,217.87815856933594,218.4736328125,0.9999998807907104,234.7624053955078,246.12600708007812,1.0,188.06048583984375,239.7106475830078,1.0,171.74362182617188,242.35946655273438,1.0,231.44253540039062,232.32643127441406,1.0,237.89279174804688,232.96653747558594,0.9674192070960999,242.6012725830078,267.2585754394531,1.0,198.35569763183594,280.8913879394531,0.9968658089637756,257.6925964355469,274.54974365234375,0.03083254210650921
1612,217.81015014648438,218.090087890625,0.9999998807907104,235.20855712890625,245.87985229492188,1.0,188.87237548828125,239.24072265625,1.0,172.0963134765625,241.92886352539062,1.0,231.84664916992188,231.99728393554688,0.9999997615814209,238.3533935546875,232.41004943847656,0.9641920924186707,243.40951538085938,266.9259948730469,1.0,199.26502990722656,281.2225341796875,0.9961561560630798,258.2272644042969,274.5450439453125,0.025319134816527367
1613,218.03089904785156,217.5299072265625,0.9999998807907104,235.21859741210938,245.37290954589844,1.0,188.49456787109375,239.1142120361328,1.0,172.02325439453125,241.99855041503906,1.0,231.87600708007812,231.71397399902344,0.9999996423721313,237.90504455566406,231.53465270996094,0.8333929777145386,243.5391387939453,266.55218505859375,1.0,199.20065307617188,280.72027587890625,0.9988468885421753,258.3904724121094,274.3793029785156,0.02466483600437641
1614,217.82061767578125,217.11398315429688,0.9999998807907104,235.18226623535156,245.05258178710938,1.0,188.35462951660156,238.85885620117188,1.0,171.92237854003906,241.70350646972656,1.0,232.0386199951172,231.62599182128906,0.9999995231628418,238.0178680419922,231.47378540039062,0.7309278845787048,243.68130493164062,266.51104736328125,1.0,199.23851013183594,280.8616027832031,0.9970858693122864,257.94854736328125,273.1485595703125,0.011652955785393715
1615,217.51913452148438,217.05641174316406,0.9999998807907104,235.1250762939453,244.54632568359375,1.0,187.49044799804688,238.72508239746094,1.0,171.81666564941406,242.01966857910156,1.0,231.9679412841797,231.3063201904297,0.9999996423721313,238.1204833984375,231.27032470703125,0.8109928369522095,243.62710571289062,266.1429443359375,1.0,199.226806640625,281.4425354003906,0.9806798696517944,257.8512878417969,272.79400634765625,0.008594963699579239
1616,216.8918914794922,216.61367797851562,1.0,235.00755310058594,243.51950073242188,1.0,186.86138916015625,239.10829162597656,1.0,170.3673095703125,241.8904571533203,1.0,231.92498779296875,230.5655059814453,0.9999998807907104,238.62730407714844,231.42303466796875,0.9695485830307007,243.68748474121094,265.580322265625,1.0,199.25079345703125,281.6869201660156,0.9590126276016235,258.45233154296875,272.251220703125,0.013258114457130432
1617,216.55487060546875,216.38038635253906,1.0,234.4268798828125,242.9727325439453,1.0,186.4700164794922,238.86788940429688,1.0,170.13999938964844,241.96466064453125,1.0,231.45277404785156,229.90476989746094,1.0,238.05519104003906,230.88421630859375,0.9968380928039551,243.4646453857422,265.1780700683594,1.0,199.12351989746094,281.7959899902344,0.9763901233673096,258.3486328125,271.8807373046875,0.014581892639398575
1618,215.64749145507812,216.5788116455078,1.0,234.33753967285156,242.70301818847656,1.0,186.20347595214844,238.79330444335938,1.0,169.80361938476562,241.69442749023438,1.0,231.14141845703125,229.77676391601562,1.0,237.62179565429688,231.02894592285156,0.9970692992210388,243.26296997070312,264.5280456542969,1.0,198.87742614746094,281.1171569824219,0.8198683857917786,258.0093688964844,271.7166442871094,0.01752898469567299
1619,215.46766662597656,216.35487365722656,1.0,233.41737365722656,242.682373046875,1.0,185.83578491210938,238.47659301757812,1.0,169.4286651611328,241.4085693359375,1.0,230.44451904296875,230.2166290283203,1.0,236.86993408203125,231.29393005371094,0.9975415468215942,241.3719024658203,264.06268310546875,1.0,198.00181579589844,281.2301330566406,0.9494646191596985,255.83572387695312,271.8926696777344,0.05256827548146248
1620,214.47315979003906,215.94049072265625,1.0,232.94406127929688,241.32632446289062,1.0,185.3247528076172,238.1674041748047,1.0,169.58407592773438,241.2326202392578,1.0,229.85403442382812,229.5803985595703,1.0,236.7008514404297,230.09652709960938,0.9934172630310059,241.15293884277344,263.59991455078125,1.0,197.64723205566406,281.8190002441406,0.9805841445922852,256.55194091796875,271.4010925292969,0.07726551592350006
1621,214.22427368164062,215.58245849609375,1.0,232.01708984375,241.76051330566406,1.0,185.00445556640625,237.8173065185547,1.0,168.82958984375,240.890625,1.0,229.76107788085938,229.35470581054688,1.0,236.6287841796875,229.90184020996094,0.9942436814308167,240.84353637695312,263.4156188964844,1.0,197.1754608154297,281.492919921875,0.9821585416793823,256.0265808105469,271.26361083984375,0.06251125782728195
1622,214.13650512695312,216.4219970703125,1.0,232.38584899902344,241.2526397705078,1.0,185.20262145996094,237.95303344726562,1.0,169.13418579101562,241.02096557617188,1.0,229.4115753173828,229.34364318847656,1.0,236.16717529296875,230.0080108642578,0.9991963505744934,240.59439086914062,263.5638427734375,1.0,197.03457641601562,281.58551025390625,0.9936961531639099,255.43096923828125,271.635009765625,0.14628532528877258
1623,214.00173950195312,215.95004272460938,1.0,231.83335876464844,241.70738220214844,1.0,185.17787170410156,237.86183166503906,1.0,169.27598571777344,240.74942016601562,1.0,229.55133056640625,229.2733154296875,1.0,236.2929229736328,229.8368377685547,0.9976953864097595,240.3351287841797,263.2889404296875,1.0,197.19741821289062,282.76800537109375,0.9966995120048523,255.48025512695312,271.5322570800781,0.10362092405557632
1624,214.02606201171875,215.92453002929688,1.0,231.6974639892578,241.95115661621094,1.0,185.10476684570312,237.75108337402344,1.0,169.2860870361328,240.61721801757812,1.0,229.60678100585938,229.52511596679688,1.0,236.30801391601562,230.2726593017578,0.9968485236167908,239.9707794189453,263.2777099609375,1.0,196.29818725585938,281.5649719238281,0.9990719556808472,254.88095092773438,272.90423583984375,0.14874428510665894
1625,213.9171142578125,215.5885467529297,1.0,231.821044921875,241.79994201660156,1.0,185.39169311523438,237.6858673095703,1.0,169.54249572753906,240.53282165527344,1.0,229.72415161132812,229.4637451171875,1.0,236.4518280029297,229.98216247558594,0.9840418100357056,239.99423217773438,262.8778076171875,1.0,196.19924926757812,281.5552062988281,0.9976293444633484,254.96722412109375,272.8521423339844,0.1448976695537567
1626,214.13247680664062,215.17503356933594,1.0,232.4013214111328,240.00245666503906,1.0,186.08377075195312,236.17076110839844,1.0,170.34036254882812,238.6898956298828,1.0,230.15582275390625,228.56170654296875,0.9999998807907104,236.8472900390625,229.0396728515625,0.9585050344467163,240.59596252441406,261.2322692871094,1.0,197.6898193359375,281.17327880859375,0.99962317943573,255.7146453857422,272.5758972167969,0.03839503228664398
1627,214.2247314453125,213.49046325683594,1.0,232.2149658203125,237.9177703857422,1.0,186.73922729492188,234.57510375976562,1.0,171.00900268554688,238.03831481933594,1.0,229.94473266601562,227.0098419189453,0.9999994039535522,236.8314666748047,227.1885986328125,0.909413754940033,241.34425354003906,259.1558532714844,1.0,199.1815643310547,279.6829528808594,0.9999818801879883,256.15228271484375,270.2192077636719,0.016151130199432373
1628,213.32594299316406,211.7541961669922,1.0,232.93295288085938,236.1668243408203,1.0,186.99563598632812,233.79571533203125,1.0,171.14891052246094,237.733642578125,1.0,230.69882202148438,225.5443878173828,0.9992213249206543,237.62815856933594,226.2941131591797,0.07723212242126465,241.66952514648438,257.18658447265625,1.0,199.86705017089844,280.1805725097656,0.9999947547912598,256.2289733886719,271.8061828613281,0.010854313150048256
1629,213.21026611328125,211.091064453125,1.0,233.1089630126953,235.27027893066406,1.0,186.48121643066406,233.63162231445312,1.0,170.83493041992188,237.39938354492188,1.0,230.54518127441406,224.70675659179688,0.9869661331176758,237.35910034179688,226.10989379882812,0.020698755979537964,242.37326049804688,256.07513427734375,1.0,200.70211791992188,280.3230285644531,0.9999923706054688,255.5962677001953,271.4164733886719,0.02030525729060173
1630,210.54010009765625,209.9290313720703,1.0,231.80816650390625,233.30799865722656,1.0,185.91043090820312,232.31504821777344,1.0,169.89796447753906,236.80577087402344,1.0,229.27496337890625,221.52044677734375,0.8507444262504578,234.6337890625,219.46463012695312,0.021857047453522682,242.33457946777344,255.01614379882812,1.0,200.76385498046875,279.71337890625,0.9999980926513672,255.3876953125,271.1506042480469,0.007658406160771847
1631,209.33323669433594,205.3748321533203,1.0,229.63507080078125,229.26898193359375,1.0,184.48204040527344,229.72532653808594,1.0,168.72569274902344,233.8977508544922,1.0,231.1884002685547,218.15048217773438,0.0007075172034092247,168.74237060546875,241.24383544921875,0.0029026649426668882,240.7664337158203,250.54937744140625,1.0,200.42738342285156,277.42608642578125,0.9999998807907104,252.10752868652344,265.8330993652344,0.28044936060905457
1632,208.0991973876953,204.06394958496094,1.0,227.95193481445312,227.22244262695312,1.0,182.53366088867188,228.1357879638672,1.0,166.9008026123047,232.9762725830078,1.0,235.134033203125,222.7270965576172,0.00024571572430431843,169.20608520507812,240.54104614257812,0.002426982158794999,239.19882202148438,245.9075469970703,1.0,200.5904083251953,274.5602111816406,1.0,250.99143981933594,263.89178466796875,0.9979885816574097
1633,206.53912353515625,203.08963012695312,1.0,226.44627380371094,225.18040466308594,1.0,181.80990600585938,226.7969512939453,1.0,166.46810913085938,232.1691436767578,1.0,235.04901123046875,222.18768310546875,0.00025178719079121947,168.9717254638672,239.98878479003906,0.0014515089569613338,238.6519775390625,243.63314819335938,1.0,200.04129028320312,273.7249755859375,1.0,252.33697509765625,261.29632568359375,0.9532891511917114
1634,204.78904724121094,202.3576202392578,1.0,225.94119262695312,224.3306884765625,1.0,181.35699462890625,226.40879821777344,1.0,166.19290161132812,231.6258087158203,1.0,234.85714721679688,221.921875,0.00017591506184544414,169.00497436523438,239.80096435546875,0.0011376679176464677,238.0332794189453,242.15623474121094,1.0,199.93096923828125,272.4023132324219,1.0,252.52171325683594,259.961669921875,0.9746209383010864
1635,203.07408142089844,201.1823272705078,1.0,226.44862365722656,222.11834716796875,1.0,181.08981323242188,225.97744750976562,1.0,166.05978393554688,231.66513061523438,1.0,235.1195068359375,221.90003967285156,0.00018258010095451027,168.82308959960938,239.7876739501953,0.0013312053633853793,238.01512145996094,241.25381469726562,1.0,200.2730712890625,272.1507873535156,0.9999998807907104,252.4053497314453,259.3658447265625,0.9588451385498047
1636,203.1856689453125,200.9847869873047,1.0,226.51829528808594,221.74378967285156,1.0,181.14625549316406,225.76596069335938,1.0,166.11318969726562,231.29330444335938,1.0,229.93301391601562,206.98448181152344,0.00017925615247804672,168.0297393798828,237.4736785888672,0.0010184518760070205,237.94554138183594,240.6807403564453,1.0,201.2131805419922,271.3172302246094,0.9999998807907104,251.9825439453125,259.2024230957031,0.9581342339515686
1637,202.89080810546875,200.9712371826172,1.0,225.2755126953125,223.2030487060547,1.0,181.09259033203125,225.7291259765625,1.0,166.03639221191406,231.08609008789062,1.0,229.7101287841797,207.41018676757812,0.00018057211127597839,168.03404235839844,237.39170837402344,0.0009120304603129625,238.06179809570312,240.6291046142578,1.0,201.1993865966797,271.162353515625,0.9999998807907104,252.05697631835938,259.1350402832031,0.9645793437957764
1638,207.77137756347656,204.9852752685547,1.0,228.24754333496094,228.36170959472656,1.0,184.42237854003906,230.29173278808594,1.0,169.81918334960938,234.4284210205078,1.0,230.65196228027344,223.5153350830078,0.000590388779528439,167.88253784179688,240.8711700439453,0.0016719828126952052,239.1670379638672,247.04718017578125,1.0,201.53033447265625,273.1404113769531,1.0,251.50784301757812,262.931640625,0.5723029971122742
1639,212.8814239501953,211.0474090576172,1.0,232.5804901123047,237.39439392089844,1.0,187.85281372070312,236.98072814941406,1.0,171.66542053222656,240.14511108398438,1.0,233.46609497070312,226.0657501220703,0.0014590778155252337,166.005859375,243.96241760253906,0.0009041594457812607,243.1383819580078,260.3910217285156,1.0,203.17437744140625,281.42303466796875,0.9999831914901733,257.64508056640625,269.5904846191406,0.007093546446412802
1640,213.58775329589844,214.25704956054688,1.0,233.54090881347656,240.62396240234375,1.0,188.01785278320312,239.29615783691406,1.0,172.37393188476562,241.4453125,1.0,231.06275939941406,228.1078643798828,0.9628651142120361,237.46156311035156,229.3960723876953,0.004912094678729773,243.92674255371094,262.38055419921875,1.0,202.60543823242188,281.6225891113281,0.9999574422836304,258.74761962890625,272.60272216796875,0.04242311790585518
1641,214.63467407226562,215.09213256835938,1.0,233.76759338378906,241.39784240722656,1.0,188.04690551757812,239.83135986328125,1.0,172.26296997070312,242.22714233398438,1.0,231.83807373046875,229.58839416503906,0.9989707469940186,237.66250610351562,229.79078674316406,0.02466932311654091,244.041748046875,264.20916748046875,1.0,202.37025451660156,281.2522277832031,0.999976634979248,258.4745178222656,272.1260070800781,0.01658821478486061
1642,214.77279663085938,214.51492309570312,1.0,233.80450439453125,241.77288818359375,1.0,187.945068359375,239.8179473876953,1.0,172.13084411621094,241.93038940429688,1.0,230.73387145996094,228.80551147460938,0.9984563589096069,237.73519897460938,229.46286010742188,0.02071482501924038,243.99298095703125,263.5892028808594,1.0,202.12533569335938,281.46197509765625,0.9999911785125732,258.9443359375,271.9459228515625,0.006186132784932852
1643,215.4146728515625,215.204833984375,1.0,233.6953125,241.70436096191406,1.0,188.52191162109375,239.96194458007812,1.0,172.12229919433594,242.07766723632812,1.0,231.03573608398438,229.59942626953125,0.9977549910545349,237.72654724121094,229.81214904785156,0.01870654709637165,243.51976013183594,263.93853759765625,1.0,201.8438720703125,281.2808532714844,0.9999713897705078,258.04461669921875,272.2984924316406,0.019300412386655807
1644,215.3442840576172,215.42935180664062,1.0,233.94134521484375,242.35568237304688,1.0,188.7893524169922,239.89181518554688,1.0,172.62576293945312,241.85150146484375,1.0,232.10887145996094,230.0451202392578,0.9998480081558228,237.89154052734375,230.17214965820312,0.04316845163702965,243.51364135742188,263.6740417480469,1.0,201.65618896484375,281.3847351074219,0.9999808073043823,258.19708251953125,273.40576171875,0.012806677259504795
1645,215.27362060546875,215.2567138671875,1.0,233.87020874023438,241.8810272216797,1.0,188.97042846679688,240.01951599121094,1.0,172.75112915039062,241.87948608398438,1.0,232.37022399902344,230.16636657714844,0.9993264675140381,237.95191955566406,230.26809692382812,0.021808112040162086,243.61830139160156,263.771484375,1.0,202.06329345703125,281.42449951171875,0.9999709129333496,258.4950866699219,273.3772277832031,0.01053905114531517
1646,215.41110229492188,215.56854248046875,1.0,233.87603759765625,242.0177459716797,1.0,189.10464477539062,240.2503204345703,1.0,172.8533172607422,242.03041076660156,1.0,232.28765869140625,230.2560577392578,0.9994875192642212,237.86354064941406,230.260498046875,0.01883845217525959,243.53802490234375,263.7156066894531,1.0,201.93260192871094,281.754150390625,0.9999291896820068,258.4354553222656,273.5842590332031,0.009200645610690117
1647,215.85211181640625,215.580078125,1.0,233.89639282226562,241.83792114257812,1.0,189.1082763671875,239.9832305908203,1.0,172.81570434570312,241.9900665283203,1.0,232.23104858398438,230.25225830078125,0.9997145533561707,237.89044189453125,230.37062072753906,0.03647380322217941,243.7885284423828,263.528564453125,1.0,202.07644653320312,281.7929992675781,0.9999512434005737,258.83062744140625,273.6808166503906,0.009893098846077919
1648,215.9496307373047,215.73617553710938,1.0,233.87091064453125,242.49888610839844,1.0,189.385986328125,240.2833709716797,1.0,172.97242736816406,242.18795776367188,1.0,232.16354370117188,230.42247009277344,0.9997718930244446,237.8176727294922,230.4526824951172,0.040570348501205444,244.0107421875,264.4408264160156,1.0,202.0062713623047,281.9515075683594,0.9999687671661377,259.0942687988281,273.8034362792969,0.006096403114497662
1649,217.73837280273438,215.28622436523438,1.0,234.66224670410156,242.8359375,1.0,191.81918334960938,241.4487762451172,1.0,177.0221405029297,243.02374267578125,1.0,233.05563354492188,230.4088134765625,0.03990406170487404,188.72726440429688,246.87136840820312,0.0005777785554528236,244.9882049560547,265.3870544433594,1.0,202.87124633789062,281.3203430175781,0.9999991655349731,260.3851013183594,274.4834289550781,0.008039025589823723
1650,223.11795043945312,216.669677734375,0.9999998807907104,239.29937744140625,244.9279022216797,1.0,201.9427490234375,245.76519775390625,0.020960234105587006,187.4017791748047,247.3310546875,0.9999996423721313,245.59152221679688,228.08750915527344,0.00010934162855846807,203.27740478515625,280.7377014160156,0.00011726726370397955,250.35311889648438,267.384033203125,1.0,206.89480590820312,281.162353515625,0.9999691247940063,264.8871765136719,275.51812744140625,0.013616973534226418
1651,227.3424835205078,220.28677368164062,1.0,246.5501708984375,248.64280700683594,1.0,207.10870361328125,245.99853515625,1.0,191.72930908203125,247.95550537109375,1.0,247.62005615234375,240.0987091064453,0.0006635762401856482,205.0986785888672,256.57806396484375,0.00107801693957299,258.2769775390625,270.384033203125,1.0,216.4285888671875,281.82928466796875,0.9866034984588623,271.1180419921875,275.4806823730469,0.0004880422493442893
1652,230.04635620117188,222.15061950683594,1.0,249.45272827148438,250.3322296142578,1.0,209.84634399414062,246.57489013671875,1.0,194.2885284423828,247.98158264160156,1.0,249.98788452148438,241.0440673828125,0.0011108122998848557,204.5758819580078,256.64288330078125,0.0003872715460602194,260.7935485839844,271.95404052734375,1.0,219.83924865722656,282.14056396484375,0.06708437949419022,273.8441467285156,275.316650390625,0.0005366680561564863
1653,231.0039520263672,222.70542907714844,1.0,251.00338745117188,250.65919494628906,1.0,211.20181274414062,246.38307189941406,1.0,195.95437622070312,247.9463348388672,1.0,254.15196228027344,240.72169494628906,0.0006426325417123735,264.99615478515625,226.77532958984375,0.0002582569431979209,262.7713317871094,272.7946472167969,1.0,221.81448364257812,283.5914306640625,0.0024155741557478905,274.6103820800781,275.40826416015625,0.0003874353424180299
1654,231.98721313476562,222.84646606445312,1.0,251.4760284423828,250.90956115722656,1.0,210.69139099121094,245.2257080078125,1.0,196.2456512451172,247.66188049316406,1.0,250.85610961914062,241.296630859375,0.000562063476536423,265.7312927246094,226.73155212402344,0.0003441626322455704,263.2137451171875,272.70977783203125,1.0,228.6783447265625,288.4191589355469,0.0012514216359704733,274.5458984375,275.0301818847656,0.0003408856282476336
1655,231.79396057128906,223.15895080566406,1.0,251.68971252441406,250.979736328125,1.0,210.88916015625,245.3199462890625,1.0,196.55128479003906,247.58755493164062,1.0,250.93606567382812,241.37332153320312,0.0006483367760665715,265.4754333496094,226.6233673095703,0.0002949675254058093,263.42626953125,272.7604064941406,1.0,222.98231506347656,287.0773620605469,0.001702643116004765,274.59661865234375,275.21160888671875,0.00034653101465664804
1656,231.8512420654297,223.372802734375,1.0,251.5937042236328,250.40579223632812,1.0,212.20260620117188,246.0443878173828,1.0,197.3824462890625,247.6597442626953,1.0,250.84593200683594,241.10972595214844,0.0005297281313687563,262.2846984863281,236.5516357421875,0.00034608773421496153,263.556884765625,272.3569030761719,1.0,228.77772521972656,288.4812927246094,0.002030668081715703,274.9914245605469,274.8600769042969,0.00036881494452245533
1657,232.02308654785156,222.99661254882812,1.0,251.94439697265625,250.5607452392578,1.0,211.7630615234375,244.33155822753906,1.0,197.48191833496094,247.06301879882812,1.0,250.91595458984375,241.07070922851562,0.0005852824542671442,262.3650207519531,236.26812744140625,0.0004314134712330997,263.8774719238281,272.8619689941406,1.0,228.8924102783203,288.2825622558594,0.0018061547307297587,274.83563232421875,275.1649169921875,0.00033084748429246247
1658,231.92196655273438,223.0150909423828,1.0,252.23794555664062,250.4298553466797,1.0,211.93515014648438,243.45315551757812,1.0,197.77890014648438,246.40501403808594,1.0,254.9410858154297,237.3550262451172,0.0003794889198616147,262.50372314453125,236.40328979492188,0.00036954713868908584,264.55364990234375,272.8440856933594,0.9999998807907104,229.43878173828125,288.723388671875,0.0011438581859692931,275.0025634765625,275.0951843261719,0.000298041122732684
1659,231.69793701171875,222.8274688720703,1.0,252.44842529296875,250.064208984375,1.0,212.0005340576172,242.9810333251953,1.0,197.90792846679688,246.53732299804688,1.0,254.97592163085938,240.24615478515625,0.0003969725512433797,203.02969360351562,256.515625,0.0003524320782162249,264.6632995605469,272.69281005859375,0.9999998807907104,229.55279541015625,288.4787902832031,0.0012999981408938766,274.9282531738281,274.8531799316406,0.0003036410780623555
1660,231.69593811035156,222.83108520507812,1.0,252.62635803222656,250.34689331054688,1.0,211.9298095703125,242.8455810546875,1.0,197.5768585205078,246.55616760253906,1.0,255.27813720703125,240.4266815185547,0.0003890134103130549,262.1347351074219,236.1034393310547,0.0003319384122733027,264.667724609375,272.17840576171875,0.9999998807907104,229.58615112304688,288.4812316894531,0.000969132233876735,274.65447998046875,274.9972229003906,0.0003230848233215511
1661,231.7925262451172,222.83200073242188,1.0,252.778076171875,250.2781524658203,1.0,212.04412841796875,242.97853088378906,1.0,197.71876525878906,246.61485290527344,1.0,255.33245849609375,240.33123779296875,0.0005074756918475032,262.1014709472656,236.2321014404297,0.0003804336010944098,264.8612976074219,272.13323974609375,0.9999998807907104,229.29531860351562,288.46771240234375,0.0011063020210713148,274.7909240722656,274.9512023925781,0.0003457233833614737
1662,232.37892150878906,223.18533325195312,1.0,252.79600524902344,250.3170166015625,1.0,212.0714111328125,244.69363403320312,1.0,198.10855102539062,247.48838806152344,1.0,255.31082153320312,240.30381774902344,0.0007450648699887097,203.103271484375,256.18902587890625,0.0002845949784386903,265.1404113769531,272.0360107421875,0.9999998807907104,229.29782104492188,288.35223388671875,0.0014224560000002384,275.2911376953125,274.92730712890625,0.00029867232660762966
1663,232.27911376953125,222.95382690429688,1.0,252.9090118408203,250.23779296875,1.0,212.33554077148438,245.4188232421875,1.0,198.77392578125,247.64456176757812,1.0,255.20523071289062,240.07713317871094,0.0009213976445607841,262.51641845703125,236.17996215820312,0.00030938221607357264,265.43414306640625,271.9913024902344,0.9999998807907104,229.40870666503906,288.178466796875,0.0022955210879445076,275.6125183105469,274.9339294433594,0.00029006018303334713
1664,232.46705627441406,223.46815490722656,1.0,253.0309600830078,250.57208251953125,1.0,212.8406524658203,245.793212890625,1.0,198.6115264892578,247.6082763671875,1.0,255.46151733398438,240.32994079589844,0.000813735299743712,262.7061767578125,236.4486846923828,0.0003289814048912376,265.5542907714844,272.25543212890625,0.9999998807907104,229.5030517578125,288.2107238769531,0.0021766938734799623,275.6564636230469,275.18072509765625,0.00025619540247134864
1665,232.4130859375,223.4008026123047,1.0,252.9128875732422,250.69979858398438,1.0,212.98007202148438,246.07041931152344,1.0,198.6807098388672,247.92750549316406,1.0,255.29595947265625,240.35841369628906,0.0012308881850913167,260.8089294433594,241.67955017089844,0.0003417337720748037,265.3750915527344,272.3290710449219,0.9999998807907104,229.48587036132812,288.1066589355469,0.0023319264873862267,275.5111389160156,275.12811279296875,0.0002628343063406646
1666,232.62741088867188,223.4012908935547,1.0,253.06161499023438,250.7499237060547,1.0,213.08740234375,245.94004821777344,1.0,198.7440643310547,247.87928771972656,1.0,255.5626220703125,240.41342163085938,0.0008252676925621927,263.51690673828125,230.03733825683594,0.0003307850274723023,265.58575439453125,272.5060119628906,0.9999998807907104,229.72264099121094,288.353271484375,0.002033732831478119,275.56103515625,275.3704833984375,0.00028098304755985737
1667,232.66751098632812,223.2823486328125,1.0,253.09202575683594,250.82725524902344,1.0,212.97988891601562,246.00079345703125,1.0,198.62355041503906,247.9769287109375,1.0,255.54005432128906,240.44363403320312,0.0009224736713804305,279.58673095703125,224.64303588867188,0.0004302934685256332,265.6728820800781,272.6951599121094,0.9999998807907104,230.2228240966797,288.6350402832031,0.0012840568087995052,275.5605773925781,275.4448547363281,0.0002822839596774429
1668,233.9140167236328,223.32693481445312,1.0,253.7233123779297,251.2730712890625,1.0,213.31800842285156,245.9597930908203,1.0,199.43980407714844,247.8651885986328,1.0,256.14678955078125,240.75064086914062,0.0006578263710252941,265.020751953125,230.65756225585938,0.000250376935582608,266.5340270996094,273.57025146484375,0.9999998807907104,231.0736083984375,288.760498046875,0.0006733303889632225,203.79432678222656,236.7364044189453,0.00019215822976548225
1669,235.65640258789062,225.0623321533203,1.0,254.76190185546875,252.60780334472656,1.0,216.77392578125,246.2367401123047,1.0,203.180908203125,248.44195556640625,1.0,259.0292053222656,241.23670959472656,0.0008708020905032754,279.3770446777344,224.37026977539062,0.0003707249998115003,267.6126708984375,274.7504577636719,0.9999998807907104,213.33432006835938,280.4178161621094,0.00015219721535686404,275.630859375,276.02777099609375,0.00027734102332033217
1670,236.68490600585938,225.30685424804688,1.0,258.1602478027344,253.2672882080078,1.0,219.2676544189453,246.2642364501953,1.0,205.80226135253906,248.341552734375,1.0,260.8482360839844,241.3363494873047,0.00045863783452659845,277.6121826171875,236.82894897460938,0.0007949674618430436,271.0176086425781,275.0628356933594,0.9999995231628418,205.9803466796875,262.6440734863281,0.00025968061527237296,281.7877502441406,222.24905395507812,0.00024455017410218716
1671,237.41481018066406,225.82192993164062,1.0,259.03289794921875,253.41525268554688,1.0,220.87396240234375,246.5597381591797,1.0,208.15660095214844,248.72817993164062,1.0,261.3043518066406,241.63926696777344,0.0006671145092695951,277.5836181640625,236.82086181640625,0.0008609170326963067,271.9161682128906,275.25115966796875,0.999998927116394,206.3935089111328,262.302978515625,0.000255864899372682,281.9478759765625,222.3846893310547,0.0003326740115880966
1672,239.662841796875,225.84637451171875,1.0,261.060791015625,252.46197509765625,1.0,225.84361267089844,248.04017639160156,1.0,213.11622619628906,249.84230041503906,1.0,263.17242431640625,241.64198303222656,0.0006423444137908518,277.8983154296875,236.72314453125,0.0005746856331825256,273.5984191894531,274.1457214355469,0.9999996423721313,208.01278686523438,262.21026611328125,0.0002866575086954981,295.3443298339844,239.3569793701172,0.00017046269204001874
1673,238.1615753173828,221.4756622314453,0.9999581575393677,258.72113037109375,243.88214111328125,0.9999823570251465,229.471435546875,237.2567138671875,0.9445483088493347,221.3131866455078,247.56907653808594,0.7432312369346619,270.08026123046875,259.5220947265625,3.010714499396272e-05,218.39434814453125,263.46771240234375,0.00019952318689320236,274.52801513671875,262.1544189453125,0.9999721050262451,217.02069091796875,254.13169860839844,0.030344955623149872,222.260986328125,241.78395080566406,0.0008384147076867521
1674,218.45083618164062,210.14480590820312,0.0007671078783459961,249.8539276123047,224.9769287109375,0.0008074539946392179,237.92169189453125,239.981689453125,8.241563591582235e-06,231.57569885253906,239.55319213867188,4.135163908358663e-05,2.8682141304016113,234.68043518066406,1.9166771380696446e-05,234.2979736328125,248.6062469482422,0.0002539301640354097,268.77099609375,237.4806365966797,0.27124372124671936,254.20599365234375,248.93008422851562,0.006645747926086187,236.0673828125,233.3926544189453,0.0002043420245172456
1675,204.5577850341797,205.58399963378906,0.0005377366906031966,247.58070373535156,223.61585998535156,0.004178476519882679,234.3622589111328,231.37490844726562,0.00107017089612782,211.68289184570312,213.81797790527344,0.00013995385961607099,236.61683654785156,234.9148406982422,7.336067938013002e-05,237.49859619140625,235.98141479492188,0.00016770085494499654,260.80487060546875,222.1385955810547,0.18738692998886108,235.72653198242188,232.6011505126953,0.045108944177627563,235.94837951660156,232.9998779296875,0.0003801626153290272
1676,194.01954650878906,196.27334594726562,0.011670800857245922,228.9315948486328,208.60919189453125,0.06167327240109444,233.0705108642578,232.33013916015625,0.00010910541459452361,191.08961486816406,204.96473693847656,0.0001518383069196716,238.6282958984375,234.60902404785156,5.7229382946388796e-05,253.1627197265625,245.00059509277344,0.00014979041588958353,244.42262268066406,210.8013153076172,0.2966320216655731,233.59521484375,232.39109802246094,0.09698057919740677,237.14784240722656,232.58370971679688,0.0007155494531616569
1677,187.3907470703125,198.00448608398438,0.283798485994339,221.25885009765625,204.45399475097656,0.0555083230137825,232.7303009033203,226.11158752441406,0.001160935964435339,175.58050537109375,205.5709228515625,0.0031907036900520325,240.7919158935547,232.7825469970703,0.0016819086158648133,254.54261779785156,234.96937561035156,0.0037596409674733877,229.9893341064453,202.94729614257812,0.46664348244667053,216.98248291015625,218.33822631835938,0.12254788726568222,216.79339599609375,236.3948211669922,0.0032043883111327887
1678,167.7174835205078,193.6792449951172,0.9959322810173035,157.63656616210938,220.11134338378906,0.006203372962772846,162.09481811523438,206.94114685058594,0.00014399133215192705,159.37384033203125,209.82310485839844,0.0017527311574667692,220.83261108398438,220.7410888671875,4.3496831494849175e-05,158.99258422851562,205.11741638183594,6.635631871176884e-05,217.16078186035156,193.38270568847656,0.0006547234370373189,209.262451171875,202.01844787597656,0.010058212094008923,154.52481079101562,188.3094940185547,0.00031646256684325635
1679,157.82586669921875,194.26710510253906,0.9953979849815369,168.373291015625,217.84259033203125,0.006677614059299231,149.72816467285156,208.8871307373047,0.0005804069223813713,152.1475372314453,209.00442504882812,0.0051155053079128265,183.66761779785156,209.6311492919922,5.6871453125495464e-05,164.8429412841797,207.88296508789062,6.332701741484925e-05,158.46742248535156,189.640869140625,0.0006959947641007602,156.68475341796875,197.54779052734375,0.0060182539746165276,138.65830993652344,189.32289123535156,0.0005266271764412522
1680,147.2706298828125,192.4300994873047,0.5198436975479126,170.76405334472656,192.47628784179688,0.00037401236477307975,146.00588989257812,205.5426788330078,0.000140618285513483,145.60365295410156,209.064208984375,0.0008097894606180489,1.7683775424957275,250.7598876953125,5.973915904178284e-06,142.1132354736328,204.34353637695312,4.352973701315932e-05,140.0846710205078,188.6307373046875,0.0005710810655727983,161.7859344482422,201.7310333251953,0.00030346165294758976,134.76290893554688,204.40968322753906,9.188263356918469e-05
1681,143.06265258789062,192.5982666015625,0.9814313650131226,168.5613250732422,201.86019897460938,0.0030405872967094183,139.0263214111328,209.94427490234375,0.0017074259230867028,140.15016174316406,208.25440979003906,0.010750791057944298,144.19078063964844,217.93844604492188,2.49389122473076e-05,143.0486602783203,217.50894165039062,0.00015457857807632536,140.5646514892578,189.7259521484375,0.003768899943679571,142.2569580078125,200.12255859375,0.0014372674049809575,122.35843658447266,189.51748657226562,0.00012608828546945006
1682,139.47349548339844,188.0798797607422,0.9881426692008972,155.11781311035156,189.54522705078125,0.02550620213150978,135.80972290039062,204.78160095214844,0.007890897803008556,137.55905151367188,207.47427368164062,0.008683719672262669,169.51913452148438,194.39593505859375,8.151217480190098e-05,142.44598388671875,216.57252502441406,0.0003826581814792007,188.60398864746094,174.3714141845703,0.15652728080749512,185.82009887695312,187.4534454345703,0.061203911900520325,184.30772399902344,200.18820190429688,0.00033164769411087036
1683,138.6729278564453,186.46630859375,0.9980789422988892,158.63905334472656,185.46780395507812,0.01515749841928482,136.30270385742188,207.39805603027344,0.01057685911655426,136.69468688964844,207.70120239257812,0.016719764098525047,170.68357849121094,200.8930206298828,0.00019568458083085716,143.0305633544922,216.1231689453125,0.00024892474175430834,189.46788024902344,173.9775390625,0.017044709995388985,186.24264526367188,188.13006591796875,0.06091657280921936,123.79460906982422,191.0102081298828,0.00013391301035881042
1684,136.8350067138672,188.2495880126953,0.9996882677078247,136.25538635253906,218.09632873535156,0.09598293900489807,133.79310607910156,206.32708740234375,0.0009571548434905708,135.0267791748047,205.3231201171875,0.004744098521769047,154.77703857421875,206.74180603027344,0.0019725451711565256,153.15708923339844,203.0960693359375,0.0007993208128027618,202.70166015625,170.5804443359375,0.8967837691307068,195.66371154785156,186.6990509033203,0.09452889114618301,205.75103759765625,199.54025268554688,0.0055624740198254585
1685,134.7955780029297,186.95074462890625,0.9999896287918091,135.84815979003906,218.26177978515625,0.45807868242263794,130.6349334716797,206.10301208496094,0.0013947171391919255,135.92575073242188,207.9287109375,0.013860753737390041,155.76251220703125,206.60374450683594,0.0018984093330800533,208.05801391601562,209.41773986816406,0.002035220619291067,189.84962463378906,173.40689086914062,0.9457436203956604,194.8567657470703,186.88023376464844,0.0742999017238617,205.95379638671875,198.99391174316406,0.005182366818189621
1686,133.90968322753906,186.52499389648438,0.9999853372573853,136.61065673828125,216.9442138671875,0.713211178779602,130.46328735351562,205.08224487304688,0.007870608940720558,135.7581024169922,207.14381408691406,0.06304516643285751,182.95770263671875,194.39039611816406,0.006694084033370018,208.526611328125,209.64181518554688,0.0021992737893015146,187.75820922851562,173.56605529785156,0.9738063216209412,194.9085693359375,186.0623321533203,0.19528649747371674,188.3810577392578,201.12815856933594,0.0021036311518400908
1687,131.63821411132812,185.2406463623047,0.9999973773956299,135.30593872070312,215.34619140625,0.6683939695358276,127.94860076904297,204.44509887695312,0.006438084878027439,127.55357360839844,206.47154235839844,0.04153401404619217,169.12930297851562,194.2367401123047,0.006212251726537943,189.6928253173828,214.416259765625,0.001081871916539967,187.54469299316406,171.87677001953125,0.9876591563224792,193.78074645996094,186.6636962890625,0.16902518272399902,188.17774963378906,206.9392547607422,0.0036618325393646955
1688,134.96292114257812,182.53253173828125,0.9999697208404541,175.33230590820312,174.6814727783203,0.3527628779411316,132.51446533203125,202.255615234375,0.08986947685480118,132.269287109375,203.5042266845703,0.4993037283420563,170.72354125976562,192.58799743652344,0.007596075534820557,189.8881072998047,212.8999481201172,0.00419634161517024,186.4228057861328,168.180908203125,0.9954313039779663,194.77975463867188,186.10140991210938,0.31781572103500366,183.69993591308594,214.0384521484375,0.007515893783420324
1689,133.88351440429688,182.98074340820312,0.9999185800552368,176.46385192871094,173.7801513671875,0.0270245224237442,137.63442993164062,199.4604949951172,0.04245931655168533,133.14332580566406,203.27133178710938,0.4788579046726227,168.8045196533203,191.90249633789062,0.001790915965102613,189.55010986328125,214.68270874023438,0.0008621476008556783,189.05470275878906,167.25758361816406,0.945068895816803,179.5048828125,185.78529357910156,0.31304600834846497,184.42958068847656,213.66290283203125,0.0008296369924210012
1690,135.5659942626953,182.6896209716797,0.9999122619628906,161.18692016601562,183.2258758544922,0.12580353021621704,137.42996215820312,200.13534545898438,0.13701577484607697,135.70579528808594,202.38453674316406,0.6897897720336914,169.74908447265625,191.99644470214844,0.0032355296425521374,195.23765563964844,209.1826934814453,0.00198499602265656,189.7171630859375,168.18222045898438,0.9731701612472534,193.61538696289062,185.3287811279297,0.6235455870628357,209.49362182617188,197.4015655517578,0.0007070174906402826
1691,138.95921325683594,183.60885620117188,0.9997318387031555,173.30075073242188,180.7443389892578,0.18881171941757202,144.744873046875,199.4958953857422,0.7372528910636902,137.6802215576172,203.62939453125,0.9929515719413757,170.4772186279297,194.2470703125,0.04437103867530823,177.8064422607422,210.99099731445312,0.0012223852099850774,202.52005004882812,168.0970001220703,0.9893310070037842,194.4898681640625,187.08119201660156,0.3988409638404846,223.94984436035156,196.02127075195312,0.0016028418904170394
1692,140.30674743652344,183.3692169189453,0.9997290968894958,172.6979217529297,182.539794921875,0.18283237516880035,146.18572998046875,201.99386596679688,0.9766741991043091,138.43304443359375,205.48495483398438,0.9996311664581299,175.06565856933594,196.77734375,0.033038537949323654,189.0328369140625,213.3119659423828,0.010781489312648773,205.4964141845703,170.92047119140625,0.9735414981842041,196.8020782470703,194.62086486816406,0.5940656661987305,209.45384216308594,198.4510955810547,0.0013369452208280563
1693,140.29550170898438,184.656982421875,0.9999512434005737,173.5406494140625,182.7693634033203,0.17462213337421417,144.64817810058594,204.00045776367188,0.9674893021583557,136.7517547607422,206.9916229248047,0.9989256262779236,174.76113891601562,199.85816955566406,0.08302679657936096,190.36927795410156,212.49635314941406,0.022195106372237206,204.00071716308594,170.45652770996094,0.9970300197601318,195.6512451171875,196.1871337890625,0.4683634042739868,209.88693237304688,199.98741149902344,0.002408877480775118
1694,140.00717163085938,185.07240295410156,0.9999642372131348,172.5778045654297,182.99343872070312,0.1459307074546814,144.75997924804688,205.01651000976562,0.9772595167160034,136.3447723388672,207.46885681152344,0.9990363121032715,174.3802490234375,201.8894500732422,0.7990100383758545,190.7647247314453,211.81259155273438,0.08533094078302383,206.9297637939453,171.89649963378906,0.9920392036437988,195.82125854492188,196.40951538085938,0.6377108693122864,210.21499633789062,200.71438598632812,0.001602036296389997
1695,142.12210083007812,184.44190979003906,0.99988853931427,173.4322509765625,182.69793701171875,0.14084570109844208,147.4132080078125,204.8355255126953,0.994685173034668,137.8338165283203,207.09783935546875,0.9997624754905701,175.0872039794922,202.5586395263672,0.6669698357582092,191.43865966796875,212.1707000732422,0.08192375302314758,206.6096649169922,172.2764434814453,0.9988231062889099,198.60044860839844,201.03179931640625,0.7496969699859619,223.31658935546875,213.48724365234375,0.0026294845156371593
1696,152.5735321044922,183.52212524414062,0.9998733997344971,190.39401245117188,179.4560089111328,0.7598223090171814,159.624755859375,203.3887481689453,0.9999645948410034,141.62686157226562,204.85025024414062,0.9998420476913452,177.9309539794922,202.60687255859375,0.0977487787604332,193.4660186767578,212.29684448242188,0.0028332110960036516,208.48008728027344,174.78285217285156,0.9994732737541199,199.32174682617188,206.10159301757812,0.955894410610199,226.20822143554688,212.89198303222656,0.0018274392932653427
1697,158.27682495117188,183.2007598876953,0.999757707118988,195.83975219726562,178.9787139892578,0.9792882800102234,161.63360595703125,204.98843383789062,0.9999961853027344,147.9707489013672,203.4012451171875,0.9997733235359192,179.7709197998047,203.75808715820312,0.009247558191418648,194.65794372558594,212.1967010498047,0.003657663008198142,212.03298950195312,177.96304321289062,0.9998014569282532,202.84130859375,209.4723358154297,0.9269841909408569,227.18165588378906,213.1036376953125,0.0010712484363466501
1698,160.81802368164062,183.4750518798828,0.9999480247497559,196.29324340820312,181.4661865234375,0.9927524328231812,161.1110382080078,204.71559143066406,0.9999985694885254,147.65948486328125,202.48582458496094,0.9999845027923584,178.36337280273438,209.416259765625,0.013357497751712799,193.8121795654297,213.20046997070312,0.007014126516878605,214.07095336914062,180.5435028076172,0.9998717308044434,207.7947540283203,216.28587341308594,0.9316504597663879,227.85287475585938,213.54344177246094,0.000822465110104531
1699,169.6131591796875,184.82083129882812,0.9999954700469971,196.74363708496094,189.41961669921875,0.9996280670166016,161.4539794921875,206.6852569580078,0.9999997615814209,151.16978454589844,203.92593383789062,0.9999760389328003,179.4801025390625,210.8386993408203,0.010242262855172157,194.02650451660156,213.710693359375,0.00261973706074059,215.35968017578125,188.5841522216797,0.9998692274093628,205.14413452148438,222.08737182617188,0.9872372150421143,226.93927001953125,229.998291015625,0.001603931188583374
1700,169.03759765625,185.69891357421875,0.9999984502792358,199.9445037841797,190.73196411132812,0.999803364276886,161.07960510253906,208.84104919433594,0.9999995231628418,150.9375457763672,205.33995056152344,0.9996015429496765,175.8609161376953,214.90455627441406,0.09965489059686661,194.37664794921875,213.71522521972656,0.0029479784425348043,219.85618591308594,192.17401123046875,0.9999979734420776,208.50341796875,233.92701721191406,0.9991135001182556,231.1712646484375,230.87600708007812,0.0010799071751534939
1701,169.31121826171875,187.37173461914062,0.9999985694885254,206.68479919433594,192.259033203125,0.9996582269668579,162.20115661621094,211.4084930419922,0.9999997615814209,159.68841552734375,218.49615478515625,0.9982216954231262,175.1623992919922,214.9122772216797,0.08746376633644104,176.78988647460938,221.1343994140625,0.0040671988390386105,225.41993713378906,197.25311279296875,0.9999997615814209,207.1811981201172,237.1544952392578,0.999910831451416,227.6138458251953,243.20950317382812,0.0019906340166926384
1702,171.51736450195312,187.11102294921875,0.999998927116394,206.23501586914062,193.50857543945312,0.9999598264694214,163.5435333251953,212.5748748779297,1.0,158.61080932617188,219.53126525878906,0.9997771382331848,175.26022338867188,215.05474853515625,0.03575548157095909,176.8922119140625,221.06594848632812,0.003968300763517618,224.89273071289062,198.77845764160156,0.9999997615814209,207.27076721191406,239.00633239746094,0.9999426603317261,228.70977783203125,243.5878448486328,0.004326102789491415
1703,171.97686767578125,187.37850952148438,0.9999991655349731,206.82020568847656,193.78269958496094,0.9999556541442871,163.58607482910156,212.42672729492188,1.0,158.22390747070312,219.6895751953125,0.9999209642410278,175.1096649169922,215.08201599121094,0.038286350667476654,176.61566162109375,220.7127685546875,0.0033210073597729206,225.2079315185547,199.3425750732422,0.9999997615814209,206.3697509765625,239.77194213867188,0.999969482421875,229.773193359375,243.6638641357422,0.004013806581497192
1704,171.56918334960938,187.22781372070312,0.9999994039535522,206.5585479736328,194.1880645751953,0.9999681711196899,163.9853057861328,211.73275756835938,1.0,158.12290954589844,218.43959045410156,0.9999420642852783,175.09225463867188,214.4391632080078,0.02062789350748062,175.54632568359375,220.86285400390625,0.0031127112451940775,225.2080841064453,199.92657470703125,0.9999998807907104,207.92007446289062,242.83352661132812,0.9999687671661377,230.6031036376953,243.64239501953125,0.002026255941018462
1705,172.5970458984375,187.1104278564453,0.9999994039535522,206.49920654296875,194.4789276123047,0.9999839067459106,163.87240600585938,211.9054718017578,1.0,158.17926025390625,218.85501098632812,0.9999864101409912,174.61009216308594,213.68927001953125,0.04465022683143616,175.7203369140625,218.9965057373047,0.005438478197902441,226.21804809570312,200.47738647460938,0.9999998807907104,207.7386016845703,242.82827758789062,0.9999938011169434,230.68829345703125,243.8746795654297,0.0025977795012295246
1706,173.27520751953125,187.30909729003906,0.9999995231628418,206.67828369140625,194.8052978515625,0.9999897480010986,164.39601135253906,212.082763671875,1.0,158.44204711914062,219.4637451171875,0.9999886751174927,174.8377685546875,213.68040466308594,0.026038438081741333,175.49659729003906,219.2786407470703,0.004222002346068621,226.14459228515625,200.72105407714844,0.9999998807907104,207.5731964111328,242.921875,0.9999939203262329,230.6781005859375,243.62440490722656,0.0027338655199855566
1707,173.33143615722656,187.3398895263672,0.9999996423721313,206.4156036376953,195.3846435546875,0.9999868869781494,164.95404052734375,212.51260375976562,1.0,158.78277587890625,220.21713256835938,0.9999970197677612,174.9344940185547,213.9781036376953,0.0078032598830759525,155.5286865234375,225.90406799316406,0.0029785947408527136,226.0336151123047,201.32920837402344,0.9999998807907104,207.25440979003906,242.86143493652344,0.9999971389770508,230.74253845214844,243.7578887939453,0.0025332875084131956
1708,173.72242736816406,187.02798461914062,0.9999996423721313,206.7979736328125,194.89927673339844,0.9999929666519165,165.3022003173828,212.4532928466797,1.0,158.8710479736328,220.03518676757812,0.9999982118606567,174.74459838867188,213.7340545654297,0.005741172470152378,155.27407836914062,225.54917907714844,0.0026549487374722958,226.27525329589844,201.22779846191406,1.0,207.06446838378906,242.6450653076172,0.9999983310699463,231.01290893554688,243.80953979492188,0.002291069831699133
1709,174.1306915283203,186.94236755371094,0.9999997615814209,207.01174926757812,195.14959716796875,0.9999960660934448,165.63864135742188,211.79446411132812,1.0,161.06341552734375,219.7969970703125,0.9999904632568359,179.9810333251953,210.2402801513672,0.005345737095922232,174.88941955566406,221.10552978515625,0.004116863943636417,226.59915161132812,202.49461364746094,1.0,207.5525360107422,242.88621520996094,0.9999985694885254,244.6221466064453,230.3558349609375,0.0015502439346164465
1710,178.15457153320312,186.93092346191406,0.9999998807907104,211.14601135253906,196.16357421875,0.9999991655349731,169.01303100585938,211.0359344482422,0.9999998807907104,162.87298583984375,218.23243713378906,0.999975323677063,177.12721252441406,214.51145935058594,0.005359149072319269,175.61720275878906,221.00462341308594,0.0021575267892330885,229.54132080078125,204.8083038330078,0.9999998807907104,208.89710998535156,243.4477996826172,0.9999961853027344,231.07351684570312,244.1945343017578,0.000987389707006514
1711,179.95445251464844,187.83724975585938,1.0,211.6014404296875,197.29624938964844,0.9999992847442627,170.73829650878906,211.51611328125,1.0,163.65711975097656,216.81826782226562,0.9999933242797852,219.9107208251953,194.94525146484375,0.0008042284171096981,174.68124389648438,222.24781799316406,0.002668367698788643,230.4707489013672,204.9439239501953,0.9999997615814209,211.10353088378906,244.7136688232422,0.9999953508377075,230.39053344726562,244.76705932617188,0.0009047252242453396
1712,180.44467163085938,187.43145751953125,1.0,213.09115600585938,196.84754943847656,0.9999990463256836,171.7304229736328,211.3928985595703,1.0,164.47061157226562,217.06246948242188,0.9999974966049194,220.89761352539062,194.64273071289062,0.0007294414099305868,174.205322265625,223.24185180664062,0.004320839885622263,231.6437530517578,204.36050415039062,0.9999997615814209,211.9768524169922,244.69345092773438,0.9999933242797852,229.73190307617188,244.83753967285156,0.0011829191353172064
1713,181.9176788330078,187.5413055419922,1.0,214.17977905273438,196.86148071289062,0.9999996423721313,174.77801513671875,210.8607940673828,1.0,168.39987182617188,213.91796875,0.9999819993972778,189.7716064453125,213.5772705078125,0.0008140839054249227,172.1231689453125,223.4111785888672,0.002380362479016185,233.09556579589844,204.87535095214844,0.9999995231628418,214.27220153808594,243.8573760986328,0.9999948740005493,228.98773193359375,244.6708526611328,0.00060869543813169
1714,186.2108917236328,188.09547424316406,0.9999996423721313,217.69810485839844,198.14877319335938,0.9999964237213135,178.9956817626953,211.3509979248047,1.0,172.60255432128906,218.815673828125,0.9998683929443359,184.9083251953125,213.2348175048828,0.004632577765733004,190.69223022460938,222.8444061279297,0.002200561109930277,236.97215270996094,207.72537231445312,0.9999986886978149,215.9569091796875,242.51058959960938,0.9999955892562866,226.049560546875,244.97994995117188,0.0003031193045899272
1715,190.6276397705078,188.43426513671875,0.9999997615814209,218.5756378173828,199.35415649414062,0.9999971389770508,181.95497131347656,211.78912353515625,1.0,176.1716766357422,219.8222198486328,0.9999959468841553,184.97201538085938,213.13424682617188,0.0009767834562808275,189.75132751464844,223.45448303222656,0.0044593000784516335,239.2677459716797,208.1170196533203,0.9999992847442627,218.91954040527344,242.79200744628906,0.9999945163726807,223.8050079345703,245.30926513671875,0.00022353055828716606
1716,192.39210510253906,189.07669067382812,0.9999997615814209,219.79039001464844,198.4768829345703,0.9999978542327881,181.96319580078125,211.38973999023438,1.0,177.4521026611328,218.9587860107422,0.9999973773956299,190.28797912597656,213.11224365234375,0.002485154429450631,190.41180419921875,222.59963989257812,0.00268119596876204,239.86465454101562,208.16355895996094,0.999998927116394,221.06040954589844,243.16664123535156,0.9999885559082031,164.65408325195312,260.6247253417969,0.00016853860870469362
1717,191.53623962402344,189.0647735595703,0.9999996423721313,220.9574432373047,198.36746215820312,0.999996542930603,181.54888916015625,210.33644104003906,1.0,178.5396728515625,218.0158233642578,0.9999678134918213,196.256591796875,210.59933471679688,0.003877694485709071,190.67947387695312,222.47421264648438,0.0033871615305542946,240.70350646972656,208.01173400878906,0.9999997615814209,221.70286560058594,242.20973205566406,0.9999881982803345,221.86903381347656,245.0621795654297,0.00021034546080045402
1718,191.32440185546875,188.11923217773438,0.9999997615814209,221.43861389160156,197.71490478515625,0.999995231628418,181.8169708251953,208.11985778808594,0.9999998807907104,178.17422485351562,212.18955993652344,0.99991774559021,187.3909912109375,208.26368713378906,0.006275796797126532,210.5017852783203,212.99078369140625,0.003458213759586215,240.6039276123047,206.76675415039062,0.9999948740005493,222.0780487060547,237.56784057617188,0.999879002571106,220.0898895263672,245.1129608154297,0.00015980994794517756
1719,191.85589599609375,187.31080627441406,0.9999995231628418,219.92312622070312,195.78616333007812,0.9999977350234985,182.57315063476562,207.6648406982422,1.0,178.61898803710938,212.0238800048828,0.9999901056289673,186.3909454345703,207.24644470214844,0.0031857024878263474,210.20687866210938,211.25180053710938,0.0012105065397918224,239.50099182128906,202.64369201660156,0.9999988079071045,221.1685791015625,235.1147918701172,0.9999927282333374,221.40087890625,243.50030517578125,0.0003013592795468867
1720,191.9042510986328,187.00706481933594,0.9999997615814209,219.1438751220703,195.193359375,0.9999985694885254,182.88705444335938,207.77249145507812,1.0,178.90989685058594,211.74795532226562,0.9999926090240479,186.4179229736328,207.3341522216797,0.0018262360244989395,209.749267578125,211.59234619140625,0.0019959071651101112,237.80194091796875,202.17620849609375,0.999998927116394,221.37808227539062,234.4473114013672,0.9999808073043823,169.14381408691406,261.0520935058594,0.00023813812003936619
1721,192.3296661376953,187.0785369873047,0.9999997615814209,219.56134033203125,194.69386291503906,0.9999979734420776,182.9000244140625,207.29556274414062,1.0,178.94142150878906,210.69969177246094,0.999988317489624,186.5047607421875,207.36294555664062,0.001312756328843534,210.08926391601562,211.2610626220703,0.0016345186159014702,238.5160369873047,201.58042907714844,0.9999991655349731,221.64739990234375,233.97950744628906,0.9999663829803467,169.7628173828125,260.7022705078125,0.0003358196117915213
1722,189.5296173095703,186.3076171875,0.9999997615814209,218.2943878173828,193.59786987304688,0.9999960660934448,180.7591094970703,206.1927032470703,1.0,177.7484893798828,209.4463348388672,0.999966025352478,187.21438598632812,206.9268341064453,0.0011923080310225487,209.39378356933594,211.4130859375,0.002711967099457979,236.5542755126953,199.61170959472656,0.9999986886978149,219.81040954589844,230.685791015625,0.9999257326126099,170.52919006347656,260.4792785644531,0.000336565135512501
1723,186.97344970703125,185.96441650390625,0.9999998807907104,216.67869567871094,193.2891082763672,0.9999971389770508,179.2002716064453,206.34005737304688,1.0,173.38331604003906,207.8100128173828,0.9999779462814331,196.7597198486328,204.5386199951172,0.0007099013892002404,192.61541748046875,210.37351989746094,0.0044134752824902534,233.6359405517578,198.65451049804688,0.9999964237213135,216.9283905029297,228.48797607421875,0.9998400211334229,240.83140563964844,242.9193572998047,0.00021084041509311646
1724,183.0647430419922,185.39663696289062,0.9999996423721313,215.07815551757812,192.3220977783203,0.9999945163726807,177.4508056640625,207.8302764892578,1.0,171.704833984375,209.2646942138672,0.999956488609314,186.7156982421875,208.4839630126953,0.0017316961893811822,192.8904571533203,211.61122131347656,0.00433473801240325,232.6708526611328,198.2136688232422,0.9999959468841553,216.23196411132812,229.94717407226562,0.9999644756317139,222.46615600585938,242.47006225585938,0.0003070010570809245
1725,181.5453643798828,185.4016571044922,0.9999998807907104,213.12039184570312,192.11380004882812,0.9999873638153076,176.5391845703125,208.3000946044922,1.0,170.83242797851562,209.92567443847656,0.9999651908874512,186.71890258789062,208.4008026123047,0.0023134031798690557,193.03700256347656,211.70281982421875,0.005524421110749245,231.61415100097656,197.47120666503906,0.9999939203262329,215.38735961914062,230.0948028564453,0.999964714050293,241.05984497070312,242.61683654785156,0.00034489872632548213
1726,181.92611694335938,185.53475952148438,0.9999998807907104,213.4107208251953,192.19622802734375,0.9999884366989136,176.6164093017578,208.51576232910156,1.0,170.91131591796875,209.9988555908203,0.9999910593032837,187.03614807128906,208.52598571777344,0.001173280063085258,192.64804077148438,212.1464080810547,0.0068305316381156445,231.99362182617188,197.68362426757812,0.9999934434890747,214.88909912109375,229.82159423828125,0.9999823570251465,241.21072387695312,242.53399658203125,0.0003230574366170913
1727,181.44802856445312,185.1520233154297,0.9999998807907104,213.6491241455078,191.8144073486328,0.9999843835830688,176.127197265625,208.3895721435547,1.0,170.3082275390625,209.8555908203125,0.9999934434890747,187.2284698486328,208.41603088378906,0.0013257759856060147,193.22035217285156,212.0546112060547,0.006232342682778835,232.31161499023438,197.30723571777344,0.9999959468841553,215.00845336914062,230.0500030517578,0.9999734163284302,241.01345825195312,242.63624572753906,0.00035747839137911797
1728,181.85824584960938,185.1751251220703,0.9999998807907104,213.93536376953125,192.12615966796875,0.9999834299087524,176.08799743652344,208.42103576660156,1.0,170.4438018798828,209.79287719726562,0.9999936819076538,187.10447692871094,208.244873046875,0.0009876606054604053,192.9858856201172,212.47659301757812,0.005853544920682907,232.5147705078125,198.19281005859375,0.9999949932098389,215.9032745361328,231.46389770507812,0.9999712705612183,223.27638244628906,242.5461883544922,0.0003865265171043575
1729,182.16030883789062,185.22470092773438,0.9999998807907104,214.37936401367188,191.96578979492188,0.999982476234436,176.27896118164062,208.235107421875,1.0,170.79383850097656,209.49273681640625,0.9999940395355225,187.06239318847656,208.45639038085938,0.0011592441005632281,192.8516387939453,212.3605499267578,0.006659266073256731,233.0204315185547,198.13059997558594,0.9999969005584717,215.68186950683594,231.2494659423828,0.9999799728393555,223.4504852294922,242.46934509277344,0.0003797377285081893
1730,181.93960571289062,185.32687377929688,0.9999998807907104,214.38275146484375,191.956298828125,0.9999887943267822,176.14328002929688,208.68637084960938,1.0,170.61734008789062,209.61431884765625,0.9999916553497314,186.99557495117188,208.70777893066406,0.001292394008487463,192.9698028564453,212.65667724609375,0.009042804129421711,232.95989990234375,198.16030883789062,0.9999978542327881,215.89793395996094,231.40585327148438,0.9999831914901733,223.48988342285156,242.29763793945312,0.000369047251297161
1731,181.60340881347656,185.48300170898438,0.9999998807907104,214.5115966796875,192.1199188232422,0.9999887943267822,175.93470764160156,208.71481323242188,1.0,170.3080596923828,209.87820434570312,0.9999878406524658,186.95436096191406,208.76368713378906,0.0015741962706670165,193.05514526367188,212.75106811523438,0.009479040279984474,232.98593139648438,198.11195373535156,0.9999978542327881,216.6612091064453,234.3302001953125,0.9999758005142212,223.4412384033203,242.62181091308594,0.00041666446486487985
1732,181.8835906982422,185.51927185058594,0.9999998807907104,214.80075073242188,191.860107421875,0.9999822378158569,176.10525512695312,208.7404022216797,1.0,170.35513305664062,209.43768310546875,0.9999904632568359,187.2300262451172,211.6239471435547,0.0012700646184384823,193.20668029785156,212.8065643310547,0.009016938507556915,233.28097534179688,197.8688507080078,0.9999977350234985,216.7935791015625,234.6327362060547,0.9999853372573853,223.44808959960938,242.5826416015625,0.00048444667481817305
1733,181.57066345214844,185.58001708984375,0.9999998807907104,215.5311279296875,191.93661499023438,0.9999761581420898,176.0958709716797,208.49331665039062,1.0,170.5530242919922,208.9453582763672,0.9999814033508301,187.15159606933594,208.94192504882812,0.001707576448097825,193.04074096679688,212.4779815673828,0.010025476105511189,233.96701049804688,197.75729370117188,0.9999988079071045,216.84715270996094,234.52444458007812,0.9999901056289673,223.7877960205078,242.2720184326172,0.0004607273149304092
1734,185.4918212890625,184.68907165527344,0.9999961853027344,215.6640167236328,191.9078826904297,0.9999902248382568,178.6556854248047,204.11441040039062,1.0,173.15476989746094,204.76589965820312,0.9998195767402649,194.6975555419922,203.60137939453125,0.005421381443738937,193.0945587158203,209.3598175048828,0.0033881228882819414,235.0185089111328,197.46926879882812,0.9999990463256836,216.63427734375,226.26065063476562,0.9999862909317017,153.02891540527344,190.41033935546875,0.0003414058592170477
1735,184.23716735839844,185.36451721191406,0.9999961853027344,215.0299530029297,191.78817749023438,0.9999862909317017,178.67092895507812,202.8623809814453,1.0,174.14053344726562,202.37303161621094,0.9997383952140808,194.60635375976562,203.51898193359375,0.00948416255414486,192.60992431640625,208.2605438232422,0.0027988061774522066,234.26524353027344,195.33627319335938,0.9999990463256836,217.82652282714844,223.08848571777344,0.9999759197235107,152.427490234375,190.68612670898438,0.0003652122395578772
1736,183.4644317626953,184.56817626953125,0.9999980926513672,213.857421875,190.74229431152344,0.9999938011169434,178.9091033935547,201.58200073242188,0.9999998807907104,174.52752685546875,200.37619018554688,0.9992761015892029,194.45352172851562,202.517822265625,0.005016780458390713,192.37281799316406,208.03501892089844,0.0025630786549299955,233.17359924316406,193.8771514892578,0.999998927116394,216.2133026123047,220.46678161621094,0.9999707937240601,152.52362060546875,190.52587890625,0.0005184327019378543
1737,183.70077514648438,184.7117462158203,0.9999959468841553,214.08238220214844,190.5255126953125,0.999994158744812,178.97616577148438,201.0450897216797,0.9999998807907104,172.0947265625,198.86282348632812,0.9981179237365723,194.28265380859375,201.72201538085938,0.0023510856553912163,192.45591735839844,208.3469696044922,0.0019156922353431582,233.3277587890625,193.4631805419922,0.9999992847442627,215.51258850097656,219.86212158203125,0.9999624490737915,152.51535034179688,190.5703582763672,0.0005049829487688839
1738,183.4716033935547,184.92303466796875,0.9999938011169434,213.40338134765625,190.9938201904297,0.999995231628418,178.99754333496094,200.8734130859375,0.9999997615814209,172.1000213623047,198.79934692382812,0.9970410466194153,194.41305541992188,201.84854125976562,0.002048620255663991,192.97840881347656,208.14476013183594,0.001711603021249175,232.43972778320312,193.18357849121094,0.999997615814209,215.55343627929688,219.9401092529297,0.9999278783798218,224.36181640625,227.3734130859375,0.0005933673237450421
1739,188.2454376220703,185.10409545898438,0.5854185819625854,213.87789916992188,191.65699768066406,0.9993560910224915,199.17413330078125,196.37393188476562,0.012826441787183285,110.78414916992188,269.8363037109375,0.004108354914933443,199.927490234375,200.0762939453125,0.00012327262083999813,206.3614959716797,215.83538818359375,0.0002177976130042225,232.72857666015625,192.68890380859375,0.9999892711639404,210.687744140625,210.16244506835938,0.9980682730674744,244.26010131835938,228.02964782714844,0.002288493560627103
1740,187.73043823242188,183.8565216064453,0.0004310577060095966,216.24916076660156,191.98667907714844,0.1535007506608963,138.31358337402344,269.96563720703125,3.227287015761249e-05,110.00880432128906,268.2062683105469,0.013625391758978367,203.89541625976562,218.30137634277344,9.880763172986917e-06,203.72377014160156,218.25430297851562,6.609959382330999e-05,230.38572692871094,192.4988250732422,0.9754815697669983,206.53131103515625,202.19070434570312,0.09128919988870621,224.2237548828125,215.625,0.00014917051885277033
1741,187.5103302001953,185.80999755859375,0.000210512793273665,218.35247802734375,193.1321563720703,0.0001863760408014059,138.69879150390625,282.4872131347656,1.9449038518359885e-05,112.30650329589844,271.3813171386719,4.7312365495599806e-05,2.038987636566162,250.72604370117188,7.336640464927768e-06,219.16001892089844,220.31809997558594,8.971955139713828e-06,235.69728088378906,198.9031219482422,0.006411799695342779,222.7826690673828,210.30718994140625,0.015309352427721024,217.18917846679688,216.03175354003906,1.590426472830586e-05
1742,161.43991088867188,272.9345397949219,4.2446623410796747e-05,76.48863983154297,271.07666015625,2.1339721570257097e-05,154.494384765625,284.0713195800781,5.5079133744584396e-05,124.27188110351562,271.0410461425781,0.0002292377030244097,2.1302332878112793,250.52993774414062,6.593343186978018e-06,219.14532470703125,219.9071502685547,1.2975784557056613e-05,237.32522583007812,205.13739013671875,0.004427608568221331,223.25213623046875,217.84304809570312,0.010547234676778316,216.70944213867188,217.89187622070312,2.8200196538819e-05
1743,159.69419860839844,271.81292724609375,1.652108403504826e-05,201.9468536376953,266.9124755859375,5.7265409850515425e-05,155.39833068847656,268.04498291015625,4.72121246275492e-05,125.00445556640625,271.5686340332031,0.00084305350901559,2.732180595397949,234.31175231933594,8.28206157166278e-06,220.3275146484375,302.12786865234375,1.3128109458193649e-05,237.22872924804688,219.30673217773438,3.347484744153917e-05,223.95294189453125,220.4381866455078,0.00036975383409298956,215.26119995117188,220.6158447265625,1.3424262760963757e-05
1744,161.51266479492188,269.4958801269531,0.00018817922682501376,202.5614471435547,267.3417053222656,0.0001136509672505781,138.96133422851562,272.5606689453125,0.023612597957253456,124.34291076660156,271.5723876953125,0.03138253092765808,1.7885692119598389,250.3152313232422,7.156306310207583e-06,126.13728332519531,296.2353210449219,2.9071183234918863e-05,173.51443481445312,238.0426025390625,4.780831659445539e-05,239.73233032226562,232.5838623046875,0.0015687564155086875,154.9281463623047,235.0445098876953,2.2744075977243483e-05
1745,191.608642578125,270.0840759277344,7.915117748780176e-05,215.70654296875,250.60214233398438,2.942822356999386e-05,168.48707580566406,266.12786865234375,0.0019855552818626165,137.44134521484375,269.1298522949219,0.0010167360305786133,205.08306884765625,268.4698181152344,7.717313565080985e-06,191.48953247070312,299.73284912109375,8.323917427333072e-05,211.17051696777344,256.0235290527344,7.861408812459558e-05,189.3285675048828,261.73370361328125,0.00050674460362643,208.47576904296875,263.54608154296875,7.312690286198631e-05
1746,222.38787841796875,270.898681640625,0.0003965981013607234,173.0932159423828,255.0038299560547,1.1725463991751894e-05,186.71987915039062,270.64007568359375,0.005470714066177607,169.249267578125,268.6383056640625,0.004063821863383055,2.598784923553467,234.50198364257812,1.3980025869386736e-05,192.05715942382812,296.9988708496094,6.552496779477224e-05,1.4999678134918213,252.36997985839844,3.238382487324998e-05,166.18191528320312,273.4030456542969,0.00037288269959390163,177.036376953125,285.2095031738281,1.99495189008303e-05
1747,251.36160278320312,273.5262756347656,0.0002618395665194839,256.8011474609375,261.1795959472656,1.837829768192023e-05,206.03717041015625,286.1678161621094,2.1239544366835617e-05,187.65504455566406,273.7310791015625,2.480402690707706e-05,1.497405767440796,250.7129669189453,1.4337818356580101e-05,190.24818420410156,299.07818603515625,1.669247285462916e-05,1.564530611038208,252.37332153320312,3.181435022270307e-05,180.16677856445312,203.80416870117188,9.077625691134017e-06,-1.610860824584961,249.51480102539062,9.590338777343277e-06
1748,186.55682373046875,200.87478637695312,0.0004000525805167854,266.2638854980469,266.1949157714844,5.2715571655426174e-05,231.01568603515625,282.63385009765625,7.378668669844046e-05,177.08665466308594,206.59375,5.752544529968873e-05,1.4968202114105225,250.7077178955078,1.3228965144662652e-05,224.41323852539062,298.2080383300781,1.3413424312602729e-05,1.5917630195617676,252.29483032226562,3.1011491955723614e-05,179.18898010253906,204.8447723388672,2.6401588911539875e-05,265.9261779785156,266.9259948730469,2.508689976821188e-05
1749,180.28717041015625,197.50184631347656,0.001352230436168611,267.07391357421875,266.39349365234375,2.364513602515217e-05,235.54934692382812,270.4661865234375,1.8737429854809307e-05,177.1709747314453,206.90621948242188,0.0001116863131755963,1.550095558166504,250.79171752929688,1.120278648159001e-05,171.843505859375,206.44134521484375,1.2380075531837065e-05,1.505969762802124,252.27584838867188,2.3293418053071946e-05,179.83090209960938,205.61376953125,4.6570094127673656e-05,264.2195129394531,265.9896545410156,4.1929491999326274e-05
1750,170.71304321289062,199.47042846679688,5.6765260524116457e-05,268.417236328125,267.0866394042969,3.325029319967143e-05,220.5445098876953,301.75,5.2240948207327165e-06,-0.5226287841796875,284.59893798828125,7.09512050889316e-06,1.5196466445922852,250.75503540039062,1.0531239240663126e-05,158.09469604492188,301.9208984375,8.136968972394243e-06,270.2351989746094,265.3916320800781,2.7684747692546807e-05,255.54737854003906,249.400390625,3.0845760193187743e-05,266.3265380859375,266.6114807128906,5.017304647481069e-05
1751,170.58587646484375,189.70225524902344,0.010014856234192848,268.2076416015625,266.99176025390625,1.1973361324635334e-05,220.8562469482422,301.07000732421875,1.0649881005520001e-05,163.42979431152344,200.29803466796875,9.254889846488368e-06,1.572885513305664,250.74476623535156,1.01665928013972e-05,158.09603881835938,301.926025390625,9.5607510957052e-06,1.5562608242034912,252.24887084960938,2.059529651887715e-05,173.75111389160156,189.73272705078125,0.0001835686416598037,150.0832061767578,202.63369750976562,1.8029144484899007e-05
1752,171.25424194335938,186.433349609375,0.4073580205440521,154.34445190429688,204.0095977783203,0.00013947332627139986,165.15785217285156,198.3721466064453,0.0017922540428116918,159.97898864746094,194.3790283203125,0.24780665338039398,1.7770116329193115,250.6195526123047,9.060820957529359e-06,156.75439453125,201.04397583007812,5.8043595345225185e-05,174.2784423828125,176.62413024902344,0.00013287521142046899,174.52906799316406,193.49667358398438,0.004554982762783766,149.08279418945312,202.50120544433594,0.00010409712558612227
1753,167.78128051757812,183.13412475585938,0.9791198372840881,171.8461151123047,201.0214080810547,0.0005539669655263424,160.29168701171875,199.52926635742188,0.0057029128074646,154.6531982421875,196.89035034179688,0.042405951768159866,142.62681579589844,187.4671630859375,8.755366252444219e-06,163.33465576171875,194.42529296875,3.264116821810603e-05,157.70281982421875,176.80520629882812,0.0008460624958388507,171.59304809570312,194.62171936035156,0.021914741024374962,137.75746154785156,191.28939819335938,0.0001897877809824422
1754,165.58602905273438,184.60391235351562,0.9984973669052124,166.2239532470703,216.43495178222656,0.01073335949331522,151.9048309326172,202.74171447753906,0.02794048748910427,146.0230255126953,198.7496337890625,0.2227575182914734,144.09512329101562,189.04017639160156,5.182430686545558e-05,142.0253448486328,201.20751953125,6.2294646340888e-05,158.22979736328125,177.5891571044922,0.002413732698187232,172.08010864257812,196.25250244140625,0.030759071931242943,138.38186645507812,192.20314025878906,0.0005576079129241407
1755,165.31700134277344,184.18751525878906,0.34571373462677,170.49453735351562,183.61058044433594,0.002991720801219344,149.78781127929688,199.0372314453125,0.1230563148856163,147.70498657226562,197.9689483642578,0.044340748339891434,186.08799743652344,203.6018524169922,1.3765862604486756e-05,139.46104431152344,200.80780029296875,8.717011951375753e-05,163.53274536132812,180.30844116210938,0.10459654778242111,150.409423828125,197.91445922851562,0.5914591550827026,135.15415954589844,201.61996459960938,0.0004880620108451694
1756,164.9983673095703,185.4233856201172,0.25934872031211853,187.048095703125,182.3612518310547,0.0009328474989160895,149.71994018554688,200.5312957763672,0.026380807161331177,148.6524658203125,199.76968383789062,0.02078728750348091,185.93869018554688,202.69638061523438,1.1298900972178672e-05,139.9616241455078,201.8275146484375,7.833137351553887e-05,159.59249877929688,180.1570281982422,0.008500746451318264,150.7907257080078,198.50804138183594,0.12366563081741333,135.6002655029297,201.41110229492188,0.00035543643753044307
1757,164.61062622070312,185.98101806640625,0.43372106552124023,184.9761199951172,200.50897216796875,0.0014877377543598413,152.69627380371094,202.09857177734375,0.010406718589365482,149.1715087890625,200.4574432373047,0.04217090457677841,186.10865783691406,202.5082550048828,1.1662444194371346e-05,140.27410888671875,202.0355224609375,0.00011499509128043428,159.32383728027344,178.890869140625,0.002438028808683157,151.5056610107422,197.67393493652344,0.039039283990859985,135.16018676757812,201.70321655273438,0.00019984247046522796
1758,163.41224670410156,185.7685546875,0.2313712239265442,187.88111877441406,182.2230224609375,0.002201629336923361,149.9765167236328,201.4176025390625,0.010240464471280575,149.7303466796875,200.92906188964844,0.007713305298238993,185.59735107421875,203.0176239013672,1.5681396689615212e-05,140.24301147460938,202.02508544921875,4.853008795180358e-05,156.0568084716797,180.53269958496094,0.001905678422190249,173.94522094726562,199.21351623535156,0.03764471411705017,134.7161865234375,201.281982421875,0.000225782860070467
1759,156.61758422851562,185.56036376953125,0.5061215162277222,188.04660034179688,181.64744567871094,0.0035287027712911367,153.39202880859375,201.40139770507812,0.012410704046487808,150.9827117919922,199.88385009765625,0.018168428912758827,186.3833465576172,201.8815155029297,3.609832492657006e-05,138.74563598632812,201.19085693359375,5.577402043854818e-05,176.41921997070312,179.37789916992188,0.010173912160098553,173.37338256835938,199.29295349121094,0.11795573681592941,137.40084838867188,189.59683227539062,0.0001921076764119789
1760,154.09591674804688,185.55870056152344,0.9216845631599426,172.87832641601562,183.109619140625,0.00479188421741128,149.88267517089844,201.7495880126953,0.01241372711956501,148.57554626464844,200.8460693359375,0.013663407415151596,185.95359802246094,201.2197265625,0.00010469511471455917,159.61727905273438,217.664794921875,8.116089156828821e-05,176.02749633789062,179.42449951171875,0.015579397790133953,174.0598907470703,199.80859375,0.0669921487569809,138.23521423339844,190.79319763183594,0.0002810658188536763
1761,156.29171752929688,184.2369842529297,0.8046558499336243,186.7812042236328,181.69017028808594,0.008602536283433437,150.92723083496094,200.6378173828125,0.030876602977514267,149.1260986328125,200.14784240722656,0.022423649206757545,185.977783203125,200.80233764648438,0.00011176717089256272,158.98399353027344,217.74600219726562,7.905205711722374e-05,160.6652374267578,180.16510009765625,0.03627212718129158,173.2872772216797,199.0689697265625,0.12513770163059235,134.13197326660156,201.90213012695312,0.0002420809178147465
1762,154.45057678222656,183.788818359375,0.8850943446159363,186.1000213623047,181.65306091308594,0.013783530332148075,149.9203643798828,200.08309936523438,0.06961550563573837,148.07481384277344,199.98004150390625,0.018177958205342293,186.01283264160156,200.7332305908203,0.00019717618124559522,187.5743865966797,202.57611083984375,0.00010879000910790637,160.87811279296875,180.36383056640625,0.24114902317523956,150.2707061767578,198.36508178710938,0.1733795404434204,181.1731414794922,200.00064086914062,0.0004861133638769388
1763,154.29470825195312,183.40853881835938,0.6974759697914124,186.33143615722656,181.4541473388672,0.016259267926216125,149.60865783691406,199.09603881835938,0.12671150267124176,147.73800659179688,199.03289794921875,0.039201460778713226,186.21295166015625,200.6777801513672,0.0001754458644427359,187.68431091308594,202.77928161621094,0.00012531648098956794,160.29937744140625,180.2914581298828,0.5325208306312561,149.910888671875,197.3702850341797,0.4823364317417145,140.06539916992188,191.1533660888672,0.0006612363504245877
1764,153.46197509765625,182.64553833007812,0.7974113821983337,185.8892364501953,182.52459716796875,0.00866992212831974,148.50387573242188,199.76470947265625,0.08386731892824173,147.21243286132812,199.98086547851562,0.005526396911591291,180.18894958496094,200.66702270507812,0.0001698903797660023,186.5616912841797,202.4884490966797,0.00010914246377069503,159.3019256591797,179.86195373535156,0.629142165184021,148.3700714111328,198.11622619628906,0.16068725287914276,177.9174346923828,197.04171752929688,0.0011877934448421001
1765,152.8531951904297,182.47238159179688,0.6550003886222839,185.93016052246094,182.59226989746094,0.009867181070148945,148.2356719970703,199.00660705566406,0.16259540617465973,147.13307189941406,199.44940185546875,0.006359046790748835,180.10496520996094,200.46351623535156,0.0002231513208243996,186.85289001464844,202.3838348388672,0.00015910870570223778,158.8739013671875,180.08261108398438,0.8305657505989075,147.88323974609375,198.6253204345703,0.30762943625450134,177.42535400390625,197.25062561035156,0.0034026787616312504
1766,152.6367950439453,182.25201416015625,0.8258565068244934,185.8270721435547,181.91378784179688,0.012471423484385014,148.03956604003906,199.78663635253906,0.11433396488428116,146.87017822265625,199.9186553955078,0.0072384364902973175,179.92173767089844,200.9019317626953,0.00026568840257823467,186.35569763183594,202.68341064453125,0.00022288551554083824,159.50282287597656,179.8513946533203,0.7418630719184875,147.9386444091797,198.1783447265625,0.2255096286535263,177.73045349121094,196.525390625,0.001748042879626155
1767,152.40821838378906,181.83401489257812,0.7627237439155579,157.23793029785156,181.33168029785156,0.005254183430224657,148.09176635742188,198.89492797851562,0.13562168180942535,147.0513153076172,199.09414672851562,0.010232879780232906,179.5774688720703,200.63134765625,0.00023184331075754017,185.8257598876953,202.26199340820312,0.0001782968029147014,159.56484985351562,179.92218017578125,0.8467925190925598,147.92556762695312,198.12686157226562,0.3897828459739685,177.20172119140625,195.8974609375,0.005168077070266008
1768,153.3988800048828,181.7161102294922,0.8240595459938049,185.66539001464844,181.7368621826172,0.01328242663294077,148.26629638671875,198.47349548339844,0.12152471393346786,147.1124267578125,198.5621795654297,0.012104387395083904,180.54806518554688,199.9775848388672,0.00022050878033041954,186.650146484375,202.0691375732422,0.00020598794799298048,159.7604217529297,179.81455993652344,0.8067598938941956,148.63827514648438,198.1990966796875,0.24884940683841705,177.76666259765625,196.5771484375,0.0021661731880158186
1769,153.11947631835938,181.90310668945312,0.8782766461372375,185.59930419921875,181.47056579589844,0.013617517426609993,148.2891387939453,198.80564880371094,0.1143612489104271,146.99827575683594,198.5841827392578,0.014577556401491165,180.4951934814453,199.68043518066406,0.00022761253057979047,186.25868225097656,201.87973022460938,0.00015971047105267644,159.80335998535156,179.89759826660156,0.7304511666297913,148.4734649658203,198.31365966796875,0.3360120356082916,177.6027374267578,196.4280242919922,0.0019013010896742344
1770,152.90272521972656,182.3183135986328,0.9339056611061096,185.78390502929688,181.8808135986328,0.005523646250367165,147.840576171875,199.39794921875,0.11299407482147217,146.6329345703125,199.03639221191406,0.011380319483578205,179.8355255126953,200.1826629638672,0.0002129120985046029,186.00279235839844,202.30836486816406,0.00016265729209408164,159.63243103027344,179.66766357421875,0.5574738383293152,148.06341552734375,198.22027587890625,0.2149946242570877,177.13565063476562,196.81869506835938,0.0010552156018093228
1771,153.5467071533203,182.20834350585938,0.7930650115013123,186.05532836914062,181.77439880371094,0.006140739656984806,148.55287170410156,199.25282287597656,0.13118262588977814,147.24986267089844,198.76766967773438,0.021440446376800537,185.3656005859375,201.16378784179688,0.00020733554265461862,186.0780029296875,202.3022003173828,0.00014602832379750907,159.5276336669922,180.0454559326172,0.6383888125419617,148.2603302001953,197.8201904296875,0.35779622197151184,177.11663818359375,196.54840087890625,0.0016540592769160867
1772,153.81317138671875,182.18321228027344,0.7096666693687439,186.32070922851562,181.6685028076172,0.009295374155044556,148.82635498046875,198.6798858642578,0.2514594495296478,147.33497619628906,198.32443237304688,0.05281491577625275,185.569580078125,200.99281311035156,0.0001870290288934484,186.15394592285156,202.2109832763672,0.00013852684060111642,159.6008758544922,179.9004364013672,0.755023181438446,148.74522399902344,197.5302276611328,0.509636402130127,177.2615509033203,196.4135284423828,0.001832484034821391
1773,153.7052001953125,182.457275390625,0.7445983290672302,186.28379821777344,181.80117797851562,0.007941990159451962,148.8863983154297,199.0624237060547,0.29255884885787964,147.40394592285156,198.80914306640625,0.07828199118375778,180.74073791503906,200.10885620117188,0.00020983946160413325,186.62442016601562,202.347412109375,0.00015282064850907773,159.68516540527344,179.72752380371094,0.6975877285003662,148.9377899169922,197.61094665527344,0.44963499903678894,177.29542541503906,196.0773162841797,0.0014566433383151889
1774,153.2828826904297,182.13429260253906,0.9100989103317261,186.07862854003906,182.0003662109375,0.01673009991645813,148.6193084716797,199.176513671875,0.31131884455680847,146.85574340820312,199.0214385986328,0.035201653838157654,180.54835510253906,199.57037353515625,0.0003478814905975014,186.88609313964844,202.0010986328125,0.00016453101125080138,159.78163146972656,179.77891540527344,0.7613051533699036,148.078125,198.07713317871094,0.4490180015563965,177.39207458496094,196.97984313964844,0.0022087355609983206
1775,153.3578643798828,182.113037109375,0.8904556632041931,185.73756408691406,181.92884826660156,0.008388604037463665,148.49684143066406,198.9833221435547,0.30252912640571594,146.9105682373047,198.84800720214844,0.03310311958193779,180.3994140625,199.63677978515625,0.00034285694709979,186.29373168945312,201.9915008544922,0.0001897454640129581,159.67559814453125,179.58901977539062,0.8405531644821167,148.04470825195312,197.8756561279297,0.435421884059906,177.03567504882812,196.3876953125,0.003957886248826981
1776,164.86488342285156,180.57711791992188,0.6229950189590454,186.82989501953125,180.97840881347656,0.031580887734889984,149.52207946777344,199.2501983642578,0.20867566764354706,147.9029083251953,198.93966674804688,0.024572808295488358,181.7896270751953,200.1619415283203,0.0003415082464925945,187.55885314941406,202.40499877929688,0.0002158316783607006,160.657470703125,179.99378967285156,0.8366746306419373,148.15469360351562,197.3934783935547,0.5803274512290955,178.88577270507812,196.47225952148438,0.004827063996344805
1777,151.64837646484375,183.69454956054688,0.6564138531684875,187.00389099121094,180.23875427246094,0.0716627761721611,149.67214965820312,199.31785583496094,0.23944559693336487,147.99118041992188,198.7533721923828,0.04469185322523117,182.0670928955078,200.1780548095703,0.0003537782176863402,188.0213623046875,202.2982177734375,0.00028313006623648107,161.27484130859375,179.7042694091797,0.7532410025596619,148.8076934814453,196.85630798339844,0.6723281145095825,179.4535675048828,196.42120361328125,0.004754385445266962
1778,164.69827270507812,180.7532501220703,0.707409143447876,187.18235778808594,180.08213806152344,0.07318869978189468,149.79696655273438,199.10443115234375,0.3288232088088989,148.01153564453125,198.57379150390625,0.06022602319717407,186.5395050048828,200.810791015625,0.0004009786352980882,188.16136169433594,202.1551971435547,0.00033878686372190714,161.6919403076172,179.6157989501953,0.7404261827468872,149.04270935058594,196.30699157714844,0.700160801410675,179.3957061767578,196.3639678955078,0.0045704832300543785
1779,164.55160522460938,180.4705047607422,0.6400794982910156,187.08169555664062,179.9769744873047,0.1349935084581375,149.33682250976562,199.4207000732422,0.1790800392627716,148.0167694091797,198.9164276123047,0.018551534041762352,182.00958251953125,199.7400360107422,0.0005202890606597066,188.21080017089844,201.66392517089844,0.00038424591184593737,161.1858367919922,179.62380981445312,0.8201976418495178,148.2510223388672,196.77294921875,0.5356627106666565,179.3441162109375,196.6086883544922,0.007754813879728317
1780,151.6414031982422,183.5350341796875,0.5664321780204773,187.15692138671875,180.51919555664062,0.04584749788045883,149.00213623046875,199.45518493652344,0.04616870358586311,148.585205078125,198.89260864257812,0.0053484379313886166,180.9352264404297,200.05560302734375,0.0003590951964724809,186.8735809326172,202.1229705810547,0.0003289588203188032,160.77825927734375,179.33233642578125,0.8070072531700134,148.31651306152344,196.5527801513672,0.24723607301712036,178.47267150878906,196.05393981933594,0.004547466989606619
1781,151.29495239257812,183.40773010253906,0.5349876284599304,186.6602783203125,180.85781860351562,0.020152214914560318,148.7118377685547,199.390869140625,0.02423742599785328,148.76092529296875,199.24725341796875,0.0028784875757992268,180.5795135498047,200.2042999267578,0.00034868106013163924,186.8422393798828,202.13589477539062,0.00029073210316710174,160.42074584960938,179.49269104003906,0.8734903335571289,148.3467559814453,196.7405548095703,0.20215995609760284,178.02197265625,196.0135498046875,0.006686595734208822
1782,165.08087158203125,181.07298278808594,0.516543447971344,187.0733184814453,180.8968505859375,0.019080976024270058,150.38250732421875,198.96311950683594,0.04300972819328308,149.79324340820312,198.40350341796875,0.013333244249224663,185.87347412109375,200.4853057861328,0.00024920233408920467,187.1180419921875,202.37112426757812,0.00022041353804524988,160.8591766357422,179.50877380371094,0.634122371673584,149.97154235839844,196.322998046875,0.20482760667800903,178.14979553222656,195.56668090820312,0.0015414291992783546
1783,164.94403076171875,181.19068908691406,0.7329227924346924,186.99546813964844,180.96255493164062,0.014238580130040646,150.40805053710938,199.04087829589844,0.0601772665977478,149.73648071289062,198.44456481933594,0.014193260110914707,185.931396484375,200.6562042236328,0.00031814721296541393,187.21437072753906,202.1894073486328,0.0002405506675131619,160.80093383789062,179.42166137695312,0.6590897440910339,149.6508331298828,196.3759765625,0.17583461105823517,178.01490783691406,195.86500549316406,0.0013564927503466606
1784,164.7486114501953,181.06434631347656,0.7216220498085022,186.9956512451172,181.33238220214844,0.012695981189608574,149.94642639160156,199.7769775390625,0.025783564895391464,149.6580352783203,199.43309020996094,0.006006037816405296,180.39756774902344,200.71102905273438,0.0003017476701643318,186.52328491210938,202.17575073242188,0.0002825559349730611,160.13156127929688,179.0514373779297,0.6789320707321167,149.2900848388672,196.45953369140625,0.11133665591478348,178.1776123046875,195.8156280517578,0.0014348870608955622
1785,164.79287719726562,181.2657470703125,0.7523683905601501,187.6316375732422,180.69265747070312,0.03285051882266998,150.18234252929688,199.6826171875,0.03444598615169525,149.64305114746094,199.05673217773438,0.01110517606139183,186.02676391601562,200.29379272460938,0.00020531499467324466,187.28713989257812,202.0856475830078,0.00022573400929104537,160.94979858398438,178.9752197265625,0.47700586915016174,149.80677795410156,195.95057678222656,0.15619440376758575,178.58795166015625,195.84408569335938,0.0007840780890546739
1786,164.56259155273438,181.3855743408203,0.7778355479240417,187.8911895751953,180.63153076171875,0.03789062052965164,150.3131561279297,199.66671752929688,0.04848667234182358,149.379150390625,199.2695770263672,0.01366459671407938,185.8898468017578,200.49317932128906,0.0002576598199084401,186.99705505371094,202.11131286621094,0.00023548783792648464,160.90243530273438,179.3238983154297,0.5119240880012512,150.12579345703125,196.11569213867188,0.1322544366121292,178.55455017089844,195.937255859375,0.0010130655718967319
1787,164.0954132080078,181.33815002441406,0.802558958530426,187.4745330810547,180.40847778320312,0.07539942115545273,150.57394409179688,199.44775390625,0.04265120252966881,149.67532348632812,199.1377716064453,0.012187941931188107,180.5777130126953,200.92347717285156,0.0004040342755615711,187.22547912597656,202.3406982421875,0.0004192621854599565,161.68209838867188,179.0328826904297,0.44896405935287476,150.44480895996094,195.7546844482422,0.106196828186512,181.5858917236328,198.9146728515625,0.0011309162946417928
1788,156.60592651367188,183.07342529296875,0.9175797700881958,188.09567260742188,181.0027618408203,0.06994684785604477,150.87779235839844,200.12950134277344,0.02905229479074478,149.71365356445312,200.17996215820312,0.008717233315110207,182.15121459960938,200.24063110351562,0.0001979571970878169,188.64227294921875,202.1632080078125,0.0001794353884179145,161.38723754882812,178.1012725830078,0.2599005401134491,150.0596466064453,196.388427734375,0.03425262123346329,179.2782440185547,196.70547485351562,0.0007583078695461154
1789,156.58251953125,183.39404296875,0.8814212083816528,187.74301147460938,181.13182067871094,0.02330794557929039,150.7783203125,199.9491424560547,0.045518919825553894,149.67098999023438,199.73887634277344,0.014980372972786427,186.2941131591797,200.54678344726562,0.00022295651433523744,187.78887939453125,201.99220275878906,0.00019155874906573445,160.78309631347656,178.54248046875,0.36997872591018677,149.7555694580078,196.40228271484375,0.04262916371226311,178.63858032226562,196.35736083984375,0.000905774359125644
1790,165.1327667236328,181.12796020507812,0.8850318789482117,187.58316040039062,181.467529296875,0.011542382650077343,153.0930938720703,201.44349670410156,0.052812542766332626,149.7793426513672,199.85699462890625,0.023928439244627953,186.0360870361328,200.84707641601562,0.00015030073700472713,187.75814819335938,202.7962646484375,0.00012280051305424422,160.62100219726562,178.72320556640625,0.29976391792297363,149.6962890625,196.20188903808594,0.08282092958688736,136.32647705078125,200.69642639160156,0.0004155219066888094
1791,164.94308471679688,181.2873077392578,0.8526695966720581,188.2135009765625,181.488525390625,0.012822173535823822,150.89999389648438,200.42616271972656,0.028268873691558838,149.8764190673828,200.2227783203125,0.012783259153366089,185.9572296142578,200.7620849609375,0.0001240851852344349,187.34982299804688,202.6197967529297,0.00011039420496672392,160.3504180908203,178.72434997558594,0.3143431544303894,149.62161254882812,195.7595977783203,0.058737870305776596,136.2212371826172,200.31129455566406,0.00040194287430495024
1792,165.2515869140625,181.46881103515625,0.8901343941688538,188.2868194580078,181.52200317382812,0.007094583939760923,151.0755615234375,200.5043487548828,0.02123505435883999,150.19561767578125,200.47695922851562,0.009041129611432552,186.0847625732422,201.2100372314453,0.00012147988309152424,187.84768676757812,202.9676055908203,8.81225714692846e-05,160.15065002441406,178.67527770996094,0.2730601727962494,149.7744140625,195.85482788085938,0.04344547167420387,136.13841247558594,200.28004455566406,0.0003296733775641769
1793,164.4493865966797,181.65142822265625,0.9154468178749084,188.88987731933594,181.6505584716797,0.01511205080896616,150.8562469482422,201.10682678222656,0.016935128718614578,149.9832305908203,200.94534301757812,0.003851688001304865,185.8600311279297,201.0720672607422,9.959003364201635e-05,187.53533935546875,203.00694274902344,6.351407500915229e-05,160.49212646484375,178.7024688720703,0.13847997784614563,150.01565551757812,196.2937469482422,0.028233380988240242,136.39471435546875,200.7972869873047,0.00022555995383299887
1794,164.3726806640625,181.88955688476562,0.9341195225715637,188.5612030029297,182.1083984375,0.0044461204670369625,152.60838317871094,202.76585388183594,0.014953692443668842,149.9256134033203,201.24925231933594,0.004025260452181101,185.7613067626953,201.5835418701172,9.877336560748518e-05,176.2615509033203,216.68258666992188,6.418285192921758e-05,160.59893798828125,178.58912658691406,0.0680212527513504,150.67733764648438,196.45372009277344,0.020083295181393623,135.96861267089844,201.3258514404297,0.0001680171408224851
1795,164.36488342285156,181.6376953125,0.9472016096115112,188.30857849121094,182.38209533691406,0.0033990745432674885,152.2012176513672,202.98114013671875,0.01250330451875925,149.7414093017578,201.21730041503906,0.003160761436447501,185.64816284179688,201.68289184570312,0.00015981864999048412,187.71340942382812,203.8089599609375,9.524627967039123e-05,160.18441772460938,178.40615844726562,0.06779800355434418,154.96791076660156,195.07284545898438,0.015429520048201084,136.12669372558594,201.94529724121094,0.00014237698633223772
1796,164.31492614746094,181.96853637695312,0.9740304946899414,189.0979766845703,182.25869750976562,0.004608093295246363,152.1011199951172,203.04649353027344,0.00942662637680769,149.48780822753906,201.24449157714844,0.0037164080422371626,185.97557067871094,201.80714416503906,0.00014772108988836408,176.85794067382812,216.0990753173828,0.0001434382429579273,160.27212524414062,178.26931762695312,0.04116200655698776,171.22674560546875,193.61306762695312,0.01570090837776661,140.4519805908203,190.58738708496094,0.0001306328340433538
1797,165.07083129882812,182.24563598632812,0.9726461172103882,183.3473358154297,199.3350830078125,0.005523140542209148,152.4019775390625,203.0103759765625,0.006163346581161022,149.67774963378906,200.96832275390625,0.003158992389217019,186.13604736328125,202.07896423339844,0.0001494770694989711,177.4879150390625,216.71360778808594,9.871960355667397e-05,160.09097290039062,178.25778198242188,0.06257253885269165,150.6162567138672,196.1575469970703,0.019064979627728462,135.91407775878906,201.413330078125,0.00019919149053748697
1798,164.62554931640625,181.73391723632812,0.9258203506469727,183.05665588378906,198.6369171142578,0.0045842272229492664,150.66607666015625,200.30435180664062,0.007111590355634689,149.5448455810547,200.3763885498047,0.002584086498245597,186.05661010742188,201.6492462158203,0.00010383569315308705,177.2694854736328,216.96388244628906,9.061521268449724e-05,160.43727111816406,178.62832641601562,0.17486776411533356,154.36865234375,194.9237823486328,0.041250746697187424,136.0062255859375,201.47801208496094,0.0001787434594007209
1799,164.93301391601562,181.73861694335938,0.920341968536377,182.91720581054688,198.44810485839844,0.00434054946526885,150.7324981689453,200.1931915283203,0.006820165552198887,149.68650817871094,200.24472045898438,0.002279232954606414,186.16754150390625,201.5895233154297,9.938805305864662e-05,188.80694580078125,203.4220733642578,7.083590026013553e-05,160.42312622070312,178.39456176757812,0.22954198718070984,154.15782165527344,195.0393524169922,0.05198512226343155,135.889404296875,201.23460388183594,0.00021111419482622296
1800,164.80946350097656,182.17950439453125,0.8829069137573242,182.24038696289062,199.79534912109375,0.002118442440405488,153.21603393554688,202.26922607421875,0.004623168148100376,145.64361572265625,197.7125701904297,0.005030272528529167,180.001220703125,202.3266143798828,6.610223499592394e-05,175.88929748535156,216.90945434570312,0.00013526038674172014,159.90382385253906,177.91329956054688,0.07796068489551544,155.4990234375,194.45901489257812,0.019814958795905113,138.88327026367188,189.865478515625,0.00021772577019874007
1801,164.12274169921875,181.7604217529297,0.9496447443962097,182.1732635498047,199.48992919921875,0.005984615068882704,151.90298461914062,202.5358428955078,0.002430444350466132,145.03375244140625,198.37986755371094,0.0016834144480526447,180.86114501953125,202.13967895507812,0.00010371574899181724,176.58273315429688,216.92733764648438,0.00016322311421390623,160.19752502441406,178.34805297851562,0.13074374198913574,154.86744689941406,194.61972045898438,0.01979215070605278,140.00238037109375,190.39564514160156,0.00014770051348023117
1802,164.0974578857422,181.41336059570312,0.9306943416595459,182.47381591796875,199.27371215820312,0.006879918742924929,151.31260681152344,200.1348114013672,0.002503626048564911,145.14752197265625,197.56951904296875,0.001538220327347517,181.11338806152344,201.88121032714844,9.047515777638182e-05,176.11138916015625,217.0645294189453,0.00011481375258881599,160.37965393066406,178.4629669189453,0.1595730483531952,154.98719787597656,195.02345275878906,0.0411875955760479,139.7987518310547,190.89707946777344,0.00012700463412329555
1803,164.46514892578125,181.35235595703125,0.9426658153533936,182.60903930664062,199.408447265625,0.005678762216120958,152.43508911132812,201.71473693847656,0.0014387696282938123,145.5277099609375,197.558837890625,0.002096776617690921,181.57351684570312,202.29010009765625,5.4811906011309475e-05,176.04226684570312,217.11703491210938,0.00017761299386620522,160.16384887695312,178.51954650878906,0.1384219229221344,154.75051879882812,194.50660705566406,0.04371684417128563,139.66111755371094,190.55960083007812,0.00015378219541162252
1804,165.07379150390625,181.10040283203125,0.8821259140968323,189.07675170898438,183.09130859375,0.0049704452976584435,159.15338134765625,199.79440307617188,0.003353145672008395,153.34751892089844,199.83921813964844,0.0020200181752443314,186.34402465820312,202.34945678710938,2.297186802024953e-05,175.52593994140625,217.56576538085938,0.00014923952403478324,160.12716674804688,178.32858276367188,0.021771566942334175,156.19091796875,194.4447021484375,0.03357938304543495,133.84042358398438,200.75241088867188,0.0001006300954031758
1805,165.021240234375,181.26417541503906,0.9815793037414551,189.53134155273438,183.18003845214844,0.014572270214557648,158.93833923339844,199.60939025878906,0.013545089401304722,153.30287170410156,199.7567901611328,0.013228963129222393,174.35528564453125,215.50143432617188,3.0865096050547436e-05,175.77474975585938,216.70596313476562,0.0002057824021903798,173.5394744873047,177.86257934570312,0.0168413445353508,171.55323791503906,193.96145629882812,0.018975144252181053,138.69345092773438,190.21157836914062,0.00013733578089158982
1806,165.02536010742188,181.14471435546875,0.9860292077064514,186.79922485351562,188.5285186767578,0.009944659657776356,159.213623046875,199.4104461669922,0.03183240070939064,153.08224487304688,199.29286193847656,0.036467887461185455,187.61505126953125,201.4309539794922,2.7750009394367225e-05,176.18670654296875,216.41461181640625,0.00014753569848835468,173.68136596679688,177.42022705078125,0.022578086704015732,171.04954528808594,193.8487091064453,0.020957298576831818,138.43792724609375,190.13169860839844,0.0002284456859342754
1807,164.52536010742188,181.97607421875,0.9801722168922424,186.7917022705078,188.24525451660156,0.00984724797308445,159.09451293945312,199.65200805664062,0.01690407656133175,153.13528442382812,199.6407470703125,0.014652621932327747,187.6083984375,201.8372039794922,3.205017128493637e-05,176.58338928222656,216.50946044921875,0.0001542090467410162,173.52528381347656,177.65704345703125,0.03354668617248535,156.9497528076172,195.45989990234375,0.02238396182656288,138.4123992919922,190.26956176757812,0.00016613856132607907
1808,164.93885803222656,182.1464385986328,0.991534948348999,194.16732788085938,187.04249572753906,0.017789825797080994,158.96669006347656,200.009033203125,0.010236483998596668,153.5934600830078,199.7798309326172,0.015062748454511166,208.99366760253906,207.449951171875,4.210322367725894e-05,176.65277099609375,216.55245971679688,0.00020718456653412431,203.81695556640625,181.8091278076172,0.030650638043880463,156.81637573242188,195.82278442382812,0.015835274010896683,215.7493133544922,200.77963256835938,0.0002858071820810437
1809,164.60458374023438,182.3589630126953,0.9817022085189819,186.84437561035156,188.69972229003906,0.011569327674806118,158.5526885986328,200.44717407226562,0.004859104752540588,153.26365661621094,200.20343017578125,0.004938845057040453,187.26512145996094,201.68301391601562,4.545193223748356e-05,176.69012451171875,216.50872802734375,0.00014125581947155297,172.7771759033203,177.52113342285156,0.0479126013815403,155.9842987060547,195.47792053222656,0.0212137121707201,215.61349487304688,200.78868103027344,0.0003785036678891629
1810,164.54769897460938,182.5545654296875,0.9914484620094299,194.14251708984375,186.8473663330078,0.01735401526093483,158.80572509765625,200.74981689453125,0.008037577383220196,153.4526824951172,200.38223266601562,0.008739251643419266,175.4004364013672,214.27162170410156,4.863386493525468e-05,176.8248748779297,216.3415069580078,0.00018089399964082986,203.43368530273438,181.43487548828125,0.06576940417289734,156.20596313476562,195.61009216308594,0.015038580633699894,215.75149536132812,200.90118408203125,0.0004251078062225133
1811,165.06622314453125,182.70501708984375,0.9890390634536743,194.66458129882812,186.68641662597656,0.050573814660310745,158.62428283691406,200.66712951660156,0.004932084586471319,153.54666137695312,200.10301208496094,0.005974926985800266,209.17381286621094,206.9224395751953,6.573933205800131e-05,218.6493682861328,210.06700134277344,0.0002008382580243051,204.0847930908203,181.71142578125,0.20986777544021606,156.12510681152344,195.84481811523438,0.016682874411344528,216.3006591796875,200.73817443847656,0.0005292761488817632
1812,165.12904357910156,181.38916015625,0.98604416847229,186.64576721191406,188.41749572753906,0.008579179644584656,158.55845642089844,199.93109130859375,0.004475068300962448,153.60772705078125,199.5836944580078,0.03362063318490982,185.70384216308594,201.00503540039062,8.604092727182433e-05,187.64370727539062,202.75408935546875,9.826671885093674e-05,173.43963623046875,177.2700653076172,0.04219737648963928,171.20494079589844,193.5785369873047,0.011966412886977196,137.81549072265625,189.73255920410156,0.00031778952688910067
1813,164.86749267578125,181.5200653076172,0.9868342280387878,194.95457458496094,186.8743438720703,0.014801337383687496,158.60643005371094,199.9569549560547,0.004673255607485771,153.52076721191406,199.61351013183594,0.03151066228747368,185.80616760253906,201.44110107421875,7.169277523644269e-05,218.70523071289062,210.80589294433594,0.0001222506834892556,208.9484100341797,182.6422576904297,0.03990742191672325,171.4344482421875,193.73594665527344,0.01992926001548767,137.88365173339844,190.2713165283203,0.00017919018864631653
1814,164.75357055664062,181.88958740234375,0.9897268414497375,195.31045532226562,187.5131378173828,0.029261356219649315,159.24110412597656,200.2846221923828,0.007499844301491976,154.3094482421875,199.79002380371094,0.04218225181102753,209.6595916748047,206.8496551513672,5.262657577986829e-05,187.5108184814453,203.93272399902344,0.00024419857072643936,210.11810302734375,183.40309143066406,0.07722972333431244,171.75621032714844,194.01974487304688,0.013665283098816872,137.99549865722656,190.18434143066406,0.0001851577399065718
1815,164.85914611816406,181.4410858154297,0.9795781970024109,202.31842041015625,182.17327880859375,0.04539496451616287,159.68605041503906,200.00059509277344,0.0071486313827335835,154.53549194335938,199.70143127441406,0.05440184473991394,209.78709411621094,206.39088439941406,0.00010630806355038658,219.0477294921875,210.6631317138672,0.0003845831088256091,209.92982482910156,182.3050537109375,0.3538886308670044,171.55108642578125,193.90052795410156,0.014432373456656933,137.97056579589844,189.82217407226562,0.00021377440134529024
1816,164.54701232910156,181.3128204345703,0.9887580871582031,196.72531127929688,181.98464965820312,0.06498046219348907,159.56167602539062,200.0228271484375,0.00873158872127533,154.4211883544922,199.78048706054688,0.1008194088935852,209.9618682861328,206.64102172851562,0.00011757428001146764,219.1844940185547,210.82269287109375,0.0003291219472885132,209.8189697265625,182.2790069580078,0.4200894236564636,171.96701049804688,193.76002502441406,0.01643962413072586,137.69493103027344,190.0109100341797,0.00026418420020490885
1817,164.18275451660156,181.95640563964844,0.992642343044281,196.49485778808594,181.57164001464844,0.10593322664499283,153.627197265625,198.01983642578125,0.008571931160986423,152.9566192626953,200.1205291748047,0.043640315532684326,186.55795288085938,201.00656127929688,0.00015964194608386606,219.72930908203125,211.35549926757812,0.00023887696443125606,209.23031616210938,182.11135864257812,0.8060423135757446,171.4991912841797,194.4010009765625,0.03211774677038193,137.92196655273438,189.88870239257812,0.00036551489029079676
1818,156.245849609375,182.18051147460938,0.9824270009994507,202.013916015625,181.5641326904297,0.08694431930780411,148.68624877929688,197.59408569335938,0.0006506401114165783,151.8746337890625,199.8792724609375,0.0007186917937360704,181.55430603027344,201.36276245117188,0.0002682044869288802,218.99130249023438,211.01019287109375,0.00020140012202318758,171.49295043945312,178.12454223632812,0.5903240442276001,154.69239807128906,195.76052856445312,0.07450586557388306,198.65444946289062,201.1473846435547,0.00030223571229726076
1819,156.44488525390625,181.81924438476562,0.9795150756835938,201.9998016357422,181.7519989013672,0.03560122102499008,148.8578643798828,198.42916870117188,0.0027145682834088802,145.8683624267578,198.02561950683594,0.002534959465265274,185.93406677246094,200.23997497558594,0.0001842549827415496,177.6287078857422,216.11138916015625,0.00018631297280080616,172.82579040527344,177.76138305664062,0.3455762267112732,155.11195373535156,195.60874938964844,0.07489468157291412,139.3938751220703,190.12095642089844,0.0001524566177977249
1820,157.20980834960938,184.07884216308594,0.9742984175682068,201.87896728515625,181.32720947265625,0.05124066397547722,149.75030517578125,200.59786987304688,0.001810391084291041,146.02914428710938,198.01556396484375,0.0021263922099024057,182.5384063720703,201.11395263671875,0.0001657712709857151,182.81747436523438,201.80262756347656,0.00018927799828816205,208.86915588378906,181.07408142089844,0.5334222316741943,155.33705139160156,195.5249481201172,0.05580634996294975,139.48410034179688,190.0684814453125,0.00016164410044439137
1821,156.73324584960938,182.1873016357422,0.9485582113265991,201.9341278076172,180.85275268554688,0.0580381341278553,149.81951904296875,200.08518981933594,0.003346348414197564,145.6766815185547,197.6338348388672,0.0014788827393203974,182.39761352539062,200.8402862548828,0.00022419138986151665,187.22930908203125,202.1001739501953,0.0001799837191356346,208.93214416503906,180.77459716796875,0.5052000880241394,154.79539489746094,195.49876403808594,0.09941070526838303,179.87391662597656,196.1068572998047,0.0002939148398581892
1822,163.85755920410156,182.24008178710938,0.9232181906700134,202.17039489746094,180.83871459960938,0.07745055854320526,149.63015747070312,200.6497802734375,0.0026625089813023806,145.9326934814453,197.97996520996094,0.001190430368296802,185.81605529785156,200.37413024902344,0.00025563398958183825,187.0543975830078,202.10357666015625,0.00019849490490742028,209.1666259765625,180.6271514892578,0.6365874409675598,154.73423767089844,195.3235626220703,0.06175215169787407,179.746337890625,195.87527465820312,0.0004077010089531541
1823,156.4505157470703,182.49819946289062,0.923741340637207,202.22666931152344,180.16456604003906,0.17097899317741394,149.7264862060547,200.7792510986328,0.003995254170149565,149.27420043945312,201.22398376464844,0.0008137619588524103,182.33847045898438,200.5602569580078,0.00024444947484880686,220.321044921875,211.09060668945312,0.0001663520815782249,209.08798217773438,180.55397033691406,0.9402183890342712,154.56723022460938,195.5142059326172,0.09334288537502289,200.1197509765625,199.9366455078125,0.0007729241042397916
1824,156.85891723632812,182.26986694335938,0.9521479606628418,195.13795471191406,179.79881286621094,0.1451559215784073,157.35194396972656,200.25979614257812,0.003517764387652278,145.32461547851562,198.5335235595703,0.0011407933197915554,187.09210205078125,200.23081970214844,0.0003287556755822152,188.56463623046875,201.31698608398438,0.0001417557505192235,204.11485290527344,179.76498413085938,0.9506540894508362,153.97093200683594,195.9258270263672,0.09757313877344131,180.63906860351562,197.22215270996094,0.0013684617588296533
1825,156.29171752929688,182.44241333007812,0.9044354557991028,194.572021484375,179.2503204345703,0.04990338906645775,149.06222534179688,199.73101806640625,0.015411312691867352,148.16836547851562,200.00982666015625,0.0036162864416837692,186.41004943847656,200.79884338378906,0.0002937674580607563,187.0283660888672,201.50918579101562,0.00015679385978728533,160.35025024414062,179.5678253173828,0.8299354314804077,153.59654235839844,195.9084930419922,0.25225794315338135,179.80223083496094,197.1020050048828,0.0024244380183517933
1826,156.2627716064453,182.01080322265625,0.9474256634712219,195.0326690673828,178.5035858154297,0.1118764579296112,149.03201293945312,199.78135681152344,0.02883145958185196,144.4650115966797,197.58563232421875,0.004265270661562681,186.44403076171875,200.93785095214844,0.0003978499735239893,187.0604705810547,201.20791625976562,0.0002103663282468915,203.978759765625,178.81089782714844,0.9612919092178345,153.99229431152344,196.599365234375,0.17016778886318207,179.7956085205078,197.1456756591797,0.002426843624562025
1827,153.65081787109375,182.81344604492188,0.9382508397102356,195.06710815429688,177.54022216796875,0.12250249087810516,148.83547973632812,199.6326904296875,0.03449135273694992,148.16213989257812,199.48670959472656,0.003789174370467663,186.79942321777344,200.1217041015625,0.0003333887434564531,187.26702880859375,200.69139099121094,0.00020000088261440396,203.38365173339844,177.7664337158203,0.9776150584220886,154.08628845214844,196.60240173339844,0.2905479669570923,179.64869689941406,197.09918212890625,0.003455573692917824
1828,156.1488494873047,182.32369995117188,0.8580399751663208,195.50160217285156,177.2664794921875,0.2835749387741089,149.2716522216797,199.3888702392578,0.028524475172162056,148.6536102294922,199.10821533203125,0.0046212393790483475,187.25106811523438,199.7861328125,0.0003738989762496203,187.65223693847656,200.64529418945312,0.00020854159083683044,203.4906005859375,177.33795166015625,0.9943618774414062,153.97418212890625,196.3391571044922,0.38347509503364563,180.0211181640625,196.86752319335938,0.002718695905059576
1829,156.43319702148438,182.3578338623047,0.8581777215003967,195.7602081298828,177.36927795410156,0.1613929122686386,149.4437255859375,199.71336364746094,0.01297943014651537,148.97706604003906,199.53091430664062,0.0025570173747837543,187.2125701904297,199.798583984375,0.00041654432425275445,187.96047973632812,200.71194458007812,0.00022344128228724003,204.8373260498047,177.9844207763672,0.9742465019226074,153.39517211914062,196.42233276367188,0.2890009582042694,180.21292114257812,196.6641845703125,0.0037746443413197994
1830,155.9307861328125,182.25811767578125,0.8764675855636597,195.95819091796875,176.92861938476562,0.23020339012145996,149.43795776367188,199.82925415039062,0.007732244674116373,149.06784057617188,199.75669860839844,0.0013756270054727793,187.06797790527344,199.51397705078125,0.0004535991174634546,221.2967071533203,210.77813720703125,0.0003377756802365184,205.2023162841797,177.42813110351562,0.9898375272750854,154.31881713867188,196.11773681640625,0.23845286667346954,204.3651123046875,198.8541717529297,0.004022229928523302
1831,156.17140197753906,182.6009979248047,0.848067581653595,196.97727966308594,176.7428436279297,0.35634103417396545,150.61917114257812,201.79872131347656,0.004034774377942085,151.5757293701172,200.03353881835938,0.000806995143648237,187.33677673339844,199.4196014404297,0.0005685255164280534,221.6708221435547,210.1890411376953,0.0004906426765955985,209.60989379882812,176.63424682617188,0.988815426826477,195.26719665527344,195.2771759033203,0.1560385823249817,204.52383422851562,198.6485137939453,0.004956216551363468
1832,156.11599731445312,182.6588897705078,0.8228444457054138,196.7971954345703,176.75070190429688,0.3525364100933075,149.793212890625,199.80960083007812,0.003955202642828226,149.2582244873047,200.24951171875,0.0007581470999866724,187.6168212890625,199.55514526367188,0.0005464642308652401,221.80050659179688,210.3314208984375,0.0005817131022922695,209.42369079589844,176.6894073486328,0.993878960609436,154.74044799804688,195.80450439453125,0.19780269265174866,204.84750366210938,199.11746215820312,0.005519391503185034
1833,155.7316436767578,182.57395935058594,0.8353651165962219,197.35166931152344,177.02557373046875,0.32641148567199707,149.964599609375,200.50355529785156,0.0032951743341982365,149.4447479248047,200.79840087890625,0.0007330641383305192,187.55824279785156,199.69818115234375,0.0004462188226170838,221.84597778320312,210.3896484375,0.0005049993051216006,209.96539306640625,176.7118682861328,0.9923589825630188,155.2700958251953,195.39492797851562,0.1665828973054886,204.8643035888672,199.27247619628906,0.004117721691727638
1834,163.35934448242188,182.3499298095703,0.8878219723701477,197.64663696289062,177.36573791503906,0.5641139149665833,158.59420776367188,200.47265625,0.00589545164257288,152.62051391601562,200.27413940429688,0.0014429421862587333,211.16165161132812,205.7768096923828,0.0006010285578668118,222.2658233642578,209.92715454101562,0.0006235440378077328,210.2624053955078,176.83258056640625,0.9971465468406677,155.7156524658203,195.69313049316406,0.26189374923706055,222.0177001953125,198.97508239746094,0.0074926456436514854
1835,157.97528076171875,184.18272399902344,0.9697856307029724,196.06321716308594,177.7689971923828,0.5037104487419128,158.99172973632812,199.36404418945312,0.01001027598977089,153.18580627441406,199.4166717529297,0.011970259249210358,211.3349609375,206.16116333007812,0.0004102602833881974,188.9736785888672,201.99188232421875,0.00021728382853325456,208.59481811523438,177.35345458984375,0.996742308139801,157.5494842529297,195.7884979248047,0.16905687749385834,222.01535034179688,199.48353576660156,0.007566964253783226
1836,159.015380859375,183.81187438964844,0.9444474577903748,196.8999481201172,178.58615112304688,0.12752705812454224,159.18768310546875,199.1004180908203,0.008355553261935711,153.39683532714844,199.26023864746094,0.014164905995130539,187.29159545898438,194.25881958007812,0.0003646794066298753,187.3634796142578,201.5094757080078,0.0005094878142699599,211.03121948242188,179.08682250976562,0.967587947845459,170.78976440429688,194.86509704589844,0.11953068524599075,200.939208984375,198.94195556640625,0.0014375033788383007
1837,164.21449279785156,182.02224731445312,0.9394457340240479,203.6889190673828,179.36502075195312,0.06401903182268143,159.2978057861328,199.91552734375,0.0032563135027885437,154.10702514648438,199.5113525390625,0.011689681559801102,187.00357055664062,194.6959228515625,0.00039858397212810814,187.80972290039062,202.18408203125,0.0007079310016706586,212.16522216796875,179.1002655029297,0.9523981809616089,170.62730407714844,193.8375701904297,0.06957264989614487,200.53233337402344,198.7451171875,0.0022666016593575478
1838,165.27333068847656,181.74984741210938,0.9661298394203186,196.90403747558594,179.6732940673828,0.1543102264404297,159.17764282226562,199.93324279785156,0.008955368772149086,153.86358642578125,199.5270538330078,0.016557959839701653,211.9368133544922,205.69290161132812,0.00034259853418916464,222.8136749267578,210.96263122558594,0.0005027822335250676,211.91966247558594,179.63726806640625,0.9887838959693909,169.45164489746094,194.95578002929688,0.11840708553791046,199.99346923828125,198.90811157226562,0.0026203677989542484
1839,165.5539093017578,182.06838989257812,0.9614687561988831,204.6689453125,179.85055541992188,0.0956154391169548,159.8042449951172,199.8291015625,0.013947353698313236,154.00146484375,199.4342803955078,0.02208840474486351,218.927734375,211.24679565429688,0.00044120688107796013,188.11671447753906,202.34963989257812,0.0006993258139118552,215.36734008789062,179.20950317382812,0.9966369867324829,162.1639404296875,195.78244018554688,0.2356366515159607,200.3729705810547,199.11964416503906,0.006050168536603451
1840,165.61083984375,181.97186279296875,0.9660658836364746,198.34866333007812,179.71160888671875,0.21250608563423157,159.55235290527344,200.24563598632812,0.010075023397803307,154.5970458984375,199.73117065429688,0.014411212876439095,219.45867919921875,211.12754821777344,0.0007390634855255485,188.22581481933594,202.7384033203125,0.0011689355596899986,214.9119415283203,179.5162353515625,0.9992400407791138,169.74441528320312,194.43605041503906,0.17789332568645477,199.91856384277344,199.64736938476562,0.0053351931273937225
1841,166.2369842529297,182.3944549560547,0.9890875816345215,204.83456420898438,180.713134765625,0.27068644762039185,159.55015563964844,201.1091766357422,0.014483589679002762,154.60646057128906,200.4644317626953,0.015074809081852436,219.0384979248047,211.42530822753906,0.0007280649151653051,188.67691040039062,202.93914794921875,0.0013644087594002485,215.13299560546875,179.54666137695312,0.9986820816993713,170.39942932128906,194.7404327392578,0.08575111627578735,199.01235961914062,200.33958435058594,0.003330112202093005
1842,166.36280822753906,182.27992248535156,0.9958853125572205,203.85165405273438,181.58050537109375,0.28287848830223083,160.03927612304688,200.93531799316406,0.02046079933643341,154.55581665039062,200.09320068359375,0.01386642549186945,218.44068908691406,211.62359619140625,0.001062722411006689,222.44859313964844,210.58071899414062,0.0009253721218556166,214.79957580566406,180.0553436279297,0.9851607084274292,170.5116424560547,194.7418670654297,0.057996101677417755,198.69993591308594,200.28732299804688,0.002271988894790411
1843,166.98291015625,183.56260681152344,0.9937677383422852,204.02728271484375,182.0623321533203,0.42210817337036133,161.04539489746094,201.18385314941406,0.029239624738693237,155.4883575439453,200.1239013671875,0.014148342423141003,219.39385986328125,210.75595092773438,0.001315414672717452,191.03964233398438,203.528564453125,0.0008707701344974339,214.95028686523438,180.07945251464844,0.9918859004974365,170.92665100097656,194.41506958007812,0.04576701670885086,220.4999542236328,203.4490203857422,0.0029179451521486044
1844,167.7450714111328,183.70823669433594,0.9972406625747681,204.16893005371094,182.39303588867188,0.40784651041030884,160.96044921875,201.35812377929688,0.01105168554931879,155.57589721679688,200.30624389648438,0.0074839345179498196,219.85179138183594,210.35638427734375,0.0015416471287608147,191.55133056640625,202.96450805664062,0.0005409051082096994,215.7146453857422,180.80043029785156,0.9963072538375854,161.16009521484375,193.76754760742188,0.02792263962328434,221.21206665039062,203.30108642578125,0.0025751390494406223
1845,168.1167449951172,183.51730346679688,0.9988296627998352,203.75559997558594,182.22918701171875,0.500302791595459,161.07447814941406,200.84219360351562,0.021117515861988068,155.29742431640625,199.95895385742188,0.012759638950228691,220.10745239257812,210.0475311279297,0.0010937867918983102,191.58599853515625,202.79934692382812,0.0007088180282153189,215.32440185546875,180.9401397705078,0.997510552406311,171.59715270996094,195.14414978027344,0.030321860685944557,221.5063934326172,203.52035522460938,0.0021944332402199507
1846,168.51808166503906,183.2974090576172,0.992388904094696,203.54959106445312,182.01145935058594,0.3994065523147583,161.52865600585938,198.69342041015625,0.01589672826230526,157.00521850585938,200.11306762695312,0.004880846012383699,204.91371154785156,200.01425170898438,0.0008663053740747273,191.2786865234375,203.37705993652344,0.0005230113747529685,214.44183349609375,181.2048797607422,0.9968844056129456,161.18614196777344,193.5687255859375,0.03056979551911354,221.63160705566406,203.75758361816406,0.0017219678265973926
1847,168.34922790527344,183.13746643066406,0.9962193369865417,203.41946411132812,182.41259765625,0.2317742258310318,161.68197631835938,198.89523315429688,0.003091490129008889,156.86558532714844,200.58712768554688,0.0016856276197358966,219.14627075195312,210.5479278564453,0.0006807164754718542,191.01934814453125,204.16993713378906,0.0010601433459669352,214.55406188964844,180.8026580810547,0.9682140946388245,160.98431396484375,193.45213317871094,0.020754700526595116,216.93524169921875,218.12770080566406,0.0013395854039117694
1848,169.82366943359375,182.41677856445312,0.9972277283668518,204.10531616210938,183.26210021972656,0.3831576108932495,162.49362182617188,199.19920349121094,0.005047743674367666,157.72216796875,200.45547485351562,0.0067092981189489365,219.40985107421875,210.679443359375,0.0008543964358977973,191.94090270996094,204.2904052734375,0.0008378072525374591,216.50013732910156,181.44921875,0.985112726688385,214.5284881591797,201.4116973876953,0.030420390889048576,218.0901336669922,217.42440795898438,0.0013589502777904272
1849,172.02537536621094,183.23324584960938,0.9980151653289795,205.0027313232422,183.01116943359375,0.30611535906791687,162.86167907714844,199.37899780273438,0.0037470576353371143,158.18081665039062,201.03582763671875,0.005267743952572346,197.51390075683594,200.59169006347656,0.0013873818097636104,193.3689727783203,204.2814483642578,0.0006156640010885894,217.212158203125,181.05943298339844,0.9889835715293884,212.3556671142578,196.5921173095703,0.022320538759231567,217.48728942871094,218.3000030517578,0.0037190434522926807
1850,172.19508361816406,183.33749389648438,0.998671293258667,205.35452270507812,183.59555053710938,0.3896661400794983,163.04783630371094,199.18255615234375,0.0018493612296879292,156.82345581054688,197.460205078125,0.0039270962588489056,220.30569458007812,209.9638671875,0.001401470392011106,192.49722290039062,204.47779846191406,0.000685929786413908,217.3505859375,181.43377685546875,0.9976262450218201,211.967529296875,197.33486938476562,0.018809188157320023,217.7711181640625,218.46963500976562,0.003734112251549959
1851,172.95001220703125,184.2711181640625,0.9863889813423157,209.42034912109375,182.00706481933594,0.12200901657342911,166.86228942871094,195.90243530273438,0.0001404864015057683,169.3463592529297,200.29971313476562,0.003045157063752413,221.01303100585938,209.97561645507812,0.0012941035674884915,191.27362060546875,204.08544921875,0.0009748942102305591,218.03805541992188,180.38919067382812,0.9773075580596924,213.52371215820312,196.58029174804688,0.0317201241850853,218.3071746826172,218.3252410888672,0.001411660574376583
1852,175.7013397216797,183.10769653320312,0.9979678988456726,210.53834533691406,183.93946838378906,0.04594123736023903,166.3443145751953,195.73065185546875,0.0002842370595317334,168.44674682617188,199.7109375,0.0012674374738708138,185.69891357421875,215.8003387451172,0.00020646773918997496,192.2381134033203,205.03878784179688,0.00029271849780343473,221.0286865234375,182.83334350585938,0.4509754180908203,222.28526306152344,198.50172424316406,0.006498048081994057,216.58087158203125,220.0416717529297,0.00022043204808142036
1853,177.17481994628906,183.24867248535156,0.9977436065673828,213.0108642578125,183.64964294433594,0.5458669662475586,168.30616760253906,195.564208984375,0.00042768241837620735,169.23382568359375,199.2979278564453,0.0026215531397610903,219.1396942138672,208.63949584960938,0.00039753018063493073,191.76547241210938,203.8703155517578,0.00021920513245277107,227.08094787597656,184.82720947265625,0.986062228679657,215.3450927734375,199.2487030029297,0.08778803050518036,219.85047912597656,218.4508056640625,0.00034125614911317825
1854,180.5702362060547,182.5634002685547,0.9999258518218994,213.62005615234375,184.3373260498047,0.994594395160675,176.9033660888672,197.057373046875,0.010238763876259327,170.8397674560547,198.08135986328125,0.16677768528461456,221.9496612548828,206.2276153564453,0.0005100855487398803,184.39683532714844,203.08421325683594,0.0006981624756008387,228.96519470214844,186.13812255859375,0.9998639822006226,214.4929656982422,202.34701538085938,0.5429330468177795,240.2918701171875,213.55075073242188,0.0009270351147279143
1855,179.80047607421875,183.17845153808594,0.9998643398284912,214.68638610839844,185.1211395263672,0.9916850328445435,189.91204833984375,198.78770446777344,0.017643602564930916,170.07276916503906,199.45533752441406,0.025679903104901314,222.75148010253906,205.67929077148438,0.0007925032405182719,185.41749572753906,205.27243041992188,0.0007705226307734847,229.95445251464844,187.29994201660156,0.9998809099197388,214.99423217773438,202.64723205566406,0.3063848316669464,240.76609802246094,213.68971252441406,0.004579357802867889
1856,180.2271728515625,183.19107055664062,0.9999339580535889,215.6092529296875,187.14796447753906,0.9699760675430298,189.40260314941406,199.59165954589844,0.0035428383853286505,170.3112030029297,199.7633819580078,0.03147510811686516,221.8013458251953,205.4356689453125,0.0007225332665257156,226.734375,208.7521514892578,0.0003368989855516702,231.4158477783203,187.67367553710938,0.9996623992919922,219.20297241210938,203.90016174316406,0.23219327628612518,240.31008911132812,214.19900512695312,0.0008396078483201563
1857,182.20399475097656,183.53366088867188,0.9999467134475708,218.36383056640625,187.9867401123047,0.9589998126029968,188.2789306640625,199.28805541992188,0.035082221031188965,171.4853057861328,200.4964599609375,0.1072377935051918,178.3798370361328,207.5952606201172,0.0001412276760675013,178.79246520996094,207.86085510253906,0.000357056938810274,233.4984130859375,190.32559204101562,0.9936331510543823,221.59532165527344,203.9839630126953,0.13414931297302246,170.39639282226562,192.50543212890625,5.719462569686584e-05
1858,184.6184844970703,184.3691864013672,0.9988551139831543,220.06759643554688,188.88389587402344,0.8067145347595215,191.0607452392578,200.03587341308594,0.003304150654003024,177.99546813964844,199.84652709960938,0.04264857992529869,219.33566284179688,205.348876953125,5.936266461503692e-05,176.4298553466797,194.6378631591797,0.00013106765982229263,235.8870849609375,191.78427124023438,0.9762349128723145,221.9315643310547,203.41989135742188,0.08240705728530884,168.8726043701172,191.23915100097656,6.605535600101575e-05
1859,192.87425231933594,186.0396270751953,0.9997856020927429,225.55026245117188,191.53598022460938,0.9800891876220703,191.3521270751953,201.7073974609375,0.03375418484210968,183.89430236816406,199.7225341796875,0.605659008026123,222.93165588378906,196.4219970703125,4.149721280555241e-05,194.94345092773438,196.3114471435547,0.0002574000391177833,238.8620147705078,194.8181915283203,0.9941750168800354,225.3448944091797,205.4521942138672,0.07092743366956711,169.14491271972656,191.40908813476562,0.0001445388188585639
1860,194.73048400878906,187.9068145751953,0.9958058595657349,227.87814331054688,193.26747131347656,0.5958235263824463,195.42514038085938,202.53851318359375,0.0006305414717644453,187.06460571289062,199.44110107421875,0.28088676929473877,2.145900249481201,250.6007843017578,1.2431065442797262e-05,193.77395629882812,196.032470703125,0.00015261313819792122,242.01535034179688,196.20335388183594,0.8522287607192993,225.00253295898438,204.54566955566406,0.03613583371043205,168.14512634277344,190.4458465576172,4.602479748427868e-05
1861,197.19097900390625,190.3643035888672,0.985980749130249,229.33216857910156,194.3785858154297,0.0648178905248642,202.6787872314453,202.26512145996094,0.0001260572753380984,188.14793395996094,200.21768188476562,0.005491490475833416,202.77163696289062,217.59954833984375,1.9778441128437407e-05,192.52294921875,194.83804321289062,7.601863035233691e-05,247.07887268066406,199.47735595703125,0.2653249204158783,226.56968688964844,203.93511962890625,0.005034885369241238,184.81146240234375,191.9991455078125,5.027434235671535e-05
1862,201.44102478027344,196.53378295898438,0.7547001242637634,228.63023376464844,200.3314971923828,0.0002477836678735912,210.1372833251953,212.93856811523438,5.739343578170519e-06,203.15052795410156,199.61961364746094,0.0004088222631253302,203.1658172607422,219.17979431152344,1.817141310311854e-05,222.87525939941406,216.4169158935547,4.179400275461376e-05,205.7830352783203,190.00038146972656,6.479739386122674e-05,224.4973907470703,205.15199279785156,0.0005442651454359293,180.29910278320312,223.8252716064453,1.3939941709395498e-05
1863,214.24078369140625,198.00503540039062,0.9939174056053162,229.66998291015625,208.56521606445312,0.03368173912167549,211.90391540527344,211.46153259277344,0.24092179536819458,205.43592834472656,206.0828094482422,0.3975890874862671,223.56060791015625,217.8704376220703,0.00011034895578632131,226.31039428710938,214.22445678710938,0.000557839113753289,239.2646484375,207.24038696289062,0.0004589991003740579,222.04466247558594,206.42926025390625,0.000647054344881326,186.6810760498047,251.5155029296875,8.002616232261062e-05
1864,218.4010009765625,206.80015563964844,0.007983468472957611,248.45664978027344,253.03404235839844,1.6692854842403904e-05,220.11985778808594,213.15711975097656,0.00028038572054356337,214.26551818847656,209.8265838623047,0.007961192168295383,1.9647161960601807,250.3651580810547,1.0607309377519414e-05,220.33567810058594,219.1183624267578,0.00011643492325674742,1.4200093746185303,252.0157012939453,1.8075075786327943e-05,260.91522216796875,232.6162109375,2.9213502784841694e-05,195.8729248046875,206.09677124023438,5.0685397582128644e-05
1865,218.6126708984375,209.48609924316406,0.003181508043780923,230.99156188964844,266.5721435546875,3.0175380743457936e-05,221.88284301757812,216.6308135986328,5.2182062063366175e-05,221.61404418945312,212.21578979492188,0.0009016889380291104,2.8395626544952393,234.51271057128906,1.027398138830904e-05,237.1667022705078,267.9543151855469,5.313635119819082e-05,267.234130859375,268.8183898925781,2.0224961190251634e-05,223.27806091308594,202.73468017578125,0.00010004550131270662,215.11215209960938,203.6342315673828,1.3504581147572026e-05
1866,107.80718231201172,307.6412048339844,1.3046672393102199e-05,265.1622009277344,268.3135070800781,1.540153425594326e-05,188.7002410888672,283.79498291015625,2.1519846995943226e-05,-0.5566802024841309,284.513916015625,9.049172149389051e-06,2.758319854736328,234.52304077148438,1.0943005690933205e-05,141.4636688232422,300.1401062011719,9.641022188588977e-06,1.3530313968658447,252.1717529296875,1.6213025446631946e-05,178.54705810546875,205.01437377929688,1.4189402463671286e-05,-1.4021778106689453,249.5880889892578,3.9868441490398254e-06
1867,107.86336517333984,307.33819580078125,1.1205072951270267e-05,249.40040588378906,268.61248779296875,1.1534546501934528e-05,201.7714080810547,282.61029052734375,3.2728727092035115e-05,-0.6403670310974121,284.494140625,8.76427202456398e-06,2.6980879306793213,234.56492614746094,1.043060819938546e-05,207.7327423095703,279.0310363769531,8.516429261362646e-06,1.3655204772949219,252.07823181152344,1.8349750462220982e-05,177.81231689453125,205.34959411621094,9.125887117988896e-06,-1.3042197227478027,249.5586395263672,4.151018401898909e-06
1868,107.92129516601562,307.0461730957031,7.836286386009306e-06,232.81036376953125,267.00872802734375,3.3817123039625585e-06,201.68385314941406,281.7184143066406,2.6954156055580825e-05,-0.6528182029724121,284.47955322265625,1.0098084203491453e-05,2.7316832542419434,234.55145263671875,1.043704560288461e-05,221.398193359375,269.36492919921875,7.647317943337839e-06,1.4542686939239502,252.13919067382812,1.8699369320529513e-05,211.83718872070312,203.20059204101562,1.1487190022307914e-05,-1.2500638961791992,249.6625213623047,4.69751239506877e-06
1869,220.05941772460938,274.50506591796875,8.541831448383164e-06,233.2036590576172,266.5108947753906,2.7735609364754055e-06,202.85032653808594,281.9239501953125,6.576099167432403e-06,-0.6735682487487793,284.506103515625,1.2816873095289338e-05,2.091590642929077,250.39158630371094,9.174841579806525e-06,221.67074584960938,269.22259521484375,1.0439494872116484e-05,1.5046141147613525,252.19387817382812,2.181123272748664e-05,211.71298217773438,202.95191955566406,6.499542450910667e-06,199.82151794433594,246.3658905029297,7.046171958791092e-06
1870,219.87364196777344,274.0664367675781,7.206561804196099e-06,248.40988159179688,268.26947021484375,2.704757434912608e-06,202.35781860351562,281.53143310546875,1.075597174349241e-05,146.13424682617188,263.24542236328125,1.6074236555141397e-05,2.8237318992614746,234.40895080566406,1.163468277809443e-05,221.5427703857422,268.6234130859375,1.1432751307438593e-05,1.5092158317565918,252.3075714111328,2.209707599831745e-05,225.03390502929688,260.4586181640625,6.5223362071265e-06,200.3644561767578,246.051513671875,8.595060535299126e-06
1871,161.9830780029297,258.20330810546875,5.56274208065588e-05,138.82029724121094,266.24603271484375,4.731949957204051e-06,201.7728271484375,281.46173095703125,2.8350852517178282e-05,156.33221435546875,267.57330322265625,0.0002901118714362383,2.7658731937408447,234.517578125,1.2181785677967127e-05,140.4837646484375,299.897216796875,1.0328966709494125e-05,1.5102427005767822,252.24136352539062,1.8726066628005356e-05,225.8362274169922,260.20367431640625,7.452330009982688e-06,-1.2886581420898438,249.5667724609375,4.257211458025267e-06
1872,166.5522918701172,249.4095001220703,0.9979504942893982,155.59422302246094,274.2183532714844,0.9892585873603821,156.34242248535156,262.5519104003906,0.14220650494098663,152.1938018798828,258.392578125,0.6784613728523254,179.12905883789062,269.26513671875,0.0005841054953634739,192.21542358398438,270.1448974609375,0.0077092694118618965,153.58103942871094,280.5207214355469,0.010915390215814114,149.96124267578125,257.3807373046875,9.35743228183128e-05,159.8268585205078,243.2594451904297,8.551962673664093e-05
1873,178.28170776367188,244.7902069091797,0.9116103053092957,167.05128479003906,271.5782470703125,0.90938800573349,168.40077209472656,262.7977600097656,0.9955020546913147,160.74261474609375,261.5552062988281,0.9997989535331726,198.2860565185547,268.4158630371094,0.0005543800070881844,204.77232360839844,268.8258972167969,0.017863372340798378,159.55897521972656,277.82421875,0.0035175401717424393,212.22813415527344,257.8253479003906,0.0002362069790251553,136.99505615234375,280.9653625488281,0.0003625098615884781
1874,177.6962127685547,239.96585083007812,0.28644859790802,165.09982299804688,270.3849182128906,0.6627757549285889,172.3170166015625,252.54583740234375,0.6583852767944336,164.09715270996094,256.1548767089844,0.9474594593048096,201.6343536376953,266.3475646972656,0.000164951357874088,206.93118286132812,265.194091796875,0.0013722411822527647,163.26156616210938,277.1222839355469,0.0007747587515041232,213.75003051757812,262.70379638671875,7.391542749246582e-05,140.2223663330078,285.0000305175781,0.0001581354154041037
1875,176.24166870117188,237.7572784423828,0.19165222346782684,164.46653747558594,270.3952331542969,0.18514209985733032,170.6017608642578,251.36740112304688,0.11719279736280441,163.61558532714844,259.7135314941406,0.07847609370946884,158.56146240234375,265.411865234375,0.00011934088252019137,205.25299072265625,264.7945556640625,0.0030028822366148233,139.75132751464844,276.5805969238281,0.0014090045588091016,227.1280059814453,271.20758056640625,8.330127457156777e-05,138.3788604736328,276.70391845703125,0.0004685285675805062
1876,177.29275512695312,239.7478485107422,0.3787534832954407,167.36668395996094,269.65740966796875,0.3301883041858673,168.0917205810547,256.70062255859375,0.9620294570922852,162.9655303955078,257.0550842285156,0.9779730439186096,200.1703643798828,260.72186279296875,0.00019612989854067564,198.22018432617188,260.23486328125,0.0030062617734074593,250.35604858398438,268.44683837890625,0.0012032997328788042,213.0027313232422,260.7752380371094,0.00017065850261133164,139.93319702148438,274.923583984375,3.614965680753812e-05
1877,177.94857788085938,245.48240661621094,6.451550143538043e-05,250.56849670410156,267.2955017089844,2.884955029003322e-05,173.25941467285156,253.73373413085938,0.00015558218001388013,160.6284637451172,260.4296569824219,0.0001983596448553726,1.9403064250946045,250.40162658691406,8.827065357763786e-06,135.98434448242188,266.98699951171875,8.602416528447066e-06,1.5506932735443115,252.10906982421875,1.6657773812767118e-05,176.85293579101562,247.8292999267578,3.866844053845853e-06,-1.512594223022461,249.46627807617188,4.551128313323716e-06
1878,174.7357635498047,255.2055206298828,0.00020475528435781598,139.94400024414062,268.86614990234375,5.25567629665602e-05,171.3203125,264.7236022949219,0.000797473534476012,150.88058471679688,268.78271484375,0.0010050609707832336,172.1932830810547,267.54034423828125,1.93373689398868e-05,193.5062713623047,266.8988952636719,0.00016565766418352723,1.5655426979064941,252.05580139160156,1.94663334696088e-05,175.27169799804688,247.37112426757812,5.233928732195636e-06,-1.3930931091308594,249.4826202392578,5.102247541799443e-06
1879,162.82310485839844,257.9286193847656,3.4383454476483166e-05,139.6339111328125,268.3069763183594,2.8276999728404917e-05,185.9711456298828,266.1500244140625,3.158966501359828e-05,142.29299926757812,269.0783386230469,0.00010084546374855563,1.8914456367492676,250.4361572265625,9.624532140151132e-06,190.75914001464844,268.0478820800781,2.2159749278216623e-05,1.6030991077423096,252.16305541992188,2.2066476958571002e-05,211.43873596191406,259.27520751953125,6.0478460000013e-06,-1.340632438659668,249.61122131347656,5.731199053116143e-06
1880,219.9353485107422,306.6639709472656,6.383368599927053e-06,139.58250427246094,267.3920593261719,3.442610704951221e-06,187.14930725097656,266.5610656738281,8.654149496578611e-06,-0.6937236785888672,284.5492248535156,7.515780907851877e-06,1.9655776023864746,250.43585205078125,9.686105840955861e-06,189.96023559570312,268.8370361328125,8.690654794918373e-06,1.646573781967163,252.18692016601562,2.243066774099134e-05,211.9392547607422,258.9388427734375,7.05780030330061e-06,-1.2902350425720215,249.62014770507812,6.175644557515625e-06
1881,219.92466735839844,306.4083251953125,4.7629541768401396e-06,139.95654296875,267.07733154296875,8.638514373160433e-06,-2.20405912399292,250.90431213378906,3.6985800306865713e-06,155.41879272460938,267.3214416503906,1.584318306413479e-05,2.085031032562256,250.50341796875,8.046858056331985e-06,189.51654052734375,268.0950622558594,7.681151146243792e-06,1.649348258972168,252.18077087402344,1.7242882677237503e-05,179.15744018554688,204.01795959472656,2.606595671750256e-06,-1.3017773628234863,249.5143280029297,5.083897121949121e-06
1882,172.4951171875,258.80694580078125,8.715055628272239e-06,139.86087036132812,267.7331848144531,1.6313295418513007e-05,170.4999237060547,265.2854309082031,7.675798769923858e-06,156.05178833007812,268.8834533691406,2.0574194422806613e-05,2.871013641357422,234.44659423828125,9.370807674713433e-06,190.54629516601562,268.30047607421875,1.065611832018476e-05,1.660660982131958,252.2360382080078,1.872881875897292e-05,229.46560668945312,245.82470703125,4.320180323702516e-06,-1.2975053787231445,249.38999938964844,5.119271918374579e-06
1883,218.28744506835938,259.7027893066406,6.118948931543855e-06,140.0838623046875,267.6632995605469,7.063159955578158e-06,185.359130859375,266.09185791015625,5.601208158623194e-06,184.90589904785156,268.4869384765625,1.196719767904142e-05,1.8149223327636719,250.43771362304688,9.690032129583415e-06,191.30996704101562,267.4755554199219,1.6085494280559942e-05,1.5600881576538086,252.38771057128906,2.441759716020897e-05,229.40292358398438,245.65142822265625,4.909274139208719e-06,-1.3170819282531738,249.5451202392578,6.834272426203825e-06
1884,174.03216552734375,259.33380126953125,3.509158705128357e-05,140.59461975097656,267.6742248535156,9.423844858247321e-06,171.85073852539062,266.08502197265625,2.2981905203778297e-05,169.68576049804688,267.91943359375,3.341281626489945e-05,187.0338897705078,268.672607421875,1.769222399161663e-05,191.44650268554688,268.6231994628906,6.656476762145758e-05,1.550732135772705,252.23760986328125,2.7499820134835318e-05,149.685546875,271.08355712890625,4.79358504890115e-06,-1.1401605606079102,249.54278564453125,5.068734935775865e-06
